Charm++: standalone mode (not using charmrun)
Charm++> Running in Multicore mode: 8 threads (PEs)
Charm++> Using recursive bisection (scheme 3) for topology aware partitions
Converse/Charm++ Commit ID: 
CharmLB> Load balancer assumes all CPUs are same.
Charm++> cpu affinity enabled. 
Charm++> Running on 1 hosts (1 sockets x 12 cores x 1 PUs = 20-way SMP)
Charm++> cpu topology info is gathered in 0.000 seconds.
Info: Built with CUDA version 11080
Pe 7 physical rank 7 will use CUDA device of pe 4
Pe 2 physical rank 2 will use CUDA device of pe 4
Pe 0 physical rank 0 will use CUDA device of pe 4
Pe 5 physical rank 5 will use CUDA device of pe 4
Pe 6 physical rank 6 will use CUDA device of pe 4
Pe 3 physical rank 3 will use CUDA device of pe 4
Pe 1 physical rank 1 will use CUDA device of pe 4
Pe 4 physical rank 4 binding to CUDA device 0 on greedo: 'NVIDIA GeForce RTX 3060'  Mem: 12015MB  Rev: 8.6  PCI: 0:1:0
CharmLB> Load balancing instrumentation for communication is off.
Info: NAMD 3.0.2 for Linux-x86_64-multicore-CUDA
Info: 
Info: Please visit http://www.ks.uiuc.edu/Research/namd/
Info: for updates, documentation, and support information.
Info: 
Info: Please cite Phillips et al., J. Chem. Phys. 153:044130 (2020) doi:10.1063/5.0014475
Info: in all publications reporting results obtained with NAMD.
Info: 
Info: Based on Charm++/Converse 80000 for multicore-linux-x86_64-gcc
Info: Built Wed Aug 27 15:48:11 CDT 2025 by dhardy on athine.ks.uiuc.edu
Info: 1 NAMD  3.0.2  Linux-x86_64-multicore-CUDA  8    greedo  gespinoza
Info: Running on 8 processors, 1 nodes, 1 physical nodes.
Info: CPU topology information available.
Info: Charm++/Converse parallel runtime startup completed at 0.111141 s
CkLoopLib is used in SMP with simple dynamic scheduling (converse-level notification)
Info: 0 MB of memory in use based on /proc/self/stat
Info: Configuration file is 02_eq_pamam_4_CLKWWW.0.namd
Info: Working in the current directory /mnt/data/Londro/CLK-peptids/4_CLKWWW/namd
TCL: Suspending until startup complete.
Info: EXTENDED SYSTEM FILE   ../output/01_min_4_CLKWWW.0.restart.xsc
Info: Tuning parameters to improve GPU-resident performance
Warning: The Langevin gamma parameters differ over the particles,
Warning: requiring extra work per step to constrain rigid bonds.
Warning: Disabling lonepair support due to incompatability with GPU-resident.
Info: Running with GPU-resident mode
Warning: Always using force tables for GPU nonbonded kernel due to unsupported config parameters.
Info: SIMULATION PARAMETERS:
Info: TIMESTEP               4
Info: NUMBER OF STEPS        5000000
Info: STEPS PER CYCLE        10
Info: PERIODIC CELL BASIS 1  50.463 0 0
Info: PERIODIC CELL BASIS 2  0 54.107 0
Info: PERIODIC CELL BASIS 3  0 0 74.103
Info: PERIODIC CELL CENTER   0 0 0
Info: WRAPPING ALL CLUSTERS AROUND PERIODIC BOUNDARIES ON OUTPUT.
Info: WRAPPING TO IMAGE NEAREST TO PERIODIC CELL CENTER.
Info: LOAD BALANCER  Centralized
Info: LOAD BALANCING STRATEGY  New Load Balancers -- DEFAULT
Info: LDB PERIOD             2000 steps
Info: FIRST LDB TIMESTEP     50
Info: LAST LDB TIMESTEP     -1
Info: LDB BACKGROUND SCALING 1
Info: HOM BACKGROUND SCALING 1
Info: PME BACKGROUND SCALING 1
Info: MIN ATOMS PER PATCH    40
Info: EMPTY PATCH LOAD       40 ATOMS
Info: VELOCITY FILE          ../output/01_min_4_CLKWWW.0.restart.vel
Info: CENTER OF MASS MOVING INITIALLY? YES
Info: DIELECTRIC             1
Info: EXCLUDE                SCALED ONE-FOUR
Info: 1-4 ELECTROSTATICS SCALED BY 1
Info: MODIFIED 1-4 VDW PARAMETERS WILL BE USED
Info: DCD FILENAME           ../output/02_eq_4_CLKWWW.0.dcd
Info: DCD FREQUENCY          10000
Info: DCD FIRST STEP         10000
Info: DCD FILE WILL CONTAIN UNIT CELL DATA
Info: XST FILENAME           ../output/02_eq_4_CLKWWW.0.xst
Info: XST FREQUENCY          10000
Info: NO VELOCITY DCD OUTPUT
Info: NO FORCE DCD OUTPUT
Info: OUTPUT FILENAME        ../output/02_eq_4_CLKWWW.0
Info: BINARY OUTPUT FILES WILL BE USED
Info: RESTART FILENAME       ../output/02_eq_4_CLKWWW.0.restart
Info: RESTART FREQUENCY      10000
Info: BINARY RESTART FILES WILL BE USED
Info: SWITCHING ACTIVE
Info: VDW FORCE SWITCHING ACTIVE
Info: SWITCHING ON           8
Info: SWITCHING OFF          9
Info: PAIRLIST DISTANCE      11
Info: PAIRLIST SHRINK RATE   0.01
Info: PAIRLIST GROW RATE     0.01
Info: PAIRLIST TRIGGER       0.3
Info: PAIRLISTS PER CYCLE    2
Info: PAIRLISTS ENABLED
Info: MARGIN                 4
Info: HYDROGEN GROUP CUTOFF  2.5
Info: PATCH DIMENSION        17.5
Info: ENERGY OUTPUT STEPS    10000
Info: ENERGY EVALUATION STEPS    10000
Info: OUTPUT ENERGY PRECISION 4
Info: CROSSTERM ENERGY INCLUDED IN DIHEDRAL
Info: TIMING OUTPUT STEPS    10000
Info: PRESSURE OUTPUT STEPS  10000
Info: LANGEVIN DYNAMICS ACTIVE
Info: LANGEVIN TEMPERATURE   300
Info: LANGEVIN USING BBK INTEGRATOR
Info: LANGEVIN DAMPING COEFFICIENT IS 1 INVERSE PS
Info: LANGEVIN DYNAMICS NOT APPLIED TO HYDROGENS
Info: LANGEVIN PISTON PRESSURE CONTROL ACTIVE
Info:        TARGET PRESSURE IS 1.01325 BAR
Info:     OSCILLATION PERIOD IS 400 FS
Info:             DECAY TIME IS 300 FS
Info:     PISTON TEMPERATURE IS 300 K
Info:       PRESSURE CONTROL IS GROUP-BASED
Info:    INITIAL STRAIN RATE IS 0 0 0
Info:       CELL FLUCTUATION IS ANISOTROPIC
Info:     SHAPE OF CELL IS CONSTRAINED IN X-Y PLANE
Info: PARTICLE MESH EWALD (PME) ACTIVE
Info: PME TOLERANCE               1e-06
Info: PME EWALD COEFFICIENT       0.348832
Info: PME INTERPOLATION ORDER     4
Info: PME GRID DIMENSIONS         44 48 64
Info: PME MAXIMUM GRID SPACING    1.2
Info: PME CALCULATION WILL BE PERFORMED ON GPU
Info: FULL ELECTROSTATIC EVALUATION FREQUENCY      1
Info: USING VERLET I (r-RESPA) MTS SCHEME.
Info: C1 SPLITTING OF LONG RANGE ELECTROSTATICS
Info: PLACING ATOMS IN PATCHES BY HYDROGEN GROUPS
Info: RIGID BONDS TO HYDROGEN : ALL
Info:         ERROR TOLERANCE : 1e-08
Info:          MAX ITERATIONS : 100
Info: RIGID WATER USING SETTLE ALGORITHM
Info: RANDOM NUMBER SEED     1768686685
Info: USE HYDROGEN BONDS?    NO
Info: COORDINATE PDB         ../build/final-sist-4_CLKWWW_ion.pdb
Info: STRUCTURE FILE         ../build/repart_4_CLKWWW.psf
Info: PARAMETER file: CHARMM format! 
Info: PARAMETERS             ../parameters/par_all36_prot_lipid_water_ions.prm
Info: PARAMETERS             ../parameters/par_all36_prot_lipid_water_ions_hyp.prm
Info: PARAMETERS             ../parameters/par_all36_cgenff.prm
Info: PARAMETERS             ../parameters/par_all36_prot.prm
Info: PARAMETERS             ../parameters/toppar_water_ions_cgenff.str
Info: PARAMETERS             ../parameters/par_interface.prm
Info: PARAMETERS             ../parameters/par_all36_carb.prm
Info: PARAMETERS             ../parameters/par_all36_na.prm
Info: PARAMETERS             ../parameters/par_all36_cgenff_edit_gold.prm
Info: USING ARITHMETIC MEAN TO COMBINE L-J SIGMA PARAMETERS
Info: BINARY COORDINATES     ../output/01_min_4_CLKWWW.0.restart.coor
Info: SKIPPING rtf SECTION IN STREAM FILE

Warning: DUPLICATE BOND ENTRY FOR CG2O7-OG2D5
PREVIOUS VALUES  k=986  x0=1.16
   USING VALUES  k=986  x0=1.17

Warning: DUPLICATE BOND ENTRY FOR CG331-NG2S3
PREVIOUS VALUES  k=261  x0=1.49
   USING VALUES  k=266  x0=1.46

Warning: DUPLICATE DIHEDRAL ENTRY FOR CG2R61-CG2R61-OG301-CG331
PREVIOUS VALUES MULTIPLICITY: 1
  k=1.74  n=2  delta=180
Warning: IDENTICAL PERIODICITY! REPLACING OLD VALUES BY: 
  k=1.58  n=2  delta=180
Warning: DUPLICATE vdW ENTRY FOR CG1T1
PREVIOUS VALUES  sigma=3.33196 epsilon=0.17 sigma14=3.33196 epsilon14=0.17
   USING VALUES  sigma=3.27851 epsilon=0.167 sigma14=3.27851 epsilon14=0.167
Warning: DUPLICATE vdW ENTRY FOR CLGR1
PREVIOUS VALUES  sigma=3.43887 epsilon=0.32 sigma14=3.43887 epsilon14=0.32
   USING VALUES  sigma=3.31414 epsilon=0.23 sigma14=3.31414 epsilon14=0.23
Warning: DUPLICATE vdW ENTRY FOR BRGR1
PREVIOUS VALUES  sigma=3.68832 epsilon=0.42 sigma14=3.68832 epsilon14=0.42
   USING VALUES  sigma=3.52796 epsilon=0.32 sigma14=3.52796 epsilon14=0.32
Warning: DUPLICATE vdW ENTRY FOR IGR1
PREVIOUS VALUES  sigma=3.90214 epsilon=0.55 sigma14=3.90214 epsilon14=0.55
   USING VALUES  sigma=3.99123 epsilon=0.52 sigma14=3.99123 epsilon14=0.52
Info: SUMMARY OF PARAMETERS:
Info: 2648 BONDS
Info: 10579 ANGLES
Info: 37618 DIHEDRAL
Info: 737 IMPROPER
Info: 18 CROSSTERM
Info: 802 VDW
Info: 77 VDW_PAIRS
Info: 0 NBTHOLE_PAIRS
Info: TIME FOR READING PSF FILE: 0.0788419
Info: Reading pdb file ../build/final-sist-4_CLKWWW_ion.pdb
Info: TIME FOR READING PDB FILE: 0.0102472
Info: 
Info: ****************************
Info: STRUCTURE SUMMARY:
Info: 16976 ATOMS
Info: 9780 BONDS
Info: 5059 ANGLES
Info: 353 DIHEDRALS
Info: 11 IMPROPERS
Info: 4 CROSSTERMS
Info: 0 EXCLUSIONS
Info: 14533 RIGID BONDS
Info: 36395 DEGREES OF FREEDOM
Info: 7267 HYDROGEN GROUPS
Info: 4 ATOMS IN LARGEST HYDROGEN GROUP
Info: 7267 MIGRATION GROUPS
Info: 4 ATOMS IN LARGEST MIGRATION GROUP
Info: TOTAL MASS = 555855 amu
Info: TOTAL CHARGE = 1.30385e-08 e
Info: MASS DENSITY = 4.56203 g/cm^3
Info: ATOM DENSITY = 0.0839021 atoms/A^3
Info: *****************************
Info: Reading from binary file ../output/01_min_4_CLKWWW.0.restart.coor
Info: 
Info: Entering startup at 2.12775 s, 0 MB of memory in use
Info: Startup phase 0 took 4.7202e-05 s, 0 MB of memory in use
Info: ADDED 15168 IMPLICIT EXCLUSIONS
Info: Startup phase 1 took 0.00913622 s, 0 MB of memory in use
Info: NONBONDED TABLE R-SQUARED SPACING: 0.0625
Info: NONBONDED TABLE SIZE: 705 POINTS
Info: INCONSISTENCY IN FAST TABLE ENERGY VS FORCE: 0.000290481 AT 0.251946
Info: INCONSISTENCY IN SCOR TABLE ENERGY VS FORCE: 0.000238233 AT 8.9687
Info: INCONSISTENCY IN VDWA TABLE ENERGY VS FORCE: 0.0040507 AT 0.251946
Info: ABSOLUTE IMPRECISION IN VDWB TABLE ENERGY: 2.06795e-25 AT 8.99653
Info: RELATIVE IMPRECISION IN VDWB TABLE ENERGY: 1.11702e-16 AT 8.99653
Info: INCONSISTENCY IN VDWB TABLE ENERGY VS FORCE: 0.00150189 AT 0.251946
Info: Startup phase 2 took 0.00315441 s, 0 MB of memory in use
Info: Startup phase 3 took 3.1745e-05 s, 0 MB of memory in use
Info: Startup phase 4 took 0.000116043 s, 0 MB of memory in use
Info: Startup phase 5 took 3.3359e-05 s, 0 MB of memory in use
Info: PATCH GRID IS 2 (PERIODIC) BY 3 (PERIODIC) BY 4 (PERIODIC)
Info: PATCH GRID IS 1-AWAY BY 1-AWAY BY 1-AWAY
Info: Reading from binary file ../output/01_min_4_CLKWWW.0.restart.vel
Info: LARGEST PATCH (22) HAS 816 ATOMS
Info: TORUS A SIZE 1 USING 0
Info: TORUS B SIZE 1 USING 0
Info: TORUS C SIZE 1 USING 0
Info: TORUS MINIMAL MESH SIZE IS 1 BY 1 BY 1
Info: Placed 100% of base nodes on same physical node as patch
Info: Startup phase 6 took 0.00450101 s, 0 MB of memory in use
Info: Use 3D box decompostion in PME FFT.
Info: PME using 1 x 1 x 1 pencil grid for FFT and reciprocal sum.
Info: Startup phase 7 took 8.6766e-05 s, 0 MB of memory in use
Info: Updated CUDA force table with 4096 elements.
Info: Updated CUDA LJ table with 484 x 484 elements.
Info: Startup phase 8 took 0.00213926 s, 0 MB of memory in use
Info: Startup phase 9 took 3.5509e-05 s, 0 MB of memory in use
Info: Startup phase 10 took 2.7547e-05 s, 0 MB of memory in use
Info: Startup phase 11 took 0.00160782 s, 0 MB of memory in use
LDB: Central LB being created...
Info: Startup phase 12 took 0.00127837 s, 0 MB of memory in use
Info: CREATING 568 COMPUTE OBJECTS
Info: Found 66 unique exclusion lists needing 172 bytes
Info: useSync: 0 useProxySync: 0
Info: Startup phase 13 took 0.0106913 s, 0 MB of memory in use
Info: Startup phase 14 took 3.731e-05 s, 0 MB of memory in use
Info: Startup phase 15 took 1.1614e-05 s, 0 MB of memory in use
Info: Finished startup at 2.16069 s, 0 MB of memory in use

PRESSURE: 0 14890.9 4.65844 -0.479261 4.65826 9448.54 72.7492 -0.477449 72.7485 -4887.28
GPRESSURE: 0 14890.8 4.68726 -0.654235 4.70872 9448.62 72.6608 -0.279608 72.6844 -4887.26
ETITLE:      TS           BOND          ANGLE          DIHED          IMPRP               ELECT            VDW       BOUNDARY           MISC        KINETIC               TOTAL           TEMP      POTENTIAL       TOTALAVG        TEMPAVG            PRESSURE      GPRESSURE         VOLUME       PRESSAVG      GPRESSAVG

ENERGY:       0         7.5821        28.3260        43.9872         0.3463         -65141.9216    -83808.7100         0.0000         0.0000         0.0000        -148870.3899         0.0000   -148870.3899   -148870.3899         0.0000           6484.0540      6484.0661    202330.9454      6484.0540      6484.0661

OPENING EXTENDED SYSTEM TRAJECTORY FILE
Info: Initial time: 8 CPUs 0.000975254 s/step 354.369 ns/day 0 MB memory
Info: Initial time: 8 CPUs 0.000928149 s/step 372.354 ns/day 0 MB memory
Info: Initial time: 8 CPUs 0.000926479 s/step 373.025 ns/day 0 MB memory
Info: Benchmark time: 8 CPUs 0.000946702 s/step 365.057 ns/day 0 MB memory
Info: Benchmark time: 8 CPUs 0.000941271 s/step 367.163 ns/day 0 MB memory
Info: Benchmark time: 8 CPUs 0.000949629 s/step 363.932 ns/day 0 MB memory
Info: Benchmark time: 8 CPUs 0.000941845 s/step 366.94 ns/day 0 MB memory
Info: Benchmark time: 8 CPUs 0.000952668 s/step 362.771 ns/day 0 MB memory
Info: Benchmark time: 8 CPUs 0.000947638 s/step 364.696 ns/day 0 MB memory
PRESSURE: 10000 1354.35 178.078 115.626 178.079 -1632.43 -514.699 115.627 -514.702 -661.754
GPRESSURE: 10000 1324.15 123.836 208.661 289.753 -1607.01 -487.546 25.2781 -547.675 -666.666
PRESSAVG: 10000 8122.62 91.3686 57.5748 91.3686 3908.05 -220.977 57.5748 -220.977 -2774.52
GPRESSAVG: 10000 8107.49 64.2615 104.004 147.231 3920.81 -207.443 12.4992 -237.495 -2776.96
TIMING: 10000  CPU: 9.00886, 0.00089856/step  Wall: 9.00731, 0.000898583/step, 384.605 ns/days, 1.24554 hours remaining, 0.000000 MB of memory in use.
PERFORMANCE: 10000  averaging 384.605 ns/day, 0.000898583 sec/step with standard deviation 0
ENERGY:   10000        34.7466        88.6450        58.0947         2.3822         -52331.0569    -85090.1482         0.0000         0.0000     10816.7052        -126420.6314       299.1188   -137237.3366   -137645.5106       149.5594           -313.2794      -316.5070    184627.7571      3085.3873      3083.7796

WRITING EXTENDED SYSTEM TO RESTART FILE AT STEP 10000
OPENING COORDINATE DCD FILE
WRITING COORDINATES TO DCD FILE ../output/02_eq_4_CLKWWW.0.dcd AT STEP 10000
WRITING COORDINATES TO RESTART FILE AT STEP 10000
FINISHED WRITING RESTART COORDINATES
The last position output (seq=10000) takes 0.001 seconds, 0.000 MB of memory in use
WRITING VELOCITIES TO RESTART FILE AT STEP 10000
FINISHED WRITING RESTART VELOCITIES
The last velocity output (seq=10000) takes 0.000 seconds, 0.000 MB of memory in use
PRESSURE: 20000 2472.5 -526.018 -373.965 -526.016 -1474.66 141.509 -373.965 141.507 -234.867
GPRESSURE: 20000 2442.89 -489.716 -419.499 -594.088 -1478.5 176.659 -335.883 178.696 -215.948
PRESSAVG: 20000 6239.25 -114.426 -86.2717 -114.426 2113.81 -100.149 -86.2717 -100.149 -1927.97
GPRESSAVG: 20000 6219.29 -120.398 -70.4971 -99.8753 2121.04 -79.4086 -103.628 -98.7647 -1923.29
TIMING: 20000  CPU: 17.9554, 0.000894655/step  Wall: 17.9541, 0.000894679/step, 386.284 ns/days, 1.23764 hours remaining, 0.000000 MB of memory in use.
PERFORMANCE: 20000  averaging 385.443 ns/day, 0.000896631 sec/step with standard deviation 2.76094e-06
ENERGY:   20000        31.0495        98.6920        60.9342         1.9181         -52268.6803    -85302.5143         0.0000         0.0000     10837.9606        -126540.6403       299.7065   -137378.6009   -133943.8872       199.6084            254.3244       249.4786    184048.9740      2141.6997      2139.0126

WRITING EXTENDED SYSTEM TO RESTART FILE AT STEP 20000
WRITING COORDINATES TO DCD FILE ../output/02_eq_4_CLKWWW.0.dcd AT STEP 20000
WRITING COORDINATES TO RESTART FILE AT STEP 20000
FINISHED WRITING RESTART COORDINATES
The last position output (seq=20000) takes 0.001 seconds, 0.000 MB of memory in use
WRITING VELOCITIES TO RESTART FILE AT STEP 20000
FINISHED WRITING RESTART VELOCITIES
The last velocity output (seq=20000) takes 0.000 seconds, 0.000 MB of memory in use
PRESSURE: 30000 1617.07 -168.237 203.691 -168.237 -1847.6 -282.808 203.689 -282.809 448.934
GPRESSURE: 30000 1531.56 -112.135 158.909 -263.769 -1815.95 -380.268 207.996 -252.023 502.254
PRESSAVG: 30000 5083.71 -127.879 -13.7816 -127.879 1123.46 -145.814 -13.7816 -145.814 -1333.74
GPRESSAVG: 30000 5047.36 -118.332 -13.1456 -140.849 1136.79 -154.624 -25.7221 -137.079 -1316.9
TIMING: 30000  CPU: 26.9194, 0.000896398/step  Wall: 26.9205, 0.000896639/step, 385.439 ns/days, 1.23786 hours remaining, 0.000000 MB of memory in use.
PERFORMANCE: 30000  averaging 385.442 ns/day, 0.000896634 sec/step with standard deviation 1.95228e-06
ENERGY:   30000        29.4372        79.6009        57.8564         1.6686         -52092.4039    -85281.3358         0.0000         0.0000     10701.2320        -126503.9447       295.9255   -137205.1766   -132083.9016       223.6877             72.8031        72.6222    184894.4678      1624.4755      1622.4150

WRITING EXTENDED SYSTEM TO RESTART FILE AT STEP 30000
WRITING COORDINATES TO DCD FILE ../output/02_eq_4_CLKWWW.0.dcd AT STEP 30000
WRITING COORDINATES TO RESTART FILE AT STEP 30000
FINISHED WRITING RESTART COORDINATES
The last position output (seq=30000) takes 0.001 seconds, 0.000 MB of memory in use
WRITING VELOCITIES TO RESTART FILE AT STEP 30000
FINISHED WRITING RESTART VELOCITIES
The last velocity output (seq=30000) takes 0.000 seconds, 0.000 MB of memory in use
PRESSURE: 40000 2344.09 24.4845 -138.669 24.483 -1558.91 -34.5253 -138.669 -34.5258 462.58
GPRESSURE: 40000 2408.17 17.2263 -124.017 53.4989 -1536.24 65.7278 -73.6562 -29.9893 376.684
PRESSAVG: 40000 4535.78 -97.4065 -38.7591 -97.4065 586.988 -123.556 -38.7591 -123.556 -974.477
GPRESSAVG: 40000 4519.52 -91.2203 -35.32 -101.979 602.186 -110.553 -35.3089 -115.661 -978.186
TIMING: 40000  CPU: 35.8884, 0.000896897/step  Wall: 35.8913, 0.000897077/step, 385.251 ns/days, 1.23597 hours remaining, 0.000000 MB of memory in use.
PERFORMANCE: 40000  averaging 385.394 ns/day, 0.000896745 sec/step with standard deviation 1.60935e-06
ENERGY:   40000        24.8774        80.9648        58.8705         1.9573         -52398.5989    -85160.3696         0.0000         0.0000     10659.0573        -126733.2412       294.7593   -137392.2985   -131013.7695       237.9020            415.9217       416.2066    184288.2784      1382.7648      1381.1733

WRITING EXTENDED SYSTEM TO RESTART FILE AT STEP 40000
WRITING COORDINATES TO DCD FILE ../output/02_eq_4_CLKWWW.0.dcd AT STEP 40000
WRITING COORDINATES TO RESTART FILE AT STEP 40000
FINISHED WRITING RESTART COORDINATES
The last position output (seq=40000) takes 0.001 seconds, 0.000 MB of memory in use
WRITING VELOCITIES TO RESTART FILE AT STEP 40000
FINISHED WRITING RESTART VELOCITIES
The last velocity output (seq=40000) takes 0.000 seconds, 0.000 MB of memory in use
PRESSURE: 50000 2514.9 34.5262 97.5716 34.5242 -1501.36 173.489 97.5727 173.489 18.883
GPRESSURE: 50000 2542.45 73.2159 130.914 160.567 -1525.83 127.065 90.638 286.6 22.7828
PRESSAVG: 50000 4198.97 -75.4181 -16.0371 -75.4181 238.93 -74.0485 -16.0371 -74.0485 -808.917
GPRESSAVG: 50000 4190.01 -63.8143 -7.61421 -58.2216 247.517 -70.9502 -14.3178 -48.6178 -811.358
TIMING: 50000  CPU: 44.8629, 0.000897454/step  Wall: 44.8662, 0.000897492/step, 385.073 ns/days, 1.23405 hours remaining, 0.000000 MB of memory in use.
PERFORMANCE: 50000  averaging 385.33 ns/day, 0.000896894 sec/step with standard deviation 1.43323e-06
ENERGY:   50000        26.4384        85.6499        55.7528         2.2138         -52171.1618    -85236.5110         0.0000         0.0000     10491.4512        -126746.1667       290.1244   -137237.6179   -130302.5024       246.6057            344.1401       346.4678    184924.8911      1209.6607      1208.7224

WRITING EXTENDED SYSTEM TO RESTART FILE AT STEP 50000
WRITING COORDINATES TO DCD FILE ../output/02_eq_4_CLKWWW.0.dcd AT STEP 50000
WRITING COORDINATES TO RESTART FILE AT STEP 50000
FINISHED WRITING RESTART COORDINATES
The last position output (seq=50000) takes 0.001 seconds, 0.000 MB of memory in use
WRITING VELOCITIES TO RESTART FILE AT STEP 50000
FINISHED WRITING RESTART VELOCITIES
The last velocity output (seq=50000) takes 0.000 seconds, 0.000 MB of memory in use
PRESSURE: 60000 2037.39 -169.219 212.013 -169.217 -1697.16 -270.32 212.017 -270.321 97.0914
GPRESSURE: 60000 2020.6 -134.778 181.431 -90.0536 -1671.17 -210.866 199.417 -429.346 94.6478
PRESSAVG: 60000 3890.17 -88.8179 16.5421 -88.8179 -37.654 -102.087 16.5421 -102.087 -679.487
GPRESSAVG: 60000 3880.09 -73.952 19.3922 -62.7691 -26.5809 -90.9381 16.2158 -103.008 -681.929
TIMING: 60000  CPU: 53.8295, 0.000896662/step  Wall: 53.8336, 0.000896739/step, 385.396 ns/days, 1.23053 hours remaining, 0.000000 MB of memory in use.
PERFORMANCE: 60000  averaging 385.341 ns/day, 0.000896868 sec/step with standard deviation 1.28347e-06
ENERGY:   60000        35.5157        79.5218        54.0518         2.0942         -52473.7890    -85065.8333         0.0000         0.0000     10787.0778        -126581.3609       298.2995   -137368.4388   -129770.9107       253.9906            145.7758       148.0265    183104.8757      1057.6771      1057.1944

WRITING EXTENDED SYSTEM TO RESTART FILE AT STEP 60000
WRITING COORDINATES TO DCD FILE ../output/02_eq_4_CLKWWW.0.dcd AT STEP 60000
WRITING COORDINATES TO RESTART FILE AT STEP 60000
FINISHED WRITING RESTART COORDINATES
The last position output (seq=60000) takes 0.001 seconds, 0.000 MB of memory in use
WRITING VELOCITIES TO RESTART FILE AT STEP 60000
FINISHED WRITING RESTART VELOCITIES
PRESSURE: 70000 2241.74 -30.4236 474.727 -30.4219 -1855.41 -0.47245 474.73 -0.470341 -911.318
GPRESSURE: 70000 2233.06 -66.2128 434.231 17.7975 -1851.9 62.3987 386.064 -104.457 -908.899
PRESSAVG: 70000 3684.12 -81.5184 73.8156 -81.5184 -264.873 -89.3853 73.8156 -89.3853 -708.466
GPRESSAVG: 70000 3674.21 -72.9846 71.247 -52.6982 -254.746 -71.771 62.4469 -103.189 -710.3
TIMING: 70000  CPU: 62.8097, 0.00089802/step  Wall: 62.8152, 0.000898158/step, 384.788 ns/days, 1.22998 hours remaining, 0.000000 MB of memory in use.
PERFORMANCE: 70000  averaging 385.262 ns/day, 0.000897053 sec/step with standard deviation 1.269e-06
ENERGY:   70000        36.2475        76.4349        58.9077         3.2993         -52304.5745    -85227.7335         0.0000         0.0000     10833.0119        -126524.4066       299.5697   -137357.4186   -129365.0977       259.6880           -174.9933      -175.9151    185633.8279       903.5933       903.0557

WRITING EXTENDED SYSTEM TO RESTART FILE AT STEP 70000
WRITING COORDINATES TO DCD FILE ../output/02_eq_4_CLKWWW.0.dcd AT STEP 70000
WRITING COORDINATES TO RESTART FILE AT STEP 70000
FINISHED WRITING RESTART COORDINATES
The last position output (seq=70000) takes 0.001 seconds, 0.000 MB of memory in use
WRITING VELOCITIES TO RESTART FILE AT STEP 70000
FINISHED WRITING RESTART VELOCITIES
PRESSURE: 80000 1912.3 -147.686 46.5595 -147.687 -1711.19 -55.9526 46.5598 -55.9545 -223.944
GPRESSURE: 80000 1839.55 -57.792 5.55141 -206.698 -1633.96 -130.604 76.8407 4.12631 -202.715
PRESSAVG: 80000 3487.25 -88.8705 70.7872 -88.8705 -425.575 -85.6708 70.7872 -85.6708 -654.63
GPRESSAVG: 80000 3470.36 -71.2965 63.9475 -69.8093 -407.992 -78.3081 64.0462 -91.2649 -653.902
TIMING: 80000  CPU: 71.7894, 0.000897967/step  Wall: 71.7977, 0.000898257/step, 384.745 ns/days, 1.22762 hours remaining, 0.000000 MB of memory in use.
PERFORMANCE: 80000  averaging 385.197 ns/day, 0.000897203 sec/step with standard deviation 1.24965e-06
ENERGY:   80000        34.1854        76.7608        56.4062         2.5095         -52216.5886    -85352.3202         0.0000         0.0000     10895.5230        -126503.5240       301.2983   -137399.0469   -129047.1451       264.3113             -7.6140         0.9583    183880.4742       802.3481       802.8227

WRITING EXTENDED SYSTEM TO RESTART FILE AT STEP 80000
WRITING COORDINATES TO DCD FILE ../output/02_eq_4_CLKWWW.0.dcd AT STEP 80000
WRITING COORDINATES TO RESTART FILE AT STEP 80000
FINISHED WRITING RESTART COORDINATES
The last position output (seq=80000) takes 0.001 seconds, 0.000 MB of memory in use
WRITING VELOCITIES TO RESTART FILE AT STEP 80000
FINISHED WRITING RESTART VELOCITIES
PRESSURE: 90000 1995.73 -30.8109 -272.997 -30.8118 -1749.61 -200.159 -272.997 -200.157 406.661
GPRESSURE: 90000 2006.79 -151.56 -262.554 12.8734 -1764.67 -217.455 -197.46 -106.292 409.775
PRESSAVG: 90000 3338.1 -83.0646 36.4088 -83.0646 -557.978 -97.1194 36.4088 -97.1194 -548.501
GPRESSAVG: 90000 3324.01 -79.3228 31.2973 -61.541 -543.66 -92.2228 37.8956 -92.7676 -547.534
TIMING: 90000  CPU: 80.7893, 0.000899989/step  Wall: 80.7999, 0.000900214/step, 383.909 ns/days, 1.22779 hours remaining, 0.000000 MB of memory in use.
PERFORMANCE: 90000  averaging 385.053 ns/day, 0.000897538 sec/step with standard deviation 1.54068e-06
ENERGY:   90000        22.1243        76.6346        51.6751         2.8560         -52018.5923    -85412.0643         0.0000         0.0000     10825.1346        -126452.2320       299.3519   -137277.3665   -128787.6538       267.8154            217.5930       217.2982    184655.3431       743.8725       744.2702

WRITING EXTENDED SYSTEM TO RESTART FILE AT STEP 90000
WRITING COORDINATES TO DCD FILE ../output/02_eq_4_CLKWWW.0.dcd AT STEP 90000
WRITING COORDINATES TO RESTART FILE AT STEP 90000
FINISHED WRITING RESTART COORDINATES
The last position output (seq=90000) takes 0.001 seconds, 0.000 MB of memory in use
WRITING VELOCITIES TO RESTART FILE AT STEP 90000
FINISHED WRITING RESTART VELOCITIES
PRESSURE: 100000 1157.58 -157.674 -335.191 -157.673 -2487.14 -240.533 -335.193 -240.532 -32.7697
GPRESSURE: 100000 1210.07 -132.446 -402.177 -231.035 -2589.7 -192.085 -279.689 -163.887 27.82
PRESSAVG: 100000 3139.87 -89.8472 2.62683 -89.8472 -733.356 -110.157 2.62683 -110.157 -501.616
GPRESSAVG: 100000 3131.83 -84.1522 -8.10942 -76.9496 -729.664 -101.301 9.02422 -99.2329 -495.229
TIMING: 100000  CPU: 89.812, 0.000902269/step  Wall: 89.8247, 0.000902479/step, 382.945 ns/days, 1.22837 hours remaining, 0.000000 MB of memory in use.
PERFORMANCE: 100000  averaging 384.842 ns/day, 0.000898032 sec/step with standard deviation 2.13347e-06
ETITLE:      TS           BOND          ANGLE          DIHED          IMPRP               ELECT            VDW       BOUNDARY           MISC        KINETIC               TOTAL           TEMP      POTENTIAL       TOTALAVG        TEMPAVG            PRESSURE      GPRESSURE         VOLUME       PRESSAVG      GPRESSAVG

ENERGY:  100000        33.2811        71.6256        56.9424         2.0151         -52304.1374    -85273.6773         0.0000         0.0000     10572.8607        -126841.0897       292.3756   -137413.9505   -128610.6934       270.0481           -454.1086      -450.6014    184835.5939       634.9652       635.6455

WRITING EXTENDED SYSTEM TO RESTART FILE AT STEP 100000
WRITING COORDINATES TO DCD FILE ../output/02_eq_4_CLKWWW.0.dcd AT STEP 100000
WRITING COORDINATES TO RESTART FILE AT STEP 100000
FINISHED WRITING RESTART COORDINATES
The last position output (seq=100000) takes 0.001 seconds, 0.000 MB of memory in use
WRITING VELOCITIES TO RESTART FILE AT STEP 100000
FINISHED WRITING RESTART VELOCITIES
PRESSURE: 110000 1945.02 64.4825 -24.2708 64.4813 -2029.97 157.044 -24.2703 157.045 -523.945
GPRESSURE: 110000 1862.47 134.917 -19.2052 64.3076 -1990.6 205.19 24.7712 136.064 -488.696
PRESSAVG: 110000 3040.3 -76.9865 0.385396 -76.9865 -841.408 -87.8901 0.385396 -87.8901 -503.477
GPRESSAVG: 110000 3026.05 -65.8964 -9.03407 -65.1782 -834.742 -75.7603 10.3365 -79.6248 -494.685
TIMING: 110000  CPU: 98.8279, 0.000901592/step  Wall: 98.8424, 0.000901779/step, 383.242 ns/days, 1.22492 hours remaining, 0.000000 MB of memory in use.
PERFORMANCE: 110000  averaging 384.696 ns/day, 0.000898372 sec/step with standard deviation 2.31798e-06
ENERGY:  110000        32.9230        80.4357        55.6545         2.7242         -51962.8721    -85436.0646         0.0000         0.0000     10766.7127        -126460.4865       297.7363   -137227.1992   -128431.5095       272.3555           -202.9665      -205.6089    184728.5835       565.1375       565.5410

WRITING EXTENDED SYSTEM TO RESTART FILE AT STEP 110000
WRITING COORDINATES TO DCD FILE ../output/02_eq_4_CLKWWW.0.dcd AT STEP 110000
WRITING COORDINATES TO RESTART FILE AT STEP 110000
FINISHED WRITING RESTART COORDINATES
WRITING VELOCITIES TO RESTART FILE AT STEP 110000
FINISHED WRITING RESTART VELOCITIES
PRESSURE: 120000 1209.8 9.09678 0.326032 9.09674 -2317 171.213 0.32416 171.216 -142.486
GPRESSURE: 120000 1243.2 -76.4424 -64.9903 10.5289 -2369.21 249.808 -44.2299 178.29 -110.262
PRESSAVG: 120000 2899.49 -70.3647 0.380685 -70.3647 -954.915 -67.9588 0.380685 -67.9588 -475.708
GPRESSAVG: 120000 2888.91 -66.7076 -13.3384 -59.3545 -952.778 -50.7165 6.13906 -59.7852 -465.114
TIMING: 120000  CPU: 107.837, 0.00090088/step  Wall: 107.853, 0.000901082/step, 383.539 ns/days, 1.22147 hours remaining, 0.000000 MB of memory in use.
PERFORMANCE: 120000  averaging 384.599 ns/day, 0.000898598 sec/step with standard deviation 2.34445e-06
ENERGY:  120000        32.8336        72.5873        53.3923         1.8745         -52384.0650    -85211.0225         0.0000         0.0000     10774.1343        -126660.2655       297.9415   -137434.3998   -128295.2600       274.3236           -416.5636      -412.0932    184989.9801       489.6221       490.3384

WRITING EXTENDED SYSTEM TO RESTART FILE AT STEP 120000
WRITING COORDINATES TO DCD FILE ../output/02_eq_4_CLKWWW.0.dcd AT STEP 120000
WRITING COORDINATES TO RESTART FILE AT STEP 120000
FINISHED WRITING RESTART COORDINATES
WRITING VELOCITIES TO RESTART FILE AT STEP 120000
FINISHED WRITING RESTART VELOCITIES
PRESSURE: 130000 1771.24 7.5215 -87.4075 7.52092 -1841.17 106.163 -87.406 106.164 97.6955
GPRESSURE: 130000 1747.39 29.9424 -111.456 3.37401 -1857.47 97.4441 -114.227 28.6347 145.016
PRESSAVG: 130000 2818.9 -64.8015 -5.88979 -64.8015 -1018.22 -55.5215 -5.88979 -55.5215 -434.751
GPRESSAVG: 130000 2807.37 -59.8041 -20.3468 -54.8739 -1017.4 -40.1336 -2.45855 -53.4695 -421.533
TIMING: 130000  CPU: 116.851, 0.000901469/step  Wall: 116.87, 0.000901704/step, 383.274 ns/days, 1.21981 hours remaining, 0.000000 MB of memory in use.
PERFORMANCE: 130000  averaging 384.497 ns/day, 0.000898837 sec/step with standard deviation 2.40427e-06
ENERGY:  130000        30.8988        78.8312        62.3869         1.7012         -52352.4203    -85141.1335         0.0000         0.0000     10646.5584        -126673.1773       294.4136   -137319.7357   -128179.3969       275.7586              9.2576        11.6445    185076.0386       455.3103       456.1459

WRITING EXTENDED SYSTEM TO RESTART FILE AT STEP 130000
WRITING COORDINATES TO DCD FILE ../output/02_eq_4_CLKWWW.0.dcd AT STEP 130000
WRITING COORDINATES TO RESTART FILE AT STEP 130000
FINISHED WRITING RESTART COORDINATES
WRITING VELOCITIES TO RESTART FILE AT STEP 130000
FINISHED WRITING RESTART VELOCITIES
PRESSURE: 140000 2227.82 -15.8426 -384.278 -15.8433 -1536.01 -113.67 -384.277 -113.67 -308.2
GPRESSURE: 140000 2231.46 -116.115 -317.168 180.841 -1483.4 -69.1811 -289.624 -114.473 -365
PRESSAVG: 140000 2779.5 -61.5376 -31.1156 -61.5376 -1052.74 -59.3981 -31.1156 -59.3981 -426.314
GPRESSAVG: 140000 2768.98 -63.5581 -40.1349 -39.1596 -1048.47 -42.0701 -21.6029 -57.5364 -417.764
TIMING: 140000  CPU: 125.872, 0.000902018/step  Wall: 125.893, 0.00090224/step, 383.047 ns/days, 1.21802 hours remaining, 0.000000 MB of memory in use.
PERFORMANCE: 140000  averaging 384.393 ns/day, 0.00089908 sec/step with standard deviation 2.4825e-06
ENERGY:  140000        37.8394        81.9449        61.3661         4.2692         -52109.4780    -85368.1493         0.0000         0.0000     10600.3407        -126691.8669       293.1355   -137292.2076   -128080.2282       276.9171            127.8695       127.6850    184807.8824       433.4809       434.2485

WRITING EXTENDED SYSTEM TO RESTART FILE AT STEP 140000
WRITING COORDINATES TO DCD FILE ../output/02_eq_4_CLKWWW.0.dcd AT STEP 140000
WRITING COORDINATES TO RESTART FILE AT STEP 140000
FINISHED WRITING RESTART COORDINATES
WRITING VELOCITIES TO RESTART FILE AT STEP 140000
FINISHED WRITING RESTART VELOCITIES
PRESSURE: 150000 2529.02 -89.8215 -103.628 -89.8201 -1744.93 110.082 -103.626 110.083 531.988
GPRESSURE: 150000 2560.87 -139.614 -171.673 -111.746 -1752.4 66.5481 -100.869 133.777 509.208
PRESSAVG: 150000 2763.84 -63.3052 -35.6475 -63.3052 -1096 -48.8055 -35.6475 -48.8055 -366.42
GPRESSAVG: 150000 2755.97 -68.3117 -48.3561 -43.6963 -1092.46 -35.2815 -26.5571 -45.5793 -359.828
TIMING: 150000  CPU: 134.894, 0.000902215/step  Wall: 134.916, 0.00090237/step, 382.991 ns/days, 1.21569 hours remaining, 0.000000 MB of memory in use.
PERFORMANCE: 150000  averaging 384.299 ns/day, 0.0008993 sec/step with standard deviation 2.53855e-06
ENERGY:  150000        34.3691        77.2260        58.5694         2.8718         -52455.0010    -85202.4192         0.0000         0.0000     10857.5041        -126626.8798       300.2470   -137484.3840   -127989.3940       278.3752            438.6930       439.2244    182841.5666       433.8067       434.5595

WRITING EXTENDED SYSTEM TO RESTART FILE AT STEP 150000
WRITING COORDINATES TO DCD FILE ../output/02_eq_4_CLKWWW.0.dcd AT STEP 150000
WRITING COORDINATES TO RESTART FILE AT STEP 150000
FINISHED WRITING RESTART COORDINATES
WRITING VELOCITIES TO RESTART FILE AT STEP 150000
FINISHED WRITING RESTART VELOCITIES
PRESSURE: 160000 2138.75 -86.2104 -169.155 -86.2118 -1490.14 -254.07 -169.153 -254.071 -450.854
GPRESSURE: 160000 2073.41 -77.2263 -188.402 -127.236 -1431.07 -345.874 -164.805 -119.381 -433.605
PRESSAVG: 160000 2727.07 -64.6527 -43.5008 -64.6527 -1119.18 -60.8799 -43.5008 -60.8799 -371.387
GPRESSAVG: 160000 2715.82 -68.836 -56.5941 -48.6104 -1112.38 -53.5516 -34.6893 -49.9206 -364.168
TIMING: 160000  CPU: 143.888, 0.000899382/step  Wall: 143.913, 0.000899611/step, 384.166 ns/days, 1.20948 hours remaining, 0.000000 MB of memory in use.
PERFORMANCE: 160000  averaging 384.291 ns/day, 0.000899319 sec/step with standard deviation 2.45371e-06
ENERGY:  160000        28.1905        84.9157        51.0049         7.8914         -52295.2517    -85255.4853         0.0000         0.0000     10604.1507        -126774.5838       293.2409   -137378.7345   -127917.9345       279.2497             65.9214        69.5784    185155.2515       412.1664       413.0901

WRITING EXTENDED SYSTEM TO RESTART FILE AT STEP 160000
WRITING COORDINATES TO DCD FILE ../output/02_eq_4_CLKWWW.0.dcd AT STEP 160000
WRITING COORDINATES TO RESTART FILE AT STEP 160000
FINISHED WRITING RESTART COORDINATES
WRITING VELOCITIES TO RESTART FILE AT STEP 160000
FINISHED WRITING RESTART VELOCITIES
PRESSURE: 170000 2283.68 189.715 65.8882 189.715 -1300.23 198.298 65.8884 198.299 12.5584
GPRESSURE: 170000 2338.7 100.182 69.6349 206.306 -1331.31 242.462 89.0371 213.281 -25.7149
PRESSAVG: 170000 2702.44 -50.5212 -37.4236 -50.5212 -1129.24 -46.4811 -37.4236 -46.4811 -350.057
GPRESSAVG: 170000 2694.87 -59.4461 -49.5813 -34.4483 -1124.54 -37.1064 -27.8156 -35.2983 -345.365
TIMING: 170000  CPU: 152.863, 0.000897527/step  Wall: 152.889, 0.000897695/step, 384.986 ns/days, 1.20441 hours remaining, 0.000000 MB of memory in use.
PERFORMANCE: 170000  averaging 384.332 ns/day, 0.000899223 sec/step with standard deviation 2.40821e-06
ENERGY:  170000        27.4798        76.5234        57.9297         2.1764         -52213.3392    -85148.2778         0.0000         0.0000     10620.7392        -126576.7685       293.6996   -137197.5077   -127843.4253       280.0524            332.0020       327.2266    185244.8568       407.7128       408.3199

WRITING EXTENDED SYSTEM TO RESTART FILE AT STEP 170000
WRITING COORDINATES TO DCD FILE ../output/02_eq_4_CLKWWW.0.dcd AT STEP 170000
WRITING COORDINATES TO RESTART FILE AT STEP 170000
FINISHED WRITING RESTART COORDINATES
WRITING VELOCITIES TO RESTART FILE AT STEP 170000
FINISHED WRITING RESTART VELOCITIES
PRESSURE: 180000 2565.55 148.588 275.607 148.588 -1135.37 -49.0124 275.607 -49.0131 187.307
GPRESSURE: 180000 2538.07 125.161 330.465 229.309 -1144.91 -32.8397 222.479 -64.1423 220.104
PRESSAVG: 180000 2695.23 -40.0417 -20.9483 -40.0417 -1129.57 -46.6144 -20.9483 -46.6144 -321.775
GPRESSAVG: 180000 2686.62 -49.73 -29.5789 -20.5663 -1125.61 -36.8819 -14.6422 -36.8164 -315.604
TIMING: 180000  CPU: 161.838, 0.000897547/step  Wall: 161.865, 0.000897569/step, 385.04 ns/days, 1.20174 hours remaining, 0.000000 MB of memory in use.
PERFORMANCE: 180000  averaging 384.371 ns/day, 0.000899132 sec/step with standard deviation 2.36864e-06
ENERGY:  180000        34.4491        83.0463        54.9993         2.7965         -52005.1006    -85303.0666         0.0000         0.0000     10657.1821        -126475.6939       294.7074   -137132.8760   -127771.4395       280.8238            539.1642       537.7553    184970.7082       414.6313       415.1323

WRITING EXTENDED SYSTEM TO RESTART FILE AT STEP 180000
WRITING COORDINATES TO DCD FILE ../output/02_eq_4_CLKWWW.0.dcd AT STEP 180000
WRITING COORDINATES TO RESTART FILE AT STEP 180000
FINISHED WRITING RESTART COORDINATES
WRITING VELOCITIES TO RESTART FILE AT STEP 180000
FINISHED WRITING RESTART VELOCITIES
PRESSURE: 190000 1611.6 -36.4972 -275.415 -36.4983 -1908.09 -328.409 -275.412 -328.411 -687.085
GPRESSURE: 190000 1628.44 -53.632 -296.506 -28.6514 -1987.23 -378.518 -190.222 -307.749 -620.669
PRESSAVG: 190000 2641.05 -39.8645 -33.6715 -39.8645 -1168.49 -60.7042 -33.6715 -60.7042 -340.04
GPRESSAVG: 190000 2633.71 -49.9251 -42.9253 -20.9706 -1168.7 -53.9636 -23.4212 -50.363 -330.857
TIMING: 190000  CPU: 170.842, 0.000900364/step  Wall: 170.87, 0.000900458/step, 383.804 ns/days, 1.20311 hours remaining, 0.000000 MB of memory in use.
PERFORMANCE: 190000  averaging 384.341 ns/day, 0.000899201 sec/step with standard deviation 2.32195e-06
ENERGY:  190000        35.2309        74.5076        58.9078         2.6101         -52048.3464    -85327.0853         0.0000         0.0000     10683.7262        -126520.4492       295.4414   -137204.1753   -127708.8899       281.5546           -327.8582      -326.4893    185264.6659       377.5068       378.0512

WRITING EXTENDED SYSTEM TO RESTART FILE AT STEP 190000
WRITING COORDINATES TO DCD FILE ../output/02_eq_4_CLKWWW.0.dcd AT STEP 190000
WRITING COORDINATES TO RESTART FILE AT STEP 190000
FINISHED WRITING RESTART COORDINATES
WRITING VELOCITIES TO RESTART FILE AT STEP 190000
FINISHED WRITING RESTART VELOCITIES
PRESSURE: 200000 2398.51 -32.367 -66.3531 -32.3676 -2155.71 -50.6427 -66.3522 -50.6417 -52.2254
GPRESSURE: 200000 2371.28 -72.2193 -135.469 -66.564 -2115.01 40.0456 -55.784 -50.5741 -59.4613
PRESSAVG: 200000 2016.43 -41.7158 -36.9652 -41.7158 -1748.7 -66.8737 -36.9652 -66.8737 -98.2875
GPRESSAVG: 200000 2007.73 -53.7704 -49.666 -24.5342 -1746.88 -55.5944 -26.1964 -56.526 -89.4671
TIMING: 200000  CPU: 179.848, 0.000900577/step  Wall: 179.877, 0.00090077/step, 383.672 ns/days, 1.20103 hours remaining, 0.000000 MB of memory in use.
PERFORMANCE: 200000  averaging 384.308 ns/day, 0.00089928 sec/step with standard deviation 2.28709e-06
ETITLE:      TS           BOND          ANGLE          DIHED          IMPRP               ELECT            VDW       BOUNDARY           MISC        KINETIC               TOTAL           TEMP      POTENTIAL       TOTALAVG        TEMPAVG            PRESSURE      GPRESSURE         VOLUME       PRESSAVG      GPRESSAVG

ENERGY:  200000        36.8260        72.2429        52.9586         1.5896         -52170.1356    -85226.3421         0.0000         0.0000     10739.6048        -126493.2560       296.9867   -137232.8607   -126590.0333       296.4040             63.5256        65.6019    184093.9230        56.4804        57.1280

WRITING EXTENDED SYSTEM TO RESTART FILE AT STEP 200000
WRITING COORDINATES TO DCD FILE ../output/02_eq_4_CLKWWW.0.dcd AT STEP 200000
WRITING COORDINATES TO RESTART FILE AT STEP 200000
FINISHED WRITING RESTART COORDINATES
WRITING VELOCITIES TO RESTART FILE AT STEP 200000
FINISHED WRITING RESTART VELOCITIES
PRESSURE: 210000 1422.57 -418.369 -14.8992 -418.372 -2671.43 38.9043 -14.9003 38.9045 -430.922
GPRESSURE: 210000 1349.07 -293.595 -35.7668 -547.829 -2565.96 13.6299 -33.0877 41.8491 -446.787
PRESSAVG: 210000 2019.84 -71.5384 -43.4916 -71.5384 -1800.65 -39.1934 -43.4916 -39.1934 -86.7459
GPRESSAVG: 210000 2008.97 -74.6419 -61.8874 -66.4133 -1794.83 -30.5356 -29.1147 -27.0498 -78.4732
TIMING: 210000  CPU: 188.878, 0.000903082/step  Wall: 188.911, 0.000903318/step, 382.59 ns/days, 1.20191 hours remaining, 0.000000 MB of memory in use.
PERFORMANCE: 210000  averaging 384.225 ns/day, 0.000899472 sec/step with standard deviation 2.39703e-06
ENERGY:  210000        27.0119        87.5543        57.3286         2.3217         -52187.8402    -85303.3835         0.0000         0.0000     10687.4907        -126629.5164       295.5455   -137317.0071   -126600.4775       296.2253           -559.9288      -554.5569    184930.4465        44.1479        45.2255

WRITING EXTENDED SYSTEM TO RESTART FILE AT STEP 210000
WRITING COORDINATES TO DCD FILE ../output/02_eq_4_CLKWWW.0.dcd AT STEP 210000
WRITING COORDINATES TO RESTART FILE AT STEP 210000
FINISHED WRITING RESTART COORDINATES
WRITING VELOCITIES TO RESTART FILE AT STEP 210000
FINISHED WRITING RESTART VELOCITIES
PRESSURE: 220000 2350.41 -205.472 10.2846 -205.472 -1430.85 118.336 10.2826 118.335 199.572
GPRESSURE: 220000 2404.87 -76.9801 -3.82581 -226.175 -1394.65 91.2482 -3.71137 66.186 98.2737
PRESSAVG: 220000 2013.74 -55.5112 -24.2792 -55.5112 -1798.46 -40.352 -24.2792 -40.352 -65.0239
GPRESSAVG: 220000 2007.07 -54.0052 -41.1038 -48.0177 -1790.63 -34.8062 -12.5061 -32.6753 -62.7621
TIMING: 220000  CPU: 197.899, 0.000902011/step  Wall: 197.933, 0.000902189/step, 383.068 ns/days, 1.19791 hours remaining, 0.000000 MB of memory in use.
PERFORMANCE: 220000  averaging 384.173 ns/day, 0.000899596 sec/step with standard deviation 2.40993e-06
ENERGY:  220000        47.3029        85.9568        60.8285         2.7712         -52204.4884    -85191.7300         0.0000         0.0000     10741.9247        -126457.4343       297.0508   -137199.3591   -126596.3172       296.0925            373.0451       369.4976    184728.0078        50.0839        51.2264

WRITING EXTENDED SYSTEM TO RESTART FILE AT STEP 220000
WRITING COORDINATES TO DCD FILE ../output/02_eq_4_CLKWWW.0.dcd AT STEP 220000
WRITING COORDINATES TO RESTART FILE AT STEP 220000
FINISHED WRITING RESTART COORDINATES
WRITING VELOCITIES TO RESTART FILE AT STEP 220000
FINISHED WRITING RESTART VELOCITIES
PRESSURE: 230000 2711.09 -182.313 -304.754 -182.311 -1400.28 349.214 -304.753 349.216 828.036
GPRESSURE: 230000 2628.89 -17.4962 -429.02 -246.712 -1390.17 502.537 -343.169 221.74 893.891
PRESSAVG: 230000 2068.44 -56.2149 -49.7014 -56.2149 -1776.1 -8.7508 -49.7014 -8.7508 -46.0688
GPRESSAVG: 230000 2061.94 -49.2732 -70.5003 -47.1648 -1769.34 9.33408 -40.0644 -8.98714 -43.1803
TIMING: 230000  CPU: 206.925, 0.00090269/step  Wall: 206.961, 0.000902865/step, 382.781 ns/days, 1.1963 hours remaining, 0.000000 MB of memory in use.
PERFORMANCE: 230000  averaging 384.112 ns/day, 0.000899738 sec/step with standard deviation 2.45124e-06
ENERGY:  230000        32.4259        87.5241        52.3112         1.3842         -52412.6146    -85228.8989         0.0000         0.0000     10769.4793        -126698.3888       297.8128   -137467.8681   -126606.0394       296.1869            712.9491       710.8712    184251.2196        82.0913        83.1389

WRITING EXTENDED SYSTEM TO RESTART FILE AT STEP 230000
WRITING COORDINATES TO DCD FILE ../output/02_eq_4_CLKWWW.0.dcd AT STEP 230000
WRITING COORDINATES TO RESTART FILE AT STEP 230000
FINISHED WRITING RESTART COORDINATES
WRITING VELOCITIES TO RESTART FILE AT STEP 230000
FINISHED WRITING RESTART VELOCITIES
PRESSURE: 240000 1919.49 -100.347 70.2433 -100.348 -1795.63 -112.879 70.2447 -112.88 -287.269
GPRESSURE: 240000 1926.38 14.9862 66.8588 -145.527 -1812.3 -226.149 25.0672 -61.0197 -270.816
PRESSAVG: 240000 2047.21 -62.4564 -39.2557 -62.4564 -1787.93 -12.6685 -39.2557 -12.6685 -83.5613
GPRESSAVG: 240000 2037.85 -49.3852 -60.9565 -57.1161 -1783.15 -5.25973 -35.1282 -10.5387 -75.5553
TIMING: 240000  CPU: 215.946, 0.000902018/step  Wall: 215.983, 0.00090223/step, 383.051 ns/days, 1.19295 hours remaining, 0.000000 MB of memory in use.
PERFORMANCE: 240000  averaging 384.068 ns/day, 0.000899842 sec/step with standard deviation 2.45075e-06
ENERGY:  240000        33.2261        75.1263        60.9472         3.9502         -52003.6040    -85384.4763         0.0000         0.0000     10666.2648        -126548.5659       294.9586   -137214.8307   -126596.8056       296.1969            -54.4700       -52.2462    184860.9943        58.5717        59.7162

WRITING EXTENDED SYSTEM TO RESTART FILE AT STEP 240000
WRITING COORDINATES TO DCD FILE ../output/02_eq_4_CLKWWW.0.dcd AT STEP 240000
WRITING COORDINATES TO RESTART FILE AT STEP 240000
FINISHED WRITING RESTART COORDINATES
WRITING VELOCITIES TO RESTART FILE AT STEP 240000
FINISHED WRITING RESTART VELOCITIES
PRESSURE: 250000 1804.63 -39.0696 -82.2718 -39.0693 -2098.59 -274.025 -82.2728 -274.024 185.253
GPRESSURE: 250000 1743.99 99.8744 -158.742 -2.26621 -2028.35 -282.809 -22.1139 -259.574 186.229
PRESSAVG: 250000 2011.7 -66.1361 -48.2479 -66.1361 -1817.8 -35.0442 -48.2479 -35.0442 -75.2427
GPRESSAVG: 250000 1997.93 -48.0523 -75.4393 -65.2578 -1808.27 -25.7534 -40.7658 -37.8473 -67.383
TIMING: 250000  CPU: 224.974, 0.000902817/step  Wall: 225.014, 0.000903023/step, 382.714 ns/days, 1.19149 hours remaining, 0.000000 MB of memory in use.
PERFORMANCE: 250000  averaging 384.013 ns/day, 0.000899969 sec/step with standard deviation 2.48211e-06
ENERGY:  250000        30.3159        88.6589        55.6798         3.5076         -52308.6189    -85241.5548         0.0000         0.0000     10752.7174        -126619.2941       297.3493   -137372.0115   -126590.4620       296.5581            -36.2351       -32.7117    184274.2127        39.5529        40.7572

WRITING EXTENDED SYSTEM TO RESTART FILE AT STEP 250000
WRITING COORDINATES TO DCD FILE ../output/02_eq_4_CLKWWW.0.dcd AT STEP 250000
WRITING COORDINATES TO RESTART FILE AT STEP 250000
FINISHED WRITING RESTART COORDINATES
WRITING VELOCITIES TO RESTART FILE AT STEP 250000
FINISHED WRITING RESTART VELOCITIES
PRESSURE: 260000 1745.75 -30.999 -87.5052 -30.9991 -1871.82 -182.823 -87.5067 -182.822 398.306
GPRESSURE: 260000 1805.36 8.57322 -62.277 -44.2939 -1918.08 -202.098 -248.405 -226.701 385.729
PRESSAVG: 260000 1997.11 -59.2252 -63.2241 -59.2252 -1826.53 -30.6693 -63.2241 -30.6693 -60.182
GPRESSAVG: 260000 1987.17 -40.8847 -87.6247 -62.9698 -1820.62 -25.315 -63.1569 -27.7151 -52.8289
TIMING: 260000  CPU: 233.989, 0.000901523/step  Wall: 234.03, 0.000901643/step, 383.3 ns/days, 1.18716 hours remaining, 0.000000 MB of memory in use.
PERFORMANCE: 260000  averaging 383.986 ns/day, 0.000900033 sec/step with standard deviation 2.45403e-06
ENERGY:  260000        35.5556        70.9894        58.3104         1.3596         -52011.4877    -85398.9057         0.0000         0.0000     10657.8672        -126586.3113       294.7263   -137244.1785   -126590.7095       296.3794             90.7484        91.0008    184706.4397        36.8015        37.9060

WRITING EXTENDED SYSTEM TO RESTART FILE AT STEP 260000
WRITING COORDINATES TO DCD FILE ../output/02_eq_4_CLKWWW.0.dcd AT STEP 260000
WRITING COORDINATES TO RESTART FILE AT STEP 260000
FINISHED WRITING RESTART COORDINATES
WRITING VELOCITIES TO RESTART FILE AT STEP 260000
FINISHED WRITING RESTART VELOCITIES
PRESSURE: 270000 2055.36 10.2619 -89.5967 10.2612 -1976.99 -481.455 -89.596 -481.455 740.538
GPRESSURE: 270000 2019.04 18.8356 -148.339 -9.26639 -1919.62 -455.232 -146.31 -585.826 710.394
PRESSAVG: 270000 1987.8 -57.191 -91.4405 -57.191 -1832.61 -54.7185 -91.4405 -54.7185 22.4108
GPRESSAVG: 270000 1976.46 -36.6323 -116.753 -64.323 -1824 -51.1966 -89.7756 -51.7835 28.1357
TIMING: 270000  CPU: 242.98, 0.000899065/step  Wall: 243.021, 0.000899104/step, 384.383 ns/days, 1.18132 hours remaining, 0.000000 MB of memory in use.
PERFORMANCE: 270000  averaging 384 ns/day, 0.000899999 sec/step with standard deviation 2.41301e-06
ENERGY:  270000        31.0839        90.4453        52.5732         1.8440         -51930.1588    -85340.2519         0.0000         0.0000     10714.8647        -126379.5997       296.3025   -137094.4643   -126583.4692       296.2161            272.9664       269.9376    184603.2091        59.1995        60.1986

WRITING EXTENDED SYSTEM TO RESTART FILE AT STEP 270000
WRITING COORDINATES TO DCD FILE ../output/02_eq_4_CLKWWW.0.dcd AT STEP 270000
WRITING COORDINATES TO RESTART FILE AT STEP 270000
FINISHED WRITING RESTART COORDINATES
WRITING VELOCITIES TO RESTART FILE AT STEP 270000
FINISHED WRITING RESTART VELOCITIES
PRESSURE: 280000 1912.32 206.178 160.938 206.176 -1689.24 -206.583 160.938 -206.578 51.1619
GPRESSURE: 280000 1887.03 284.924 168.883 133.366 -1718.69 -184.97 264.471 -230.715 94.9771
PRESSAVG: 280000 1987.8 -39.4979 -85.7215 -39.4979 -1831.51 -62.2497 -85.7215 -62.2497 36.1661
GPRESSAVG: 280000 1978.84 -19.4965 -108.587 -47.3198 -1828.24 -53.9148 -80.3941 -63.5256 43.0203
TIMING: 280000  CPU: 251.955, 0.000897522/step  Wall: 251.998, 0.000897712/step, 384.979 ns/days, 1.177 hours remaining, 0.000000 MB of memory in use.
PERFORMANCE: 280000  averaging 384.035 ns/day, 0.000899917 sec/step with standard deviation 2.407e-06
ENERGY:  280000        30.1214        83.5930        51.3241         1.5334         -51976.0618    -85285.7293         0.0000         0.0000     10803.4539        -126291.7652       298.7523   -137095.2191   -126572.8812       296.0888             91.4164        87.7715    184879.5805        64.1510        64.5393

WRITING EXTENDED SYSTEM TO RESTART FILE AT STEP 280000
WRITING COORDINATES TO DCD FILE ../output/02_eq_4_CLKWWW.0.dcd AT STEP 280000
WRITING COORDINATES TO RESTART FILE AT STEP 280000
FINISHED WRITING RESTART COORDINATES
WRITING VELOCITIES TO RESTART FILE AT STEP 280000
FINISHED WRITING RESTART VELOCITIES
PRESSURE: 290000 1381.76 -359.919 -314.544 -359.918 -2336.13 -67.681 -314.542 -67.6803 -497.337
GPRESSURE: 290000 1382.01 -308.505 -336.451 -526.598 -2309.61 -202.924 -332.95 27.7602 -537.94
PRESSAVG: 290000 1957.1 -55.9532 -87.7988 -55.9532 -1860.84 -55.6259 -87.7988 -55.6259 -9.03382
GPRESSAVG: 290000 1947.6 -27.3438 -112.281 -74.2934 -1855.49 -53.1883 -87.1686 -56.823 -4.36541
TIMING: 290000  CPU: 260.986, 0.000903152/step  Wall: 261.03, 0.000903214/step, 382.634 ns/days, 1.1817 hours remaining, 0.000000 MB of memory in use.
PERFORMANCE: 290000  averaging 383.987 ns/day, 0.000900031 sec/step with standard deviation 2.44161e-06
ENERGY:  290000        38.7214        74.2222        61.8650         3.5120         -52291.6465    -85304.1239         0.0000         0.0000     10819.6863        -126597.7635       299.2012   -137417.4498   -126580.1578       296.0813           -483.8998      -488.5125    184683.2054        29.0764        29.2487

WRITING EXTENDED SYSTEM TO RESTART FILE AT STEP 290000
WRITING COORDINATES TO DCD FILE ../output/02_eq_4_CLKWWW.0.dcd AT STEP 290000
WRITING COORDINATES TO RESTART FILE AT STEP 290000
FINISHED WRITING RESTART COORDINATES
WRITING VELOCITIES TO RESTART FILE AT STEP 290000
FINISHED WRITING RESTART VELOCITIES
PRESSURE: 300000 1954.49 -77.4387 -219.147 -77.4379 -1750.32 19.8363 -219.148 19.8354 131.27
GPRESSURE: 300000 1929.32 -140.563 -175.972 -35.8131 -1760.53 77.7618 -257.841 -44.3552 150.458
PRESSAVG: 300000 1996.94 -51.9414 -81.9966 -51.9414 -1823.99 -42.6075 -81.9966 -42.6075 -0.831814
GPRESSAVG: 300000 1983.56 -27.7496 -100.971 -64.5323 -1814.03 -39.6959 -86.0762 -50.8464 1.76651
TIMING: 300000  CPU: 269.965, 0.000897882/step  Wall: 270.012, 0.000898133/step, 384.798 ns/days, 1.17256 hours remaining, 0.000000 MB of memory in use.
PERFORMANCE: 300000  averaging 384.014 ns/day, 0.000899968 sec/step with standard deviation 2.42404e-06
ETITLE:      TS           BOND          ANGLE          DIHED          IMPRP               ELECT            VDW       BOUNDARY           MISC        KINETIC               TOTAL           TEMP      POTENTIAL       TOTALAVG        TEMPAVG            PRESSURE      GPRESSURE         VOLUME       PRESSAVG      GPRESSAVG

ENERGY:  300000        26.5915        88.1846        57.8863         1.8608         -51989.2482    -85502.8667         0.0000         0.0000     10713.3021        -126604.2896       296.2593   -137317.5917   -126568.3178       296.2754            111.8154       106.4167    184436.6623        57.3726        57.0996

WRITING EXTENDED SYSTEM TO RESTART FILE AT STEP 300000
WRITING COORDINATES TO DCD FILE ../output/02_eq_4_CLKWWW.0.dcd AT STEP 300000
WRITING COORDINATES TO RESTART FILE AT STEP 300000
FINISHED WRITING RESTART COORDINATES
WRITING VELOCITIES TO RESTART FILE AT STEP 300000
FINISHED WRITING RESTART VELOCITIES
PRESSURE: 310000 2024.31 -40.5587 -203.422 -40.5584 -2069.03 -382.941 -203.422 -382.94 -246.108
GPRESSURE: 310000 2059.53 -130.5 -110.266 -7.11995 -2154.41 -530.169 -208.232 -336.41 -205.163
PRESSAVG: 310000 2000.91 -57.1934 -90.9542 -57.1934 -1825.95 -69.6067 -90.9542 -69.6067 13.06
GPRESSAVG: 310000 1993.41 -41.0205 -105.524 -68.1037 -1822.22 -76.4639 -97.7264 -74.4701 15.9431
TIMING: 310000  CPU: 278.937, 0.000897171/step  Wall: 278.985, 0.000897344/step, 385.137 ns/days, 1.16904 hours remaining, 0.000000 MB of memory in use.
PERFORMANCE: 310000  averaging 384.05 ns/day, 0.000899883 sec/step with standard deviation 2.42943e-06
ENERGY:  310000        28.8066        84.3784        57.7704         3.0733         -52120.5750    -85322.3200         0.0000         0.0000     10699.2472        -126569.6191       295.8706   -137268.8663   -126573.7744       296.1822            -96.9412      -100.0153    185015.1459        62.6739        62.3793

WRITING EXTENDED SYSTEM TO RESTART FILE AT STEP 310000
WRITING COORDINATES TO DCD FILE ../output/02_eq_4_CLKWWW.0.dcd AT STEP 310000
WRITING COORDINATES TO RESTART FILE AT STEP 310000
FINISHED WRITING RESTART COORDINATES
WRITING VELOCITIES TO RESTART FILE AT STEP 310000
FINISHED WRITING RESTART VELOCITIES
PRESSURE: 320000 2024.02 76.7816 -136.082 76.7813 -1867.5 -0.12726 -136.082 -0.127883 -44.8453
GPRESSURE: 320000 1940.18 -5.96682 -74.0685 127.147 -1802.28 -72.4448 -95.3271 120.13 -21.2041
PRESSAVG: 320000 2041.62 -53.8092 -97.7745 -53.8092 -1803.47 -78.1739 -97.7745 -78.1739 17.9421
GPRESSAVG: 320000 2028.26 -37.4967 -105.978 -62.2728 -1793.87 -92.5766 -100.281 -77.3781 20.396
TIMING: 320000  CPU: 287.912, 0.000897465/step  Wall: 287.961, 0.000897583/step, 385.034 ns/days, 1.16686 hours remaining, 0.000000 MB of memory in use.
PERFORMANCE: 320000  averaging 384.081 ns/day, 0.000899811 sec/step with standard deviation 2.42425e-06
ENERGY:  320000        23.8212        88.5633        55.8774         3.1989         -52245.2637    -85187.8224         0.0000         0.0000     10734.4817        -126527.1436       296.8450   -137261.6252   -126567.1183       296.1273             37.2264        38.8986    184293.3291        85.3634        84.9289

WRITING EXTENDED SYSTEM TO RESTART FILE AT STEP 320000
WRITING COORDINATES TO DCD FILE ../output/02_eq_4_CLKWWW.0.dcd AT STEP 320000
WRITING COORDINATES TO RESTART FILE AT STEP 320000
FINISHED WRITING RESTART COORDINATES
WRITING VELOCITIES TO RESTART FILE AT STEP 320000
FINISHED WRITING RESTART VELOCITIES
PRESSURE: 330000 2467.54 -311.565 -137.281 -311.562 -1792.11 -26.2054 -137.282 -26.2035 46.2105
GPRESSURE: 330000 2484.84 -343.978 -163.983 -220.574 -1808.59 67.6171 -29.7477 -43.875 31.2682
PRESSAVG: 330000 2076.43 -69.7633 -100.268 -69.7633 -1801.02 -84.7923 -100.268 -84.7923 15.3678
GPRESSAVG: 330000 2065.14 -56.1927 -108.604 -73.4702 -1791.43 -94.0679 -96.0572 -81.0036 14.7086
TIMING: 330000  CPU: 296.891, 0.000897916/step  Wall: 296.941, 0.000898021/step, 384.846 ns/days, 1.16493 hours remaining, 0.000000 MB of memory in use.
PERFORMANCE: 330000  averaging 384.104 ns/day, 0.000899757 sec/step with standard deviation 2.40633e-06
ENERGY:  330000        38.5621        78.0736        57.7185         1.1055         -52127.9840    -85249.1131         0.0000         0.0000     10749.9209        -126451.7166       297.2719   -137201.6374   -126556.0453       296.2702            240.5455       235.8372    184139.4998        96.9278        96.1385

WRITING EXTENDED SYSTEM TO RESTART FILE AT STEP 330000
WRITING COORDINATES TO DCD FILE ../output/02_eq_4_CLKWWW.0.dcd AT STEP 330000
WRITING COORDINATES TO RESTART FILE AT STEP 330000
FINISHED WRITING RESTART COORDINATES
WRITING VELOCITIES TO RESTART FILE AT STEP 330000
FINISHED WRITING RESTART VELOCITIES
PRESSURE: 340000 2084.96 -7.81892 -57.4604 -7.81734 -1998.65 125.778 -57.458 125.778 -56.6012
GPRESSURE: 340000 2109.02 69.8056 -72.2921 -20.3967 -2015.24 116.008 -98.1907 198.162 -56.1372
PRESSAVG: 340000 2069.29 -69.362 -83.9273 -69.362 -1824.15 -72.8199 -83.9273 -72.8199 27.9477
GPRESSAVG: 340000 2059.01 -46.8967 -96.3606 -83.5321 -1818.02 -84.8085 -86.4856 -65.3718 30.1518
TIMING: 340000  CPU: 305.873, 0.000898253/step  Wall: 305.925, 0.000898369/step, 384.697 ns/days, 1.16289 hours remaining, 0.000000 MB of memory in use.
PERFORMANCE: 340000  averaging 384.121 ns/day, 0.000899716 sec/step with standard deviation 2.38151e-06
ENERGY:  340000        28.3843        81.3416        53.8373         2.6484         -52110.0538    -85332.9088         0.0000         0.0000     10777.4792        -126499.2719       298.0340   -137276.7510   -126546.4156       296.5152              9.9027        12.5449    184242.6810        91.0294        90.3815

WRITING EXTENDED SYSTEM TO RESTART FILE AT STEP 340000
WRITING COORDINATES TO DCD FILE ../output/02_eq_4_CLKWWW.0.dcd AT STEP 340000
WRITING COORDINATES TO RESTART FILE AT STEP 340000
FINISHED WRITING RESTART COORDINATES
WRITING VELOCITIES TO RESTART FILE AT STEP 340000
FINISHED WRITING RESTART VELOCITIES
PRESSURE: 350000 1673.4 52.8177 64.9366 52.8156 -2022.76 -50.9177 64.9375 -50.9167 -305.122
GPRESSURE: 350000 1612.89 143.867 38.0424 49.9207 -2024.04 30.4828 92.3348 -109.344 -251.359
PRESSAVG: 350000 2026.51 -62.2302 -75.4991 -62.2302 -1838.04 -80.8699 -75.4991 -80.8699 -13.9078
GPRESSAVG: 350000 2011.62 -32.7226 -85.8748 -75.4487 -1831.6 -86.6117 -76.8254 -77.5279 -7.87661
TIMING: 350000  CPU: 314.837, 0.000896391/step  Wall: 314.89, 0.00089654/step, 385.482 ns/days, 1.15803 hours remaining, 0.000000 MB of memory in use.
PERFORMANCE: 350000  averaging 384.16 ns/day, 0.000899625 sec/step with standard deviation 2.40688e-06
ENERGY:  350000        21.0358        82.1161        52.7633         3.0853         -52170.0733    -85374.1487         0.0000         0.0000     10827.9251        -126557.2965       299.4290   -137385.2217   -126542.9364       296.4743           -218.1595      -220.8377    185110.8590        58.1868        57.3784

WRITING EXTENDED SYSTEM TO RESTART FILE AT STEP 350000
WRITING COORDINATES TO DCD FILE ../output/02_eq_4_CLKWWW.0.dcd AT STEP 350000
WRITING COORDINATES TO RESTART FILE AT STEP 350000
FINISHED WRITING RESTART COORDINATES
WRITING VELOCITIES TO RESTART FILE AT STEP 350000
FINISHED WRITING RESTART VELOCITIES
PRESSURE: 360000 1210.27 91.1555 -137.168 91.1558 -2488.99 296.436 -137.17 296.436 -143.463
GPRESSURE: 360000 1144.81 -40.8589 -75.9721 234.195 -2514.42 310.209 -160.552 350.681 -53.3029
PRESSAVG: 360000 1980.09 -53.3618 -73.8999 -53.3618 -1887.99 -53.3445 -73.8999 -53.3445 1.46179
GPRESSAVG: 360000 1965.18 -30.9042 -80.2534 -57.3771 -1885.77 -53.8076 -76.6127 -54.0248 11.1385
TIMING: 360000  CPU: 323.824, 0.000898715/step  Wall: 323.88, 0.000898923/step, 384.46 ns/days, 1.15861 hours remaining, 0.000000 MB of memory in use.
PERFORMANCE: 360000  averaging 384.168 ns/day, 0.000899606 sec/step with standard deviation 2.37513e-06
ENERGY:  360000        27.1416        86.2017        60.7801         4.1956         -52009.2853    -85281.2264         0.0000         0.0000     10736.8829        -126375.3098       296.9114   -137112.1927   -126522.9727       296.6578           -474.0607      -474.3067    185295.0745        31.1877        30.1842

WRITING EXTENDED SYSTEM TO RESTART FILE AT STEP 360000
WRITING COORDINATES TO DCD FILE ../output/02_eq_4_CLKWWW.0.dcd AT STEP 360000
WRITING COORDINATES TO RESTART FILE AT STEP 360000
FINISHED WRITING RESTART COORDINATES
WRITING VELOCITIES TO RESTART FILE AT STEP 360000
FINISHED WRITING RESTART VELOCITIES
PRESSURE: 370000 2358.44 59.9841 -283.985 59.9867 -1504.28 -123.447 -283.987 -123.446 330.04
GPRESSURE: 370000 2347.47 201.503 -282.603 31.8184 -1478.47 -243.077 -254.831 -12.891 316.299
PRESSAVG: 370000 1983.82 -59.8482 -91.3937 -59.8482 -1898.19 -69.4318 -91.3937 -69.4318 17.3359
GPRESSAVG: 370000 1965.62 -25.8382 -97.8652 -66.1015 -1893.13 -78.0846 -93.8061 -65.3334 28.2392
TIMING: 370000  CPU: 332.825, 0.000900019/step  Wall: 332.882, 0.000900243/step, 383.896 ns/days, 1.15781 hours remaining, 0.000000 MB of memory in use.
PERFORMANCE: 370000  averaging 384.161 ns/day, 0.000899623 sec/step with standard deviation 2.34425e-06
ENERGY:  370000        29.7866        74.5854        61.0886         3.0481         -52487.3659    -85213.1477         0.0000         0.0000     10870.9142        -126661.0906       300.6178   -137532.0049   -126527.1888       297.0037            394.7339       395.0998    184556.0315        34.3243        33.5778

WRITING EXTENDED SYSTEM TO RESTART FILE AT STEP 370000
WRITING COORDINATES TO DCD FILE ../output/02_eq_4_CLKWWW.0.dcd AT STEP 370000
WRITING COORDINATES TO RESTART FILE AT STEP 370000
FINISHED WRITING RESTART COORDINATES
WRITING VELOCITIES TO RESTART FILE AT STEP 370000
FINISHED WRITING RESTART VELOCITIES
PRESSURE: 380000 1557.69 164.844 -61.0027 164.842 -2192.66 50.5737 -61.0025 50.5741 -280.026
GPRESSURE: 380000 1522.84 73.0367 -15.3277 195.079 -2153.17 118.365 -40.3475 -5.4023 -280.234
PRESSAVG: 380000 1933.43 -59.0355 -108.224 -59.0355 -1951.05 -64.4524 -108.224 -64.4524 -6.03074
GPRESSAVG: 380000 1914.86 -28.4444 -115.155 -67.8131 -1943.54 -70.5243 -106.947 -62.3964 3.22223
TIMING: 380000  CPU: 341.829, 0.000900396/step  Wall: 341.888, 0.00090056/step, 383.761 ns/days, 1.15572 hours remaining, 0.000000 MB of memory in use.
PERFORMANCE: 380000  averaging 384.15 ns/day, 0.000899648 sec/step with standard deviation 2.31735e-06
ENERGY:  380000        27.2682        71.4354        60.6985         4.5134         -52241.9496    -85457.1530         0.0000         0.0000     10858.6760        -126676.5110       300.2794   -137535.1870   -126537.2296       297.2823           -304.9969      -303.5209    184513.1553        -7.8838        -8.4860

WRITING EXTENDED SYSTEM TO RESTART FILE AT STEP 380000
WRITING COORDINATES TO DCD FILE ../output/02_eq_4_CLKWWW.0.dcd AT STEP 380000
WRITING COORDINATES TO RESTART FILE AT STEP 380000
FINISHED WRITING RESTART COORDINATES
WRITING VELOCITIES TO RESTART FILE AT STEP 380000
FINISHED WRITING RESTART VELOCITIES
PRESSURE: 390000 1905.32 -7.31774 123.224 -7.31764 -2220.68 -41.867 123.224 -41.8679 -544.019
GPRESSURE: 390000 1867.84 82.4502 168.889 -157.303 -2179.16 -3.09008 144.815 -27.0171 -565.858
PRESSAVG: 390000 1948.12 -57.5765 -88.2924 -57.5765 -1966.68 -50.1253 -88.2924 -50.1253 1.12258
GPRESSAVG: 390000 1926.83 -21.6403 -91.8851 -74.2457 -1953.14 -51.7529 -90.1956 -48.3597 5.96281
TIMING: 390000  CPU: 350.856, 0.00090271/step  Wall: 350.916, 0.000902863/step, 382.782 ns/days, 1.15617 hours remaining, 0.000000 MB of memory in use.
PERFORMANCE: 390000  averaging 384.115 ns/day, 0.00089973 sec/step with standard deviation 2.34391e-06
ENERGY:  390000        23.4695        75.8922        56.4653         1.5445         -52332.8898    -85262.4368         0.0000         0.0000     10890.5621        -126547.3929       301.1612   -137437.9550   -126538.5768       297.5683           -286.4592      -292.3919    184640.6109        -5.8138        -6.7811

WRITING EXTENDED SYSTEM TO RESTART FILE AT STEP 390000
WRITING COORDINATES TO DCD FILE ../output/02_eq_4_CLKWWW.0.dcd AT STEP 390000
WRITING COORDINATES TO RESTART FILE AT STEP 390000
FINISHED WRITING RESTART COORDINATES
WRITING VELOCITIES TO RESTART FILE AT STEP 390000
FINISHED WRITING RESTART VELOCITIES
PRESSURE: 400000 1657.89 5.01807 -97.6281 5.02183 -2503.22 212.293 -97.6284 212.294 -389.126
GPRESSURE: 400000 1688.35 -4.46696 -138.901 18.6546 -2553.57 303.459 -138.151 102.343 -385.868
PRESSAVG: 400000 1911.09 -55.707 -89.8562 -55.707 -1984.06 -36.9785 -89.8562 -36.9785 -15.7225
GPRESSAVG: 400000 1892.69 -18.2527 -92.0567 -69.9847 -1975.07 -38.5823 -94.314 -40.7139 -10.3575
TIMING: 400000  CPU: 359.911, 0.000905524/step  Wall: 359.974, 0.000905729/step, 381.571 ns/days, 1.15732 hours remaining, 0.000000 MB of memory in use.
PERFORMANCE: 400000  averaging 384.051 ns/day, 0.00089988 sec/step with standard deviation 2.50053e-06
ETITLE:      TS           BOND          ANGLE          DIHED          IMPRP               ELECT            VDW       BOUNDARY           MISC        KINETIC               TOTAL           TEMP      POTENTIAL       TOTALAVG        TEMPAVG            PRESSURE      GPRESSURE         VOLUME       PRESSAVG      GPRESSAVG

ENERGY:  400000        26.4584        80.2849        54.0524         3.2769         -52141.8531    -85264.5162         0.0000         0.0000     10827.1858        -126415.1109       299.4086   -137242.2967   -126534.6696       297.6894           -411.4855      -417.0302    185056.5281       -29.5644       -30.9127

WRITING EXTENDED SYSTEM TO RESTART FILE AT STEP 400000
WRITING COORDINATES TO DCD FILE ../output/02_eq_4_CLKWWW.0.dcd AT STEP 400000
WRITING COORDINATES TO RESTART FILE AT STEP 400000
FINISHED WRITING RESTART COORDINATES
WRITING VELOCITIES TO RESTART FILE AT STEP 400000
FINISHED WRITING RESTART VELOCITIES
PRESSURE: 410000 2052.37 59.832 -74.1673 59.8307 -2154 -233.722 -74.1666 -233.722 635.159
GPRESSURE: 410000 1988.31 -23.2744 -64.8804 216.114 -2166.42 -184.276 -124.243 -89.9789 698.459
PRESSAVG: 410000 1942.58 -31.7969 -92.8195 -31.7969 -1958.19 -50.6098 -92.8195 -50.6098 37.5815
GPRESSAVG: 410000 1924.65 -4.73664 -93.5124 -31.7876 -1955.09 -48.4776 -98.8717 -47.3053 46.9047
TIMING: 410000  CPU: 368.935, 0.00090242/step  Wall: 369, 0.000902606/step, 382.891 ns/days, 1.15082 hours remaining, 0.000000 MB of memory in use.
PERFORMANCE: 410000  averaging 384.023 ns/day, 0.000899947 sec/step with standard deviation 2.50552e-06
ENERGY:  410000        29.8351        76.0505        63.7962         3.4830         -52045.7615    -85194.8216         0.0000         0.0000     10735.0628        -126332.3556       296.8611   -137067.4185   -126519.8115       297.7552            177.8455       173.4506    184474.0600         7.3243         5.4877

WRITING EXTENDED SYSTEM TO RESTART FILE AT STEP 410000
WRITING COORDINATES TO DCD FILE ../output/02_eq_4_CLKWWW.0.dcd AT STEP 410000
WRITING COORDINATES TO RESTART FILE AT STEP 410000
FINISHED WRITING RESTART COORDINATES
WRITING VELOCITIES TO RESTART FILE AT STEP 410000
FINISHED WRITING RESTART VELOCITIES
PRESSURE: 420000 2281.39 -68.1701 -303.038 -68.1692 -2061.29 310.517 -303.038 310.519 43.4544
GPRESSURE: 420000 2305.21 -116.42 -270.946 -5.84049 -2098.83 286.757 -355.084 388.21 77.4227
PRESSAVG: 420000 1939.13 -24.9318 -108.486 -24.9318 -1989.71 -41.0006 -108.486 -41.0006 29.7757
GPRESSAVG: 420000 1919.66 -6.70866 -106.868 -20.7709 -1990.3 -38.7021 -116.44 -31.2041 45.8622
TIMING: 420000  CPU: 377.969, 0.000903401/step  Wall: 378.035, 0.000903556/step, 382.489 ns/days, 1.14952 hours remaining, 0.000000 MB of memory in use.
PERFORMANCE: 420000  averaging 383.986 ns/day, 0.000900033 sec/step with standard deviation 2.53666e-06
ENERGY:  420000        26.7301        76.5904        55.8230         1.8142         -52033.5730    -85481.6742         0.0000         0.0000     10762.9080        -126591.3815       297.6311   -137354.2894   -126526.5089       297.7842             87.8490        94.6021    184361.7604        -6.9355        -8.2571

WRITING EXTENDED SYSTEM TO RESTART FILE AT STEP 420000
WRITING COORDINATES TO DCD FILE ../output/02_eq_4_CLKWWW.0.dcd AT STEP 420000
WRITING COORDINATES TO RESTART FILE AT STEP 420000
FINISHED WRITING RESTART COORDINATES
WRITING VELOCITIES TO RESTART FILE AT STEP 420000
FINISHED WRITING RESTART VELOCITIES
PRESSURE: 430000 2383.24 -35.4191 91.9943 -35.4194 -1324.09 -250.608 91.9913 -250.608 311.239
GPRESSURE: 430000 2391.26 16.2241 -33.286 -1.08898 -1292.82 -228.866 191.103 -252.18 287.817
PRESSAVG: 430000 1922.73 -17.5872 -88.6483 -17.5872 -1985.9 -70.9918 -88.6483 -70.9918 3.9358
GPRESSAVG: 430000 1907.78 -5.02265 -87.0817 -8.48973 -1985.43 -75.2723 -89.7267 -54.9001 15.5585
TIMING: 430000  CPU: 386.99, 0.00090212/step  Wall: 387.059, 0.000902384/step, 382.986 ns/days, 1.14553 hours remaining, 0.000000 MB of memory in use.
PERFORMANCE: 430000  averaging 383.963 ns/day, 0.000900087 sec/step with standard deviation 2.53179e-06
ENERGY:  430000        24.3854        77.2015        54.7816         3.4182         -52209.9992    -85263.9836         0.0000         0.0000     10783.2974        -126530.8986       298.1949   -137314.1960   -126518.1344       297.8033            456.7963       462.0886    185174.0337       -19.7431       -20.6962

WRITING EXTENDED SYSTEM TO RESTART FILE AT STEP 430000
WRITING COORDINATES TO DCD FILE ../output/02_eq_4_CLKWWW.0.dcd AT STEP 430000
WRITING COORDINATES TO RESTART FILE AT STEP 430000
FINISHED WRITING RESTART COORDINATES
WRITING VELOCITIES TO RESTART FILE AT STEP 430000
FINISHED WRITING RESTART VELOCITIES
PRESSURE: 440000 2176.55 -114.71 48.2689 -114.708 -1596.77 42.3006 48.2678 42.3018 -570.128
GPRESSURE: 440000 2083.69 -157.403 51.6429 -80.5805 -1546.99 54.8781 48.947 -64.5811 -523.655
PRESSAVG: 440000 1935.59 -18.3052 -89.7471 -18.3052 -1975.96 -63.2327 -89.7471 -63.2327 -10.2072
GPRESSAVG: 440000 1915.65 -13.6421 -87.8425 -5.24238 -1972.17 -61.2209 -88.5327 -55.0781 2.91654
TIMING: 440000  CPU: 395.99, 0.000899922/step  Wall: 396.06, 0.000900066/step, 383.972 ns/days, 1.14008 hours remaining, 0.000000 MB of memory in use.
PERFORMANCE: 440000  averaging 383.963 ns/day, 0.000900087 sec/step with standard deviation 2.50218e-06
ENERGY:  440000        27.4002        75.7728        53.9096         1.5174         -52219.5877    -85398.6107         0.0000         0.0000     10807.9726        -126651.6259       298.8773   -137459.5985   -126523.2874       297.9992              3.2171         4.3481    184639.2005       -16.8587       -17.8665

WRITING EXTENDED SYSTEM TO RESTART FILE AT STEP 440000
WRITING COORDINATES TO DCD FILE ../output/02_eq_4_CLKWWW.0.dcd AT STEP 440000
WRITING COORDINATES TO RESTART FILE AT STEP 440000
FINISHED WRITING RESTART COORDINATES
WRITING VELOCITIES TO RESTART FILE AT STEP 440000
FINISHED WRITING RESTART VELOCITIES
PRESSURE: 450000 2803.13 170.28 124.746 170.277 -1132.78 -74.5896 124.746 -74.5888 923.021
GPRESSURE: 450000 2717.15 312.793 279.62 165.865 -1107.53 -101.305 43.4536 7.62754 977.384
PRESSAVG: 450000 1985.51 -7.83788 -79.3962 -7.83788 -1927.66 -53.2609 -79.3962 -53.2609 26.6812
GPRESSAVG: 450000 1964.31 -2.99619 -65.9244 3.16416 -1926.12 -52.1458 -85.2543 -41.718 42.4743
TIMING: 450000  CPU: 405.012, 0.000902211/step  Wall: 405.084, 0.000902414/step, 382.973 ns/days, 1.14055 hours remaining, 0.000000 MB of memory in use.
PERFORMANCE: 450000  averaging 383.941 ns/day, 0.000900138 sec/step with standard deviation 2.4978e-06
ENERGY:  450000        25.6741        80.0595        61.5784         1.2031         -52124.8886    -85292.9959         0.0000         0.0000     10698.8490        -126550.5205       295.8596   -137249.3694   -126519.8487       297.9247            864.4565       862.3323    184204.3074        28.1758        26.8857

WRITING EXTENDED SYSTEM TO RESTART FILE AT STEP 450000
WRITING COORDINATES TO DCD FILE ../output/02_eq_4_CLKWWW.0.dcd AT STEP 450000
WRITING COORDINATES TO RESTART FILE AT STEP 450000
FINISHED WRITING RESTART COORDINATES
WRITING VELOCITIES TO RESTART FILE AT STEP 450000
FINISHED WRITING RESTART VELOCITIES
PRESSURE: 460000 1900.83 106.425 -111.09 106.427 -2246.61 -74.5656 -111.087 -74.5654 -453.412
GPRESSURE: 460000 1925.72 -2.87094 -72.0645 114.795 -2251.46 -13.996 -154.041 92.2997 -473.224
PRESSAVG: 460000 1993.26 -0.966592 -80.5752 -0.966592 -1946.4 -47.8481 -80.5752 -47.8481 -15.9047
GPRESSAVG: 460000 1970.33 -3.56839 -66.4137 11.1186 -1942.79 -42.7407 -80.5361 -25.768 -0.473325
TIMING: 460000  CPU: 414.021, 0.000900913/step  Wall: 414.095, 0.000901124/step, 383.521 ns/days, 1.13642 hours remaining, 0.000000 MB of memory in use.
PERFORMANCE: 460000  averaging 383.932 ns/day, 0.00090016 sec/step with standard deviation 2.47416e-06
ENERGY:  460000        29.9361        82.2012        61.5972         2.3195         -52008.1014    -85545.0263         0.0000         0.0000     10795.8755        -126581.1982       298.5428   -137377.0737   -126519.5930       298.1156           -266.3969      -266.3194    185349.4062        10.3186         9.0197

WRITING EXTENDED SYSTEM TO RESTART FILE AT STEP 460000
WRITING COORDINATES TO DCD FILE ../output/02_eq_4_CLKWWW.0.dcd AT STEP 460000
WRITING COORDINATES TO RESTART FILE AT STEP 460000
FINISHED WRITING RESTART COORDINATES
WRITING VELOCITIES TO RESTART FILE AT STEP 460000
FINISHED WRITING RESTART VELOCITIES
PRESSURE: 470000 1411.02 -301.835 -319.009 -301.835 -2661.03 62.5407 -319.009 62.5412 -718.843
GPRESSURE: 470000 1387.36 -296.539 -220.716 -319.679 -2662.9 94.0315 -239.888 21.9503 -695.31
PRESSAVG: 470000 1961.05 -16.5714 -92.0459 -16.5714 -1980.61 -20.6482 -92.0459 -20.6482 -88.8737
GPRESSAVG: 470000 1938.74 -19.3371 -70.0326 -4.40205 -1979.96 -15.2775 -85.215 4.62079 -70.7585
TIMING: 470000  CPU: 423.05, 0.000902972/step  Wall: 423.127, 0.000903167/step, 382.653 ns/days, 1.13649 hours remaining, 0.000000 MB of memory in use.
PERFORMANCE: 470000  averaging 383.905 ns/day, 0.000900224 sec/step with standard deviation 2.48612e-06
ENERGY:  470000        31.9701        76.0696        66.1685         3.3262         -52229.7894    -85435.2840         0.0000         0.0000     10859.8242        -126627.7149       300.3111   -137487.5390   -126531.9988       298.3160           -656.2845      -656.9518    184882.3244       -36.1440       -37.3248

WRITING EXTENDED SYSTEM TO RESTART FILE AT STEP 470000
WRITING COORDINATES TO DCD FILE ../output/02_eq_4_CLKWWW.0.dcd AT STEP 470000
WRITING COORDINATES TO RESTART FILE AT STEP 470000
FINISHED WRITING RESTART COORDINATES
WRITING VELOCITIES TO RESTART FILE AT STEP 470000
FINISHED WRITING RESTART VELOCITIES
PRESSURE: 480000 1991.65 129.646 -161.556 129.648 -1701.05 -153.218 -161.556 -153.22 328.566
GPRESSURE: 480000 1953.66 237.539 -70.4211 151.74 -1710.13 -245.452 -135.774 -201.935 381.217
PRESSAVG: 480000 1965.01 -20.3978 -108.171 -20.3978 -1981.2 -17.9803 -108.171 -17.9803 -75.0035
GPRESSAVG: 480000 1942.07 -21.7064 -81.9978 -3.48333 -1979.53 -18.3016 -105.227 6.05977 -56.4466
TIMING: 480000  CPU: 432.06, 0.000900915/step  Wall: 432.137, 0.000901048/step, 383.553 ns/days, 1.13132 hours remaining, 0.000000 MB of memory in use.
PERFORMANCE: 480000  averaging 383.897 ns/day, 0.000900241 sec/step with standard deviation 2.46241e-06
ENERGY:  480000        31.8836        71.7921        57.8500         7.1341         -52131.2747    -85312.1690         0.0000         0.0000     10784.3112        -126490.4727       298.2230   -137274.7839   -126541.9342       298.2895            206.3888       208.2502    184441.9648       -30.3954       -31.3009

WRITING EXTENDED SYSTEM TO RESTART FILE AT STEP 480000
WRITING COORDINATES TO DCD FILE ../output/02_eq_4_CLKWWW.0.dcd AT STEP 480000
WRITING COORDINATES TO RESTART FILE AT STEP 480000
FINISHED WRITING RESTART COORDINATES
WRITING VELOCITIES TO RESTART FILE AT STEP 480000
FINISHED WRITING RESTART VELOCITIES
PRESSURE: 490000 2040.17 104.429 163.073 104.429 -2101.65 -8.30638 163.073 -8.30576 227.329
GPRESSURE: 490000 2031.4 103.294 153.39 64.197 -2062.41 -2.10077 151.275 4.15544 200.707
PRESSAVG: 490000 1997.93 2.81953 -84.2898 2.81953 -1969.47 -15.0116 -84.2898 -15.0116 -38.7702
GPRESSAVG: 490000 1974.54 -1.11647 -57.5057 26.0564 -1967.17 -8.26044 -81.016 4.87953 -19.5142
TIMING: 490000  CPU: 441.099, 0.000903924/step  Wall: 441.178, 0.000904111/step, 382.254 ns/days, 1.13265 hours remaining, 0.000000 MB of memory in use.
PERFORMANCE: 490000  averaging 383.864 ns/day, 0.00090032 sec/step with standard deviation 2.49855e-06
ENERGY:  490000        28.4063        66.4992        56.5742         1.8903         -52204.0444    -85279.5051         0.0000         0.0000     10826.3951        -126503.7844       299.3867   -137330.1795   -126537.2352       298.2988             55.2824        56.5640    184051.6086        -3.4362        -4.0470

WRITING EXTENDED SYSTEM TO RESTART FILE AT STEP 490000
WRITING COORDINATES TO DCD FILE ../output/02_eq_4_CLKWWW.0.dcd AT STEP 490000
WRITING COORDINATES TO RESTART FILE AT STEP 490000
FINISHED WRITING RESTART COORDINATES
WRITING VELOCITIES TO RESTART FILE AT STEP 490000
FINISHED WRITING RESTART VELOCITIES
PRESSURE: 500000 1484.05 180.428 120.232 180.428 -2531.92 -100.854 120.232 -100.855 -935.196
GPRESSURE: 500000 1541.87 217.857 165.165 62.8626 -2558.69 -110.832 193.165 -130.278 -963.961
PRESSAVG: 500000 1974.41 15.7128 -67.3208 15.7128 -2008.55 -21.0461 -67.3208 -21.0461 -92.0935
GPRESSAVG: 500000 1955.17 16.8045 -40.4489 30.9902 -2007.08 -17.6901 -58.4657 0.583404 -75.2352
TIMING: 500000  CPU: 450.103, 0.000900379/step  Wall: 450.184, 0.0009006/step, 383.744 ns/days, 1.12575 hours remaining, 0.000000 MB of memory in use.
PERFORMANCE: 500000  averaging 383.861 ns/day, 0.000900326 sec/step with standard deviation 2.47324e-06
ETITLE:      TS           BOND          ANGLE          DIHED          IMPRP               ELECT            VDW       BOUNDARY           MISC        KINETIC               TOTAL           TEMP      POTENTIAL       TOTALAVG        TEMPAVG            PRESSURE      GPRESSURE         VOLUME       PRESSAVG      GPRESSAVG

ENERGY:  500000        36.1801        79.6168        55.1254         4.4508         -52163.7013    -85282.9724         0.0000         0.0000     10739.1849        -126532.1157       296.9751   -137271.3006   -126533.6265       298.3346           -661.0215      -660.2579    184965.9377       -42.0781       -42.3808

WRITING EXTENDED SYSTEM TO RESTART FILE AT STEP 500000
WRITING COORDINATES TO DCD FILE ../output/02_eq_4_CLKWWW.0.dcd AT STEP 500000
WRITING COORDINATES TO RESTART FILE AT STEP 500000
FINISHED WRITING RESTART COORDINATES
WRITING VELOCITIES TO RESTART FILE AT STEP 500000
FINISHED WRITING RESTART VELOCITIES
PRESSURE: 510000 1764.66 -61.7929 -265.643 -61.7946 -1827.57 -226.196 -265.646 -226.197 -129.846
GPRESSURE: 510000 1667.27 -55.8605 -413.792 -66.8522 -1788.26 -210.43 -315.949 -151.668 -81.773
PRESSAVG: 510000 1961.43 14.651 -70.432 14.651 -1996.48 -13.209 -70.432 -13.209 -86.2804
GPRESSAVG: 510000 1935.56 20.5365 -55.6252 28.0036 -1988.77 -1.70319 -63.8516 9.8205 -69.0657
TIMING: 510000  CPU: 459.118, 0.000901514/step  Wall: 459.201, 0.0009017/step, 383.276 ns/days, 1.12462 hours remaining, 0.000000 MB of memory in use.
PERFORMANCE: 510000  averaging 383.85 ns/day, 0.000900353 sec/step with standard deviation 2.45594e-06
ENERGY:  510000        21.9049        81.3166        60.3585         1.6160         -52170.7048    -85111.3415         0.0000         0.0000     10846.2731        -126270.5771       299.9364   -137116.8503   -126518.6744       298.5379            -64.2522       -67.5874    184446.3183       -40.4436       -40.7594

WRITING EXTENDED SYSTEM TO RESTART FILE AT STEP 510000
WRITING COORDINATES TO DCD FILE ../output/02_eq_4_CLKWWW.0.dcd AT STEP 510000
WRITING COORDINATES TO RESTART FILE AT STEP 510000
FINISHED WRITING RESTART COORDINATES
WRITING VELOCITIES TO RESTART FILE AT STEP 510000
FINISHED WRITING RESTART VELOCITIES
PRESSURE: 520000 1459.76 -117.104 -195.17 -117.104 -2200.24 -31.1563 -195.169 -31.155 -244.567
GPRESSURE: 520000 1517.98 10.1726 -138.435 -189.792 -2205.29 -74.8666 -173.907 -48.696 -316.724
PRESSAVG: 520000 1933.22 4.95678 -73.3863 4.95678 -2013.12 -14.7603 -73.3863 -14.7603 -96.2665
GPRESSAVG: 520000 1914.45 21.3435 -58.8435 12.1567 -2008.92 -1.82428 -67.7806 1.37919 -83.8417
TIMING: 520000  CPU: 468.144, 0.000902657/step  Wall: 468.229, 0.000902751/step, 382.83 ns/days, 1.12342 hours remaining, 0.000000 MB of memory in use.
PERFORMANCE: 520000  averaging 383.83 ns/day, 0.000900399 sec/step with standard deviation 2.45439e-06
ENERGY:  520000        28.5319        63.8046        62.0409         1.7755         -52300.1275    -85353.0464         0.0000         0.0000     10802.5140        -126694.5070       298.7263   -137497.0210   -126527.0426       298.6319           -328.3497      -334.6786    184821.1483       -58.7224       -59.4382

WRITING EXTENDED SYSTEM TO RESTART FILE AT STEP 520000
WRITING COORDINATES TO DCD FILE ../output/02_eq_4_CLKWWW.0.dcd AT STEP 520000
WRITING COORDINATES TO RESTART FILE AT STEP 520000
FINISHED WRITING RESTART COORDINATES
WRITING VELOCITIES TO RESTART FILE AT STEP 520000
FINISHED WRITING RESTART VELOCITIES
PRESSURE: 530000 2222.71 -124.136 -16.5976 -124.136 -1743.22 -260.415 -16.5965 -260.416 -177.369
GPRESSURE: 530000 2214.46 -89.4658 -58.5626 -122.054 -1771.91 -158.247 0.193568 -371.115 -145.472
PRESSAVG: 530000 1920.98 14.3281 -67.3521 14.3281 -2010.67 -26.471 -67.3521 -26.471 -107.445
GPRESSAVG: 530000 1900.93 34.0691 -53.5725 17.0827 -2007.09 -13.1175 -66.2835 -14.9828 -92.6787
TIMING: 530000  CPU: 477.161, 0.000901707/step  Wall: 477.248, 0.000901921/step, 383.182 ns/days, 1.11989 hours remaining, 0.000000 MB of memory in use.
PERFORMANCE: 530000  averaging 383.818 ns/day, 0.000900427 sec/step with standard deviation 2.43965e-06
ENERGY:  530000        36.0151        67.7911        57.1311         3.3408         -52372.9604    -85133.6931         0.0000         0.0000     10750.1065        -126592.2690       297.2771   -137342.3755   -126534.0702       298.6322            100.7097        99.0261    184005.5991       -65.7142       -66.2788

WRITING EXTENDED SYSTEM TO RESTART FILE AT STEP 530000
WRITING COORDINATES TO DCD FILE ../output/02_eq_4_CLKWWW.0.dcd AT STEP 530000
WRITING COORDINATES TO RESTART FILE AT STEP 530000
FINISHED WRITING RESTART COORDINATES
WRITING VELOCITIES TO RESTART FILE AT STEP 530000
FINISHED WRITING RESTART VELOCITIES
PRESSURE: 540000 1847.09 122.098 177.794 122.098 -1849.26 208.029 177.793 208.027 389.863
GPRESSURE: 540000 1817.26 85.5793 248.223 91.4109 -1751.06 132.549 241.916 300.199 321.566
PRESSAVG: 540000 1909.08 20.8238 -55.5895 20.8238 -2003.2 -22.3585 -55.5895 -22.3585 -85.1222
GPRESSAVG: 540000 1886.34 34.8578 -37.5467 22.6731 -1993.88 -12.2904 -49.2781 -9.88096 -73.7935
TIMING: 540000  CPU: 486.186, 0.000902491/step  Wall: 486.275, 0.000902651/step, 382.872 ns/days, 1.11828 hours remaining, 0.000000 MB of memory in use.
PERFORMANCE: 540000  averaging 383.8 ns/day, 0.000900469 sec/step with standard deviation 2.4354e-06
ENERGY:  540000        31.2914        77.5474        63.3378         3.4720         -52117.6070    -85315.6258         0.0000         0.0000     10752.5600        -126505.0242       297.3449   -137257.5842   -126534.3578       298.5977            129.2296       129.2575    184811.1569       -59.7479       -60.4432

WRITING EXTENDED SYSTEM TO RESTART FILE AT STEP 540000
WRITING COORDINATES TO DCD FILE ../output/02_eq_4_CLKWWW.0.dcd AT STEP 540000
WRITING COORDINATES TO RESTART FILE AT STEP 540000
FINISHED WRITING RESTART COORDINATES
WRITING VELOCITIES TO RESTART FILE AT STEP 540000
FINISHED WRITING RESTART VELOCITIES
PRESSURE: 550000 2287.88 -75.4162 130.268 -75.4168 -2098.75 -102.082 130.269 -102.078 53.7786
GPRESSURE: 550000 2249.41 68.9989 118.052 -118.234 -2157.44 -50.2589 211.858 -62.6863 134.867
PRESSAVG: 550000 1939.81 14.4122 -52.3229 14.4122 -2007 -24.9166 -52.3229 -24.9166 -67.1772
GPRESSAVG: 550000 1918.17 31.1144 -33.5463 14.2653 -2000.55 -16.3275 -43.302 -7.54806 -54.4822
TIMING: 550000  CPU: 495.197, 0.00090103/step  Wall: 495.287, 0.000901223/step, 383.479 ns/days, 1.11401 hours remaining, 0.000000 MB of memory in use.
PERFORMANCE: 550000  averaging 383.794 ns/day, 0.000900482 sec/step with standard deviation 2.41489e-06
ENERGY:  550000        30.2698        68.4439        59.1974         3.0731         -52317.1122    -85322.4499         0.0000         0.0000     10729.9666        -126748.6113       296.7201   -137478.5779   -126543.9236       298.4623             80.9712        75.6127    184378.1456       -44.7914       -45.6206

WRITING EXTENDED SYSTEM TO RESTART FILE AT STEP 550000
WRITING COORDINATES TO DCD FILE ../output/02_eq_4_CLKWWW.0.dcd AT STEP 550000
WRITING COORDINATES TO RESTART FILE AT STEP 550000
FINISHED WRITING RESTART COORDINATES
WRITING VELOCITIES TO RESTART FILE AT STEP 550000
FINISHED WRITING RESTART VELOCITIES
PRESSURE: 560000 1388.6 -372.383 -420.499 -372.384 -1997.34 -262.195 -420.498 -262.196 -585.824
GPRESSURE: 560000 1396.36 -418.557 -501.218 -414.25 -1989.8 -198.149 -480.29 -285.342 -614.525
PRESSAVG: 560000 1948.72 -8.76477 -66.4894 -8.76477 -1982.42 -52.8482 -66.4894 -52.8482 -89.2953
GPRESSAVG: 560000 1930.74 12.2294 -54.8085 -18.1569 -1974.32 -41.7454 -59.2889 -39.3492 -82.5433
TIMING: 560000  CPU: 504.218, 0.00090215/step  Wall: 504.309, 0.000902194/step, 383.066 ns/days, 1.11271 hours remaining, 0.000000 MB of memory in use.
PERFORMANCE: 560000  averaging 383.781 ns/day, 0.000900513 sec/step with standard deviation 2.40375e-06
ENERGY:  560000        30.6574        73.5696        58.4311         3.0440         -51945.2580    -85410.5589         0.0000         0.0000     10761.1651        -126428.9498       297.5829   -137190.1149   -126546.6056       298.4959           -398.1889      -402.6532    184767.3796       -40.9978       -42.0380

WRITING EXTENDED SYSTEM TO RESTART FILE AT STEP 560000
WRITING COORDINATES TO DCD FILE ../output/02_eq_4_CLKWWW.0.dcd AT STEP 560000
WRITING COORDINATES TO RESTART FILE AT STEP 560000
FINISHED WRITING RESTART COORDINATES
WRITING VELOCITIES TO RESTART FILE AT STEP 560000
FINISHED WRITING RESTART VELOCITIES
PRESSURE: 570000 1232.24 -0.080103 192.436 -0.0822365 -2141.11 194.685 192.437 194.685 -742.954
GPRESSURE: 570000 1224.04 0.387348 269.624 -81.3662 -2155.14 167.318 207.403 232.497 -731.061
PRESSAVG: 570000 1892.41 -11.7682 -42.6682 -11.7682 -2014.26 -36.9417 -42.6682 -36.9417 -142.945
GPRESSAVG: 570000 1874.57 2.17367 -27.1972 -23.8162 -2008.15 -21.2256 -36.1772 -27.0798 -134.911
TIMING: 570000  CPU: 513.253, 0.000903498/step  Wall: 513.345, 0.000903661/step, 382.444 ns/days, 1.11201 hours remaining, 0.000000 MB of memory in use.
PERFORMANCE: 570000  averaging 383.758 ns/day, 0.000900568 sec/step with standard deviation 2.41841e-06
ENERGY:  570000        28.1320        96.2037        68.7728         1.8040         -52383.3971    -85207.1029         0.0000         0.0000     10739.3579        -126656.2297       296.9798   -137395.5875   -126546.3625       298.3140           -550.6092      -554.0538    184496.2830       -88.2649       -89.4956

WRITING EXTENDED SYSTEM TO RESTART FILE AT STEP 570000
WRITING COORDINATES TO DCD FILE ../output/02_eq_4_CLKWWW.0.dcd AT STEP 570000
WRITING COORDINATES TO RESTART FILE AT STEP 570000
FINISHED WRITING RESTART COORDINATES
WRITING VELOCITIES TO RESTART FILE AT STEP 570000
FINISHED WRITING RESTART VELOCITIES
PRESSURE: 580000 1966.42 12.3356 -87.4323 12.3367 -1588.24 -27.6688 -87.4325 -27.671 167.568
GPRESSURE: 580000 1916.25 -19.716 -131.028 0.220437 -1519.37 55.8781 -152.914 21.6895 149.567
PRESSAVG: 580000 1912.85 -19.3935 -43.9897 -19.3935 -1984.04 -40.8539 -43.9897 -40.8539 -120.565
GPRESSAVG: 580000 1894.24 -2.46397 -32.9822 -33.5591 -1976.46 -24.35 -41.8055 -25.7252 -113.421
TIMING: 580000  CPU: 522.282, 0.000902868/step  Wall: 522.377, 0.000903168/step, 382.653 ns/days, 1.10889 hours remaining, 0.000000 MB of memory in use.
PERFORMANCE: 580000  averaging 383.739 ns/day, 0.000900613 sec/step with standard deviation 2.42129e-06
ENERGY:  580000        30.6802        77.0036        51.8563         1.1307         -52267.1802    -85267.4509         0.0000         0.0000     10779.0345        -126594.9257       298.0770   -137373.9602   -126542.2833       298.2039            181.9185       182.1511    183889.4513       -63.9192       -65.2120

WRITING EXTENDED SYSTEM TO RESTART FILE AT STEP 580000
WRITING COORDINATES TO DCD FILE ../output/02_eq_4_CLKWWW.0.dcd AT STEP 580000
WRITING COORDINATES TO RESTART FILE AT STEP 580000
FINISHED WRITING RESTART COORDINATES
WRITING VELOCITIES TO RESTART FILE AT STEP 580000
FINISHED WRITING RESTART VELOCITIES
PRESSURE: 590000 1995.81 41.1976 225.114 41.1968 -2011.96 186.131 225.115 186.131 -322.092
GPRESSURE: 590000 2024.97 3.22421 340.063 126.909 -2048.11 244.663 150.425 188.112 -306.404
PRESSAVG: 590000 1917.37 -16.9678 -38.8952 -16.9678 -1973.6 -29.454 -38.8952 -29.454 -109.469
GPRESSAVG: 590000 1902.1 -6.42527 -24.4235 -19.3485 -1969.91 -11.9623 -41.525 -14.9688 -100.449
TIMING: 590000  CPU: 531.306, 0.000902468/step  Wall: 531.402, 0.000902479/step, 382.945 ns/days, 1.10554 hours remaining, 0.000000 MB of memory in use.
PERFORMANCE: 590000  averaging 383.725 ns/day, 0.000900645 sec/step with standard deviation 2.41259e-06
ENERGY:  590000        29.5529        78.4101        57.1519         2.4260         -52006.5917    -85334.8539         0.0000         0.0000     10814.8093        -126359.0953       299.0663   -137173.9046   -126532.8684       298.0991           -112.7501      -109.8474    185547.0633       -55.2337       -56.0848

WRITING EXTENDED SYSTEM TO RESTART FILE AT STEP 590000
WRITING COORDINATES TO DCD FILE ../output/02_eq_4_CLKWWW.0.dcd AT STEP 590000
WRITING COORDINATES TO RESTART FILE AT STEP 590000
FINISHED WRITING RESTART COORDINATES
WRITING VELOCITIES TO RESTART FILE AT STEP 590000
FINISHED WRITING RESTART VELOCITIES
PRESSURE: 600000 2180.35 337.404 214.506 337.403 -1727.52 -170.392 214.507 -170.392 7.73054
GPRESSURE: 600000 2212.94 281.939 115.039 332.79 -1669.48 -166.21 239.615 -139.048 -67.0832
PRESSAVG: 600000 1943.5 -0.348748 -23.2884 -0.348748 -1934.82 -48.5883 -23.2884 -48.5883 -89.6261
GPRESSAVG: 600000 1928.33 7.89504 -11.7265 -3.64175 -1925.7 -35.4457 -22.6367 -27.0383 -84.5093
TIMING: 600000  CPU: 540.318, 0.000901159/step  Wall: 540.413, 0.00090113/step, 383.519 ns/days, 1.10138 hours remaining, 0.000000 MB of memory in use.
PERFORMANCE: 600000  averaging 383.722 ns/day, 0.000900653 sec/step with standard deviation 2.39288e-06
ETITLE:      TS           BOND          ANGLE          DIHED          IMPRP               ELECT            VDW       BOUNDARY           MISC        KINETIC               TOTAL           TEMP      POTENTIAL       TOTALAVG        TEMPAVG            PRESSURE      GPRESSURE         VOLUME       PRESSAVG      GPRESSAVG

ENERGY:  600000        31.2055        77.6157        62.8467         1.4999         -52359.1373    -85157.6503         0.0000         0.0000     10748.8843        -126594.7354       297.2433   -137343.6197   -126541.8496       297.9908            153.5204       158.7922    183674.8772       -26.9834       -27.2937

WRITING EXTENDED SYSTEM TO RESTART FILE AT STEP 600000
WRITING COORDINATES TO DCD FILE ../output/02_eq_4_CLKWWW.0.dcd AT STEP 600000
WRITING COORDINATES TO RESTART FILE AT STEP 600000
FINISHED WRITING RESTART COORDINATES
WRITING VELOCITIES TO RESTART FILE AT STEP 600000
FINISHED WRITING RESTART VELOCITIES
PRESSURE: 610000 1923.59 -20.1424 -184.295 -20.1416 -1929.84 76.1368 -184.296 76.1363 721.783
GPRESSURE: 610000 1906.56 -25.9823 -179.886 -30.498 -1982.45 16.069 -177.177 49.962 798.031
PRESSAVG: 610000 1937.06 -4.34737 -28.7949 -4.34737 -1923.61 -33.0954 -28.7949 -33.0954 -85.2949
GPRESSAVG: 610000 1924.24 7.75964 -17.4768 -15.9724 -1916.5 -25.4285 -25.2834 -20.0413 -79.5307
TIMING: 610000  CPU: 549.349, 0.000903077/step  Wall: 549.447, 0.000903352/step, 382.575 ns/days, 1.10159 hours remaining, 0.000000 MB of memory in use.
PERFORMANCE: 610000  averaging 383.703 ns/day, 0.000900697 sec/step with standard deviation 2.39789e-06
ENERGY:  610000        31.6364        67.6148        54.5949         0.2046         -52148.9901    -85322.0914         0.0000         0.0000     10747.8286        -126569.2021       297.2141   -137317.0307   -126553.6919       298.0085            238.5092       240.7116    185086.9922       -23.9502       -23.9307

WRITING EXTENDED SYSTEM TO RESTART FILE AT STEP 610000
WRITING COORDINATES TO DCD FILE ../output/02_eq_4_CLKWWW.0.dcd AT STEP 610000
WRITING COORDINATES TO RESTART FILE AT STEP 610000
FINISHED WRITING RESTART COORDINATES
WRITING VELOCITIES TO RESTART FILE AT STEP 610000
FINISHED WRITING RESTART VELOCITIES
PRESSURE: 620000 1785.71 228.825 146.03 228.825 -2468.14 -50.919 146.031 -50.9187 481.877
GPRESSURE: 620000 1839.92 177.66 174.737 326.677 -2489.63 24.3942 167.39 -56.5728 458.186
PRESSAVG: 620000 1912.27 10.5023 -6.34143 10.5023 -1943.95 -51.1673 -6.34143 -51.1673 -63.3737
GPRESSAVG: 620000 1900.98 22.4637 4.80734 0.653535 -1936.04 -38.5466 0.840251 -42.2804 -60.4925
TIMING: 620000  CPU: 558.368, 0.000901925/step  Wall: 558.468, 0.000902108/step, 383.103 ns/days, 1.09757 hours remaining, 0.000000 MB of memory in use.
PERFORMANCE: 620000  averaging 383.693 ns/day, 0.00090072 sec/step with standard deviation 2.3849e-06
ENERGY:  620000        32.8570        90.2712        57.7027         1.4639         -52316.8959    -85150.6019         0.0000         0.0000     10761.5503        -126523.6527       297.5935   -137285.2030   -126550.3055       298.0066            -66.8501       -63.8417    184750.3629       -31.6852       -31.8528

WRITING EXTENDED SYSTEM TO RESTART FILE AT STEP 620000
WRITING COORDINATES TO DCD FILE ../output/02_eq_4_CLKWWW.0.dcd AT STEP 620000
WRITING COORDINATES TO RESTART FILE AT STEP 620000
FINISHED WRITING RESTART COORDINATES
WRITING VELOCITIES TO RESTART FILE AT STEP 620000
FINISHED WRITING RESTART VELOCITIES
PRESSURE: 630000 1371.24 281.473 -256.706 281.472 -1924.74 -77.9073 -256.705 -77.9083 532.426
GPRESSURE: 630000 1337.94 322.088 -204.886 297.229 -1974.23 -49.5098 -237.168 -52.3426 621.999
PRESSAVG: 630000 1861.67 26.3469 -23.7763 26.3469 -1973.99 -42.5323 -23.7763 -42.5323 -52.3144
GPRESSAVG: 630000 1848.31 37.7569 -3.77265 15.5694 -1970.11 -29.5788 -20.5733 -32.2886 -43.7834
TIMING: 630000  CPU: 567.365, 0.00089973/step  Wall: 567.466, 0.000899858/step, 384.061 ns/days, 1.09233 hours remaining, 0.000000 MB of memory in use.
PERFORMANCE: 630000  averaging 383.699 ns/day, 0.000900706 sec/step with standard deviation 2.36808e-06
ENERGY:  630000        33.2919        63.8272        62.1254         2.3566         -52120.1253    -85262.6643         0.0000         0.0000     10815.6203        -126405.5682       299.0888   -137221.1886   -126544.0390       298.0513             -7.0255        -4.7638    185044.2700       -54.8763       -55.1955

WRITING EXTENDED SYSTEM TO RESTART FILE AT STEP 630000
WRITING COORDINATES TO DCD FILE ../output/02_eq_4_CLKWWW.0.dcd AT STEP 630000
WRITING COORDINATES TO RESTART FILE AT STEP 630000
FINISHED WRITING RESTART COORDINATES
WRITING VELOCITIES TO RESTART FILE AT STEP 630000
FINISHED WRITING RESTART VELOCITIES
PRESSURE: 640000 1772.73 167.289 77.9788 167.289 -1643.63 85.345 77.9762 85.3442 771.902
GPRESSURE: 640000 1751.25 79.2286 172.16 182.421 -1700.91 88.5678 115.897 -5.94352 856.227
PRESSAVG: 640000 1841.48 40.4467 -22.2908 40.4467 -1976.33 -40.3802 -22.2908 -40.3802 14.7871
GPRESSAVG: 640000 1831.69 49.5885 2.25322 28.7195 -1977.81 -27.8944 -17.2258 -29.3567 25.2107
TIMING: 640000  CPU: 576.37, 0.000900429/step  Wall: 576.472, 0.000900601/step, 383.744 ns/days, 1.09073 hours remaining, 0.000000 MB of memory in use.
PERFORMANCE: 640000  averaging 383.7 ns/day, 0.000900704 sec/step with standard deviation 2.34924e-06
ENERGY:  640000        40.6945        85.3517        55.7813         2.4853         -52430.0621    -85143.7282         0.0000         0.0000     10740.7632        -126648.7142       297.0187   -137389.4774   -126543.8934       297.9584            300.3365       302.1890    184073.3221       -40.0203       -40.3034

WRITING EXTENDED SYSTEM TO RESTART FILE AT STEP 640000
WRITING COORDINATES TO DCD FILE ../output/02_eq_4_CLKWWW.0.dcd AT STEP 640000
WRITING COORDINATES TO RESTART FILE AT STEP 640000
FINISHED WRITING RESTART COORDINATES
WRITING VELOCITIES TO RESTART FILE AT STEP 640000
FINISHED WRITING RESTART VELOCITIES
PRESSURE: 650000 2410.86 -4.93266 18.6122 -4.93359 -1172.85 119.706 18.6108 119.707 -344.408
GPRESSURE: 650000 2406.19 -22.8518 0.795352 52.6966 -1188.22 162.508 37.1792 123.355 -329.094
PRESSAVG: 650000 1821.87 31.6862 -27.5976 31.6862 -1978.33 -30.6654 -27.5976 -30.6654 -48.5843
GPRESSAVG: 650000 1816.14 32.8062 -11.688 23.0611 -1981.84 -14.7037 -17.5395 -23.5703 -40.1132
TIMING: 650000  CPU: 585.366, 0.000899626/step  Wall: 585.471, 0.000899859/step, 384.06 ns/days, 1.08733 hours remaining, 0.000000 MB of memory in use.
PERFORMANCE: 650000  averaging 383.705 ns/day, 0.000900691 sec/step with standard deviation 2.33318e-06
ENERGY:  650000        32.2926        71.8067        61.7455         2.3492         -52040.3486    -85347.9548         0.0000         0.0000     10738.0322        -126482.0772       296.9432   -137220.1094   -126540.4712       298.0126            297.8664       296.2903    184338.8409       -68.3498       -68.6055

WRITING EXTENDED SYSTEM TO RESTART FILE AT STEP 650000
WRITING COORDINATES TO DCD FILE ../output/02_eq_4_CLKWWW.0.dcd AT STEP 650000
WRITING COORDINATES TO RESTART FILE AT STEP 650000
FINISHED WRITING RESTART COORDINATES
WRITING VELOCITIES TO RESTART FILE AT STEP 650000
FINISHED WRITING RESTART VELOCITIES
PRESSURE: 660000 2308.44 71.6321 -30.1226 71.6318 -1869.57 170.504 -30.1221 170.504 308.333
GPRESSURE: 660000 2345.87 -13.9221 -60.4147 168.74 -1835.07 92.9152 -83.1532 207.583 245.138
PRESSAVG: 660000 1842.25 29.9465 -23.5494 29.9465 -1959.48 -18.4119 -23.5494 -18.4119 -10.497
GPRESSAVG: 660000 1837.15 32.2537 -11.1055 25.7583 -1961.02 -9.35815 -13.9951 -17.8062 -4.19511
TIMING: 660000  CPU: 594.376, 0.000900973/step  Wall: 594.48, 0.000900933/step, 383.602 ns/days, 1.08612 hours remaining, 0.000000 MB of memory in use.
PERFORMANCE: 660000  averaging 383.704 ns/day, 0.000900695 sec/step with standard deviation 2.31535e-06
ENERGY:  660000        28.3578        89.8817        57.9627         2.6307         -52323.9785    -85132.8860         0.0000         0.0000     10903.5288        -126374.5027       301.5197   -137278.0316   -126530.1365       298.1614            249.0675       251.9790    184631.6853       -42.5766       -42.6906

WRITING EXTENDED SYSTEM TO RESTART FILE AT STEP 660000
WRITING COORDINATES TO DCD FILE ../output/02_eq_4_CLKWWW.0.dcd AT STEP 660000
WRITING COORDINATES TO RESTART FILE AT STEP 660000
FINISHED WRITING RESTART COORDINATES
WRITING VELOCITIES TO RESTART FILE AT STEP 660000
FINISHED WRITING RESTART VELOCITIES
PRESSURE: 670000 2093.66 -366.051 -516.998 -366.05 -2351.83 103.992 -517.001 103.994 344.197
GPRESSURE: 670000 2117.01 -419.76 -388.579 -359.351 -2377.56 70.1643 -476.535 5.50658 349.742
PRESSAVG: 670000 1876.38 26.7357 -33.449 26.7357 -1944.02 -16.3393 -33.449 -16.3393 42.6549
GPRESSAVG: 670000 1873.63 26.0926 -19.4987 23.7747 -1946.76 -10.5515 -25.8275 -18.6284 48.0575
TIMING: 670000  CPU: 603.397, 0.000902125/step  Wall: 603.504, 0.00090236/step, 382.996 ns/days, 1.08534 hours remaining, 0.000000 MB of memory in use.
PERFORMANCE: 670000  averaging 383.693 ns/day, 0.00090072 sec/step with standard deviation 2.30673e-06
ENERGY:  670000        44.8943        81.3649        61.6809         3.3750         -52352.6862    -85164.7834         0.0000         0.0000     10806.0375        -126520.1168       298.8238   -137326.1543   -126524.7566       298.0870             28.6737        29.7312    185149.5217        -8.3287        -8.3565

WRITING EXTENDED SYSTEM TO RESTART FILE AT STEP 670000
WRITING COORDINATES TO DCD FILE ../output/02_eq_4_CLKWWW.0.dcd AT STEP 670000
WRITING COORDINATES TO RESTART FILE AT STEP 670000
FINISHED WRITING RESTART COORDINATES
WRITING VELOCITIES TO RESTART FILE AT STEP 670000
FINISHED WRITING RESTART VELOCITIES
PRESSURE: 680000 1451.61 117.796 175.953 117.797 -1748.95 -330.633 175.953 -330.633 415.487
GPRESSURE: 680000 1494.05 92.1501 140.006 85.9764 -1788.83 -263.724 200.711 -378.971 441.628
PRESSAVG: 680000 1849.38 26.1431 -16.5735 26.1431 -1946.42 -25.21 -16.5735 -25.21 47.001
GPRESSAVG: 680000 1850.65 18.8232 -8.97731 20.4865 -1950.69 -11.4651 -9.00329 -27.4802 51.0781
TIMING: 680000  CPU: 612.408, 0.000901127/step  Wall: 612.517, 0.000901309/step, 383.442 ns/days, 1.08157 hours remaining, 0.000000 MB of memory in use.
PERFORMANCE: 680000  averaging 383.689 ns/day, 0.000900729 sec/step with standard deviation 2.29056e-06
ENERGY:  680000        37.3946        87.4251        59.4782         2.3961         -52223.7653    -85289.8587         0.0000         0.0000     10723.7964        -126603.1336       296.5495   -137326.9300   -126530.3896       298.0034             39.3819        48.9494    184953.3261       -16.6790       -16.3215

WRITING EXTENDED SYSTEM TO RESTART FILE AT STEP 680000
WRITING COORDINATES TO DCD FILE ../output/02_eq_4_CLKWWW.0.dcd AT STEP 680000
WRITING COORDINATES TO RESTART FILE AT STEP 680000
FINISHED WRITING RESTART COORDINATES
WRITING VELOCITIES TO RESTART FILE AT STEP 680000
FINISHED WRITING RESTART VELOCITIES
PRESSURE: 690000 1515.88 350.643 -13.4529 350.642 -2360.49 -340.431 -13.455 -340.43 526.933
GPRESSURE: 690000 1503.79 326.446 156.347 400.736 -2307.01 -389.116 -102.564 -368.597 487.974
PRESSAVG: 690000 1823.16 38.4538 -25.3999 38.4538 -1959.36 -41.8162 -25.3999 -41.8162 61.9811
GPRESSAVG: 690000 1824.27 29.9808 -8.82949 37.3135 -1962.92 -30.8158 -21.6953 -46.1178 65.4415
TIMING: 690000  CPU: 621.408, 0.000899961/step  Wall: 621.516, 0.000899935/step, 384.028 ns/days, 1.07742 hours remaining, 0.000000 MB of memory in use.
PERFORMANCE: 690000  averaging 383.694 ns/day, 0.000900717 sec/step with standard deviation 2.27566e-06
ENERGY:  690000        33.8806        64.7381        57.4984         0.9352         -52352.7569    -85148.2662         0.0000         0.0000     10778.1891        -126565.7817       298.0537   -137343.9707   -126533.4895       297.9367           -105.8933      -105.0798    184799.8848       -24.7378       -24.4037

WRITING EXTENDED SYSTEM TO RESTART FILE AT STEP 690000
WRITING COORDINATES TO DCD FILE ../output/02_eq_4_CLKWWW.0.dcd AT STEP 690000
WRITING COORDINATES TO RESTART FILE AT STEP 690000
FINISHED WRITING RESTART COORDINATES
WRITING VELOCITIES TO RESTART FILE AT STEP 690000
FINISHED WRITING RESTART VELOCITIES
PRESSURE: 700000 1499.4 178.708 226.699 178.708 -2279.78 -77.4696 226.699 -77.471 -514.69
GPRESSURE: 700000 1494.62 100.04 146.25 262.245 -2340.61 -208.003 241.794 -59.4682 -450.596
PRESSAVG: 700000 1823.93 38.3678 -20.0766 38.3678 -1946.75 -40.647 -20.0766 -40.647 83.0064
GPRESSAVG: 700000 1821.91 24.09 -9.77525 47.2826 -1952.02 -35.6744 -19.2638 -42.5773 91.1097
TIMING: 700000  CPU: 630.416, 0.000900795/step  Wall: 630.526, 0.000900999/step, 383.574 ns/days, 1.07619 hours remaining, 0.000000 MB of memory in use.
PERFORMANCE: 700000  averaging 383.693 ns/day, 0.000900721 sec/step with standard deviation 2.25936e-06
ETITLE:      TS           BOND          ANGLE          DIHED          IMPRP               ELECT            VDW       BOUNDARY           MISC        KINETIC               TOTAL           TEMP      POTENTIAL       TOTALAVG        TEMPAVG            PRESSURE      GPRESSURE         VOLUME       PRESSAVG      GPRESSAVG

ENERGY:  700000        34.5315        79.6559        60.3455         1.6883         -52195.5668    -85296.7202         0.0000         0.0000     10773.0389        -126543.0267       297.9112   -137316.0657   -126534.0350       297.9835           -431.6903      -432.1970    185325.4905       -13.2712       -13.0006

WRITING EXTENDED SYSTEM TO RESTART FILE AT STEP 700000
WRITING COORDINATES TO DCD FILE ../output/02_eq_4_CLKWWW.0.dcd AT STEP 700000
WRITING COORDINATES TO RESTART FILE AT STEP 700000
FINISHED WRITING RESTART COORDINATES
WRITING VELOCITIES TO RESTART FILE AT STEP 700000
FINISHED WRITING RESTART VELOCITIES
PRESSURE: 710000 2235.48 -121.699 306.766 -121.7 -2221.82 141.049 306.765 141.049 43.9866
GPRESSURE: 710000 2272.21 -28.4516 437.527 -134.553 -2258.94 102.58 297.766 82.1508 55.1512
PRESSAVG: 710000 1847.47 35.3725 8.54395 35.3725 -1966.46 -22.2847 8.54395 -22.2847 91.6981
GPRESSAVG: 710000 1852.15 25.4604 32.7907 43.8976 -1975.55 -20.0239 11.4219 -30.8864 97.9559
TIMING: 710000  CPU: 639.409, 0.000899281/step  Wall: 639.521, 0.000899516/step, 384.207 ns/days, 1.07192 hours remaining, 0.000000 MB of memory in use.
PERFORMANCE: 710000  averaging 383.7 ns/day, 0.000900704 sec/step with standard deviation 2.24772e-06
ENERGY:  710000        38.1404        73.3693        63.4554         2.1643         -51939.3621    -85417.1312         0.0000         0.0000     10798.8114        -126380.5525       298.6239   -137179.3639   -126539.5338       297.9179             19.2155        22.8086    185134.9172        -9.0979        -8.4808

WRITING EXTENDED SYSTEM TO RESTART FILE AT STEP 710000
WRITING COORDINATES TO DCD FILE ../output/02_eq_4_CLKWWW.0.dcd AT STEP 710000
WRITING COORDINATES TO RESTART FILE AT STEP 710000
FINISHED WRITING RESTART COORDINATES
WRITING VELOCITIES TO RESTART FILE AT STEP 710000
FINISHED WRITING RESTART VELOCITIES
PRESSURE: 720000 1446.01 -1.93754 -49.4811 -1.93623 -2065.94 -113.408 -49.4817 -113.407 -86.8878
GPRESSURE: 720000 1417.05 47.1648 -23.1232 -6.86174 -2061.83 -201.046 -57.666 -119.988 -60.7625
PRESSAVG: 720000 1846.79 41.1309 15.8283 41.1309 -1959.75 -26.3973 15.8283 -26.3973 99.582
GPRESSAVG: 720000 1847.11 27.3101 38.5563 53.0441 -1968.38 -26.3328 17.234 -34.451 110.754
TIMING: 720000  CPU: 648.384, 0.000897496/step  Wall: 648.498, 0.000897684/step, 384.991 ns/days, 1.06725 hours remaining, 0.000000 MB of memory in use.
PERFORMANCE: 720000  averaging 383.718 ns/day, 0.000900662 sec/step with standard deviation 2.26003e-06
ENERGY:  720000        31.5024        71.3108        57.6238         3.3117         -52028.8627    -85298.8800         0.0000         0.0000     10791.4719        -126372.5220       298.4210   -137163.9940   -126523.4346       297.9026           -235.6049      -235.1781    184170.0078        -4.4606        -3.5058

WRITING EXTENDED SYSTEM TO RESTART FILE AT STEP 720000
WRITING COORDINATES TO DCD FILE ../output/02_eq_4_CLKWWW.0.dcd AT STEP 720000
WRITING COORDINATES TO RESTART FILE AT STEP 720000
FINISHED WRITING RESTART COORDINATES
WRITING VELOCITIES TO RESTART FILE AT STEP 720000
FINISHED WRITING RESTART VELOCITIES
PRESSURE: 730000 1179.06 136.024 180.722 136.026 -2342.48 -245.961 180.726 -245.96 571.4
GPRESSURE: 730000 1179.96 130.886 110.894 159.151 -2391.09 -318.707 239.027 -241.321 604.421
PRESSAVG: 730000 1794.6 54.139 25.6944 54.139 -1989.71 -25.6745 25.6944 -25.6745 137.02
GPRESSAVG: 730000 1795.38 38.3277 47.0291 67.1043 -1999.34 -34.3559 29.1757 -27.9613 148.249
TIMING: 730000  CPU: 657.345, 0.000896172/step  Wall: 657.463, 0.000896434/step, 385.528 ns/days, 1.06327 hours remaining, 0.000000 MB of memory in use.
PERFORMANCE: 730000  averaging 383.742 ns/day, 0.000900604 sec/step with standard deviation 2.2982e-06
ENERGY:  730000        26.9408        81.2868        55.4776         4.5666         -52200.7593    -85199.7299         0.0000         0.0000     10915.3466        -126316.8707       301.8465   -137232.2174   -126509.6646       298.1311           -197.3390      -202.2367    184446.8032       -19.3631       -18.5689

WRITING EXTENDED SYSTEM TO RESTART FILE AT STEP 730000
WRITING COORDINATES TO DCD FILE ../output/02_eq_4_CLKWWW.0.dcd AT STEP 730000
WRITING COORDINATES TO RESTART FILE AT STEP 730000
FINISHED WRITING RESTART COORDINATES
WRITING VELOCITIES TO RESTART FILE AT STEP 730000
FINISHED WRITING RESTART VELOCITIES
PRESSURE: 740000 1960.15 9.59058 125.826 9.58816 -2234.22 62.201 125.825 62.2006 -350.623
GPRESSURE: 740000 1998.31 7.02629 158.027 -70.6405 -2248.26 77.301 106.321 -39.1346 -390.197
PRESSAVG: 740000 1800.26 48.5135 23.096 48.5135 -2008.96 -32.9658 23.096 -32.9658 99.9961
GPRESSAVG: 740000 1804.44 34.4 42.5193 59.0018 -2024.2 -37.1183 22.3959 -44.928 112.661
TIMING: 740000  CPU: 666.325, 0.000898025/step  Wall: 666.444, 0.000898186/step, 384.776 ns/days, 1.06285 hours remaining, 0.000000 MB of memory in use.
PERFORMANCE: 740000  averaging 383.756 ns/day, 0.000900572 sec/step with standard deviation 2.29966e-06
ENERGY:  740000        31.6905        75.2266        65.4155         1.1712         -52296.2115    -85173.2136         0.0000         0.0000     10791.8051        -126504.1162       298.4302   -137295.9213   -126509.6192       298.1854           -208.2316      -213.3808    185147.7715       -36.2361       -35.7009

WRITING EXTENDED SYSTEM TO RESTART FILE AT STEP 740000
WRITING COORDINATES TO DCD FILE ../output/02_eq_4_CLKWWW.0.dcd AT STEP 740000
WRITING COORDINATES TO RESTART FILE AT STEP 740000
FINISHED WRITING RESTART COORDINATES
WRITING VELOCITIES TO RESTART FILE AT STEP 740000
FINISHED WRITING RESTART VELOCITIES
PRESSURE: 750000 2323.09 90.2088 -123.809 90.2068 -1721.31 -268.301 -123.811 -268.3 1213.76
GPRESSURE: 750000 2333.14 56.5886 -165.401 143.955 -1727.28 -318.1 -108.823 -352.976 1219.69
PRESSAVG: 750000 1802.02 56.7947 10.392 56.7947 -1990.09 -41.2769 10.392 -41.2769 157.995
GPRESSAVG: 750000 1808.62 33.7795 28.3466 72.1112 -2002.69 -50.5103 6.36181 -59.4425 166.902
TIMING: 750000  CPU: 675.363, 0.000903756/step  Wall: 675.514, 0.000906955/step, 381.055 ns/days, 1.07071 hours remaining, 0.000000 MB of memory in use.
PERFORMANCE: 750000  averaging 383.72 ns/day, 0.000900657 sec/step with standard deviation 2.40005e-06
ENERGY:  750000        25.9591        85.3579        62.9222         4.2688         -52412.3263    -85095.0073         0.0000         0.0000     10813.9149        -126514.9107       299.0416   -137328.8257   -126497.9342       298.3014            605.1786       608.5167    184271.4746       -10.0257        -9.0557

WRITING EXTENDED SYSTEM TO RESTART FILE AT STEP 750000
WRITING COORDINATES TO DCD FILE ../output/02_eq_4_CLKWWW.0.dcd AT STEP 750000
WRITING COORDINATES TO RESTART FILE AT STEP 750000
FINISHED WRITING RESTART COORDINATES
WRITING VELOCITIES TO RESTART FILE AT STEP 750000
FINISHED WRITING RESTART VELOCITIES
PRESSURE: 760000 2181.35 3.45546 -6.82795 3.45263 -1566.52 -74.3632 -6.82854 -74.3625 -19.8711
GPRESSURE: 760000 2224.19 76.9041 -10.7315 -24.6839 -1588.51 -49.3928 98.0452 -13.819 -39.6134
PRESSAVG: 760000 1841.65 75.5865 31.0755 75.5865 -1968.55 -31.8852 31.0755 -31.8852 186.293
GPRESSAVG: 760000 1850.01 58.5526 52.871 91.5895 -1982.63 -43.0725 35.2786 -45.8663 195.647
TIMING: 760000  CPU: 684.342, 0.000897925/step  Wall: 684.495, 0.00089809/step, 384.817 ns/days, 1.05775 hours remaining, 0.000000 MB of memory in use.
PERFORMANCE: 760000  averaging 383.734 ns/day, 0.000900623 sec/step with standard deviation 2.40211e-06
ENERGY:  760000        27.4257        67.5163        60.8627         4.8219         -52200.6255    -85390.3901         0.0000         0.0000     10734.9715        -126695.4175       296.8585   -137430.3891   -126511.2576       298.2652            198.3194       198.6915    184014.5618        19.7997        21.0116

WRITING EXTENDED SYSTEM TO RESTART FILE AT STEP 760000
WRITING COORDINATES TO DCD FILE ../output/02_eq_4_CLKWWW.0.dcd AT STEP 760000
WRITING COORDINATES TO RESTART FILE AT STEP 760000
FINISHED WRITING RESTART COORDINATES
WRITING VELOCITIES TO RESTART FILE AT STEP 760000
FINISHED WRITING RESTART VELOCITIES
PRESSURE: 770000 1933.29 195.4 164.255 195.399 -1847.1 188.992 164.255 188.993 -51.0891
GPRESSURE: 770000 1928.48 228.78 147.863 118.186 -1781.51 145.415 108.416 188.082 -105.187
PRESSAVG: 770000 1876.71 85.3606 29.6664 85.3606 -1953.85 -32.1697 29.6664 -32.1697 220.886
GPRESSAVG: 770000 1885.23 69.9722 46.7829 101.567 -1963.94 -44.1676 30.3293 -48.0871 226.941
TIMING: 770000  CPU: 693.329, 0.000898626/step  Wall: 693.482, 0.000898687/step, 384.561 ns/days, 1.05596 hours remaining, 0.000000 MB of memory in use.
PERFORMANCE: 770000  averaging 383.745 ns/day, 0.000900598 sec/step with standard deviation 2.39643e-06
ENERGY:  770000        21.8289        64.2724        56.2956         2.4582         -52215.1089    -85261.6874         0.0000         0.0000     10802.7662        -126529.1749       298.7333   -137331.9411   -126504.9049       298.3529             11.7003        13.9293    184660.2611        47.9152        49.4107

WRITING EXTENDED SYSTEM TO RESTART FILE AT STEP 770000
WRITING COORDINATES TO DCD FILE ../output/02_eq_4_CLKWWW.0.dcd AT STEP 770000
WRITING COORDINATES TO RESTART FILE AT STEP 770000
FINISHED WRITING RESTART COORDINATES
WRITING VELOCITIES TO RESTART FILE AT STEP 770000
FINISHED WRITING RESTART VELOCITIES
PRESSURE: 780000 1969.44 143.301 30.7303 143.302 -1798.15 -414.591 30.731 -414.592 208.072
GPRESSURE: 780000 1892.24 215.062 6.00749 91.6361 -1795.37 -413.355 142.479 -452.9 286.463
PRESSAVG: 780000 1876.86 91.9089 35.5746 91.9089 -1964.34 -51.5158 35.5746 -51.5158 222.911
GPRESSAVG: 780000 1884.03 81.7111 53.6347 106.138 -1977.74 -67.6293 45.0989 -71.8166 233.786
TIMING: 780000  CPU: 702.312, 0.000898334/step  Wall: 702.467, 0.000898487/step, 384.646 ns/days, 1.05323 hours remaining, 0.000000 MB of memory in use.
PERFORMANCE: 780000  averaging 383.757 ns/day, 0.000900571 sec/step with standard deviation 2.39278e-06
ENERGY:  780000        33.8046        72.5349        64.2558         1.7508         -52231.7675    -85237.9146         0.0000         0.0000     10857.8776        -126439.4583       300.2573   -137297.3359   -126497.1315       298.4619            126.4520       127.7804    184623.8589        45.1418        46.6922

WRITING EXTENDED SYSTEM TO RESTART FILE AT STEP 780000
WRITING COORDINATES TO DCD FILE ../output/02_eq_4_CLKWWW.0.dcd AT STEP 780000
WRITING COORDINATES TO RESTART FILE AT STEP 780000
FINISHED WRITING RESTART COORDINATES
WRITING VELOCITIES TO RESTART FILE AT STEP 780000
FINISHED WRITING RESTART VELOCITIES
PRESSURE: 790000 2245.72 -94.2518 -108.489 -94.2547 -1688.3 -223.249 -108.492 -223.249 602.692
GPRESSURE: 790000 2253.06 -191.272 -34.4176 -40.7154 -1666.59 -277.148 -196.453 -90.6545 586.666
PRESSAVG: 790000 1889.35 85.1363 18.8943 85.1363 -1948.16 -71.9848 18.8943 -71.9848 269.15
GPRESSAVG: 790000 1895.44 71.9863 34.9106 97.7567 -1958.67 -93.7199 27.755 -85.7549 278.439
TIMING: 790000  CPU: 711.313, 0.000900122/step  Wall: 711.47, 0.000900294/step, 383.875 ns/days, 1.05284 hours remaining, 0.000000 MB of memory in use.
PERFORMANCE: 790000  averaging 383.758 ns/day, 0.000900567 sec/step with standard deviation 2.37759e-06
ENERGY:  790000        32.6500        82.1515        60.6416         1.9831         -52466.0049    -85055.5894         0.0000         0.0000     10716.8508        -126627.3172       296.3574   -137344.1680   -126510.5426       298.3265            386.7036       391.0468    184587.8686        70.1145        71.7369

WRITING EXTENDED SYSTEM TO RESTART FILE AT STEP 790000
WRITING COORDINATES TO DCD FILE ../output/02_eq_4_CLKWWW.0.dcd AT STEP 790000
WRITING COORDINATES TO RESTART FILE AT STEP 790000
FINISHED WRITING RESTART COORDINATES
WRITING VELOCITIES TO RESTART FILE AT STEP 790000
FINISHED WRITING RESTART VELOCITIES
PRESSURE: 800000 1249.31 -309.162 -302.702 -309.16 -2649.22 -84.8133 -302.703 -84.8138 248.024
GPRESSURE: 800000 1278.06 -220.876 -310.322 -284.375 -2737.56 6.75586 -396.303 -31.6473 297.647
PRESSAVG: 800000 1842.8 52.8082 -6.96622 52.8082 -1994.24 -67.7059 -6.96622 -67.7059 281.165
GPRESSAVG: 800000 1848.7 46.8455 13.6426 66.8985 -2012.07 -85.0716 -4.04089 -80.3849 296.676
TIMING: 800000  CPU: 720.325, 0.000901224/step  Wall: 720.483, 0.000901383/step, 383.411 ns/days, 1.05161 hours remaining, 0.000000 MB of memory in use.
PERFORMANCE: 800000  averaging 383.754 ns/day, 0.000900577 sec/step with standard deviation 2.36426e-06
ETITLE:      TS           BOND          ANGLE          DIHED          IMPRP               ELECT            VDW       BOUNDARY           MISC        KINETIC               TOTAL           TEMP      POTENTIAL       TOTALAVG        TEMPAVG            PRESSURE      GPRESSURE         VOLUME       PRESSAVG      GPRESSAVG

ENERGY:  800000        38.1099        83.2362        71.3590         0.9562         -52370.9525    -85302.4642         0.0000         0.0000     10814.6922        -126665.0631       299.0631   -137479.7554   -126514.0590       298.4175           -383.9602      -387.2835    184912.6485        43.2405        44.4331

WRITING EXTENDED SYSTEM TO RESTART FILE AT STEP 800000
WRITING COORDINATES TO DCD FILE ../output/02_eq_4_CLKWWW.0.dcd AT STEP 800000
WRITING COORDINATES TO RESTART FILE AT STEP 800000
FINISHED WRITING RESTART COORDINATES
WRITING VELOCITIES TO RESTART FILE AT STEP 800000
FINISHED WRITING RESTART VELOCITIES
PRESSURE: 810000 1244.46 -343.845 -295.157 -343.843 -2529.8 -146.019 -295.157 -146.02 340.869
GPRESSURE: 810000 1275.64 -401.323 -236.777 -311.738 -2550.33 41.6575 -330.681 -156.321 323.291
PRESSAVG: 810000 1808.84 36.6231 -12.5093 36.6231 -2024.24 -78.8137 -12.5093 -78.8137 262.119
GPRESSAVG: 810000 1817.15 28.0785 10.798 52.8365 -2040.47 -83.7921 -11.7161 -90.699 272.939
TIMING: 810000  CPU: 729.335, 0.000900952/step  Wall: 729.493, 0.000900989/step, 383.579 ns/days, 1.04865 hours remaining, 0.000000 MB of memory in use.
PERFORMANCE: 810000  averaging 383.752 ns/day, 0.000900582 sec/step with standard deviation 2.34988e-06
ENERGY:  810000        31.5486        78.8547        58.5285         2.4948         -52263.1766    -85247.4810         0.0000         0.0000     10666.1752        -126673.0559       294.9561   -137339.2312   -126519.2517       298.3046           -314.8245      -317.1337    184203.7305        15.5738        16.5409

WRITING EXTENDED SYSTEM TO RESTART FILE AT STEP 810000
WRITING COORDINATES TO DCD FILE ../output/02_eq_4_CLKWWW.0.dcd AT STEP 810000
WRITING COORDINATES TO RESTART FILE AT STEP 810000
FINISHED WRITING RESTART COORDINATES
WRITING VELOCITIES TO RESTART FILE AT STEP 810000
FINISHED WRITING RESTART VELOCITIES
PRESSURE: 820000 1910.09 -0.0701012 -180.433 -0.067862 -1628.92 -235.278 -180.433 -235.278 351.587
GPRESSURE: 820000 1939.49 -22.3113 -123.054 -45.9284 -1622.54 -200.681 -234.796 -232.01 322.785
PRESSAVG: 820000 1815.06 25.1785 -28.8325 25.1785 -1982.28 -88.0317 -28.8325 -88.0317 255.605
GPRESSAVG: 820000 1822.13 18.0799 -4.09152 34.2062 -1997.11 -95.0459 -31.8253 -99.4709 266.169
TIMING: 820000  CPU: 738.364, 0.000902891/step  Wall: 738.524, 0.000903102/step, 382.681 ns/days, 1.0486 hours remaining, 0.000000 MB of memory in use.
PERFORMANCE: 820000  averaging 383.739 ns/day, 0.000900613 sec/step with standard deviation 2.35184e-06
ENERGY:  820000        43.2828        70.3570        56.9009         3.2831         -52329.0591    -85315.0586         0.0000         0.0000     10827.5699        -126642.7240       299.4192   -137470.2939   -126525.2052       298.3958            210.9195       213.2419    184703.4925        29.4623        30.3950

WRITING EXTENDED SYSTEM TO RESTART FILE AT STEP 820000
WRITING COORDINATES TO DCD FILE ../output/02_eq_4_CLKWWW.0.dcd AT STEP 820000
WRITING COORDINATES TO RESTART FILE AT STEP 820000
FINISHED WRITING RESTART COORDINATES
WRITING VELOCITIES TO RESTART FILE AT STEP 820000
FINISHED WRITING RESTART VELOCITIES
PRESSURE: 830000 1541.34 46.0188 -74.5494 46.0166 -2203.62 -218.964 -74.5475 -218.964 -12.2954
GPRESSURE: 830000 1500.32 52.0427 -231.189 93.8114 -2199 -276.952 -57.2335 -136.269 21.0882
PRESSAVG: 830000 1823.57 13.4057 -19.7246 13.4057 -1996.22 -95.0844 -19.7246 -95.0844 228.369
GPRESSAVG: 830000 1830.25 4.57762 -5.40667 24.0353 -2008.35 -106.418 -22.8286 -103.667 236.123
TIMING: 830000  CPU: 747.401, 0.000903757/step  Wall: 747.562, 0.000903816/step, 382.379 ns/days, 1.04692 hours remaining, 0.000000 MB of memory in use.
PERFORMANCE: 830000  averaging 383.722 ns/day, 0.000900652 sec/step with standard deviation 2.36374e-06
ENERGY:  830000        35.1671        68.1199        64.0251         6.0122         -52106.4144    -85398.2133         0.0000         0.0000     10726.1324        -126605.1710       296.6141   -137331.3034   -126535.1854       298.2721           -224.8600      -225.8639    185415.6554        18.5706        19.3400

WRITING EXTENDED SYSTEM TO RESTART FILE AT STEP 830000
WRITING COORDINATES TO DCD FILE ../output/02_eq_4_CLKWWW.0.dcd AT STEP 830000
WRITING COORDINATES TO RESTART FILE AT STEP 830000
FINISHED WRITING RESTART COORDINATES
WRITING VELOCITIES TO RESTART FILE AT STEP 830000
FINISHED WRITING RESTART VELOCITIES
PRESSURE: 840000 2119.89 60.0722 136.903 60.0773 -2022.27 127.613 136.904 127.614 194.96
GPRESSURE: 840000 2113.2 -34.3737 91.064 25.5185 -1984.65 103.374 116.666 171.112 186.345
PRESSAVG: 840000 1840.93 8.0451 -16.7782 8.0451 -2015.16 -92.971 -16.7782 -92.971 199.522
GPRESSAVG: 840000 1848.34 -1.10249 -9.46148 16.1902 -2022.54 -105.678 -22.7902 -94.8144 202.629
TIMING: 840000  CPU: 756.448, 0.000904687/step  Wall: 756.611, 0.000904865/step, 381.936 ns/days, 1.04562 hours remaining, 0.000000 MB of memory in use.
PERFORMANCE: 840000  averaging 383.701 ns/day, 0.000900702 sec/step with standard deviation 2.394e-06
ENERGY:  840000        31.6754        84.2462        55.9298         2.5531         -52202.8763    -85317.1785         0.0000         0.0000     10753.4806        -126592.1698       297.3704   -137345.6504   -126532.3581       298.2897             97.5275       104.9662    184136.7693         8.4301         9.4789

WRITING EXTENDED SYSTEM TO RESTART FILE AT STEP 840000
WRITING COORDINATES TO DCD FILE ../output/02_eq_4_CLKWWW.0.dcd AT STEP 840000
WRITING COORDINATES TO RESTART FILE AT STEP 840000
FINISHED WRITING RESTART COORDINATES
WRITING VELOCITIES TO RESTART FILE AT STEP 840000
FINISHED WRITING RESTART VELOCITIES
PRESSURE: 850000 1646.07 -57.1522 199.73 -57.1507 -1973.83 -71.4583 199.729 -71.4599 -378.855
GPRESSURE: 850000 1657.61 38.1846 190.985 -86.2013 -2012.1 38.2504 154.171 -39.1437 -354.238
PRESSAVG: 850000 1802.69 5.43425 -7.72228 5.43425 -2055.21 -102.529 -7.72228 -102.529 197.799
GPRESSAVG: 850000 1810.92 1.94933 0.0480084 9.2453 -2063.73 -111.891 -16.9406 -102.939 201.372
TIMING: 850000  CPU: 765.499, 0.000905087/step  Wall: 765.665, 0.000905353/step, 381.729 ns/days, 1.04367 hours remaining, 0.000000 MB of memory in use.
PERFORMANCE: 850000  averaging 383.677 ns/day, 0.000900757 sec/step with standard deviation 2.4326e-06
ENERGY:  850000        28.9377        86.4454        60.4598         3.1120         -52112.9149    -85213.6861         0.0000         0.0000     10742.6611        -126404.9849       297.0712   -137147.6460   -126528.5035       298.2961           -235.5412      -236.2408    186042.6858       -18.2403       -17.1477

WRITING EXTENDED SYSTEM TO RESTART FILE AT STEP 850000
WRITING COORDINATES TO DCD FILE ../output/02_eq_4_CLKWWW.0.dcd AT STEP 850000
WRITING COORDINATES TO RESTART FILE AT STEP 850000
FINISHED WRITING RESTART COORDINATES
WRITING VELOCITIES TO RESTART FILE AT STEP 850000
FINISHED WRITING RESTART VELOCITIES
PRESSURE: 860000 2034.33 16.8845 -21.0985 16.8848 -1377.06 12.1791 -21.0996 12.1784 -18.9473
GPRESSURE: 860000 2101.55 -136.887 -18.1563 62.0342 -1376.92 -130.508 43.6318 108.225 -85.6055
PRESSAVG: 860000 1788.98 2.6969 -7.27116 2.6969 -2030.58 -110.446 -7.27116 -110.446 181.435
GPRESSAVG: 860000 1798.7 -4.19894 2.16093 3.91003 -2040.82 -123.062 -10.6014 -107.907 184.835
TIMING: 860000  CPU: 774.537, 0.000903823/step  Wall: 774.705, 0.000904034/step, 382.286 ns/days, 1.03964 hours remaining, 0.000000 MB of memory in use.
PERFORMANCE: 860000  averaging 383.661 ns/day, 0.000900795 sec/step with standard deviation 2.44393e-06
ENERGY:  860000        30.9499        77.5694        57.4659         0.9268         -52238.7157    -85157.5739         0.0000         0.0000     10631.7195        -126597.6582       294.0033   -137229.3778   -126539.6613       297.9203            212.7728       213.0065    184332.3446       -20.0550       -19.0963

WRITING EXTENDED SYSTEM TO RESTART FILE AT STEP 860000
WRITING COORDINATES TO DCD FILE ../output/02_eq_4_CLKWWW.0.dcd AT STEP 860000
WRITING COORDINATES TO RESTART FILE AT STEP 860000
FINISHED WRITING RESTART COORDINATES
WRITING VELOCITIES TO RESTART FILE AT STEP 860000
FINISHED WRITING RESTART VELOCITIES
PRESSURE: 870000 1933.07 276.451 194.91 276.452 -1743.56 -56.3285 194.914 -56.3269 848.903
GPRESSURE: 870000 2007.65 308.763 150.717 182.878 -1808.06 -40.7546 176.909 33.3322 834.655
PRESSAVG: 870000 1780.95 34.822 28.3246 34.822 -2000.17 -118.462 28.3246 -118.462 206.671
GPRESSAVG: 870000 1793.23 32.2272 29.1257 31.0215 -2012.35 -128.608 22.0709 -106.516 209.081
TIMING: 870000  CPU: 783.574, 0.000903681/step  Wall: 783.744, 0.000903893/step, 382.346 ns/days, 1.03697 hours remaining, 0.000000 MB of memory in use.
PERFORMANCE: 870000  averaging 383.646 ns/day, 0.00090083 sec/step with standard deviation 2.45229e-06
ENERGY:  870000        37.1398        66.1559        58.6308         2.6914         -52167.3769    -85302.5895         0.0000         0.0000     10828.9016        -126476.4471       299.4560   -137305.3487   -126537.4778       297.9519            346.1389       344.7460    184530.7165        -4.1817        -3.3455

WRITING EXTENDED SYSTEM TO RESTART FILE AT STEP 870000
WRITING COORDINATES TO DCD FILE ../output/02_eq_4_CLKWWW.0.dcd AT STEP 870000
WRITING COORDINATES TO RESTART FILE AT STEP 870000
FINISHED WRITING RESTART COORDINATES
WRITING VELOCITIES TO RESTART FILE AT STEP 870000
FINISHED WRITING RESTART VELOCITIES
PRESSURE: 880000 1180.9 274.404 255.428 274.402 -1972.26 -197.517 255.429 -197.516 -304.63
GPRESSURE: 880000 1163.55 215.291 214.858 325.54 -1990.08 -187.661 290.592 -189.143 -277.211
PRESSAVG: 880000 1767.42 42.6522 32.2984 42.6522 -2011.33 -111.806 32.2984 -111.806 170.665
GPRESSAVG: 880000 1776.71 38.3842 32.8683 42.9997 -2022.41 -124.804 26.5649 -97.0245 173.139
TIMING: 880000  CPU: 792.58, 0.000900616/step  Wall: 792.751, 0.00090076/step, 383.676 ns/days, 1.03087 hours remaining, 0.000000 MB of memory in use.
PERFORMANCE: 880000  averaging 383.646 ns/day, 0.00090083 sec/step with standard deviation 2.43816e-06
ENERGY:  880000        36.8612        71.4593        62.2215         2.5756         -52162.3277    -85255.8017         0.0000         0.0000     10812.6931        -126432.3187       299.0078   -137245.0118   -126528.9371       298.0748           -365.3311      -367.9153    185233.7787       -24.4174       -24.1888

WRITING EXTENDED SYSTEM TO RESTART FILE AT STEP 880000
WRITING COORDINATES TO DCD FILE ../output/02_eq_4_CLKWWW.0.dcd AT STEP 880000
WRITING COORDINATES TO RESTART FILE AT STEP 880000
FINISHED WRITING RESTART COORDINATES
WRITING VELOCITIES TO RESTART FILE AT STEP 880000
FINISHED WRITING RESTART VELOCITIES
PRESSURE: 890000 1930.35 63.3468 21.9992 63.3454 -2157.87 106.375 22.0014 106.376 83.3695
GPRESSURE: 890000 1968.8 131.576 117.829 78.2613 -2194.28 136.805 -94.3883 -0.821963 73.3144
PRESSAVG: 890000 1788.14 28.2874 34.0713 28.2874 -2001.2 -89.4654 34.0713 -89.4654 148.487
GPRESSAVG: 890000 1799.96 28.6407 30.9424 26.8759 -2016.78 -98.5084 26.9737 -78.6357 152.406
TIMING: 890000  CPU: 801.6, 0.000901928/step  Wall: 801.773, 0.000902127/step, 383.094 ns/days, 1.02993 hours remaining, 0.000000 MB of memory in use.
PERFORMANCE: 890000  averaging 383.64 ns/day, 0.000900844 sec/step with standard deviation 2.42817e-06
ENERGY:  890000        33.6480        64.1901        57.6043         1.0254         -51962.8865    -85479.8134         0.0000         0.0000     10770.6611        -126515.5711       297.8455   -137286.2322   -126526.4265       298.0644            -48.0491       -50.7235    184712.5010       -21.5252       -21.4710

WRITING EXTENDED SYSTEM TO RESTART FILE AT STEP 890000
WRITING COORDINATES TO DCD FILE ../output/02_eq_4_CLKWWW.0.dcd AT STEP 890000
WRITING COORDINATES TO RESTART FILE AT STEP 890000
FINISHED WRITING RESTART COORDINATES
WRITING VELOCITIES TO RESTART FILE AT STEP 890000
FINISHED WRITING RESTART VELOCITIES
PRESSURE: 900000 1872.6 131.583 543.411 131.582 -1446.72 146.363 543.411 146.363 491.505
GPRESSURE: 900000 1923.44 93.7633 660.67 226.819 -1476.4 46.3458 393.278 124.064 471.734
PRESSAVG: 900000 1806.8 25.9311 49.9069 25.9311 -1959.55 -78.2738 49.9069 -78.2738 198.796
GPRESSAVG: 900000 1821.4 28.3268 56.6634 25.1046 -1973.56 -85.791 34.5479 -69.4591 198.522
TIMING: 900000  CPU: 810.623, 0.000902372/step  Wall: 810.799, 0.000902577/step, 382.904 ns/days, 1.02793 hours remaining, 0.000000 MB of memory in use.
PERFORMANCE: 900000  averaging 383.632 ns/day, 0.000900863 sec/step with standard deviation 2.42139e-06
ETITLE:      TS           BOND          ANGLE          DIHED          IMPRP               ELECT            VDW       BOUNDARY           MISC        KINETIC               TOTAL           TEMP      POTENTIAL       TOTALAVG        TEMPAVG            PRESSURE      GPRESSURE         VOLUME       PRESSAVG      GPRESSAVG

ENERGY:  900000        30.0681        68.3392        53.0934         1.9280         -52039.6485    -85324.9564         0.0000         0.0000     10819.4887        -126391.6875       299.1957   -137211.1761   -126518.8596       298.1286            305.7973       306.2597    184409.5825        15.3492        15.4519

WRITING EXTENDED SYSTEM TO RESTART FILE AT STEP 900000
WRITING COORDINATES TO DCD FILE ../output/02_eq_4_CLKWWW.0.dcd AT STEP 900000
WRITING COORDINATES TO RESTART FILE AT STEP 900000
FINISHED WRITING RESTART COORDINATES
WRITING VELOCITIES TO RESTART FILE AT STEP 900000
FINISHED WRITING RESTART VELOCITIES
PRESSURE: 910000 2366.91 -109.247 42.4997 -109.249 -1271.25 -331.886 42.4985 -331.884 -125.737
GPRESSURE: 910000 2280.54 -62.387 214.547 -24.9935 -1209.75 -346.596 10.8883 -358.464 -113.352
PRESSAVG: 910000 1813.37 26.5537 36.6935 26.5537 -1912.02 -101.92 36.6935 -101.92 190.31
GPRESSAVG: 910000 1821.81 26.6301 45.5144 30.5826 -1921.11 -108.25 20.2041 -91.4899 190.097
TIMING: 910000  CPU: 819.648, 0.000902467/step  Wall: 819.823, 0.000902465/step, 382.951 ns/days, 1.0253 hours remaining, 0.000000 MB of memory in use.
PERFORMANCE: 910000  averaging 383.624 ns/day, 0.000900881 sec/step with standard deviation 2.41375e-06
ENERGY:  910000        32.6245        79.2252        57.1799         3.6376         -52328.8478    -85203.2461         0.0000         0.0000     10706.5320        -126652.8946       296.0721   -137359.4266   -126532.4767       298.0010            323.3061       319.1473    183702.2747        30.5537        30.2688

WRITING EXTENDED SYSTEM TO RESTART FILE AT STEP 910000
WRITING COORDINATES TO DCD FILE ../output/02_eq_4_CLKWWW.0.dcd AT STEP 910000
WRITING COORDINATES TO RESTART FILE AT STEP 910000
FINISHED WRITING RESTART COORDINATES
WRITING VELOCITIES TO RESTART FILE AT STEP 910000
FINISHED WRITING RESTART VELOCITIES
PRESSURE: 920000 1684.85 122.133 -20.1381 122.133 -1808.87 -212.461 -20.1393 -212.46 -184.58
GPRESSURE: 920000 1701.58 60.3273 -119.157 102.127 -1758.04 -326.927 155.507 -116.25 -245.562
PRESSAVG: 920000 1825.31 32.7571 38.1607 32.7571 -1899.17 -106.873 38.1607 -106.873 185.426
GPRESSAVG: 920000 1836.04 27.2882 40.7128 36.0321 -1905.92 -114.544 30.8627 -91.303 180.857
TIMING: 920000  CPU: 828.695, 0.000904685/step  Wall: 828.873, 0.000904984/step, 381.885 ns/days, 1.02565 hours remaining, 0.000000 MB of memory in use.
PERFORMANCE: 920000  averaging 383.605 ns/day, 0.000900926 sec/step with standard deviation 2.43826e-06
ENERGY:  920000        32.2547        73.6434        58.2407         0.6184         -52104.0433    -85277.4824         0.0000         0.0000     10588.8449        -126627.9236       292.8176   -137216.7685   -126545.2468       297.7209           -102.8682      -100.6762    184552.6764        37.1906        36.9939

WRITING EXTENDED SYSTEM TO RESTART FILE AT STEP 920000
WRITING COORDINATES TO DCD FILE ../output/02_eq_4_CLKWWW.0.dcd AT STEP 920000
WRITING COORDINATES TO RESTART FILE AT STEP 920000
FINISHED WRITING RESTART COORDINATES
WRITING VELOCITIES TO RESTART FILE AT STEP 920000
FINISHED WRITING RESTART VELOCITIES
PRESSURE: 930000 1399.48 82.2506 238.25 82.2533 -2555.53 -257.803 238.252 -257.805 -500.397
GPRESSURE: 930000 1409.31 86.2418 184.682 133.18 -2535.73 -351.018 294.403 -175.022 -532.897
PRESSAVG: 930000 1836.33 30.0685 41.037 30.0685 -1909.82 -107.465 41.037 -107.465 131.836
GPRESSAVG: 930000 1847.51 25.056 44.4022 34.7335 -1913.15 -116.159 33.6315 -87.988 123.991
TIMING: 930000  CPU: 837.739, 0.000904464/step  Wall: 837.92, 0.000904695/step, 382.007 ns/days, 1.02281 hours remaining, 0.000000 MB of memory in use.
PERFORMANCE: 930000  averaging 383.588 ns/day, 0.000900966 sec/step with standard deviation 2.45628e-06
ENERGY:  930000        32.6277        83.6832        63.2209         2.4528         -52206.1988    -85373.4536         0.0000         0.0000     10683.1044        -126714.5634       295.4242   -137397.6678   -126565.1314       297.3997           -552.1497      -553.1061    184760.8576        19.4500        19.4504

WRITING EXTENDED SYSTEM TO RESTART FILE AT STEP 930000
WRITING COORDINATES TO DCD FILE ../output/02_eq_4_CLKWWW.0.dcd AT STEP 930000
WRITING COORDINATES TO RESTART FILE AT STEP 930000
FINISHED WRITING RESTART COORDINATES
WRITING VELOCITIES TO RESTART FILE AT STEP 930000
FINISHED WRITING RESTART VELOCITIES
PRESSURE: 940000 1927.15 52.8115 143.349 52.8115 -1702.65 -275.674 143.349 -275.674 -604.814
GPRESSURE: 940000 1853.06 21.8974 172.773 45.2392 -1585.61 -219.192 83.7374 -324.128 -647.184
PRESSAVG: 940000 1834.68 32.2296 41.9132 32.2296 -1883.24 -124.359 41.9132 -124.359 119.126
GPRESSAVG: 940000 1840.25 25.7995 45.1395 40.5275 -1880.02 -130.984 32.5023 -102.238 111.142
TIMING: 940000  CPU: 846.78, 0.000904084/step  Wall: 846.962, 0.000904252/step, 382.194 ns/days, 1.0198 hours remaining, 0.000000 MB of memory in use.
PERFORMANCE: 940000  averaging 383.573 ns/day, 0.000901001 sec/step with standard deviation 2.46643e-06
ENERGY:  940000        33.3620        75.0523        58.7217         2.5635         -51942.7683    -85395.2853         0.0000         0.0000     10917.3376        -126251.0165       301.9016   -137168.3542   -126552.4764       297.5733           -126.7716      -126.5786    184414.3397        23.5230        23.7905

WRITING EXTENDED SYSTEM TO RESTART FILE AT STEP 940000
WRITING COORDINATES TO DCD FILE ../output/02_eq_4_CLKWWW.0.dcd AT STEP 940000
WRITING COORDINATES TO RESTART FILE AT STEP 940000
FINISHED WRITING RESTART COORDINATES
WRITING VELOCITIES TO RESTART FILE AT STEP 940000
FINISHED WRITING RESTART VELOCITIES
PRESSURE: 950000 1706.8 -56.8285 230.211 -56.8251 -2119.78 -32.3939 230.21 -32.394 20.9202
GPRESSURE: 950000 1696.58 0.931529 145.524 -60.6603 -2108.2 -55.2117 197.87 80.4804 0.778512
PRESSAVG: 950000 1803.87 24.878 59.6143 24.878 -1903.17 -112.564 59.6143 -112.564 59.4843
GPRESSAVG: 950000 1808.42 23.0167 60.6858 30.2968 -1899.06 -117.84 47.837 -80.5648 50.1959
TIMING: 950000  CPU: 855.808, 0.000902729/step  Wall: 855.992, 0.000902952/step, 382.745 ns/days, 1.01582 hours remaining, 0.000000 MB of memory in use.
PERFORMANCE: 950000  averaging 383.565 ns/day, 0.000901022 sec/step with standard deviation 2.46143e-06
ENERGY:  950000        22.6963        77.2576        51.5856         1.1813         -52101.7400    -85338.6761         0.0000         0.0000     10798.6237        -126489.0717       298.6187   -137287.6953   -126551.1845       297.5522           -130.6881      -136.9493    185066.4518       -13.2703       -13.4828

WRITING EXTENDED SYSTEM TO RESTART FILE AT STEP 950000
WRITING COORDINATES TO DCD FILE ../output/02_eq_4_CLKWWW.0.dcd AT STEP 950000
WRITING COORDINATES TO RESTART FILE AT STEP 950000
FINISHED WRITING RESTART COORDINATES
WRITING VELOCITIES TO RESTART FILE AT STEP 950000
FINISHED WRITING RESTART VELOCITIES
PRESSURE: 960000 2301.56 213.616 -197.177 213.615 -1487.18 228.608 -197.178 228.607 350.453
GPRESSURE: 960000 2286.73 152.098 -218.749 237.563 -1509.57 313.29 -166.105 136.988 387.731
PRESSAVG: 960000 1809.88 35.3862 50.0968 35.3862 -1899.2 -97.4153 50.0968 -97.4153 78.0005
GPRESSAVG: 960000 1811.54 26.7763 50.2849 43.4091 -1895.12 -99.7055 34.6295 -73.0245 71.5631
TIMING: 960000  CPU: 864.812, 0.000900423/step  Wall: 864.998, 0.000900595/step, 383.746 ns/days, 1.01067 hours remaining, 0.000000 MB of memory in use.
PERFORMANCE: 960000  averaging 383.566 ns/day, 0.000901017 sec/step with standard deviation 2.44883e-06
ENERGY:  960000        38.4884        78.1713        54.1362         3.1038         -52411.1416    -85226.3013         0.0000         0.0000     10698.1512        -126765.3920       295.8403   -137463.5432   -126554.6832       297.5013            388.2808       388.2952    184483.1962        -3.7722        -4.0026

WRITING EXTENDED SYSTEM TO RESTART FILE AT STEP 960000
WRITING COORDINATES TO DCD FILE ../output/02_eq_4_CLKWWW.0.dcd AT STEP 960000
WRITING COORDINATES TO RESTART FILE AT STEP 960000
FINISHED WRITING RESTART COORDINATES
WRITING VELOCITIES TO RESTART FILE AT STEP 960000
FINISHED WRITING RESTART VELOCITIES
PRESSURE: 970000 1754.92 45.7752 -81.4856 45.7768 -2513.62 40.6475 -81.4855 40.6498 -332.001
GPRESSURE: 970000 1805.57 139.626 -9.05918 -55.1469 -2566.89 76.5848 0.208619 -76.1829 -341.678
PRESSAVG: 970000 1800.96 27.905 37.8098 27.905 -1932.52 -104.832 37.8098 -104.832 63.9549
GPRESSAVG: 970000 1805.4 22.3186 42.4388 34.7425 -1934.39 -103.147 29.2191 -86.2377 59.7386
TIMING: 970000  CPU: 873.848, 0.000903616/step  Wall: 874.036, 0.00090376/step, 382.403 ns/days, 1.01171 hours remaining, 0.000000 MB of memory in use.
PERFORMANCE: 970000  averaging 383.554 ns/day, 0.000901045 sec/step with standard deviation 2.4519e-06
ENERGY:  970000        36.4676        76.7135        65.4677         3.9741         -51825.1167    -85433.3705         0.0000         0.0000     10901.3095        -126174.5547       301.4584   -137075.8642   -126536.9522       297.6375           -363.5672      -367.6683    185061.5550       -22.5356       -23.0825

WRITING EXTENDED SYSTEM TO RESTART FILE AT STEP 970000
WRITING COORDINATES TO DCD FILE ../output/02_eq_4_CLKWWW.0.dcd AT STEP 970000
WRITING COORDINATES TO RESTART FILE AT STEP 970000
FINISHED WRITING RESTART COORDINATES
WRITING VELOCITIES TO RESTART FILE AT STEP 970000
FINISHED WRITING RESTART VELOCITIES
PRESSURE: 980000 1691.56 95.5946 -115.305 95.5961 -2028.34 -552.098 -115.305 -552.098 -268.96
GPRESSURE: 980000 1723.31 176.96 -186.202 104.344 -2051.13 -512.287 -90.9473 -512.032 -285.916
PRESSAVG: 980000 1787.07 25.5197 30.508 25.5197 -1944.03 -111.708 30.508 -111.708 40.1033
GPRESSAVG: 980000 1796.95 20.4135 32.8283 35.3778 -1947.17 -108.094 17.5478 -89.1943 31.1196
TIMING: 980000  CPU: 882.863, 0.000901528/step  Wall: 883.053, 0.000901726/step, 383.265 ns/days, 1.00693 hours remaining, 0.000000 MB of memory in use.
PERFORMANCE: 980000  averaging 383.552 ns/day, 0.000901052 sec/step with standard deviation 2.4402e-06
ENERGY:  980000        29.3954        66.6536        61.6359         2.6363         -52340.3176    -85256.1973         0.0000         0.0000     10678.7345        -126757.4592       295.3034   -137436.1937   -126552.8522       297.3898           -201.9146      -204.5783    184458.3506       -38.9539       -39.7004

WRITING EXTENDED SYSTEM TO RESTART FILE AT STEP 980000
WRITING COORDINATES TO DCD FILE ../output/02_eq_4_CLKWWW.0.dcd AT STEP 980000
WRITING COORDINATES TO RESTART FILE AT STEP 980000
FINISHED WRITING RESTART COORDINATES
WRITING VELOCITIES TO RESTART FILE AT STEP 980000
FINISHED WRITING RESTART VELOCITIES
PRESSURE: 990000 1692.63 53.7383 86.7758 53.7367 -2089.8 -152.462 86.7734 -152.462 -53.8523
GPRESSURE: 990000 1702.8 -103.203 140.365 105.197 -2084.88 -155.742 11.2071 -144.541 -64.0323
PRESSAVG: 990000 1759.41 32.9193 40.2712 32.9193 -1964.11 -108.168 40.2712 -108.168 7.27603
GPRESSAVG: 990000 1769.44 24.817 41.5675 42.6735 -1968.09 -102.023 27.9308 -91.8886 -1.4153
TIMING: 990000  CPU: 891.896, 0.000903314/step  Wall: 892.088, 0.000903517/step, 382.505 ns/days, 1.00642 hours remaining, 0.000000 MB of memory in use.
PERFORMANCE: 990000  averaging 383.541 ns/day, 0.000901077 sec/step with standard deviation 2.44032e-06
ENERGY:  990000        24.4096        73.1989        55.9712         2.1907         -52353.6923    -85248.7774         0.0000         0.0000     10737.4087        -126709.2906       296.9259   -137446.6993   -126556.9509       297.4182           -150.3423      -148.7047    184798.2800       -65.8062       -66.6880

WRITING EXTENDED SYSTEM TO RESTART FILE AT STEP 990000
WRITING COORDINATES TO DCD FILE ../output/02_eq_4_CLKWWW.0.dcd AT STEP 990000
WRITING COORDINATES TO RESTART FILE AT STEP 990000
FINISHED WRITING RESTART COORDINATES
WRITING VELOCITIES TO RESTART FILE AT STEP 990000
FINISHED WRITING RESTART VELOCITIES
PRESSURE: 1000000 1614.75 248.358 -55.9507 248.359 -2622.54 -180.298 -55.9493 -180.298 213.12
GPRESSURE: 1000000 1651.01 191.534 -84.1063 246.85 -2681.5 -208.738 -33.1584 -183.221 225.286
PRESSAVG: 1000000 1777.69 60.7953 52.6089 60.7953 -1962.77 -112.943 52.6089 -112.943 5.53088
GPRESSAVG: 1000000 1788.09 45.4375 52.8783 69.2347 -1965.29 -112.798 46.088 -99.4673 -5.03338
TIMING: 1000000  CPU: 900.961, 0.000906424/step  Wall: 901.154, 0.000906651/step, 381.183 ns/days, 1.00739 hours remaining, 0.000000 MB of memory in use.
PERFORMANCE: 1000000  averaging 383.517 ns/day, 0.000901133 sec/step with standard deviation 2.49112e-06
ETITLE:      TS           BOND          ANGLE          DIHED          IMPRP               ELECT            VDW       BOUNDARY           MISC        KINETIC               TOTAL           TEMP      POTENTIAL       TOTALAVG        TEMPAVG            PRESSURE      GPRESSURE         VOLUME       PRESSAVG      GPRESSAVG

ENERGY: 1000000        27.0299        75.7613        65.0102         2.2724         -52116.5524    -85381.9821         0.0000         0.0000     10709.1772        -126619.2835       296.1452   -137328.4607   -126554.6619       297.2723           -264.8880      -268.4011    184873.4145       -59.8526       -60.7438

WRITING EXTENDED SYSTEM TO RESTART FILE AT STEP 1000000
WRITING COORDINATES TO DCD FILE ../output/02_eq_4_CLKWWW.0.dcd AT STEP 1000000
WRITING COORDINATES TO RESTART FILE AT STEP 1000000
FINISHED WRITING RESTART COORDINATES
WRITING VELOCITIES TO RESTART FILE AT STEP 1000000
FINISHED WRITING RESTART VELOCITIES
PRESSURE: 1010000 1957.11 116.052 112.869 116.056 -2257.94 -348.382 112.869 -348.382 -273.063
GPRESSURE: 1010000 1973.46 53.1883 209.849 158.781 -2302.17 -372.346 28.1095 -309.768 -250.164
PRESSAVG: 1010000 1813.32 83.7902 73.0102 83.7902 -1949.18 -123.061 73.0102 -123.061 -25.1657
GPRESSAVG: 1010000 1822.98 68.1631 75.2096 92.7607 -1952.88 -133.498 64.0275 -107.14 -33.7061
TIMING: 1010000  CPU: 910.039, 0.000907828/step  Wall: 910.234, 0.000907998/step, 380.618 ns/days, 1.00636 hours remaining, 0.000000 MB of memory in use.
PERFORMANCE: 1010000  averaging 383.488 ns/day, 0.000901201 sec/step with standard deviation 2.57103e-06
ENERGY: 1010000        33.1341        83.8707        64.9324         1.3987         -52230.3851    -85313.7820         0.0000         0.0000     10765.4095        -126595.4218       297.7003   -137360.8312   -126550.7802       297.4096           -191.2981      -192.9564    184746.4817       -53.6763       -54.5350

WRITING EXTENDED SYSTEM TO RESTART FILE AT STEP 1010000
WRITING COORDINATES TO DCD FILE ../output/02_eq_4_CLKWWW.0.dcd AT STEP 1010000
WRITING COORDINATES TO RESTART FILE AT STEP 1010000
FINISHED WRITING RESTART COORDINATES
WRITING VELOCITIES TO RESTART FILE AT STEP 1010000
FINISHED WRITING RESTART VELOCITIES
PRESSURE: 1020000 1805.24 141.01 266.763 141.01 -1891.82 -21.2056 266.764 -21.2067 -186.052
GPRESSURE: 1020000 1807.89 95.7772 221.4 180.35 -1966.75 20.9639 305.008 -121.336 -108.006
PRESSAVG: 1020000 1808.08 90.8441 95.3701 90.8441 -1962.33 -112.357 95.3701 -112.357 -52.0477
GPRESSAVG: 1020000 1816.4 74.0675 92.4323 104.075 -1970.09 -122.416 91.0177 -101.606 -55.2456
TIMING: 1020000  CPU: 919.06, 0.000902154/step  Wall: 919.257, 0.00090221/step, 383.059 ns/days, 0.997444 hours remaining, 0.000000 MB of memory in use.
PERFORMANCE: 1020000  averaging 383.484 ns/day, 0.000901211 sec/step with standard deviation 2.56022e-06
ENERGY: 1020000        33.8757        77.1698        58.4522         3.3059         -52192.3763    -85348.4886         0.0000         0.0000     10648.8335        -126719.2276       294.4765   -137368.0611   -126554.6054       297.1624            -90.8774       -88.9538    184564.2832       -68.7662       -69.6448

WRITING EXTENDED SYSTEM TO RESTART FILE AT STEP 1020000
WRITING COORDINATES TO DCD FILE ../output/02_eq_4_CLKWWW.0.dcd AT STEP 1020000
WRITING COORDINATES TO RESTART FILE AT STEP 1020000
FINISHED WRITING RESTART COORDINATES
WRITING VELOCITIES TO RESTART FILE AT STEP 1020000
FINISHED WRITING RESTART VELOCITIES
PRESSURE: 1030000 2315.96 -14.2181 -109.535 -14.2156 -1948.37 438.238 -109.536 438.237 184.907
GPRESSURE: 1030000 2278.12 37.8913 -65.877 -39.5546 -1978.51 293.502 -177.377 479.559 251.662
PRESSAVG: 1030000 1846.81 87.8325 93.6207 87.8325 -1949.56 -79.4971 93.6207 -79.4971 -42.1875
GPRESSAVG: 1030000 1855.29 73.3599 100.698 97.4063 -1959.06 -93.8933 85.0106 -70.8146 -43.717
TIMING: 1030000  CPU: 928.091, 0.000903066/step  Wall: 928.287, 0.000903063/step, 382.698 ns/days, 0.995878 hours remaining, 0.000000 MB of memory in use.
PERFORMANCE: 1030000  averaging 383.476 ns/day, 0.000901229 sec/step with standard deviation 2.55416e-06
ENERGY: 1030000        39.5313        83.6668        61.2402         0.9643         -52209.7165    -85286.8887         0.0000         0.0000     10853.5033        -126457.6993       300.1364   -137311.2025   -126547.2318       297.3385            184.1673       183.7575    184852.3271       -48.3148       -49.1637

WRITING EXTENDED SYSTEM TO RESTART FILE AT STEP 1030000
WRITING COORDINATES TO DCD FILE ../output/02_eq_4_CLKWWW.0.dcd AT STEP 1030000
WRITING COORDINATES TO RESTART FILE AT STEP 1030000
FINISHED WRITING RESTART COORDINATES
WRITING VELOCITIES TO RESTART FILE AT STEP 1030000
FINISHED WRITING RESTART VELOCITIES
PRESSURE: 1040000 2533.51 -105.561 -62.5499 -105.56 -1542.01 -44.2295 -62.5488 -44.2292 518.404
GPRESSURE: 1040000 2490.21 -45.8673 -248.518 -172.12 -1536.43 29.3649 14.1228 -29.3238 535.173
PRESSAVG: 1040000 1867.49 79.5506 83.648 79.5506 -1925.55 -88.0893 83.648 -88.0893 -26.0153
GPRESSAVG: 1040000 1874.14 72.7853 83.7188 87.5244 -1936.65 -97.5937 79.8834 -80.8364 -26.2756
TIMING: 1040000  CPU: 937.119, 0.000902781/step  Wall: 937.318, 0.000903084/step, 382.688 ns/days, 0.993393 hours remaining, 0.000000 MB of memory in use.
PERFORMANCE: 1040000  averaging 383.469 ns/day, 0.000901247 sec/step with standard deviation 2.54824e-06
ENERGY: 1040000        27.7481        78.0971        71.4623         2.0887         -52167.4725    -85244.8443         0.0000         0.0000     10793.5117        -126439.4090       298.4774   -137232.9206   -126539.5937       297.3939            503.3020       496.3167    185038.6802       -28.0261       -29.5962

WRITING EXTENDED SYSTEM TO RESTART FILE AT STEP 1040000
WRITING COORDINATES TO DCD FILE ../output/02_eq_4_CLKWWW.0.dcd AT STEP 1040000
WRITING COORDINATES TO RESTART FILE AT STEP 1040000
FINISHED WRITING RESTART COORDINATES
WRITING VELOCITIES TO RESTART FILE AT STEP 1040000
FINISHED WRITING RESTART VELOCITIES
PRESSURE: 1050000 1585.49 -117.766 114.082 -117.765 -1396.36 -334.693 114.081 -334.693 103.722
GPRESSURE: 1050000 1721.74 -49.8291 156.53 -87.2351 -1424.11 -283.915 21.1439 -284.912 -19.8689
PRESSAVG: 1050000 1864.46 76.5199 79.3657 76.5199 -1896.68 -101.251 79.3657 -101.251 -1.8865
GPRESSAVG: 1050000 1877.35 68.3846 81.996 87.4727 -1907.25 -113.702 73.232 -93.1248 -9.55714
TIMING: 1050000  CPU: 946.158, 0.000903872/step  Wall: 946.359, 0.000904095/step, 382.261 ns/days, 0.991993 hours remaining, 0.000000 MB of memory in use.
PERFORMANCE: 1050000  averaging 383.457 ns/day, 0.000901274 sec/step with standard deviation 2.55114e-06
ENERGY: 1050000        33.4844        66.4929        59.9946         2.5187         -52049.0719    -85333.9402         0.0000         0.0000     10873.2069        -126347.3145       300.6812   -137220.5214   -126536.7102       297.5744             97.6178        92.5892    184791.1110       -11.3681       -13.1547

WRITING EXTENDED SYSTEM TO RESTART FILE AT STEP 1050000
WRITING COORDINATES TO DCD FILE ../output/02_eq_4_CLKWWW.0.dcd AT STEP 1050000
WRITING COORDINATES TO RESTART FILE AT STEP 1050000
FINISHED WRITING RESTART COORDINATES
WRITING VELOCITIES TO RESTART FILE AT STEP 1050000
FINISHED WRITING RESTART VELOCITIES
PRESSURE: 1060000 2232.96 -216.78 -46.6033 -216.78 -1098.95 16.4182 -46.6021 16.4175 124.254
GPRESSURE: 1060000 2308.46 -268.238 -52.6331 -117.315 -1114.6 62.4029 49.0872 -25.8967 78.1538
PRESSAVG: 1060000 1874.39 64.8367 78.0906 64.8367 -1882.77 -101.039 78.0906 -101.039 5.27358
GPRESSAVG: 1060000 1887.69 61.8171 80.2722 78.5053 -1894.14 -104.056 73.5048 -99.8309 -1.36917
TIMING: 1060000  CPU: 955.17, 0.000901223/step  Wall: 955.373, 0.000901356/step, 383.422 ns/days, 0.986484 hours remaining, 0.000000 MB of memory in use.
PERFORMANCE: 1060000  averaging 383.457 ns/day, 0.000901275 sec/step with standard deviation 2.53898e-06
ENERGY: 1060000        34.4603        75.7144        62.3128         2.1842         -52276.6188    -85148.2195         0.0000         0.0000     10698.7523        -126551.4144       295.8570   -137250.1667   -126534.3980       297.6671            419.4230       424.0026    183758.8898        -1.0356        -2.6049

WRITING EXTENDED SYSTEM TO RESTART FILE AT STEP 1060000
WRITING COORDINATES TO DCD FILE ../output/02_eq_4_CLKWWW.0.dcd AT STEP 1060000
WRITING COORDINATES TO RESTART FILE AT STEP 1060000
FINISHED WRITING RESTART COORDINATES
WRITING VELOCITIES TO RESTART FILE AT STEP 1060000
FINISHED WRITING RESTART VELOCITIES
PRESSURE: 1070000 2131.27 -79.973 -267.032 -79.973 -1600.85 -21.0657 -267.031 -21.0645 -258.98
GPRESSURE: 1070000 2118.86 -161.249 -286.99 -110.99 -1585.48 -7.66197 -273.594 -16.3356 -262.748
PRESSAVG: 1070000 1884.3 47.0155 54.9933 47.0155 -1875.64 -99.2758 54.9933 -99.2758 -50.1206
GPRESSAVG: 1070000 1893.25 38.3164 58.3868 63.8119 -1883.01 -102.402 50.9796 -102.314 -56.2393
TIMING: 1070000  CPU: 964.201, 0.00090312/step  Wall: 964.405, 0.000903272/step, 382.609 ns/days, 0.986072 hours remaining, 0.000000 MB of memory in use.
PERFORMANCE: 1070000  averaging 383.449 ns/day, 0.000901293 sec/step with standard deviation 2.53434e-06
ENERGY: 1070000        36.5342        90.6812        56.6409         1.5991         -52155.4221    -85326.8644         0.0000         0.0000     10726.5529        -126570.2780       296.6257   -137296.8309   -126539.0896       297.5256             90.4804        90.2083    185362.7238       -13.8185       -15.3317

WRITING EXTENDED SYSTEM TO RESTART FILE AT STEP 1070000
WRITING COORDINATES TO DCD FILE ../output/02_eq_4_CLKWWW.0.dcd AT STEP 1070000
WRITING COORDINATES TO RESTART FILE AT STEP 1070000
FINISHED WRITING RESTART COORDINATES
WRITING VELOCITIES TO RESTART FILE AT STEP 1070000
FINISHED WRITING RESTART VELOCITIES
PRESSURE: 1080000 2354.61 17.7751 388.428 17.7726 -1922.68 -90.3376 388.431 -90.3365 -409.507
GPRESSURE: 1080000 2367.87 20.8011 431.476 19.8193 -1903.06 -5.9019 374.407 -201.248 -436.021
PRESSAVG: 1080000 1942.99 34.184 61.6434 34.184 -1873.16 -93.9168 61.6434 -93.9168 -55.3645
GPRESSAVG: 1080000 1953.47 28.592 69.2177 48.5259 -1878.66 -93.3139 55.1704 -102.92 -64.1799
TIMING: 1080000  CPU: 973.222, 0.000902074/step  Wall: 973.429, 0.000902324/step, 383.011 ns/days, 0.982531 hours remaining, 0.000000 MB of memory in use.
PERFORMANCE: 1080000  averaging 383.445 ns/day, 0.000901303 sec/step with standard deviation 2.52442e-06
ENERGY: 1080000        27.3259        67.2379        52.5145         1.9181         -51977.0808    -85391.8101         0.0000         0.0000     10725.7359        -126494.1586       296.6031   -137219.8945   -126542.1816       297.4053              7.4725         9.5995    183802.2067         4.8216         3.5440

WRITING EXTENDED SYSTEM TO RESTART FILE AT STEP 1080000
WRITING COORDINATES TO DCD FILE ../output/02_eq_4_CLKWWW.0.dcd AT STEP 1080000
WRITING COORDINATES TO RESTART FILE AT STEP 1080000
FINISHED WRITING RESTART COORDINATES
WRITING VELOCITIES TO RESTART FILE AT STEP 1080000
FINISHED WRITING RESTART VELOCITIES
PRESSURE: 1090000 2306.31 240.743 188.975 240.744 -2075.44 318.884 188.974 318.884 -23.4493
GPRESSURE: 1090000 2364.49 -19.064 161.095 265.071 -2101.63 341.297 290.36 391.669 -48.4615
PRESSAVG: 1090000 1961.78 43.0539 69.992 43.0539 -1869.04 -83.2915 69.992 -83.2915 -60.7054
GPRESSAVG: 1090000 1973.25 21.06 71.381 57.8663 -1874.02 -83.0893 74.4078 -83.295 -70.2686
TIMING: 1090000  CPU: 982.217, 0.000899523/step  Wall: 982.425, 0.00089968/step, 384.137 ns/days, 0.977152 hours remaining, 0.000000 MB of memory in use.
PERFORMANCE: 1090000  averaging 383.451 ns/day, 0.000901288 sec/step with standard deviation 2.51751e-06
ENERGY: 1090000        29.8719        69.7745        50.1855         3.2559         -51921.4650    -85462.8353         0.0000         0.0000     10715.1492        -126516.0634       296.3104   -137231.2126   -126542.2062       297.3286             69.1396        71.4669    184233.1902        10.6811         9.6535

WRITING EXTENDED SYSTEM TO RESTART FILE AT STEP 1090000
WRITING COORDINATES TO DCD FILE ../output/02_eq_4_CLKWWW.0.dcd AT STEP 1090000
WRITING COORDINATES TO RESTART FILE AT STEP 1090000
FINISHED WRITING RESTART COORDINATES
WRITING VELOCITIES TO RESTART FILE AT STEP 1090000
FINISHED WRITING RESTART VELOCITIES
PRESSURE: 1100000 2643.34 54.2679 -22.1509 54.2682 -1851.66 40.5715 -22.1501 40.5708 -411.248
GPRESSURE: 1100000 2643.83 211.069 -54.5768 -59.5361 -1893.99 106.229 48.8052 2.45049 -354.745
PRESSAVG: 1100000 2000.32 39.1882 41.714 39.1882 -1889.28 -88.5811 41.714 -88.5811 -105.843
GPRESSAVG: 1100000 2009.27 26.9253 35.6187 43.5486 -1894.9 -80.0951 57.1842 -89.3757 -111.593
TIMING: 1100000  CPU: 991.221, 0.000900417/step  Wall: 991.432, 0.00090064/step, 383.727 ns/days, 0.975693 hours remaining, 0.000000 MB of memory in use.
PERFORMANCE: 1100000  averaging 383.454 ns/day, 0.000901282 sec/step with standard deviation 2.5067e-06
ETITLE:      TS           BOND          ANGLE          DIHED          IMPRP               ELECT            VDW       BOUNDARY           MISC        KINETIC               TOTAL           TEMP      POTENTIAL       TOTALAVG        TEMPAVG            PRESSURE      GPRESSURE         VOLUME       PRESSAVG      GPRESSAVG

ENERGY: 1100000        33.1077        77.1970        54.1835         2.1761         -52174.0411    -85309.5212         0.0000         0.0000     10747.5265        -126569.3715       297.2057   -137316.8981   -126551.0904       297.2291            126.8105       131.6988    184599.4350         1.7317         0.9255

WRITING EXTENDED SYSTEM TO RESTART FILE AT STEP 1100000
WRITING COORDINATES TO DCD FILE ../output/02_eq_4_CLKWWW.0.dcd AT STEP 1100000
WRITING COORDINATES TO RESTART FILE AT STEP 1100000
FINISHED WRITING RESTART COORDINATES
WRITING VELOCITIES TO RESTART FILE AT STEP 1100000
FINISHED WRITING RESTART VELOCITIES
PRESSURE: 1110000 2162.92 -26.2943 -222.337 -26.2933 -2066.18 194.79 -222.336 194.792 -147.956
GPRESSURE: 1110000 2208.68 31.3042 -73.7111 -149.749 -2068.18 170.541 -275.994 168.924 -208.854
PRESSAVG: 1110000 1990.12 43.336 28.4722 43.336 -1929.03 -62.2473 28.4722 -62.2473 -106.954
GPRESSAVG: 1110000 2005.68 31.6098 21.2058 37.3108 -1937.82 -54.2383 42.84 -63.0063 -116.368
TIMING: 1110000  CPU: 1000.24, 0.000901916/step  Wall: 1000.45, 0.000902112/step, 383.101 ns/days, 0.974782 hours remaining, 0.000000 MB of memory in use.
PERFORMANCE: 1110000  averaging 383.451 ns/day, 0.00090129 sec/step with standard deviation 2.49652e-06
ENERGY: 1110000        34.1628        85.7651        54.8406         2.4157         -52361.2071    -85135.5591         0.0000         0.0000     10667.5326        -126652.0494       294.9936   -137319.5820   -126551.0481       297.1751            -17.0717       -22.7848    185211.8257       -15.2872       -16.1711

WRITING EXTENDED SYSTEM TO RESTART FILE AT STEP 1110000
WRITING COORDINATES TO DCD FILE ../output/02_eq_4_CLKWWW.0.dcd AT STEP 1110000
WRITING COORDINATES TO RESTART FILE AT STEP 1110000
FINISHED WRITING RESTART COORDINATES
WRITING VELOCITIES TO RESTART FILE AT STEP 1110000
FINISHED WRITING RESTART VELOCITIES
PRESSURE: 1120000 3053.69 -236.885 300.718 -236.886 -1214.02 -2.32179 300.718 -2.32152 220.09
GPRESSURE: 1120000 3072.97 -228.476 305.603 -214.553 -1190.11 18.3181 380.458 -11.6011 174.279
PRESSAVG: 1120000 2058.56 25.385 44.5151 25.385 -1899.29 -51.7404 44.5151 -51.7404 -86.7205
GPRESSAVG: 1120000 2074.25 17.1696 42.4438 21.4767 -1909.43 -36.976 54.0876 -57.7739 -95.3756
TIMING: 1120000  CPU: 1009.25, 0.00090127/step  Wall: 1009.47, 0.0009013/step, 383.446 ns/days, 0.971401 hours remaining, 0.000000 MB of memory in use.
PERFORMANCE: 1120000  averaging 383.451 ns/day, 0.00090129 sec/step with standard deviation 2.48525e-06
ENERGY: 1120000        32.3098        71.6202        56.4279         2.9793         -52675.5922    -84968.9121         0.0000         0.0000     10775.6654        -126705.5017       297.9839   -137481.1671   -126554.9270       297.4335            686.5870       685.7128    184833.3137        24.1856        23.1483

WRITING EXTENDED SYSTEM TO RESTART FILE AT STEP 1120000
WRITING COORDINATES TO DCD FILE ../output/02_eq_4_CLKWWW.0.dcd AT STEP 1120000
WRITING COORDINATES TO RESTART FILE AT STEP 1120000
FINISHED WRITING RESTART COORDINATES
WRITING VELOCITIES TO RESTART FILE AT STEP 1120000
FINISHED WRITING RESTART VELOCITIES
PRESSURE: 1130000 1544.31 51.1183 245.427 51.1176 -2550.46 -363.004 245.425 -363.005 -250.441
GPRESSURE: 1130000 1503.71 -0.755386 267.399 -114.444 -2556.67 -319.382 313.946 -447.642 -209.359
PRESSAVG: 1130000 2065.81 23.8283 44.8738 23.8283 -1899.03 -57.0004 44.8738 -57.0004 -74.2226
GPRESSAVG: 1130000 2078.97 12.8198 46.5796 9.09553 -1910.47 -35.3942 55.0647 -71.4049 -79.1987
TIMING: 1130000  CPU: 1018.27, 0.00090206/step  Wall: 1018.49, 0.000902052/step, 383.126 ns/days, 0.969706 hours remaining, 0.000000 MB of memory in use.
PERFORMANCE: 1130000  averaging 383.448 ns/day, 0.000901296 sec/step with standard deviation 2.47517e-06
ENERGY: 1130000        20.7674        79.8162        55.1367         4.4860         -52101.3180    -85418.2606         0.0000         0.0000     10771.4108        -126587.9616       297.8662   -137359.3724   -126548.5970       297.5556           -418.8616      -420.7737    184854.6150        30.8500        29.7649

WRITING EXTENDED SYSTEM TO RESTART FILE AT STEP 1130000
WRITING COORDINATES TO DCD FILE ../output/02_eq_4_CLKWWW.0.dcd AT STEP 1130000
WRITING COORDINATES TO RESTART FILE AT STEP 1130000
FINISHED WRITING RESTART COORDINATES
WRITING VELOCITIES TO RESTART FILE AT STEP 1130000
FINISHED WRITING RESTART VELOCITIES
PRESSURE: 1140000 1448.08 116.294 -142.859 116.293 -2357.73 -88.1336 -142.858 -88.1344 -211.627
GPRESSURE: 1140000 1493.61 72.9895 -274.394 218.816 -2358.41 -102.624 58.199 -69.4255 -269.213
PRESSAVG: 1140000 2041.85 27.0023 30.5634 27.0023 -1931.79 -47.6234 30.5634 -47.6234 -54.5633
GPRESSAVG: 1140000 2060.99 15.3744 24.2213 17.7744 -1949.11 -29.5658 53.7878 -58.6698 -60.3001
TIMING: 1140000  CPU: 1027.3, 0.000902598/step  Wall: 1027.51, 0.000902789/step, 382.814 ns/days, 0.96799 hours remaining, 0.000000 MB of memory in use.
PERFORMANCE: 1140000  averaging 383.442 ns/day, 0.000901309 sec/step with standard deviation 2.46815e-06
ENERGY: 1140000        36.2972        73.4531        47.9268         2.7397         -51920.0526    -85358.9906         0.0000         0.0000     10723.1816        -126395.4449       296.5325   -137118.6265   -126555.8184       297.2871           -373.7592      -378.0049    184860.5636        18.5006        17.1936

WRITING EXTENDED SYSTEM TO RESTART FILE AT STEP 1140000
WRITING COORDINATES TO DCD FILE ../output/02_eq_4_CLKWWW.0.dcd AT STEP 1140000
WRITING COORDINATES TO RESTART FILE AT STEP 1140000
FINISHED WRITING RESTART COORDINATES
WRITING VELOCITIES TO RESTART FILE AT STEP 1140000
FINISHED WRITING RESTART VELOCITIES
PRESSURE: 1150000 2351.15 26.4229 -131.278 26.422 -1751.95 445.645 -131.28 445.644 -302.627
GPRESSURE: 1150000 2362.91 6.39544 -160.62 82.9326 -1767.44 422.559 -4.42676 474.39 -288.697
PRESSAVG: 1150000 2074.07 31.1647 12.4889 31.1647 -1913.39 -23.7215 12.4889 -23.7215 -70.7406
GPRESSAVG: 1150000 2094.31 15.6476 8.91407 24.954 -1932.08 -5.67724 43.673 -38.9743 -74.7739
TIMING: 1150000  CPU: 1036.34, 0.000904183/step  Wall: 1036.56, 0.000904461/step, 382.106 ns/days, 0.967271 hours remaining, 0.000000 MB of memory in use.
PERFORMANCE: 1150000  averaging 383.43 ns/day, 0.000901337 sec/step with standard deviation 2.47482e-06
ENERGY: 1150000        35.9411        75.7639        53.0538         2.8439         -52482.1301    -85104.7584         0.0000         0.0000     10981.8534        -126437.4323       303.6857   -137419.2857   -126553.2364       297.5404             98.8576       102.2589    184692.2300        29.9779        29.1540

WRITING EXTENDED SYSTEM TO RESTART FILE AT STEP 1150000
WRITING COORDINATES TO DCD FILE ../output/02_eq_4_CLKWWW.0.dcd AT STEP 1150000
WRITING COORDINATES TO RESTART FILE AT STEP 1150000
FINISHED WRITING RESTART COORDINATES
WRITING VELOCITIES TO RESTART FILE AT STEP 1150000
FINISHED WRITING RESTART VELOCITIES
PRESSURE: 1160000 1879 -153.001 -303.115 -153 -2042.76 -298.11 -303.115 -298.11 215.349
GPRESSURE: 1160000 1887.86 -170.183 -258.675 -227.808 -2014.1 -483.576 -337.037 -235.598 169.955
PRESSAVG: 1160000 2052.94 12.8339 7.19198 12.8339 -1941.17 -50.0573 7.19198 -50.0573 -77.4958
GPRESSAVG: 1160000 2074.37 -0.466459 6.91778 1.68547 -1957.3 -45.5205 35.1264 -57.6036 -85.6627
TIMING: 1160000  CPU: 1045.36, 0.000902252/step  Wall: 1045.58, 0.000902317/step, 383.014 ns/days, 0.962471 hours remaining, 0.000000 MB of memory in use.
PERFORMANCE: 1160000  averaging 383.427 ns/day, 0.000901345 sec/step with standard deviation 2.46571e-06
ENERGY: 1160000        25.4541        72.2295        55.9537         3.5597         -52022.2202    -85268.0048         0.0000         0.0000     10731.2107        -126401.8172       296.7545   -137133.0279   -126535.0577       297.5862             17.1991        14.5723    185106.6198        11.4238        10.4679

WRITING EXTENDED SYSTEM TO RESTART FILE AT STEP 1160000
WRITING COORDINATES TO DCD FILE ../output/02_eq_4_CLKWWW.0.dcd AT STEP 1160000
WRITING COORDINATES TO RESTART FILE AT STEP 1160000
FINISHED WRITING RESTART COORDINATES
WRITING VELOCITIES TO RESTART FILE AT STEP 1160000
FINISHED WRITING RESTART VELOCITIES
PRESSURE: 1170000 2154.99 -58.0096 -226.164 -58.0096 -1318.52 262.439 -226.162 262.438 -77.3592
GPRESSURE: 1170000 2092.85 -51.4859 -186.317 40.1626 -1271 227.249 -144.712 310.212 -92.2284
PRESSAVG: 1170000 2072.94 7.64459 -0.0418467 7.64459 -1881.42 -38.9679 -0.0418467 -38.9679 -64.7637
GPRESSAVG: 1170000 2088.73 -10.022 -1.94514 6.45094 -1892.51 -37.9873 27.8804 -38.2838 -73.1902
TIMING: 1170000  CPU: 1054.38, 0.000901983/step  Wall: 1054.6, 0.000902162/step, 383.08 ns/days, 0.9598 hours remaining, 0.000000 MB of memory in use.
PERFORMANCE: 1170000  averaging 383.424 ns/day, 0.000901352 sec/step with standard deviation 2.45623e-06
ENERGY: 1170000        36.3389        91.4363        50.1323         1.2124         -52232.6148    -85265.0020         0.0000         0.0000     10814.1281        -126504.3688       299.0475   -137318.4969   -126551.5484       297.4656            253.0363       243.2050    184592.7068        42.2540        41.0115

WRITING EXTENDED SYSTEM TO RESTART FILE AT STEP 1170000
WRITING COORDINATES TO DCD FILE ../output/02_eq_4_CLKWWW.0.dcd AT STEP 1170000
WRITING COORDINATES TO RESTART FILE AT STEP 1170000
FINISHED WRITING RESTART COORDINATES
WRITING VELOCITIES TO RESTART FILE AT STEP 1170000
FINISHED WRITING RESTART VELOCITIES
PRESSURE: 1180000 990.712 344.177 291.586 344.178 -2307.99 -680.104 291.586 -680.102 -153.997
GPRESSURE: 1180000 984.598 314.975 266.058 263.465 -2325.08 -588.289 301.122 -803.649 -139.126
PRESSAVG: 1180000 2037.9 20.0737 20.3027 20.0737 -1895.4 -45.3681 20.3027 -45.3681 -59.0156
GPRESSAVG: 1180000 2051.8 -3.12129 20.6678 14.407 -1906.2 -41.7874 47.4838 -52.8647 -65.8508
TIMING: 1180000  CPU: 1063.42, 0.000903557/step  Wall: 1063.64, 0.000903569/step, 382.483 ns/days, 0.958788 hours remaining, 0.000000 MB of memory in use.
PERFORMANCE: 1180000  averaging 383.416 ns/day, 0.000901371 sec/step with standard deviation 2.45421e-06
ENERGY: 1180000        33.9197        77.2341        54.2229         2.0568         -51956.2535    -85506.9027         0.0000         0.0000     10724.5712        -126571.1514       296.5709   -137295.7227   -126542.2330       297.5290           -490.4241      -493.2030    183793.7039        27.8285        26.5803

WRITING EXTENDED SYSTEM TO RESTART FILE AT STEP 1180000
WRITING COORDINATES TO DCD FILE ../output/02_eq_4_CLKWWW.0.dcd AT STEP 1180000
WRITING COORDINATES TO RESTART FILE AT STEP 1180000
FINISHED WRITING RESTART COORDINATES
WRITING VELOCITIES TO RESTART FILE AT STEP 1180000
FINISHED WRITING RESTART VELOCITIES
PRESSURE: 1190000 2110.43 -5.35053 166.158 -5.35287 -2032.64 96.0865 166.16 96.0869 333.904
GPRESSURE: 1190000 2088.8 -4.95991 100.517 -34.8211 -1972.14 -11.7344 134.456 141.679 295.473
PRESSAVG: 1190000 2058.79 17.1192 24.272 17.1192 -1892.54 -32.9406 24.272 -32.9406 -39.6277
GPRESSAVG: 1190000 2071.1 1.79085 18.6754 7.40607 -1900.57 -34.587 53.6463 -38.5537 -47.8755
TIMING: 1190000  CPU: 1072.45, 0.000903182/step  Wall: 1072.67, 0.000903387/step, 382.56 ns/days, 0.956085 hours remaining, 0.000000 MB of memory in use.
PERFORMANCE: 1190000  averaging 383.409 ns/day, 0.000901388 sec/step with standard deviation 2.45076e-06
ENERGY: 1190000        29.1801        75.2123        58.7109         1.0845         -52005.6434    -85390.3026         0.0000         0.0000     10829.5924        -126402.1657       299.4751   -137231.7581   -126526.8767       297.6565            137.2317       137.3779    184226.8816        42.2072        40.8844

WRITING EXTENDED SYSTEM TO RESTART FILE AT STEP 1190000
WRITING COORDINATES TO DCD FILE ../output/02_eq_4_CLKWWW.0.dcd AT STEP 1190000
WRITING COORDINATES TO RESTART FILE AT STEP 1190000
FINISHED WRITING RESTART COORDINATES
WRITING VELOCITIES TO RESTART FILE AT STEP 1190000
FINISHED WRITING RESTART VELOCITIES
PRESSURE: 1200000 1863.2 -112.737 -89.4342 -112.736 -1891.76 -68.0927 -89.4326 -68.0918 13.6315
GPRESSURE: 1200000 1820.46 -91.3599 -99.785 -103.98 -1954.58 -37.5276 -74.7763 -139.487 111.863
PRESSAVG: 1200000 2071.21 -0.935528 22.5979 -0.935528 -1856 -27.3303 22.5979 -27.3303 -49.6022
GPRESSAVG: 1200000 2079.57 -12.3539 17.8915 -10.1354 -1864.22 -26.0265 51.5654 -36.367 -53.5466
TIMING: 1200000  CPU: 1081.48, 0.000902784/step  Wall: 1081.7, 0.000903056/step, 382.7 ns/days, 0.953226 hours remaining, 0.000000 MB of memory in use.
PERFORMANCE: 1200000  averaging 383.403 ns/day, 0.000901402 sec/step with standard deviation 2.44519e-06
ETITLE:      TS           BOND          ANGLE          DIHED          IMPRP               ELECT            VDW       BOUNDARY           MISC        KINETIC               TOTAL           TEMP      POTENTIAL       TOTALAVG        TEMPAVG            PRESSURE      GPRESSURE         VOLUME       PRESSAVG      GPRESSAVG

ENERGY: 1200000        40.8970        82.3325        56.3906         3.2473         -52019.9042    -85408.0332         0.0000         0.0000     10759.9675        -126485.1023       297.5498   -137245.0699   -126520.1677       297.7267             -4.9775        -7.4180    184561.7650        55.2028        53.9336

WRITING EXTENDED SYSTEM TO RESTART FILE AT STEP 1200000
WRITING COORDINATES TO DCD FILE ../output/02_eq_4_CLKWWW.0.dcd AT STEP 1200000
WRITING COORDINATES TO RESTART FILE AT STEP 1200000
FINISHED WRITING RESTART COORDINATES
WRITING VELOCITIES TO RESTART FILE AT STEP 1200000
FINISHED WRITING RESTART VELOCITIES
PRESSURE: 1210000 1672.79 -124.255 216.212 -124.256 -2008.22 -12.5285 216.214 -12.5301 67.449
GPRESSURE: 1210000 1732.11 -162.521 368.894 -207.729 -2032.7 -19.4184 103.427 -72.4256 27.1138
PRESSAVG: 1210000 2057 -12.9511 27.7651 -12.9511 -1843.52 -10.5377 27.7651 -10.5377 -32.5766
GPRESSAVG: 1210000 2067.5 -23.1393 25.8438 -28.4609 -1850.75 -8.38015 55.3312 -24.4999 -39.6827
TIMING: 1210000  CPU: 1090.52, 0.00090386/step  Wall: 1090.74, 0.000903924/step, 382.333 ns/days, 0.951632 hours remaining, 0.000000 MB of memory in use.
PERFORMANCE: 1210000  averaging 383.394 ns/day, 0.000901423 sec/step with standard deviation 2.44576e-06
ENERGY: 1210000        32.8589        65.0257        57.2910         2.5357         -52211.7430    -85250.5775         0.0000         0.0000     10892.4802        -126412.1290       301.2142   -137304.6092   -126511.0030       297.9024            -89.3265       -91.1565    185172.2127        60.3013        59.0236

WRITING EXTENDED SYSTEM TO RESTART FILE AT STEP 1210000
WRITING COORDINATES TO DCD FILE ../output/02_eq_4_CLKWWW.0.dcd AT STEP 1210000
WRITING COORDINATES TO RESTART FILE AT STEP 1210000
FINISHED WRITING RESTART COORDINATES
WRITING VELOCITIES TO RESTART FILE AT STEP 1210000
FINISHED WRITING RESTART VELOCITIES
PRESSURE: 1220000 1982.21 -124.432 -97.9403 -124.433 -1755.08 50.9537 -97.9394 50.9542 -363.687
GPRESSURE: 1220000 1963.01 -214.217 -112.422 -12.831 -1705.37 32.2487 -65.5409 47.741 -397.86
PRESSAVG: 1220000 2065.85 -26.2233 9.52992 -26.2233 -1836.68 -6.9297 9.52992 -6.9297 -41.4584
GPRESSAVG: 1220000 2075.26 -38.639 9.15272 -38.12 -1837.68 -7.81591 36.8037 -16.046 -54.1754
TIMING: 1220000  CPU: 1099.55, 0.000903321/step  Wall: 1099.78, 0.000903441/step, 382.537 ns/days, 0.948613 hours remaining, 0.000000 MB of memory in use.
PERFORMANCE: 1220000  averaging 383.387 ns/day, 0.000901439 sec/step with standard deviation 2.44247e-06
ENERGY: 1220000        29.3591        79.4416        53.8329         3.8648         -52345.7529    -85287.1495         0.0000         0.0000     10662.6567        -126803.7474       294.8588   -137466.4041   -126515.2290       297.9215            -45.5195       -46.7387    183802.1109        62.5692        61.1343

WRITING EXTENDED SYSTEM TO RESTART FILE AT STEP 1220000
WRITING COORDINATES TO DCD FILE ../output/02_eq_4_CLKWWW.0.dcd AT STEP 1220000
WRITING COORDINATES TO RESTART FILE AT STEP 1220000
FINISHED WRITING RESTART COORDINATES
WRITING VELOCITIES TO RESTART FILE AT STEP 1220000
FINISHED WRITING RESTART VELOCITIES
PRESSURE: 1230000 2241.22 -24.9561 -254.112 -24.9584 -1451.76 17.0149 -254.112 17.013 -0.878115
GPRESSURE: 1230000 2185.04 -66.7039 -295.448 8.92844 -1428.92 6.07497 -220.692 56.6767 33.5586
PRESSAVG: 1230000 2062.11 -26.7604 2.30108 -26.7604 -1811.85 -27.9909 2.30108 -27.9909 -50.7476
GPRESSAVG: 1230000 2070.6 -43.8688 -2.32582 -35.6958 -1810.2 -22.1872 34.638 -37.1902 -65.0806
TIMING: 1230000  CPU: 1108.59, 0.00090343/step  Wall: 1108.81, 0.000903623/step, 382.461 ns/days, 0.946294 hours remaining, 0.000000 MB of memory in use.
PERFORMANCE: 1230000  averaging 383.379 ns/day, 0.000901457 sec/step with standard deviation 2.4404e-06
ENERGY: 1230000        31.2565        76.3163        53.8774         3.9573         -52405.2442    -85123.8747         0.0000         0.0000     10801.7930        -126561.9184       298.7064   -137363.7114   -126520.4400       297.8500            262.8625       263.2260    185033.6766        66.5040        65.1078

WRITING EXTENDED SYSTEM TO RESTART FILE AT STEP 1230000
WRITING COORDINATES TO DCD FILE ../output/02_eq_4_CLKWWW.0.dcd AT STEP 1230000
WRITING COORDINATES TO RESTART FILE AT STEP 1230000
FINISHED WRITING RESTART COORDINATES
WRITING VELOCITIES TO RESTART FILE AT STEP 1230000
FINISHED WRITING RESTART VELOCITIES
PRESSURE: 1240000 2161.42 69.5951 115.933 69.5947 -1544.21 -138.283 115.934 -138.284 983.049
GPRESSURE: 1240000 2174.24 -25.0602 183.128 -12.6683 -1499.45 -123.612 30.3638 -212.502 950.861
PRESSAVG: 1240000 2043.51 -18.0027 11.2252 -18.0027 -1811.96 -32.6936 11.2252 -32.6936 -27.5154
GPRESSAVG: 1240000 2054.81 -42.8284 19.2565 -27.7233 -1808.35 -29.8361 35.45 -46.3491 -44.2962
TIMING: 1240000  CPU: 1117.64, 0.000905421/step  Wall: 1117.87, 0.000905641/step, 381.608 ns/days, 0.945892 hours remaining, 0.000000 MB of memory in use.
PERFORMANCE: 1240000  averaging 383.365 ns/day, 0.000901491 sec/step with standard deviation 2.45933e-06
ENERGY: 1240000        16.7578        77.9623        56.5493         3.1065         -52189.9307    -85243.2450         0.0000         0.0000     10817.2864        -126461.5134       299.1348   -137278.7998   -126521.5452       297.8829            533.4219       541.8821    184927.0622        68.0100        67.3860

WRITING EXTENDED SYSTEM TO RESTART FILE AT STEP 1240000
WRITING COORDINATES TO DCD FILE ../output/02_eq_4_CLKWWW.0.dcd AT STEP 1240000
WRITING COORDINATES TO RESTART FILE AT STEP 1240000
FINISHED WRITING RESTART COORDINATES
WRITING VELOCITIES TO RESTART FILE AT STEP 1240000
FINISHED WRITING RESTART VELOCITIES
PRESSURE: 1250000 1504.91 -8.0232 -187.546 -8.02164 -2082.71 -28.969 -187.543 -28.969 -562.985
GPRESSURE: 1250000 1535 51.4091 -239.611 29.2897 -2122.45 -145.367 -169.757 30.44 -559.755
PRESSAVG: 1250000 2039.48 -12.5155 -3.85603 -12.5155 -1846.28 -17.4075 -3.85603 -17.4075 -60.8507
GPRESSAVG: 1250000 2045.47 -37.7665 -0.550594 -21.897 -1843.27 -22.9087 25.905 -30.5814 -71.2905
TIMING: 1250000  CPU: 1126.68, 0.000904072/step  Wall: 1126.91, 0.000904218/step, 382.209 ns/days, 0.941894 hours remaining, 0.000000 MB of memory in use.
PERFORMANCE: 1250000  averaging 383.356 ns/day, 0.000901513 sec/step with standard deviation 2.46152e-06
ENERGY: 1250000        25.3044        68.3130        56.2502         1.9539         -51942.2397    -85371.6294         0.0000         0.0000     10854.5916        -126307.4561       300.1664   -137162.0476   -126519.5523       297.8571           -380.2598      -382.3994    184831.3841        44.1161        43.6366

WRITING EXTENDED SYSTEM TO RESTART FILE AT STEP 1250000
WRITING COORDINATES TO DCD FILE ../output/02_eq_4_CLKWWW.0.dcd AT STEP 1250000
WRITING COORDINATES TO RESTART FILE AT STEP 1250000
FINISHED WRITING RESTART COORDINATES
WRITING VELOCITIES TO RESTART FILE AT STEP 1250000
FINISHED WRITING RESTART VELOCITIES
PRESSURE: 1260000 2209.61 -102.05 -124.972 -102.048 -1986.78 37.4061 -124.972 37.4061 413.482
GPRESSURE: 1260000 2230.97 -85.0612 -75.1345 -134.826 -2059.33 16.0721 -201.476 57.6576 459.608
PRESSAVG: 1260000 2038.31 -6.7789 -7.77451 -6.7789 -1890.67 -16.358 -7.77451 -16.358 -46.3893
GPRESSAVG: 1260000 2041.59 -28.6077 -1.67566 -22.7726 -1890.5 -25.2253 13.3768 -26.4037 -52.2177
TIMING: 1260000  CPU: 1135.74, 0.000905927/step  Wall: 1135.97, 0.00090611/step, 381.411 ns/days, 0.941347 hours remaining, 0.000000 MB of memory in use.
PERFORMANCE: 1260000  averaging 383.34 ns/day, 0.000901549 sec/step with standard deviation 2.48562e-06
ENERGY: 1260000        19.0134        73.4705        52.1106         3.2411         -52388.4802    -85115.5040         0.0000         0.0000     10801.6490        -126554.4997       298.7024   -137356.1486   -126519.7065       297.9994            212.1023       210.4164    184618.2524        33.7501        32.9573

WRITING EXTENDED SYSTEM TO RESTART FILE AT STEP 1260000
WRITING COORDINATES TO DCD FILE ../output/02_eq_4_CLKWWW.0.dcd AT STEP 1260000
WRITING COORDINATES TO RESTART FILE AT STEP 1260000
FINISHED WRITING RESTART COORDINATES
WRITING VELOCITIES TO RESTART FILE AT STEP 1260000
FINISHED WRITING RESTART VELOCITIES
PRESSURE: 1270000 2116.09 260.864 401.022 260.864 -1422.7 -211.202 401.021 -211.204 53.9655
GPRESSURE: 1270000 2136.09 198.334 471.916 312.433 -1517.27 -196.028 325.681 -226.971 103.627
PRESSAVG: 1270000 2037.55 10.2629 25.6281 10.2629 -1881.76 -25.865 25.6281 -25.865 -30.742
GPRESSAVG: 1270000 2042.46 -10.6285 36.2697 -1.60145 -1887.09 -34.6436 43.3406 -36.9355 -33.899
TIMING: 1270000  CPU: 1144.79, 0.000905524/step  Wall: 1145.03, 0.000905738/step, 381.567 ns/days, 0.938445 hours remaining, 0.000000 MB of memory in use.
PERFORMANCE: 1270000  averaging 383.326 ns/day, 0.000901582 sec/step with standard deviation 2.50348e-06
ENERGY: 1270000        32.2664        77.5093        61.8617         2.4167         -52239.5097    -85218.0693         0.0000         0.0000     10654.4531        -126629.0720       294.6319   -137283.5251   -126522.6462       297.8997            249.1182       240.8148    185145.8507        41.6820        40.4876

WRITING EXTENDED SYSTEM TO RESTART FILE AT STEP 1270000
WRITING COORDINATES TO DCD FILE ../output/02_eq_4_CLKWWW.0.dcd AT STEP 1270000
WRITING COORDINATES TO RESTART FILE AT STEP 1270000
FINISHED WRITING RESTART COORDINATES
WRITING VELOCITIES TO RESTART FILE AT STEP 1270000
FINISHED WRITING RESTART VELOCITIES
PRESSURE: 1280000 1293.75 408.411 332.486 408.411 -2576.33 -283.294 332.484 -283.294 161.929
GPRESSURE: 1280000 1305.33 273.047 250.025 466.658 -2548.06 -191.972 466.772 -360 102.831
PRESSAVG: 1280000 1984.51 29.7949 22.8308 29.7949 -1914.44 -35.5129 22.8308 -35.5129 -2.17019
GPRESSAVG: 1280000 1989.33 1.9838 27.1971 20.7405 -1919.34 -43.9471 47.9588 -44.8731 -6.95644
TIMING: 1280000  CPU: 1153.84, 0.000904631/step  Wall: 1154.08, 0.000904766/step, 381.977 ns/days, 0.934925 hours remaining, 0.000000 MB of memory in use.
PERFORMANCE: 1280000  averaging 383.316 ns/day, 0.000901607 sec/step with standard deviation 2.50944e-06
ENERGY: 1280000        33.7618        81.0869        61.1043         2.8658         -52156.3448    -85326.3671         0.0000         0.0000     10865.6611        -126438.2320       300.4726   -137303.8931   -126519.8499       298.0932           -373.5512      -379.9684    183394.4815        22.6308        21.0092

WRITING EXTENDED SYSTEM TO RESTART FILE AT STEP 1280000
WRITING COORDINATES TO DCD FILE ../output/02_eq_4_CLKWWW.0.dcd AT STEP 1280000
WRITING COORDINATES TO RESTART FILE AT STEP 1280000
FINISHED WRITING RESTART COORDINATES
WRITING VELOCITIES TO RESTART FILE AT STEP 1280000
FINISHED WRITING RESTART VELOCITIES
PRESSURE: 1290000 1569.68 205.215 66.4667 205.215 -2502.9 125.049 66.4666 125.05 -308.903
GPRESSURE: 1290000 1566.86 321.983 124.778 217.448 -2409.13 186.704 -54.4501 193.316 -394.739
PRESSAVG: 1290000 1947.68 28.0184 16.7054 28.0184 -1935.82 -45.2045 16.7054 -45.2045 -16.4429
GPRESSAVG: 1290000 1949.45 19.0362 25.3812 18.3593 -1934.72 -51.6767 30.7183 -54.7907 -24.2703
TIMING: 1290000  CPU: 1162.9, 0.000906178/step  Wall: 1163.14, 0.000906463/step, 381.262 ns/days, 0.93416 hours remaining, 0.000000 MB of memory in use.
PERFORMANCE: 1290000  averaging 383.3 ns/day, 0.000901645 sec/step with standard deviation 2.53591e-06
ENERGY: 1290000        33.5474        70.7461        64.5182         2.3688         -52038.0149    -85385.1318         0.0000         0.0000     10869.8747        -126382.0914       300.5891   -137251.9661   -126513.1513       298.3071           -414.0388      -412.3391    185642.4775        -1.5281        -3.1811

WRITING EXTENDED SYSTEM TO RESTART FILE AT STEP 1290000
WRITING COORDINATES TO DCD FILE ../output/02_eq_4_CLKWWW.0.dcd AT STEP 1290000
WRITING COORDINATES TO RESTART FILE AT STEP 1290000
FINISHED WRITING RESTART COORDINATES
WRITING VELOCITIES TO RESTART FILE AT STEP 1290000
FINISHED WRITING RESTART VELOCITIES
PRESSURE: 1300000 1749.07 -66.4314 -201.992 -66.4341 -2314.16 477.246 -201.99 477.246 -531.183
GPRESSURE: 1300000 1721.71 -140.426 -135.553 34.9697 -2315.86 454.177 -202.559 476.564 -509.666
PRESSAVG: 1300000 1902.96 21.9833 7.71342 21.9833 -1958.94 -23.3708 7.71342 -23.3708 -22.4396
GPRESSAVG: 1300000 1903.34 1.46142 21.3325 23.0846 -1955.81 -34.2793 18.1501 -31.085 -32.0164
TIMING: 1300000  CPU: 1171.97, 0.000906349/step  Wall: 1172.21, 0.000906581/step, 381.213 ns/days, 0.931763 hours remaining, 0.000000 MB of memory in use.
PERFORMANCE: 1300000  averaging 383.283 ns/day, 0.000901683 sec/step with standard deviation 2.56289e-06
ETITLE:      TS           BOND          ANGLE          DIHED          IMPRP               ELECT            VDW       BOUNDARY           MISC        KINETIC               TOTAL           TEMP      POTENTIAL       TOTALAVG        TEMPAVG            PRESSURE      GPRESSURE         VOLUME       PRESSAVG      GPRESSAVG

ENERGY: 1300000        27.0295        78.7874        58.6843         2.1652         -52052.3599    -85384.6481         0.0000         0.0000     10830.6007        -126439.7409       299.5030   -137270.3416   -126506.6698       298.4220           -365.4237      -367.9371    184079.6935       -26.1398       -28.1629

WRITING EXTENDED SYSTEM TO RESTART FILE AT STEP 1300000
WRITING COORDINATES TO DCD FILE ../output/02_eq_4_CLKWWW.0.dcd AT STEP 1300000
WRITING COORDINATES TO RESTART FILE AT STEP 1300000
FINISHED WRITING RESTART COORDINATES
WRITING VELOCITIES TO RESTART FILE AT STEP 1300000
FINISHED WRITING RESTART VELOCITIES
PRESSURE: 1310000 1869.6 -152.962 7.2049 -152.964 -1824.25 -211.605 7.20696 -211.606 176.32
GPRESSURE: 1310000 1843.47 -162.636 -211.17 -107.685 -1894.34 -145.44 99.2273 -314.313 260.499
PRESSAVG: 1310000 1888.3 15.6498 19.1906 15.6498 -1946.85 -43.6906 19.1906 -43.6906 -6.22581
GPRESSAVG: 1310000 1885.08 -8.23561 14.4595 25.1878 -1947.12 -50.0784 36.9112 -55.2469 -8.54873
TIMING: 1310000  CPU: 1181.03, 0.000906318/step  Wall: 1181.27, 0.000906457/step, 381.265 ns/days, 0.929118 hours remaining, 0.000000 MB of memory in use.
PERFORMANCE: 1310000  averaging 383.268 ns/day, 0.000901719 sec/step with standard deviation 2.58687e-06
ENERGY: 1310000        26.1911        78.0160        64.2015         3.3645         -52115.8557    -85320.3268         0.0000         0.0000     10778.2249        -126486.1844       298.0546   -137264.4093   -126498.3765       298.5750             73.8900        69.8767    184538.0543       -21.5918       -23.5298

WRITING EXTENDED SYSTEM TO RESTART FILE AT STEP 1310000
WRITING COORDINATES TO DCD FILE ../output/02_eq_4_CLKWWW.0.dcd AT STEP 1310000
WRITING COORDINATES TO RESTART FILE AT STEP 1310000
FINISHED WRITING RESTART COORDINATES
WRITING VELOCITIES TO RESTART FILE AT STEP 1310000
FINISHED WRITING RESTART VELOCITIES
PRESSURE: 1320000 2062.82 -175.77 85.9711 -175.77 -1480.35 -14.289 85.972 -14.2882 -35.5758
GPRESSURE: 1320000 2140.56 -55.4463 -51.4041 -173.289 -1463.5 -41.7077 226.847 -134.99 -118.692
PRESSAVG: 1320000 1838.75 18.7056 8.4533 18.7056 -1960.16 -44.289 8.4533 -44.289 -19.0091
GPRESSAVG: 1320000 1838.46 0.415889 -3.39086 27.2511 -1960.79 -53.0797 29.2307 -61.4163 -23.1973
TIMING: 1320000  CPU: 1190.1, 0.000907033/step  Wall: 1190.35, 0.000907175/step, 380.963 ns/days, 0.927334 hours remaining, 0.000000 MB of memory in use.
PERFORMANCE: 1320000  averaging 383.25 ns/day, 0.00090176 sec/step with standard deviation 2.62037e-06
ENERGY: 1320000        27.4851        73.4951        59.6079         2.9621         -52414.9579    -85112.5323         0.0000         0.0000     10804.1437        -126559.7963       298.7714   -137363.9400   -126491.0913       298.6144            182.2974       186.1233    184233.0964       -46.8062       -48.5093

WRITING EXTENDED SYSTEM TO RESTART FILE AT STEP 1320000
WRITING COORDINATES TO DCD FILE ../output/02_eq_4_CLKWWW.0.dcd AT STEP 1320000
WRITING COORDINATES TO RESTART FILE AT STEP 1320000
FINISHED WRITING RESTART COORDINATES
WRITING VELOCITIES TO RESTART FILE AT STEP 1320000
FINISHED WRITING RESTART VELOCITIES
PRESSURE: 1330000 1903.97 -26.9887 -24.359 -26.9898 -2047.59 -71.1345 -24.3575 -71.1344 -526.344
GPRESSURE: 1330000 1920.1 -3.41229 -2.94756 68.5796 -2036.79 -76.0783 -22.7297 -98.659 -563.464
PRESSAVG: 1330000 1856.74 14.8002 -5.03585 14.8002 -1935.02 -29.6954 -5.03585 -29.6954 -32.8043
GPRESSAVG: 1330000 1859.28 0.283044 -16.9082 36.4023 -1934.8 -40.9145 12.3969 -43.9671 -40.9025
TIMING: 1330000  CPU: 1199.16, 0.000905885/step  Wall: 1199.41, 0.000906139/step, 381.398 ns/days, 0.923759 hours remaining, 0.000000 MB of memory in use.
PERFORMANCE: 1330000  averaging 383.236 ns/day, 0.000901793 sec/step with standard deviation 2.6379e-06
ENERGY: 1330000        36.3004        69.5154        59.4082         3.6156         -52137.8568    -85443.4283         0.0000         0.0000     10647.0848        -126765.3607       294.4282   -137412.4455   -126499.9612       298.4425           -223.3196      -226.7187    184296.5714       -37.0291       -38.8065

WRITING EXTENDED SYSTEM TO RESTART FILE AT STEP 1330000
WRITING COORDINATES TO DCD FILE ../output/02_eq_4_CLKWWW.0.dcd AT STEP 1330000
WRITING COORDINATES TO RESTART FILE AT STEP 1330000
FINISHED WRITING RESTART COORDINATES
WRITING VELOCITIES TO RESTART FILE AT STEP 1330000
FINISHED WRITING RESTART VELOCITIES
PRESSURE: 1340000 2881.4 -229.149 -64.1935 -229.15 -1563.68 -52.8079 -64.1959 -52.8072 1009.05
GPRESSURE: 1340000 2857.39 -247.215 -70.1454 -159.536 -1493.45 -92.7083 -17.3942 -104.997 955.431
PRESSAVG: 1340000 1928.4 -2.47193 -1.10272 -2.47193 -1895.32 -27.9291 -1.10272 -27.9291 28.2294
GPRESSAVG: 1340000 1927.47 -15.7272 -6.69578 17.4846 -1891.55 -40.4187 8.61721 -45.7457 20.3296
TIMING: 1340000  CPU: 1208.22, 0.000906392/step  Wall: 1208.47, 0.000906591/step, 381.208 ns/days, 0.921701 hours remaining, 0.000000 MB of memory in use.
PERFORMANCE: 1340000  averaging 383.221 ns/day, 0.000901829 sec/step with standard deviation 2.66044e-06
ENERGY: 1340000        29.2142        73.5277        56.3721         3.4035         -52206.3521    -85155.8499         0.0000         0.0000     10696.1417        -126503.5427       295.7848   -137199.6844   -126505.3661       298.4051            775.5891       773.1247    184402.2821        20.4383        18.7500

WRITING EXTENDED SYSTEM TO RESTART FILE AT STEP 1340000
WRITING COORDINATES TO DCD FILE ../output/02_eq_4_CLKWWW.0.dcd AT STEP 1340000
WRITING COORDINATES TO RESTART FILE AT STEP 1340000
FINISHED WRITING RESTART COORDINATES
WRITING VELOCITIES TO RESTART FILE AT STEP 1340000
FINISHED WRITING RESTART VELOCITIES
PRESSURE: 1350000 2500.78 -107.204 190.6 -107.206 -1487.31 124.864 190.599 124.862 -248.125
GPRESSURE: 1350000 2496.87 -66.2943 182.792 -107.262 -1466.7 139.127 252.642 85.3212 -278.572
PRESSAVG: 1350000 1935.88 -9.15333 14.9913 -9.15333 -1882.08 -43.9682 14.9913 -43.9682 30.9546
GPRESSAVG: 1350000 1934.17 -19.3617 10.4749 7.97489 -1876.51 -54.5903 21.4706 -65.1991 20.8359
TIMING: 1350000  CPU: 1217.28, 0.000906031/step  Wall: 1217.53, 0.00090624/step, 381.356 ns/days, 0.918826 hours remaining, 0.000000 MB of memory in use.
PERFORMANCE: 1350000  averaging 383.207 ns/day, 0.000901862 sec/step with standard deviation 2.67754e-06
ENERGY: 1350000        30.7695        88.8517        55.2052         0.9777         -52077.0592    -85259.0580         0.0000         0.0000     10718.7809        -126441.5323       296.4108   -137160.3131   -126505.5711       298.0414            255.1177       250.5302    184430.2838        28.2513        26.1635

WRITING EXTENDED SYSTEM TO RESTART FILE AT STEP 1350000
WRITING COORDINATES TO DCD FILE ../output/02_eq_4_CLKWWW.0.dcd AT STEP 1350000
WRITING COORDINATES TO RESTART FILE AT STEP 1350000
FINISHED WRITING RESTART COORDINATES
WRITING VELOCITIES TO RESTART FILE AT STEP 1350000
FINISHED WRITING RESTART VELOCITIES
PRESSURE: 1360000 1663.71 289.855 176.514 289.854 -1991.97 -8.2477 176.515 -8.24936 161.537
GPRESSURE: 1360000 1686.84 411.642 259.781 166.229 -1952.69 3.0342 111.938 -104.003 98.981
PRESSAVG: 1360000 1925.12 12.9894 38.9728 12.9894 -1879.54 -29.4751 38.9728 -29.4751 28.2639
GPRESSAVG: 1360000 1924.12 9.72958 36.3976 27.6768 -1873.44 -30.2598 43.9194 -58.6194 17.2872
TIMING: 1360000  CPU: 1226.33, 0.000905178/step  Wall: 1226.59, 0.000905397/step, 381.711 ns/days, 0.915457 hours remaining, 0.000000 MB of memory in use.
PERFORMANCE: 1360000  averaging 383.196 ns/day, 0.000901888 sec/step with standard deviation 2.68477e-06
ENERGY: 1360000        31.4120        84.7078        48.7835         2.9601         -52331.7173    -85151.3293         0.0000         0.0000     10943.3747        -126371.8085       302.6216   -137315.1832   -126504.0707       298.3347            -55.5741       -55.6227    185061.2435        24.6126        22.6538

WRITING EXTENDED SYSTEM TO RESTART FILE AT STEP 1360000
WRITING COORDINATES TO DCD FILE ../output/02_eq_4_CLKWWW.0.dcd AT STEP 1360000
WRITING COORDINATES TO RESTART FILE AT STEP 1360000
FINISHED WRITING RESTART COORDINATES
WRITING VELOCITIES TO RESTART FILE AT STEP 1360000
FINISHED WRITING RESTART VELOCITIES
PRESSURE: 1370000 2255.76 -123.884 294.527 -123.881 -1640.96 -50.1385 294.527 -50.1379 -69.6764
GPRESSURE: 1370000 2291.67 -117.852 257.012 -248.88 -1609.99 -18.8595 324.046 -21.4836 -135.692
PRESSAVG: 1370000 1930.16 9.69581 65.0072 9.69581 -1895.67 -45.104 65.0072 -45.104 28.6481
GPRESSAVG: 1370000 1934.06 6.41129 58.5641 13.2246 -1890.39 -42.5652 67.3573 -75.2042 15.114
TIMING: 1370000  CPU: 1235.4, 0.000906191/step  Wall: 1235.65, 0.000906401/step, 381.288 ns/days, 0.913954 hours remaining, 0.000000 MB of memory in use.
PERFORMANCE: 1370000  averaging 383.182 ns/day, 0.000901921 sec/step with standard deviation 2.70253e-06
ENERGY: 1370000        34.4563        88.6291        51.5051         3.0511         -52372.2556    -85184.3491         0.0000         0.0000     10710.6260        -126668.3371       296.1853   -137378.9631   -126512.2691       298.1916            181.7059       181.9957    184254.3050        21.0461        19.5933

WRITING EXTENDED SYSTEM TO RESTART FILE AT STEP 1370000
WRITING COORDINATES TO DCD FILE ../output/02_eq_4_CLKWWW.0.dcd AT STEP 1370000
WRITING COORDINATES TO RESTART FILE AT STEP 1370000
FINISHED WRITING RESTART COORDINATES
WRITING VELOCITIES TO RESTART FILE AT STEP 1370000
FINISHED WRITING RESTART VELOCITIES
PRESSURE: 1380000 1721.5 351.787 100.681 351.787 -1865.26 146.999 100.682 146.999 -635.812
GPRESSURE: 1380000 1763.08 439.872 -64.4637 307.536 -1881 123.781 294.458 241.076 -658.958
PRESSAVG: 1380000 1966.7 10.0763 55.462 10.0763 -1873.53 -3.74889 55.462 -3.74889 4.55732
GPRESSAVG: 1380000 1972.98 12.6561 42.038 15.4282 -1868.19 -6.96176 67.0241 -22.968 -10.8776
TIMING: 1380000  CPU: 1244.43, 0.000903626/step  Wall: 1244.69, 0.000903818/step, 382.378 ns/days, 0.908839 hours remaining, 0.000000 MB of memory in use.
PERFORMANCE: 1380000  averaging 383.176 ns/day, 0.000901934 sec/step with standard deviation 2.69749e-06
ENERGY: 1380000        27.2878        86.9825        52.9335         2.1143         -52634.3687    -84914.4492         0.0000         0.0000     10856.7250        -126522.7749       300.2254   -137379.4998   -126509.8503       298.3743           -259.8598      -258.9573    185234.2418        32.5743        31.3056

WRITING EXTENDED SYSTEM TO RESTART FILE AT STEP 1380000
WRITING COORDINATES TO DCD FILE ../output/02_eq_4_CLKWWW.0.dcd AT STEP 1380000
WRITING COORDINATES TO RESTART FILE AT STEP 1380000
FINISHED WRITING RESTART COORDINATES
WRITING VELOCITIES TO RESTART FILE AT STEP 1380000
FINISHED WRITING RESTART VELOCITIES
PRESSURE: 1390000 2069.65 53.9944 -131.761 53.997 -1569.36 44.3171 -131.761 44.3161 -359.149
GPRESSURE: 1390000 2099.75 6.84991 -110.675 -35.1799 -1609.83 62.9323 -95.4859 72.6972 -348.927
PRESSAVG: 1390000 1964.66 13.0438 40.5659 13.0438 -1850.37 -6.33744 40.5659 -6.33744 -30.0954
GPRESSAVG: 1390000 1973.53 13.2466 31.4784 15.4102 -1850.07 -3.22843 55.527 -26.417 -43.0976
TIMING: 1390000  CPU: 1253.49, 0.000905485/step  Wall: 1253.75, 0.000905672/step, 381.595 ns/days, 0.908188 hours remaining, 0.000000 MB of memory in use.
PERFORMANCE: 1390000  averaging 383.165 ns/day, 0.000901961 sec/step with standard deviation 2.70633e-06
ENERGY: 1390000        27.5444        72.4781        57.7303         2.5416         -52262.6312    -85245.0875         0.0000         0.0000     10623.6529        -126723.7714       293.7802   -137347.4243   -126525.9305       298.0896             47.0472        46.9982    184985.2993        28.0651        26.7866

WRITING EXTENDED SYSTEM TO RESTART FILE AT STEP 1390000
WRITING COORDINATES TO DCD FILE ../output/02_eq_4_CLKWWW.0.dcd AT STEP 1390000
WRITING COORDINATES TO RESTART FILE AT STEP 1390000
FINISHED WRITING RESTART COORDINATES
WRITING VELOCITIES TO RESTART FILE AT STEP 1390000
FINISHED WRITING RESTART VELOCITIES
PRESSURE: 1400000 2549.17 259.412 365.137 259.412 -1922.61 304.273 365.138 304.273 -110.806
GPRESSURE: 1400000 2609.62 205.527 381.875 266.879 -1987.58 286.131 388.944 289.713 -97.0811
PRESSAVG: 1400000 1998.96 31.6511 63.2945 31.6511 -1851.91 12.2808 63.2945 12.2808 -36.3172
GPRESSAVG: 1400000 2012.99 28.091 55.5614 33.9532 -1851.72 12.9545 78.713 -4.95704 -53.5448
TIMING: 1400000  CPU: 1262.53, 0.000904132/step  Wall: 1262.79, 0.000904303/step, 382.173 ns/days, 0.904303 hours remaining, 0.000000 MB of memory in use.
PERFORMANCE: 1400000  averaging 383.158 ns/day, 0.000901978 sec/step with standard deviation 2.70383e-06
ETITLE:      TS           BOND          ANGLE          DIHED          IMPRP               ELECT            VDW       BOUNDARY           MISC        KINETIC               TOTAL           TEMP      POTENTIAL       TOTALAVG        TEMPAVG            PRESSURE      GPRESSURE         VOLUME       PRESSAVG      GPRESSAVG

ENERGY: 1400000        34.4577        88.2874        58.6429         5.1759         -52165.8029    -85222.7214         0.0000         0.0000     10836.5332        -126365.4272       299.6671   -137201.9604   -126519.9468       298.1955            171.9172       174.9870    186009.6991        36.9098        35.9069

WRITING EXTENDED SYSTEM TO RESTART FILE AT STEP 1400000
WRITING COORDINATES TO DCD FILE ../output/02_eq_4_CLKWWW.0.dcd AT STEP 1400000
WRITING COORDINATES TO RESTART FILE AT STEP 1400000
FINISHED WRITING RESTART COORDINATES
WRITING VELOCITIES TO RESTART FILE AT STEP 1400000
FINISHED WRITING RESTART VELOCITIES
PRESSURE: 1410000 1372.01 14.5857 151.697 14.5869 -2481.18 189.947 151.7 189.946 -789.098
GPRESSURE: 1410000 1345.74 227.308 188.142 -147.891 -2491.98 365.884 96.7793 130.963 -759.475
PRESSAVG: 1410000 1983.92 38.5933 60.0688 38.5933 -1875.56 22.4046 60.0688 22.4046 -79.1446
GPRESSAVG: 1410000 1993.67 47.5824 46.5238 36.9451 -1874.68 32.2196 78.3807 5.21241 -92.8742
TIMING: 1410000  CPU: 1271.58, 0.000904938/step  Wall: 1271.84, 0.000905061/step, 381.853 ns/days, 0.902547 hours remaining, 0.000000 MB of memory in use.
PERFORMANCE: 1410000  averaging 383.149 ns/day, 0.000902 sec/step with standard deviation 2.70664e-06
ENERGY: 1410000        28.7917        85.6220        52.9400         3.7342         -52052.1274    -85403.0922         0.0000         0.0000     10755.9521        -126528.1796       297.4387   -137284.1317   -126525.7493       298.0067           -632.7574      -635.2374    185427.9210         9.7383         8.7028

WRITING EXTENDED SYSTEM TO RESTART FILE AT STEP 1410000
WRITING COORDINATES TO DCD FILE ../output/02_eq_4_CLKWWW.0.dcd AT STEP 1410000
WRITING COORDINATES TO RESTART FILE AT STEP 1410000
FINISHED WRITING RESTART COORDINATES
WRITING VELOCITIES TO RESTART FILE AT STEP 1410000
FINISHED WRITING RESTART VELOCITIES
PRESSURE: 1420000 2416.43 228.004 22.2734 228 -1702.41 25.5172 22.2731 25.5179 0.509704
GPRESSURE: 1420000 2371.49 209.815 99.7254 183.183 -1699.16 73.0028 12.7321 -55.2287 48.5833
PRESSAVG: 1420000 2005.63 56.2149 66.0794 56.2149 -1872.92 21.1328 66.0794 21.1328 -60.9348
GPRESSAVG: 1420000 2014.09 68.784 57.1311 46.7458 -1874.37 34.2573 82.2943 0.063926 -70.5521
TIMING: 1420000  CPU: 1280.62, 0.000904526/step  Wall: 1280.89, 0.000904671/step, 382.017 ns/days, 0.899645 hours remaining, 0.000000 MB of memory in use.
PERFORMANCE: 1420000  averaging 383.141 ns/day, 0.000902019 sec/step with standard deviation 2.70633e-06
ENERGY: 1420000        34.9143        75.6219        57.4311         3.2687         -52484.7708    -85160.0018         0.0000         0.0000     10909.7065        -126563.8300       301.6906   -137473.5365   -126513.7534       298.3483            238.1773       240.3048    185600.6927        23.9231        23.0550

WRITING EXTENDED SYSTEM TO RESTART FILE AT STEP 1420000
WRITING COORDINATES TO DCD FILE ../output/02_eq_4_CLKWWW.0.dcd AT STEP 1420000
WRITING COORDINATES TO RESTART FILE AT STEP 1420000
FINISHED WRITING RESTART COORDINATES
WRITING VELOCITIES TO RESTART FILE AT STEP 1420000
FINISHED WRITING RESTART VELOCITIES
PRESSURE: 1430000 2271.4 -243.511 -349.115 -243.509 -1799.74 -222.45 -349.114 -222.449 390.029
GPRESSURE: 1430000 2292.59 -348.827 -311.51 -147.677 -1831.23 -165.005 -389.388 -369.155 400.444
PRESSAVG: 1430000 2007.14 45.2874 61.3293 45.2874 -1890.32 9.15968 61.3293 9.15968 -41.3894
GPRESSAVG: 1430000 2019.47 54.6778 56.328 38.9155 -1894.49 25.7033 73.8595 -21.2277 -52.2078
TIMING: 1430000  CPU: 1289.67, 0.00090439/step  Wall: 1289.93, 0.000904671/step, 382.017 ns/days, 0.897132 hours remaining, 0.000000 MB of memory in use.
PERFORMANCE: 1430000  averaging 383.133 ns/day, 0.000902037 sec/step with standard deviation 2.70589e-06
ENERGY: 1430000        21.3813        84.3900        57.8917         3.5445         -52354.6191    -85274.5131         0.0000         0.0000     10790.5461        -126671.3787       298.3954   -137461.9248   -126519.2265       298.3327            287.2279       287.2684    184248.4781        25.1414        24.2571

WRITING EXTENDED SYSTEM TO RESTART FILE AT STEP 1430000
WRITING COORDINATES TO DCD FILE ../output/02_eq_4_CLKWWW.0.dcd AT STEP 1430000
WRITING COORDINATES TO RESTART FILE AT STEP 1430000
FINISHED WRITING RESTART COORDINATES
WRITING VELOCITIES TO RESTART FILE AT STEP 1430000
FINISHED WRITING RESTART VELOCITIES
PRESSURE: 1440000 1657.17 145.527 -246.135 145.526 -2307.59 -39.1049 -246.134 -39.1041 695.95
GPRESSURE: 1440000 1624.55 18.2672 -370.623 132.898 -2380.02 -28.7643 -282.025 -13.5719 792.393
PRESSAVG: 1440000 1981.92 49.084 43.2259 49.084 -1928.49 14.1187 43.2259 14.1187 -55.7443
GPRESSAVG: 1440000 1991.98 56.8442 28.6404 46.1938 -1938.52 30.4457 58.2401 -11.2812 -60.1312
TIMING: 1440000  CPU: 1298.69, 0.000902623/step  Wall: 1298.96, 0.000902763/step, 382.825 ns/days, 0.892732 hours remaining, 0.000000 MB of memory in use.
PERFORMANCE: 1440000  averaging 383.131 ns/day, 0.000902042 sec/step with standard deviation 2.69709e-06
ENERGY: 1440000        38.9083        90.4854        55.4367         1.1471         -52078.5082    -85274.4748         0.0000         0.0000     10778.3316        -126388.6740       298.0576   -137167.0056   -126515.5845       298.2789             15.1767        12.3070    185343.9718        -0.7709        -2.2216

WRITING EXTENDED SYSTEM TO RESTART FILE AT STEP 1440000
WRITING COORDINATES TO DCD FILE ../output/02_eq_4_CLKWWW.0.dcd AT STEP 1440000
WRITING COORDINATES TO RESTART FILE AT STEP 1440000
FINISHED WRITING RESTART COORDINATES
WRITING VELOCITIES TO RESTART FILE AT STEP 1440000
FINISHED WRITING RESTART VELOCITIES
PRESSURE: 1450000 2017.47 144.459 384.067 144.456 -2392.98 -50.4197 384.067 -50.4196 -620.44
GPRESSURE: 1450000 2057.97 40.2991 404.704 182.83 -2391.77 -94.6886 419.616 -40.152 -667.003
PRESSAVG: 1450000 2007.55 56.7079 71.8064 56.7079 -1944.01 13.0462 71.8064 13.0462 -58.6171
GPRESSAVG: 1450000 2018.13 56.2887 60.8562 53.8708 -1951.98 32.9796 87.7087 -14.8108 -65.4937
TIMING: 1450000  CPU: 1307.74, 0.000904681/step  Wall: 1308.01, 0.000904956/step, 381.897 ns/days, 0.892387 hours remaining, 0.000000 MB of memory in use.
PERFORMANCE: 1450000  averaging 383.122 ns/day, 0.000902062 sec/step with standard deviation 2.69858e-06
ENERGY: 1450000        28.1903        90.3321        53.7069         2.3098         -52055.7151    -85335.6936         0.0000         0.0000     10718.4644        -126498.4051       296.4021   -137216.8696   -126525.1319       298.0906           -331.9817      -333.6014    185324.1904         1.6430         0.2183

WRITING EXTENDED SYSTEM TO RESTART FILE AT STEP 1450000
WRITING COORDINATES TO DCD FILE ../output/02_eq_4_CLKWWW.0.dcd AT STEP 1450000
WRITING COORDINATES TO RESTART FILE AT STEP 1450000
FINISHED WRITING RESTART COORDINATES
WRITING VELOCITIES TO RESTART FILE AT STEP 1450000
FINISHED WRITING RESTART VELOCITIES
PRESSURE: 1460000 2030.89 128.06 75.2555 128.062 -1645.19 -47.2561 75.2547 -47.2558 -113.856
GPRESSURE: 1460000 2073.54 157.835 108.348 85.5181 -1706.98 -74.4749 117.489 9.01415 -93.0992
PRESSAVG: 1460000 1998.62 68.2133 81.8178 68.2133 -1926.93 8.81306 81.8178 8.81306 -84.9839
GPRESSAVG: 1460000 2010.26 68.4335 70.0303 64.888 -1934.37 28.4523 103.657 -17.243 -93.129
TIMING: 1460000  CPU: 1316.8, 0.000906182/step  Wall: 1317.08, 0.000906326/step, 381.32 ns/days, 0.891221 hours remaining, 0.000000 MB of memory in use.
PERFORMANCE: 1460000  averaging 383.11 ns/day, 0.000902092 sec/step with standard deviation 2.71231e-06
ENERGY: 1460000        27.5234        81.7174        50.4278         2.8355         -52070.3265    -85253.0915         0.0000         0.0000     10641.3956        -126519.5183       294.2709   -137160.9139   -126523.3829       297.8691             90.6167        91.1546    186284.2229        -4.4312        -5.7448

WRITING EXTENDED SYSTEM TO RESTART FILE AT STEP 1460000
WRITING COORDINATES TO DCD FILE ../output/02_eq_4_CLKWWW.0.dcd AT STEP 1460000
WRITING COORDINATES TO RESTART FILE AT STEP 1460000
FINISHED WRITING RESTART COORDINATES
WRITING VELOCITIES TO RESTART FILE AT STEP 1460000
FINISHED WRITING RESTART VELOCITIES
PRESSURE: 1470000 1618.4 225.076 183.821 225.076 -2246.26 -188.977 183.821 -188.979 -464.602
GPRESSURE: 1470000 1559.88 179.436 259.267 320.263 -2216.57 -224.172 77.0229 -256.75 -433.108
PRESSAVG: 1470000 1973.73 66.4239 70.9578 66.4239 -1968.1 9.92431 70.9578 9.92431 -110.912
GPRESSAVG: 1470000 1981.45 67.4886 59.3978 65.2795 -1969.33 27.0451 91.2241 -18.7319 -119.966
TIMING: 1470000  CPU: 1325.85, 0.000904871/step  Wall: 1326.13, 0.000905115/step, 381.83 ns/days, 0.887515 hours remaining, 0.000000 MB of memory in use.
PERFORMANCE: 1470000  averaging 383.101 ns/day, 0.000902112 sec/step with standard deviation 2.71448e-06
ENERGY: 1470000        31.3174        71.6511        55.6276         3.5734         -52018.8564    -85321.4802         0.0000         0.0000     10801.4020        -126376.7651       298.6956   -137178.1671   -126510.7675       298.0722           -364.1526      -363.2675    185715.2250       -35.0948       -35.9489

WRITING EXTENDED SYSTEM TO RESTART FILE AT STEP 1470000
WRITING COORDINATES TO DCD FILE ../output/02_eq_4_CLKWWW.0.dcd AT STEP 1470000
WRITING COORDINATES TO RESTART FILE AT STEP 1470000
FINISHED WRITING RESTART COORDINATES
WRITING VELOCITIES TO RESTART FILE AT STEP 1470000
FINISHED WRITING RESTART VELOCITIES
PRESSURE: 1480000 2812.61 197.239 -105.537 197.239 -1950.61 60.0428 -105.539 60.0426 242.378
GPRESSURE: 1480000 2854.31 143.483 -113.584 260.558 -1966.3 30.1669 -55.0277 -1.257 229.414
PRESSAVG: 1480000 2049.67 55.8653 49.0566 55.8653 -1936.82 27.0911 49.0566 27.0911 -106.89
GPRESSAVG: 1480000 2058.9 61.0103 41.2174 54.9745 -1940.24 38.152 65.1341 -0.79478 -113.637
TIMING: 1480000  CPU: 1334.9, 0.000904887/step  Wall: 1335.18, 0.00090512/step, 381.828 ns/days, 0.885006 hours remaining, 0.000000 MB of memory in use.
PERFORMANCE: 1480000  averaging 383.092 ns/day, 0.000902133 sec/step with standard deviation 2.71651e-06
ENERGY: 1480000        28.3186        78.6942        53.9107         2.2951         -52313.7963    -85233.4310         0.0000         0.0000     10810.7277        -126573.2811       298.9535   -137384.0088   -126517.5200       297.9963            368.1271       372.4750    184285.7300         1.9891         1.6732

WRITING EXTENDED SYSTEM TO RESTART FILE AT STEP 1480000
WRITING COORDINATES TO DCD FILE ../output/02_eq_4_CLKWWW.0.dcd AT STEP 1480000
WRITING COORDINATES TO RESTART FILE AT STEP 1480000
FINISHED WRITING RESTART COORDINATES
WRITING VELOCITIES TO RESTART FILE AT STEP 1480000
FINISHED WRITING RESTART VELOCITIES
PRESSURE: 1490000 1868.63 -114.046 172.698 -114.047 -1723.89 116.185 172.696 116.185 31.8815
GPRESSURE: 1490000 1843.95 -184.514 142.89 -68.2466 -1727.81 169.952 122.143 56.6527 71.1312
PRESSAVG: 1490000 2064.62 39.9022 54.3681 39.9022 -1897.87 26.6479 54.3681 26.6479 -89.8507
GPRESSAVG: 1490000 2072.75 35.6855 42.123 40.6898 -1906.18 37.3144 73.9638 -7.62796 -90.3431
TIMING: 1490000  CPU: 1343.97, 0.000906526/step  Wall: 1344.24, 0.000906724/step, 381.152 ns/days, 0.884056 hours remaining, 0.000000 MB of memory in use.
PERFORMANCE: 1490000  averaging 383.079 ns/day, 0.000902163 sec/step with standard deviation 2.73332e-06
ENERGY: 1490000        27.6965        74.4390        58.0428         2.3740         -52097.3304    -85320.9793         0.0000         0.0000     10752.1128        -126503.6447       297.3326   -137255.7575   -126523.5976       297.8335             58.8724        62.4224    184830.5044        25.6347        25.4113

WRITING EXTENDED SYSTEM TO RESTART FILE AT STEP 1490000
WRITING COORDINATES TO DCD FILE ../output/02_eq_4_CLKWWW.0.dcd AT STEP 1490000
WRITING COORDINATES TO RESTART FILE AT STEP 1490000
FINISHED WRITING RESTART COORDINATES
WRITING VELOCITIES TO RESTART FILE AT STEP 1490000
FINISHED WRITING RESTART VELOCITIES
PRESSURE: 1500000 2841.66 277.753 16.2631 277.752 -1447.98 -29.6019 16.2642 -29.6013 159.975
GPRESSURE: 1500000 2737.37 364.528 145.543 169.847 -1378.92 -117.223 -67.4033 1.77933 198.409
PRESSAVG: 1500000 2119.25 57.1115 65.2808 57.1115 -1854.56 1.30553 65.2808 1.30553 -55.2928
GPRESSAVG: 1500000 2123.54 60.9331 56.1778 47.4337 -1859.33 8.74448 80.7216 -31.3672 -54.9394
TIMING: 1500000  CPU: 1352.99, 0.000902717/step  Wall: 1353.27, 0.000902898/step, 382.767 ns/days, 0.877818 hours remaining, 0.000000 MB of memory in use.
PERFORMANCE: 1500000  averaging 383.077 ns/day, 0.000902168 sec/step with standard deviation 2.72479e-06
ETITLE:      TS           BOND          ANGLE          DIHED          IMPRP               ELECT            VDW       BOUNDARY           MISC        KINETIC               TOTAL           TEMP      POTENTIAL       TOTALAVG        TEMPAVG            PRESSURE      GPRESSURE         VOLUME       PRESSAVG      GPRESSAVG

ENERGY: 1500000        26.0172        87.0324        54.0231         4.7394         -52468.6787    -85114.7259         0.0000         0.0000     10919.7884        -126491.8041       301.9694   -137411.5925   -126526.2008       297.9568            517.8866       518.9500    183852.2411        69.8002        69.7557

WRITING EXTENDED SYSTEM TO RESTART FILE AT STEP 1500000
WRITING COORDINATES TO DCD FILE ../output/02_eq_4_CLKWWW.0.dcd AT STEP 1500000
WRITING COORDINATES TO RESTART FILE AT STEP 1500000
FINISHED WRITING RESTART COORDINATES
WRITING VELOCITIES TO RESTART FILE AT STEP 1500000
FINISHED WRITING RESTART VELOCITIES
PRESSURE: 1510000 2608.33 -37.1405 183.088 -37.1413 -1558.95 35.9582 183.086 35.9594 31.7227
GPRESSURE: 1510000 2570.54 -36.1465 215.153 -34.2936 -1540.28 102.141 232.404 -0.285665 40.4426
PRESSAVG: 1510000 2156.19 62.9027 74.0747 62.9027 -1841.29 13.6838 74.0747 13.6838 -62.5227
GPRESSAVG: 1510000 2159.89 67.2576 77.4939 51.1033 -1841.63 21.1235 87.3804 -15.6658 -65.9422
TIMING: 1510000  CPU: 1362.03, 0.000903642/step  Wall: 1362.31, 0.000903805/step, 382.383 ns/days, 0.876189 hours remaining, 0.000000 MB of memory in use.
PERFORMANCE: 1510000  averaging 383.073 ns/day, 0.000902179 sec/step with standard deviation 2.71896e-06
ENERGY: 1510000        34.3410        76.4967        53.9108         3.1960         -52143.3527    -85285.8807         0.0000         0.0000     10616.7187        -126644.5702       293.5885   -137261.2889   -126534.1201       297.7335            360.3646       356.9012    183641.3214        84.1239        84.1069

WRITING EXTENDED SYSTEM TO RESTART FILE AT STEP 1510000
WRITING COORDINATES TO DCD FILE ../output/02_eq_4_CLKWWW.0.dcd AT STEP 1510000
WRITING COORDINATES TO RESTART FILE AT STEP 1510000
FINISHED WRITING RESTART COORDINATES
WRITING VELOCITIES TO RESTART FILE AT STEP 1510000
FINISHED WRITING RESTART VELOCITIES
PRESSURE: 1520000 1367.1 119.103 -86.7326 119.1 -1689.43 -179.524 -86.7326 -179.526 -71.0745
GPRESSURE: 1520000 1441.33 146.211 -130.927 139.914 -1713.87 -252.557 40.9283 -177.317 -111.49
PRESSAVG: 1520000 2121.4 77.6462 65.4395 77.6462 -1851.75 5.42191 65.4395 5.42191 -64.2976
GPRESSAVG: 1520000 2124.93 77.3405 73.5178 66.7634 -1854.15 10.5811 78.0845 -17.7822 -65.5821
TIMING: 1520000  CPU: 1371.07, 0.000904069/step  Wall: 1371.35, 0.00090403/step, 382.288 ns/days, 0.873896 hours remaining, 0.000000 MB of memory in use.
PERFORMANCE: 1520000  averaging 383.067 ns/day, 0.000902191 sec/step with standard deviation 2.71409e-06
ENERGY: 1520000        22.3835        79.1102        50.5470         1.7881         -52250.7522    -85293.1339         0.0000         0.0000     10776.4548        -126613.6025       298.0057   -137390.0573   -126536.8104       297.6952           -131.1326      -128.0092    185211.2243        68.4524        68.4003

WRITING EXTENDED SYSTEM TO RESTART FILE AT STEP 1520000
WRITING COORDINATES TO DCD FILE ../output/02_eq_4_CLKWWW.0.dcd AT STEP 1520000
WRITING COORDINATES TO RESTART FILE AT STEP 1520000
FINISHED WRITING RESTART COORDINATES
WRITING VELOCITIES TO RESTART FILE AT STEP 1520000
FINISHED WRITING RESTART VELOCITIES
PRESSURE: 1530000 1487.11 -62.1626 -62.0763 -62.1627 -1972.67 -197.036 -62.0775 -197.035 -5.9906
GPRESSURE: 1530000 1577.67 -126.984 19.8096 -184.003 -2054.27 -246.394 -21.1172 -66.7953 -29.5496
PRESSAVG: 1530000 2100.56 75.8876 63.5535 75.8876 -1848 -0.873101 63.5535 -0.873101 -38.2799
GPRESSAVG: 1530000 2107.81 71.1619 74.6556 54.1342 -1855.02 2.06528 78.1651 -16.189 -38.8864
TIMING: 1530000  CPU: 1380.09, 0.000902195/step  Wall: 1380.38, 0.00090245/step, 382.957 ns/days, 0.869862 hours remaining, 0.000000 MB of memory in use.
PERFORMANCE: 1530000  averaging 383.067 ns/day, 0.000902193 sec/step with standard deviation 2.70523e-06
ENERGY: 1530000        32.2739        91.0647        52.1269         2.0724         -52230.3968    -85267.9047         0.0000         0.0000     10793.7477        -126527.0160       298.4839   -137320.7636   -126524.8932       297.8980           -163.8525      -168.7187    184007.0459        71.4258        71.3003

WRITING EXTENDED SYSTEM TO RESTART FILE AT STEP 1530000
WRITING COORDINATES TO DCD FILE ../output/02_eq_4_CLKWWW.0.dcd AT STEP 1530000
WRITING COORDINATES TO RESTART FILE AT STEP 1530000
FINISHED WRITING RESTART COORDINATES
WRITING VELOCITIES TO RESTART FILE AT STEP 1530000
FINISHED WRITING RESTART VELOCITIES
PRESSURE: 1540000 2619.41 -86.5969 88.4688 -86.5972 -1383.49 163.711 88.4672 163.711 -1.07024
GPRESSURE: 1540000 2598.14 -124.521 90.1913 -193.714 -1389.69 196.663 109.383 113.317 25.8779
PRESSAVG: 1540000 2087.46 83.0152 71.1867 83.0152 -1838.99 9.95279 71.1867 9.95279 -88.7858
GPRESSAVG: 1540000 2094.84 77.2967 82.6725 52.4253 -1849.83 16.5338 84.5039 -5.27327 -85.3641
TIMING: 1540000  CPU: 1389.1, 0.000900827/step  Wall: 1389.39, 0.000901009/step, 383.57 ns/days, 0.86597 hours remaining, 0.000000 MB of memory in use.
PERFORMANCE: 1540000  averaging 383.07 ns/day, 0.000902185 sec/step with standard deviation 2.69806e-06
ENERGY: 1540000        31.5796        76.3738        54.2913         1.1412         -51993.8479    -85341.3769         0.0000         0.0000     10916.1869        -126255.6519       301.8698   -137171.8388   -126512.4986       298.2022            411.6176       411.4428    185238.2143        53.2272        53.2162

WRITING EXTENDED SYSTEM TO RESTART FILE AT STEP 1540000
WRITING COORDINATES TO DCD FILE ../output/02_eq_4_CLKWWW.0.dcd AT STEP 1540000
WRITING COORDINATES TO RESTART FILE AT STEP 1540000
FINISHED WRITING RESTART COORDINATES
WRITING VELOCITIES TO RESTART FILE AT STEP 1540000
FINISHED WRITING RESTART VELOCITIES
PRESSURE: 1550000 2489.79 -156.066 -150.781 -156.066 -1467.28 61.7198 -150.781 61.7199 -185.249
GPRESSURE: 1550000 2509.76 -135.489 -203.205 -230.674 -1451.56 68.8297 -189.238 129.285 -213.683
PRESSAVG: 1550000 2086.91 80.5722 54.1176 80.5722 -1837.99 6.79566 54.1176 6.79566 -85.642
GPRESSAVG: 1550000 2095.49 73.8369 63.3726 46.2547 -1849.07 13.019 62.41 -3.07507 -82.1196
TIMING: 1550000  CPU: 1398.16, 0.00090563/step  Wall: 1398.44, 0.000905795/step, 381.543 ns/days, 0.868054 hours remaining, 0.000000 MB of memory in use.
PERFORMANCE: 1550000  averaging 383.06 ns/day, 0.000902209 sec/step with standard deviation 2.70488e-06
ENERGY: 1550000        32.2112        83.5015        49.2884         1.6906         -52136.7278    -85295.5542         0.0000         0.0000     10674.1169        -126591.4735       295.1757   -137265.5904   -126519.9957       298.1405            279.0890       281.5064    184382.6867        54.4258        54.7650

WRITING EXTENDED SYSTEM TO RESTART FILE AT STEP 1550000
WRITING COORDINATES TO DCD FILE ../output/02_eq_4_CLKWWW.0.dcd AT STEP 1550000
WRITING COORDINATES TO RESTART FILE AT STEP 1550000
FINISHED WRITING RESTART COORDINATES
WRITING VELOCITIES TO RESTART FILE AT STEP 1550000
FINISHED WRITING RESTART VELOCITIES
PRESSURE: 1560000 1857.9 -169.43 -190.454 -169.426 -1722.11 -398.377 -190.45 -398.378 -7.76763
GPRESSURE: 1560000 1821.81 20.7919 -117.719 -266.704 -1748.86 -368.844 -185.706 -409.843 43.6416
PRESSAVG: 1560000 2096.62 57.6082 35.7694 57.6082 -1824.5 -12.7108 35.7694 -12.7108 -94.1072
GPRESSAVG: 1560000 2102.24 54.2944 44.4976 24.6081 -1838.88 -5.57497 47.5278 -18.3671 -84.8866
TIMING: 1560000  CPU: 1407.18, 0.000902734/step  Wall: 1407.47, 0.000902886/step, 382.773 ns/days, 0.862758 hours remaining, 0.000000 MB of memory in use.
PERFORMANCE: 1560000  averaging 383.058 ns/day, 0.000902213 sec/step with standard deviation 2.69668e-06
ENERGY: 1560000        30.4010        82.9864        51.0091         1.5689         -52310.5726    -85227.6448         0.0000         0.0000     10722.1515        -126650.1005       296.5040   -137372.2521   -126533.9103       297.8346             42.6731        38.8617    184222.8050        59.3381        59.4892

WRITING EXTENDED SYSTEM TO RESTART FILE AT STEP 1560000
WRITING COORDINATES TO DCD FILE ../output/02_eq_4_CLKWWW.0.dcd AT STEP 1560000
WRITING COORDINATES TO RESTART FILE AT STEP 1560000
FINISHED WRITING RESTART COORDINATES
WRITING VELOCITIES TO RESTART FILE AT STEP 1560000
FINISHED WRITING RESTART VELOCITIES
PRESSURE: 1570000 2485.91 129.96 6.65066 129.958 -1596.94 395.368 6.65066 395.367 -270.438
GPRESSURE: 1570000 2449.68 187.872 -8.11036 60.6927 -1659.38 467.491 40.5199 390.672 -186.074
PRESSAVG: 1570000 2108.13 70.3001 21.3756 70.3001 -1822.3 9.56445 21.3756 9.56445 -104.145
GPRESSAVG: 1570000 2110.14 69.5806 31.2415 40.0868 -1841.35 18.7426 33.3515 2.2407 -87.4056
TIMING: 1570000  CPU: 1416.24, 0.000905931/step  Wall: 1416.53, 0.000906053/step, 381.434 ns/days, 0.863267 hours remaining, 0.000000 MB of memory in use.
PERFORMANCE: 1570000  averaging 383.048 ns/day, 0.000902237 sec/step with standard deviation 2.70544e-06
ENERGY: 1570000        27.0795        79.6933        58.1691         3.3367         -52084.9786    -85255.5497         0.0000         0.0000     10755.0946        -126417.1552       297.4150   -137172.2498   -126521.3512       297.8961            206.1793       201.4109    184976.4360        60.5618        60.4600

WRITING EXTENDED SYSTEM TO RESTART FILE AT STEP 1570000
WRITING COORDINATES TO DCD FILE ../output/02_eq_4_CLKWWW.0.dcd AT STEP 1570000
WRITING COORDINATES TO RESTART FILE AT STEP 1570000
FINISHED WRITING RESTART COORDINATES
WRITING VELOCITIES TO RESTART FILE AT STEP 1570000
FINISHED WRITING RESTART VELOCITIES
PRESSURE: 1580000 2112.97 -53.0492 295.25 -53.0467 -1610.68 97.4546 295.251 97.4541 403.494
GPRESSURE: 1580000 2100.63 -143.513 381.712 -80.5234 -1631.32 154.2 213.091 81.065 427.886
PRESSAVG: 1580000 2127.7 50.0584 31.104 50.0584 -1809.57 7.08722 31.104 7.08722 -52.18
GPRESSAVG: 1580000 2127.02 40.4113 53.5503 20.6838 -1828.87 20.2636 29.2832 -5.75987 -33.0634
TIMING: 1580000  CPU: 1425.31, 0.000906928/step  Wall: 1425.61, 0.000907194/step, 380.955 ns/days, 0.861834 hours remaining, 0.000000 MB of memory in use.
PERFORMANCE: 1580000  averaging 383.034 ns/day, 0.000902269 sec/step with standard deviation 2.72549e-06
ENERGY: 1580000        31.0930        76.2291        53.5436         3.9938         -52229.2874    -85388.8755         0.0000         0.0000     10746.0329        -126707.2705       297.1644   -137453.3035   -126530.5760       297.7430            301.9277       299.0642    184159.3123        88.6512        88.3610

WRITING EXTENDED SYSTEM TO RESTART FILE AT STEP 1580000
WRITING COORDINATES TO DCD FILE ../output/02_eq_4_CLKWWW.0.dcd AT STEP 1580000
WRITING COORDINATES TO RESTART FILE AT STEP 1580000
FINISHED WRITING RESTART COORDINATES
WRITING VELOCITIES TO RESTART FILE AT STEP 1580000
FINISHED WRITING RESTART VELOCITIES
PRESSURE: 1590000 2634.82 138.801 42.0715 138.802 -1569.99 379.57 42.0699 379.569 -320.846
GPRESSURE: 1590000 2680.59 71.0416 -39.7736 287.545 -1583.27 406.051 143.829 238.397 -348.254
PRESSAVG: 1590000 2155.96 54.2987 39.7956 54.2987 -1809.6 23.8499 39.7956 23.8499 -50.2648
GPRESSAVG: 1590000 2156.06 43.6209 57.0954 36.82 -1827.54 37.4195 41.2489 2.52513 -33.0298
TIMING: 1590000  CPU: 1434.38, 0.000906356/step  Wall: 1434.67, 0.000906308/step, 381.327 ns/days, 0.858475 hours remaining, 0.000000 MB of memory in use.
PERFORMANCE: 1590000  averaging 383.024 ns/day, 0.000902294 sec/step with standard deviation 2.73567e-06
ENERGY: 1590000        30.3231        79.5196        49.9276         1.6407         -52318.2819    -85165.2139         0.0000         0.0000     10682.6254        -126639.4593       295.4110   -137322.0848   -126526.3604       297.8246            247.9932       249.6899    184614.0349        98.6985        98.4956

WRITING EXTENDED SYSTEM TO RESTART FILE AT STEP 1590000
WRITING COORDINATES TO DCD FILE ../output/02_eq_4_CLKWWW.0.dcd AT STEP 1590000
WRITING COORDINATES TO RESTART FILE AT STEP 1590000
FINISHED WRITING RESTART COORDINATES
WRITING VELOCITIES TO RESTART FILE AT STEP 1590000
FINISHED WRITING RESTART VELOCITIES
PRESSURE: 1600000 1643.71 -113.729 52.9134 -113.73 -2261.79 179.82 52.9129 179.822 273.471
GPRESSURE: 1600000 1708.14 -97.473 116.226 27.3413 -2343.76 230.346 53.8102 188.58 277.388
PRESSAVG: 1600000 2110.69 35.6416 24.1843 35.6416 -1826.56 17.6273 24.1843 17.6273 -31.051
GPRESSAVG: 1600000 2110.98 28.4709 43.8129 24.8432 -1845.35 34.6303 24.4922 -2.53149 -14.3063
TIMING: 1600000  CPU: 1443.43, 0.000905832/step  Wall: 1443.73, 0.000906013/step, 381.451 ns/days, 0.855679 hours remaining, 0.000000 MB of memory in use.
PERFORMANCE: 1600000  averaging 383.014 ns/day, 0.000902317 sec/step with standard deviation 2.74286e-06
ETITLE:      TS           BOND          ANGLE          DIHED          IMPRP               ELECT            VDW       BOUNDARY           MISC        KINETIC               TOTAL           TEMP      POTENTIAL       TOTALAVG        TEMPAVG            PRESSURE      GPRESSURE         VOLUME       PRESSAVG      GPRESSAVG

ENERGY: 1600000        35.4540        79.7557        52.9770         2.9491         -52115.9193    -85515.1082         0.0000         0.0000     10698.4961        -126761.3955       295.8499   -137459.8917   -126546.1588       297.6337           -114.8694      -119.4114    184597.7166        84.3591        83.7757

WRITING EXTENDED SYSTEM TO RESTART FILE AT STEP 1600000
WRITING COORDINATES TO DCD FILE ../output/02_eq_4_CLKWWW.0.dcd AT STEP 1600000
WRITING COORDINATES TO RESTART FILE AT STEP 1600000
FINISHED WRITING RESTART COORDINATES
WRITING VELOCITIES TO RESTART FILE AT STEP 1600000
FINISHED WRITING RESTART VELOCITIES
PRESSURE: 1610000 1201.64 -231.847 -207.84 -231.845 -2491.38 -81.5226 -207.842 -81.5225 -188.77
GPRESSURE: 1610000 1221.19 -194.653 -240.984 -272.476 -2422.1 52.8555 -207.908 -136.697 -244.365
PRESSAVG: 1610000 2102.17 23.32 6.20723 23.32 -1827.07 4.05386 6.20723 4.05386 -1.03453
GPRESSAVG: 1610000 2104.76 7.37291 22.3566 18.6139 -1841.86 18.9788 9.25782 -15.9145 11.4492
TIMING: 1610000  CPU: 1452.47, 0.000904059/step  Wall: 1452.77, 0.000904116/step, 382.252 ns/days, 0.851376 hours remaining, 0.000000 MB of memory in use.
PERFORMANCE: 1610000  averaging 383.009 ns/day, 0.000902329 sec/step with standard deviation 2.73795e-06
ENERGY: 1610000        26.3686        84.8978        56.2472         3.2767         -52541.5217    -85199.1999         0.0000         0.0000     10816.7012        -126753.2300       299.1187   -137569.9312   -126557.4113       297.7177           -492.8390      -481.7583    183992.3557        91.3551        91.4496

WRITING EXTENDED SYSTEM TO RESTART FILE AT STEP 1610000
WRITING COORDINATES TO DCD FILE ../output/02_eq_4_CLKWWW.0.dcd AT STEP 1610000
WRITING COORDINATES TO RESTART FILE AT STEP 1610000
FINISHED WRITING RESTART COORDINATES
WRITING VELOCITIES TO RESTART FILE AT STEP 1610000
FINISHED WRITING RESTART VELOCITIES
PRESSURE: 1620000 2409.86 -267.419 -321.115 -267.418 -1311.83 -27.8333 -321.116 -27.8344 -175.612
GPRESSURE: 1620000 2494.47 -274.038 -228.388 -296.133 -1351.74 -55.1412 -265.126 42.0118 -233.23
PRESSAVG: 1620000 2101.84 -1.45092 -10.9622 -1.45092 -1807.54 1.38624 -10.9622 1.38624 -9.84061
GPRESSAVG: 1620000 2110.9 -16.8197 5.95096 -5.35191 -1824.49 12.5716 -4.6351 -11.0525 -2.64147
TIMING: 1620000  CPU: 1461.49, 0.000901075/step  Wall: 1461.78, 0.000901303/step, 383.445 ns/days, 0.846223 hours remaining, 0.000000 MB of memory in use.
PERFORMANCE: 1620000  averaging 383.012 ns/day, 0.000902322 sec/step with standard deviation 2.73062e-06
ENERGY: 1620000        30.2450        79.6195        52.7498         2.2950         -52273.5767    -85323.5150         0.0000         0.0000     10686.0211        -126746.1612       295.5049   -137432.1824   -126566.5279       297.4084            307.4740       303.1645    183777.6739        94.8199        94.5926

WRITING EXTENDED SYSTEM TO RESTART FILE AT STEP 1620000
WRITING COORDINATES TO DCD FILE ../output/02_eq_4_CLKWWW.0.dcd AT STEP 1620000
WRITING COORDINATES TO RESTART FILE AT STEP 1620000
FINISHED WRITING RESTART COORDINATES
WRITING VELOCITIES TO RESTART FILE AT STEP 1620000
FINISHED WRITING RESTART VELOCITIES
PRESSURE: 1630000 1469.11 -66.6579 -352.373 -66.6576 -2627.41 556.31 -352.371 556.308 -186.52
GPRESSURE: 1630000 1508.48 -29.7721 -314.954 -85.6697 -2703.17 528.113 -279.042 519.283 -166.803
PRESSAVG: 1630000 2061.73 7.39165 -11.1251 7.39165 -1848.92 40.3241 -11.1251 40.3241 -38.6681
GPRESSAVG: 1630000 2071.7 -0.866977 5.7788 -2.25156 -1868.08 47.2275 0.88217 33.3694 -31.0038
TIMING: 1630000  CPU: 1470.52, 0.000903798/step  Wall: 1470.82, 0.000904045/step, 382.282 ns/days, 0.846286 hours remaining, 0.000000 MB of memory in use.
PERFORMANCE: 1630000  averaging 383.007 ns/day, 0.000902333 sec/step with standard deviation 2.72552e-06
ENERGY: 1630000        29.8962        96.8535        44.9507         2.6050         -51986.5896    -85324.1580         0.0000         0.0000     10780.7548        -126355.6873       298.1246   -137136.4421   -126550.7433       297.3949           -448.2739      -453.8322    186098.4199        58.0448        57.5376

WRITING EXTENDED SYSTEM TO RESTART FILE AT STEP 1630000
WRITING COORDINATES TO DCD FILE ../output/02_eq_4_CLKWWW.0.dcd AT STEP 1630000
WRITING COORDINATES TO RESTART FILE AT STEP 1630000
FINISHED WRITING RESTART COORDINATES
WRITING VELOCITIES TO RESTART FILE AT STEP 1630000
FINISHED WRITING RESTART VELOCITIES
PRESSURE: 1640000 1732.58 -139.826 59.5536 -139.825 -2110.77 -34.5948 59.554 -34.5936 -129.194
GPRESSURE: 1640000 1676.29 -110.857 32.5117 -174.432 -2043.47 40.4695 69.9261 -81.616 -145.144
PRESSAVG: 1640000 2065.5 -6.87588 4.15933 -6.87588 -1839.08 40.5496 4.15933 40.5496 -79.9253
GPRESSAVG: 1640000 2074.29 -7.32316 25.9355 -17.6181 -1851.25 50.6892 18.4797 29.9672 -77.8806
TIMING: 1640000  CPU: 1479.55, 0.000902311/step  Wall: 1479.85, 0.000902492/step, 382.94 ns/days, 0.842326 hours remaining, 0.000000 MB of memory in use.
PERFORMANCE: 1640000  averaging 383.007 ns/day, 0.000902334 sec/step with standard deviation 2.71718e-06
ENERGY: 1640000        25.0518        88.5446        58.6639         2.1318         -52347.1348    -85247.6654         0.0000         0.0000     10788.0742        -126632.3337       298.3270   -137420.4080   -126562.9263       297.4083           -169.1279      -170.7746    184032.1620        48.8296        48.3835

WRITING EXTENDED SYSTEM TO RESTART FILE AT STEP 1640000
WRITING COORDINATES TO DCD FILE ../output/02_eq_4_CLKWWW.0.dcd AT STEP 1640000
WRITING COORDINATES TO RESTART FILE AT STEP 1640000
FINISHED WRITING RESTART COORDINATES
WRITING VELOCITIES TO RESTART FILE AT STEP 1640000
FINISHED WRITING RESTART VELOCITIES
PRESSURE: 1650000 1984.14 94.847 184.024 94.8484 -2156.2 450.592 184.023 450.592 449.759
GPRESSURE: 1650000 1965.51 40.5709 63.8306 109.279 -2185.5 507.42 308.115 489.954 506.848
PRESSAVG: 1650000 2063.83 -9.35628 -5.84291 -9.35628 -1827.24 65.6002 -5.84291 65.6002 -26.4154
GPRESSAVG: 1650000 2069.66 -7.30957 8.89185 -21.2956 -1840.94 80.7946 12.9047 56.4725 -19.1881
TIMING: 1650000  CPU: 1488.58, 0.000903848/step  Wall: 1488.89, 0.000903869/step, 382.356 ns/days, 0.8411 hours remaining, 0.000000 MB of memory in use.
PERFORMANCE: 1650000  averaging 383.003 ns/day, 0.000902343 sec/step with standard deviation 2.71152e-06
ENERGY: 1650000        29.9054        76.3199        53.6712         2.0656         -52164.4826    -85252.8366         0.0000         0.0000     10682.2118        -126573.1454       295.3996   -137255.3571   -126566.6633       297.3582             92.5658        95.6184    185109.3775        70.0570        69.8445

WRITING EXTENDED SYSTEM TO RESTART FILE AT STEP 1650000
WRITING COORDINATES TO DCD FILE ../output/02_eq_4_CLKWWW.0.dcd AT STEP 1650000
WRITING COORDINATES TO RESTART FILE AT STEP 1650000
FINISHED WRITING RESTART COORDINATES
WRITING VELOCITIES TO RESTART FILE AT STEP 1650000
FINISHED WRITING RESTART VELOCITIES
PRESSURE: 1660000 2130.52 -204.832 -412.303 -204.831 -2097.49 54.2136 -412.302 54.2115 -114.251
GPRESSURE: 1660000 2184.54 -256.458 -409.911 -128.486 -2103.29 60.3207 -298.158 156.314 -171.142
PRESSAVG: 1660000 2068.81 -26.0009 -30.2207 -26.0009 -1849.86 70.6736 -30.2207 70.6736 -26.4351
GPRESSAVG: 1660000 2075.21 -28.0242 -17.0211 -31.9958 -1860.76 87.5344 -7.8777 63.8375 -23.0902
TIMING: 1660000  CPU: 1497.61, 0.000902999/step  Wall: 1497.92, 0.000903208/step, 382.636 ns/days, 0.837977 hours remaining, 0.000000 MB of memory in use.
PERFORMANCE: 1660000  averaging 383.001 ns/day, 0.000902348 sec/step with standard deviation 2.70412e-06
ENERGY: 1660000        26.6855        90.7707        54.5206         2.5083         -52316.3246    -85357.9666         0.0000         0.0000     10707.3391        -126792.4670       296.0944   -137499.8061   -126580.3107       297.4494            -27.0731       -29.9644    184088.4457        64.1725        63.7886

WRITING EXTENDED SYSTEM TO RESTART FILE AT STEP 1660000
WRITING COORDINATES TO DCD FILE ../output/02_eq_4_CLKWWW.0.dcd AT STEP 1660000
WRITING COORDINATES TO RESTART FILE AT STEP 1660000
FINISHED WRITING RESTART COORDINATES
WRITING VELOCITIES TO RESTART FILE AT STEP 1660000
FINISHED WRITING RESTART VELOCITIES
PRESSURE: 1670000 1759.05 -235.502 -451.36 -235.5 -1820.37 -52.8825 -451.36 -52.8834 317.902
GPRESSURE: 1670000 1758.38 -92.998 -500.545 -311.244 -1753.53 -18.8828 -465.283 -87.1804 245.437
PRESSAVG: 1670000 2075.84 -49.0297 -61.9798 -49.0297 -1828.56 77.4784 -61.9798 77.4784 12.6901
GPRESSAVG: 1670000 2085.14 -41.6459 -55.0117 -63.5712 -1837.6 97.7989 -34.993 72.316 10.837
TIMING: 1670000  CPU: 1506.73, 0.000912033/step  Wall: 1507.04, 0.000912211/step, 378.86 ns/days, 0.843795 hours remaining, 0.000000 MB of memory in use.
PERFORMANCE: 1670000  averaging 382.976 ns/day, 0.000902407 sec/step with standard deviation 2.80191e-06
ENERGY: 1670000        36.8759        79.9284        47.9803         2.8544         -52277.9209    -85291.5839         0.0000         0.0000     10705.3801        -126696.4857       296.0402   -137401.8658   -126596.2968       297.3166             85.5266        83.4297    184550.4465        86.6564        86.1234

WRITING EXTENDED SYSTEM TO RESTART FILE AT STEP 1670000
WRITING COORDINATES TO DCD FILE ../output/02_eq_4_CLKWWW.0.dcd AT STEP 1670000
WRITING COORDINATES TO RESTART FILE AT STEP 1670000
FINISHED WRITING RESTART COORDINATES
WRITING VELOCITIES TO RESTART FILE AT STEP 1670000
FINISHED WRITING RESTART VELOCITIES
PRESSURE: 1680000 2117.41 217.494 210.089 217.495 -1947.31 349.584 210.087 349.585 227.566
GPRESSURE: 1680000 2135.85 56.1049 76.7572 295.896 -1974.13 361.374 346.972 313.407 242.153
PRESSAVG: 1680000 2041.08 -48.0169 -46.1985 -48.0169 -1828.4 91.9555 -46.1985 91.9555 11.9495
GPRESSAVG: 1680000 2049.21 -46.0148 -45.4946 -61.8042 -1838 114.359 -14.893 88.0492 11.474
TIMING: 1680000  CPU: 1515.76, 0.000902535/step  Wall: 1516.07, 0.000902722/step, 382.842 ns/days, 0.832511 hours remaining, 0.000000 MB of memory in use.
PERFORMANCE: 1680000  averaging 382.975 ns/day, 0.000902409 sec/step with standard deviation 2.79361e-06
ENERGY: 1680000        33.2539        84.2347        52.0082         2.3911         -52071.9993    -85380.5186         0.0000         0.0000     10751.0999        -126529.5301       297.3046   -137280.6300   -126594.1092       297.2342            132.5557       134.6245    184360.5745        74.8779        74.2309

WRITING EXTENDED SYSTEM TO RESTART FILE AT STEP 1680000
WRITING COORDINATES TO DCD FILE ../output/02_eq_4_CLKWWW.0.dcd AT STEP 1680000
WRITING COORDINATES TO RESTART FILE AT STEP 1680000
FINISHED WRITING RESTART COORDINATES
WRITING VELOCITIES TO RESTART FILE AT STEP 1680000
FINISHED WRITING RESTART VELOCITIES
PRESSURE: 1690000 2185.12 -130.348 -194.198 -130.348 -1692.89 246.134 -194.197 246.133 79.7062
GPRESSURE: 1690000 2103.01 -9.90061 -191.946 -289.028 -1643.23 283.361 -158.021 195.784 114.889
PRESSAVG: 1690000 2056.91 -48.832 -64.5432 -48.832 -1826.85 98.4529 -64.5432 98.4529 14.3407
GPRESSAVG: 1690000 2062.17 -37.2841 -62.2364 -72.8433 -1833.77 120.03 -28.9012 95.0057 13.6619
TIMING: 1690000  CPU: 1524.77, 0.000901156/step  Wall: 1525.08, 0.000901187/step, 383.494 ns/days, 0.828591 hours remaining, 0.000000 MB of memory in use.
PERFORMANCE: 1690000  averaging 382.978 ns/day, 0.000902402 sec/step with standard deviation 2.78687e-06
ENERGY: 1690000        41.7163        89.6984        52.8200         2.0452         -52132.7945    -85281.3141         0.0000         0.0000     10763.6343        -126464.1943       297.6512   -137227.8286   -126592.1367       297.2501            190.6448       191.5561    184802.8990        81.4665        80.6876

WRITING EXTENDED SYSTEM TO RESTART FILE AT STEP 1690000
WRITING COORDINATES TO DCD FILE ../output/02_eq_4_CLKWWW.0.dcd AT STEP 1690000
WRITING COORDINATES TO RESTART FILE AT STEP 1690000
FINISHED WRITING RESTART COORDINATES
WRITING VELOCITIES TO RESTART FILE AT STEP 1690000
FINISHED WRITING RESTART VELOCITIES
PRESSURE: 1700000 1717.31 61.231 -30.9526 61.231 -1921.33 -47.1225 -30.9541 -47.1239 -614.146
GPRESSURE: 1700000 1711.72 36.6593 -55.0585 39.7057 -1849.61 -41.8042 -71.2479 -149.3 -667.749
PRESSAVG: 1700000 2000.69 -59.658 -66.9041 -59.658 -1850.52 97.5768 -66.9041 97.5768 -24.3653
GPRESSAVG: 1700000 2010.89 -53.6776 -72.2665 -79.3504 -1857.3 123.801 -29.0935 87.4518 -29.646
TIMING: 1700000  CPU: 1533.79, 0.000901824/step  Wall: 1534.1, 0.000901951/step, 383.169 ns/days, 0.826789 hours remaining, 0.000000 MB of memory in use.
PERFORMANCE: 1700000  averaging 382.979 ns/day, 0.000902399 sec/step with standard deviation 2.77883e-06
ETITLE:      TS           BOND          ANGLE          DIHED          IMPRP               ELECT            VDW       BOUNDARY           MISC        KINETIC               TOTAL           TEMP      POTENTIAL       TOTALAVG        TEMPAVG            PRESSURE      GPRESSURE         VOLUME       PRESSAVG      GPRESSAVG

ENERGY: 1700000        30.8226        85.8913        63.3942         5.5236         -52296.0644    -85169.3209         0.0000         0.0000     10806.8380        -126472.9156       298.8459   -137279.7536   -126591.1923       297.0939           -272.7198      -268.5454    185384.7518        41.9362        41.3128

WRITING EXTENDED SYSTEM TO RESTART FILE AT STEP 1700000
WRITING COORDINATES TO DCD FILE ../output/02_eq_4_CLKWWW.0.dcd AT STEP 1700000
WRITING COORDINATES TO RESTART FILE AT STEP 1700000
FINISHED WRITING RESTART COORDINATES
WRITING VELOCITIES TO RESTART FILE AT STEP 1700000
FINISHED WRITING RESTART VELOCITIES
PRESSURE: 1710000 2141.86 14.3841 9.89824 14.3845 -1645.87 -355.92 9.89925 -355.92 325.333
GPRESSURE: 1710000 2124.42 5.50132 -75.4607 77.7032 -1664.89 -187.199 13.7181 -468.41 343.657
PRESSAVG: 1710000 1977.37 -57.0817 -75.5635 -57.0817 -1854.86 77.9828 -75.5635 77.9828 -9.68484
GPRESSAVG: 1710000 1988.58 -51.5952 -86.7971 -73.7505 -1863.53 109.334 -40.0277 64.0455 -14.4853
TIMING: 1710000  CPU: 1542.8, 0.000901402/step  Wall: 1543.12, 0.000901663/step, 383.292 ns/days, 0.82402 hours remaining, 0.000000 MB of memory in use.
PERFORMANCE: 1710000  averaging 382.981 ns/day, 0.000902395 sec/step with standard deviation 2.77122e-06
ENERGY: 1710000        33.9807        78.9756        51.3920         1.5738         -52318.1544    -85083.6575         0.0000         0.0000     10764.8231        -126471.0667       297.6840   -137235.8898   -126582.5171       297.2987            273.7765       267.7271    184748.7380        37.6068        36.8541

WRITING EXTENDED SYSTEM TO RESTART FILE AT STEP 1710000
WRITING COORDINATES TO DCD FILE ../output/02_eq_4_CLKWWW.0.dcd AT STEP 1710000
WRITING COORDINATES TO RESTART FILE AT STEP 1710000
FINISHED WRITING RESTART COORDINATES
WRITING VELOCITIES TO RESTART FILE AT STEP 1710000
FINISHED WRITING RESTART VELOCITIES
PRESSURE: 1720000 2024.7 20.2062 41.0828 20.2089 -1842.96 135.536 41.0853 135.537 489.093
GPRESSURE: 1720000 2022.89 53.2956 89.9542 17.6815 -1902.95 176.902 -4.18028 72.3406 540.821
PRESSAVG: 1720000 2010.25 -62.0263 -69.1726 -62.0263 -1862.54 93.736 -69.1726 93.736 18.3236
GPRESSAVG: 1720000 2017.66 -56.241 -75.7531 -79.8622 -1872.99 130.807 -42.2832 76.5284 18.1302
TIMING: 1720000  CPU: 1551.81, 0.000900981/step  Wall: 1552.13, 0.000901142/step, 383.513 ns/days, 0.82104 hours remaining, 0.000000 MB of memory in use.
PERFORMANCE: 1720000  averaging 382.984 ns/day, 0.000902388 sec/step with standard deviation 2.76476e-06
ENERGY: 1720000        30.2917       100.4112        60.8609         2.0875         -52126.6718    -85420.5479         0.0000         0.0000     10739.4922        -126614.0761       296.9836   -137353.5683   -126582.5408       297.2476            223.6125       220.2536    184727.1014        55.3440        54.2672

WRITING EXTENDED SYSTEM TO RESTART FILE AT STEP 1720000
WRITING COORDINATES TO DCD FILE ../output/02_eq_4_CLKWWW.0.dcd AT STEP 1720000
WRITING COORDINATES TO RESTART FILE AT STEP 1720000
FINISHED WRITING RESTART COORDINATES
WRITING VELOCITIES TO RESTART FILE AT STEP 1720000
FINISHED WRITING RESTART VELOCITIES
PRESSURE: 1730000 1815.38 276.79 113.626 276.793 -1826.93 -74.7041 113.628 -74.7018 -599.943
GPRESSURE: 1730000 1735.46 294.442 136.02 353.23 -1830.8 -118.465 105.174 24.2164 -530.756
PRESSAVG: 1730000 2026.66 -45.0785 -60.3873 -45.0785 -1855.25 99.8526 -60.3873 99.8526 -11.3741
GPRESSAVG: 1730000 2025.55 -35.1697 -69.9426 -53.0005 -1861.81 137.203 -35.9686 81.079 -6.93009
TIMING: 1730000  CPU: 1560.83, 0.000901895/step  Wall: 1561.15, 0.000902163/step, 383.079 ns/days, 0.819465 hours remaining, 0.000000 MB of memory in use.
PERFORMANCE: 1730000  averaging 382.984 ns/day, 0.000902386 sec/step with standard deviation 2.75676e-06
ENERGY: 1730000        28.4577        81.3756        49.1930         3.5625         -52300.7274    -85362.3681         0.0000         0.0000     10759.6900        -126740.8166       297.5421   -137500.5066   -126593.2308       297.2005           -203.8308      -208.6967    184249.9151        53.3451        52.2683

WRITING EXTENDED SYSTEM TO RESTART FILE AT STEP 1730000
WRITING COORDINATES TO DCD FILE ../output/02_eq_4_CLKWWW.0.dcd AT STEP 1730000
WRITING COORDINATES TO RESTART FILE AT STEP 1730000
FINISHED WRITING RESTART COORDINATES
WRITING VELOCITIES TO RESTART FILE AT STEP 1730000
FINISHED WRITING RESTART VELOCITIES
PRESSURE: 1740000 2456.87 349.87 274.074 349.872 -1710.07 324.838 274.074 324.838 -126.594
GPRESSURE: 1740000 2462.51 374.367 262.414 346.357 -1685.84 283.945 215.906 442.007 -125.922
PRESSAVG: 1740000 2018.53 -23.255 -51.1069 -23.255 -1871.58 107.909 -51.1069 107.909 -17.6503
GPRESSAVG: 1740000 2018.77 -10.2253 -61.3315 -25.9969 -1876.62 141.567 -30.6425 97.5135 -14.5201
TIMING: 1740000  CPU: 1569.85, 0.000901506/step  Wall: 1570.17, 0.000901651/step, 383.297 ns/days, 0.816495 hours remaining, 0.000000 MB of memory in use.
PERFORMANCE: 1740000  averaging 382.986 ns/day, 0.000902382 sec/step with standard deviation 2.74935e-06
ENERGY: 1740000        24.2930        89.8943        57.1880         3.1134         -52140.6265    -85284.6836         0.0000         0.0000     10806.5811        -126444.2404       298.8388   -137250.8215   -126602.6602       297.0490            206.7376       216.9147    183820.7111        43.1011        42.5419

WRITING EXTENDED SYSTEM TO RESTART FILE AT STEP 1740000
WRITING COORDINATES TO DCD FILE ../output/02_eq_4_CLKWWW.0.dcd AT STEP 1740000
WRITING COORDINATES TO RESTART FILE AT STEP 1740000
FINISHED WRITING RESTART COORDINATES
WRITING VELOCITIES TO RESTART FILE AT STEP 1740000
FINISHED WRITING RESTART VELOCITIES
PRESSURE: 1750000 1691.62 102.604 281.889 102.606 -2368.85 -90.1118 281.89 -90.1145 -33.8029
GPRESSURE: 1750000 1639.7 105.182 241.845 93.4404 -2330.84 -77.2581 278.321 -68.5925 -25.3692
PRESSAVG: 1750000 1978.62 -10.3214 -29.4733 -10.3214 -1916.66 100.317 -29.4733 100.317 -10.078
GPRESSAVG: 1750000 1975.26 1.80828 -39.079 -9.79121 -1920.58 134.263 -7.26455 87.6196 -5.10441
TIMING: 1750000  CPU: 1578.89, 0.000904287/step  Wall: 1579.21, 0.000904546/step, 382.07 ns/days, 0.816604 hours remaining, 0.000000 MB of memory in use.
PERFORMANCE: 1750000  averaging 382.981 ns/day, 0.000902395 sec/step with standard deviation 2.74631e-06
ENERGY: 1750000        30.1023        71.7672        56.7960         3.1235         -52164.4231    -85322.4287         0.0000         0.0000     10675.1051        -126649.9577       295.2030   -137325.0628   -126605.5844       297.0503           -237.0108      -238.8383    184282.4019        17.2961        16.5247

WRITING EXTENDED SYSTEM TO RESTART FILE AT STEP 1750000
WRITING COORDINATES TO DCD FILE ../output/02_eq_4_CLKWWW.0.dcd AT STEP 1750000
WRITING COORDINATES TO RESTART FILE AT STEP 1750000
FINISHED WRITING RESTART COORDINATES
WRITING VELOCITIES TO RESTART FILE AT STEP 1750000
FINISHED WRITING RESTART VELOCITIES
PRESSURE: 1760000 2462.02 81.4914 295.254 81.4926 -1754.57 281.784 295.254 281.782 45.0883
GPRESSURE: 1760000 2430.64 7.80486 209.246 -3.94017 -1738.61 385.052 377.647 363.085 54.638
PRESSAVG: 1760000 2008.83 2.22449 -5.18818 2.22449 -1918.28 134.325 -5.18818 134.325 -7.43518
GPRESSAVG: 1760000 2005.7 1.15893 -22.7307 3.34698 -1920.07 171.958 20.9031 126.266 -4.55459
TIMING: 1760000  CPU: 1587.91, 0.000902194/step  Wall: 1588.24, 0.00090233/step, 383.008 ns/days, 0.812097 hours remaining, 0.000000 MB of memory in use.
PERFORMANCE: 1760000  averaging 382.981 ns/day, 0.000902394 sec/step with standard deviation 2.73846e-06
ENERGY: 1760000        29.1355        72.1359        57.3391         3.7046         -52267.1150    -85084.9206         0.0000         0.0000     10772.5445        -126417.1760       297.8976   -137189.7206   -126593.9382       297.1200            250.8453       248.8896    183866.0779        27.7047        27.0261

WRITING EXTENDED SYSTEM TO RESTART FILE AT STEP 1760000
WRITING COORDINATES TO DCD FILE ../output/02_eq_4_CLKWWW.0.dcd AT STEP 1760000
WRITING COORDINATES TO RESTART FILE AT STEP 1760000
FINISHED WRITING RESTART COORDINATES
WRITING VELOCITIES TO RESTART FILE AT STEP 1760000
FINISHED WRITING RESTART VELOCITIES
PRESSURE: 1770000 680.726 390.294 -298.314 390.293 -2874.68 -24.3158 -298.313 -24.3175 -616.085
GPRESSURE: 1770000 776.453 280.681 -293.961 441.152 -2971.98 -29.4138 -311.223 -102.334 -614.337
PRESSAVG: 1770000 1918.57 15.2412 -20.4364 15.2412 -1982.17 113.341 -20.4364 113.341 -24.7175
GPRESSAVG: 1770000 1922.04 5.79942 -37.0233 22.37 -1985.7 147.112 3.31595 101.616 -25.9677
TIMING: 1770000  CPU: 1596.93, 0.000901585/step  Wall: 1597.25, 0.000901815/step, 383.227 ns/days, 0.809128 hours remaining, 0.000000 MB of memory in use.
PERFORMANCE: 1770000  averaging 382.983 ns/day, 0.000902391 sec/step with standard deviation 2.73101e-06
ENERGY: 1770000        33.9094        74.8165        51.9889         1.5558         -51994.9959    -85506.6293         0.0000         0.0000     10606.3062        -126733.0485       293.3005   -137339.3546   -126609.7329       296.9143           -936.6804      -936.6208    185653.1086       -29.4383       -29.8755

WRITING EXTENDED SYSTEM TO RESTART FILE AT STEP 1770000
WRITING COORDINATES TO DCD FILE ../output/02_eq_4_CLKWWW.0.dcd AT STEP 1770000
WRITING COORDINATES TO RESTART FILE AT STEP 1770000
FINISHED WRITING RESTART COORDINATES
WRITING VELOCITIES TO RESTART FILE AT STEP 1770000
FINISHED WRITING RESTART VELOCITIES
PRESSURE: 1780000 1383.68 -177.072 -128.567 -177.07 -2360.46 -114.651 -128.568 -114.65 794.508
GPRESSURE: 1780000 1361.78 -287.49 -75.6227 -58.7815 -2310.85 -249.729 -196.04 -100.192 782.528
PRESSAVG: 1780000 1882.11 9.04009 -41.6273 9.04009 -2019.66 102.736 -41.6273 102.736 -5.16685
GPRESSAVG: 1780000 1885.1 -1.39942 -59.89 23.4571 -2019.68 126.916 -17.1406 92.5528 -8.23564
TIMING: 1780000  CPU: 1605.94, 0.000901132/step  Wall: 1606.27, 0.000901351/step, 383.425 ns/days, 0.806208 hours remaining, 0.000000 MB of memory in use.
PERFORMANCE: 1780000  averaging 382.985 ns/day, 0.000902385 sec/step with standard deviation 2.7244e-06
ENERGY: 1780000        25.2951        74.5699        56.5854         3.4690         -52110.3929    -85231.8133         0.0000         0.0000     10798.8703        -126383.4165       298.6256   -137182.2868   -126593.5402       296.9874            -60.7560       -55.5127    184538.4102       -47.5725       -47.6043

WRITING EXTENDED SYSTEM TO RESTART FILE AT STEP 1780000
WRITING COORDINATES TO DCD FILE ../output/02_eq_4_CLKWWW.0.dcd AT STEP 1780000
WRITING COORDINATES TO RESTART FILE AT STEP 1780000
FINISHED WRITING RESTART COORDINATES
WRITING VELOCITIES TO RESTART FILE AT STEP 1780000
FINISHED WRITING RESTART VELOCITIES
PRESSURE: 1790000 1951.97 -126.731 90.4878 -126.73 -1994.59 4.0914 90.4878 4.09196 -461.747
GPRESSURE: 1790000 1907.14 -39.0808 80.6402 -114.176 -1941.82 -34.6013 193.203 61.0449 -479.946
PRESSAVG: 1790000 1847.96 -4.2365 -39.2064 -4.2365 -2040.89 83.962 -39.2064 83.962 -12.2119
GPRESSAVG: 1790000 1846.43 -6.90553 -53.8693 3.37098 -2037.61 104.883 -14.6719 83.6852 -14.8202
TIMING: 1790000  CPU: 1614.95, 0.000901472/step  Wall: 1615.28, 0.00090142/step, 383.395 ns/days, 0.803766 hours remaining, 0.000000 MB of memory in use.
PERFORMANCE: 1790000  averaging 382.987 ns/day, 0.00090238 sec/step with standard deviation 2.7177e-06
ENERGY: 1790000        24.9235        77.9559        58.8382         2.2596         -52182.4156    -85295.5228         0.0000         0.0000     10846.7300        -126467.2312       299.9490   -137313.9612   -126584.9288       297.2143           -168.1214      -171.5426    184407.4470       -68.3782       -68.6660

WRITING EXTENDED SYSTEM TO RESTART FILE AT STEP 1790000
WRITING COORDINATES TO DCD FILE ../output/02_eq_4_CLKWWW.0.dcd AT STEP 1790000
WRITING COORDINATES TO RESTART FILE AT STEP 1790000
FINISHED WRITING RESTART COORDINATES
WRITING VELOCITIES TO RESTART FILE AT STEP 1790000
FINISHED WRITING RESTART VELOCITIES
PRESSURE: 1800000 2218.83 -229.856 -91.8008 -229.856 -1632.21 -264.828 -91.7999 -264.829 171.53
GPRESSURE: 1800000 2195.73 -205.666 -109.046 -285.083 -1645.12 -257.451 -145.748 -250.85 206.446
PRESSAVG: 1800000 1876.72 -10.0428 -46.4421 -10.0428 -2009.41 61.7294 -46.4421 61.7294 -17.309
GPRESSAVG: 1800000 1870.81 -12.3152 -65.1329 -12.2502 -2002.67 80.4933 -24.6498 61.7137 -18.3674
TIMING: 1800000  CPU: 1623.97, 0.000901167/step  Wall: 1624.29, 0.000901229/step, 383.476 ns/days, 0.801092 hours remaining, 0.000000 MB of memory in use.
PERFORMANCE: 1800000  averaging 382.99 ns/day, 0.000902373 sec/step with standard deviation 2.71145e-06
ETITLE:      TS           BOND          ANGLE          DIHED          IMPRP               ELECT            VDW       BOUNDARY           MISC        KINETIC               TOTAL           TEMP      POTENTIAL       TOTALAVG        TEMPAVG            PRESSURE      GPRESSURE         VOLUME       PRESSAVG      GPRESSAVG

ENERGY: 1800000        29.2258        73.0509        59.6517         1.8315         -52264.3063    -85149.8192         0.0000         0.0000     10812.9089        -126437.4567       299.0138   -137250.3656   -126568.7318       297.3725            252.7174       252.3512    185342.7049       -49.9988       -50.0778

WRITING EXTENDED SYSTEM TO RESTART FILE AT STEP 1800000
WRITING COORDINATES TO DCD FILE ../output/02_eq_4_CLKWWW.0.dcd AT STEP 1800000
WRITING COORDINATES TO RESTART FILE AT STEP 1800000
FINISHED WRITING RESTART COORDINATES
WRITING VELOCITIES TO RESTART FILE AT STEP 1800000
FINISHED WRITING RESTART VELOCITIES
PRESSURE: 1810000 2218.96 -35.4237 96.8654 -35.4253 -1922.54 172.679 96.8664 172.677 565.822
GPRESSURE: 1810000 2148.88 -45.0578 16.4822 -45.8222 -1823.31 359.08 130.143 96.0775 535.915
PRESSAVG: 1810000 1927.59 -0.221777 -31.2066 -0.221777 -1980.97 74.4394 -31.2066 74.4394 20.4207
GPRESSAVG: 1810000 1917.19 -4.83544 -52.2596 -0.917533 -1972.73 95.8046 -7.74723 73.3524 20.6467
TIMING: 1810000  CPU: 1632.98, 0.000901384/step  Wall: 1633.31, 0.000901644/step, 383.3 ns/days, 0.798957 hours remaining, 0.000000 MB of memory in use.
PERFORMANCE: 1810000  averaging 382.992 ns/day, 0.000902369 sec/step with standard deviation 2.70445e-06
ENERGY: 1810000        30.1991        66.2510        50.7355         3.3452         -52382.5081    -85038.5386         0.0000         0.0000     10638.5593        -126631.9566       294.1924   -137270.5159   -126562.6682       297.1261            287.4145       287.1629    184701.0782       -10.9862       -11.6318

WRITING EXTENDED SYSTEM TO RESTART FILE AT STEP 1810000
WRITING COORDINATES TO DCD FILE ../output/02_eq_4_CLKWWW.0.dcd AT STEP 1810000
WRITING COORDINATES TO RESTART FILE AT STEP 1810000
FINISHED WRITING RESTART COORDINATES
WRITING VELOCITIES TO RESTART FILE AT STEP 1810000
FINISHED WRITING RESTART VELOCITIES
PRESSURE: 1820000 1770.09 -82.948 -318.75 -82.9513 -2260.55 -61.2495 -318.75 -61.2501 -840.573
GPRESSURE: 1820000 1769.72 -184.041 -351.546 -24.5996 -2219.1 -69.3776 -398.147 24.4866 -877.289
PRESSAVG: 1820000 1895.6 9.00156 -31.0883 9.00156 -2028.4 72.7686 -31.0883 72.7686 -12.8274
GPRESSAVG: 1820000 1880.95 -0.335556 -58.4175 12.6591 -2016.1 95.0927 -14.3983 72.4762 -11.5563
TIMING: 1820000  CPU: 1642, 0.00090221/step  Wall: 1642.33, 0.000902376/step, 382.989 ns/days, 0.797099 hours remaining, 0.000000 MB of memory in use.
PERFORMANCE: 1820000  averaging 382.992 ns/day, 0.000902369 sec/step with standard deviation 2.69697e-06
ENERGY: 1820000        39.5333        77.0647        55.6633         1.9169         -52086.8637    -85456.8940         0.0000         0.0000     10821.0009        -126548.5785       299.2376   -137369.5794   -126552.7890       297.3128           -443.6792      -442.2237    183914.8764       -48.5438       -48.9012

WRITING EXTENDED SYSTEM TO RESTART FILE AT STEP 1820000
WRITING COORDINATES TO DCD FILE ../output/02_eq_4_CLKWWW.0.dcd AT STEP 1820000
WRITING COORDINATES TO RESTART FILE AT STEP 1820000
FINISHED WRITING RESTART COORDINATES
WRITING VELOCITIES TO RESTART FILE AT STEP 1820000
FINISHED WRITING RESTART VELOCITIES
PRESSURE: 1830000 2335.76 38.1362 155.84 38.1359 -1979.56 313.692 155.841 313.691 -462.765
GPRESSURE: 1830000 2312.97 140.507 134.417 -35.4406 -1936.83 351.64 185.38 331.902 -471.298
PRESSAVG: 1830000 1938.93 14.2412 -5.67773 14.2412 -1996.01 60.6378 -5.67773 60.6378 -26.6397
GPRESSAVG: 1830000 1921.18 8.1784 -35.949 15.1706 -1977.78 86.2691 8.82284 63.1071 -26.781
TIMING: 1830000  CPU: 1651.01, 0.000901238/step  Wall: 1651.35, 0.000901358/step, 383.421 ns/days, 0.793696 hours remaining, 0.000000 MB of memory in use.
PERFORMANCE: 1830000  averaging 382.994 ns/day, 0.000902364 sec/step with standard deviation 2.69059e-06
ENERGY: 1830000        26.8928        73.4337        57.2039         2.8537         -52168.4020    -85241.1628         0.0000         0.0000     10877.5271        -126371.6536       300.8007   -137249.1808   -126553.5873       297.4466            -35.5203       -31.7183    185035.0004       -27.9061       -27.7955

WRITING EXTENDED SYSTEM TO RESTART FILE AT STEP 1830000
WRITING COORDINATES TO DCD FILE ../output/02_eq_4_CLKWWW.0.dcd AT STEP 1830000
WRITING COORDINATES TO RESTART FILE AT STEP 1830000
FINISHED WRITING RESTART COORDINATES
WRITING VELOCITIES TO RESTART FILE AT STEP 1830000
FINISHED WRITING RESTART VELOCITIES
PRESSURE: 1840000 2839.39 -137.086 -190.773 -137.087 -1186.45 -300.647 -190.777 -300.645 427.244
GPRESSURE: 1840000 2824.54 -143.563 -157.809 -216.861 -1196.09 -224.044 -181.322 -281.905 442.039
PRESSAVG: 1840000 1994.27 14.3781 -18.1943 14.3781 -1949.79 47.3352 -18.1943 47.3352 1.18223
GPRESSAVG: 1840000 1978.59 6.5431 -45.465 13.0491 -1935.42 73.0434 -3.73955 53.0927 2.57812
TIMING: 1840000  CPU: 1660.04, 0.000902755/step  Wall: 1660.38, 0.000902876/step, 382.777 ns/days, 0.792525 hours remaining, 0.000000 MB of memory in use.
PERFORMANCE: 1840000  averaging 382.993 ns/day, 0.000902367 sec/step with standard deviation 2.68349e-06
ENERGY: 1840000        29.4225        74.1537        56.7672         4.6978         -52338.2170    -85262.1582         0.0000         0.0000     10684.0059        -126751.3282       295.4492   -137435.3342   -126559.5371       297.3027            693.3952       690.1636    183887.5524        15.2200        15.2514

WRITING EXTENDED SYSTEM TO RESTART FILE AT STEP 1840000
WRITING COORDINATES TO DCD FILE ../output/02_eq_4_CLKWWW.0.dcd AT STEP 1840000
WRITING COORDINATES TO RESTART FILE AT STEP 1840000
FINISHED WRITING RESTART COORDINATES
WRITING VELOCITIES TO RESTART FILE AT STEP 1840000
FINISHED WRITING RESTART VELOCITIES
PRESSURE: 1850000 1984.15 131.706 -3.57956 131.706 -1732.93 204.613 -3.57871 204.613 107.15
GPRESSURE: 1850000 1943.86 223.463 97.9591 235.784 -1680.66 112.708 -4.694 200.061 113.349
PRESSAVG: 1850000 1994.27 16.221 -27.5743 16.221 -1928.63 35.0362 -27.5743 35.0362 -15.9482
GPRESSAVG: 1850000 1977.51 15.6877 -43.7586 19.3744 -1910.17 53.3078 -19.38 38.5981 -17.0969
TIMING: 1850000  CPU: 1669.07, 0.000903193/step  Wall: 1669.41, 0.000903374/step, 382.566 ns/days, 0.790452 hours remaining, 0.000000 MB of memory in use.
PERFORMANCE: 1850000  averaging 382.991 ns/day, 0.000902372 sec/step with standard deviation 2.67722e-06
ENERGY: 1850000        23.9883        82.6854        57.4100         3.2160         -52230.0980    -85361.2334         0.0000         0.0000     10678.9004        -126745.1313       295.3080   -137424.0317   -126568.1364       297.2981            119.4567       125.5158    184441.3617        16.5646        16.7463

WRITING EXTENDED SYSTEM TO RESTART FILE AT STEP 1850000
WRITING COORDINATES TO DCD FILE ../output/02_eq_4_CLKWWW.0.dcd AT STEP 1850000
WRITING COORDINATES TO RESTART FILE AT STEP 1850000
FINISHED WRITING RESTART COORDINATES
WRITING VELOCITIES TO RESTART FILE AT STEP 1850000
FINISHED WRITING RESTART VELOCITIES
PRESSURE: 1860000 2191.1 174.099 112.687 174.099 -1729.55 -47.8229 112.685 -47.823 -593.588
GPRESSURE: 1860000 2216.22 160.256 64.2825 215.709 -1744.75 -51.6484 194.327 -25.1848 -606.299
PRESSAVG: 1860000 1997.3 35.1676 -1.32501 35.1676 -1910.23 29.9345 -1.32501 29.9345 -39.9151
GPRESSAVG: 1860000 1979.09 36.5234 -20.0489 36.5841 -1892.25 47.7094 5.24426 29.5231 -38.8547
TIMING: 1860000  CPU: 1678.1, 0.000902235/step  Wall: 1678.43, 0.000902437/step, 382.963 ns/days, 0.787126 hours remaining, 0.000000 MB of memory in use.
PERFORMANCE: 1860000  averaging 382.99 ns/day, 0.000902372 sec/step with standard deviation 2.66998e-06
ENERGY: 1860000        34.5239        71.2709        60.2943         5.4868         -52373.0641    -85356.2790         0.0000         0.0000     10795.0419        -126762.7252       298.5197   -137557.7671   -126566.6493       297.4194            -44.0127       -44.9447    183483.1893        15.7176        15.9973

WRITING EXTENDED SYSTEM TO RESTART FILE AT STEP 1860000
WRITING COORDINATES TO DCD FILE ../output/02_eq_4_CLKWWW.0.dcd AT STEP 1860000
WRITING COORDINATES TO RESTART FILE AT STEP 1860000
FINISHED WRITING RESTART COORDINATES
WRITING VELOCITIES TO RESTART FILE AT STEP 1860000
FINISHED WRITING RESTART VELOCITIES
PRESSURE: 1870000 1214.31 -304.019 56.4726 -304.02 -2373.87 -176.601 56.4716 -176.599 -3.88608
GPRESSURE: 1870000 1231.78 -357.08 -21.1049 -145.215 -2365.16 -299.359 115.46 -79.8061 -36.7256
PRESSAVG: 1870000 1970.06 31.7416 24.0666 31.7416 -1937.91 23.7487 24.0666 23.7487 -56.0045
GPRESSAVG: 1870000 1952.76 23.3193 3.9231 44.8856 -1922.83 33.6856 34.2814 29.8918 -52.9628
TIMING: 1870000  CPU: 1687.13, 0.000903567/step  Wall: 1687.47, 0.000903597/step, 382.471 ns/days, 0.785628 hours remaining, 0.000000 MB of memory in use.
PERFORMANCE: 1870000  averaging 382.988 ns/day, 0.000902379 sec/step with standard deviation 2.6643e-06
ENERGY: 1870000        24.3424        68.2384        55.2202         1.6139         -52477.4891    -85330.6722         0.0000         0.0000     10676.8207        -126981.9257       295.2505   -137658.7465   -126580.9213       297.3799           -387.8137      -390.0347    184279.1539        -7.9494        -7.6759

WRITING EXTENDED SYSTEM TO RESTART FILE AT STEP 1870000
WRITING COORDINATES TO DCD FILE ../output/02_eq_4_CLKWWW.0.dcd AT STEP 1870000
WRITING COORDINATES TO RESTART FILE AT STEP 1870000
FINISHED WRITING RESTART COORDINATES
WRITING VELOCITIES TO RESTART FILE AT STEP 1870000
FINISHED WRITING RESTART VELOCITIES
PRESSURE: 1880000 1721.32 159.12 -78.597 159.117 -2019.52 -320.378 -78.5952 -320.379 -109.34
GPRESSURE: 1880000 1700.74 176.66 -114.761 -7.8768 -1994.38 -153.192 -84.9865 -417.138 -117.049
PRESSAVG: 1880000 1950.26 28.8227 9.63244 28.8227 -1941.52 -9.74946 9.63244 -9.74946 -72.8498
GPRESSAVG: 1880000 1931.01 29.3471 -5.65279 29.6969 -1923.84 7.95729 12.6835 -6.6354 -70.9229
TIMING: 1880000  CPU: 1696.17, 0.000904231/step  Wall: 1696.51, 0.000904322/step, 382.165 ns/days, 0.783746 hours remaining, 0.000000 MB of memory in use.
PERFORMANCE: 1880000  averaging 382.983 ns/day, 0.000902389 sec/step with standard deviation 2.66094e-06
ENERGY: 1880000        33.8124        69.0079        55.6429         3.0180         -52346.5739    -85239.5683         0.0000         0.0000     10781.0281        -126643.6329       298.1322   -137424.6610   -126586.6264       297.4213           -135.8484      -136.8974    184368.4352       -21.3696       -21.2520

WRITING EXTENDED SYSTEM TO RESTART FILE AT STEP 1880000
WRITING COORDINATES TO DCD FILE ../output/02_eq_4_CLKWWW.0.dcd AT STEP 1880000
WRITING COORDINATES TO RESTART FILE AT STEP 1880000
FINISHED WRITING RESTART COORDINATES
WRITING VELOCITIES TO RESTART FILE AT STEP 1880000
FINISHED WRITING RESTART VELOCITIES
PRESSURE: 1890000 2184.26 62.7369 -67.9521 62.7374 -1564.96 158.571 -67.953 158.571 280.239
GPRESSURE: 1890000 2122.69 25.4161 -36.6363 95.8179 -1483.58 122.709 -103.905 157.31 276.783
PRESSAVG: 1890000 1950.22 38.4769 15.9447 38.4769 -1935.12 -14.1276 15.9447 -14.1276 -62.8231
GPRESSAVG: 1890000 1931.99 31.1129 2.11268 48.9392 -1915.86 -0.0753088 15.3893 -8.55907 -62.8282
TIMING: 1890000  CPU: 1705.19, 0.000901526/step  Wall: 1705.53, 0.000901738/step, 383.26 ns/days, 0.779002 hours remaining, 0.000000 MB of memory in use.
PERFORMANCE: 1890000  averaging 382.985 ns/day, 0.000902386 sec/step with standard deviation 2.65427e-06
ENERGY: 1890000        25.1986        69.9056        60.0504         1.3068         -52201.0563    -85273.1426         0.0000         0.0000     10882.3762        -126435.3613       300.9348   -137317.7375   -126585.1848       297.5854            299.8458       305.2993    184060.6312       -15.9096       -15.5649

WRITING EXTENDED SYSTEM TO RESTART FILE AT STEP 1890000
WRITING COORDINATES TO DCD FILE ../output/02_eq_4_CLKWWW.0.dcd AT STEP 1890000
WRITING COORDINATES TO RESTART FILE AT STEP 1890000
FINISHED WRITING RESTART COORDINATES
WRITING VELOCITIES TO RESTART FILE AT STEP 1890000
FINISHED WRITING RESTART VELOCITIES
PRESSURE: 1900000 1478.78 -30.5915 29.0337 -30.5894 -2444.26 205.31 29.0351 205.309 -264.827
GPRESSURE: 1900000 1466.76 -75.6084 40.5218 -83.711 -2428.41 167.273 66.7712 123.996 -267.437
PRESSAVG: 1900000 1938.29 33.8859 18.9441 33.8859 -1961.27 -1.50594 18.9441 -1.50594 -45.3572
GPRESSAVG: 1900000 1919.74 25.4996 6.89169 42.7684 -1944.8 10.3785 22.2902 5.10572 -42.8126
TIMING: 1900000  CPU: 1714.22, 0.000903436/step  Wall: 1714.57, 0.000903591/step, 382.474 ns/days, 0.778092 hours remaining, 0.000000 MB of memory in use.
PERFORMANCE: 1900000  averaging 382.982 ns/day, 0.000902392 sec/step with standard deviation 2.64869e-06
ETITLE:      TS           BOND          ANGLE          DIHED          IMPRP               ELECT            VDW       BOUNDARY           MISC        KINETIC               TOTAL           TEMP      POTENTIAL       TOTALAVG        TEMPAVG            PRESSURE      GPRESSURE         VOLUME       PRESSAVG      GPRESSAVG

ENERGY: 1900000        32.2538        91.1377        58.6984         0.9618         -51959.3978    -85456.4675         0.0000         0.0000     10778.4973        -126454.3164       298.0622   -137232.8137   -126584.2548       297.5463           -410.1041      -409.6960    185657.7479       -22.7788       -22.6224

WRITING EXTENDED SYSTEM TO RESTART FILE AT STEP 1900000
WRITING COORDINATES TO DCD FILE ../output/02_eq_4_CLKWWW.0.dcd AT STEP 1900000
WRITING COORDINATES TO RESTART FILE AT STEP 1900000
FINISHED WRITING RESTART COORDINATES
WRITING VELOCITIES TO RESTART FILE AT STEP 1900000
FINISHED WRITING RESTART VELOCITIES
PRESSURE: 1910000 1578.35 -251.775 56.4714 -251.777 -2258.62 237.026 56.4691 237.026 -369.741
GPRESSURE: 1910000 1609.49 -80.6154 77.2973 -305.032 -2213.06 68.5221 62.8729 144.869 -442.998
PRESSAVG: 1910000 1910.11 20.5779 21.2726 20.5779 -1991.91 28.1413 21.2726 28.1413 -80.1109
GPRESSAVG: 1910000 1894 21.1937 14.5296 23.6316 -1972.21 23.1646 24.7479 35.7697 -82.1453
TIMING: 1910000  CPU: 1723.25, 0.000902097/step  Wall: 1723.59, 0.000902337/step, 383.005 ns/days, 0.774506 hours remaining, 0.000000 MB of memory in use.
PERFORMANCE: 1910000  averaging 382.982 ns/day, 0.000902392 sec/step with standard deviation 2.64171e-06
ENERGY: 1910000        40.6510        82.0346        58.0366         5.3996         -52294.6270    -85321.8694         0.0000         0.0000     10724.4941        -126705.8806       296.5688   -137430.3746   -126595.9955       297.4905           -350.0057      -348.8532    186022.1954       -53.9679       -53.4514

WRITING EXTENDED SYSTEM TO RESTART FILE AT STEP 1910000
WRITING COORDINATES TO DCD FILE ../output/02_eq_4_CLKWWW.0.dcd AT STEP 1910000
WRITING COORDINATES TO RESTART FILE AT STEP 1910000
FINISHED WRITING RESTART COORDINATES
WRITING VELOCITIES TO RESTART FILE AT STEP 1910000
FINISHED WRITING RESTART VELOCITIES
PRESSURE: 1920000 1725.59 -49.0298 -377.224 -49.0279 -2066.27 -398.235 -377.226 -398.235 -152.715
GPRESSURE: 1920000 1789.1 -93.2473 -348.608 49.0699 -2083.2 -448.942 -365.809 -380.96 -208.902
PRESSAVG: 1920000 1895.16 17.116 0.357022 17.116 -2003.07 1.45275 0.357022 1.45275 -112.201
GPRESSAVG: 1920000 1882.31 13.8666 -7.39851 25.201 -1981.22 -8.12762 6.6665 13.1047 -119.631
TIMING: 1920000  CPU: 1732.26, 0.000901891/step  Wall: 1732.61, 0.000902092/step, 383.11 ns/days, 0.771789 hours remaining, 0.000000 MB of memory in use.
PERFORMANCE: 1920000  averaging 382.983 ns/day, 0.00090239 sec/step with standard deviation 2.63487e-06
ENERGY: 1920000        27.9913        84.9941        58.5866         0.9818         -52133.5285    -85351.4183         0.0000         0.0000     10616.5709        -126695.8222       293.5844   -137312.3931   -126600.0828       297.3205           -164.4656      -167.6680    185163.9369       -73.3718       -72.8475

WRITING EXTENDED SYSTEM TO RESTART FILE AT STEP 1920000
WRITING COORDINATES TO DCD FILE ../output/02_eq_4_CLKWWW.0.dcd AT STEP 1920000
WRITING COORDINATES TO RESTART FILE AT STEP 1920000
FINISHED WRITING RESTART COORDINATES
WRITING VELOCITIES TO RESTART FILE AT STEP 1920000
FINISHED WRITING RESTART VELOCITIES
PRESSURE: 1930000 2370.48 105.091 334.744 105.091 -1549.46 274.926 334.743 274.925 655.236
GPRESSURE: 1930000 2382.63 78.0675 207.094 42.5276 -1578.05 351.211 464.072 361.224 672.68
PRESSAVG: 1930000 1922.91 8.53091 11.4128 8.53091 -1989.2 18.9341 11.4128 18.9341 -49.4423
GPRESSAVG: 1930000 1914.67 3.04785 -3.84478 9.66589 -1968.58 15.3562 24.6114 29.955 -59.4596
TIMING: 1930000  CPU: 1741.3, 0.000903538/step  Wall: 1741.65, 0.000903701/step, 382.427 ns/days, 0.770656 hours remaining, 0.000000 MB of memory in use.
PERFORMANCE: 1930000  averaging 382.98 ns/day, 0.000902397 sec/step with standard deviation 2.6297e-06
ENERGY: 1930000        29.4566        74.8568        62.2027         3.0802         -52283.7428    -85158.2092         0.0000         0.0000     10776.7082        -126495.6475       298.0127   -137272.3557   -126587.8244       297.3441            492.0839       492.4203    184879.8879       -38.5761       -37.7916

WRITING EXTENDED SYSTEM TO RESTART FILE AT STEP 1930000
WRITING COORDINATES TO DCD FILE ../output/02_eq_4_CLKWWW.0.dcd AT STEP 1930000
WRITING COORDINATES TO RESTART FILE AT STEP 1930000
FINISHED WRITING RESTART COORDINATES
WRITING VELOCITIES TO RESTART FILE AT STEP 1930000
FINISHED WRITING RESTART VELOCITIES
PRESSURE: 1940000 1845.39 144.269 283.953 144.27 -1475.92 -16.469 283.953 -16.4668 389.855
GPRESSURE: 1940000 1859.41 97.7019 377.499 191.572 -1476.89 -3.31099 217.766 -15.3102 372.486
PRESSAVG: 1940000 1892.34 -1.74916 11.9067 -1.74916 -1977.49 1.86882 11.9067 1.86882 -23.6199
GPRESSAVG: 1940000 1884.51 -10.7854 1.90946 1.92666 -1958.13 0.993349 24.7044 7.08915 -34.5392
TIMING: 1940000  CPU: 1750.32, 0.000902499/step  Wall: 1750.67, 0.00090263/step, 382.881 ns/days, 0.767235 hours remaining, 0.000000 MB of memory in use.
PERFORMANCE: 1940000  averaging 382.979 ns/day, 0.000902398 sec/step with standard deviation 2.62293e-06
ENERGY: 1940000        33.0041        87.6419        60.6771         3.5005         -52158.0977    -85326.6951         0.0000         0.0000     10898.9477        -126401.0214       301.3930   -137299.9691   -126585.6634       297.4718            253.1088       251.6682    184867.9005       -36.2575       -36.0540

WRITING EXTENDED SYSTEM TO RESTART FILE AT STEP 1940000
WRITING COORDINATES TO DCD FILE ../output/02_eq_4_CLKWWW.0.dcd AT STEP 1940000
WRITING COORDINATES TO RESTART FILE AT STEP 1940000
FINISHED WRITING RESTART COORDINATES
WRITING VELOCITIES TO RESTART FILE AT STEP 1940000
FINISHED WRITING RESTART VELOCITIES
PRESSURE: 1950000 2732.3 -93.0943 -327.759 -93.0938 -1651.99 -44.1254 -327.76 -44.1255 89.0709
GPRESSURE: 1950000 2715.59 -98.4182 -254.439 -110.407 -1579.12 -75.5188 -376.216 14.2781 45.4882
PRESSAVG: 1950000 1944.37 -11.5341 -18.5758 -11.5341 -1941.65 4.16827 -18.5758 4.16827 -17.4762
GPRESSAVG: 1950000 1938.31 -20.9654 -22.9048 -8.26572 -1920.55 1.08031 -8.02245 11.2327 -30.9964
TIMING: 1950000  CPU: 1759.35, 0.000902335/step  Wall: 1759.7, 0.000902567/step, 382.908 ns/days, 0.764675 hours remaining, 0.000000 MB of memory in use.
PERFORMANCE: 1950000  averaging 382.979 ns/day, 0.000902399 sec/step with standard deviation 2.61619e-06
ENERGY: 1950000        34.9638        80.1220        54.6095         1.9192         -52325.2204    -85209.3287         0.0000         0.0000     10718.8205        -126644.1140       296.4119   -137362.9345   -126585.3712       297.5322            389.7933       393.9873    184675.9802        -4.9173        -4.4127

WRITING EXTENDED SYSTEM TO RESTART FILE AT STEP 1950000
WRITING COORDINATES TO DCD FILE ../output/02_eq_4_CLKWWW.0.dcd AT STEP 1950000
WRITING COORDINATES TO RESTART FILE AT STEP 1950000
FINISHED WRITING RESTART COORDINATES
WRITING VELOCITIES TO RESTART FILE AT STEP 1950000
FINISHED WRITING RESTART VELOCITIES
PRESSURE: 1960000 2251.05 -348.942 -194.526 -348.945 -1487.15 108.635 -194.525 108.635 352.161
GPRESSURE: 1960000 2324.88 -322.708 -280.878 -340.451 -1470.39 202.108 -147.701 106.864 241.283
PRESSAVG: 1960000 1933.83 -33.056 -43.0647 -33.056 -1928.28 -4.48908 -43.0647 -4.48908 -2.12253
GPRESSAVG: 1960000 1933.02 -37.4911 -47.411 -25.0913 -1907.14 -8.06684 -34.2899 -1.57839 -21.6641
TIMING: 1960000  CPU: 1768.36, 0.000901536/step  Wall: 1768.72, 0.000901675/step, 383.287 ns/days, 0.761414 hours remaining, 0.000000 MB of memory in use.
PERFORMANCE: 1960000  averaging 382.981 ns/day, 0.000902395 sec/step with standard deviation 2.60998e-06
ENERGY: 1960000        33.8634        74.8302        58.2604         4.8036         -52360.8266    -85310.2149         0.0000         0.0000     10768.5780        -126730.7059       297.7879   -137499.2840   -126601.0477       297.5267            372.0219       365.2580    184294.2437         1.1415         1.4057

WRITING EXTENDED SYSTEM TO RESTART FILE AT STEP 1960000
WRITING COORDINATES TO DCD FILE ../output/02_eq_4_CLKWWW.0.dcd AT STEP 1960000
WRITING COORDINATES TO RESTART FILE AT STEP 1960000
FINISHED WRITING RESTART COORDINATES
WRITING VELOCITIES TO RESTART FILE AT STEP 1960000
FINISHED WRITING RESTART VELOCITIES
PRESSURE: 1970000 2052.43 -93.4431 -118.969 -93.441 -2024.19 337.104 -118.97 337.104 7.56962
GPRESSURE: 1970000 1983.57 -34.552 -99.8825 -194.996 -2007.8 325.712 -170.345 491.843 68.3989
PRESSAVG: 1970000 2002.41 -57.2427 -34.0975 -57.2427 -1885.75 13.582 -34.0975 13.582 29.0602
GPRESSAVG: 1970000 1993.37 -53.2527 -37.707 -56.8987 -1858.93 9.68944 -27.246 28.1305 12.4727
TIMING: 1970000  CPU: 1777.37, 0.000900912/step  Wall: 1777.73, 0.000901125/step, 383.521 ns/days, 0.758447 hours remaining, 0.000000 MB of memory in use.
PERFORMANCE: 1970000  averaging 382.983 ns/day, 0.000902389 sec/step with standard deviation 2.60489e-06
ENERGY: 1970000        28.7368        78.2649        56.9652         1.5355         -52087.9725    -85326.5222         0.0000         0.0000     10693.4977        -126555.4946       295.7117   -137248.9923   -126592.1700       297.6473             11.9379        14.7218    185438.9582        48.5724        48.9729

WRITING EXTENDED SYSTEM TO RESTART FILE AT STEP 1970000
WRITING COORDINATES TO DCD FILE ../output/02_eq_4_CLKWWW.0.dcd AT STEP 1970000
WRITING COORDINATES TO RESTART FILE AT STEP 1970000
FINISHED WRITING RESTART COORDINATES
WRITING VELOCITIES TO RESTART FILE AT STEP 1970000
FINISHED WRITING RESTART VELOCITIES
PRESSURE: 1980000 1809.05 -156.502 -30.7899 -156.498 -1721.83 -77.6025 -30.7889 -77.6019 -7.43544
GPRESSURE: 1980000 1855.26 -162.072 -67.4071 -126.568 -1779.28 -74.3132 -83.8328 -89.2953 -11.3959
PRESSAVG: 1980000 2023.68 -56.2142 -29.2086 -56.2142 -1853.82 15.4344 -29.2086 15.4344 -11.037
GPRESSAVG: 1980000 2018.05 -46.9819 -37.2963 -60.2881 -1832.35 18.4602 -21.6356 28.6753 -27.2235
TIMING: 1980000  CPU: 1786.4, 0.000902736/step  Wall: 1786.76, 0.000902849/step, 382.788 ns/days, 0.75739 hours remaining, 0.000000 MB of memory in use.
PERFORMANCE: 1980000  averaging 382.982 ns/day, 0.000902391 sec/step with standard deviation 2.59848e-06
ENERGY: 1980000        28.7547        87.4567        55.0906         1.4793         -52133.9533    -85397.1261         0.0000         0.0000     10695.9388        -126662.3593       295.7792   -137358.2981   -126606.1172       297.5050             26.5940        21.5278    184657.5995        52.9399        52.8249

WRITING EXTENDED SYSTEM TO RESTART FILE AT STEP 1980000
WRITING COORDINATES TO DCD FILE ../output/02_eq_4_CLKWWW.0.dcd AT STEP 1980000
WRITING COORDINATES TO RESTART FILE AT STEP 1980000
FINISHED WRITING RESTART COORDINATES
WRITING VELOCITIES TO RESTART FILE AT STEP 1980000
FINISHED WRITING RESTART VELOCITIES
PRESSURE: 1990000 1674.81 36.202 -119.526 36.2042 -1754.47 -282.142 -119.525 -282.139 -639.196
GPRESSURE: 1990000 1717.21 -20.5913 15.0938 14.2129 -1747.24 -318.129 -237.711 -324.189 -680.369
PRESSAVG: 1990000 2009.82 -48.0675 -39.7092 -48.0675 -1841.82 1.12288 -39.7092 1.12288 -19.9094
GPRESSAVG: 1990000 2008.55 -46.0574 -40.5736 -53.8686 -1822.62 4.28385 -43.1814 9.41364 -37.2447
TIMING: 1990000  CPU: 1795.43, 0.000902978/step  Wall: 1795.79, 0.00090301/step, 382.72 ns/days, 0.755016 hours remaining, 0.000000 MB of memory in use.
PERFORMANCE: 1990000  averaging 382.981 ns/day, 0.000902394 sec/step with standard deviation 2.59228e-06
ENERGY: 1990000        23.9611        75.9861        61.9915         1.6699         -51878.7982    -85609.7454         0.0000         0.0000     10866.3785        -126458.5563       300.4924   -137324.9348   -126605.6834       297.5321           -239.6200      -236.7986    184053.1319        49.3650        49.5621

WRITING EXTENDED SYSTEM TO RESTART FILE AT STEP 1990000
WRITING COORDINATES TO DCD FILE ../output/02_eq_4_CLKWWW.0.dcd AT STEP 1990000
WRITING COORDINATES TO RESTART FILE AT STEP 1990000
FINISHED WRITING RESTART COORDINATES
WRITING VELOCITIES TO RESTART FILE AT STEP 1990000
FINISHED WRITING RESTART VELOCITIES
PRESSURE: 2000000 1585.63 -84.3366 -15.6714 -84.3371 -2247.58 -178.979 -15.6725 -178.979 531.02
GPRESSURE: 2000000 1623.51 -7.70252 80.7832 -136.928 -2305.91 -113.032 -164.362 -312.425 548.939
PRESSAVG: 2000000 1978.16 -40.7915 -35.9029 -40.7915 -1872.58 5.41543 -35.9029 5.41543 -1.93494
GPRESSAVG: 2000000 1979.94 -36.1592 -31.0821 -46.4608 -1855.66 11.5048 -44.1121 6.33492 -20.12
TIMING: 2000000  CPU: 1804.48, 0.000905259/step  Wall: 1804.84, 0.000905381/step, 381.718 ns/days, 0.754484 hours remaining, 0.000000 MB of memory in use.
PERFORMANCE: 2000000  averaging 382.975 ns/day, 0.000902409 sec/step with standard deviation 2.59437e-06
ETITLE:      TS           BOND          ANGLE          DIHED          IMPRP               ELECT            VDW       BOUNDARY           MISC        KINETIC               TOTAL           TEMP      POTENTIAL       TOTALAVG        TEMPAVG            PRESSURE      GPRESSURE         VOLUME       PRESSAVG      GPRESSAVG

ENERGY: 2000000        23.8743        80.3690        60.9852         2.3041         -51914.5004    -85408.9819         0.0000         0.0000     10838.9674        -126316.9821       299.7344   -137155.9495   -126599.6597       297.5682            -43.6410       -44.4868    185365.5240        34.5471        34.7202

WRITING EXTENDED SYSTEM TO RESTART FILE AT STEP 2000000
WRITING COORDINATES TO DCD FILE ../output/02_eq_4_CLKWWW.0.dcd AT STEP 2000000
WRITING COORDINATES TO RESTART FILE AT STEP 2000000
FINISHED WRITING RESTART COORDINATES
WRITING VELOCITIES TO RESTART FILE AT STEP 2000000
FINISHED WRITING RESTART VELOCITIES
PRESSURE: 2010000 2413.53 262.488 188.974 262.489 -1662.66 -32.1491 188.973 -32.1496 1040.27
GPRESSURE: 2010000 2387.2 243.662 241.933 255.946 -1648.2 -97.0812 85.907 -56.5264 1039
PRESSAVG: 2010000 1987.89 -25.8958 -31.2975 -25.8958 -1859.59 -4.82591 -31.2975 -4.82591 21.7875
GPRESSAVG: 2010000 1991.86 -21.7232 -19.8096 -31.3724 -1846.9 -11.3033 -46.3239 -1.29527 5.03437
TIMING: 2010000  CPU: 1813.55, 0.000906396/step  Wall: 1813.91, 0.00090663/step, 381.192 ns/days, 0.753007 hours remaining, 0.000000 MB of memory in use.
PERFORMANCE: 2010000  averaging 382.966 ns/day, 0.00090243 sec/step with standard deviation 2.60494e-06
ENERGY: 2010000        30.3326        68.6958        54.2952         1.1145         -52194.6282    -85228.8868         0.0000         0.0000     10796.8031        -126472.2737       298.5684   -137269.0768   -126591.6756       297.7870            597.0476       592.6672    184487.1141        50.0287        49.9954

WRITING EXTENDED SYSTEM TO RESTART FILE AT STEP 2010000
WRITING COORDINATES TO DCD FILE ../output/02_eq_4_CLKWWW.0.dcd AT STEP 2010000
WRITING COORDINATES TO RESTART FILE AT STEP 2010000
FINISHED WRITING RESTART COORDINATES
WRITING VELOCITIES TO RESTART FILE AT STEP 2010000
FINISHED WRITING RESTART VELOCITIES
PRESSURE: 2020000 1624.44 217.092 140.542 217.092 -2522.53 150.215 140.541 150.214 -775.104
GPRESSURE: 2020000 1597.63 192.841 97.5438 307.369 -2490.17 78.6153 238.279 228.198 -785.713
PRESSAVG: 2020000 1980.61 -10.8936 -8.33294 -10.8936 -1872.69 5.7473 -8.33294 5.7473 25.061
GPRESSAVG: 2020000 1983.25 -2.87915 2.64493 -14.774 -1860.46 -3.90364 -14.5026 8.89032 9.61316
TIMING: 2020000  CPU: 1822.61, 0.000906121/step  Wall: 1822.97, 0.000906323/step, 381.321 ns/days, 0.750234 hours remaining, 0.000000 MB of memory in use.
PERFORMANCE: 2020000  averaging 382.958 ns/day, 0.00090245 sec/step with standard deviation 2.61284e-06
ENERGY: 2020000        28.8208        68.8322        60.4993         1.5171         -51773.5445    -85587.2655         0.0000         0.0000     10734.9643        -126466.1763       296.8583   -137201.1406   -126587.5554       297.6680           -557.7309      -559.4186    185425.0274        44.3261        44.1357

WRITING EXTENDED SYSTEM TO RESTART FILE AT STEP 2020000
WRITING COORDINATES TO DCD FILE ../output/02_eq_4_CLKWWW.0.dcd AT STEP 2020000
WRITING COORDINATES TO RESTART FILE AT STEP 2020000
FINISHED WRITING RESTART COORDINATES
WRITING VELOCITIES TO RESTART FILE AT STEP 2020000
FINISHED WRITING RESTART VELOCITIES
PRESSURE: 2030000 2587.3 23.4805 224.38 23.482 -1489.98 -32.1781 224.38 -32.1784 1152.27
GPRESSURE: 2030000 2538.12 -51.0146 174.892 35.2102 -1383.52 -5.78373 332.46 -119.349 1099.25
PRESSAVG: 2030000 1993.18 -11.6263 -4.90601 -11.6263 -1848.21 -11.5462 -4.90601 -11.5462 105.813
GPRESSAVG: 2030000 1994.51 -12.4552 4.66871 -11.2415 -1832.79 -21.7748 -7.14858 -13.6722 88.1407
TIMING: 2030000  CPU: 1831.64, 0.00090306/step  Wall: 1832, 0.000903196/step, 382.641 ns/days, 0.745137 hours remaining, 0.000000 MB of memory in use.
PERFORMANCE: 2030000  averaging 382.956 ns/day, 0.000902453 sec/step with standard deviation 2.6069e-06
ENERGY: 2030000        30.7451        73.6959        59.6513         3.1150         -52313.1169    -85206.0738         0.0000         0.0000     10690.0732        -126661.9103       295.6170   -137351.9834   -126602.0683       297.4088            749.8648       751.2844    184042.5336        83.5954        83.2858

WRITING EXTENDED SYSTEM TO RESTART FILE AT STEP 2030000
WRITING COORDINATES TO DCD FILE ../output/02_eq_4_CLKWWW.0.dcd AT STEP 2030000
WRITING COORDINATES TO RESTART FILE AT STEP 2030000
FINISHED WRITING RESTART COORDINATES
WRITING VELOCITIES TO RESTART FILE AT STEP 2030000
FINISHED WRITING RESTART VELOCITIES
PRESSURE: 2040000 1973.24 -44.985 260.612 -44.9856 -1645.46 -246.794 260.613 -246.793 -91.2381
GPRESSURE: 2040000 1978.64 -0.458975 240.98 -69.511 -1605.39 -301.821 318.487 -197.28 -121.338
PRESSAVG: 2040000 1949.88 -7.02128 17.6635 -7.02128 -1871.16 -8.85358 17.6635 -8.85358 79.8887
GPRESSAVG: 2040000 1952.22 -5.30005 24.6082 -3.87395 -1853.26 -25.6637 17.8419 -9.44102 59.9718
TIMING: 2040000  CPU: 1840.67, 0.000903564/step  Wall: 1841.04, 0.000903683/step, 382.435 ns/days, 0.743028 hours remaining, 0.000000 MB of memory in use.
PERFORMANCE: 2040000  averaging 382.954 ns/day, 0.000902459 sec/step with standard deviation 2.60189e-06
ENERGY: 2040000        29.7797        85.0513        58.7232         3.1197         -52267.9103    -85327.2902         0.0000         0.0000     10885.2343        -126533.2923       301.0138   -137418.5266   -126591.1665       297.6871             78.8476        83.9709    184654.1340        52.8680        52.9762

WRITING EXTENDED SYSTEM TO RESTART FILE AT STEP 2040000
WRITING COORDINATES TO DCD FILE ../output/02_eq_4_CLKWWW.0.dcd AT STEP 2040000
WRITING COORDINATES TO RESTART FILE AT STEP 2040000
FINISHED WRITING RESTART COORDINATES
WRITING VELOCITIES TO RESTART FILE AT STEP 2040000
FINISHED WRITING RESTART VELOCITIES
PRESSURE: 2050000 1718.32 202.735 -76.1828 202.736 -2095.78 -285.164 -76.1832 -285.163 -942.506
GPRESSURE: 2050000 1738.18 40.7268 -80.1792 259.901 -2111.34 -301.799 -130.265 -169.618 -959.973
PRESSAVG: 2050000 1936.58 -3.46982 14.0333 -3.46982 -1889.3 -33.3424 14.0333 -33.3424 27.4059
GPRESSAVG: 2050000 1941.93 -14.4369 15.7012 -2.66807 -1874.79 -46.389 11.5633 -27.925 6.30573
TIMING: 2050000  CPU: 1849.71, 0.000903635/step  Wall: 1850.08, 0.000903854/step, 382.363 ns/days, 0.740658 hours remaining, 0.000000 MB of memory in use.
PERFORMANCE: 2050000  averaging 382.951 ns/day, 0.000902466 sec/step with standard deviation 2.59733e-06
ENERGY: 2050000        29.1640        88.8548        56.4975         1.4290         -52229.5999    -85389.2646         0.0000         0.0000     10625.8476        -126817.0716       293.8409   -137442.9192   -126594.7635       297.6137           -439.9890      -444.3765    184066.2284        24.8957        24.4815

WRITING EXTENDED SYSTEM TO RESTART FILE AT STEP 2050000
WRITING COORDINATES TO DCD FILE ../output/02_eq_4_CLKWWW.0.dcd AT STEP 2050000
WRITING COORDINATES TO RESTART FILE AT STEP 2050000
FINISHED WRITING RESTART COORDINATES
WRITING VELOCITIES TO RESTART FILE AT STEP 2050000
FINISHED WRITING RESTART VELOCITIES
PRESSURE: 2060000 2427.16 124.669 541.594 124.669 -1551.45 -217.957 541.597 -217.957 504.64
GPRESSURE: 2060000 2459.63 81.8805 522.913 59.0365 -1516.93 -199.887 539.584 -297.751 423.422
PRESSAVG: 2060000 1948.39 -5.94132 35.4789 -5.94132 -1880.4 -41.8491 35.4789 -41.8491 82.3173
GPRESSAVG: 2060000 1954.1 -18.3556 38.6328 -10.5017 -1863.4 -53.8009 28.8262 -41.5533 57.7918
TIMING: 2060000  CPU: 1858.73, 0.000902245/step  Wall: 1859.1, 0.000902366/step, 382.993 ns/days, 0.736933 hours remaining, 0.000000 MB of memory in use.
PERFORMANCE: 2060000  averaging 382.951 ns/day, 0.000902466 sec/step with standard deviation 2.591e-06
ENERGY: 2060000        23.5896        85.8868        53.2873         2.1391         -52326.3046    -85312.4191         0.0000         0.0000     10797.8341        -126675.9869       298.5969   -137473.8210   -126590.4266       297.6176            460.1166       455.3714    184317.1359        50.1022        49.4973

WRITING EXTENDED SYSTEM TO RESTART FILE AT STEP 2060000
WRITING COORDINATES TO DCD FILE ../output/02_eq_4_CLKWWW.0.dcd AT STEP 2060000
WRITING COORDINATES TO RESTART FILE AT STEP 2060000
FINISHED WRITING RESTART COORDINATES
WRITING VELOCITIES TO RESTART FILE AT STEP 2060000
FINISHED WRITING RESTART VELOCITIES
PRESSURE: 2070000 1929.98 -160.486 -242.195 -160.485 -1819.88 -169.154 -242.194 -169.155 68.7005
GPRESSURE: 2070000 1948.7 -261.795 -296.498 -101.807 -1814.26 -280.035 -216.316 -28.6599 59.2058
PRESSAVG: 2070000 1984.17 1.23543 20.5456 1.23543 -1852.7 -41.4769 20.5456 -41.4769 85.9466
GPRESSAVG: 2070000 1989.95 -13.5914 24.8631 -8.33129 -1835.86 -52.8347 12.2374 -38.996 62.5884
TIMING: 2070000  CPU: 1867.79, 0.000905348/step  Wall: 1868.16, 0.00090552/step, 381.659 ns/days, 0.736992 hours remaining, 0.000000 MB of memory in use.
PERFORMANCE: 2070000  averaging 382.945 ns/day, 0.00090248 sec/step with standard deviation 2.59341e-06
ENERGY: 2070000        31.1155        72.5159        51.9452         1.9732         -52202.3629    -85176.0105         0.0000         0.0000     10776.4818        -126444.3419       298.0064   -137220.8237   -126563.5474       297.7554             59.6006        64.5484    185595.0194        72.4729        72.2265

WRITING EXTENDED SYSTEM TO RESTART FILE AT STEP 2070000
WRITING COORDINATES TO DCD FILE ../output/02_eq_4_CLKWWW.0.dcd AT STEP 2070000
WRITING COORDINATES TO RESTART FILE AT STEP 2070000
FINISHED WRITING RESTART COORDINATES
WRITING VELOCITIES TO RESTART FILE AT STEP 2070000
FINISHED WRITING RESTART VELOCITIES
PRESSURE: 2080000 2108.08 118.286 -180.385 118.284 -1877.6 374.643 -180.386 374.642 140.818
GPRESSURE: 2080000 2146.8 71.9711 18.37 146.776 -1899.38 348.891 -223.986 398.473 121.449
PRESSAVG: 2080000 2003.51 -0.806185 15.456 -0.806185 -1845.6 -6.72586 15.456 -6.72586 98.4545
GPRESSAVG: 2080000 2012.25 -18.8259 31.5196 -0.598642 -1831.11 -27.7306 5.28742 1.78454 74.5132
TIMING: 2080000  CPU: 1876.84, 0.000905418/step  Wall: 1877.21, 0.000905526/step, 381.656 ns/days, 0.734483 hours remaining, 0.000000 MB of memory in use.
PERFORMANCE: 2080000  averaging 382.938 ns/day, 0.000902495 sec/step with standard deviation 2.59574e-06
ENERGY: 2080000        35.2829        72.1467        55.7338         2.0788         -52317.4935    -85213.9673         0.0000         0.0000     10792.6408        -126573.5779       298.4533   -137366.2186   -126560.0446       297.7714            123.7675       122.9569    184997.1752        85.4537        85.2192

WRITING EXTENDED SYSTEM TO RESTART FILE AT STEP 2080000
WRITING COORDINATES TO DCD FILE ../output/02_eq_4_CLKWWW.0.dcd AT STEP 2080000
WRITING COORDINATES TO RESTART FILE AT STEP 2080000
FINISHED WRITING RESTART COORDINATES
WRITING VELOCITIES TO RESTART FILE AT STEP 2080000
FINISHED WRITING RESTART VELOCITIES
PRESSURE: 2090000 2422.25 28.5209 283.624 28.5243 -1550.17 120.964 283.625 120.965 -176.207
GPRESSURE: 2090000 2445.21 41.7352 212.695 52.5612 -1596.86 241.582 428.271 122.849 -165.262
PRESSAVG: 2090000 2015.41 -2.51684 33.0349 -2.51684 -1844.86 -8.60619 33.0349 -8.60619 75.6322
GPRESSAVG: 2090000 2028.38 -18.0099 43.9862 -2.76148 -1836.77 -21.7869 31.8962 0.0614976 52.4109
TIMING: 2090000  CPU: 1885.88, 0.000903802/step  Wall: 1886.25, 0.000904042/step, 382.283 ns/days, 0.730768 hours remaining, 0.000000 MB of memory in use.
PERFORMANCE: 2090000  averaging 382.935 ns/day, 0.000902502 sec/step with standard deviation 2.5917e-06
ENERGY: 2090000        25.2514        91.0517        57.6869         3.8469         -52020.3025    -85355.0550         0.0000         0.0000     10787.9908        -126409.5298       298.3247   -137197.5206   -126558.7531       297.6409            231.9567       227.6973    184922.7949        82.0592        81.3391

WRITING EXTENDED SYSTEM TO RESTART FILE AT STEP 2090000
WRITING COORDINATES TO DCD FILE ../output/02_eq_4_CLKWWW.0.dcd AT STEP 2090000
WRITING COORDINATES TO RESTART FILE AT STEP 2090000
FINISHED WRITING RESTART COORDINATES
WRITING VELOCITIES TO RESTART FILE AT STEP 2090000
FINISHED WRITING RESTART VELOCITIES
PRESSURE: 2100000 1885.34 -178.703 -169.185 -178.702 -2305.28 471.847 -169.187 471.846 169.425
GPRESSURE: 2100000 1898.14 -283.284 -130.207 -223.421 -2260.28 392.003 -214.517 566.562 120.59
PRESSAVG: 2100000 2035.74 -9.92249 23.1238 -9.92249 -1837.91 4.72069 23.1238 4.72069 97.3448
GPRESSAVG: 2100000 2049.95 -28.3937 35.4497 -9.74698 -1828.36 -10.5504 17.8318 22.1898 71.8123
TIMING: 2100000  CPU: 1894.93, 0.000904747/step  Wall: 1895.3, 0.000904912/step, 381.916 ns/days, 0.728957 hours remaining, 0.000000 MB of memory in use.
PERFORMANCE: 2100000  averaging 382.93 ns/day, 0.000902514 sec/step with standard deviation 2.59084e-06
ETITLE:      TS           BOND          ANGLE          DIHED          IMPRP               ELECT            VDW       BOUNDARY           MISC        KINETIC               TOTAL           TEMP      POTENTIAL       TOTALAVG        TEMPAVG            PRESSURE      GPRESSURE         VOLUME       PRESSAVG      GPRESSAVG

ENERGY: 2100000        33.7551        76.6415        59.2376         2.5490         -52201.3074    -85272.5657         0.0000         0.0000     10724.9302        -126576.7596       296.5809   -137301.6898   -126564.8752       297.5668            -83.5034       -80.5156    184988.2274        98.3893        97.7981

WRITING EXTENDED SYSTEM TO RESTART FILE AT STEP 2100000
WRITING COORDINATES TO DCD FILE ../output/02_eq_4_CLKWWW.0.dcd AT STEP 2100000
WRITING COORDINATES TO RESTART FILE AT STEP 2100000
FINISHED WRITING RESTART COORDINATES
WRITING VELOCITIES TO RESTART FILE AT STEP 2100000
FINISHED WRITING RESTART VELOCITIES
PRESSURE: 2110000 2139.38 11.907 24.2829 11.9057 -1815.99 -28.1051 24.2819 -28.1056 290.621
GPRESSURE: 2110000 2100.33 87.0155 -21.3529 -109.742 -1783.53 -83.2327 53.1322 -88.0574 288.934
PRESSAVG: 2110000 2063.79 3.26162 21.5144 3.26162 -1815.78 -8.53589 21.5144 -8.53589 130.363
GPRESSAVG: 2110000 2074.49 -20.0121 30.5172 0.0175415 -1806.89 -18.1381 17.3448 10.5435 108.409
TIMING: 2110000  CPU: 1903.96, 0.000902984/step  Wall: 1904.33, 0.000903011/step, 382.72 ns/days, 0.724917 hours remaining, 0.000000 MB of memory in use.
PERFORMANCE: 2110000  averaging 382.929 ns/day, 0.000902516 sec/step with standard deviation 2.58489e-06
ENERGY: 2110000        26.7699        80.6555        54.0183         1.4038         -52085.3811    -85299.9595         0.0000         0.0000     10701.8222        -126520.6710       295.9419   -137222.4932   -126555.6147       297.5355            204.6691       201.9106    185242.9478       126.1230       125.3363

WRITING EXTENDED SYSTEM TO RESTART FILE AT STEP 2110000
WRITING COORDINATES TO DCD FILE ../output/02_eq_4_CLKWWW.0.dcd AT STEP 2110000
WRITING COORDINATES TO RESTART FILE AT STEP 2110000
FINISHED WRITING RESTART COORDINATES
WRITING VELOCITIES TO RESTART FILE AT STEP 2110000
FINISHED WRITING RESTART VELOCITIES
PRESSURE: 2120000 1719.69 560.04 320.788 560.041 -2170.25 97.3717 320.789 97.3708 64.1807
GPRESSURE: 2120000 1810.5 567.617 236.725 535.276 -2228.36 178.947 340.908 106.33 42.5442
PRESSAVG: 2120000 2063.49 33.7151 56.4152 33.7151 -1820.98 16.2444 56.4152 16.2444 141.208
GPRESSAVG: 2120000 2075.56 13.0311 59.7839 24.3279 -1814.14 13.2563 52.6807 34.908 120.981
TIMING: 2120000  CPU: 1913.01, 0.000905164/step  Wall: 1913.38, 0.000905143/step, 381.818 ns/days, 0.724115 hours remaining, 0.000000 MB of memory in use.
PERFORMANCE: 2120000  averaging 382.924 ns/day, 0.000902529 sec/step with standard deviation 2.58506e-06
ENERGY: 2120000        42.2331        72.9622        52.0768         3.8753         -52042.0785    -85428.3025         0.0000         0.0000     10594.9092        -126704.3245       292.9853   -137299.2337   -126556.0399       297.5056           -128.7943      -125.1032    184570.2008       127.9066       127.4646

WRITING EXTENDED SYSTEM TO RESTART FILE AT STEP 2120000
WRITING COORDINATES TO DCD FILE ../output/02_eq_4_CLKWWW.0.dcd AT STEP 2120000
WRITING COORDINATES TO RESTART FILE AT STEP 2120000
FINISHED WRITING RESTART COORDINATES
WRITING VELOCITIES TO RESTART FILE AT STEP 2120000
FINISHED WRITING RESTART VELOCITIES
PRESSURE: 2130000 1961.62 -59.5745 -173.563 -59.5732 -2285.64 -24.0473 -173.56 -24.0468 328.945
GPRESSURE: 2130000 2001.83 -64.0976 -224.902 18.5507 -2339.71 -173.93 -134.846 60.9801 338.92
PRESSAVG: 2130000 2043.05 25.4819 31.0001 25.4819 -1857.79 1.29583 31.0001 1.29583 124.893
GPRESSAVG: 2130000 2056.52 5.92284 38.184 23.129 -1852.23 -13.0007 22.7348 19.8958 104.293
TIMING: 2130000  CPU: 1922.07, 0.000905919/step  Wall: 1922.44, 0.000906123/step, 381.405 ns/days, 0.722381 hours remaining, 0.000000 MB of memory in use.
PERFORMANCE: 2130000  averaging 382.917 ns/day, 0.000902546 sec/step with standard deviation 2.59069e-06
ENERGY: 2130000        45.4398        85.7463        43.3251         2.1496         -52175.0075    -85305.4213         0.0000         0.0000     10693.4888        -126610.2792       295.7114   -137303.7681   -126561.7714       297.3905              1.6424         0.3449    184220.2435       103.3845       102.8608

WRITING EXTENDED SYSTEM TO RESTART FILE AT STEP 2130000
WRITING COORDINATES TO DCD FILE ../output/02_eq_4_CLKWWW.0.dcd AT STEP 2130000
WRITING COORDINATES TO RESTART FILE AT STEP 2130000
FINISHED WRITING RESTART COORDINATES
WRITING VELOCITIES TO RESTART FILE AT STEP 2130000
FINISHED WRITING RESTART VELOCITIES
PRESSURE: 2140000 2195.96 -329.671 -105.437 -329.671 -1165.99 11.7281 -105.44 11.7271 -723.987
GPRESSURE: 2140000 2193.91 -318.597 -37.5804 -386.906 -1125.76 6.82965 -8.98912 -42.0439 -749.77
PRESSAVG: 2140000 2060.58 1.78478 11.5304 1.78478 -1842.29 2.70552 11.5304 2.70552 69.201
GPRESSAVG: 2140000 2073.24 -14.8921 17.4301 -5.79489 -1834.67 -12.4937 11.3971 18.5591 48.1804
TIMING: 2140000  CPU: 1931.09, 0.000902707/step  Wall: 1931.47, 0.000902931/step, 382.754 ns/days, 0.717328 hours remaining, 0.000000 MB of memory in use.
PERFORMANCE: 2140000  averaging 382.916 ns/day, 0.000902547 sec/step with standard deviation 2.58473e-06
ENERGY: 2140000        32.0694        84.7132        57.6523         1.2205         -52312.0515    -85202.9540         0.0000         0.0000     10889.5442        -126449.8059       301.1330   -137339.3501   -126564.2107       297.3775            101.9946       106.1286    185085.9947        95.8288        95.5838

WRITING EXTENDED SYSTEM TO RESTART FILE AT STEP 2140000
WRITING COORDINATES TO DCD FILE ../output/02_eq_4_CLKWWW.0.dcd AT STEP 2140000
WRITING COORDINATES TO RESTART FILE AT STEP 2140000
FINISHED WRITING RESTART COORDINATES
WRITING VELOCITIES TO RESTART FILE AT STEP 2140000
FINISHED WRITING RESTART VELOCITIES
PRESSURE: 2150000 2281.79 -9.82119 -257.308 -9.82004 -1505.46 -191.599 -257.307 -191.601 -25.956
GPRESSURE: 2150000 2283.41 -26.053 -192.63 113.968 -1490.86 -239.464 -236.219 -224.346 -47.9201
PRESSAVG: 2150000 2038.05 5.94847 15.053 5.94847 -1834.97 -4.66827 15.053 -4.66827 63.4497
GPRESSAVG: 2150000 2051.63 -11.2738 20.5206 5.42389 -1830.26 -20.691 18.3969 6.62788 43.51
TIMING: 2150000  CPU: 1940.14, 0.000905084/step  Wall: 1940.52, 0.000905027/step, 381.867 ns/days, 0.716479 hours remaining, 0.000000 MB of memory in use.
PERFORMANCE: 2150000  averaging 382.911 ns/day, 0.000902559 sec/step with standard deviation 2.58422e-06
ENERGY: 2150000        37.9823        77.0057        47.1130         2.1949         -52381.8000    -85081.1411         0.0000         0.0000     10785.0040        -126513.6412       298.2421   -137298.6452   -126557.6870       297.4690            250.1257       248.2071    183869.0249        88.8454        88.2948

WRITING EXTENDED SYSTEM TO RESTART FILE AT STEP 2150000
WRITING COORDINATES TO DCD FILE ../output/02_eq_4_CLKWWW.0.dcd AT STEP 2150000
WRITING COORDINATES TO RESTART FILE AT STEP 2150000
FINISHED WRITING RESTART COORDINATES
WRITING VELOCITIES TO RESTART FILE AT STEP 2150000
FINISHED WRITING RESTART VELOCITIES
PRESSURE: 2160000 1282.01 -5.07742 239.634 -5.07359 -2015.74 -282.709 239.634 -282.712 543.656
GPRESSURE: 2160000 1338.59 -58.5031 209.178 -47.9918 -2052.21 -311.92 297.226 -251.611 545.519
PRESSAVG: 2160000 1989.6 23.142 36.761 23.142 -1861.4 -24.2356 36.761 -24.2356 73.0244
GPRESSAVG: 2160000 2002.32 1.93643 45.0234 20.0469 -1859.35 -46.3924 40.6433 -11.2958 58.7218
TIMING: 2160000  CPU: 1949.2, 0.000905349/step  Wall: 1949.58, 0.000905574/step, 381.636 ns/days, 0.714397 hours remaining, 0.000000 MB of memory in use.
PERFORMANCE: 2160000  averaging 382.905 ns/day, 0.000902573 sec/step with standard deviation 2.58636e-06
ENERGY: 2160000        35.0417        69.8818        51.2559         3.8843         -52014.5577    -85342.3022         0.0000         0.0000     10633.9138        -126562.8825       294.0640   -137196.7963   -126549.2959       297.2828            -63.3572       -56.0347    184284.7137        67.0765        67.2302

WRITING EXTENDED SYSTEM TO RESTART FILE AT STEP 2160000
WRITING COORDINATES TO DCD FILE ../output/02_eq_4_CLKWWW.0.dcd AT STEP 2160000
WRITING COORDINATES TO RESTART FILE AT STEP 2160000
FINISHED WRITING RESTART COORDINATES
WRITING VELOCITIES TO RESTART FILE AT STEP 2160000
FINISHED WRITING RESTART VELOCITIES
PRESSURE: 2170000 1814.14 154.026 -6.24248 154.029 -2110.33 130.417 -6.24143 130.419 -227.284
GPRESSURE: 2170000 1787.35 137.965 -70.9208 220.978 -2084.69 73.6483 93.5433 158.581 -237.894
PRESSAVG: 2170000 1977.69 35.5155 42.3974 35.5155 -1865.7 -34.5699 42.3974 -34.5699 61.2817
GPRESSAVG: 2170000 1992.51 10.5623 46.4715 40.8456 -1863.19 -58.9956 53.8377 -27.9589 43.4071
TIMING: 2170000  CPU: 1958.25, 0.000905039/step  Wall: 1958.63, 0.000905223/step, 381.784 ns/days, 0.711606 hours remaining, 0.000000 MB of memory in use.
PERFORMANCE: 2170000  averaging 382.9 ns/day, 0.000902585 sec/step with standard deviation 2.58663e-06
ENERGY: 2170000        30.6455        71.4673        58.8960         2.5137         -52357.0935    -85254.6610         0.0000         0.0000     10767.5753        -126680.6569       297.7602   -137448.2322   -126555.5540       297.3852           -174.4900      -178.4100    184718.0570        57.7551        57.5736

WRITING EXTENDED SYSTEM TO RESTART FILE AT STEP 2170000
WRITING COORDINATES TO DCD FILE ../output/02_eq_4_CLKWWW.0.dcd AT STEP 2170000
WRITING COORDINATES TO RESTART FILE AT STEP 2170000
FINISHED WRITING RESTART COORDINATES
WRITING VELOCITIES TO RESTART FILE AT STEP 2170000
FINISHED WRITING RESTART VELOCITIES
PRESSURE: 2180000 1427.31 -59.7704 -152.892 -59.772 -2078.42 139.843 -152.892 139.843 -364.285
GPRESSURE: 2180000 1497.77 -92.8908 -164.668 -121.61 -2149.21 157.956 -138.859 182.236 -375.269
PRESSAVG: 2180000 1958.6 40.3518 36.2922 40.3518 -1883.53 -23.6976 36.2922 -23.6976 43.4393
GPRESSAVG: 2180000 1974.63 14.0214 41.6084 41.0935 -1881.69 -47.3821 51.0864 -14.3824 25.2135
TIMING: 2180000  CPU: 1967.29, 0.000904617/step  Wall: 1967.68, 0.000904728/step, 381.993 ns/days, 0.708704 hours remaining, 0.000000 MB of memory in use.
PERFORMANCE: 2180000  averaging 382.896 ns/day, 0.000902595 sec/step with standard deviation 2.58474e-06
ENERGY: 2180000        33.6510        84.6800        53.6124         1.8430         -52320.9674    -85288.9940         0.0000         0.0000     10667.7590        -126768.4159       294.9999   -137436.1749   -126560.8568       297.3463           -338.4650      -342.2351    183993.9057        39.5021        39.3854

WRITING EXTENDED SYSTEM TO RESTART FILE AT STEP 2180000
WRITING COORDINATES TO DCD FILE ../output/02_eq_4_CLKWWW.0.dcd AT STEP 2180000
WRITING COORDINATES TO RESTART FILE AT STEP 2180000
FINISHED WRITING RESTART COORDINATES
WRITING VELOCITIES TO RESTART FILE AT STEP 2180000
FINISHED WRITING RESTART VELOCITIES
PRESSURE: 2190000 1569.19 -228.202 -302.128 -228.201 -2294.37 -284.474 -302.127 -284.474 -59.0356
GPRESSURE: 2190000 1562.31 -164.849 -289.432 -291.608 -2341.08 -300.225 -270.937 -264.832 -8.54727
PRESSAVG: 2190000 1953.32 27.1316 27.1621 27.1316 -1910.53 -23.8144 27.1621 -23.8144 72.4473
GPRESSAVG: 2190000 1966.89 6.80846 26.3821 25.8024 -1911.38 -46.4869 49.4251 -11.4145 58.8046
TIMING: 2190000  CPU: 1976.33, 0.000904015/step  Wall: 1976.72, 0.000904222/step, 382.207 ns/days, 0.705796 hours remaining, 0.000000 MB of memory in use.
PERFORMANCE: 2190000  averaging 382.893 ns/day, 0.000902602 sec/step with standard deviation 2.58115e-06
ENERGY: 2190000        37.8656        77.1803        55.5652         3.2259         -51833.8881    -85429.3038         0.0000         0.0000     10791.4419        -126297.9131       298.4201   -137089.3550   -126552.8246       297.2426           -261.4049      -262.4380    185264.7047        38.4129        38.1035

WRITING EXTENDED SYSTEM TO RESTART FILE AT STEP 2190000
WRITING COORDINATES TO DCD FILE ../output/02_eq_4_CLKWWW.0.dcd AT STEP 2190000
WRITING COORDINATES TO RESTART FILE AT STEP 2190000
FINISHED WRITING RESTART COORDINATES
WRITING VELOCITIES TO RESTART FILE AT STEP 2190000
FINISHED WRITING RESTART VELOCITIES
PRESSURE: 2200000 1770.96 75.1861 41.0846 75.1852 -2113.35 -62.7698 41.0827 -62.7712 -597.747
GPRESSURE: 2200000 1738.51 53.0429 -25.0075 5.82388 -2060.05 23.1626 13.9416 -52.768 -610.239
PRESSAVG: 2200000 1962.58 35.1077 29.9999 35.1077 -1903.82 -18.004 29.9999 -18.004 16.0089
GPRESSAVG: 2200000 1972.64 9.84573 21.0926 32.94 -1899.09 -39.6772 58.3403 1.56831 0.845685
TIMING: 2200000  CPU: 1985.39, 0.000906061/step  Wall: 1985.78, 0.00090617/step, 381.386 ns/days, 0.704799 hours remaining, 0.000000 MB of memory in use.
PERFORMANCE: 2200000  averaging 382.886 ns/day, 0.000902619 sec/step with standard deviation 2.58646e-06
ETITLE:      TS           BOND          ANGLE          DIHED          IMPRP               ELECT            VDW       BOUNDARY           MISC        KINETIC               TOTAL           TEMP      POTENTIAL       TOTALAVG        TEMPAVG            PRESSURE      GPRESSURE         VOLUME       PRESSAVG      GPRESSAVG

ENERGY: 2200000        41.7829        76.3736        55.8732         3.2864         -52270.7765    -85229.1625         0.0000         0.0000     10636.5006        -126686.1223       294.1355   -137322.6229   -126571.2816       296.9627           -313.3799      -310.5916    185498.3638        24.9259        24.7982

WRITING EXTENDED SYSTEM TO RESTART FILE AT STEP 2200000
WRITING COORDINATES TO DCD FILE ../output/02_eq_4_CLKWWW.0.dcd AT STEP 2200000
WRITING COORDINATES TO RESTART FILE AT STEP 2200000
FINISHED WRITING RESTART COORDINATES
WRITING VELOCITIES TO RESTART FILE AT STEP 2200000
FINISHED WRITING RESTART VELOCITIES
PRESSURE: 2210000 2166.66 -337.37 -155.215 -337.37 -1763 -57.441 -155.215 -57.4401 167.205
GPRESSURE: 2210000 2150.15 -350.434 -208.947 -330.309 -1740.06 -194.303 -212.148 -69.086 160.837
PRESSAVG: 2210000 1950.24 5.1147 12.7905 5.1147 -1908.83 -19.2686 12.7905 -19.2686 -27.6444
GPRESSAVG: 2210000 1960.79 -19.8591 -1.4514 3.62727 -1903.68 -44.5382 43.4376 0.940329 -43.0626
TIMING: 2210000  CPU: 1994.46, 0.000906114/step  Wall: 1994.85, 0.000906335/step, 381.316 ns/days, 0.70241 hours remaining, 0.000000 MB of memory in use.
PERFORMANCE: 2210000  averaging 382.879 ns/day, 0.000902635 sec/step with standard deviation 2.59265e-06
ENERGY: 2210000        31.5126        77.8101        53.8357         3.2391         -52286.2417    -85108.7587         0.0000         0.0000     10771.6416        -126456.9614       297.8726   -137228.6030   -126570.5160       296.9279            190.2877       190.3094    185079.5462         4.5879         4.6803

WRITING EXTENDED SYSTEM TO RESTART FILE AT STEP 2210000
WRITING COORDINATES TO DCD FILE ../output/02_eq_4_CLKWWW.0.dcd AT STEP 2210000
WRITING COORDINATES TO RESTART FILE AT STEP 2210000
FINISHED WRITING RESTART COORDINATES
WRITING VELOCITIES TO RESTART FILE AT STEP 2210000
FINISHED WRITING RESTART VELOCITIES
PRESSURE: 2220000 1860.64 1.94099 -321.652 1.94194 -2036.18 73.7542 -321.655 73.7538 -467.077
GPRESSURE: 2220000 1898.45 -59.8167 -356.22 113.281 -2077.73 85.9935 -296.323 141.45 -462.963
PRESSAVG: 2220000 1962.05 -5.6428 -10.3193 -5.6428 -1884.52 -23.0916 -10.3193 -23.0916 -12.2431
GPRESSAVG: 2220000 1975.83 -32.492 -24.1396 -6.07714 -1883.06 -44.1693 16.7075 -3.39709 -26.9251
TIMING: 2220000  CPU: 2003.53, 0.000907559/step  Wall: 2003.92, 0.000907671/step, 380.755 ns/days, 0.700924 hours remaining, 0.000000 MB of memory in use.
PERFORMANCE: 2220000  averaging 382.869 ns/day, 0.000902658 sec/step with standard deviation 2.60877e-06
ENERGY: 2220000        36.7887        82.6112        57.0176         2.2202         -52147.6726    -85234.0437         0.0000         0.0000     10713.6996        -126489.3790       296.2703   -137203.0786   -126571.6762       296.8985           -214.2054      -214.0804    184937.1485        21.7642        21.9472

WRITING EXTENDED SYSTEM TO RESTART FILE AT STEP 2220000
WRITING COORDINATES TO DCD FILE ../output/02_eq_4_CLKWWW.0.dcd AT STEP 2220000
WRITING COORDINATES TO RESTART FILE AT STEP 2220000
FINISHED WRITING RESTART COORDINATES
WRITING VELOCITIES TO RESTART FILE AT STEP 2220000
FINISHED WRITING RESTART VELOCITIES
PRESSURE: 2230000 1534.85 228.702 -40.6248 228.703 -2317.01 -70.0727 -40.624 -70.0727 -303.206
GPRESSURE: 2230000 1515.43 221.918 -105.843 229.14 -2301.36 -148.249 -21.6017 14.8983 -290.429
PRESSAVG: 2230000 1909.43 4.61824 -23.5695 4.61824 -1925.87 -24.9863 -23.5695 -24.9863 -85.0169
GPRESSAVG: 2230000 1924.69 -18.8453 -38.1763 3.61934 -1928.95 -51.2926 -0.995647 3.31529 -96.4091
TIMING: 2230000  CPU: 2012.62, 0.000909158/step  Wall: 2013.02, 0.000909336/step, 380.058 ns/days, 0.699683 hours remaining, 0.000000 MB of memory in use.
PERFORMANCE: 2230000  averaging 382.857 ns/day, 0.000902688 sec/step with standard deviation 2.64102e-06
ENERGY: 2230000        35.0322        75.1943        56.0473         2.6163         -52032.2844    -85271.8670         0.0000         0.0000     10730.0415        -126405.2199       296.7222   -137135.2614   -126558.8416       296.9538           -361.7909      -358.7883    185368.1829       -33.8186       -33.5564

WRITING EXTENDED SYSTEM TO RESTART FILE AT STEP 2230000
WRITING COORDINATES TO DCD FILE ../output/02_eq_4_CLKWWW.0.dcd AT STEP 2230000
WRITING COORDINATES TO RESTART FILE AT STEP 2230000
FINISHED WRITING RESTART COORDINATES
WRITING VELOCITIES TO RESTART FILE AT STEP 2230000
FINISHED WRITING RESTART VELOCITIES
PRESSURE: 2240000 2231.98 175.885 278.783 175.883 -809.763 -163.83 278.78 -163.83 207.207
GPRESSURE: 2240000 2215.26 149.424 392.531 213.29 -863.964 -33.1772 260.593 -220.021 273.919
PRESSAVG: 2240000 1922.36 15.6617 -22.6611 15.6617 -1884.08 -20.8381 -22.6611 -20.8381 -70.0946
GPRESSAVG: 2240000 1936.52 -11.3512 -30.5988 17.7594 -1891.88 -37.8604 -3.89033 2.17827 -76.6463
TIMING: 2240000  CPU: 2021.7, 0.000907447/step  Wall: 2022.09, 0.000907624/step, 380.774 ns/days, 0.695845 hours remaining, 0.000000 MB of memory in use.
PERFORMANCE: 2240000  averaging 382.847 ns/day, 0.00090271 sec/step with standard deviation 2.65565e-06
ENERGY: 2240000        25.6116        73.8270        52.0041         2.6580         -52257.8139    -85198.5056         0.0000         0.0000     10746.1481        -126556.0708       297.1676   -137302.2189   -126559.9806       296.7615            543.1404       541.7389    184723.6817       -10.6039       -10.6680

WRITING EXTENDED SYSTEM TO RESTART FILE AT STEP 2240000
WRITING COORDINATES TO DCD FILE ../output/02_eq_4_CLKWWW.0.dcd AT STEP 2240000
WRITING COORDINATES TO RESTART FILE AT STEP 2240000
FINISHED WRITING RESTART COORDINATES
WRITING VELOCITIES TO RESTART FILE AT STEP 2240000
FINISHED WRITING RESTART VELOCITIES
PRESSURE: 2250000 2345.37 -391.698 -102.809 -391.699 -1169.65 -164.853 -102.808 -164.855 -93.7797
GPRESSURE: 2250000 2371.55 -538.058 12.5478 -310.837 -1177.86 -252.379 -186.293 47.4822 -96.3875
PRESSAVG: 2250000 1953.72 -14.06 -23.9924 -14.06 -1837.78 -14.8227 -23.9924 -14.8227 -27.6583
GPRESSAVG: 2250000 1968.19 -40.2904 -25.9625 -10.7775 -1845.21 -35.3894 -6.69177 13.0333 -33.467
TIMING: 2250000  CPU: 2030.78, 0.000908422/step  Wall: 2031.18, 0.000908603/step, 380.364 ns/days, 0.694071 hours remaining, 0.000000 MB of memory in use.
PERFORMANCE: 2250000  averaging 382.836 ns/day, 0.000902736 sec/step with standard deviation 2.67868e-06
ENERGY: 2250000        34.8808        84.6186        57.0256         3.6592         -52435.5214    -85204.9817         0.0000         0.0000     10652.9111        -126807.4078       294.5893   -137460.3189   -126559.4974       296.7989            360.6486       365.7653    183798.6820        29.4279        29.8391

WRITING EXTENDED SYSTEM TO RESTART FILE AT STEP 2250000
WRITING COORDINATES TO DCD FILE ../output/02_eq_4_CLKWWW.0.dcd AT STEP 2250000
WRITING COORDINATES TO RESTART FILE AT STEP 2250000
FINISHED WRITING RESTART COORDINATES
WRITING VELOCITIES TO RESTART FILE AT STEP 2250000
FINISHED WRITING RESTART VELOCITIES
PRESSURE: 2260000 1505.98 54.8526 366.552 54.8523 -2007.21 -384.239 366.551 -384.237 -78.8823
GPRESSURE: 2260000 1465.55 -1.84028 428.657 107.052 -1940.24 -460.475 331.876 -382.435 -94.0382
PRESSAVG: 2260000 1907.66 -17.5509 -32.7447 -17.5509 -1860.56 -23.1367 -32.7447 -23.1367 -56.8344
GPRESSAVG: 2260000 1918.49 -44.4764 -30.6753 -8.37674 -1866.37 -48.4188 -17.0771 8.79912 -59.3401
TIMING: 2260000  CPU: 2039.88, 0.000909453/step  Wall: 2040.27, 0.000909588/step, 379.952 ns/days, 0.692298 hours remaining, 0.000000 MB of memory in use.
PERFORMANCE: 2260000  averaging 382.823 ns/day, 0.000902767 sec/step with standard deviation 2.7113e-06
ENERGY: 2260000        28.1097        79.2484        54.0227         2.2709         -52066.0830    -85285.0199         0.0000         0.0000     10780.6267        -126406.8246       298.1211   -137187.4513   -126546.0393       296.7751           -193.3699      -189.5751    185444.9914        -3.2464        -2.4082

WRITING EXTENDED SYSTEM TO RESTART FILE AT STEP 2260000
WRITING COORDINATES TO DCD FILE ../output/02_eq_4_CLKWWW.0.dcd AT STEP 2260000
WRITING COORDINATES TO RESTART FILE AT STEP 2260000
FINISHED WRITING RESTART COORDINATES
WRITING VELOCITIES TO RESTART FILE AT STEP 2260000
FINISHED WRITING RESTART VELOCITIES
PRESSURE: 2270000 2637.55 165.548 35.9041 165.545 -1801.92 -69.9246 35.9044 -69.9235 215.702
GPRESSURE: 2270000 2600.11 129.183 7.81395 188.36 -1800.82 -51.1369 55.5535 -95.5099 251.739
PRESSAVG: 2270000 1943.04 -1.24935 -18.8397 -1.24935 -1859.67 -18.1751 -18.8397 -18.1751 -49.4844
GPRESSAVG: 2270000 1951.06 -24.9275 -15.4597 6.1316 -1865.7 -36.9739 -3.48366 5.45662 -49.7134
TIMING: 2270000  CPU: 2048.97, 0.000909556/step  Wall: 2049.37, 0.000909692/step, 379.909 ns/days, 0.68985 hours remaining, 0.000000 MB of memory in use.
PERFORMANCE: 2270000  averaging 382.81 ns/day, 0.000902797 sec/step with standard deviation 2.74407e-06
ENERGY: 2270000        33.1680        83.1038        60.6206         3.2847         -52155.8429    -85346.7012         0.0000         0.0000     10803.3274        -126519.0395       298.7488   -137322.3670   -126549.7741       296.8122            350.4410       350.3422    184290.5603        11.2956        11.8815

WRITING EXTENDED SYSTEM TO RESTART FILE AT STEP 2270000
WRITING COORDINATES TO DCD FILE ../output/02_eq_4_CLKWWW.0.dcd AT STEP 2270000
WRITING COORDINATES TO RESTART FILE AT STEP 2270000
FINISHED WRITING RESTART COORDINATES
WRITING VELOCITIES TO RESTART FILE AT STEP 2270000
FINISHED WRITING RESTART VELOCITIES
PRESSURE: 2280000 1972.69 -30.8656 -261.542 -30.8629 -2154.62 -110.203 -261.542 -110.203 422.839
GPRESSURE: 2280000 1975.61 -155.454 -351.187 141.448 -2139.73 -11.8288 -250.563 -219.499 411.96
PRESSAVG: 2280000 1936.27 -8.70672 -22.8976 -8.70672 -1873.52 -42.4174 -22.8976 -42.4174 -35.3833
GPRESSAVG: 2280000 1942.5 -36.2988 -33.9375 5.86519 -1877.72 -55.0099 -4.81249 -25.442 -35.1878
TIMING: 2280000  CPU: 2058.06, 0.000909001/step  Wall: 2058.46, 0.000909148/step, 380.136 ns/days, 0.686912 hours remaining, 0.000000 MB of memory in use.
PERFORMANCE: 2280000  averaging 382.798 ns/day, 0.000902825 sec/step with standard deviation 2.77013e-06
ENERGY: 2280000        26.0327        80.3710        57.0313         2.6962         -52055.5983    -85298.4461         0.0000         0.0000     10707.6984        -126480.2149       296.1044   -137187.9133   -126545.1060       296.6948             80.3010        82.6137    184385.2848         9.1223         9.8643

WRITING EXTENDED SYSTEM TO RESTART FILE AT STEP 2280000
WRITING COORDINATES TO DCD FILE ../output/02_eq_4_CLKWWW.0.dcd AT STEP 2280000
WRITING COORDINATES TO RESTART FILE AT STEP 2280000
FINISHED WRITING RESTART COORDINATES
WRITING VELOCITIES TO RESTART FILE AT STEP 2280000
FINISHED WRITING RESTART VELOCITIES
PRESSURE: 2290000 2264.71 -231.416 -155.426 -231.417 -1515.01 -216.204 -155.43 -216.206 234.295
GPRESSURE: 2290000 2255.21 -270.225 -108.42 -181.513 -1539.72 -277.581 -90.26 -99.5989 268.499
PRESSAVG: 2290000 1928.39 -21.7038 -44.8503 -21.7038 -1871.76 -59.2759 -44.8503 -59.2759 -14.8582
GPRESSAVG: 2290000 1933 -51.8968 -49.9933 -5.83854 -1874.86 -80.968 -30.739 -36.5644 -13.4998
TIMING: 2290000  CPU: 2067.14, 0.000907833/step  Wall: 2067.54, 0.000908071/step, 380.587 ns/days, 0.683576 hours remaining, 0.000000 MB of memory in use.
PERFORMANCE: 2290000  averaging 382.789 ns/day, 0.000902848 sec/step with standard deviation 2.78571e-06
ENERGY: 2290000        35.0225        92.3684        60.1319         1.6079         -52287.6681    -85160.1706         0.0000         0.0000     10797.1507        -126461.5573       298.5780   -137258.7080   -126547.7074       296.7074            328.0010       327.9964    184760.6144        13.9245        14.8793

WRITING EXTENDED SYSTEM TO RESTART FILE AT STEP 2290000
WRITING COORDINATES TO DCD FILE ../output/02_eq_4_CLKWWW.0.dcd AT STEP 2290000
WRITING COORDINATES TO RESTART FILE AT STEP 2290000
FINISHED WRITING RESTART COORDINATES
WRITING VELOCITIES TO RESTART FILE AT STEP 2290000
FINISHED WRITING RESTART VELOCITIES
PRESSURE: 2300000 1618.39 -46.8813 66.3045 -46.8797 -2041.78 -344.941 66.305 -344.941 -127.505
GPRESSURE: 2300000 1542.9 -252.805 19.0825 133.527 -2033.09 -323.924 87.5932 -314.721 -50.4179
PRESSAVG: 2300000 1915.04 -15.1126 -33.0757 -15.1126 -1858.58 -100.115 -33.0757 -100.115 -29.7047
GPRESSAVG: 2300000 1915.24 -50.3729 -42.5288 12.0089 -1863.5 -116.764 -15.6335 -80.6286 -22.0502
TIMING: 2300000  CPU: 2076.24, 0.000910251/step  Wall: 2076.65, 0.000910356/step, 379.632 ns/days, 0.682767 hours remaining, 0.000000 MB of memory in use.
PERFORMANCE: 2300000  averaging 382.775 ns/day, 0.00090288 sec/step with standard deviation 2.82337e-06
ETITLE:      TS           BOND          ANGLE          DIHED          IMPRP               ELECT            VDW       BOUNDARY           MISC        KINETIC               TOTAL           TEMP      POTENTIAL       TOTALAVG        TEMPAVG            PRESSURE      GPRESSURE         VOLUME       PRESSAVG      GPRESSAVG

ENERGY: 2300000        28.3532        75.9515        49.4080         2.0737         -52377.9524    -85327.2735         0.0000         0.0000     10740.1903        -126809.2494       297.0029   -137549.4396   -126559.3319       296.7285           -183.6314      -180.2046    184340.5725         8.9181         9.8948

WRITING EXTENDED SYSTEM TO RESTART FILE AT STEP 2300000
WRITING COORDINATES TO DCD FILE ../output/02_eq_4_CLKWWW.0.dcd AT STEP 2300000
WRITING COORDINATES TO RESTART FILE AT STEP 2300000
FINISHED WRITING RESTART COORDINATES
WRITING VELOCITIES TO RESTART FILE AT STEP 2300000
FINISHED WRITING RESTART VELOCITIES
PRESSURE: 2310000 1700.57 182.608 50.8497 182.61 -1969.27 -323.087 50.8487 -323.086 -251.266
GPRESSURE: 2310000 1723.57 164.857 82.7152 232.983 -1994.74 -299.966 150.946 -387.488 -234.125
PRESSAVG: 2310000 1893.1 -6.5774 -31.7473 -6.5774 -1866.25 -114.864 -31.7473 -114.864 -56.7991
GPRESSAVG: 2310000 1896.4 -46.4808 -37.3254 29.1451 -1874.06 -127.601 -10.7429 -95.6001 -48.2031
TIMING: 2310000  CPU: 2085.32, 0.000908147/step  Wall: 2085.73, 0.000908313/step, 380.486 ns/days, 0.678712 hours remaining, 0.000000 MB of memory in use.
PERFORMANCE: 2310000  averaging 382.765 ns/day, 0.000902904 sec/step with standard deviation 2.83981e-06
ENERGY: 2310000        26.2941        78.4830        55.6323         5.2811         -52248.7754    -85262.5815         0.0000         0.0000     10653.1974        -126692.4689       294.5972   -137345.6663   -126567.9217       296.6613           -173.3220      -168.4314    184603.6583        -9.9814        -8.6223

WRITING EXTENDED SYSTEM TO RESTART FILE AT STEP 2310000
WRITING COORDINATES TO DCD FILE ../output/02_eq_4_CLKWWW.0.dcd AT STEP 2310000
WRITING COORDINATES TO RESTART FILE AT STEP 2310000
FINISHED WRITING RESTART COORDINATES
WRITING VELOCITIES TO RESTART FILE AT STEP 2310000
FINISHED WRITING RESTART VELOCITIES
PRESSURE: 2320000 1726.88 136.256 107.202 136.253 -2241.02 30.6703 107.201 30.6709 -177.564
GPRESSURE: 2320000 1734.42 252.945 31.5327 51.2637 -2161.76 92.5359 164.73 -124.017 -259.648
PRESSAVG: 2320000 1893.46 -27.7668 -42.4267 -27.7668 -1869.79 -118.199 -42.4267 -118.199 -68.8863
GPRESSAVG: 2320000 1892.59 -62.2144 -47.585 4.94447 -1870.73 -131.922 -19.5518 -107.117 -63.3127
TIMING: 2320000  CPU: 2094.41, 0.000908844/step  Wall: 2094.82, 0.000908951/step, 380.218 ns/days, 0.676664 hours remaining, 0.000000 MB of memory in use.
PERFORMANCE: 2320000  averaging 382.754 ns/day, 0.00090293 sec/step with standard deviation 2.86133e-06
ENERGY: 2320000        25.1796        74.7969        57.1538         1.8462         -52200.6373    -85405.3908         0.0000         0.0000     10700.2410        -126746.8106       295.8981   -137447.0516   -126570.0461       296.8069           -230.5683      -228.9969    184522.8595       -15.0701       -13.8170

WRITING EXTENDED SYSTEM TO RESTART FILE AT STEP 2320000
WRITING COORDINATES TO DCD FILE ../output/02_eq_4_CLKWWW.0.dcd AT STEP 2320000
WRITING COORDINATES TO RESTART FILE AT STEP 2320000
FINISHED WRITING RESTART COORDINATES
WRITING VELOCITIES TO RESTART FILE AT STEP 2320000
FINISHED WRITING RESTART VELOCITIES
PRESSURE: 2330000 1782.1 -192.167 -106.643 -192.169 -2059.34 41.7938 -106.641 41.7919 313.397
GPRESSURE: 2330000 1784.29 -242.339 -120.615 -185.703 -2007.06 67.9361 -43.2103 127.817 258.919
PRESSAVG: 2330000 1884.49 -34.3966 -39.0808 -34.3966 -1858.47 -114.907 -39.0808 -114.907 -69.6637
GPRESSAVG: 2330000 1881.72 -71.1265 -42.3706 -5.26822 -1854.1 -119.828 -14.97 -103.776 -67.3128
TIMING: 2330000  CPU: 2103.51, 0.000909257/step  Wall: 2103.91, 0.000909425/step, 380.02 ns/days, 0.67449 hours remaining, 0.000000 MB of memory in use.
PERFORMANCE: 2330000  averaging 382.742 ns/day, 0.000902958 sec/step with standard deviation 2.88669e-06
ENERGY: 2330000        29.4564        76.5761        55.5923         3.4779         -52087.1215    -85359.6444         0.0000         0.0000     10712.8175        -126568.8457       296.2459   -137281.6632   -126567.9744       296.8337             12.0539        12.0498    184306.4386       -14.5495       -13.2317

WRITING EXTENDED SYSTEM TO RESTART FILE AT STEP 2330000
WRITING COORDINATES TO DCD FILE ../output/02_eq_4_CLKWWW.0.dcd AT STEP 2330000
WRITING COORDINATES TO RESTART FILE AT STEP 2330000
FINISHED WRITING RESTART COORDINATES
WRITING VELOCITIES TO RESTART FILE AT STEP 2330000
FINISHED WRITING RESTART VELOCITIES
PRESSURE: 2340000 1740.35 -53.0147 -280.254 -53.0164 -1571.77 -165.532 -280.254 -165.533 -392.754
GPRESSURE: 2340000 1773.56 -109.666 -255.325 -6.72468 -1664.61 -220.533 -248.047 35.8377 -326.597
PRESSAVG: 2340000 1861.71 -20.5639 -47.8215 -20.5639 -1878.76 -123.77 -47.8215 -123.77 -53.102
GPRESSAVG: 2340000 1860.7 -60.68 -53.2578 13.7408 -1881.04 -131.196 -26.9229 -99.8815 -46.1541
TIMING: 2340000  CPU: 2112.59, 0.000908308/step  Wall: 2113, 0.000908511/step, 380.403 ns/days, 0.671289 hours remaining, 0.000000 MB of memory in use.
PERFORMANCE: 2340000  averaging 382.732 ns/day, 0.000902982 sec/step with standard deviation 2.90328e-06
ENERGY: 2340000        21.8955        70.7863        57.8766         3.0562         -52107.6556    -85335.6539         0.0000         0.0000     10729.9912        -126559.7037       296.7208   -137289.6949   -126573.4693       296.6130            -74.7235       -72.5479    184575.7229       -23.3855       -22.1655

WRITING EXTENDED SYSTEM TO RESTART FILE AT STEP 2340000
WRITING COORDINATES TO DCD FILE ../output/02_eq_4_CLKWWW.0.dcd AT STEP 2340000
WRITING COORDINATES TO RESTART FILE AT STEP 2340000
FINISHED WRITING RESTART COORDINATES
WRITING VELOCITIES TO RESTART FILE AT STEP 2340000
FINISHED WRITING RESTART VELOCITIES
PRESSURE: 2350000 2185.62 -20.7227 -124.964 -20.7215 -1603.51 118.542 -124.964 118.541 -927.406
GPRESSURE: 2350000 2219.12 -8.48929 -113.816 -13.4296 -1587.05 116.256 -114.553 120.222 -1000.37
PRESSAVG: 2350000 1856.9 -21.109 -41.2044 -21.109 -1883.66 -108.263 -41.2044 -108.263 -98.1745
GPRESSAVG: 2350000 1857.49 -59.8018 -49.3171 7.37092 -1885.85 -113.41 -20.8396 -82.6531 -93.7768
TIMING: 2350000  CPU: 2121.68, 0.00090872/step  Wall: 2122.09, 0.00090893/step, 380.227 ns/days, 0.669074 hours remaining, 0.000000 MB of memory in use.
PERFORMANCE: 2350000  averaging 382.721 ns/day, 0.000903007 sec/step with standard deviation 2.92294e-06
ENERGY: 2350000        28.6796        70.1455        62.5879         3.0607         -52017.5616    -85433.3704         0.0000         0.0000     10794.1955        -126492.2628       298.4963   -137286.4583   -126572.4004       296.6258           -115.0980      -122.7694    185095.2104       -41.6466       -40.7144

WRITING EXTENDED SYSTEM TO RESTART FILE AT STEP 2350000
WRITING COORDINATES TO DCD FILE ../output/02_eq_4_CLKWWW.0.dcd AT STEP 2350000
WRITING COORDINATES TO RESTART FILE AT STEP 2350000
FINISHED WRITING RESTART COORDINATES
WRITING VELOCITIES TO RESTART FILE AT STEP 2350000
FINISHED WRITING RESTART VELOCITIES
PRESSURE: 2360000 1912.24 69.3532 -42.9947 69.3538 -1946.33 -165.431 -42.9951 -165.43 -380.349
GPRESSURE: 2360000 1915.13 71.0537 -23.8289 8.67716 -1926.12 -174.808 7.83032 -252.435 -418.521
PRESSAVG: 2360000 1888.41 -17.3876 -55.3358 -17.3876 -1880.19 -102.399 -55.3358 -102.399 -144.375
GPRESSAVG: 2360000 1886.31 -53.3239 -60.9675 10.2044 -1879.55 -106.555 -35.3094 -82.6943 -141.979
TIMING: 2360000  CPU: 2130.75, 0.000907187/step  Wall: 2131.16, 0.000907129/step, 380.982 ns/days, 0.665228 hours remaining, 0.000000 MB of memory in use.
PERFORMANCE: 2360000  averaging 382.714 ns/day, 0.000903024 sec/step with standard deviation 2.92903e-06
ENERGY: 2360000        34.0000        72.8915        56.4209         1.6112         -52108.6326    -85368.8899         0.0000         0.0000     10840.6926        -126471.9063       299.7821   -137312.5989   -126567.8515       296.9117           -138.1474      -143.1720    184615.2980       -45.3861       -45.0712

WRITING EXTENDED SYSTEM TO RESTART FILE AT STEP 2360000
WRITING COORDINATES TO DCD FILE ../output/02_eq_4_CLKWWW.0.dcd AT STEP 2360000
WRITING COORDINATES TO RESTART FILE AT STEP 2360000
FINISHED WRITING RESTART COORDINATES
WRITING VELOCITIES TO RESTART FILE AT STEP 2360000
FINISHED WRITING RESTART VELOCITIES
PRESSURE: 2370000 787.612 -23.544 88.4206 -23.5465 -2085.57 -113.556 88.4202 -113.556 -437.39
GPRESSURE: 2370000 789.704 15.064 21.9065 -43.2851 -2070.2 -189.069 164.069 -35.8321 -455.38
PRESSAVG: 2370000 1837.08 -26.2663 -50.6027 -26.2663 -1878.95 -114.598 -50.6027 -114.598 -154.88
GPRESSAVG: 2370000 1836.43 -59.469 -56.3261 -3.00877 -1878.82 -119.691 -31.7831 -92.415 -152.853
TIMING: 2370000  CPU: 2139.82, 0.000907308/step  Wall: 2140.23, 0.000907576/step, 380.795 ns/days, 0.663034 hours remaining, 0.000000 MB of memory in use.
PERFORMANCE: 2370000  averaging 382.706 ns/day, 0.000903044 sec/step with standard deviation 2.93773e-06
ENERGY: 2370000        32.4681        79.0466        61.3478         2.1611         -52232.1953    -85332.7953         0.0000         0.0000     10856.4435        -126533.5235       300.2177   -137389.9670   -126560.4949       297.0345           -578.4498      -578.6250    185746.4781       -65.5841       -65.0820

WRITING EXTENDED SYSTEM TO RESTART FILE AT STEP 2370000
WRITING COORDINATES TO DCD FILE ../output/02_eq_4_CLKWWW.0.dcd AT STEP 2370000
WRITING COORDINATES TO RESTART FILE AT STEP 2370000
FINISHED WRITING RESTART COORDINATES
WRITING VELOCITIES TO RESTART FILE AT STEP 2370000
FINISHED WRITING RESTART VELOCITIES
PRESSURE: 2380000 1836.46 133.037 167.933 133.037 -1803.34 -169.142 167.934 -169.142 82.9423
GPRESSURE: 2380000 1816.79 65.6079 246.879 118.127 -1737.48 -171.68 85.5123 -125.886 34.3693
PRESSAVG: 2380000 1857.54 -16.6259 -34.5614 -16.6259 -1865.2 -130.047 -34.5614 -130.047 -132.519
GPRESSAVG: 2380000 1852.38 -51.5441 -35.7488 8.97813 -1858.24 -136.172 -20.5646 -107.821 -132.371
TIMING: 2380000  CPU: 2148.89, 0.000907433/step  Wall: 2149.31, 0.000907608/step, 380.781 ns/days, 0.660537 hours remaining, 0.000000 MB of memory in use.
PERFORMANCE: 2380000  averaging 382.698 ns/day, 0.000903063 sec/step with standard deviation 2.94642e-06
ENERGY: 2380000        33.9512        58.0504        56.9778         1.3103         -52137.3617    -85236.1492         0.0000         0.0000     10727.2593        -126495.9618       296.6453   -137223.2211   -126546.8722       297.1168             38.6855        37.8955    184501.0944       -46.7266       -46.0755

WRITING EXTENDED SYSTEM TO RESTART FILE AT STEP 2380000
WRITING COORDINATES TO DCD FILE ../output/02_eq_4_CLKWWW.0.dcd AT STEP 2380000
WRITING COORDINATES TO RESTART FILE AT STEP 2380000
FINISHED WRITING RESTART COORDINATES
WRITING VELOCITIES TO RESTART FILE AT STEP 2380000
FINISHED WRITING RESTART VELOCITIES
PRESSURE: 2390000 1633.82 102.25 62.5921 102.25 -2407.87 48.3051 62.5915 48.3052 -370.042
GPRESSURE: 2390000 1633.19 117.496 62.3409 -15.7538 -2345.77 65.0874 105.91 -40.5877 -417.486
PRESSAVG: 2390000 1860.77 -0.103309 -16.3255 -0.103309 -1870.88 -113.408 -16.3255 -113.408 -148.069
GPRESSAVG: 2390000 1855.92 -37.4268 -18.1601 22.7708 -1858.47 -117.907 -1.72217 -96.6089 -152.818
TIMING: 2390000  CPU: 2157.97, 0.000907633/step  Wall: 2158.39, 0.0009078/step, 380.7 ns/days, 0.658155 hours remaining, 0.000000 MB of memory in use.
PERFORMANCE: 2390000  averaging 382.689 ns/day, 0.000903083 sec/step with standard deviation 2.95615e-06
ENERGY: 2390000        31.6790        68.7391        51.9280         3.9642         -52164.5331    -85302.5324         0.0000         0.0000     10741.0169        -126569.7382       297.0257   -137310.7551   -126560.4634       297.0471           -381.3627      -376.6878    184704.1554       -52.7245       -51.7880

WRITING EXTENDED SYSTEM TO RESTART FILE AT STEP 2390000
WRITING COORDINATES TO DCD FILE ../output/02_eq_4_CLKWWW.0.dcd AT STEP 2390000
WRITING COORDINATES TO RESTART FILE AT STEP 2390000
FINISHED WRITING RESTART COORDINATES
WRITING VELOCITIES TO RESTART FILE AT STEP 2390000
FINISHED WRITING RESTART VELOCITIES
PRESSURE: 2400000 1711.4 38.1924 -121.348 38.1917 -2097.38 46.2957 -121.349 46.2979 477.572
GPRESSURE: 2400000 1685.62 167.78 -117.07 45.6217 -2063.29 67.4294 -86.5466 43.2349 479.781
PRESSAVG: 2400000 1857.79 -1.95299 -24.447 -1.95299 -1870.08 -107.955 -24.447 -107.955 -94.303
GPRESSAVG: 2400000 1853.28 -31.6899 -22.7632 24.7607 -1858.63 -115.693 -6.74658 -91.8087 -98.3172
TIMING: 2400000  CPU: 2167.05, 0.000907739/step  Wall: 2167.47, 0.000907836/step, 380.686 ns/days, 0.655659 hours remaining, 0.000000 MB of memory in use.
PERFORMANCE: 2400000  averaging 382.681 ns/day, 0.000903102 sec/step with standard deviation 2.96587e-06
ETITLE:      TS           BOND          ANGLE          DIHED          IMPRP               ELECT            VDW       BOUNDARY           MISC        KINETIC               TOTAL           TEMP      POTENTIAL       TOTALAVG        TEMPAVG            PRESSURE      GPRESSURE         VOLUME       PRESSAVG      GPRESSAVG

ENERGY: 2400000        37.3293        61.1350        56.9688         1.6149         -52410.8136    -85272.1525         0.0000         0.0000     10836.6370        -126689.2813       299.6699   -137525.9182   -126560.6214       297.3238             30.5306        34.0364    184885.0562       -35.5290       -34.5566

WRITING EXTENDED SYSTEM TO RESTART FILE AT STEP 2400000
WRITING COORDINATES TO DCD FILE ../output/02_eq_4_CLKWWW.0.dcd AT STEP 2400000
WRITING COORDINATES TO RESTART FILE AT STEP 2400000
FINISHED WRITING RESTART COORDINATES
WRITING VELOCITIES TO RESTART FILE AT STEP 2400000
FINISHED WRITING RESTART VELOCITIES
PRESSURE: 2410000 1685.11 -243.674 -172.998 -243.676 -2263.84 205.79 -172.999 205.79 146.779
GPRESSURE: 2410000 1662.58 -93.7502 -273.201 -223.486 -2213.32 209.35 -204.026 158.488 111.398
PRESSAVG: 2410000 1833.72 2.73172 -25.3362 2.73172 -1895.12 -94.7932 -25.3362 -94.7932 -95.3243
GPRESSAVG: 2410000 1828.9 -18.8557 -25.9759 30.1019 -1882.3 -95.5108 -6.34048 -80.43 -100.789
TIMING: 2410000  CPU: 2176.11, 0.000906415/step  Wall: 2176.53, 0.000906652/step, 381.183 ns/days, 0.652286 hours remaining, 0.000000 MB of memory in use.
PERFORMANCE: 2410000  averaging 382.675 ns/day, 0.000903117 sec/step with standard deviation 2.96851e-06
ENERGY: 2410000        28.6339        66.8056        59.1548         2.7167         -52177.7927    -85280.9881         0.0000         0.0000     10748.6412        -126552.8286       297.2366   -137301.4698   -126565.4147       297.2920           -143.9833      -146.4485    185300.4005       -52.2425       -51.3944

WRITING EXTENDED SYSTEM TO RESTART FILE AT STEP 2410000
WRITING COORDINATES TO DCD FILE ../output/02_eq_4_CLKWWW.0.dcd AT STEP 2410000
WRITING COORDINATES TO RESTART FILE AT STEP 2410000
FINISHED WRITING RESTART COORDINATES
WRITING VELOCITIES TO RESTART FILE AT STEP 2410000
FINISHED WRITING RESTART VELOCITIES
PRESSURE: 2420000 1316.25 265.474 118.697 265.472 -1841.83 -115.618 118.696 -115.616 -104.445
GPRESSURE: 2420000 1350.79 296.321 100.248 207.849 -1894.3 -41.5586 10.2537 -199.414 -105.543
PRESSAVG: 2420000 1806.5 15.9082 -3.31866 15.9082 -1885.4 -104.262 -3.31866 -104.262 -77.1926
GPRESSAVG: 2420000 1801.52 -1.0488 -3.15255 34.8303 -1873.12 -101.888 8.98837 -97.4733 -82.9182
TIMING: 2420000  CPU: 2185.18, 0.000907062/step  Wall: 2185.6, 0.000907038/step, 381.02 ns/days, 0.650044 hours remaining, 0.000000 MB of memory in use.
PERFORMANCE: 2420000  averaging 382.668 ns/day, 0.000903133 sec/step with standard deviation 2.97304e-06
ENERGY: 2420000        38.1249        72.8319        52.5460         2.4011         -52159.3387    -85363.6965         0.0000         0.0000     10678.5224        -126678.6088       295.2975   -137357.1312   -126574.8762       297.2434           -210.0100      -216.3495    184212.4923       -52.0328       -51.5079

WRITING EXTENDED SYSTEM TO RESTART FILE AT STEP 2420000
WRITING COORDINATES TO DCD FILE ../output/02_eq_4_CLKWWW.0.dcd AT STEP 2420000
WRITING COORDINATES TO RESTART FILE AT STEP 2420000
FINISHED WRITING RESTART COORDINATES
WRITING VELOCITIES TO RESTART FILE AT STEP 2420000
FINISHED WRITING RESTART VELOCITIES
PRESSURE: 2430000 1878.5 -148.397 -129.84 -148.395 -2073.56 -47.6842 -129.841 -47.6804 -948.959
GPRESSURE: 2430000 1879.23 -145.606 -166.566 -73.9378 -2046.18 -170.03 -83.9518 33.509 -970.855
PRESSAVG: 2430000 1823.68 -2.94664 -7.77949 -2.94664 -1873.23 -103.142 -7.77949 -103.142 -109.48
GPRESSAVG: 2430000 1819.71 -19.425 -6.18869 19.6764 -1860.37 -102.978 5.87086 -96.5427 -116.939
TIMING: 2430000  CPU: 2194.26, 0.000907404/step  Wall: 2194.68, 0.000907626/step, 380.774 ns/days, 0.647944 hours remaining, 0.000000 MB of memory in use.
PERFORMANCE: 2430000  averaging 382.66 ns/day, 0.000903152 sec/step with standard deviation 2.98086e-06
ENERGY: 2430000        31.6423        67.2738        55.3100         1.3913         -52277.2743    -85327.2778         0.0000         0.0000     10784.3810        -126664.5537       298.2249   -137448.9348   -126587.8429       297.3185           -381.3377      -379.2677    184168.8184       -53.0101       -52.5319

WRITING EXTENDED SYSTEM TO RESTART FILE AT STEP 2430000
WRITING COORDINATES TO DCD FILE ../output/02_eq_4_CLKWWW.0.dcd AT STEP 2430000
WRITING COORDINATES TO RESTART FILE AT STEP 2430000
FINISHED WRITING RESTART COORDINATES
WRITING VELOCITIES TO RESTART FILE AT STEP 2430000
FINISHED WRITING RESTART VELOCITIES
PRESSURE: 2440000 1763.46 -39.2235 -11.8748 -39.2231 -2297 -91.6903 -11.8735 -91.6914 -738.935
GPRESSURE: 2440000 1826.25 -137.356 102.796 31.2925 -2293.98 3.97379 -8.29322 -112.389 -790.692
PRESSAVG: 2440000 1800.25 -13.702 -22.3122 -13.702 -1947.59 -99.5352 -22.3122 -99.5352 -156.787
GPRESSAVG: 2440000 1800.26 -33.764 -20.6754 10.5765 -1931.87 -101.12 -7.57347 -91.1611 -170.17
TIMING: 2440000  CPU: 2203.35, 0.000909224/step  Wall: 2203.77, 0.000909406/step, 380.028 ns/days, 0.646689 hours remaining, 0.000000 MB of memory in use.
PERFORMANCE: 2440000  averaging 382.649 ns/day, 0.000903177 sec/step with standard deviation 3.00154e-06
ENERGY: 2440000        30.7632        70.6989        50.3154         1.0557         -52036.5949    -85424.8127         0.0000         0.0000     10875.9455        -126432.6289       300.7570   -137308.5744   -126581.6708       297.4980           -424.1584      -419.4723    185106.9931      -101.3750      -100.5924

WRITING EXTENDED SYSTEM TO RESTART FILE AT STEP 2440000
WRITING COORDINATES TO DCD FILE ../output/02_eq_4_CLKWWW.0.dcd AT STEP 2440000
WRITING COORDINATES TO RESTART FILE AT STEP 2440000
FINISHED WRITING RESTART COORDINATES
WRITING VELOCITIES TO RESTART FILE AT STEP 2440000
FINISHED WRITING RESTART VELOCITIES
PRESSURE: 2450000 2109.12 35.9874 221.45 35.9873 -2241.33 177.62 221.449 177.621 -570.42
GPRESSURE: 2450000 2095.72 210.896 197.252 -60.4746 -2258.15 134.919 170.758 139.889 -546.275
PRESSAVG: 2450000 1788.44 7.68234 -6.09937 7.68234 -2001.17 -82.4113 -6.09937 -82.4113 -180.619
GPRESSAVG: 2450000 1786.47 3.68367 -11.4402 23.0946 -1985.88 -81.7551 10.2791 -86.5408 -192.664
TIMING: 2450000  CPU: 2212.43, 0.000908117/step  Wall: 2212.86, 0.000908257/step, 380.509 ns/days, 0.643349 hours remaining, 0.000000 MB of memory in use.
PERFORMANCE: 2450000  averaging 382.64 ns/day, 0.000903198 sec/step with standard deviation 3.01292e-06
ENERGY: 2450000        27.2954        61.0227        54.5460         2.2149         -52275.1587    -85354.4646         0.0000         0.0000     10747.9385        -126736.6058       297.2171   -137484.5443   -126578.1307       297.6294           -234.2099      -236.2348    184257.4902      -131.1180      -130.6924

WRITING EXTENDED SYSTEM TO RESTART FILE AT STEP 2450000
WRITING COORDINATES TO DCD FILE ../output/02_eq_4_CLKWWW.0.dcd AT STEP 2450000
WRITING COORDINATES TO RESTART FILE AT STEP 2450000
FINISHED WRITING RESTART COORDINATES
WRITING VELOCITIES TO RESTART FILE AT STEP 2450000
FINISHED WRITING RESTART VELOCITIES
PRESSURE: 2460000 1999.85 141.69 -303.026 141.688 -1895.29 -258.714 -303.023 -258.714 284.929
GPRESSURE: 2460000 1992.94 212.225 -398.594 46.1684 -1834.37 -196.927 -411.342 -237.983 239.869
PRESSAVG: 2460000 1813.13 12.0242 -39.578 12.0242 -1995.58 -76.1352 -39.578 -76.1352 -162.429
GPRESSAVG: 2460000 1812.84 14.3869 -52.8027 20.0504 -1980.59 -68.5777 -26.8818 -79.3182 -175.969
TIMING: 2460000  CPU: 2221.51, 0.000908148/step  Wall: 2221.94, 0.000908308/step, 380.488 ns/days, 0.640862 hours remaining, 0.000000 MB of memory in use.
PERFORMANCE: 2460000  averaging 382.631 ns/day, 0.000903219 sec/step with standard deviation 3.02436e-06
ENERGY: 2460000        31.5420        71.2168        58.5687         4.2836         -52141.5661    -85185.1100         0.0000         0.0000     10852.1691        -126308.8959       300.0995   -137161.0650   -126573.2343       297.7283            129.8294       132.8132    185027.8750      -114.9580      -114.5730

WRITING EXTENDED SYSTEM TO RESTART FILE AT STEP 2460000
WRITING COORDINATES TO DCD FILE ../output/02_eq_4_CLKWWW.0.dcd AT STEP 2460000
WRITING COORDINATES TO RESTART FILE AT STEP 2460000
FINISHED WRITING RESTART COORDINATES
WRITING VELOCITIES TO RESTART FILE AT STEP 2460000
FINISHED WRITING RESTART VELOCITIES
PRESSURE: 2470000 1477.98 -122.445 96.3431 -122.448 -2503.15 -266.593 96.3426 -266.592 -534.252
GPRESSURE: 2470000 1435.23 2.06371 161.345 -87.5621 -2491.62 -308.321 63.1501 -129.94 -500.962
PRESSAVG: 2470000 1755.16 -2.37552 -36.5561 -2.37552 -2030.64 -85.9686 -36.5561 -85.9686 -199.927
GPRESSAVG: 2470000 1754.59 8.03096 -45.1262 6.25435 -2015.13 -81.4369 -26.502 -81.0397 -213.604
TIMING: 2470000  CPU: 2230.58, 0.000906516/step  Wall: 2231.01, 0.000906725/step, 381.152 ns/days, 0.637226 hours remaining, 0.000000 MB of memory in use.
PERFORMANCE: 2470000  averaging 382.625 ns/day, 0.000903233 sec/step with standard deviation 3.02644e-06
ENERGY: 2470000        30.2486        76.9387        58.7832         3.8972         -51698.6812    -85555.5646         0.0000         0.0000     10688.8177        -126395.5604       295.5822   -137084.3781   -126567.0603       297.5700           -519.8077      -519.1165    184928.6756      -158.4704      -158.0460

WRITING EXTENDED SYSTEM TO RESTART FILE AT STEP 2470000
WRITING COORDINATES TO DCD FILE ../output/02_eq_4_CLKWWW.0.dcd AT STEP 2470000
WRITING COORDINATES TO RESTART FILE AT STEP 2470000
FINISHED WRITING RESTART COORDINATES
WRITING VELOCITIES TO RESTART FILE AT STEP 2470000
FINISHED WRITING RESTART VELOCITIES
PRESSURE: 2480000 2006.12 84.9176 -403.063 84.9165 -2756.04 384.027 -403.062 384.029 -610.409
GPRESSURE: 2480000 1971.61 62.9015 -420.277 112.985 -2697.95 249.034 -383.012 431.858 -627.67
PRESSAVG: 2480000 1756.83 3.41345 -43.6321 3.41345 -2060.71 -61.257 -43.6321 -61.257 -251.589
GPRESSAVG: 2480000 1754.39 18.9487 -48.5807 4.83119 -2043.04 -68.3938 -33.1245 -48.4718 -265.586
TIMING: 2480000  CPU: 2239.62, 0.00090411/step  Wall: 2240.05, 0.00090432/step, 382.166 ns/days, 0.633024 hours remaining, 0.000000 MB of memory in use.
PERFORMANCE: 2480000  averaging 382.624 ns/day, 0.000903238 sec/step with standard deviation 3.02109e-06
ENERGY: 2480000        38.7961        69.1405        55.1977         2.0197         -52105.6216    -85331.7835         0.0000         0.0000     10748.9535        -126523.2975       297.2452   -137272.2510   -126569.2145       297.6270           -453.4455      -451.3366    184782.1274      -185.1577      -184.7435

WRITING EXTENDED SYSTEM TO RESTART FILE AT STEP 2480000
WRITING COORDINATES TO DCD FILE ../output/02_eq_4_CLKWWW.0.dcd AT STEP 2480000
WRITING COORDINATES TO RESTART FILE AT STEP 2480000
FINISHED WRITING RESTART COORDINATES
WRITING VELOCITIES TO RESTART FILE AT STEP 2480000
FINISHED WRITING RESTART VELOCITIES
PRESSURE: 2490000 2078.02 -137.459 -164.367 -137.461 -1510.19 -152.638 -164.365 -152.637 299.658
GPRESSURE: 2490000 2084.31 -74.9679 -172.509 -149.477 -1444.92 -212.002 -150.085 -192.997 232.277
PRESSAVG: 2490000 1747.49 8.11124 -44.0789 8.11124 -2060.47 -58.0786 -44.0789 -58.0786 -248.321
GPRESSAVG: 2490000 1745.85 28.7116 -51.7851 6.43303 -2038.3 -65.1148 -36.1157 -53.1417 -267.397
TIMING: 2490000  CPU: 2248.72, 0.000909747/step  Wall: 2249.15, 0.000909917/step, 379.815 ns/days, 0.634414 hours remaining, 0.000000 MB of memory in use.
PERFORMANCE: 2490000  averaging 382.612 ns/day, 0.000903264 sec/step with standard deviation 3.04456e-06
ENERGY: 2490000        37.1283        87.6174        57.2913         1.5804         -52138.3067    -85364.0806         0.0000         0.0000     10696.7191        -126622.0510       295.8007   -137318.7700   -126577.2391       297.4881            289.1638       290.5582    184056.6517      -187.0996      -186.6154

WRITING EXTENDED SYSTEM TO RESTART FILE AT STEP 2490000
WRITING COORDINATES TO DCD FILE ../output/02_eq_4_CLKWWW.0.dcd AT STEP 2490000
WRITING COORDINATES TO RESTART FILE AT STEP 2490000
FINISHED WRITING RESTART COORDINATES
WRITING VELOCITIES TO RESTART FILE AT STEP 2490000
FINISHED WRITING RESTART VELOCITIES
PRESSURE: 2500000 1875.17 201.831 140.634 201.832 -2115.55 -126.541 140.634 -126.539 -526.126
GPRESSURE: 2500000 1840.29 219.785 199.75 326.201 -2033.65 -109.886 28.9763 -164.455 -583.142
PRESSAVG: 2500000 1760.33 20.5468 -40.3624 20.5468 -2064.16 -47.1585 -40.3624 -47.1585 -268.252
GPRESSAVG: 2500000 1760.72 52.3411 -42.7517 16.0667 -2038.33 -54.413 -39.0465 -45.6285 -294.033
TIMING: 2500000  CPU: 2257.79, 0.000907856/step  Wall: 2258.23, 0.000907935/step, 380.644 ns/days, 0.63051 hours remaining, 0.000000 MB of memory in use.
PERFORMANCE: 2500000  averaging 382.604 ns/day, 0.000903283 sec/step with standard deviation 3.05277e-06
ETITLE:      TS           BOND          ANGLE          DIHED          IMPRP               ELECT            VDW       BOUNDARY           MISC        KINETIC               TOTAL           TEMP      POTENTIAL       TOTALAVG        TEMPAVG            PRESSURE      GPRESSURE         VOLUME       PRESSAVG      GPRESSAVG

ENERGY: 2500000        28.6003        64.8716        57.8837         3.9864         -51939.6778    -85463.1579         0.0000         0.0000     10884.7669        -126362.7267       301.0009   -137247.4936   -126554.9130       297.6880           -255.5042      -258.8353    185594.8340      -190.6932      -190.5469

WRITING EXTENDED SYSTEM TO RESTART FILE AT STEP 2500000
WRITING COORDINATES TO DCD FILE ../output/02_eq_4_CLKWWW.0.dcd AT STEP 2500000
WRITING COORDINATES TO RESTART FILE AT STEP 2500000
FINISHED WRITING RESTART COORDINATES
WRITING VELOCITIES TO RESTART FILE AT STEP 2500000
FINISHED WRITING RESTART VELOCITIES
PRESSURE: 2510000 1406.82 363.239 353.341 363.238 -2059.18 -21.1193 353.341 -21.1193 -82.4742
GPRESSURE: 2510000 1420.49 409.451 285.913 253.738 -2097.72 45.2473 315.174 -7.67187 -52.9632
PRESSAVG: 2510000 1745.64 29.5782 -25.2378 29.5782 -2068.65 -32.0602 -25.2378 -32.0602 -259.812
GPRESSAVG: 2510000 1745.56 64.5708 -32.5918 17.1045 -2043.47 -37.1523 -30.8351 -26.6376 -284.975
TIMING: 2510000  CPU: 2266.88, 0.000908674/step  Wall: 2267.32, 0.000908746/step, 380.304 ns/days, 0.628549 hours remaining, 0.000000 MB of memory in use.
PERFORMANCE: 2510000  averaging 382.595 ns/day, 0.000903305 sec/step with standard deviation 3.0661e-06
ENERGY: 2510000        29.1433        65.6071        54.9012         2.1044         -52321.3286    -85278.2826         0.0000         0.0000     10718.2488        -126729.6064       296.3961   -137447.8552   -126556.7699       297.7780           -244.9446      -243.3983    184590.2699      -194.2744      -194.2953

WRITING EXTENDED SYSTEM TO RESTART FILE AT STEP 2510000
WRITING COORDINATES TO DCD FILE ../output/02_eq_4_CLKWWW.0.dcd AT STEP 2510000
WRITING COORDINATES TO RESTART FILE AT STEP 2510000
FINISHED WRITING RESTART COORDINATES
WRITING VELOCITIES TO RESTART FILE AT STEP 2510000
FINISHED WRITING RESTART VELOCITIES
PRESSURE: 2520000 1729.77 71.7803 -157.112 71.7832 -2374.07 -47.6971 -157.11 -47.6997 455.393
GPRESSURE: 2520000 1748.91 87.9513 -167.998 157.064 -2377.81 -30.0843 -98.0041 46.3958 423.809
PRESSAVG: 2520000 1745.79 26.3547 -38.4534 26.3547 -2075.31 -35.9787 -38.4534 -35.9787 -228.164
GPRESSAVG: 2520000 1746.29 56.3211 -42.5684 22.3945 -2054.28 -43.2833 -43.9718 -18.117 -250.802
TIMING: 2520000  CPU: 2275.96, 0.000908104/step  Wall: 2276.4, 0.000908283/step, 380.498 ns/days, 0.625706 hours remaining, 0.000000 MB of memory in use.
PERFORMANCE: 2520000  averaging 382.587 ns/day, 0.000903325 sec/step with standard deviation 3.07602e-06
ENERGY: 2520000        37.4380        68.7668        53.1660         2.8749         -52139.1322    -85336.6971         0.0000         0.0000     10698.9230        -126614.6606       295.8617   -137313.5836   -126550.1624       297.7762            -62.9679       -68.3651    184067.0490      -185.8944      -186.2637

WRITING EXTENDED SYSTEM TO RESTART FILE AT STEP 2520000
WRITING COORDINATES TO DCD FILE ../output/02_eq_4_CLKWWW.0.dcd AT STEP 2520000
WRITING COORDINATES TO RESTART FILE AT STEP 2520000
FINISHED WRITING RESTART COORDINATES
WRITING VELOCITIES TO RESTART FILE AT STEP 2520000
FINISHED WRITING RESTART VELOCITIES
PRESSURE: 2530000 1202.78 49.8973 -98.1078 49.8963 -2288.49 -260.547 -98.108 -260.547 159.706
GPRESSURE: 2530000 1158.73 18.4567 -86.9148 154.787 -2283.84 -224.673 -77.6422 -307.902 189.92
PRESSAVG: 2530000 1716.82 38.458 -38.0267 38.458 -2086.76 -51.0956 -38.0267 -51.0956 -235.849
GPRESSAVG: 2530000 1715.01 69.3609 -40.8834 39.419 -2068.12 -57.9138 -45.6934 -39.9029 -254.252
TIMING: 2530000  CPU: 2285.05, 0.000908511/step  Wall: 2285.49, 0.000908667/step, 380.337 ns/days, 0.623447 hours remaining, 0.000000 MB of memory in use.
PERFORMANCE: 2530000  averaging 382.578 ns/day, 0.000903346 sec/step with standard deviation 3.08823e-06
ENERGY: 2530000        25.7798        77.1350        50.3936         2.9045         -52449.6397    -85130.0065         0.0000         0.0000     10677.0994        -126746.3338       295.2582   -137423.4332   -126559.0368       297.7268           -308.6679      -311.7291    184130.0236      -201.9304      -202.4526

WRITING EXTENDED SYSTEM TO RESTART FILE AT STEP 2530000
WRITING COORDINATES TO DCD FILE ../output/02_eq_4_CLKWWW.0.dcd AT STEP 2530000
WRITING COORDINATES TO RESTART FILE AT STEP 2530000
FINISHED WRITING RESTART COORDINATES
WRITING VELOCITIES TO RESTART FILE AT STEP 2530000
FINISHED WRITING RESTART VELOCITIES
PRESSURE: 2540000 1833.28 -308.346 -121.785 -308.348 -1901.91 -62.6747 -121.783 -62.6745 -89.0665
GPRESSURE: 2540000 1829.41 -368.865 -108.176 -235.247 -1899.84 -77.3209 -190.608 -65.2798 -107.444
PRESSAVG: 2540000 1721.47 25.6914 -30.1032 25.6914 -2103.27 -45.9527 -30.1032 -45.9527 -220.665
GPRESSAVG: 2540000 1717.8 56.401 -33.5259 27.9929 -2079.88 -50.7532 -42.8215 -44.9588 -243.294
TIMING: 2540000  CPU: 2294.13, 0.000908252/step  Wall: 2294.57, 0.000908466/step, 380.422 ns/days, 0.620785 hours remaining, 0.000000 MB of memory in use.
PERFORMANCE: 2540000  averaging 382.569 ns/day, 0.000903366 sec/step with standard deviation 3.09882e-06
ENERGY: 2540000        30.6342        73.2298        55.2763         1.2839         -52181.7159    -85335.1058         0.0000         0.0000     10601.6739        -126754.7236       293.1724   -137356.3974   -126568.7878       297.5493            -52.5657       -59.2928    184613.1553      -200.8226      -201.7899

WRITING EXTENDED SYSTEM TO RESTART FILE AT STEP 2540000
WRITING COORDINATES TO DCD FILE ../output/02_eq_4_CLKWWW.0.dcd AT STEP 2540000
WRITING COORDINATES TO RESTART FILE AT STEP 2540000
FINISHED WRITING RESTART COORDINATES
WRITING VELOCITIES TO RESTART FILE AT STEP 2540000
FINISHED WRITING RESTART VELOCITIES
PRESSURE: 2550000 1349.69 119.263 -126.244 119.261 -2346.01 -212.437 -126.243 -212.437 -383.504
GPRESSURE: 2550000 1320.67 253.564 -103.812 65.1832 -2322.32 -263.302 -124.137 -211.722 -364.091
PRESSAVG: 2550000 1679.67 32.6905 -30.1671 32.6905 -2140.4 -62.5016 -30.1671 -62.5016 -193.47
GPRESSAVG: 2550000 1672.88 69.5036 -33.0258 31.9235 -2116.64 -69.7311 -43.3007 -61.556 -211.48
TIMING: 2550000  CPU: 2303.19, 0.000906242/step  Wall: 2303.63, 0.000906373/step, 381.3 ns/days, 0.616837 hours remaining, 0.000000 MB of memory in use.
PERFORMANCE: 2550000  averaging 382.564 ns/day, 0.000903378 sec/step with standard deviation 3.09844e-06
ENERGY: 2550000        40.9719        82.8546        51.5236         1.1885         -52170.7431    -85399.4602         0.0000         0.0000     10768.1287        -126625.5361       297.7755   -137393.6647   -126575.4514       297.5133           -459.9410      -455.2470    184688.3159      -218.0647      -218.4138

WRITING EXTENDED SYSTEM TO RESTART FILE AT STEP 2550000
WRITING COORDINATES TO DCD FILE ../output/02_eq_4_CLKWWW.0.dcd AT STEP 2550000
WRITING COORDINATES TO RESTART FILE AT STEP 2550000
FINISHED WRITING RESTART COORDINATES
WRITING VELOCITIES TO RESTART FILE AT STEP 2550000
FINISHED WRITING RESTART VELOCITIES
PRESSURE: 2560000 2231.52 297.72 9.65278 297.72 -1604.37 -133.923 9.65134 -133.924 897.504
GPRESSURE: 2560000 2231.07 253.812 -109.82 290.736 -1625.9 -189.954 -3.43699 -52.1804 915.68
PRESSAVG: 2560000 1695.64 44.1088 -27.5348 44.1088 -2123.3 -60.9263 -27.5348 -60.9263 -129.577
GPRESSAVG: 2560000 1688.68 78.6415 -37.3253 46.0265 -2101.63 -70.4884 -43.864 -51.5433 -144.77
TIMING: 2560000  CPU: 2312.25, 0.000905908/step  Wall: 2312.7, 0.000906106/step, 381.412 ns/days, 0.614138 hours remaining, 0.000000 MB of memory in use.
PERFORMANCE: 2560000  averaging 382.56 ns/day, 0.000903388 sec/step with standard deviation 3.09706e-06
ENERGY: 2560000        26.5999        72.7061        56.2129         2.9765         -52430.1345    -85134.7895         0.0000         0.0000     10823.4270        -126583.0015       299.3046   -137406.4285   -126581.0062       297.4894            508.2183       506.9498    184159.7504      -185.7464      -185.9077

WRITING EXTENDED SYSTEM TO RESTART FILE AT STEP 2560000
WRITING COORDINATES TO DCD FILE ../output/02_eq_4_CLKWWW.0.dcd AT STEP 2560000
WRITING COORDINATES TO RESTART FILE AT STEP 2560000
FINISHED WRITING RESTART COORDINATES
WRITING VELOCITIES TO RESTART FILE AT STEP 2560000
FINISHED WRITING RESTART VELOCITIES
PRESSURE: 2570000 2471.33 23.3641 38.1562 23.3657 -1263.95 266.707 38.1572 266.71 601.878
GPRESSURE: 2570000 2461.07 209.175 -6.38873 -87.5734 -1233.73 256.662 9.95489 240.692 578.783
PRESSAVG: 2570000 1779.82 46.4544 -30.0479 46.4544 -2082.22 -41.913 -30.0479 -41.913 -77.6135
GPRESSAVG: 2570000 1772.25 88.3471 -38.7401 43.8121 -2059.81 -48.2018 -51.5697 -37.7171 -93.0618
TIMING: 2570000  CPU: 2321.32, 0.00090664/step  Wall: 2321.76, 0.00090685/step, 381.099 ns/days, 0.612124 hours remaining, 0.000000 MB of memory in use.
PERFORMANCE: 2570000  averaging 382.554 ns/day, 0.000903402 sec/step with standard deviation 3.09854e-06
ENERGY: 2570000        28.9039        72.0273        54.4677         2.0013         -52258.4198    -85094.8140         0.0000         0.0000     10741.8071        -126454.0265       297.0476   -137195.8336   -126577.0313       297.3309            603.0865       602.0396    184517.7628      -126.6696      -126.8744

WRITING EXTENDED SYSTEM TO RESTART FILE AT STEP 2570000
WRITING COORDINATES TO DCD FILE ../output/02_eq_4_CLKWWW.0.dcd AT STEP 2570000
WRITING COORDINATES TO RESTART FILE AT STEP 2570000
FINISHED WRITING RESTART COORDINATES
WRITING VELOCITIES TO RESTART FILE AT STEP 2570000
FINISHED WRITING RESTART VELOCITIES
PRESSURE: 2580000 1703.98 432.998 128.876 432.997 -2105.97 -120.894 128.874 -120.894 330.315
GPRESSURE: 2580000 1713.92 398.932 126.546 382.43 -2128.52 -83.7804 207.797 -128.978 342.677
PRESSAVG: 2580000 1773.2 61.4524 -32.001 61.4524 -2097.35 -39.5006 -32.001 -39.5006 -65.2449
GPRESSAVG: 2580000 1767.1 105.013 -44.7567 57.0272 -2079.36 -43.8068 -45.4555 -37.8716 -77.6464
TIMING: 2580000  CPU: 2330.35, 0.000903412/step  Wall: 2330.8, 0.00090353/step, 382.5 ns/days, 0.607373 hours remaining, 0.000000 MB of memory in use.
PERFORMANCE: 2580000  averaging 382.554 ns/day, 0.000903402 sec/step with standard deviation 3.09251e-06
ENERGY: 2580000        28.2777        68.1044        57.9259         3.4742         -52329.5898    -85265.9975         0.0000         0.0000     10768.2157        -126669.5893       297.7779   -137437.8050   -126585.7127       297.3876            -23.8892       -23.9741    184675.9934      -129.7983      -129.9679

WRITING EXTENDED SYSTEM TO RESTART FILE AT STEP 2580000
WRITING COORDINATES TO DCD FILE ../output/02_eq_4_CLKWWW.0.dcd AT STEP 2580000
WRITING COORDINATES TO RESTART FILE AT STEP 2580000
FINISHED WRITING RESTART COORDINATES
WRITING VELOCITIES TO RESTART FILE AT STEP 2580000
FINISHED WRITING RESTART VELOCITIES
PRESSURE: 2590000 1839.27 -167.454 -332.892 -167.452 -1809.72 -77.2175 -332.894 -77.2174 -558.341
GPRESSURE: 2590000 1928.9 -167.32 -389.474 -76.2629 -1840.1 -26.5715 -359.122 -31.9457 -623.486
PRESSAVG: 2590000 1783.47 47.9673 -51.7752 47.9673 -2067.44 -45.7768 -51.7752 -45.7768 -74.6599
GPRESSAVG: 2590000 1781.89 90.7725 -67.3475 54.0017 -2054.08 -48.3898 -68.7071 -37.4395 -87.9464
TIMING: 2590000  CPU: 2339.4, 0.000904844/step  Wall: 2339.85, 0.000905068/step, 381.85 ns/days, 0.605893 hours remaining, 0.000000 MB of memory in use.
PERFORMANCE: 2590000  averaging 382.551 ns/day, 0.000903409 sec/step with standard deviation 3.08825e-06
ENERGY: 2590000        26.5944        79.9719        59.0160         2.1162         -52288.2682    -85222.5670         0.0000         0.0000     10587.9484        -126755.1883       292.7929   -137343.1367   -126594.9852       297.1759           -176.2612      -178.2286    184414.9753      -119.5433      -120.0450

WRITING EXTENDED SYSTEM TO RESTART FILE AT STEP 2590000
WRITING COORDINATES TO DCD FILE ../output/02_eq_4_CLKWWW.0.dcd AT STEP 2590000
WRITING COORDINATES TO RESTART FILE AT STEP 2590000
FINISHED WRITING RESTART COORDINATES
WRITING VELOCITIES TO RESTART FILE AT STEP 2590000
FINISHED WRITING RESTART VELOCITIES
PRESSURE: 2600000 2786.03 90.8441 316.53 90.8438 -1648.82 138.815 316.531 138.816 -524.54
GPRESSURE: 2600000 2832.6 96.3089 214.176 142.564 -1652.44 52.2608 432.921 236.121 -574.032
PRESSAVG: 2600000 1837.2 50.5999 -29.8813 50.5999 -2045.01 -41.1508 -29.8813 -41.1508 -124.765
GPRESSAVG: 2600000 1839.24 87.1989 -50.7852 58.8489 -2033.53 -49.1482 -42.7338 -27.7952 -140.637
TIMING: 2600000  CPU: 2348.45, 0.000904948/step  Wall: 2348.9, 0.00090505/step, 381.857 ns/days, 0.603367 hours remaining, 0.000000 MB of memory in use.
PERFORMANCE: 2600000  averaging 382.548 ns/day, 0.000903415 sec/step with standard deviation 3.08396e-06
ETITLE:      TS           BOND          ANGLE          DIHED          IMPRP               ELECT            VDW       BOUNDARY           MISC        KINETIC               TOTAL           TEMP      POTENTIAL       TOTALAVG        TEMPAVG            PRESSURE      GPRESSURE         VOLUME       PRESSAVG      GPRESSAVG

ENERGY: 2600000        31.2927        63.2432        52.2536         2.9097         -52411.6763    -85160.2794         0.0000         0.0000     10572.0071        -126850.2494       292.3520   -137422.2566   -126603.0336       296.8100            204.2240       202.0414    185032.4175      -110.8586      -111.6447

WRITING EXTENDED SYSTEM TO RESTART FILE AT STEP 2600000
WRITING COORDINATES TO DCD FILE ../output/02_eq_4_CLKWWW.0.dcd AT STEP 2600000
WRITING COORDINATES TO RESTART FILE AT STEP 2600000
FINISHED WRITING RESTART COORDINATES
WRITING VELOCITIES TO RESTART FILE AT STEP 2600000
FINISHED WRITING RESTART VELOCITIES
PRESSURE: 2610000 2268.05 12.3647 219.535 12.366 -1703.75 435.725 219.536 435.726 -537.593
GPRESSURE: 2610000 2309.67 168.137 194.709 49.6196 -1707.78 444.611 258.427 379.089 -580.208
PRESSAVG: 2610000 1866.35 63.402 -10.2546 63.402 -2017.01 -29.654 -10.2546 -29.654 -158.984
GPRESSAVG: 2610000 1871.59 100.293 -27.3897 72.5041 -2008.26 -37.3852 -19.6111 -16.7652 -175.217
TIMING: 2610000  CPU: 2357.48, 0.000903264/step  Wall: 2357.93, 0.00090329/step, 382.601 ns/days, 0.599684 hours remaining, 0.000000 MB of memory in use.
PERFORMANCE: 2610000  averaging 382.549 ns/day, 0.000903415 sec/step with standard deviation 3.07804e-06
ENERGY: 2610000        36.1501        72.0642        59.0507         2.7505         -52022.9685    -85397.1292         0.0000         0.0000     10757.5561        -126492.5261       297.4831   -137250.0823   -126600.0185       296.8223              8.9039         7.2283    186004.4346      -103.2142      -103.9609

WRITING EXTENDED SYSTEM TO RESTART FILE AT STEP 2610000
WRITING COORDINATES TO DCD FILE ../output/02_eq_4_CLKWWW.0.dcd AT STEP 2610000
WRITING COORDINATES TO RESTART FILE AT STEP 2610000
FINISHED WRITING RESTART COORDINATES
WRITING VELOCITIES TO RESTART FILE AT STEP 2610000
FINISHED WRITING RESTART VELOCITIES
PRESSURE: 2620000 1748.9 -193.184 -246.663 -193.184 -2147.14 -60.7573 -246.666 -60.7592 -360.623
GPRESSURE: 2620000 1798.01 -204.794 -181.65 -216.508 -2234.06 -7.81689 -383.162 -69.7909 -321.844
PRESSAVG: 2620000 1887.98 40.4692 -28.5226 40.4692 -2032.27 -26.9112 -28.5226 -26.9112 -171.793
GPRESSAVG: 2620000 1893.95 75.2375 -41.4846 51.2863 -2025.24 -35.6981 -39.2819 -10.284 -186.032
TIMING: 2620000  CPU: 2366.54, 0.000905304/step  Wall: 2366.99, 0.000905553/step, 381.645 ns/days, 0.598671 hours remaining, 0.000000 MB of memory in use.
PERFORMANCE: 2620000  averaging 382.545 ns/day, 0.000903423 sec/step with standard deviation 3.07497e-06
ENERGY: 2620000        34.9854        80.5238        59.4025         2.7750         -52250.1602    -85353.5465         0.0000         0.0000     10728.4276        -126697.5924       296.6776   -137426.0200   -126600.9677       296.8913           -252.9546      -252.6327    184222.4753      -105.3615      -105.7750

WRITING EXTENDED SYSTEM TO RESTART FILE AT STEP 2620000
WRITING COORDINATES TO DCD FILE ../output/02_eq_4_CLKWWW.0.dcd AT STEP 2620000
WRITING COORDINATES TO RESTART FILE AT STEP 2620000
FINISHED WRITING RESTART COORDINATES
WRITING VELOCITIES TO RESTART FILE AT STEP 2620000
FINISHED WRITING RESTART VELOCITIES
PRESSURE: 2630000 1926.73 -70.2105 -128.836 -70.2098 -2357.44 -142.941 -128.838 -142.943 -450.87
GPRESSURE: 2630000 1866.07 -148.847 -136.821 -65.6223 -2372.34 -127.368 -209.479 -108.315 -382.38
PRESSAVG: 2630000 1890.39 44.3784 -28.4725 44.3784 -2046.47 -31.6743 -28.4725 -31.6743 -146.889
GPRESSAVG: 2630000 1893.29 75.0754 -39.9973 51.7021 -2041.55 -33.565 -45.5582 -17.3752 -156.609
TIMING: 2630000  CPU: 2375.6, 0.000906669/step  Wall: 2376.06, 0.000906643/step, 381.186 ns/days, 0.596874 hours remaining, 0.000000 MB of memory in use.
PERFORMANCE: 2630000  averaging 382.54 ns/day, 0.000903435 sec/step with standard deviation 3.07552e-06
ENERGY: 2630000        31.8397        74.3409        59.5897         3.4719         -52183.3966    -85293.0162         0.0000         0.0000     10766.0201        -126541.1506       297.7171   -137307.1706   -126594.7975       296.8660           -293.8581      -296.2155    184109.7564      -100.9875      -101.6224

WRITING EXTENDED SYSTEM TO RESTART FILE AT STEP 2630000
WRITING COORDINATES TO DCD FILE ../output/02_eq_4_CLKWWW.0.dcd AT STEP 2630000
WRITING COORDINATES TO RESTART FILE AT STEP 2630000
FINISHED WRITING RESTART COORDINATES
WRITING VELOCITIES TO RESTART FILE AT STEP 2630000
FINISHED WRITING RESTART VELOCITIES
PRESSURE: 2640000 2323.57 117.156 -209.092 117.153 -1947.46 150.866 -209.09 150.866 353.531
GPRESSURE: 2640000 2314.98 145.008 -43.8858 58.8158 -1938.88 78.4119 -283.971 176.389 348.224
PRESSAVG: 2640000 1918.4 52.1972 -38.3334 52.1972 -2028.99 -19.5464 -38.3334 -19.5464 -92.2652
GPRESSAVG: 2640000 1917.73 89.1936 -47.3314 53.0782 -2023.8 -29.8431 -59.3421 -2.9363 -99.6629
TIMING: 2640000  CPU: 2384.65, 0.000905301/step  Wall: 2385.11, 0.000905566/step, 381.64 ns/days, 0.593649 hours remaining, 0.000000 MB of memory in use.
PERFORMANCE: 2640000  averaging 382.537 ns/day, 0.000903443 sec/step with standard deviation 3.07247e-06
ENERGY: 2640000        29.9010        64.2323        58.8040         0.8033         -52389.2888    -85205.0516         0.0000         0.0000     10812.8545        -126627.7453       299.0123   -137440.5998   -126604.5534       296.7787            243.2121       241.4416    184570.4304       -67.6190       -68.5767

WRITING EXTENDED SYSTEM TO RESTART FILE AT STEP 2640000
WRITING COORDINATES TO DCD FILE ../output/02_eq_4_CLKWWW.0.dcd AT STEP 2640000
WRITING COORDINATES TO RESTART FILE AT STEP 2640000
FINISHED WRITING RESTART COORDINATES
WRITING VELOCITIES TO RESTART FILE AT STEP 2640000
FINISHED WRITING RESTART VELOCITIES
PRESSURE: 2650000 1514.6 -128.527 41.6128 -128.527 -2157.01 -16.703 41.6118 -16.7016 -11.5787
GPRESSURE: 2650000 1529.9 -152.637 73.0107 -112.229 -2164.94 -123.211 -20.752 -73.1389 -19.7507
PRESSAVG: 2650000 1888.67 43.9715 -47.3252 43.9715 -2024.77 -29.2626 -47.3252 -29.2626 -64.3232
GPRESSAVG: 2650000 1889.44 71.017 -53.5435 50.4905 -2019.14 -42.7496 -68.9176 -13.5877 -73.3367
TIMING: 2650000  CPU: 2393.7, 0.000904305/step  Wall: 2394.16, 0.000904476/step, 382.1 ns/days, 0.590422 hours remaining, 0.000000 MB of memory in use.
PERFORMANCE: 2650000  averaging 382.535 ns/day, 0.000903447 sec/step with standard deviation 3.0673e-06
ENERGY: 2650000        31.6315        88.6846        60.2030         5.2542         -52365.3232    -85219.5436         0.0000         0.0000     10896.9678        -126502.1259       301.3383   -137399.0937   -126592.8294       296.9848           -217.9941      -218.2629    184740.2567       -66.8082       -67.6781

WRITING EXTENDED SYSTEM TO RESTART FILE AT STEP 2650000
WRITING COORDINATES TO DCD FILE ../output/02_eq_4_CLKWWW.0.dcd AT STEP 2650000
WRITING COORDINATES TO RESTART FILE AT STEP 2650000
FINISHED WRITING RESTART COORDINATES
WRITING VELOCITIES TO RESTART FILE AT STEP 2650000
FINISHED WRITING RESTART VELOCITIES
PRESSURE: 2660000 2728.36 -11.8559 -157.737 -11.8523 -1442.95 61.8209 -157.74 61.8191 -66.9361
GPRESSURE: 2660000 2673.01 -119.208 -235.114 51.3848 -1450.56 138.293 -308.45 -33.4243 -15.7721
PRESSAVG: 2660000 1925.1 36.2945 -40.0611 36.2945 -2002.16 -13.2359 -40.0611 -13.2359 -81.9164
GPRESSAVG: 2660000 1923.44 54.4453 -45.3695 50.7513 -1999.95 -25.9886 -63.773 -3.35977 -86.1187
TIMING: 2660000  CPU: 2402.75, 0.000905017/step  Wall: 2403.21, 0.000905172/step, 381.806 ns/days, 0.588361 hours remaining, 0.000000 MB of memory in use.
PERFORMANCE: 2660000  averaging 382.532 ns/day, 0.000903453 sec/step with standard deviation 3.06333e-06
ENERGY: 2660000        36.8844        70.0288        55.4857         1.6145         -52277.7213    -85187.7171         0.0000         0.0000     10662.5088        -126638.9161       294.8547   -137301.4249   -126609.3304       296.7225            406.1587       402.2254    184402.1612       -52.9917       -54.2075

WRITING EXTENDED SYSTEM TO RESTART FILE AT STEP 2660000
WRITING COORDINATES TO DCD FILE ../output/02_eq_4_CLKWWW.0.dcd AT STEP 2660000
WRITING COORDINATES TO RESTART FILE AT STEP 2660000
FINISHED WRITING RESTART COORDINATES
WRITING VELOCITIES TO RESTART FILE AT STEP 2660000
FINISHED WRITING RESTART VELOCITIES
PRESSURE: 2670000 2229.72 10.0694 260.721 10.0694 -2229.45 5.27175 260.721 5.27187 -369.554
GPRESSURE: 2670000 2182.71 8.49931 271.61 24.5166 -2221.99 80.0967 226.836 -54.7783 -322.185
PRESSAVG: 2670000 1962.69 42.9203 -31.8421 42.9203 -1988.47 0.357246 -31.8421 0.357246 -73.6815
GPRESSAVG: 2670000 1960.82 54.7671 -39.8562 56.3553 -1986.47 -6.56768 -55.5888 0.398318 -77.1798
TIMING: 2670000  CPU: 2411.79, 0.000904202/step  Wall: 2412.25, 0.000904419/step, 382.124 ns/days, 0.58536 hours remaining, 0.000000 MB of memory in use.
PERFORMANCE: 2670000  averaging 382.531 ns/day, 0.000903457 sec/step with standard deviation 3.05814e-06
ENERGY: 2670000        23.4512        71.3526        58.9935         0.6249         -52405.0819    -85416.6306         0.0000         0.0000     10708.1025        -126959.1878       296.1155   -137667.2904   -126637.5117       296.7492           -123.0939      -120.4891    184149.0772       -33.1560       -34.2761

WRITING EXTENDED SYSTEM TO RESTART FILE AT STEP 2670000
WRITING COORDINATES TO DCD FILE ../output/02_eq_4_CLKWWW.0.dcd AT STEP 2670000
WRITING COORDINATES TO RESTART FILE AT STEP 2670000
FINISHED WRITING RESTART COORDINATES
WRITING VELOCITIES TO RESTART FILE AT STEP 2670000
FINISHED WRITING RESTART VELOCITIES
PRESSURE: 2680000 2463.72 64.888 -194.365 64.8861 -1252.54 161.227 -194.365 161.225 -62.0603
GPRESSURE: 2680000 2395.3 87.6942 -270.935 98.2343 -1227.83 82.0291 -87.8537 230.215 -8.08987
PRESSAVG: 2680000 1985.57 41.9188 -21.4073 41.9188 -1913.3 -10.7829 -21.4073 -10.7829 -46.2641
GPRESSAVG: 2680000 1982 56.0067 -32.3892 55.6177 -1912.96 -14.9179 -40.8308 -9.68384 -46.2008
TIMING: 2680000  CPU: 2420.85, 0.000905845/step  Wall: 2421.31, 0.000905969/step, 381.47 ns/days, 0.583847 hours remaining, 0.000000 MB of memory in use.
PERFORMANCE: 2680000  averaging 382.527 ns/day, 0.000903466 sec/step with standard deviation 3.05626e-06
ENERGY: 2680000        27.3352        77.0599        56.3558         1.5885         -52128.1534    -85268.1794         0.0000         0.0000     10846.9879        -126387.0055       299.9562   -137233.9934   -126630.6971       296.8848            383.0395       386.4602    184849.0165         8.6682         7.6137

WRITING EXTENDED SYSTEM TO RESTART FILE AT STEP 2680000
WRITING COORDINATES TO DCD FILE ../output/02_eq_4_CLKWWW.0.dcd AT STEP 2680000
WRITING COORDINATES TO RESTART FILE AT STEP 2680000
FINISHED WRITING RESTART COORDINATES
WRITING VELOCITIES TO RESTART FILE AT STEP 2680000
FINISHED WRITING RESTART VELOCITIES
PRESSURE: 2690000 2344.55 115.918 7.83582 115.918 -2091.94 389.409 7.83632 389.411 256.834
GPRESSURE: 2690000 2238.71 207.609 3.95202 2.48941 -2037.83 432.874 -7.27078 300.566 309.387
PRESSAVG: 2690000 1998.89 54.5878 -12.7972 54.5878 -1942.38 16.3195 -12.7972 16.3195 -48.4053
GPRESSAVG: 2690000 1989.72 70.1356 -23.5661 63.2161 -1942.61 17.3259 -33.6901 14.9943 -42.3453
TIMING: 2690000  CPU: 2429.91, 0.000906536/step  Wall: 2430.38, 0.000906667/step, 381.176 ns/days, 0.581778 hours remaining, 0.000000 MB of memory in use.
PERFORMANCE: 2690000  averaging 382.522 ns/day, 0.000903478 sec/step with standard deviation 3.05679e-06
ENERGY: 2690000        34.1255        70.5112        58.5065         2.3652         -52245.4994    -85369.3064         0.0000         0.0000     10736.6417        -126712.6556       296.9047   -137449.2974   -126635.2274       296.9400            169.8141       170.0889    184015.3384         2.7007         1.5902

WRITING EXTENDED SYSTEM TO RESTART FILE AT STEP 2690000
WRITING COORDINATES TO DCD FILE ../output/02_eq_4_CLKWWW.0.dcd AT STEP 2690000
WRITING COORDINATES TO RESTART FILE AT STEP 2690000
FINISHED WRITING RESTART COORDINATES
WRITING VELOCITIES TO RESTART FILE AT STEP 2690000
FINISHED WRITING RESTART VELOCITIES
PRESSURE: 2700000 1902.16 13.8426 109.574 13.8434 -2042.46 383.388 109.576 383.387 -132.144
GPRESSURE: 2700000 1906.1 -30.4334 232.129 201.407 -2013.69 384.395 121.961 272.353 -157.151
PRESSAVG: 2700000 2000.24 45.1883 -14.3501 45.1883 -1938.73 41.8158 -14.3501 41.8158 -28.7062
GPRESSAVG: 2700000 1993.01 57.6247 -21.9472 56.9764 -1941.61 42.04 -29.0409 36.8347 -21.0458
TIMING: 2700000  CPU: 2438.98, 0.000906672/step  Wall: 2439.45, 0.000906707/step, 381.16 ns/days, 0.579285 hours remaining, 0.000000 MB of memory in use.
PERFORMANCE: 2700000  averaging 382.517 ns/day, 0.00090349 sec/step with standard deviation 3.05742e-06
ETITLE:      TS           BOND          ANGLE          DIHED          IMPRP               ELECT            VDW       BOUNDARY           MISC        KINETIC               TOTAL           TEMP      POTENTIAL       TOTALAVG        TEMPAVG            PRESSURE      GPRESSURE         VOLUME       PRESSAVG      GPRESSAVG

ENERGY: 2700000        27.6513        75.5378        54.2577         1.8856         -52385.9622    -85324.9633         0.0000         0.0000     10799.3682        -126752.2249       298.6393   -137551.5930   -126654.7023       296.8219            -90.8174       -88.2459    184542.6726        10.9351        10.1197

WRITING EXTENDED SYSTEM TO RESTART FILE AT STEP 2700000
WRITING COORDINATES TO DCD FILE ../output/02_eq_4_CLKWWW.0.dcd AT STEP 2700000
WRITING COORDINATES TO RESTART FILE AT STEP 2700000
FINISHED WRITING RESTART COORDINATES
WRITING VELOCITIES TO RESTART FILE AT STEP 2700000
FINISHED WRITING RESTART VELOCITIES
PRESSURE: 2710000 2191.59 -102.317 224.076 -102.317 -1982.88 257.658 224.074 257.659 -210.617
GPRESSURE: 2710000 2179.98 -118.711 237.182 -114.314 -2028.42 383.011 148.757 206.491 -169.896
PRESSAVG: 2710000 2039.48 21.9106 -20.8135 21.9106 -1934.91 55.7547 -20.8135 55.7547 -35.1133
GPRESSAVG: 2710000 2030.99 31.2166 -24.3837 38.5738 -1938.14 58.9282 -37.3618 47.5429 -26.8924
TIMING: 2710000  CPU: 2448.05, 0.000907144/step  Wall: 2448.52, 0.000907371/step, 380.88 ns/days, 0.577189 hours remaining, 0.000000 MB of memory in use.
PERFORMANCE: 2710000  averaging 382.511 ns/day, 0.000903505 sec/step with standard deviation 3.06085e-06
ENERGY: 2710000        30.5079        72.2724        54.0787         2.4039         -52188.4563    -85311.2191         0.0000         0.0000     10609.0545        -126731.3578       293.3765   -137340.4124   -126654.7899       296.6709             -0.6351        -6.1137    185210.9948        23.1505        21.9839

WRITING EXTENDED SYSTEM TO RESTART FILE AT STEP 2710000
WRITING COORDINATES TO DCD FILE ../output/02_eq_4_CLKWWW.0.dcd AT STEP 2710000
WRITING COORDINATES TO RESTART FILE AT STEP 2710000
FINISHED WRITING RESTART COORDINATES
WRITING VELOCITIES TO RESTART FILE AT STEP 2710000
FINISHED WRITING RESTART VELOCITIES
PRESSURE: 2720000 1399.52 81.6785 349.594 81.6819 -2742.25 121.445 349.594 121.446 -102.431
GPRESSURE: 2720000 1441.35 142.701 187.198 59.366 -2761.05 67.6643 466.966 6.95956 -126.985
PRESSAVG: 2720000 2022.97 22.4056 4.52174 22.4056 -1953.32 64.212 4.52174 64.212 -63.0045
GPRESSAVG: 2720000 2015.61 33.9541 -6.62389 33.6889 -1957.3 63.8156 -9.11332 45.5711 -54.4321
TIMING: 2720000  CPU: 2457.11, 0.000906234/step  Wall: 2457.58, 0.000906326/step, 381.32 ns/days, 0.574006 hours remaining, 0.000000 MB of memory in use.
PERFORMANCE: 2720000  averaging 382.506 ns/day, 0.000903515 sec/step with standard deviation 3.05998e-06
ENERGY: 2720000        39.3795        78.1993        59.8907         1.8895         -52135.4587    -85326.2922         0.0000         0.0000     10638.8660        -126643.5259       294.2009   -137282.3919   -126656.2331       296.5879           -481.7191      -482.2288    185072.3633         2.2130         1.2908

WRITING EXTENDED SYSTEM TO RESTART FILE AT STEP 2720000
WRITING COORDINATES TO DCD FILE ../output/02_eq_4_CLKWWW.0.dcd AT STEP 2720000
WRITING COORDINATES TO RESTART FILE AT STEP 2720000
FINISHED WRITING RESTART COORDINATES
WRITING VELOCITIES TO RESTART FILE AT STEP 2720000
FINISHED WRITING RESTART VELOCITIES
PRESSURE: 2730000 2101.06 -487.789 -341.149 -487.791 -2033.37 72.5653 -341.15 72.565 -261.119
GPRESSURE: 2730000 2032.51 -311.027 -412.589 -560.536 -2002.22 -22.4942 -380.844 145.532 -207.889
PRESSAVG: 2730000 2067.88 -4.47879 -7.63036 -4.47879 -1940.57 80.8676 -7.63036 80.8676 -84.0458
GPRESSAVG: 2730000 2059.3 17.4799 -22.9076 -2.07727 -1943.22 73.9245 -24.2734 68.2427 -74.3225
TIMING: 2730000  CPU: 2466.2, 0.0009087/step  Wall: 2466.67, 0.000908964/step, 380.213 ns/days, 0.573152 hours remaining, 0.000000 MB of memory in use.
PERFORMANCE: 2730000  averaging 382.498 ns/day, 0.000903535 sec/step with standard deviation 3.0721e-06
ENERGY: 2730000        34.2008        67.3531        59.3025         2.4645         -52164.8327    -85329.2999         0.0000         0.0000     10827.5505        -126503.2611       299.4187   -137330.8116   -126644.0795       296.7959            -64.4758       -59.2009    184158.0316        14.4226        13.9172

WRITING EXTENDED SYSTEM TO RESTART FILE AT STEP 2730000
WRITING COORDINATES TO DCD FILE ../output/02_eq_4_CLKWWW.0.dcd AT STEP 2730000
WRITING COORDINATES TO RESTART FILE AT STEP 2730000
FINISHED WRITING RESTART COORDINATES
WRITING VELOCITIES TO RESTART FILE AT STEP 2730000
FINISHED WRITING RESTART VELOCITIES
PRESSURE: 2740000 2267.81 -20.7859 -398.668 -20.7863 -1866.51 46.0834 -398.668 46.0825 34.4193
GPRESSURE: 2740000 2285.69 -23.153 -489.187 47.3783 -1882.46 74.5702 -406.542 155.529 49.0223
PRESSAVG: 2740000 2089.61 9.8993 -21.4746 9.8993 -1938.8 86.3054 -21.4746 86.3054 -77.8715
GPRESSAVG: 2740000 2082.11 34.7655 -41.9581 12.054 -1942.35 81.5191 -35.0701 79.2832 -66.4992
TIMING: 2740000  CPU: 2475.28, 0.00090785/step  Wall: 2475.75, 0.00090793/step, 380.646 ns/days, 0.569978 hours remaining, 0.000000 MB of memory in use.
PERFORMANCE: 2740000  averaging 382.491 ns/day, 0.000903551 sec/step with standard deviation 3.07795e-06
ENERGY: 2740000        39.9353        74.9641        61.8568         2.7490         -52175.8291    -85451.6464         0.0000         0.0000     10806.7618        -126641.2085       298.8438   -137447.9703   -126638.4037       297.0795            145.2395       150.7493    183966.6781        24.3128        24.4193

WRITING EXTENDED SYSTEM TO RESTART FILE AT STEP 2740000
WRITING COORDINATES TO DCD FILE ../output/02_eq_4_CLKWWW.0.dcd AT STEP 2740000
WRITING COORDINATES TO RESTART FILE AT STEP 2740000
FINISHED WRITING RESTART COORDINATES
WRITING VELOCITIES TO RESTART FILE AT STEP 2740000
FINISHED WRITING RESTART VELOCITIES
PRESSURE: 2750000 1618.11 -122.156 39.4361 -122.155 -2089.07 -29.2126 39.4353 -29.2123 281.645
GPRESSURE: 2750000 1583.42 -13.6772 148.43 -234.99 -1981.04 -81.8666 63.5662 33.959 198.845
PRESSAVG: 2750000 2103.03 -2.17148 -13.1907 -2.17148 -1925.95 95.4667 -13.1907 95.4667 -44.6141
GPRESSAVG: 2750000 2095.25 21.4034 -29.346 -2.9547 -1925.29 90.5908 -25.685 91.5672 -38.3524
TIMING: 2750000  CPU: 2484.34, 0.000906403/step  Wall: 2484.82, 0.000906516/step, 381.24 ns/days, 0.566572 hours remaining, 0.000000 MB of memory in use.
PERFORMANCE: 2750000  averaging 382.486 ns/day, 0.000903562 sec/step with standard deviation 3.07752e-06
ENERGY: 2750000        28.6704        72.2774        58.9055         0.9899         -51901.6671    -85521.1143         0.0000         0.0000     10839.5914        -126422.3468       299.7516   -137261.9382   -126628.2443       297.1783            -63.1027       -66.2602    184598.3761        44.1548        43.8686

WRITING EXTENDED SYSTEM TO RESTART FILE AT STEP 2750000
WRITING COORDINATES TO DCD FILE ../output/02_eq_4_CLKWWW.0.dcd AT STEP 2750000
WRITING COORDINATES TO RESTART FILE AT STEP 2750000
FINISHED WRITING RESTART COORDINATES
WRITING VELOCITIES TO RESTART FILE AT STEP 2750000
FINISHED WRITING RESTART VELOCITIES
PRESSURE: 2760000 2847.07 -4.61925 303.478 -4.61848 -1468.4 -248.278 303.479 -248.278 -490.895
GPRESSURE: 2760000 2872.12 4.77235 299.88 -74.4462 -1500.94 -243.567 428.902 -119.342 -481.293
PRESSAVG: 2760000 2133.81 -17.2884 1.50069 -17.2884 -1919.15 89.749 1.50069 89.749 -114.034
GPRESSAVG: 2760000 2127.3 8.95143 -8.86103 -21.2138 -1919.04 87.9102 -4.06799 88.2091 -108.201
TIMING: 2760000  CPU: 2493.41, 0.0009067/step  Wall: 2493.89, 0.000906943/step, 381.06 ns/days, 0.56432 hours remaining, 0.000000 MB of memory in use.
PERFORMANCE: 2760000  averaging 382.481 ns/day, 0.000903574 sec/step with standard deviation 3.07866e-06
ENERGY: 2760000        29.5821        67.2852        53.4934         4.8625         -52231.4327    -85212.3985         0.0000         0.0000     10700.8621        -126587.7459       295.9153   -137288.6081   -126628.4815       297.0088            295.9247       296.6287    185122.6167        33.5401        33.3526

WRITING EXTENDED SYSTEM TO RESTART FILE AT STEP 2760000
WRITING COORDINATES TO DCD FILE ../output/02_eq_4_CLKWWW.0.dcd AT STEP 2760000
WRITING COORDINATES TO RESTART FILE AT STEP 2760000
FINISHED WRITING RESTART COORDINATES
WRITING VELOCITIES TO RESTART FILE AT STEP 2760000
FINISHED WRITING RESTART VELOCITIES
PRESSURE: 2770000 863.145 -104.303 -230.822 -104.305 -2178 182.687 -230.822 182.687 -476.295
GPRESSURE: 2770000 1012.49 -89.2281 -204.209 -68.7437 -2270.71 270.201 -215.756 144.137 -537.789
PRESSAVG: 2770000 2053.4 -23.6719 -11.9483 -23.6719 -1964.86 85.5478 -11.9483 85.5478 -167.943
GPRESSAVG: 2770000 2054.87 -5.96874 -18.752 -20.2723 -1970.89 88.5871 -15.3535 83.3814 -164.03
TIMING: 2770000  CPU: 2502.49, 0.000907643/step  Wall: 2502.96, 0.000907743/step, 380.725 ns/days, 0.562296 hours remaining, 0.000000 MB of memory in use.
PERFORMANCE: 2770000  averaging 382.475 ns/day, 0.000903589 sec/step with standard deviation 3.08327e-06
ENERGY: 2770000        24.2334        62.2671        56.0244         2.5028         -52270.8812    -85400.2995         0.0000         0.0000     10626.0897        -126900.0635       293.8476   -137526.1531   -126650.7833       296.8488           -597.0490      -598.6714    185066.6682       -26.4667       -26.6830

WRITING EXTENDED SYSTEM TO RESTART FILE AT STEP 2770000
WRITING COORDINATES TO DCD FILE ../output/02_eq_4_CLKWWW.0.dcd AT STEP 2770000
WRITING COORDINATES TO RESTART FILE AT STEP 2770000
FINISHED WRITING RESTART COORDINATES
WRITING VELOCITIES TO RESTART FILE AT STEP 2770000
FINISHED WRITING RESTART VELOCITIES
PRESSURE: 2780000 2001.34 -5.64228 -254.003 -5.64098 -1666.1 67.2558 -254.003 67.255 713.46
GPRESSURE: 2780000 2045.61 100.024 -111.827 65.3748 -1650.01 114.325 -327.51 143.022 639.856
PRESSAVG: 2780000 2068.27 -45.6038 -31.0921 -45.6038 -1942.86 94.9553 -31.0921 94.9553 -148.785
GPRESSAVG: 2780000 2071.46 -20.9141 -30.6707 -36.1251 -1946.97 98.4924 -42.1189 96.9813 -149.171
TIMING: 2780000  CPU: 2511.54, 0.000905501/step  Wall: 2512.02, 0.000905778/step, 381.551 ns/days, 0.558563 hours remaining, 0.000000 MB of memory in use.
PERFORMANCE: 2780000  averaging 382.471 ns/day, 0.000903597 sec/step with standard deviation 3.08049e-06
ENERGY: 2780000        36.1135        66.0841        57.1617         1.0738         -52168.6879    -85265.6249         0.0000         0.0000     10771.0818        -126502.7980       297.8571   -137273.8798   -126642.4438       296.8528            349.5685       345.1533    184058.3956        -7.7938        -8.2266

WRITING EXTENDED SYSTEM TO RESTART FILE AT STEP 2780000
WRITING COORDINATES TO DCD FILE ../output/02_eq_4_CLKWWW.0.dcd AT STEP 2780000
WRITING COORDINATES TO RESTART FILE AT STEP 2780000
FINISHED WRITING RESTART COORDINATES
WRITING VELOCITIES TO RESTART FILE AT STEP 2780000
FINISHED WRITING RESTART VELOCITIES
PRESSURE: 2790000 945.933 299.128 161.443 299.126 -2482.12 217.124 161.443 217.123 -481.509
GPRESSURE: 2790000 901.703 182.689 144.051 452.644 -2411.01 279.965 52.9475 145.518 -507.779
PRESSAVG: 2790000 2023.6 -22.275 -6.37524 -22.275 -1976.48 109.672 -6.37524 109.672 -144.944
GPRESSAVG: 2790000 2020.1 -3.41364 -3.99446 -9.67972 -1975.51 113.819 -21.5154 105.855 -143.385
TIMING: 2790000  CPU: 2520.61, 0.000906885/step  Wall: 2521.09, 0.00090688/step, 381.087 ns/days, 0.556723 hours remaining, 0.000000 MB of memory in use.
PERFORMANCE: 2790000  averaging 382.466 ns/day, 0.000903609 sec/step with standard deviation 3.08122e-06
ENERGY: 2790000        45.1395        77.5976        63.2518         3.2851         -52132.6950    -85324.6714         0.0000         0.0000     10718.7412        -126549.3512       296.4097   -137268.0924   -126632.1519       297.0336           -672.5646      -672.3630    184509.8683       -32.6090       -32.9333

WRITING EXTENDED SYSTEM TO RESTART FILE AT STEP 2790000
WRITING COORDINATES TO DCD FILE ../output/02_eq_4_CLKWWW.0.dcd AT STEP 2790000
WRITING COORDINATES TO RESTART FILE AT STEP 2790000
FINISHED WRITING RESTART COORDINATES
WRITING VELOCITIES TO RESTART FILE AT STEP 2790000
FINISHED WRITING RESTART VELOCITIES
PRESSURE: 2800000 2152.01 -269.984 -201.395 -269.982 -1666.51 76.1337 -201.395 76.1353 430.304
GPRESSURE: 2800000 2036.92 -174.534 -236.356 -189.204 -1678.48 98.8761 -262.993 141.883 560.36
PRESSAVG: 2800000 1991.9 -40.3163 -32.2715 -40.3163 -1977.37 106.538 -32.2715 106.538 -97.2016
GPRESSAVG: 2800000 1980.31 -16.9558 -26.521 -26.2681 -1976.81 116.15 -56.3111 101.143 -86.6658
TIMING: 2800000  CPU: 2529.69, 0.00090785/step  Wall: 2530.17, 0.000908032/step, 380.603 ns/days, 0.554908 hours remaining, 0.000000 MB of memory in use.
PERFORMANCE: 2800000  averaging 382.46 ns/day, 0.000903624 sec/step with standard deviation 3.08703e-06
ETITLE:      TS           BOND          ANGLE          DIHED          IMPRP               ELECT            VDW       BOUNDARY           MISC        KINETIC               TOTAL           TEMP      POTENTIAL       TOTALAVG        TEMPAVG            PRESSURE      GPRESSURE         VOLUME       PRESSAVG      GPRESSAVG

ENERGY: 2800000        33.6711        66.5424        59.3910         1.6833         -52316.1509    -85245.0475         0.0000         0.0000     10661.1941        -126738.7165       294.8183   -137399.9106   -126626.5753       297.1569            305.2695       306.2653    183525.1322       -27.5567       -27.7222

WRITING EXTENDED SYSTEM TO RESTART FILE AT STEP 2800000
WRITING COORDINATES TO DCD FILE ../output/02_eq_4_CLKWWW.0.dcd AT STEP 2800000
WRITING COORDINATES TO RESTART FILE AT STEP 2800000
FINISHED WRITING RESTART COORDINATES
WRITING VELOCITIES TO RESTART FILE AT STEP 2800000
FINISHED WRITING RESTART VELOCITIES
PRESSURE: 2810000 2127.94 -58.2166 -232.713 -58.2159 -2014.91 96.6816 -232.714 96.6826 441.098
GPRESSURE: 2810000 2140.38 -14.7536 -99.2228 -228.384 -2053.45 93.4594 -234.527 100.001 471.548
PRESSAVG: 2810000 1984.89 -43.8454 -54.884 -43.8454 -1992.92 89.5861 -54.884 89.5861 -48.2671
GPRESSAVG: 2810000 1971.85 -26.1003 -41.2176 -40.1683 -1994.1 98.5924 -80.9588 87.1882 -34.078
TIMING: 2810000  CPU: 2538.77, 0.000907743/step  Wall: 2539.25, 0.000907898/step, 380.66 ns/days, 0.552305 hours remaining, 0.000000 MB of memory in use.
PERFORMANCE: 2810000  averaging 382.453 ns/day, 0.00090364 sec/step with standard deviation 3.09204e-06
ENERGY: 2810000        26.6161        71.8016        60.8193         2.1220         -52149.6046    -85313.8492         0.0000         0.0000     10746.1906        -126555.9041       297.1688   -137302.0947   -126629.7442       297.1412            184.7091       186.1620    184270.0918       -18.7664       -18.7755

WRITING EXTENDED SYSTEM TO RESTART FILE AT STEP 2810000
WRITING COORDINATES TO DCD FILE ../output/02_eq_4_CLKWWW.0.dcd AT STEP 2810000
WRITING COORDINATES TO RESTART FILE AT STEP 2810000
FINISHED WRITING RESTART COORDINATES
WRITING VELOCITIES TO RESTART FILE AT STEP 2810000
FINISHED WRITING RESTART VELOCITIES
PRESSURE: 2820000 3011.73 -55.9358 -281.88 -55.9365 -537.636 -85.8291 -281.88 -85.8285 258.392
GPRESSURE: 2820000 3051.81 -63.3741 -195.274 -125.594 -607.56 -8.78068 -391.634 -228.664 282.868
PRESSAVG: 2820000 2048.03 -36.983 -56.6448 -36.983 -1912.45 88.3327 -56.6448 88.3327 -17.3163
GPRESSAVG: 2820000 2034.54 -19.0293 -41.8988 -35.6226 -1912.77 98.5442 -81.3824 79.2446 -3.84243
TIMING: 2820000  CPU: 2547.86, 0.000908814/step  Wall: 2548.34, 0.000908983/step, 380.205 ns/days, 0.55044 hours remaining, 0.000000 MB of memory in use.
PERFORMANCE: 2820000  averaging 382.445 ns/day, 0.000903659 sec/step with standard deviation 3.10289e-06
ENERGY: 2820000        35.7219        75.0415        58.8462         2.4398         -52418.6066    -85149.1638         0.0000         0.0000     10696.2504        -126699.4706       295.7878   -137395.7210   -126629.8381       297.0967            910.8282       909.0383    185351.2548        39.4227        39.3081

WRITING EXTENDED SYSTEM TO RESTART FILE AT STEP 2820000
WRITING COORDINATES TO DCD FILE ../output/02_eq_4_CLKWWW.0.dcd AT STEP 2820000
WRITING COORDINATES TO RESTART FILE AT STEP 2820000
FINISHED WRITING RESTART COORDINATES
WRITING VELOCITIES TO RESTART FILE AT STEP 2820000
FINISHED WRITING RESTART VELOCITIES
PRESSURE: 2830000 1967.39 -31.5118 214.732 -31.5103 -1870.33 -60.9754 214.734 -60.9758 -106.14
GPRESSURE: 2830000 1974.45 -7.25785 234.509 -82.9469 -1841.71 -51.4111 120.676 -8.24963 -121.283
PRESSAVG: 2830000 2050.07 -35.048 -39.4662 -35.048 -1888.09 92.431 -39.4662 92.431 -0.0797813
GPRESSAVG: 2830000 2039.96 -11.9498 -23.3324 -36.4889 -1886.24 102.342 -64.8746 84.2478 9.2124
TIMING: 2830000  CPU: 2556.94, 0.000908543/step  Wall: 2557.43, 0.000908706/step, 380.321 ns/days, 0.547748 hours remaining, 0.000000 MB of memory in use.
PERFORMANCE: 2830000  averaging 382.438 ns/day, 0.000903676 sec/step with standard deviation 3.11188e-06
ENERGY: 2830000        26.6465        83.6903        59.8878         1.5392         -51925.7224    -85384.9500         0.0000         0.0000     10749.5769        -126389.3317       297.2624   -137138.9086   -126622.2471       297.0740             -3.0274         3.8202    185219.2757        53.9642        54.3099

WRITING EXTENDED SYSTEM TO RESTART FILE AT STEP 2830000
WRITING COORDINATES TO DCD FILE ../output/02_eq_4_CLKWWW.0.dcd AT STEP 2830000
WRITING COORDINATES TO RESTART FILE AT STEP 2830000
FINISHED WRITING RESTART COORDINATES
WRITING VELOCITIES TO RESTART FILE AT STEP 2830000
FINISHED WRITING RESTART VELOCITIES
PRESSURE: 2840000 1927.19 -68.8269 -394.914 -68.8285 -1719.61 242.375 -394.915 242.374 -130.679
GPRESSURE: 2840000 1921.34 36.9843 -406.147 -190.733 -1706.68 135.906 -493.582 394.079 -124.721
PRESSAVG: 2840000 2030.25 -44.3471 -48.7574 -44.3471 -1876.7 97.0064 -48.7574 97.0064 -24.2903
GPRESSAVG: 2840000 2020.27 -17.351 -41.4454 -48.9663 -1874.63 105.217 -75.3552 95.1323 -14.4348
TIMING: 2840000  CPU: 2566, 0.000906298/step  Wall: 2566.49, 0.000906492/step, 381.25 ns/days, 0.543895 hours remaining, 0.000000 MB of memory in use.
PERFORMANCE: 2840000  averaging 382.434 ns/day, 0.000903686 sec/step with standard deviation 3.11087e-06
ENERGY: 2840000        29.5192        73.5520        54.7764         1.6156         -52230.8360    -85259.5736         0.0000         0.0000     10689.0080        -126641.9384       295.5875   -137330.9463   -126622.9568       296.9027             25.6348        29.9826    184240.0504        43.0854        43.7369

WRITING EXTENDED SYSTEM TO RESTART FILE AT STEP 2840000
WRITING COORDINATES TO DCD FILE ../output/02_eq_4_CLKWWW.0.dcd AT STEP 2840000
WRITING COORDINATES TO RESTART FILE AT STEP 2840000
FINISHED WRITING RESTART COORDINATES
WRITING VELOCITIES TO RESTART FILE AT STEP 2840000
FINISHED WRITING RESTART VELOCITIES
PRESSURE: 2850000 1327.98 -12.8031 230.476 -12.805 -2245.16 35.4886 230.477 35.4892 -250.335
GPRESSURE: 2850000 1262.42 -49.6873 147.556 40.7591 -2217.32 -32.5513 177.925 121.689 -202.604
PRESSAVG: 2850000 2020.92 -38.561 -39.3141 -38.561 -1881.11 99.6159 -39.3141 99.6159 -36.2281
GPRESSAVG: 2850000 2006.9 -12.2035 -37.7181 -41.3169 -1877.25 109.75 -65.4213 104.874 -23.5775
TIMING: 2850000  CPU: 2575.08, 0.000907853/step  Wall: 2575.57, 0.000907983/step, 380.624 ns/days, 0.542268 hours remaining, 0.000000 MB of memory in use.
PERFORMANCE: 2850000  averaging 382.427 ns/day, 0.000903701 sec/step with standard deviation 3.1158e-06
ENERGY: 2850000        35.5818        76.2131        55.6827         1.8132         -52410.1596    -85233.5563         0.0000         0.0000     10843.6691        -126630.7562       299.8644   -137474.4253   -126629.3883       296.8291           -389.1716      -385.8354    184701.6839        34.5265        35.3583

WRITING EXTENDED SYSTEM TO RESTART FILE AT STEP 2850000
WRITING COORDINATES TO DCD FILE ../output/02_eq_4_CLKWWW.0.dcd AT STEP 2850000
WRITING COORDINATES TO RESTART FILE AT STEP 2850000
FINISHED WRITING RESTART COORDINATES
WRITING VELOCITIES TO RESTART FILE AT STEP 2850000
FINISHED WRITING RESTART VELOCITIES
PRESSURE: 2860000 1776.22 -137.624 290.391 -137.625 -2393.3 270.961 290.392 270.959 -155.669
GPRESSURE: 2860000 1772.56 -15.6488 299.84 -126.883 -2371.57 269.994 257.324 281.05 -170.374
PRESSAVG: 2860000 1973.31 -44.8497 -16.9075 -44.8497 -1928.63 110.073 -16.9075 110.073 -40.6648
GPRESSAVG: 2860000 1961.88 -7.02556 -10.9704 -50.2303 -1923.3 116.335 -37.1326 120.597 -31.3076
TIMING: 2860000  CPU: 2584.17, 0.000908953/step  Wall: 2584.66, 0.000909129/step, 380.144 ns/days, 0.540427 hours remaining, 0.000000 MB of memory in use.
PERFORMANCE: 2860000  averaging 382.419 ns/day, 0.00090372 sec/step with standard deviation 3.12685e-06
ENERGY: 2860000        29.3265        80.4678        63.9496         4.6086         -52092.1923    -85245.0618         0.0000         0.0000     10726.8604        -126432.0412       296.6342   -137158.9017   -126619.0446       296.9180           -257.5798      -256.4615    185138.8948         1.3396         2.4239

WRITING EXTENDED SYSTEM TO RESTART FILE AT STEP 2860000
WRITING COORDINATES TO DCD FILE ../output/02_eq_4_CLKWWW.0.dcd AT STEP 2860000
WRITING COORDINATES TO RESTART FILE AT STEP 2860000
FINISHED WRITING RESTART COORDINATES
WRITING VELOCITIES TO RESTART FILE AT STEP 2860000
FINISHED WRITING RESTART VELOCITIES
PRESSURE: 2870000 1511.3 -51.0395 186.475 -51.0398 -2507.41 124.887 186.477 124.888 -642.495
GPRESSURE: 2870000 1504.62 -30.1227 144.743 -98.4742 -2540.1 114.473 222.207 257.129 -598.088
PRESSAVG: 2870000 1937.39 -47.9051 -20.6197 -47.9051 -1942.53 116.054 -20.6197 116.054 -54.3118
GPRESSAVG: 2870000 1927.97 -8.95665 -17.3138 -56.3798 -1939.2 118.054 -37.364 136.193 -45.1028
TIMING: 2870000  CPU: 2593.25, 0.000907996/step  Wall: 2593.74, 0.000908194/step, 380.536 ns/days, 0.537348 hours remaining, 0.000000 MB of memory in use.
PERFORMANCE: 2870000  averaging 382.413 ns/day, 0.000903736 sec/step with standard deviation 3.13252e-06
ENERGY: 2870000        37.2732        76.9321        54.8153         2.6580         -52210.2612    -85284.4420         0.0000         0.0000     10760.0162        -126563.0083       297.5511   -137323.0245   -126599.2356       296.9898           -546.2013      -544.5224    184368.3129       -19.8158       -18.7777

WRITING EXTENDED SYSTEM TO RESTART FILE AT STEP 2870000
WRITING COORDINATES TO DCD FILE ../output/02_eq_4_CLKWWW.0.dcd AT STEP 2870000
WRITING COORDINATES TO RESTART FILE AT STEP 2870000
FINISHED WRITING RESTART COORDINATES
WRITING VELOCITIES TO RESTART FILE AT STEP 2870000
FINISHED WRITING RESTART VELOCITIES
PRESSURE: 2880000 1876.43 110.76 131.546 110.76 -1991.81 -288.484 131.542 -288.484 189.112
GPRESSURE: 2880000 1966.56 199.785 146.911 -27.8646 -2039.97 -301.728 58.3366 -314.879 151.643
PRESSAVG: 2880000 1908.03 -45.6114 -4.32441 -45.6114 -1979.49 93.5683 -4.32441 93.5683 -41.7532
GPRESSAVG: 2880000 1906.54 -3.35214 3.57854 -62.6848 -1979.81 98.8658 -30.0545 108.938 -37.1161
TIMING: 2880000  CPU: 2602.3, 0.000905186/step  Wall: 2602.8, 0.000905142/step, 381.818 ns/days, 0.533028 hours remaining, 0.000000 MB of memory in use.
PERFORMANCE: 2880000  averaging 382.41 ns/day, 0.000903741 sec/step with standard deviation 3.12816e-06
ENERGY: 2880000        35.6665        76.0453        58.1420         1.2083         -52357.6134    -85186.0133         0.0000         0.0000     10630.4930        -126742.0717       293.9694   -137372.5647   -126616.9889       296.6905             24.5801        26.0778    184525.4588       -37.7388       -36.7968

WRITING EXTENDED SYSTEM TO RESTART FILE AT STEP 2880000
WRITING COORDINATES TO DCD FILE ../output/02_eq_4_CLKWWW.0.dcd AT STEP 2880000
WRITING COORDINATES TO RESTART FILE AT STEP 2880000
FINISHED WRITING RESTART COORDINATES
WRITING VELOCITIES TO RESTART FILE AT STEP 2880000
FINISHED WRITING RESTART VELOCITIES
PRESSURE: 2890000 1524.83 93.4934 67.0433 93.4934 -2244.49 41.7375 67.0427 41.7377 1258.42
GPRESSURE: 2890000 1540.49 119.51 149.712 129.91 -2205.46 26.9702 83.2131 53.6805 1216.23
PRESSAVG: 2890000 1867.04 -46.7327 -1.36409 -46.7327 -1987.12 76.1846 -1.36409 76.1846 8.32613
GPRESSAVG: 2890000 1871.63 -7.75708 10.8665 -56.3138 -1988.19 78.5705 -25.5303 96.5938 8.226
TIMING: 2890000  CPU: 2611.36, 0.000905646/step  Wall: 2611.85, 0.000905835/step, 381.527 ns/days, 0.53092 hours remaining, 0.000000 MB of memory in use.
PERFORMANCE: 2890000  averaging 382.407 ns/day, 0.000903748 sec/step with standard deviation 3.12515e-06
ENERGY: 2890000        31.0514        77.9889        54.5987         2.6044         -52082.6396    -85116.5112         0.0000         0.0000     10794.2310        -126238.6765       298.4973   -137032.9075   -126593.2899       296.7701            179.5868       183.7515    185295.8919       -37.2501       -36.1137

WRITING EXTENDED SYSTEM TO RESTART FILE AT STEP 2890000
WRITING COORDINATES TO DCD FILE ../output/02_eq_4_CLKWWW.0.dcd AT STEP 2890000
WRITING COORDINATES TO RESTART FILE AT STEP 2890000
FINISHED WRITING RESTART COORDINATES
WRITING VELOCITIES TO RESTART FILE AT STEP 2890000
FINISHED WRITING RESTART VELOCITIES
PRESSURE: 2900000 2244.36 -163.186 -226.449 -163.187 -1911.52 -45.8092 -226.45 -45.8106 -929.905
GPRESSURE: 2900000 2290.36 -60.9598 -119.834 -153.542 -1945.83 -134.26 -219.263 -24.1198 -948.77
PRESSAVG: 2900000 1884.15 -55.5842 -18.1653 -55.5842 -1980.57 54.7247 -18.1653 54.7247 -31.5619
GPRESSAVG: 2900000 1890.84 -9.2834 -6.73163 -74.0612 -1984.8 52.6378 -42.5915 81.7702 -31.3549
TIMING: 2900000  CPU: 2620.42, 0.000905735/step  Wall: 2620.91, 0.000905921/step, 381.49 ns/days, 0.528454 hours remaining, 0.000000 MB of memory in use.
PERFORMANCE: 2900000  averaging 382.404 ns/day, 0.000903756 sec/step with standard deviation 3.12235e-06
ETITLE:      TS           BOND          ANGLE          DIHED          IMPRP               ELECT            VDW       BOUNDARY           MISC        KINETIC               TOTAL           TEMP      POTENTIAL       TOTALAVG        TEMPAVG            PRESSURE      GPRESSURE         VOLUME       PRESSAVG      GPRESSAVG

ENERGY: 2900000        28.8500        78.5413        58.0787         2.1639         -52400.5120    -85096.9466         0.0000         0.0000     10828.1396        -126501.6850       299.4350   -137329.8246   -126580.7629       296.8099           -199.0218      -201.4119    185186.1963       -42.6604       -41.7720

WRITING EXTENDED SYSTEM TO RESTART FILE AT STEP 2900000
WRITING COORDINATES TO DCD FILE ../output/02_eq_4_CLKWWW.0.dcd AT STEP 2900000
WRITING COORDINATES TO RESTART FILE AT STEP 2900000
FINISHED WRITING RESTART COORDINATES
WRITING VELOCITIES TO RESTART FILE AT STEP 2900000
FINISHED WRITING RESTART VELOCITIES
PRESSURE: 2910000 2484.06 526.504 -111.497 526.507 -1512.57 -27.3782 -111.497 -27.3773 -387.572
GPRESSURE: 2910000 2505.06 415.086 -118.099 617.698 -1440.81 34.6815 -74.1171 -189.607 -495.672
PRESSAVG: 2910000 1898.77 -24.143 -34.9439 -24.143 -1957.05 40.4729 -34.9439 40.4729 -40.4097
GPRESSAVG: 2910000 1907.09 17.4065 -24.4957 -37.4607 -1955.42 35.2213 -53.7352 61.9652 -47.6437
TIMING: 2910000  CPU: 2629.51, 0.000908929/step  Wall: 2630, 0.00090909/step, 380.16 ns/days, 0.527777 hours remaining, 0.000000 MB of memory in use.
PERFORMANCE: 2910000  averaging 382.397 ns/day, 0.000903774 sec/step with standard deviation 3.13261e-06
ENERGY: 2910000        29.9746        73.7347        57.2765         1.9784         -52020.4113    -85261.5398         0.0000         0.0000     10766.7885        -126352.1985       297.7384   -137118.9869   -126561.8050       297.0280            194.6372       189.5245    185434.4735       -32.8967       -31.9901

WRITING EXTENDED SYSTEM TO RESTART FILE AT STEP 2910000
WRITING COORDINATES TO DCD FILE ../output/02_eq_4_CLKWWW.0.dcd AT STEP 2910000
WRITING COORDINATES TO RESTART FILE AT STEP 2910000
FINISHED WRITING RESTART COORDINATES
WRITING VELOCITIES TO RESTART FILE AT STEP 2910000
FINISHED WRITING RESTART VELOCITIES
PRESSURE: 2920000 2055.02 66.2023 172.159 66.2023 -1743.54 162.859 172.159 162.859 374.802
GPRESSURE: 2920000 2126.5 -16.3756 261.536 226.04 -1817.89 105.811 186.349 175.02 380.393
PRESSAVG: 2920000 1931.55 -24.9169 -43.8157 -24.9169 -1907.12 42.5436 -43.8157 42.5436 -16.548
GPRESSAVG: 2920000 1941.35 9.45264 -20.7788 -29.1269 -1908.26 37.1286 -67.7661 70.3683 -22.2748
TIMING: 2920000  CPU: 2638.59, 0.000908052/step  Wall: 2639.09, 0.000908203/step, 380.532 ns/days, 0.52474 hours remaining, 0.000000 MB of memory in use.
PERFORMANCE: 2920000  averaging 382.39 ns/day, 0.000903789 sec/step with standard deviation 3.13794e-06
ENERGY: 2920000        43.7933        72.1470        52.7225         1.9432         -52307.7667    -85150.5127         0.0000         0.0000     10808.1551        -126479.5184       298.8823   -137287.6735   -126553.6046       297.2620            228.7604       229.6682    185670.4646         2.6272         3.6048

WRITING EXTENDED SYSTEM TO RESTART FILE AT STEP 2920000
WRITING COORDINATES TO DCD FILE ../output/02_eq_4_CLKWWW.0.dcd AT STEP 2920000
WRITING COORDINATES TO RESTART FILE AT STEP 2920000
FINISHED WRITING RESTART COORDINATES
WRITING VELOCITIES TO RESTART FILE AT STEP 2920000
FINISHED WRITING RESTART VELOCITIES
PRESSURE: 2930000 2354.24 -35.8081 103.614 -35.8074 -1379.31 -331.558 103.612 -331.556 360.065
GPRESSURE: 2930000 2346.66 33.7606 143.175 -27.99 -1316.66 -271.218 147.456 -308.582 325.668
PRESSAVG: 2930000 1944.21 -2.31778 -21.5776 -2.31778 -1874.41 22.3375 -21.5776 22.3375 14.5112
GPRESSAVG: 2930000 1957.06 26.692 7.00941 -2.49962 -1873.98 24.6924 -41.3511 47.6626 4.40302
TIMING: 2930000  CPU: 2647.66, 0.000907328/step  Wall: 2648.16, 0.000907486/step, 380.832 ns/days, 0.521804 hours remaining, 0.000000 MB of memory in use.
PERFORMANCE: 2930000  averaging 382.385 ns/day, 0.000903802 sec/step with standard deviation 3.14e-06
ENERGY: 2930000        33.7250        69.5880        57.5266         4.8560         -52294.0814    -85123.4824         0.0000         0.0000     10767.0556        -126484.8126       297.7458   -137251.8682   -126552.6822       297.1784            444.9988       451.8878    184566.7144        28.1010        29.1592

WRITING EXTENDED SYSTEM TO RESTART FILE AT STEP 2930000
WRITING COORDINATES TO DCD FILE ../output/02_eq_4_CLKWWW.0.dcd AT STEP 2930000
WRITING COORDINATES TO RESTART FILE AT STEP 2930000
FINISHED WRITING RESTART COORDINATES
WRITING VELOCITIES TO RESTART FILE AT STEP 2930000
FINISHED WRITING RESTART VELOCITIES
PRESSURE: 2940000 1989.92 83.2374 -308.547 83.2399 -2283.43 61.3096 -308.546 61.3093 -192.843
GPRESSURE: 2940000 2006.85 10.1955 -395.379 203.519 -2229.84 193.16 -281.91 -133.104 -272.086
PRESSAVG: 2940000 1930.31 2.88353 -17.0715 2.88353 -1895.26 23.0989 -17.0715 23.0989 3.14807
GPRESSAVG: 2940000 1943.12 28.3594 11.6998 5.30742 -1891.35 30.6219 -35.1195 33.2309 -11.6524
TIMING: 2940000  CPU: 2656.75, 0.000909046/step  Wall: 2657.25, 0.000909229/step, 380.102 ns/days, 0.520281 hours remaining, 0.000000 MB of memory in use.
PERFORMANCE: 2940000  averaging 382.377 ns/day, 0.00090382 sec/step with standard deviation 3.15057e-06
ENERGY: 2940000        26.7930        70.5874        60.3505         1.6209         -52097.3109    -85337.0236         0.0000         0.0000     10836.6052        -126438.3774       299.6691   -137274.9826   -126542.5406       297.2197           -162.1180      -165.0265    184979.3783        12.7331        13.3704

WRITING EXTENDED SYSTEM TO RESTART FILE AT STEP 2940000
WRITING COORDINATES TO DCD FILE ../output/02_eq_4_CLKWWW.0.dcd AT STEP 2940000
WRITING COORDINATES TO RESTART FILE AT STEP 2940000
FINISHED WRITING RESTART COORDINATES
WRITING VELOCITIES TO RESTART FILE AT STEP 2940000
FINISHED WRITING RESTART VELOCITIES
PRESSURE: 2950000 2183.18 12.4538 -57.2613 12.4562 -1225.69 59.3311 -57.2599 59.3307 148.999
GPRESSURE: 2950000 2146.19 31.6606 -56.2513 -86.6068 -1234.98 95.7001 -33.4827 115.983 195.995
PRESSAVG: 2950000 1958.57 9.61409 -21.9062 9.61409 -1852.09 27.526 -21.9062 27.526 -3.48424
GPRESSAVG: 2950000 1971.25 30.6263 1.46573 12.7266 -1854.05 39.5002 -39.9719 37.3321 -11.7949
TIMING: 2950000  CPU: 2665.84, 0.000908955/step  Wall: 2666.34, 0.00090893/step, 380.227 ns/days, 0.517585 hours remaining, 0.000000 MB of memory in use.
PERFORMANCE: 2950000  averaging 382.37 ns/day, 0.000903838 sec/step with standard deviation 3.15925e-06
ENERGY: 2950000        34.0751        67.3866        54.9684         3.9585         -52351.4148    -85015.8146         0.0000         0.0000     10777.0270        -126429.8138       298.0215   -137206.8407   -126542.9140       297.1332            368.8292       369.0702    185280.4635        34.3297        35.1369

WRITING EXTENDED SYSTEM TO RESTART FILE AT STEP 2950000
WRITING COORDINATES TO DCD FILE ../output/02_eq_4_CLKWWW.0.dcd AT STEP 2950000
WRITING COORDINATES TO RESTART FILE AT STEP 2950000
FINISHED WRITING RESTART COORDINATES
WRITING VELOCITIES TO RESTART FILE AT STEP 2950000
FINISHED WRITING RESTART VELOCITIES
PRESSURE: 2960000 2389.04 352.469 -50.0485 352.468 -1116.53 -0.402016 -50.0472 -0.401264 -282.591
GPRESSURE: 2960000 2385.82 313.602 98.0686 346.831 -1147.9 -115.014 -137.601 59.2341 -254.381
PRESSAVG: 2960000 1935.66 27.4684 -39.5825 27.4684 -1834.5 39.9198 -39.5825 39.9198 6.93094
GPRESSAVG: 2960000 1946.94 46.0678 -8.62486 33.7905 -1836.4 45.9279 -68.2971 46.2609 -0.449283
TIMING: 2960000  CPU: 2674.92, 0.00090815/step  Wall: 2675.43, 0.000908315/step, 380.485 ns/days, 0.514712 hours remaining, 0.000000 MB of memory in use.
PERFORMANCE: 2960000  averaging 382.363 ns/day, 0.000903853 sec/step with standard deviation 3.16461e-06
ENERGY: 2960000        32.4921        80.0171        63.3865         1.3850         -52276.8528    -85137.2300         0.0000         0.0000     10777.9749        -126458.8273       298.0477   -137236.8022   -126536.4680       297.2398            329.9709       327.8480    185375.3133        36.0320        36.6979

WRITING EXTENDED SYSTEM TO RESTART FILE AT STEP 2960000
WRITING COORDINATES TO DCD FILE ../output/02_eq_4_CLKWWW.0.dcd AT STEP 2960000
WRITING COORDINATES TO RESTART FILE AT STEP 2960000
FINISHED WRITING RESTART COORDINATES
WRITING VELOCITIES TO RESTART FILE AT STEP 2960000
FINISHED WRITING RESTART VELOCITIES
PRESSURE: 2970000 2641.24 -8.94411 243.295 -8.94457 -1230.12 591.989 243.293 591.988 -221.589
GPRESSURE: 2970000 2707.39 -139.362 41.266 21.7338 -1252.72 649.313 253.751 656.437 -268.675
PRESSAVG: 2970000 2024.57 32.2365 -15.8768 32.2365 -1787.1 60.3849 -15.8768 60.3849 19.6662
GPRESSAVG: 2970000 2031.68 43.5611 3.64889 38.3144 -1785.5 64.8835 -44.8218 71.8759 13.0065
TIMING: 2970000  CPU: 2683.98, 0.000905608/step  Wall: 2684.48, 0.000905872/step, 381.511 ns/days, 0.510811 hours remaining, 0.000000 MB of memory in use.
PERFORMANCE: 2970000  averaging 382.36 ns/day, 0.000903859 sec/step with standard deviation 3.16143e-06
ENERGY: 2970000        33.3243        66.8127        56.8620         4.4624         -52157.5069    -85362.7285         0.0000         0.0000     10826.8785        -126531.8954       299.4001   -137358.7740   -126518.0596       297.5174            396.5099       395.3309    184596.1556        85.7099        86.3980

WRITING EXTENDED SYSTEM TO RESTART FILE AT STEP 2970000
WRITING COORDINATES TO DCD FILE ../output/02_eq_4_CLKWWW.0.dcd AT STEP 2970000
WRITING COORDINATES TO RESTART FILE AT STEP 2970000
FINISHED WRITING RESTART COORDINATES
WRITING VELOCITIES TO RESTART FILE AT STEP 2970000
FINISHED WRITING RESTART VELOCITIES
PRESSURE: 2980000 1933.65 -151.966 -43.1721 -151.967 -1642.38 96.5211 -43.1734 96.5188 317.246
GPRESSURE: 2980000 1933.51 -168.362 -42.9652 -132.962 -1713.46 177.581 -20.5528 0.728314 374.37
PRESSAVG: 2980000 2021.18 24.9202 -5.33531 24.9202 -1785.92 61.8481 -5.33531 61.8481 -0.144464
GPRESSAVG: 2980000 2026.08 30.1418 7.09198 28.3975 -1788.67 68.0463 -29.4739 64.7612 -0.267804
TIMING: 2980000  CPU: 2693.04, 0.000905803/step  Wall: 2693.54, 0.000905986/step, 381.463 ns/days, 0.508359 hours remaining, 0.000000 MB of memory in use.
PERFORMANCE: 2980000  averaging 382.357 ns/day, 0.000903867 sec/step with standard deviation 3.15851e-06
ENERGY: 2980000        31.7004        69.6201        51.0713         4.8542         -52340.7356    -85341.3868         0.0000         0.0000     10651.0080        -126873.8683       294.5367   -137524.8763   -126536.6132       297.3514            202.8387       198.1394    184685.5766        78.3735        79.0473

WRITING EXTENDED SYSTEM TO RESTART FILE AT STEP 2980000
WRITING COORDINATES TO DCD FILE ../output/02_eq_4_CLKWWW.0.dcd AT STEP 2980000
WRITING COORDINATES TO RESTART FILE AT STEP 2980000
FINISHED WRITING RESTART COORDINATES
WRITING VELOCITIES TO RESTART FILE AT STEP 2980000
FINISHED WRITING RESTART VELOCITIES
PRESSURE: 2990000 1691.64 95.9254 420.77 95.9261 -2194.01 -168.417 420.77 -168.417 -138.424
GPRESSURE: 2990000 1788.61 221.114 280.618 23.1309 -2249.18 -120.093 470.702 -93.1998 -189.907
PRESSAVG: 2990000 2058.47 14.7602 7.63105 14.7602 -1771.51 42.5711 7.63105 42.5711 17.0098
GPRESSAVG: 2990000 2070.42 32.063 13.9203 6.92185 -1780.58 48.0434 -8.58619 52.8254 15.6258
TIMING: 2990000  CPU: 2702.09, 0.000905141/step  Wall: 2702.6, 0.000905297/step, 381.753 ns/days, 0.505458 hours remaining, 0.000000 MB of memory in use.
PERFORMANCE: 2990000  averaging 382.355 ns/day, 0.000903871 sec/step with standard deviation 3.15429e-06
ENERGY: 2990000        29.1653        65.0211        67.3987         3.3839         -52103.5628    -85282.0199         0.0000         0.0000     10793.4984        -126427.1152       298.4770   -137220.6137   -126530.5014       297.4547           -213.5978      -216.8245    184973.4549       101.3218       101.8242

WRITING EXTENDED SYSTEM TO RESTART FILE AT STEP 2990000
WRITING COORDINATES TO DCD FILE ../output/02_eq_4_CLKWWW.0.dcd AT STEP 2990000
WRITING COORDINATES TO RESTART FILE AT STEP 2990000
FINISHED WRITING RESTART COORDINATES
WRITING VELOCITIES TO RESTART FILE AT STEP 2990000
FINISHED WRITING RESTART VELOCITIES
PRESSURE: 3000000 2152.35 -341.622 -188.674 -341.623 -1870.31 47.1882 -188.674 47.1868 -638.085
GPRESSURE: 3000000 2075.07 -429.287 -205.844 -305.862 -1823.04 100.119 -272 54.9498 -586.953
PRESSAVG: 3000000 2058.49 11.1782 8.26707 11.1782 -1781.7 41.1236 8.26707 41.1236 -36.4096
GPRESSAVG: 3000000 2072.33 19.3253 15.4459 1.08893 -1787.81 48.1056 -9.03657 48.4787 -41.7398
TIMING: 3000000  CPU: 2711.15, 0.000906212/step  Wall: 2711.66, 0.000906382/step, 381.296 ns/days, 0.503546 hours remaining, 0.000000 MB of memory in use.
PERFORMANCE: 3000000  averaging 382.352 ns/day, 0.00090388 sec/step with standard deviation 3.15235e-06
ETITLE:      TS           BOND          ANGLE          DIHED          IMPRP               ELECT            VDW       BOUNDARY           MISC        KINETIC               TOTAL           TEMP      POTENTIAL       TOTALAVG        TEMPAVG            PRESSURE      GPRESSURE         VOLUME       PRESSAVG      GPRESSAVG

ENERGY: 3000000        40.4197        81.3768        53.0016         1.5344         -52216.2163    -85363.4774         0.0000         0.0000     10677.6103        -126725.7508       295.2723   -137403.3611   -126529.8531       297.4774           -118.6814      -111.6401    184658.4016        80.1243        80.9290

WRITING EXTENDED SYSTEM TO RESTART FILE AT STEP 3000000
WRITING COORDINATES TO DCD FILE ../output/02_eq_4_CLKWWW.0.dcd AT STEP 3000000
WRITING COORDINATES TO RESTART FILE AT STEP 3000000
FINISHED WRITING RESTART COORDINATES
WRITING VELOCITIES TO RESTART FILE AT STEP 3000000
FINISHED WRITING RESTART VELOCITIES
PRESSURE: 3010000 2375.41 -114.116 73.2003 -114.12 -1365.41 522.366 73.2006 522.365 386.685
GPRESSURE: 3010000 2408.17 -111.601 -71.4982 -90.9261 -1361.26 699.559 75.6978 408.916 339.331
PRESSAVG: 3010000 2070.86 8.38298 23.5628 8.38298 -1749.23 62.4078 23.5628 62.4078 -39.1303
GPRESSAVG: 3010000 2085.72 14.483 16.8321 7.96183 -1753.2 78.4105 6.47464 63.9244 -48.3507
TIMING: 3010000  CPU: 2720.21, 0.000906357/step  Wall: 2720.73, 0.000906455/step, 381.265 ns/days, 0.501068 hours remaining, 0.000000 MB of memory in use.
PERFORMANCE: 3010000  averaging 382.348 ns/day, 0.000903888 sec/step with standard deviation 3.15059e-06
ENERGY: 3010000        30.2635        81.3749        51.3716         2.9300         -52062.3807    -85345.8094         0.0000         0.0000     10802.3981        -126439.8520       298.7231   -137242.2501   -126524.0505       297.5552            465.5600       462.0792    184728.1700        94.1668        94.7248

WRITING EXTENDED SYSTEM TO RESTART FILE AT STEP 3010000
WRITING COORDINATES TO DCD FILE ../output/02_eq_4_CLKWWW.0.dcd AT STEP 3010000
WRITING COORDINATES TO RESTART FILE AT STEP 3010000
FINISHED WRITING RESTART COORDINATES
WRITING VELOCITIES TO RESTART FILE AT STEP 3010000
FINISHED WRITING RESTART VELOCITIES
PRESSURE: 3020000 2363.36 137.914 -98.9468 137.913 -1644.95 66.6708 -98.9459 66.6721 56.1835
GPRESSURE: 3020000 2321.45 105.765 -115.068 252.764 -1591.97 126.273 -113.297 -32.0085 34.5921
PRESSAVG: 3020000 2038.44 18.0754 32.7096 18.0754 -1804.59 70.0328 32.7096 70.0328 -49.2408
GPRESSAVG: 3020000 2049.2 22.9399 20.8424 26.8797 -1802.42 85.1632 20.3915 73.7572 -60.7645
TIMING: 3020000  CPU: 2729.27, 0.000905966/step  Wall: 2729.79, 0.000906007/step, 381.454 ns/days, 0.498304 hours remaining, 0.000000 MB of memory in use.
PERFORMANCE: 3020000  averaging 382.345 ns/day, 0.000903895 sec/step with standard deviation 3.14771e-06
ENERGY: 3020000        31.2937        86.6187        49.3463         1.7384         -52200.7002    -85326.9872         0.0000         0.0000     10792.1244        -126566.5660       298.4390   -137358.6903   -126517.4052       297.6877            258.1987       254.6908    184346.2257        61.5353        62.0074

WRITING EXTENDED SYSTEM TO RESTART FILE AT STEP 3020000
WRITING COORDINATES TO DCD FILE ../output/02_eq_4_CLKWWW.0.dcd AT STEP 3020000
WRITING COORDINATES TO RESTART FILE AT STEP 3020000
FINISHED WRITING RESTART COORDINATES
WRITING VELOCITIES TO RESTART FILE AT STEP 3020000
FINISHED WRITING RESTART VELOCITIES
PRESSURE: 3030000 2354.4 -179.751 48.6119 -179.751 -1619.07 -41.1156 48.6107 -41.1162 675.048
GPRESSURE: 3030000 2382 -182.939 30.325 -148.355 -1623.01 -97.4507 28.9193 47.1362 658.108
PRESSAVG: 3030000 2057.79 10.6634 24.4034 10.6634 -1792.03 71.0258 24.4034 71.0258 -10.1814
GPRESSAVG: 3030000 2069.58 14.1559 10.6332 23.6093 -1791.48 82.8613 15.8036 76.5265 -21.7949
TIMING: 3030000  CPU: 2738.35, 0.0009073/step  Wall: 2738.86, 0.00090783/step, 380.688 ns/days, 0.496785 hours remaining, 0.000000 MB of memory in use.
PERFORMANCE: 3030000  averaging 382.34 ns/day, 0.000903908 sec/step with standard deviation 3.15061e-06
ENERGY: 3030000        35.4618        70.1979        59.0246         3.5752         -52421.1638    -85228.8120         0.0000         0.0000     10741.1209        -126740.5954       297.0286   -137481.7163   -126534.9684       297.6760            470.1268       472.3651    184318.6093        85.1930        85.4347

WRITING EXTENDED SYSTEM TO RESTART FILE AT STEP 3030000
WRITING COORDINATES TO DCD FILE ../output/02_eq_4_CLKWWW.0.dcd AT STEP 3030000
WRITING COORDINATES TO RESTART FILE AT STEP 3030000
FINISHED WRITING RESTART COORDINATES
WRITING VELOCITIES TO RESTART FILE AT STEP 3030000
FINISHED WRITING RESTART VELOCITIES
PRESSURE: 3040000 1844.55 -31.5639 -175.219 -31.5639 -1503.68 204.037 -175.218 204.038 211.13
GPRESSURE: 3040000 1834.32 -73.5504 -130.257 -38.9892 -1465.15 159.286 -229.003 243.983 170.222
PRESSAVG: 3040000 2053.66 12.5266 35.3883 12.5266 -1781.23 69.109 35.3883 69.109 6.9091
GPRESSAVG: 3040000 2065.23 8.62917 24.4277 31.1965 -1779.41 84.0303 29.0326 69.0217 -7.04781
TIMING: 3040000  CPU: 2747.4, 0.00090512/step  Wall: 2747.92, 0.000905278/step, 381.761 ns/days, 0.492873 hours remaining, 0.000000 MB of memory in use.
PERFORMANCE: 3040000  averaging 382.338 ns/day, 0.000903913 sec/step with standard deviation 3.14639e-06
ENERGY: 3040000        29.7739        65.6671        55.2944         2.6533         -52540.4313    -85140.9229         0.0000         0.0000     10832.2355        -126695.7300       299.5482   -137527.9655   -126537.6580       297.8741            183.9993       179.7966    183526.2907        93.1113        92.9254

WRITING EXTENDED SYSTEM TO RESTART FILE AT STEP 3040000
WRITING COORDINATES TO DCD FILE ../output/02_eq_4_CLKWWW.0.dcd AT STEP 3040000
WRITING COORDINATES TO RESTART FILE AT STEP 3040000
FINISHED WRITING RESTART COORDINATES
WRITING VELOCITIES TO RESTART FILE AT STEP 3040000
FINISHED WRITING RESTART VELOCITIES
PRESSURE: 3050000 2332.08 193.318 94.2738 193.318 -2056.65 341.696 94.2754 341.694 -505.434
GPRESSURE: 3050000 2261.89 80.8224 161.761 288.654 -1999.95 423.651 145.401 336.514 -505.075
PRESSAVG: 3050000 2103.86 22.8328 28.5782 22.8328 -1771.81 84.4192 28.5782 84.4192 -5.84585
GPRESSAVG: 3050000 2115.2 15.1547 25.1379 43.5912 -1768.54 106.84 27.4064 79.7629 -22.1713
TIMING: 3050000  CPU: 2756.47, 0.00090684/step  Wall: 2756.99, 0.000906979/step, 381.045 ns/days, 0.49128 hours remaining, 0.000000 MB of memory in use.
PERFORMANCE: 3050000  averaging 382.334 ns/day, 0.000903923 sec/step with standard deviation 3.14611e-06
ENERGY: 3050000        31.4483        67.4847        61.4216         2.8965         -52136.6347    -85236.0891         0.0000         0.0000     10770.6717        -126438.8010       297.8458   -137209.4727   -126528.0602       297.7731            -76.6682       -81.0449    184908.4401       108.7364       108.1649

WRITING EXTENDED SYSTEM TO RESTART FILE AT STEP 3050000
WRITING COORDINATES TO DCD FILE ../output/02_eq_4_CLKWWW.0.dcd AT STEP 3050000
WRITING COORDINATES TO RESTART FILE AT STEP 3050000
FINISHED WRITING RESTART COORDINATES
WRITING VELOCITIES TO RESTART FILE AT STEP 3050000
FINISHED WRITING RESTART VELOCITIES
PRESSURE: 3060000 1928.18 -295.652 -219.775 -295.651 -1751.09 -454.562 -219.773 -454.562 201.035
GPRESSURE: 3060000 1845.96 -180.817 -212.475 -294.988 -1745.57 -440.459 -336.178 -423.814 282.555
PRESSAVG: 3060000 2111.46 14.9315 3.06991 14.9315 -1739.7 48.1431 3.06991 48.1431 11.9893
GPRESSAVG: 3060000 2118.87 6.89628 -0.47782 35.186 -1737.24 71.3178 -2.26874 44.5198 0.475105
TIMING: 3060000  CPU: 2765.54, 0.000907434/step  Wall: 2766.06, 0.000907615/step, 380.778 ns/days, 0.489104 hours remaining, 0.000000 MB of memory in use.
PERFORMANCE: 3060000  averaging 382.328 ns/day, 0.000903935 sec/step with standard deviation 3.14804e-06
ENERGY: 3060000        28.1343        78.6585        58.0928         2.0974         -52406.9977    -85133.1000         0.0000         0.0000     10690.0234        -126683.0913       295.6156   -137373.1147   -126540.6127       297.7222            126.0419       127.6474    185096.1402       127.9175       127.3704

WRITING EXTENDED SYSTEM TO RESTART FILE AT STEP 3060000
WRITING COORDINATES TO DCD FILE ../output/02_eq_4_CLKWWW.0.dcd AT STEP 3060000
WRITING COORDINATES TO RESTART FILE AT STEP 3060000
FINISHED WRITING RESTART COORDINATES
WRITING VELOCITIES TO RESTART FILE AT STEP 3060000
FINISHED WRITING RESTART VELOCITIES
PRESSURE: 3070000 1780.7 -349.87 159.883 -349.871 -2070.63 214.823 159.884 214.823 -450.777
GPRESSURE: 3070000 1820.12 -256.352 173.01 -460.911 -2117.52 131.997 161.036 157.315 -437.074
PRESSAVG: 3070000 2124.93 -0.0100749 1.74027 -0.0100749 -1717.86 52.6399 1.74027 52.6399 21.5752
GPRESSAVG: 3070000 2134.65 -4.41517 0.935513 17.0642 -1716.11 72.194 -5.3273 39.5291 8.52579
TIMING: 3070000  CPU: 2774.6, 0.000906044/step  Wall: 2775.12, 0.000906252/step, 381.351 ns/days, 0.485852 hours remaining, 0.000000 MB of memory in use.
PERFORMANCE: 3070000  averaging 382.325 ns/day, 0.000903942 sec/step with standard deviation 3.14567e-06
ENERGY: 3070000        36.4210        75.0324        65.7952         1.8554         -52441.7359    -85108.9346         0.0000         0.0000     10825.9155        -126545.6509       299.3735   -137371.5664   -126539.7449       297.8133           -246.8996      -244.8253    184085.4398       142.8826       142.3552

WRITING EXTENDED SYSTEM TO RESTART FILE AT STEP 3070000
WRITING COORDINATES TO DCD FILE ../output/02_eq_4_CLKWWW.0.dcd AT STEP 3070000
WRITING COORDINATES TO RESTART FILE AT STEP 3070000
FINISHED WRITING RESTART COORDINATES
WRITING VELOCITIES TO RESTART FILE AT STEP 3070000
FINISHED WRITING RESTART VELOCITIES
PRESSURE: 3080000 1595.47 143.353 89.0726 143.351 -1925.18 -263.898 89.0761 -263.898 -102.932
GPRESSURE: 3080000 1669.4 -25.4099 61.8926 117.09 -1846.62 -271.29 59.5158 -217.341 -253.016
PRESSAVG: 3080000 2110.88 1.61948 -0.383034 1.61948 -1714.53 53.8692 -0.383034 53.8692 6.97299
GPRESSAVG: 3080000 2119.79 -15.6749 -3.31539 24.3119 -1706.44 73.7159 -5.26834 44.406 -11.7072
TIMING: 3080000  CPU: 2783.66, 0.000906232/step  Wall: 2784.19, 0.000906398/step, 381.289 ns/days, 0.483412 hours remaining, 0.000000 MB of memory in use.
PERFORMANCE: 3080000  averaging 382.322 ns/day, 0.00090395 sec/step with standard deviation 3.14366e-06
ENERGY: 3080000        25.0230        75.0976        60.3845         1.2420         -52279.5606    -85343.5790         0.0000         0.0000     10770.2131        -126691.1795       297.8331   -137461.3925   -126537.2003       298.0065           -144.2156      -143.4123    184898.9640       134.4428       133.8807

WRITING EXTENDED SYSTEM TO RESTART FILE AT STEP 3080000
WRITING COORDINATES TO DCD FILE ../output/02_eq_4_CLKWWW.0.dcd AT STEP 3080000
WRITING COORDINATES TO RESTART FILE AT STEP 3080000
FINISHED WRITING RESTART COORDINATES
WRITING VELOCITIES TO RESTART FILE AT STEP 3080000
FINISHED WRITING RESTART VELOCITIES
PRESSURE: 3090000 1729.66 -133.175 -174.889 -133.175 -1652.47 161.841 -174.889 161.844 -185.784
GPRESSURE: 3090000 1658.4 -123.834 -37.3779 -131.809 -1592.85 189.378 -419.577 155.173 -194.366
PRESSAVG: 3090000 2121.13 -9.71393 -12.4796 -9.71393 -1684.93 59.8745 -12.4796 59.8745 -65.2372
GPRESSAVG: 3090000 2125.69 -27.8421 -12.6699 11.226 -1675.81 81.8362 -30.4078 49.4806 -82.2369
TIMING: 3090000  CPU: 2792.73, 0.000906464/step  Wall: 2793.25, 0.000906425/step, 381.278 ns/days, 0.480909 hours remaining, 0.000000 MB of memory in use.
PERFORMANCE: 3090000  averaging 382.318 ns/day, 0.000903958 sec/step with standard deviation 3.14171e-06
ENERGY: 3090000        31.5906        87.0644        61.2238         0.9606         -52275.0627    -85256.1302         0.0000         0.0000     10592.4834        -126757.8701       292.9183   -137350.3535   -126563.1599       297.7276            -36.1983       -42.9396    185297.5734       123.6536       122.5462

WRITING EXTENDED SYSTEM TO RESTART FILE AT STEP 3090000
WRITING COORDINATES TO DCD FILE ../output/02_eq_4_CLKWWW.0.dcd AT STEP 3090000
WRITING COORDINATES TO RESTART FILE AT STEP 3090000
FINISHED WRITING RESTART COORDINATES
WRITING VELOCITIES TO RESTART FILE AT STEP 3090000
FINISHED WRITING RESTART VELOCITIES
PRESSURE: 3100000 1062.15 101.031 -115.194 101.032 -3119.58 -95.7356 -115.192 -95.735 -1113.31
GPRESSURE: 3100000 1059.53 133.332 -1.14317 133.955 -3060.16 -42.4558 -154.762 -175.682 -1168.42
PRESSAVG: 3100000 2062.01 3.49703 -6.91674 3.49703 -1745.33 57.3782 -6.91674 57.3782 -74.4076
GPRESSAVG: 3100000 2064.14 -18.1275 -6.73534 25.6008 -1731.53 86.4264 -27.1828 41.9024 -93.2194
TIMING: 3100000  CPU: 2801.81, 0.000908147/step  Wall: 2802.34, 0.000908334/step, 380.477 ns/days, 0.479399 hours remaining, 0.000000 MB of memory in use.
PERFORMANCE: 3100000  averaging 382.312 ns/day, 0.000903973 sec/step with standard deviation 3.14645e-06
ETITLE:      TS           BOND          ANGLE          DIHED          IMPRP               ELECT            VDW       BOUNDARY           MISC        KINETIC               TOTAL           TEMP      POTENTIAL       TOTALAVG        TEMPAVG            PRESSURE      GPRESSURE         VOLUME       PRESSAVG      GPRESSAVG

ENERGY: 3100000        34.0781        74.6609        56.5034         3.0956         -52352.5502    -85243.4365         0.0000         0.0000     10786.4331        -126641.2156       298.2816   -137427.6487   -126570.1365       297.6699          -1056.9139     -1056.3496    184659.5043        80.7589        79.7993

WRITING EXTENDED SYSTEM TO RESTART FILE AT STEP 3100000
WRITING COORDINATES TO DCD FILE ../output/02_eq_4_CLKWWW.0.dcd AT STEP 3100000
WRITING COORDINATES TO RESTART FILE AT STEP 3100000
FINISHED WRITING RESTART COORDINATES
WRITING VELOCITIES TO RESTART FILE AT STEP 3100000
FINISHED WRITING RESTART VELOCITIES
PRESSURE: 3110000 1766.13 143.099 -30.101 143.099 -2216.79 58.5054 -30.1013 58.5057 -388.77
GPRESSURE: 3110000 1679.35 256.913 104.278 47.6745 -2171.12 120.66 -156.49 63.2425 -335.133
PRESSAVG: 3110000 2026.12 -15.6734 -2.84694 -15.6734 -1780.54 61.6724 -2.84694 61.6724 -74.4675
GPRESSAVG: 3110000 2022.86 -26.0362 4.3835 -2.90035 -1768.04 90.7254 -31.3014 54.5449 -85.1924
TIMING: 3110000  CPU: 2810.87, 0.000906091/step  Wall: 2811.4, 0.0009063/step, 381.331 ns/days, 0.475807 hours remaining, 0.000000 MB of memory in use.
PERFORMANCE: 3110000  averaging 382.309 ns/day, 0.00090398 sec/step with standard deviation 3.14414e-06
ENERGY: 3110000        25.6511        68.6344        58.1118         3.1039         -52399.3622    -85370.7720         0.0000         0.0000     10773.6251        -126841.0080       297.9274   -137614.6331   -126594.5769       297.6793           -279.8074      -275.6346    182752.7905        57.0367        56.5413

WRITING EXTENDED SYSTEM TO RESTART FILE AT STEP 3110000
WRITING COORDINATES TO DCD FILE ../output/02_eq_4_CLKWWW.0.dcd AT STEP 3110000
WRITING COORDINATES TO RESTART FILE AT STEP 3110000
FINISHED WRITING RESTART COORDINATES
WRITING VELOCITIES TO RESTART FILE AT STEP 3110000
FINISHED WRITING RESTART VELOCITIES
PRESSURE: 3120000 1553.87 -0.0853638 67.2121 -0.0872958 -1981.23 -4.96795 67.2103 -4.96763 -66.0923
GPRESSURE: 3120000 1553.21 -4.45598 66.8603 -29.868 -2039.5 7.13045 43.9339 -75.0524 -24.8957
PRESSAVG: 3120000 2001.06 -18.9879 -8.09435 -18.9879 -1792.43 53.281 -8.09435 53.281 -96.5122
GPRESSAVG: 3120000 1994.19 -25.4402 -5.35028 -15.6958 -1779.12 85.7913 -38.4222 42.0413 -105.457
TIMING: 3120000  CPU: 2819.94, 0.000906941/step  Wall: 2820.47, 0.000907123/step, 380.985 ns/days, 0.47372 hours remaining, 0.000000 MB of memory in use.
PERFORMANCE: 3120000  averaging 382.305 ns/day, 0.00090399 sec/step with standard deviation 3.14412e-06
ENERGY: 3120000        27.5979        68.8641        61.5435         5.2923         -52141.5831    -85276.9075         0.0000         0.0000     10814.3403        -126440.8525       299.0534   -137255.1928   -126592.6437       297.6879           -164.4846      -170.3970    184631.8978        37.3745        36.5381

WRITING EXTENDED SYSTEM TO RESTART FILE AT STEP 3120000
WRITING COORDINATES TO DCD FILE ../output/02_eq_4_CLKWWW.0.dcd AT STEP 3120000
WRITING COORDINATES TO RESTART FILE AT STEP 3120000
FINISHED WRITING RESTART COORDINATES
WRITING VELOCITIES TO RESTART FILE AT STEP 3120000
FINISHED WRITING RESTART VELOCITIES
PRESSURE: 3130000 1551.12 -244.858 193.949 -244.859 -2056.61 -267.161 193.95 -267.161 -823.374
GPRESSURE: 3130000 1555.9 -314.975 135.468 -365.551 -2042.18 -274.995 288.895 -359.026 -829.074
PRESSAVG: 3130000 1960.91 -29.4404 -3.57745 -29.4404 -1826.29 56.5008 -3.57745 56.5008 -155.684
GPRESSAVG: 3130000 1954.66 -42.8769 -5.7356 -32.5738 -1815.4 85.6025 -31.3502 39.5191 -163.194
TIMING: 3130000  CPU: 2828.99, 0.000904657/step  Wall: 2829.52, 0.000904838/step, 381.947 ns/days, 0.470013 hours remaining, 0.000000 MB of memory in use.
PERFORMANCE: 3130000  averaging 382.304 ns/day, 0.000903993 sec/step with standard deviation 3.13945e-06
ENERGY: 3130000        36.3752        75.8810        67.4566         3.0117         -51820.3552    -85355.3399         0.0000         0.0000     10708.7812        -126284.1894       296.1343   -136992.9706   -126582.6125       297.6073           -442.9552      -438.4500    185134.2357        -7.0232        -7.9788

WRITING EXTENDED SYSTEM TO RESTART FILE AT STEP 3130000
WRITING COORDINATES TO DCD FILE ../output/02_eq_4_CLKWWW.0.dcd AT STEP 3130000
WRITING COORDINATES TO RESTART FILE AT STEP 3130000
FINISHED WRITING RESTART COORDINATES
WRITING VELOCITIES TO RESTART FILE AT STEP 3130000
FINISHED WRITING RESTART VELOCITIES
PRESSURE: 3140000 2475.28 -59.6315 160.918 -59.6313 -1817.93 288.146 160.921 288.145 139.644
GPRESSURE: 3140000 2413.77 -85.3003 219.138 -116.026 -1799.74 370.861 145.499 376.156 188.526
PRESSAVG: 3140000 1985.17 -36.584 19.8959 -36.584 -1803.02 67.8426 19.8959 67.8426 -139.06
GPRESSAVG: 3140000 1975 -47.6517 24.9903 -48.5511 -1793.89 94.4875 -9.97977 64.9821 -140.163
TIMING: 3140000  CPU: 2838.04, 0.000905496/step  Wall: 2838.58, 0.00090569/step, 381.588 ns/days, 0.46794 hours remaining, 0.000000 MB of memory in use.
PERFORMANCE: 3140000  averaging 382.302 ns/day, 0.000903998 sec/step with standard deviation 3.13589e-06
ENERGY: 3140000        24.6354        69.0127        55.9070         4.2724         -52175.4485    -85204.9049         0.0000         0.0000     10735.0246        -126491.5014       296.8600   -137226.5259   -126585.2687       297.4669            265.6627       267.5173    185568.4534        14.3658        13.6484

WRITING EXTENDED SYSTEM TO RESTART FILE AT STEP 3140000
WRITING COORDINATES TO DCD FILE ../output/02_eq_4_CLKWWW.0.dcd AT STEP 3140000
WRITING COORDINATES TO RESTART FILE AT STEP 3140000
FINISHED WRITING RESTART COORDINATES
WRITING VELOCITIES TO RESTART FILE AT STEP 3140000
FINISHED WRITING RESTART VELOCITIES
PRESSURE: 3150000 2048.11 30.3863 -3.87501 30.3876 -1765.51 -141.636 -3.8746 -141.635 -198.905
GPRESSURE: 3150000 2052.16 -16.1386 77.2506 110.09 -1713.5 -56.1634 4.13786 -157 -252.033
PRESSAVG: 3150000 1978.42 -35.6874 22.5652 -35.6874 -1830.01 57.7943 22.5652 57.7943 -156.455
GPRESSAVG: 3150000 1970.3 -50.0417 31.6653 -38.7162 -1817.82 86.8943 -8.09874 51.333 -162.565
TIMING: 3150000  CPU: 2847.1, 0.000906052/step  Wall: 2847.64, 0.000906156/step, 381.391 ns/days, 0.465664 hours remaining, 0.000000 MB of memory in use.
PERFORMANCE: 3150000  averaging 382.299 ns/day, 0.000904005 sec/step with standard deviation 3.13325e-06
ENERGY: 3150000        24.5338        75.2045        54.4962         2.8771         -52577.3201    -84967.6439         0.0000         0.0000     10714.2869        -126673.5656       296.2865   -137387.8525   -126597.4563       297.3801             27.9002        28.8743    184871.4146        -2.6807        -3.3614

WRITING EXTENDED SYSTEM TO RESTART FILE AT STEP 3150000
WRITING COORDINATES TO DCD FILE ../output/02_eq_4_CLKWWW.0.dcd AT STEP 3150000
WRITING COORDINATES TO RESTART FILE AT STEP 3150000
FINISHED WRITING RESTART COORDINATES
WRITING VELOCITIES TO RESTART FILE AT STEP 3150000
FINISHED WRITING RESTART VELOCITIES
PRESSURE: 3160000 2272.04 11.8634 83.3214 11.8607 -2052.18 90.0591 83.3223 90.0588 -8.5151
GPRESSURE: 3160000 2323.62 11.0519 209.84 34.0777 -2060.93 12.3345 72.9245 161.364 -47.5334
PRESSAVG: 3160000 1972.57 -52.7178 29.2336 -52.7178 -1876.79 62.3173 29.2336 62.3173 -142.751
GPRESSAVG: 3160000 1967.19 -65.1692 37.2539 -54.3539 -1863.47 93.2618 2.42756 56.4394 -152.222
TIMING: 3160000  CPU: 2856.16, 0.000905613/step  Wall: 2856.7, 0.00090576/step, 381.558 ns/days, 0.462944 hours remaining, 0.000000 MB of memory in use.
PERFORMANCE: 3160000  averaging 382.296 ns/day, 0.000904011 sec/step with standard deviation 3.12983e-06
ENERGY: 3160000        34.6233        64.2369        57.8641         2.6265         -52044.2798    -85232.2861         0.0000         0.0000     10900.4537        -126216.7615       301.4347   -137117.2151   -126585.3530       297.5495             70.4502        71.7194    185303.1785       -15.6567       -16.1679

WRITING EXTENDED SYSTEM TO RESTART FILE AT STEP 3160000
WRITING COORDINATES TO DCD FILE ../output/02_eq_4_CLKWWW.0.dcd AT STEP 3160000
WRITING COORDINATES TO RESTART FILE AT STEP 3160000
FINISHED WRITING RESTART COORDINATES
WRITING VELOCITIES TO RESTART FILE AT STEP 3160000
FINISHED WRITING RESTART VELOCITIES
PRESSURE: 3170000 2354.89 449.808 356.949 449.809 -1332.1 -18.3835 356.947 -18.3838 167.955
GPRESSURE: 3170000 2353.04 388.912 353.204 406.284 -1327.83 28.9483 287.621 -94.8603 174.317
PRESSAVG: 3170000 1958.25 -29.7801 34.9163 -29.7801 -1881.89 31.7987 34.9163 31.7987 -123.274
GPRESSAVG: 3170000 1949.47 -38.7555 52.8508 -35.1264 -1867.23 62.2435 4.12107 18.8746 -130.073
TIMING: 3170000  CPU: 2865.21, 0.000905104/step  Wall: 2865.75, 0.000905304/step, 381.75 ns/days, 0.460196 hours remaining, 0.000000 MB of memory in use.
PERFORMANCE: 3170000  averaging 382.295 ns/day, 0.000904015 sec/step with standard deviation 3.12572e-06
ENERGY: 3170000        43.5652        77.2630        61.5425         5.4214         -52327.9899    -85173.7558         0.0000         0.0000     10805.3670        -126508.5865       298.8052   -137313.9535   -126584.1875       297.5197            396.9136       399.8430    184458.0981       -15.6365       -15.9423

WRITING EXTENDED SYSTEM TO RESTART FILE AT STEP 3170000
WRITING COORDINATES TO DCD FILE ../output/02_eq_4_CLKWWW.0.dcd AT STEP 3170000
WRITING COORDINATES TO RESTART FILE AT STEP 3170000
FINISHED WRITING RESTART COORDINATES
WRITING VELOCITIES TO RESTART FILE AT STEP 3170000
FINISHED WRITING RESTART VELOCITIES
PRESSURE: 3180000 2755.27 58.8866 -4.30939 58.8869 -1410.47 173.516 -4.31029 173.515 -131.26
GPRESSURE: 3180000 2793.67 -48.7032 112.177 101.345 -1354.25 5.97984 -65.0421 165.076 -209.805
PRESSAVG: 3180000 1999.33 -19.2374 36.8595 -19.2374 -1870.29 35.6485 36.8595 35.6485 -145.699
GPRESSAVG: 3180000 1992.48 -32.7725 60.6079 -23.411 -1849.27 53.6635 1.8966 27.092 -159.282
TIMING: 3180000  CPU: 2874.25, 0.00090442/step  Wall: 2874.79, 0.00090468/step, 382.013 ns/days, 0.457366 hours remaining, 0.000000 MB of memory in use.
PERFORMANCE: 3180000  averaging 382.294 ns/day, 0.000904017 sec/step with standard deviation 3.12101e-06
ENERGY: 3180000        31.2621        73.2833        62.7572         2.8848         -52050.7478    -85290.7914         0.0000         0.0000     10823.6359        -126347.7158       299.3104   -137171.3517   -126557.8799       297.7584            404.5151       409.8704    184661.6301        -5.5527        -5.3557

WRITING EXTENDED SYSTEM TO RESTART FILE AT STEP 3180000
WRITING COORDINATES TO DCD FILE ../output/02_eq_4_CLKWWW.0.dcd AT STEP 3180000
WRITING COORDINATES TO RESTART FILE AT STEP 3180000
FINISHED WRITING RESTART COORDINATES
WRITING VELOCITIES TO RESTART FILE AT STEP 3180000
FINISHED WRITING RESTART VELOCITIES
PRESSURE: 3190000 1281.05 148.681 -145.418 148.678 -2809.73 57.8021 -145.417 57.8028 -1011.64
GPRESSURE: 3190000 1250.59 160.279 -169.809 140.091 -2847.34 -47.3094 -181.853 152.558 -944.42
PRESSAVG: 3190000 1978.8 -16.5998 8.55013 -16.5998 -1901.08 46.9595 8.55013 46.9595 -189.36
GPRESSAVG: 3190000 1965.58 -35.8143 38.0865 -17.563 -1879.18 57.3027 -30.7311 39.3799 -197.007
TIMING: 3190000  CPU: 2883.31, 0.000906238/step  Wall: 2883.86, 0.000906314/step, 381.325 ns/days, 0.455674 hours remaining, 0.000000 MB of memory in use.
PERFORMANCE: 3190000  averaging 382.291 ns/day, 0.000904024 sec/step with standard deviation 3.11875e-06
ENERGY: 3190000        32.0476        68.0807        54.7063         3.9929         -52157.6692    -85401.7465         0.0000         0.0000     10773.9655        -126626.6228       297.9369   -137400.5882   -126567.8553       297.7314           -846.7734      -847.0571    183731.7513       -37.2115       -36.8673

WRITING EXTENDED SYSTEM TO RESTART FILE AT STEP 3190000
WRITING COORDINATES TO DCD FILE ../output/02_eq_4_CLKWWW.0.dcd AT STEP 3190000
WRITING COORDINATES TO RESTART FILE AT STEP 3190000
FINISHED WRITING RESTART COORDINATES
WRITING VELOCITIES TO RESTART FILE AT STEP 3190000
FINISHED WRITING RESTART VELOCITIES
PRESSURE: 3200000 2153.46 10.6617 -84.1138 10.6628 -1536.72 -119.527 -84.1131 -119.527 272.346
GPRESSURE: 3200000 2134.41 -121.38 -152.096 95.0659 -1525.7 -26.6897 -160.698 -128.365 286.247
PRESSAVG: 3200000 1978.86 1.01445 13.7782 1.01445 -1884.4 38.6238 13.7782 38.6238 -143.838
GPRESSAVG: 3200000 1968.55 -20.4189 40.774 2.4834 -1864.31 50.9622 -25.166 30.2141 -153.347
TIMING: 3200000  CPU: 2892.38, 0.000906846/step  Wall: 2892.93, 0.00090704/step, 381.02 ns/days, 0.45352 hours remaining, 0.000000 MB of memory in use.
PERFORMANCE: 3200000  averaging 382.287 ns/day, 0.000904033 sec/step with standard deviation 3.11842e-06
ETITLE:      TS           BOND          ANGLE          DIHED          IMPRP               ELECT            VDW       BOUNDARY           MISC        KINETIC               TOTAL           TEMP      POTENTIAL       TOTALAVG        TEMPAVG            PRESSURE      GPRESSURE         VOLUME       PRESSAVG      GPRESSAVG

ENERGY: 3200000        26.1698        67.8533        51.4325         1.5215         -52336.0260    -85172.9472         0.0000         0.0000     10785.6944        -126576.3016       298.2612   -137361.9961   -126560.3828       297.8808            296.3647       298.3180    184185.6815       -16.4592       -16.3694

WRITING EXTENDED SYSTEM TO RESTART FILE AT STEP 3200000
WRITING COORDINATES TO DCD FILE ../output/02_eq_4_CLKWWW.0.dcd AT STEP 3200000
WRITING COORDINATES TO RESTART FILE AT STEP 3200000
FINISHED WRITING RESTART COORDINATES
WRITING VELOCITIES TO RESTART FILE AT STEP 3200000
FINISHED WRITING RESTART VELOCITIES
PRESSURE: 3210000 1725 184.225 3.56347 184.223 -2072.41 78.9084 3.5641 78.9088 -327.614
GPRESSURE: 3210000 1745.68 164.935 48.032 224.309 -1999.69 -28.2682 13.7955 64.591 -410.191
PRESSAVG: 3210000 1946.34 15.9316 10.2964 15.9316 -1919.75 16.451 10.2964 16.451 -179.553
GPRESSAVG: 3210000 1935.42 -6.59212 46.7505 18.2451 -1896.23 14.5709 -28.2611 12.9979 -190.823
TIMING: 3210000  CPU: 2901.43, 0.000904601/step  Wall: 2901.98, 0.000904797/step, 381.964 ns/days, 0.449885 hours remaining, 0.000000 MB of memory in use.
PERFORMANCE: 3210000  averaging 382.286 ns/day, 0.000904036 sec/step with standard deviation 3.11383e-06
ENERGY: 3210000        49.1539        85.9297        54.3520         1.6024         -52118.3655    -85339.4403         0.0000         0.0000     10798.8406        -126467.9272       298.6247   -137266.7678   -126561.7866       297.8759           -225.0078      -221.3995    185650.9557       -50.9875       -50.5434

WRITING EXTENDED SYSTEM TO RESTART FILE AT STEP 3210000
WRITING COORDINATES TO DCD FILE ../output/02_eq_4_CLKWWW.0.dcd AT STEP 3210000
WRITING COORDINATES TO RESTART FILE AT STEP 3210000
FINISHED WRITING RESTART COORDINATES
WRITING VELOCITIES TO RESTART FILE AT STEP 3210000
FINISHED WRITING RESTART VELOCITIES
PRESSURE: 3220000 2052.72 95.7252 -318.446 95.7245 -1847.32 323.055 -318.446 323.058 277.787
GPRESSURE: 3220000 2003.83 52.2029 -352.807 177.029 -1782.06 283.386 -226.605 264.085 265.296
PRESSAVG: 3220000 1930.81 13.8222 -0.678651 13.8222 -1929.87 29.2703 -0.678651 29.2703 -168.473
GPRESSAVG: 3220000 1919.54 -9.27024 34.8635 14.4584 -1905.73 22.4265 -33.9265 27.8026 -179.288
TIMING: 3220000  CPU: 2910.47, 0.000903615/step  Wall: 2911.01, 0.000903846/step, 382.366 ns/days, 0.446901 hours remaining, 0.000000 MB of memory in use.
PERFORMANCE: 3220000  averaging 382.286 ns/day, 0.000904035 sec/step with standard deviation 3.109e-06
ENERGY: 3220000        33.5543        68.0192        56.5750         0.9689         -52367.4604    -85277.7263         0.0000         0.0000     10790.1348        -126695.9345       298.3840   -137486.0693   -126568.2550       297.8732            161.0629       162.3562    185252.2311       -55.8443       -55.1601

WRITING EXTENDED SYSTEM TO RESTART FILE AT STEP 3220000
WRITING COORDINATES TO DCD FILE ../output/02_eq_4_CLKWWW.0.dcd AT STEP 3220000
WRITING COORDINATES TO RESTART FILE AT STEP 3220000
FINISHED WRITING RESTART COORDINATES
WRITING VELOCITIES TO RESTART FILE AT STEP 3220000
FINISHED WRITING RESTART VELOCITIES
PRESSURE: 3230000 2701.14 13.6811 37.6738 13.6801 -970.317 21.4171 37.6742 21.4163 229.639
GPRESSURE: 3230000 2712.2 -14.5851 128.95 -14.1635 -961.187 93.7122 -41.4302 71.7304 213.617
PRESSAVG: 3230000 1948.14 23.4937 -1.22548 23.4937 -1897.43 32.3969 -1.22548 32.3969 -190.744
GPRESSAVG: 3230000 1936.05 -0.852568 39.7948 21.168 -1872.64 31.9847 -37.444 29.0323 -201.513
TIMING: 3230000  CPU: 2919.53, 0.000906241/step  Wall: 2920.08, 0.000906351/step, 381.309 ns/days, 0.445623 hours remaining, 0.000000 MB of memory in use.
PERFORMANCE: 3230000  averaging 382.283 ns/day, 0.000904042 sec/step with standard deviation 3.10684e-06
ENERGY: 3230000        27.9884        78.7241        58.6923         2.7295         -52247.0137    -85190.6532         0.0000         0.0000     10807.3988        -126462.1338       298.8614   -137269.5326   -126554.3319       297.9648            653.4868       654.8779    183524.1952       -46.6763       -46.0345

WRITING EXTENDED SYSTEM TO RESTART FILE AT STEP 3230000
WRITING COORDINATES TO DCD FILE ../output/02_eq_4_CLKWWW.0.dcd AT STEP 3230000
WRITING COORDINATES TO RESTART FILE AT STEP 3230000
FINISHED WRITING RESTART COORDINATES
WRITING VELOCITIES TO RESTART FILE AT STEP 3230000
FINISHED WRITING RESTART VELOCITIES
PRESSURE: 3240000 1681.11 177.707 38.4646 177.705 -1781.27 -393.303 38.4639 -393.302 -454.738
GPRESSURE: 3240000 1668.73 165.94 48.9681 101.7 -1745.02 -358.322 -23.7741 -489.243 -478.111
PRESSAVG: 3240000 1939.97 33.9572 9.45862 33.9572 -1911.31 2.52995 9.45862 2.52995 -224.037
GPRESSAVG: 3240000 1927.77 11.122 48.756 28.2025 -1886.64 6.10426 -27.1825 -7.62903 -233.929
TIMING: 3240000  CPU: 2928.57, 0.000903996/step  Wall: 2929.12, 0.00090418/step, 382.225 ns/days, 0.442044 hours remaining, 0.000000 MB of memory in use.
PERFORMANCE: 3240000  averaging 382.283 ns/day, 0.000904043 sec/step with standard deviation 3.10204e-06
ENERGY: 3240000        43.2150        75.0280        56.8670         0.6266         -52091.1760    -85328.9984         0.0000         0.0000     10749.1170        -126495.3209       297.2497   -137244.4379   -126544.3115       297.8499           -184.9670      -184.8011    185041.9300       -65.1246       -64.2643

WRITING EXTENDED SYSTEM TO RESTART FILE AT STEP 3240000
WRITING COORDINATES TO DCD FILE ../output/02_eq_4_CLKWWW.0.dcd AT STEP 3240000
WRITING COORDINATES TO RESTART FILE AT STEP 3240000
FINISHED WRITING RESTART COORDINATES
WRITING VELOCITIES TO RESTART FILE AT STEP 3240000
FINISHED WRITING RESTART VELOCITIES
PRESSURE: 3250000 2191.48 99.0573 -228.091 99.0554 -1907.18 69.7296 -228.091 69.7282 405.944
GPRESSURE: 3250000 2145.23 44.5099 -219.356 148.368 -1960.19 74.3845 -182.445 65.7782 499.204
PRESSAVG: 3250000 1932.94 29.2441 -6.6597 29.2441 -1903.84 -11.0683 -6.6597 -11.0683 -178.468
GPRESSAVG: 3250000 1921.94 9.30634 29.7002 21.1882 -1884.65 -11.3591 -43.5748 -21.1658 -183.715
TIMING: 3250000  CPU: 2937.61, 0.000904339/step  Wall: 2938.17, 0.000904529/step, 382.077 ns/days, 0.439702 hours remaining, 0.000000 MB of memory in use.
PERFORMANCE: 3250000  averaging 382.282 ns/day, 0.000904044 sec/step with standard deviation 3.09736e-06
ENERGY: 3250000        33.0321        74.2424        59.4162         3.4640         -51982.5219    -85382.2758         0.0000         0.0000     10710.1900        -126484.4530       296.1733   -137194.6430   -126546.5941       297.7663            230.0795       228.0812    185110.1867       -49.7873       -48.8080

WRITING EXTENDED SYSTEM TO RESTART FILE AT STEP 3250000
WRITING COORDINATES TO DCD FILE ../output/02_eq_4_CLKWWW.0.dcd AT STEP 3250000
WRITING COORDINATES TO RESTART FILE AT STEP 3250000
FINISHED WRITING RESTART COORDINATES
WRITING VELOCITIES TO RESTART FILE AT STEP 3250000
FINISHED WRITING RESTART VELOCITIES
PRESSURE: 3260000 1653.14 -52.0252 421.6 -52.0266 -1414.71 -111.211 421.6 -111.211 -1184.75
GPRESSURE: 3260000 1718.89 -25.872 454.335 -19.6711 -1439.09 -256.224 360.052 -2.49203 -1219.39
PRESSAVG: 3260000 1919.19 41.4253 25.409 41.4253 -1887.02 6.09923 25.409 6.09923 -247.757
GPRESSAVG: 3260000 1915.59 17.0536 63.0407 34.954 -1869.32 -2.14737 -8.76328 -0.099712 -258.813
TIMING: 3260000  CPU: 2946.69, 0.000907841/step  Wall: 2947.25, 0.000908022/step, 380.608 ns/days, 0.438877 hours remaining, 0.000000 MB of memory in use.
PERFORMANCE: 3260000  averaging 382.277 ns/day, 0.000904057 sec/step with standard deviation 3.10043e-06
ENERGY: 3260000        22.0119        71.5276        57.2381         2.8814         -52474.2554    -85150.3622         0.0000         0.0000     10782.7793        -126688.1793       298.1806   -137470.9586   -126546.8485       297.8945           -315.4402      -313.1984    183900.2101       -71.8614       -70.8503

WRITING EXTENDED SYSTEM TO RESTART FILE AT STEP 3260000
WRITING COORDINATES TO DCD FILE ../output/02_eq_4_CLKWWW.0.dcd AT STEP 3260000
WRITING COORDINATES TO RESTART FILE AT STEP 3260000
FINISHED WRITING RESTART COORDINATES
WRITING VELOCITIES TO RESTART FILE AT STEP 3260000
FINISHED WRITING RESTART VELOCITIES
PRESSURE: 3270000 2040.57 24.7857 13.3359 24.7858 -2234.87 285.889 13.3341 285.889 493.96
GPRESSURE: 3270000 2034.61 90.8505 96.4628 -67.7081 -2259.41 357.509 13.0364 109.235 501.677
PRESSAVG: 3270000 1932.18 60.1581 18.0815 60.1581 -1895.23 9.6525 18.0815 9.6525 -200.521
GPRESSAVG: 3270000 1926.31 34.4137 59.2133 54.6141 -1876.42 9.1282 -16.1633 -2.5037 -211.875
TIMING: 3270000  CPU: 2955.74, 0.000905437/step  Wall: 2956.3, 0.000905579/step, 381.634 ns/days, 0.435181 hours remaining, 0.000000 MB of memory in use.
PERFORMANCE: 3270000  averaging 382.275 ns/day, 0.000904061 sec/step with standard deviation 3.09682e-06
ENERGY: 3270000        30.7770        78.7316        63.5315         1.6146         -52188.9911    -85349.3858         0.0000         0.0000     10732.9098        -126630.8122       296.8015   -137363.7221   -126551.1066       297.7659             99.8864        92.2947    183894.6226       -54.5221       -53.9943

WRITING EXTENDED SYSTEM TO RESTART FILE AT STEP 3270000
WRITING COORDINATES TO DCD FILE ../output/02_eq_4_CLKWWW.0.dcd AT STEP 3270000
WRITING COORDINATES TO RESTART FILE AT STEP 3270000
FINISHED WRITING RESTART COORDINATES
WRITING VELOCITIES TO RESTART FILE AT STEP 3270000
FINISHED WRITING RESTART VELOCITIES
PRESSURE: 3280000 1603.67 20.7759 36.5905 20.7752 -2329.53 -97.7671 36.5916 -97.7652 366.237
GPRESSURE: 3280000 1602.87 -77.1784 52.2127 4.56041 -2284.76 -134.747 39.2124 -152.038 310.794
PRESSAVG: 3280000 1932.59 54.0294 15.4572 54.0294 -1915.45 17.9592 15.4572 17.9592 -177.062
GPRESSAVG: 3280000 1922.98 31.8253 58.7293 48.9877 -1898.33 15.9554 -17.1784 0.761487 -183.685
TIMING: 3280000  CPU: 2964.8, 0.000905508/step  Wall: 2965.36, 0.000905706/step, 381.581 ns/days, 0.432726 hours remaining, 0.000000 MB of memory in use.
PERFORMANCE: 3280000  averaging 382.273 ns/day, 0.000904066 sec/step with standard deviation 3.09341e-06
ENERGY: 3280000        27.5738        62.7570        59.0626         1.3731         -52132.7741    -85339.1409         0.0000         0.0000     10699.5280        -126621.6205       295.8784   -137321.1485   -126547.6286       297.6682           -119.8736      -123.6985    184249.4626       -53.3050       -53.0087

WRITING EXTENDED SYSTEM TO RESTART FILE AT STEP 3280000
WRITING COORDINATES TO DCD FILE ../output/02_eq_4_CLKWWW.0.dcd AT STEP 3280000
WRITING COORDINATES TO RESTART FILE AT STEP 3280000
FINISHED WRITING RESTART COORDINATES
WRITING VELOCITIES TO RESTART FILE AT STEP 3280000
FINISHED WRITING RESTART VELOCITIES
PRESSURE: 3290000 3065.98 17.4511 192.71 17.4497 -1362.09 -14.8199 192.713 -14.8205 854.322
GPRESSURE: 3290000 3004.59 -71.7953 149.682 99.1697 -1263.64 -2.62656 200.213 72.4136 825.642
PRESSAVG: 3290000 1999.41 61.5606 33.8373 61.5606 -1900.93 9.12595 33.8373 9.12595 -125.057
GPRESSAVG: 3290000 1990.29 34.4272 68.0823 60.5366 -1881.86 6.35517 13.8111 -3.37647 -132.684
TIMING: 3290000  CPU: 2973.84, 0.000904099/step  Wall: 2974.4, 0.000904288/step, 382.179 ns/days, 0.429537 hours remaining, 0.000000 MB of memory in use.
PERFORMANCE: 3290000  averaging 382.273 ns/day, 0.000904067 sec/step with standard deviation 3.08872e-06
ENERGY: 3290000        33.8165        57.0457        57.1004         2.5105         -52439.4153    -85188.2419         0.0000         0.0000     10799.6349        -126677.5493       298.6467   -137477.1842   -126543.6126       297.9546            852.7375       855.5313    182879.3325        -8.8582        -8.0851

WRITING EXTENDED SYSTEM TO RESTART FILE AT STEP 3290000
WRITING COORDINATES TO DCD FILE ../output/02_eq_4_CLKWWW.0.dcd AT STEP 3290000
WRITING COORDINATES TO RESTART FILE AT STEP 3290000
FINISHED WRITING RESTART COORDINATES
WRITING VELOCITIES TO RESTART FILE AT STEP 3290000
FINISHED WRITING RESTART VELOCITIES
PRESSURE: 3300000 1650.22 -71.7842 -446.858 -71.7857 -2056.43 -249.654 -446.86 -249.655 191.101
GPRESSURE: 3300000 1658.11 -116.749 -399.239 -77.4429 -2040.7 -272.685 -526.577 -173.21 172.77
PRESSAVG: 3300000 2028.81 52.9197 17.254 52.9197 -1847.77 1.42997 17.254 1.42997 -59.8361
GPRESSAVG: 3300000 2020.22 21.9231 48.1775 49.9668 -1830.89 -5.15629 -4.77963 -3.25288 -65.6249
TIMING: 3300000  CPU: 2982.89, 0.000905114/step  Wall: 2983.45, 0.000905265/step, 381.767 ns/days, 0.427486 hours remaining, 0.000000 MB of memory in use.
PERFORMANCE: 3300000  averaging 382.271 ns/day, 0.00090407 sec/step with standard deviation 3.08472e-06
ETITLE:      TS           BOND          ANGLE          DIHED          IMPRP               ELECT            VDW       BOUNDARY           MISC        KINETIC               TOTAL           TEMP      POTENTIAL       TOTALAVG        TEMPAVG            PRESSURE      GPRESSURE         VOLUME       PRESSAVG      GPRESSAVG

ENERGY: 3300000        29.9895        66.8129        56.5427         2.2425         -52403.0349    -85206.8098         0.0000         0.0000     10839.1051        -126615.1522       299.7382   -137454.2573   -126542.3094       298.0274            -71.7051       -69.9424    185280.9982        40.4023        41.2353

WRITING EXTENDED SYSTEM TO RESTART FILE AT STEP 3300000
WRITING COORDINATES TO DCD FILE ../output/02_eq_4_CLKWWW.0.dcd AT STEP 3300000
WRITING COORDINATES TO RESTART FILE AT STEP 3300000
FINISHED WRITING RESTART COORDINATES
WRITING VELOCITIES TO RESTART FILE AT STEP 3300000
FINISHED WRITING RESTART VELOCITIES
PRESSURE: 3310000 1758.48 41.166 10.709 41.1654 -2190.49 113.965 10.7086 113.964 -132.318
GPRESSURE: 3310000 1852.54 27.9085 96.2805 -61.4502 -2279.83 -71.4977 -3.83716 189.366 -121.762
PRESSAVG: 3310000 2028.43 47.823 19.2945 47.823 -1846.46 4.20288 19.2945 4.20288 -47.0135
GPRESSAVG: 3310000 2028.88 10.4729 47.7777 44.5105 -1836.33 -14.7642 2.85299 3.05332 -54.9564
TIMING: 3310000  CPU: 2991.93, 0.000904238/step  Wall: 2992.5, 0.000904438/step, 382.116 ns/days, 0.424584 hours remaining, 0.000000 MB of memory in use.
PERFORMANCE: 3310000  averaging 382.271 ns/day, 0.000904072 sec/step with standard deviation 3.08011e-06
ENERGY: 3310000        30.4625        79.7042        58.6786         2.3299         -52439.5045    -85253.8861         0.0000         0.0000     10869.2462        -126652.9691       300.5717   -137522.2153   -126532.9075       298.1596           -188.1094      -183.0190    184723.2328        44.9872        45.8660

WRITING EXTENDED SYSTEM TO RESTART FILE AT STEP 3310000
WRITING COORDINATES TO DCD FILE ../output/02_eq_4_CLKWWW.0.dcd AT STEP 3310000
WRITING COORDINATES TO RESTART FILE AT STEP 3310000
FINISHED WRITING RESTART COORDINATES
WRITING VELOCITIES TO RESTART FILE AT STEP 3310000
FINISHED WRITING RESTART VELOCITIES
PRESSURE: 3320000 2622.17 21.1055 260.214 21.1074 -1308.67 -446.762 260.214 -446.761 196.936
GPRESSURE: 3320000 2544.53 92.3512 248.555 -46.9451 -1311.97 -355.217 304.014 -517.645 267.793
PRESSAVG: 3320000 2081.85 48.8827 28.9447 48.8827 -1812.83 -17.8868 28.9447 -17.8868 -33.8621
GPRESSAVG: 3320000 2078.45 15.3133 56.8624 43.6567 -1799.95 -32.8815 15.857 -19.0763 -40.3219
TIMING: 3320000  CPU: 3000.97, 0.000903749/step  Wall: 3001.54, 0.000903945/step, 382.324 ns/days, 0.421841 hours remaining, 0.000000 MB of memory in use.
PERFORMANCE: 3320000  averaging 382.271 ns/day, 0.000904071 sec/step with standard deviation 3.07546e-06
ENERGY: 3320000        35.5399        69.6797        57.8361         1.0188         -52332.2547    -85077.2914         0.0000         0.0000     10622.6504        -126622.8212       293.7525   -137245.4717   -126542.0059       297.8946            503.4783       500.1155    184601.6891        78.3853        79.3917

WRITING EXTENDED SYSTEM TO RESTART FILE AT STEP 3320000
WRITING COORDINATES TO DCD FILE ../output/02_eq_4_CLKWWW.0.dcd AT STEP 3320000
WRITING COORDINATES TO RESTART FILE AT STEP 3320000
FINISHED WRITING RESTART COORDINATES
WRITING VELOCITIES TO RESTART FILE AT STEP 3320000
FINISHED WRITING RESTART VELOCITIES
PRESSURE: 3330000 1847.3 -216.848 -158.191 -216.849 -2243.34 217.95 -158.193 217.951 75.7321
GPRESSURE: 3330000 1842.63 -308.501 -125.309 -192.874 -2175.26 194.533 -251.446 102.181 18.8658
PRESSAVG: 3330000 2096.65 50.2832 11.3375 50.2832 -1822.16 6.36884 11.3375 6.36884 11.0932
GPRESSAVG: 3330000 2092.78 15.6369 43.8235 52.2906 -1806.61 -9.40512 -11.1601 3.98407 2.07507
TIMING: 3330000  CPU: 3010, 0.000902841/step  Wall: 3010.57, 0.000903003/step, 382.723 ns/days, 0.418893 hours remaining, 0.000000 MB of memory in use.
PERFORMANCE: 3330000  averaging 382.272 ns/day, 0.000904068 sec/step with standard deviation 3.07139e-06
ENERGY: 3330000        31.0329        84.0458        52.8335         4.5553         -52321.6353    -85302.3229         0.0000         0.0000     10681.0725        -126770.4183       295.3681   -137451.4908   -126566.3173       297.8563           -106.7704      -104.5863    184567.7270        95.1946        96.0848

WRITING EXTENDED SYSTEM TO RESTART FILE AT STEP 3330000
WRITING COORDINATES TO DCD FILE ../output/02_eq_4_CLKWWW.0.dcd AT STEP 3330000
WRITING COORDINATES TO RESTART FILE AT STEP 3330000
FINISHED WRITING RESTART COORDINATES
WRITING VELOCITIES TO RESTART FILE AT STEP 3330000
FINISHED WRITING RESTART VELOCITIES
PRESSURE: 3340000 1700.68 0.21521 -66.0835 0.217963 -1273.42 -229.022 -66.0831 -229.022 -237.638
GPRESSURE: 3340000 1709.89 8.67241 -38.6898 23.6247 -1284.83 -162.133 -109.343 -203.627 -233.745
PRESSAVG: 3340000 2057.92 53.2757 -0.0126694 53.2757 -1794.94 -19.4895 -0.0126694 -19.4895 -7.77088
GPRESSAVG: 3340000 2057.59 20.3356 30.9321 59.2731 -1780.86 -36.0548 -23.9022 -25.0051 -19.0385
TIMING: 3340000  CPU: 3019.03, 0.000902784/step  Wall: 3019.6, 0.000902721/step, 382.843 ns/days, 0.416255 hours remaining, 0.000000 MB of memory in use.
PERFORMANCE: 3340000  averaging 382.274 ns/day, 0.000904064 sec/step with standard deviation 3.06766e-06
ENERGY: 3340000        28.6371        68.9321        53.6085         2.5367         -52199.5467    -85255.6181         0.0000         0.0000     10894.3417        -126407.1087       301.2657   -137301.4504   -126562.0977       298.0766             63.2066        63.7707    185162.3532        85.0717        85.8975

WRITING EXTENDED SYSTEM TO RESTART FILE AT STEP 3340000
WRITING COORDINATES TO DCD FILE ../output/02_eq_4_CLKWWW.0.dcd AT STEP 3340000
WRITING COORDINATES TO RESTART FILE AT STEP 3340000
FINISHED WRITING RESTART COORDINATES
WRITING VELOCITIES TO RESTART FILE AT STEP 3340000
FINISHED WRITING RESTART VELOCITIES
PRESSURE: 3350000 1746.56 308.55 113.6 308.55 -2085.66 93.9683 113.601 93.9676 -241.042
GPRESSURE: 3350000 1799.98 342.017 -2.04336 191.295 -2015.04 105.831 196.062 82.8886 -365.549
PRESSAVG: 3350000 2042.85 67.1838 5.86111 67.1838 -1810.95 -7.70939 5.86111 -7.70939 -9.8777
GPRESSAVG: 3350000 2044.98 38.2434 26.9674 63.3334 -1795.94 -27.9551 -14.306 -13.0106 -24.7143
TIMING: 3350000  CPU: 3028.05, 0.000902741/step  Wall: 3028.62, 0.000902946/step, 382.747 ns/days, 0.41385 hours remaining, 0.000000 MB of memory in use.
PERFORMANCE: 3350000  averaging 382.275 ns/day, 0.000904061 sec/step with standard deviation 3.06367e-06
ENERGY: 3350000        32.2027        80.0718        55.0307         1.8677         -52023.4427    -85423.8483         0.0000         0.0000     10789.8804        -126488.2377       298.3770   -137278.1181   -126552.8313       298.1811           -193.3801      -193.5346    183632.7407        74.0077        74.7771

WRITING EXTENDED SYSTEM TO RESTART FILE AT STEP 3350000
WRITING COORDINATES TO DCD FILE ../output/02_eq_4_CLKWWW.0.dcd AT STEP 3350000
WRITING COORDINATES TO RESTART FILE AT STEP 3350000
FINISHED WRITING RESTART COORDINATES
WRITING VELOCITIES TO RESTART FILE AT STEP 3350000
FINISHED WRITING RESTART VELOCITIES
PRESSURE: 3360000 1739.82 -129.511 -122.964 -129.51 -2109.48 -11.1661 -122.963 -11.1643 -1086.31
GPRESSURE: 3360000 1784.07 -140.54 -93.3915 -60.8396 -2053.77 -152.743 -194.264 106.377 -1164.08
PRESSAVG: 3360000 2016.24 60.1153 -4.45315 60.1153 -1813.81 -12.7705 -4.45315 -12.7705 -63.7677
GPRESSAVG: 3360000 2018 30.6638 11.8059 58.5875 -1795.58 -36.209 -27.6654 -15.76 -80.5416
TIMING: 3360000  CPU: 3037.11, 0.000905541/step  Wall: 3037.68, 0.000905706/step, 381.581 ns/days, 0.412599 hours remaining, 0.000000 MB of memory in use.
PERFORMANCE: 3360000  averaging 382.273 ns/day, 0.000904066 sec/step with standard deviation 3.06041e-06
ENERGY: 3360000        34.8884        72.7178        54.9385         2.5595         -52588.7902    -85173.7613         0.0000         0.0000     10866.7868        -126730.6604       300.5037   -137597.4472   -126578.5263       298.1345           -485.3225      -477.9266    184097.5885        46.2191        47.2948

WRITING EXTENDED SYSTEM TO RESTART FILE AT STEP 3360000
WRITING COORDINATES TO DCD FILE ../output/02_eq_4_CLKWWW.0.dcd AT STEP 3360000
WRITING COORDINATES TO RESTART FILE AT STEP 3360000
FINISHED WRITING RESTART COORDINATES
WRITING VELOCITIES TO RESTART FILE AT STEP 3360000
FINISHED WRITING RESTART VELOCITIES
PRESSURE: 3370000 2452.49 -149.853 -291.83 -149.852 -1481.38 5.10857 -291.829 5.10955 -691.483
GPRESSURE: 3370000 2450.74 -175.378 -232.881 -98.443 -1469.61 -44.8463 -220.861 53.9166 -692.249
PRESSAVG: 3370000 2021.12 30.1322 -36.892 30.1322 -1821.27 -11.5959 -36.892 -11.5959 -106.74
GPRESSAVG: 3370000 2022.89 2.44927 -17.4984 33.3511 -1802.67 -39.8987 -53.0895 -8.32112 -123.87
TIMING: 3370000  CPU: 3046.16, 0.000905049/step  Wall: 3046.73, 0.000905148/step, 381.816 ns/days, 0.409831 hours remaining, 0.000000 MB of memory in use.
PERFORMANCE: 3370000  averaging 382.272 ns/day, 0.000904069 sec/step with standard deviation 3.05642e-06
ENERGY: 3370000        23.4379        67.7515        54.6076         2.1875         -52348.2022    -85358.6269         0.0000         0.0000     10742.0957        -126816.7488       297.0556   -137558.8444   -126593.9344       298.0471             93.2078        96.2908    183316.6827        31.0338        32.1172

WRITING EXTENDED SYSTEM TO RESTART FILE AT STEP 3370000
WRITING COORDINATES TO DCD FILE ../output/02_eq_4_CLKWWW.0.dcd AT STEP 3370000
WRITING COORDINATES TO RESTART FILE AT STEP 3370000
FINISHED WRITING RESTART COORDINATES
WRITING VELOCITIES TO RESTART FILE AT STEP 3370000
FINISHED WRITING RESTART VELOCITIES
PRESSURE: 3380000 1597.68 164.39 -334.436 164.391 -2119.52 133.83 -334.436 133.83 240.081
GPRESSURE: 3380000 1613.15 144.779 -387.237 109.073 -2123.19 125.197 -276.721 22.0202 219.433
PRESSAVG: 3380000 1963.24 35.4074 -53.3982 35.4074 -1856.73 -13.5801 -53.3982 -13.5801 -88.1725
GPRESSAVG: 3380000 1963.86 12.1234 -42.4691 33.7375 -1841.11 -33.9378 -63.6734 -15.4739 -102.408
TIMING: 3380000  CPU: 3055.21, 0.000904836/step  Wall: 3055.78, 0.000905047/step, 381.859 ns/days, 0.407271 hours remaining, 0.000000 MB of memory in use.
PERFORMANCE: 3380000  averaging 382.271 ns/day, 0.000904072 sec/step with standard deviation 3.05235e-06
ENERGY: 3380000        36.8872        75.8968        53.7890         2.2103         -52270.3281    -85226.2460         0.0000         0.0000     10703.7142        -126624.0767       295.9942   -137327.7909   -126607.7524       297.8812            -93.9166       -96.8692    183952.4047         6.1122         6.7802

WRITING EXTENDED SYSTEM TO RESTART FILE AT STEP 3380000
WRITING COORDINATES TO DCD FILE ../output/02_eq_4_CLKWWW.0.dcd AT STEP 3380000
WRITING COORDINATES TO RESTART FILE AT STEP 3380000
FINISHED WRITING RESTART COORDINATES
WRITING VELOCITIES TO RESTART FILE AT STEP 3380000
FINISHED WRITING RESTART VELOCITIES
PRESSURE: 3390000 1828.2 -167.522 -57.0575 -167.519 -2220.2 71.5604 -57.0589 71.5613 138.753
GPRESSURE: 3390000 1779.1 -211.685 -145.922 -164.525 -2160.97 88.7293 88.1159 87.4169 131.484
PRESSAVG: 3390000 1990.59 19.5976 -48.9803 19.5976 -1827.25 -12.8922 -48.9803 -12.8922 -30.653
GPRESSAVG: 3390000 1990.29 -6.4748 -41.2747 18.5067 -1806.8 -27.1359 -50.1749 -18.731 -48.6129
TIMING: 3390000  CPU: 3064.28, 0.000906738/step  Wall: 3064.85, 0.000906895/step, 381.081 ns/days, 0.405583 hours remaining, 0.000000 MB of memory in use.
PERFORMANCE: 3390000  averaging 382.267 ns/day, 0.00090408 sec/step with standard deviation 3.05168e-06
ENERGY: 3390000        31.1580        73.0109        52.4072         1.2055         -52319.0414    -85319.8359         0.0000         0.0000     10630.3357        -126850.7601       293.9650   -137481.0958   -126618.9593       297.6827            -84.4135       -83.4618    184974.9243        44.2302        44.9599

WRITING EXTENDED SYSTEM TO RESTART FILE AT STEP 3390000
WRITING COORDINATES TO DCD FILE ../output/02_eq_4_CLKWWW.0.dcd AT STEP 3390000
WRITING COORDINATES TO RESTART FILE AT STEP 3390000
FINISHED WRITING RESTART COORDINATES
WRITING VELOCITIES TO RESTART FILE AT STEP 3390000
FINISHED WRITING RESTART VELOCITIES
PRESSURE: 3400000 1785.49 84.2517 324.269 84.2513 -1769.26 -140.556 324.267 -140.556 -1163.46
GPRESSURE: 3400000 1774.03 67.0854 322.81 180.761 -1761.99 -208.101 403.363 -128.189 -1155.35
PRESSAVG: 3400000 1972.2 23.277 -28.5613 23.277 -1838.88 -13.9437 -28.5613 -13.9437 -102.443
GPRESSAVG: 3400000 1972.27 2.94847 -17.5294 22.7914 -1818.61 -36.2065 -21.9719 -18.7222 -120.693
TIMING: 3400000  CPU: 3073.37, 0.00090931/step  Wall: 3073.95, 0.000909489/step, 379.994 ns/days, 0.404217 hours remaining, 0.000000 MB of memory in use.
PERFORMANCE: 3400000  averaging 382.26 ns/day, 0.000904096 sec/step with standard deviation 3.06127e-06
ETITLE:      TS           BOND          ANGLE          DIHED          IMPRP               ELECT            VDW       BOUNDARY           MISC        KINETIC               TOTAL           TEMP      POTENTIAL       TOTALAVG        TEMPAVG            PRESSURE      GPRESSURE         VOLUME       PRESSAVG      GPRESSAVG

ENERGY: 3400000        38.2994        73.4777        56.0275         2.5448         -51978.5042    -85457.8793         0.0000         0.0000     10845.5746        -126420.4595       299.9171   -137266.0341   -126611.1672       297.7654           -382.4089      -381.1035    185285.7440        10.2915        10.9889

WRITING EXTENDED SYSTEM TO RESTART FILE AT STEP 3400000
WRITING COORDINATES TO DCD FILE ../output/02_eq_4_CLKWWW.0.dcd AT STEP 3400000
WRITING COORDINATES TO RESTART FILE AT STEP 3400000
FINISHED WRITING RESTART COORDINATES
WRITING VELOCITIES TO RESTART FILE AT STEP 3400000
FINISHED WRITING RESTART VELOCITIES
PRESSURE: 3410000 1717.69 71.4201 36.9736 71.4216 -2075.85 387.216 36.9738 387.217 -846.256
GPRESSURE: 3410000 1641.72 129.267 -67.687 39.0402 -2025.04 236.745 32.2856 464.109 -835.095
PRESSAVG: 3410000 1971.83 17.6369 -26.8908 17.6369 -1839.05 1.47172 -26.8908 1.47172 -128.375
GPRESSAVG: 3410000 1967.07 1.16506 -23.3154 13.528 -1819.88 -22.9558 -21.0474 1.25375 -141.938
TIMING: 3410000  CPU: 3082.45, 0.00090787/step  Wall: 3083.03, 0.000907933/step, 380.645 ns/days, 0.401004 hours remaining, 0.000000 MB of memory in use.
PERFORMANCE: 3410000  averaging 382.256 ns/day, 0.000904107 sec/step with standard deviation 3.06381e-06
ENERGY: 3410000        33.2862        68.5305        52.5390         0.9854         -52141.0929    -85378.9300         0.0000         0.0000     10784.2654        -126580.4164       298.2217   -137364.6818   -126616.7916       297.7453           -401.4729      -406.1388    184558.2537         1.4683         1.7519

WRITING EXTENDED SYSTEM TO RESTART FILE AT STEP 3410000
WRITING COORDINATES TO DCD FILE ../output/02_eq_4_CLKWWW.0.dcd AT STEP 3410000
WRITING COORDINATES TO RESTART FILE AT STEP 3410000
FINISHED WRITING RESTART COORDINATES
WRITING VELOCITIES TO RESTART FILE AT STEP 3410000
FINISHED WRITING RESTART VELOCITIES
PRESSURE: 3420000 1628.55 -130.302 281.944 -130.302 -2967.6 573.083 281.942 573.083 792.579
GPRESSURE: 3420000 1616.93 -169.541 206.867 -135.387 -2966.12 505.792 329.269 567.758 798.749
PRESSAVG: 3420000 1950.62 6.33558 3.12858 6.33558 -1895.06 13.973 3.12858 13.973 -102.636
GPRESSAVG: 3420000 1947.73 -9.92212 4.66838 -2.09277 -1879.08 -11.8355 6.74632 16.4374 -115.265
TIMING: 3420000  CPU: 3091.53, 0.000908049/step  Wall: 3092.11, 0.000908189/step, 380.538 ns/days, 0.398594 hours remaining, 0.000000 MB of memory in use.
PERFORMANCE: 3420000  averaging 382.251 ns/day, 0.000904119 sec/step with standard deviation 3.06727e-06
ENERGY: 3420000        26.5491        70.0867        63.4036         2.4906         -52161.6975    -85467.7232         0.0000         0.0000     10759.7651        -126707.1256       297.5442   -137466.8908   -126617.3512       297.7033           -182.1573      -183.4779    184872.3451       -15.6927       -15.5398

WRITING EXTENDED SYSTEM TO RESTART FILE AT STEP 3420000
WRITING COORDINATES TO DCD FILE ../output/02_eq_4_CLKWWW.0.dcd AT STEP 3420000
WRITING COORDINATES TO RESTART FILE AT STEP 3420000
FINISHED WRITING RESTART COORDINATES
WRITING VELOCITIES TO RESTART FILE AT STEP 3420000
FINISHED WRITING RESTART VELOCITIES
PRESSURE: 3430000 2169.43 81.1582 -127.65 81.1584 -2353.43 421.521 -127.65 421.519 333.175
GPRESSURE: 3430000 2222.93 198.67 -113.287 29.945 -2364.67 505.282 -224.027 407.414 285.605
PRESSAVG: 3430000 1924.04 9.70949 -5.13764 9.70949 -1964.22 33.9781 -5.13764 33.9781 -97.459
GPRESSAVG: 3430000 1923.26 0.740612 -7.44346 0.112653 -1949.25 8.74297 -2.38354 33.2216 -111.666
TIMING: 3430000  CPU: 3100.62, 0.000908934/step  Wall: 3101.2, 0.00090912/step, 380.148 ns/days, 0.396477 hours remaining, 0.000000 MB of memory in use.
PERFORMANCE: 3430000  averaging 382.244 ns/day, 0.000904134 sec/step with standard deviation 3.07466e-06
ENERGY: 3430000        36.3663        68.5574        56.2067         3.2149         -52429.2744    -85238.9961         0.0000         0.0000     10790.4395        -126713.4856       298.3924   -137503.9252   -126629.9188       297.6799             49.7250        47.9541    184529.4863       -45.8808       -45.8860

WRITING EXTENDED SYSTEM TO RESTART FILE AT STEP 3430000
WRITING COORDINATES TO DCD FILE ../output/02_eq_4_CLKWWW.0.dcd AT STEP 3430000
WRITING COORDINATES TO RESTART FILE AT STEP 3430000
FINISHED WRITING RESTART COORDINATES
WRITING VELOCITIES TO RESTART FILE AT STEP 3430000
FINISHED WRITING RESTART VELOCITIES
PRESSURE: 3440000 850.156 -244.16 -143.85 -244.157 -2361.71 -37.8037 -143.852 -37.8038 -380.741
GPRESSURE: 3440000 926.628 -267.55 -82.7698 -248.68 -2341.16 -148.812 -196.689 7.15716 -477.606
PRESSAVG: 3440000 1882.49 -11.3836 -14.2535 -11.3836 -1993.24 51.753 -14.2535 51.753 -93.7592
GPRESSAVG: 3440000 1886.16 -20.9339 -14.0304 -17.4064 -1979.06 19.2185 -11.0293 58.0416 -111.64
TIMING: 3440000  CPU: 3109.69, 0.000907383/step  Wall: 3110.27, 0.000907354/step, 380.888 ns/days, 0.393187 hours remaining, 0.000000 MB of memory in use.
PERFORMANCE: 3440000  averaging 382.24 ns/day, 0.000904143 sec/step with standard deviation 3.07508e-06
ENERGY: 3440000        23.6734        79.5471        63.8855         2.6848         -51939.7328    -85513.0991         0.0000         0.0000     10657.9121        -126625.1289       294.7276   -137283.0410   -126636.4092       297.5537           -630.7647      -630.7122    185156.5183       -68.1707       -68.1816

WRITING EXTENDED SYSTEM TO RESTART FILE AT STEP 3440000
WRITING COORDINATES TO DCD FILE ../output/02_eq_4_CLKWWW.0.dcd AT STEP 3440000
WRITING COORDINATES TO RESTART FILE AT STEP 3440000
FINISHED WRITING RESTART COORDINATES
WRITING VELOCITIES TO RESTART FILE AT STEP 3440000
FINISHED WRITING RESTART VELOCITIES
PRESSURE: 3450000 2450.34 329.353 64.2938 329.352 -1023.58 182.43 64.296 182.429 -422.976
GPRESSURE: 3450000 2426.99 220.462 -42.1353 340.025 -1081.87 120.085 193.576 174.245 -343.215
PRESSAVG: 3450000 1895.43 0.131198 0.365901 0.131198 -1949.06 57.3881 0.365901 57.3881 -135.205
GPRESSAVG: 3450000 1900.25 -12.1363 -5.1693 -7.82355 -1935.15 21.5035 7.77177 63.4649 -153.761
TIMING: 3450000  CPU: 3118.78, 0.000908868/step  Wall: 3119.36, 0.000908931/step, 380.227 ns/days, 0.391345 hours remaining, 0.000000 MB of memory in use.
PERFORMANCE: 3450000  averaging 382.235 ns/day, 0.000904157 sec/step with standard deviation 3.08141e-06
ENERGY: 3450000        33.3378        74.1870        53.0105         4.0492         -52377.2218    -85207.7238         0.0000         0.0000     10673.2210        -126747.1402       295.1509   -137420.3612   -126649.5435       297.5026            334.5945       333.9674    184981.1289       -62.9450       -62.8872

WRITING EXTENDED SYSTEM TO RESTART FILE AT STEP 3450000
WRITING COORDINATES TO DCD FILE ../output/02_eq_4_CLKWWW.0.dcd AT STEP 3450000
WRITING COORDINATES TO RESTART FILE AT STEP 3450000
FINISHED WRITING RESTART COORDINATES
WRITING VELOCITIES TO RESTART FILE AT STEP 3450000
FINISHED WRITING RESTART VELOCITIES
PRESSURE: 3460000 1731.4 322.379 -39.2868 322.378 -2139.22 -381.225 -39.2872 -381.224 -181.317
GPRESSURE: 3460000 1771.96 319.069 108.032 285.05 -2185.72 -369.248 -100.469 -195.843 -178.316
PRESSAVG: 3460000 1899.34 18.8514 -22.6785 18.8514 -1985.29 43.8874 -22.6785 43.8874 -85.0334
GPRESSAVG: 3460000 1902.9 5.11074 -22.4844 7.4125 -1972.48 15.8523 -15.2543 53.7974 -101.707
TIMING: 3460000  CPU: 3127.86, 0.000908347/step  Wall: 3128.45, 0.000908467/step, 380.421 ns/days, 0.388622 hours remaining, 0.000000 MB of memory in use.
PERFORMANCE: 3460000  averaging 382.229 ns/day, 0.000904169 sec/step with standard deviation 3.08565e-06
ENERGY: 3460000        25.6158        73.1292        53.5663         3.7809         -51647.5052    -85571.0658         0.0000         0.0000     10760.7856        -126301.6930       297.5724   -137062.4786   -126630.2192       297.4722           -196.3777      -197.3585    185518.0550       -56.9918       -57.0952

WRITING EXTENDED SYSTEM TO RESTART FILE AT STEP 3460000
WRITING COORDINATES TO DCD FILE ../output/02_eq_4_CLKWWW.0.dcd AT STEP 3460000
WRITING COORDINATES TO RESTART FILE AT STEP 3460000
FINISHED WRITING RESTART COORDINATES
WRITING VELOCITIES TO RESTART FILE AT STEP 3460000
FINISHED WRITING RESTART VELOCITIES
PRESSURE: 3470000 1458.55 -70.6322 172.523 -70.6321 -2071.36 -71.4645 172.522 -71.4643 6.79698
GPRESSURE: 3470000 1494.93 -114.734 168.036 92.6386 -2115.14 -54.2709 267.838 -54.2583 17.7026
PRESSAVG: 3470000 1870.24 14.0805 -14.7191 14.0805 -1977.11 26.0198 -14.7191 26.0198 -109.392
GPRESSAVG: 3470000 1875.92 -5.1685 -18.9058 15.4298 -1965.26 -4.73669 -2.51422 45.6227 -125.906
TIMING: 3470000  CPU: 3136.94, 0.00090804/step  Wall: 3137.53, 0.000908243/step, 380.515 ns/days, 0.386003 hours remaining, 0.000000 MB of memory in use.
PERFORMANCE: 3470000  averaging 382.224 ns/day, 0.000904181 sec/step with standard deviation 3.08894e-06
ENERGY: 3470000        37.1581        77.7181        52.5253         0.6576         -51972.3048    -85496.5412         0.0000         0.0000     10806.7316        -126494.0554       298.8430   -137300.7870   -126623.3814       297.5743           -202.0032      -200.8348    185069.8708       -72.0863       -71.7517

WRITING EXTENDED SYSTEM TO RESTART FILE AT STEP 3470000
WRITING COORDINATES TO DCD FILE ../output/02_eq_4_CLKWWW.0.dcd AT STEP 3470000
WRITING COORDINATES TO RESTART FILE AT STEP 3470000
FINISHED WRITING RESTART COORDINATES
WRITING VELOCITIES TO RESTART FILE AT STEP 3470000
FINISHED WRITING RESTART VELOCITIES
PRESSURE: 3480000 2127.88 -256.844 -238.297 -256.844 -1732.78 169.139 -238.298 169.141 -539.154
GPRESSURE: 3480000 2072.1 -185.388 -147.392 -231.89 -1722.45 180.332 -355.257 142.798 -502.923
PRESSAVG: 3480000 1896.45 0.199561 -28.4636 0.199561 -1947.27 39.3651 -28.4636 39.3651 -154.661
GPRESSAVG: 3480000 1899.38 -10.579 -28.886 3.60731 -1937.15 11.0173 -22.2377 60.3645 -166.592
TIMING: 3480000  CPU: 3146.06, 0.000911856/step  Wall: 3146.65, 0.000911896/step, 378.991 ns/days, 0.385023 hours remaining, 0.000000 MB of memory in use.
PERFORMANCE: 3480000  averaging 382.215 ns/day, 0.000904203 sec/step with standard deviation 3.11209e-06
ENERGY: 3480000        23.3225        83.8439        58.0507         1.2940         -52088.4664    -85316.5090         0.0000         0.0000     10786.2567        -126452.2077       298.2768   -137238.4644   -126614.9107       297.6942            -48.0182       -51.0913    184883.5576       -68.4935       -68.1214

WRITING EXTENDED SYSTEM TO RESTART FILE AT STEP 3480000
WRITING COORDINATES TO DCD FILE ../output/02_eq_4_CLKWWW.0.dcd AT STEP 3480000
WRITING COORDINATES TO RESTART FILE AT STEP 3480000
FINISHED WRITING RESTART COORDINATES
WRITING VELOCITIES TO RESTART FILE AT STEP 3480000
FINISHED WRITING RESTART VELOCITIES
PRESSURE: 3490000 1650.34 94.3178 23.8936 94.3183 -1683.55 -227.386 23.8912 -227.387 -100.787
GPRESSURE: 3490000 1633.45 154.701 94.341 12.1739 -1683.51 -339.2 40.9218 -218.552 -84.215
PRESSAVG: 3490000 1825.67 4.04299 -36.9047 4.04299 -1963.35 28.7368 -36.9047 28.7368 -202.417
GPRESSAVG: 3490000 1830.82 0.745807 -31.6531 -0.742482 -1958.14 -5.81137 -30.2023 45.8162 -212.085
TIMING: 3490000  CPU: 3155.17, 0.000910823/step  Wall: 3155.76, 0.000910949/step, 379.385 ns/days, 0.382093 hours remaining, 0.000000 MB of memory in use.
PERFORMANCE: 3490000  averaging 382.207 ns/day, 0.000904223 sec/step with standard deviation 3.12852e-06
ENERGY: 3490000        28.6359        75.5535        53.7378         2.9642         -52062.3393    -85333.8637         0.0000         0.0000     10726.5187        -126508.7929       296.6248   -137235.3116   -126606.4729       297.5931            -44.6672       -44.7585    184298.5847      -113.3638      -113.1358

WRITING EXTENDED SYSTEM TO RESTART FILE AT STEP 3490000
WRITING COORDINATES TO DCD FILE ../output/02_eq_4_CLKWWW.0.dcd AT STEP 3490000
WRITING COORDINATES TO RESTART FILE AT STEP 3490000
FINISHED WRITING RESTART COORDINATES
WRITING VELOCITIES TO RESTART FILE AT STEP 3490000
FINISHED WRITING RESTART VELOCITIES
PRESSURE: 3500000 2389.86 284.084 -98.7294 284.082 -1387.69 -48.5125 -98.7281 -48.5126 753.344
GPRESSURE: 3500000 2405.05 116.896 -139.218 237.977 -1385.72 -72.2025 -72.185 -89.6347 756.598
PRESSAVG: 3500000 1862.65 21.8364 -19.4981 21.8364 -1929.91 38.7939 -19.4981 38.7939 -174.304
GPRESSAVG: 3500000 1868.17 12.428 -18.6521 15.0285 -1925.39 4.21275 -7.48266 49.995 -182.894
TIMING: 3500000  CPU: 3164.24, 0.000907267/step  Wall: 3164.83, 0.000907363/step, 380.884 ns/days, 0.378068 hours remaining, 0.000000 MB of memory in use.
PERFORMANCE: 3500000  averaging 382.203 ns/day, 0.000904232 sec/step with standard deviation 3.12854e-06
ETITLE:      TS           BOND          ANGLE          DIHED          IMPRP               ELECT            VDW       BOUNDARY           MISC        KINETIC               TOTAL           TEMP      POTENTIAL       TOTALAVG        TEMPAVG            PRESSURE      GPRESSURE         VOLUME       PRESSAVG      GPRESSAVG

ENERGY: 3500000        32.8108        72.8723        57.4927         1.5560         -52231.3376    -85281.0290         0.0000         0.0000     10825.5771        -126522.0578       299.3641   -137347.6349   -126601.8182       297.5744            585.1736       591.9756    184504.8055       -80.5198       -80.0399

WRITING EXTENDED SYSTEM TO RESTART FILE AT STEP 3500000
WRITING COORDINATES TO DCD FILE ../output/02_eq_4_CLKWWW.0.dcd AT STEP 3500000
WRITING COORDINATES TO RESTART FILE AT STEP 3500000
FINISHED WRITING RESTART COORDINATES
WRITING VELOCITIES TO RESTART FILE AT STEP 3500000
FINISHED WRITING RESTART VELOCITIES
PRESSURE: 3510000 1523.95 172.457 1.95202 172.458 -2262.18 108.109 1.95115 108.11 -553.105
GPRESSURE: 3510000 1462.82 76.8331 43.7054 221.206 -2228.7 176.253 -28.0727 102.302 -541.525
PRESSAVG: 3510000 1850.93 28.401 -19.936 28.401 -1933.49 38.5011 -19.936 38.5011 -195.344
GPRESSAVG: 3510000 1848.68 14.8743 -21.2809 29.1613 -1922.84 16.6003 -8.69443 45.6418 -203.882
TIMING: 3510000  CPU: 3173.34, 0.000909395/step  Wall: 3173.93, 0.000909563/step, 379.963 ns/days, 0.376458 hours remaining, 0.000000 MB of memory in use.
PERFORMANCE: 3510000  averaging 382.197 ns/day, 0.000904247 sec/step with standard deviation 3.137e-06
ENERGY: 3510000        31.9817        71.0746        55.1237         1.2421         -52161.5478    -85302.3332         0.0000         0.0000     10738.2450        -126566.2139       296.9491   -137304.4589   -126597.4804       297.3933           -430.4452      -435.8018    184572.6857       -92.6366       -92.6791

WRITING EXTENDED SYSTEM TO RESTART FILE AT STEP 3510000
WRITING COORDINATES TO DCD FILE ../output/02_eq_4_CLKWWW.0.dcd AT STEP 3510000
WRITING COORDINATES TO RESTART FILE AT STEP 3510000
FINISHED WRITING RESTART COORDINATES
WRITING VELOCITIES TO RESTART FILE AT STEP 3510000
FINISHED WRITING RESTART VELOCITIES
PRESSURE: 3520000 1711.78 90.4021 37.8085 90.4009 -1947.17 313.767 37.8105 313.764 221.517
GPRESSURE: 3520000 1754.13 80.1403 96.7562 -23.5042 -1995.25 279.066 -55.982 340.657 238.961
PRESSAVG: 3520000 1805.41 31.8657 -31.0561 31.8657 -1965.42 76.5274 -31.0561 76.5274 -194.115
GPRESSAVG: 3520000 1809.16 14.2637 -28.8708 30.3334 -1957 48.3144 -26.6942 88.5569 -205.323
TIMING: 3520000  CPU: 3182.43, 0.000909617/step  Wall: 3183.03, 0.000909819/step, 379.856 ns/days, 0.374037 hours remaining, 0.000000 MB of memory in use.
PERFORMANCE: 3520000  averaging 382.19 ns/day, 0.000904263 sec/step with standard deviation 3.14658e-06
ENERGY: 3520000        36.5209        70.3913        54.8460         4.5925         -51981.6927    -85410.8218         0.0000         0.0000     10881.0899        -126345.0740       300.8992   -137226.1639   -126583.5931       297.7506             -4.6232        -0.7195    184458.2185      -118.0417      -117.7208

WRITING EXTENDED SYSTEM TO RESTART FILE AT STEP 3520000
WRITING COORDINATES TO DCD FILE ../output/02_eq_4_CLKWWW.0.dcd AT STEP 3520000
WRITING COORDINATES TO RESTART FILE AT STEP 3520000
FINISHED WRITING RESTART COORDINATES
WRITING VELOCITIES TO RESTART FILE AT STEP 3520000
FINISHED WRITING RESTART VELOCITIES
PRESSURE: 3530000 1582.04 73.4171 423.973 73.4163 -2226.69 79.2561 423.971 79.258 52.4514
GPRESSURE: 3530000 1601.15 41.133 488.546 83.6753 -2277.75 39.5444 418.522 105.509 82.5263
PRESSAVG: 3530000 1792.14 46.3789 -1.94795 46.3789 -1964.59 69.5927 -1.94795 69.5927 -195.279
GPRESSAVG: 3530000 1797.09 31.7454 1.82194 44.1608 -1962.13 40.565 6.80421 88.7233 -202.14
TIMING: 3530000  CPU: 3191.53, 0.000909682/step  Wall: 3192.12, 0.000909644/step, 379.929 ns/days, 0.371438 hours remaining, 0.000000 MB of memory in use.
PERFORMANCE: 3530000  averaging 382.183 ns/day, 0.000904278 sec/step with standard deviation 3.15514e-06
ENERGY: 3530000        27.2075        69.1802        55.5084         2.7902         -52166.1098    -85370.0738         0.0000         0.0000     10812.8716        -126568.6255       299.0128   -137381.4972   -126573.5034       297.9329           -197.3996      -198.0242    185537.4704      -122.5732      -122.3927

WRITING EXTENDED SYSTEM TO RESTART FILE AT STEP 3530000
WRITING COORDINATES TO DCD FILE ../output/02_eq_4_CLKWWW.0.dcd AT STEP 3530000
WRITING COORDINATES TO RESTART FILE AT STEP 3530000
FINISHED WRITING RESTART COORDINATES
WRITING VELOCITIES TO RESTART FILE AT STEP 3530000
FINISHED WRITING RESTART VELOCITIES
PRESSURE: 3540000 2408.13 300.932 306.68 300.932 -2019.06 245.98 306.68 245.979 -59.5422
GPRESSURE: 3540000 2364.33 325.589 345.575 201.749 -1957.96 138.966 257.959 241.769 -77.8819
PRESSAVG: 3540000 1827.52 61.4146 16.6902 61.4146 -2001.87 93.3428 16.6902 93.3428 -186.374
GPRESSAVG: 3540000 1829.81 47.5913 21.0352 53.067 -1995.78 55.6199 25.1693 110.993 -194.347
TIMING: 3540000  CPU: 3200.62, 0.000908526/step  Wall: 3201.21, 0.000908787/step, 380.287 ns/days, 0.368564 hours remaining, 0.000000 MB of memory in use.
PERFORMANCE: 3540000  averaging 382.178 ns/day, 0.000904291 sec/step with standard deviation 3.15977e-06
ENERGY: 3540000        25.4652        79.7025        59.9162         5.2843         -52432.5404    -85186.1444         0.0000         0.0000     10777.4897        -126670.8269       298.0343   -137448.3166   -126586.6894       297.7713            109.8424       109.4959    184159.4484      -120.2414      -120.1065

WRITING EXTENDED SYSTEM TO RESTART FILE AT STEP 3540000
WRITING COORDINATES TO DCD FILE ../output/02_eq_4_CLKWWW.0.dcd AT STEP 3540000
WRITING COORDINATES TO RESTART FILE AT STEP 3540000
FINISHED WRITING RESTART COORDINATES
WRITING VELOCITIES TO RESTART FILE AT STEP 3540000
FINISHED WRITING RESTART VELOCITIES
PRESSURE: 3550000 1224.07 39.2383 16.0537 39.24 -2259.84 -33.9958 16.0505 -33.9938 325.442
GPRESSURE: 3550000 1186.53 86.7022 -22.1571 133.123 -2241.83 30.1284 -43.6172 -105.633 354.304
PRESSAVG: 3550000 1801.39 47.9491 11.8127 47.9491 -2010.58 86.9448 11.8127 86.9448 -158.05
GPRESSAVG: 3550000 1799.14 34.8255 20.0295 50.1584 -2007.12 51.8348 13.1853 101.567 -158.354
TIMING: 3550000  CPU: 3209.72, 0.000909928/step  Wall: 3210.31, 0.000910069/step, 379.751 ns/days, 0.366556 hours remaining, 0.000000 MB of memory in use.
PERFORMANCE: 3550000  averaging 382.171 ns/day, 0.000904307 sec/step with standard deviation 3.17017e-06
ENERGY: 3550000        29.5919        72.9672        63.5108         6.2166         -51933.6066    -85314.6988         0.0000         0.0000     10945.7067        -126130.3122       302.6861   -137076.0189   -126568.7931       297.9867           -236.7770      -233.6667    184896.0763      -122.4112      -122.1131

WRITING EXTENDED SYSTEM TO RESTART FILE AT STEP 3550000
WRITING COORDINATES TO DCD FILE ../output/02_eq_4_CLKWWW.0.dcd AT STEP 3550000
WRITING COORDINATES TO RESTART FILE AT STEP 3550000
FINISHED WRITING RESTART COORDINATES
WRITING VELOCITIES TO RESTART FILE AT STEP 3550000
FINISHED WRITING RESTART VELOCITIES
PRESSURE: 3560000 2133.48 80.1988 -69.7439 80.196 -2500.12 17.3812 -69.7462 17.3817 394.777
GPRESSURE: 3560000 2095.49 43.4004 -19.9308 141.989 -2473.63 98.385 -22.7103 -31.8724 416.203
PRESSAVG: 3560000 1821.08 58.4344 14.4735 58.4344 -2030.11 88.3721 14.4735 88.3721 -83.9952
GPRESSAVG: 3560000 1814.71 44.0225 23.7025 60.2999 -2028.11 64.3912 21.763 94.6545 -79.3403
TIMING: 3560000  CPU: 3218.8, 0.000908543/step  Wall: 3219.4, 0.000908685/step, 380.33 ns/days, 0.363474 hours remaining, 0.000000 MB of memory in use.
PERFORMANCE: 3560000  averaging 382.166 ns/day, 0.000904319 sec/step with standard deviation 3.1742e-06
ENERGY: 3560000        34.1736        78.3597        57.7610         3.3813         -52009.8148    -85457.3244         0.0000         0.0000     10795.3953        -126498.0683       298.5295   -137293.4635   -126557.1635       297.8880              9.3800        12.6899    184315.7049       -97.6761       -97.5823

WRITING EXTENDED SYSTEM TO RESTART FILE AT STEP 3560000
WRITING COORDINATES TO DCD FILE ../output/02_eq_4_CLKWWW.0.dcd AT STEP 3560000
WRITING COORDINATES TO RESTART FILE AT STEP 3560000
FINISHED WRITING RESTART COORDINATES
WRITING VELOCITIES TO RESTART FILE AT STEP 3560000
FINISHED WRITING RESTART VELOCITIES
PRESSURE: 3570000 1849.27 -218.727 -147.88 -218.726 -1856.02 27.0418 -147.878 27.0407 -545.621
GPRESSURE: 3570000 1824.17 -215.222 -158.495 -178.926 -1824.43 108.281 -24.0785 -46.8589 -554.618
PRESSAVG: 3570000 1790.91 54.9907 21.6711 54.9907 -2048.84 89.4686 21.6711 89.4686 -76.7021
GPRESSAVG: 3570000 1783.38 42.0303 27.4218 56.2757 -2045.86 72.0476 31.6021 89.6158 -72.4587
TIMING: 3570000  CPU: 3227.88, 0.000908306/step  Wall: 3228.48, 0.000908534/step, 380.393 ns/days, 0.36089 hours remaining, 0.000000 MB of memory in use.
PERFORMANCE: 3570000  averaging 382.161 ns/day, 0.000904331 sec/step with standard deviation 3.17758e-06
ENERGY: 3570000        33.1045        69.6889        55.9685         2.0497         -52422.3624    -85289.5473         0.0000         0.0000     10871.3812        -126679.7170       300.6307   -137551.0982   -126550.3119       298.0668           -184.1261      -184.9567    184938.4050      -111.5428      -111.6446

WRITING EXTENDED SYSTEM TO RESTART FILE AT STEP 3570000
WRITING COORDINATES TO DCD FILE ../output/02_eq_4_CLKWWW.0.dcd AT STEP 3570000
WRITING COORDINATES TO RESTART FILE AT STEP 3570000
FINISHED WRITING RESTART COORDINATES
WRITING VELOCITIES TO RESTART FILE AT STEP 3570000
FINISHED WRITING RESTART VELOCITIES
PRESSURE: 3580000 2190.22 -170.28 -192.297 -170.276 -1935.82 -52.9015 -192.298 -52.9014 -112.005
GPRESSURE: 3580000 2136.95 -75.8771 -163.31 -209.87 -1852.31 31.0639 -138.782 -138.021 -133.034
PRESSAVG: 3580000 1820.54 38.2574 28.778 38.2574 -2039.66 80.1321 28.778 80.1321 -94.3064
GPRESSAVG: 3580000 1809.57 30.9975 38.6182 40.3285 -2032.31 67.3409 38.4991 81.6137 -90.0821
TIMING: 3580000  CPU: 3236.98, 0.000910043/step  Wall: 3237.58, 0.000910184/step, 379.704 ns/days, 0.359017 hours remaining, 0.000000 MB of memory in use.
PERFORMANCE: 3580000  averaging 382.154 ns/day, 0.000904347 sec/step with standard deviation 3.18816e-06
ENERGY: 3580000        28.8933        67.9836        65.2309         3.4797         -52295.3555    -85304.2244         0.0000         0.0000     10854.8036        -126579.1887       300.1723   -137433.9923   -126548.0675       298.2757             47.4633        50.5342    184521.5867      -104.4738      -104.2745

WRITING EXTENDED SYSTEM TO RESTART FILE AT STEP 3580000
WRITING COORDINATES TO DCD FILE ../output/02_eq_4_CLKWWW.0.dcd AT STEP 3580000
WRITING COORDINATES TO RESTART FILE AT STEP 3580000
FINISHED WRITING RESTART COORDINATES
WRITING VELOCITIES TO RESTART FILE AT STEP 3580000
FINISHED WRITING RESTART VELOCITIES
PRESSURE: 3590000 1825.82 105.117 -340.652 105.118 -2500.42 -156.172 -340.653 -156.17 -212.772
GPRESSURE: 3590000 1800.66 106.505 -321.708 -9.95488 -2478.75 -149.307 -432.338 -244.173 -204.631
PRESSAVG: 3590000 1820.42 51.8892 14.5982 51.8892 -2053.67 68.7455 14.5982 68.7455 -111.883
GPRESSAVG: 3590000 1810.65 46.907 29.8289 48.057 -2048.2 55.4391 12.4764 65.0342 -106.888
TIMING: 3590000  CPU: 3246.08, 0.000909515/step  Wall: 3246.68, 0.000909674/step, 379.916 ns/days, 0.356289 hours remaining, 0.000000 MB of memory in use.
PERFORMANCE: 3590000  averaging 382.148 ns/day, 0.000904362 sec/step with standard deviation 3.1961e-06
ENERGY: 3590000        43.3893        77.1230        53.6314         3.7164         -52033.3006    -85510.8682         0.0000         0.0000     10556.5075        -126809.8010       291.9234   -137366.3086   -126546.0195       298.1736           -295.7924      -294.2415    185107.1079      -115.0427      -114.8134

WRITING EXTENDED SYSTEM TO RESTART FILE AT STEP 3590000
WRITING COORDINATES TO DCD FILE ../output/02_eq_4_CLKWWW.0.dcd AT STEP 3590000
WRITING COORDINATES TO RESTART FILE AT STEP 3590000
FINISHED WRITING RESTART COORDINATES
WRITING VELOCITIES TO RESTART FILE AT STEP 3590000
FINISHED WRITING RESTART VELOCITIES
PRESSURE: 3600000 1046.71 -84.1434 -158.5 -84.1418 -2254.91 -77.3774 -158.502 -77.3782 -1094.78
GPRESSURE: 3600000 1061.54 -151.733 -171.909 18.9862 -2272.55 -17.886 -156.682 -48.4233 -1099.47
PRESSAVG: 3600000 1783.48 43.4696 -9.5402 43.4696 -2077.95 71.9044 -9.5402 71.9044 -108.449
GPRESSAVG: 3600000 1775.02 35.9661 5.09292 39.9683 -2073.73 64.9499 -15.5259 69.0225 -104.094
TIMING: 3600000  CPU: 3255.18, 0.000909692/step  Wall: 3255.78, 0.000909879/step, 379.831 ns/days, 0.353842 hours remaining, 0.000000 MB of memory in use.
PERFORMANCE: 3600000  averaging 382.141 ns/day, 0.000904377 sec/step with standard deviation 3.20486e-06
ETITLE:      TS           BOND          ANGLE          DIHED          IMPRP               ELECT            VDW       BOUNDARY           MISC        KINETIC               TOTAL           TEMP      POTENTIAL       TOTALAVG        TEMPAVG            PRESSURE      GPRESSURE         VOLUME       PRESSAVG      GPRESSAVG

ENERGY: 3600000        28.9385        79.0004        48.8711         2.5426         -52066.3733    -85316.1560         0.0000         0.0000     10596.6145        -126626.5622       293.0325   -137223.1768   -126556.3247       297.8294           -767.6593      -770.1619    185229.2207      -134.3053      -134.2664

WRITING EXTENDED SYSTEM TO RESTART FILE AT STEP 3600000
WRITING COORDINATES TO DCD FILE ../output/02_eq_4_CLKWWW.0.dcd AT STEP 3600000
WRITING COORDINATES TO RESTART FILE AT STEP 3600000
FINISHED WRITING RESTART COORDINATES
WRITING VELOCITIES TO RESTART FILE AT STEP 3600000
FINISHED WRITING RESTART VELOCITIES
PRESSURE: 3610000 1597.92 67.9169 -12.4667 67.9171 -1645.15 -84.351 -12.4669 -84.3524 -243.568
GPRESSURE: 3610000 1555.02 28.0329 -45.5003 -12.5254 -1635.65 -100.729 -117.325 -27.7136 -217.893
PRESSAVG: 3610000 1777.49 43.2943 -12.0122 43.2943 -2056.42 48.3259 -12.0122 48.3259 -78.3145
GPRESSAVG: 3610000 1770.69 30.9044 6.20226 37.39 -2054.26 48.0762 -23.0064 44.4313 -73.2339
TIMING: 3610000  CPU: 3264.24, 0.000906836/step  Wall: 3264.85, 0.000907051/step, 381.015 ns/days, 0.350222 hours remaining, 0.000000 MB of memory in use.
PERFORMANCE: 3610000  averaging 382.138 ns/day, 0.000904385 sec/step with standard deviation 3.2035e-06
ENERGY: 3610000        32.7928        73.6907        53.8730         1.1941         -52184.4572    -85348.6462         0.0000         0.0000     10805.9116        -126565.6413       298.8203   -137371.5529   -126555.5859       297.8593            -96.9330       -99.5097    184683.5037      -119.0783      -118.9349

WRITING EXTENDED SYSTEM TO RESTART FILE AT STEP 3610000
WRITING COORDINATES TO DCD FILE ../output/02_eq_4_CLKWWW.0.dcd AT STEP 3610000
WRITING COORDINATES TO RESTART FILE AT STEP 3610000
FINISHED WRITING RESTART COORDINATES
WRITING VELOCITIES TO RESTART FILE AT STEP 3610000
FINISHED WRITING RESTART VELOCITIES
PRESSURE: 3620000 2074.54 -49.8181 -43.3875 -49.8151 -2023.57 114.601 -43.3885 114.601 832.888
GPRESSURE: 3620000 1994.36 -154.949 -81.9739 87.7539 -1958.79 36.6029 2.74856 152.48 839.841
PRESSAVG: 3620000 1799.79 47.3187 -28.2788 47.3187 -2009.21 25.4018 -28.2788 25.4018 -76.299
GPRESSAVG: 3620000 1789.56 31.634 -8.2398 48.547 -2003.89 24.6167 -39.3324 23.6674 -71.1793
TIMING: 3620000  CPU: 3273.33, 0.000908301/step  Wall: 3273.94, 0.000908452/step, 380.427 ns/days, 0.34824 hours remaining, 0.000000 MB of memory in use.
PERFORMANCE: 3620000  averaging 382.133 ns/day, 0.000904396 sec/step with standard deviation 3.20619e-06
ENERGY: 3620000        26.4314        66.6157        59.1400         2.9798         -52122.2243    -85244.6231         0.0000         0.0000     10893.9503        -126317.7301       301.2549   -137211.6804   -126536.1161       298.0448            294.6200       291.8028    184499.3478       -95.2394       -95.1709

WRITING EXTENDED SYSTEM TO RESTART FILE AT STEP 3620000
WRITING COORDINATES TO DCD FILE ../output/02_eq_4_CLKWWW.0.dcd AT STEP 3620000
WRITING COORDINATES TO RESTART FILE AT STEP 3620000
FINISHED WRITING RESTART COORDINATES
WRITING VELOCITIES TO RESTART FILE AT STEP 3620000
FINISHED WRITING RESTART VELOCITIES
PRESSURE: 3630000 2087.72 -120.396 -15.9401 -120.396 -1800.56 -55.5738 -15.9404 -55.5762 287.164
GPRESSURE: 3630000 2004.5 -1.41514 -175.235 -271.686 -1839.6 -93.6337 69.3735 42.3774 403.323
PRESSAVG: 3630000 1795.71 37.241 -22.6933 37.241 -1981.57 1.54706 -22.6933 1.54706 -78.5995
GPRESSAVG: 3630000 1778.64 21.6298 -11.3372 33.4655 -1977.64 -5.32904 -24.6624 5.41559 -65.2934
TIMING: 3630000  CPU: 3282.41, 0.000908344/step  Wall: 3283.02, 0.000908565/step, 380.38 ns/days, 0.34576 hours remaining, 0.000000 MB of memory in use.
PERFORMANCE: 3630000  averaging 382.129 ns/day, 0.000904408 sec/step with standard deviation 3.20923e-06
ENERGY: 3630000        26.1460        68.8732        52.6643         1.6052         -52269.0061    -85343.7269         0.0000         0.0000     10715.0115        -126748.4328       296.3066   -137463.4442   -126537.8635       297.9406            191.4413       189.4070    183939.9667       -88.1536       -88.0982

WRITING EXTENDED SYSTEM TO RESTART FILE AT STEP 3630000
WRITING COORDINATES TO DCD FILE ../output/02_eq_4_CLKWWW.0.dcd AT STEP 3630000
WRITING COORDINATES TO RESTART FILE AT STEP 3630000
FINISHED WRITING RESTART COORDINATES
WRITING VELOCITIES TO RESTART FILE AT STEP 3630000
FINISHED WRITING RESTART VELOCITIES
PRESSURE: 3640000 2037.56 -68.9836 -127.145 -68.9831 -1885.59 -310.658 -127.145 -310.659 -117.689
GPRESSURE: 3640000 2005.75 12.1791 32.0467 -0.427905 -1812.52 -278.661 -143.341 -461.568 -159.716
PRESSAVG: 3640000 1855.08 45.9997 -21.8579 45.9997 -1957.76 -12.0957 -21.8579 -12.0957 -65.4469
GPRESSAVG: 3640000 1832.59 35.6162 -5.59636 45.8781 -1951.21 -11.8215 -21.995 -18.0207 -49.3989
TIMING: 3640000  CPU: 3291.49, 0.000907601/step  Wall: 3292.1, 0.000907765/step, 380.715 ns/days, 0.342933 hours remaining, 0.000000 MB of memory in use.
PERFORMANCE: 3640000  averaging 382.125 ns/day, 0.000904417 sec/step with standard deviation 3.20963e-06
ENERGY: 3640000        32.9915        77.8031        53.4200         2.4749         -52260.0234    -85266.6623         0.0000         0.0000     10742.8453        -126617.1509       297.0763   -137359.9962   -126537.4646       298.0580             11.4251        11.1702    184461.9378       -56.0441       -56.0041

WRITING EXTENDED SYSTEM TO RESTART FILE AT STEP 3640000
WRITING COORDINATES TO DCD FILE ../output/02_eq_4_CLKWWW.0.dcd AT STEP 3640000
WRITING COORDINATES TO RESTART FILE AT STEP 3640000
FINISHED WRITING RESTART COORDINATES
WRITING VELOCITIES TO RESTART FILE AT STEP 3640000
FINISHED WRITING RESTART VELOCITIES
PRESSURE: 3650000 1965.36 -190.043 310.61 -190.046 -2403.08 109.892 310.609 109.893 -678.375
GPRESSURE: 3650000 1999.44 -170.904 386.353 -79.8369 -2473.21 112.747 308.621 80.3638 -641.957
PRESSAVG: 3650000 1830.83 20.0298 -9.54226 20.0298 -2026.74 -15.7225 -9.54226 -15.7225 -78.2169
GPRESSAVG: 3650000 1811.22 16.0479 15.8281 24.885 -2020.77 -12.1884 -16.2427 -22.7147 -64.336
TIMING: 3650000  CPU: 3300.59, 0.000910543/step  Wall: 3301.21, 0.00091071/step, 379.484 ns/days, 0.341516 hours remaining, 0.000000 MB of memory in use.
PERFORMANCE: 3650000  averaging 382.117 ns/day, 0.000904434 sec/step with standard deviation 3.22211e-06
ENERGY: 3650000        37.6873        83.5261        51.4252         1.3229         -52234.3834    -85438.7297         0.0000         0.0000     10696.8804        -126802.2711       295.8052   -137499.1515   -126540.2211       298.0907           -372.0345      -371.9058    185035.0575       -91.3756       -91.2978

WRITING EXTENDED SYSTEM TO RESTART FILE AT STEP 3650000
WRITING COORDINATES TO DCD FILE ../output/02_eq_4_CLKWWW.0.dcd AT STEP 3650000
WRITING COORDINATES TO RESTART FILE AT STEP 3650000
FINISHED WRITING RESTART COORDINATES
WRITING VELOCITIES TO RESTART FILE AT STEP 3650000
FINISHED WRITING RESTART VELOCITIES
PRESSURE: 3660000 2188.17 -121.689 96.4695 -121.687 -2001.15 254.206 96.4681 254.206 -510.908
GPRESSURE: 3660000 2198.58 -97.8414 149.405 -90.9427 -2002.89 245.809 80.1153 244.397 -530.598
PRESSAVG: 3660000 1853.67 -2.17345 -2.75449 -2.17345 -2019.84 16.049 -2.75449 16.049 -94.6964
GPRESSAVG: 3660000 1832.55 -4.7976 17.8967 6.08539 -2011.63 18.5645 -7.21351 -0.70272 -81.9501
TIMING: 3660000  CPU: 3309.69, 0.000910132/step  Wall: 3310.31, 0.000910288/step, 379.66 ns/days, 0.338829 hours remaining, 0.000000 MB of memory in use.
PERFORMANCE: 3660000  averaging 382.111 ns/day, 0.00090445 sec/step with standard deviation 3.23221e-06
ENERGY: 3660000        28.6443        83.3722        52.3811         1.6601         -52067.5307    -85328.0621         0.0000         0.0000     10724.5345        -126505.0007       296.5699   -137229.5352   -126550.3865       298.0406           -107.9659      -111.6361    183847.9538       -86.9550       -87.0116

WRITING EXTENDED SYSTEM TO RESTART FILE AT STEP 3660000
WRITING COORDINATES TO DCD FILE ../output/02_eq_4_CLKWWW.0.dcd AT STEP 3660000
WRITING COORDINATES TO RESTART FILE AT STEP 3660000
FINISHED WRITING RESTART COORDINATES
WRITING VELOCITIES TO RESTART FILE AT STEP 3660000
FINISHED WRITING RESTART VELOCITIES
PRESSURE: 3670000 2024.91 -231.651 299.878 -231.65 -1984.75 -159.673 299.879 -159.674 249.573
GPRESSURE: 3670000 2017.34 -297.204 215.928 -165.312 -1940.59 -11.1125 268.839 -217.796 211.188
PRESSAVG: 3670000 1881.99 -10.2244 3.61338 -10.2244 -2015.51 11.6385 3.61338 11.6385 -82.5576
GPRESSAVG: 3670000 1858.67 -13.9211 20.2913 -6.81215 -2002.91 20.7224 -7.16349 -8.8796 -72.2759
TIMING: 3670000  CPU: 3318.79, 0.000909242/step  Wall: 3319.4, 0.000909382/step, 380.038 ns/days, 0.335966 hours remaining, 0.000000 MB of memory in use.
PERFORMANCE: 3670000  averaging 382.105 ns/day, 0.000904463 sec/step with standard deviation 3.23804e-06
ENERGY: 3670000        29.5721        66.2763        60.2613         1.6383         -52210.2128    -85228.2124         0.0000         0.0000     10889.0149        -126391.6621       301.1184   -137280.6770   -126545.2669       298.1544             96.5773        95.9790    184328.6747       -72.0259       -72.1710

WRITING EXTENDED SYSTEM TO RESTART FILE AT STEP 3670000
WRITING COORDINATES TO DCD FILE ../output/02_eq_4_CLKWWW.0.dcd AT STEP 3670000
WRITING COORDINATES TO RESTART FILE AT STEP 3670000
FINISHED WRITING RESTART COORDINATES
WRITING VELOCITIES TO RESTART FILE AT STEP 3670000
FINISHED WRITING RESTART VELOCITIES
PRESSURE: 3680000 2575.22 305.237 -33.8639 305.238 -1944.83 34.2351 -33.8639 34.2364 154.576
GPRESSURE: 3680000 2595.68 256.417 20.1508 275.195 -1910.13 18.8211 -60.2634 37.3866 100.13
PRESSAVG: 3680000 1904.35 17.8798 13.8351 17.8798 -2026.11 4.8933 13.8351 4.8933 -47.8711
GPRESSAVG: 3680000 1884.85 8.1692 28.6685 18.5421 -2012.29 12.6468 7.58618 -14.1502 -42.1232
TIMING: 3680000  CPU: 3327.9, 0.000911304/step  Wall: 3328.52, 0.000911482/step, 379.163 ns/days, 0.33421 hours remaining, 0.000000 MB of memory in use.
PERFORMANCE: 3680000  averaging 382.097 ns/day, 0.000904483 sec/step with standard deviation 3.25426e-06
ENERGY: 3680000        37.0673        76.4598        61.7843         3.5031         -52015.7384    -85211.0740         0.0000         0.0000     10875.2793        -126172.7185       300.7385   -137047.9979   -126531.2924       298.2774            261.6566       261.8933    184451.5850       -56.5422       -56.5217

WRITING EXTENDED SYSTEM TO RESTART FILE AT STEP 3680000
WRITING COORDINATES TO DCD FILE ../output/02_eq_4_CLKWWW.0.dcd AT STEP 3680000
WRITING COORDINATES TO RESTART FILE AT STEP 3680000
FINISHED WRITING RESTART COORDINATES
WRITING VELOCITIES TO RESTART FILE AT STEP 3680000
FINISHED WRITING RESTART VELOCITIES
PRESSURE: 3690000 1660.46 174.227 -213.314 174.229 -1915.74 -164.459 -213.317 -164.46 274.732
GPRESSURE: 3690000 1644.63 147.253 -307.705 164.461 -1908.05 -173.505 -192.282 -51.7722 281.196
PRESSAVG: 3690000 1904.86 21.8753 1.97465 21.8753 -2037.72 8.03965 1.97465 8.03965 -29.0952
GPRESSAVG: 3690000 1885.41 7.79678 8.56618 26.1565 -2023.52 20.9315 -4.074 -5.81122 -23.8527
TIMING: 3690000  CPU: 3337, 0.00091024/step  Wall: 3337.62, 0.00091046/step, 379.588 ns/days, 0.331306 hours remaining, 0.000000 MB of memory in use.
PERFORMANCE: 3690000  averaging 382.09 ns/day, 0.000904499 sec/step with standard deviation 3.26469e-06
ENERGY: 3690000        27.7872        85.5495        53.1459         1.8633         -52208.6383    -85381.0077         0.0000         0.0000     10680.2894        -126741.0106       295.3464   -137421.3000   -126542.9033       298.2135              6.4838         5.9239    184580.5966       -53.9846       -53.9876

WRITING EXTENDED SYSTEM TO RESTART FILE AT STEP 3690000
WRITING COORDINATES TO DCD FILE ../output/02_eq_4_CLKWWW.0.dcd AT STEP 3690000
WRITING COORDINATES TO RESTART FILE AT STEP 3690000
FINISHED WRITING RESTART COORDINATES
WRITING VELOCITIES TO RESTART FILE AT STEP 3690000
FINISHED WRITING RESTART VELOCITIES
PRESSURE: 3700000 3062.7 17.3729 197.505 17.3732 -803.399 62.8531 197.503 62.8537 863.642
GPRESSURE: 3700000 3051.88 47.5705 233.859 -33.7414 -849.958 235.78 38.2592 -97.1733 924.544
PRESSAVG: 3700000 1938.5 8.53986 16.7862 8.53986 -2008.5 13.608 16.7862 13.608 -23.5803
GPRESSAVG: 3700000 1917.75 4.33052 27.2201 12.5705 -1996.73 36.3306 1.44821 -6.18815 -15.4554
TIMING: 3700000  CPU: 3346.11, 0.00091064/step  Wall: 3346.73, 0.000910761/step, 379.463 ns/days, 0.328886 hours remaining, 0.000000 MB of memory in use.
PERFORMANCE: 3700000  averaging 382.083 ns/day, 0.000904516 sec/step with standard deviation 3.27648e-06
ETITLE:      TS           BOND          ANGLE          DIHED          IMPRP               ELECT            VDW       BOUNDARY           MISC        KINETIC               TOTAL           TEMP      POTENTIAL       TOTALAVG        TEMPAVG            PRESSURE      GPRESSURE         VOLUME       PRESSAVG      GPRESSAVG

ENERGY: 3700000        32.6552        74.4217        59.5498         4.4441         -52700.5892    -84980.0302         0.0000         0.0000     10808.4456        -126701.1030       298.8904   -137509.5486   -126551.8555       298.1898           1040.9803      1042.1556    183359.4492       -31.1943       -31.4786

WRITING EXTENDED SYSTEM TO RESTART FILE AT STEP 3700000
WRITING COORDINATES TO DCD FILE ../output/02_eq_4_CLKWWW.0.dcd AT STEP 3700000
WRITING COORDINATES TO RESTART FILE AT STEP 3700000
FINISHED WRITING RESTART COORDINATES
WRITING VELOCITIES TO RESTART FILE AT STEP 3700000
FINISHED WRITING RESTART VELOCITIES
PRESSURE: 3710000 1468.95 52.8206 47.6728 52.8199 -2221.51 234.339 47.6728 234.339 809.227
GPRESSURE: 3710000 1530.81 -7.8384 121.666 94.3996 -2219.75 288.196 -45.7965 198.173 721.515
PRESSAVG: 3710000 1935.75 2.55798 19.0723 2.55798 -2006.47 19.9194 19.0723 19.9194 44.5363
GPRESSAVG: 3710000 1921.15 0.0969472 31.1181 6.23021 -1996.28 41.9278 0.562014 -1.3946 47.6966
TIMING: 3710000  CPU: 3355.2, 0.000909143/step  Wall: 3355.82, 0.000909329/step, 380.06 ns/days, 0.325843 hours remaining, 0.000000 MB of memory in use.
PERFORMANCE: 3710000  averaging 382.077 ns/day, 0.000904529 sec/step with standard deviation 3.28158e-06
ENERGY: 3710000        37.8772        79.4781        54.4115         3.3603         -52149.8181    -85315.2733         0.0000         0.0000     10732.6089        -126557.3554       296.7932   -137289.9643   -126551.4126       298.1820             18.8894        10.8590    184987.6847        -8.7276        -9.1456

WRITING EXTENDED SYSTEM TO RESTART FILE AT STEP 3710000
WRITING COORDINATES TO DCD FILE ../output/02_eq_4_CLKWWW.0.dcd AT STEP 3710000
WRITING COORDINATES TO RESTART FILE AT STEP 3710000
FINISHED WRITING RESTART COORDINATES
WRITING VELOCITIES TO RESTART FILE AT STEP 3710000
FINISHED WRITING RESTART VELOCITIES
PRESSURE: 3720000 1849.65 317.189 356.083 317.189 -2293.12 236.026 356.085 236.026 297.21
GPRESSURE: 3720000 1867.48 391.119 398.643 302.708 -2351.79 130.346 355.585 194.18 315.217
PRESSAVG: 3720000 1942.64 13.8974 34.986 13.8974 -2023.77 16.0325 34.986 16.0325 48.3209
GPRESSAVG: 3720000 1926.81 15.6459 46.2124 22.5408 -2014.11 34.4918 21.1403 -8.71847 51.5094
TIMING: 3720000  CPU: 3364.3, 0.000910129/step  Wall: 3364.93, 0.000910302/step, 379.654 ns/days, 0.323663 hours remaining, 0.000000 MB of memory in use.
PERFORMANCE: 3720000  averaging 382.071 ns/day, 0.000904544 sec/step with standard deviation 3.2908e-06
ENERGY: 3720000        30.2363        78.9191        55.8698         1.6846         -52604.0463    -85153.4050         0.0000         0.0000     10707.6916        -126883.0498       296.1042   -137590.7415   -126578.3114       297.9423            -48.7558       -56.3645    184450.7509       -10.9342       -11.9278

WRITING EXTENDED SYSTEM TO RESTART FILE AT STEP 3720000
WRITING COORDINATES TO DCD FILE ../output/02_eq_4_CLKWWW.0.dcd AT STEP 3720000
WRITING COORDINATES TO RESTART FILE AT STEP 3720000
FINISHED WRITING RESTART COORDINATES
WRITING VELOCITIES TO RESTART FILE AT STEP 3720000
FINISHED WRITING RESTART VELOCITIES
PRESSURE: 3730000 2546.89 17.0813 195.356 17.0825 -1414.38 42.3275 195.354 42.3261 -52.0914
GPRESSURE: 3730000 2551.22 -31.7643 283.59 -24.288 -1437.58 -6.49948 185.628 182.028 -35.8954
PRESSAVG: 3730000 1990.89 11.0807 23.5552 11.0807 -1983.15 14.1859 23.5552 14.1859 43.0938
GPRESSAVG: 3730000 1974.32 12.001 35.9646 17.1427 -1972.1 32.1896 9.49564 -4.89248 45.5883
TIMING: 3730000  CPU: 3373.39, 0.000908757/step  Wall: 3374.01, 0.000908765/step, 380.296 ns/days, 0.320592 hours remaining, 0.000000 MB of memory in use.
PERFORMANCE: 3730000  averaging 382.066 ns/day, 0.000904555 sec/step with standard deviation 3.29363e-06
ENERGY: 3730000        26.3984        83.0957        66.8371         2.4651         -52393.3031    -85220.4749         0.0000         0.0000     10701.3616        -126733.6201       295.9291   -137434.9817   -126586.5611       297.7881            360.1392       359.2502    184504.9389        16.9427        15.9359

WRITING EXTENDED SYSTEM TO RESTART FILE AT STEP 3730000
WRITING COORDINATES TO DCD FILE ../output/02_eq_4_CLKWWW.0.dcd AT STEP 3730000
WRITING COORDINATES TO RESTART FILE AT STEP 3730000
FINISHED WRITING RESTART COORDINATES
WRITING VELOCITIES TO RESTART FILE AT STEP 3730000
FINISHED WRITING RESTART VELOCITIES
PRESSURE: 3740000 2029.4 -28.7205 207.147 -28.7214 -2030.93 132.829 207.149 132.83 242.357
GPRESSURE: 3740000 2051.28 -75.8618 252.463 -65.4289 -2031.42 29.9715 96.2631 221.519 226.486
PRESSAVG: 3740000 1971.95 -5.40195 18.5786 -5.40195 -1983.75 8.52841 18.5786 8.52841 58.1888
GPRESSAVG: 3740000 1958.67 -8.07156 31.309 3.78379 -1975.77 26.7399 1.41082 -5.90499 60.8067
TIMING: 3740000  CPU: 3382.47, 0.000908578/step  Wall: 3383.1, 0.000908591/step, 380.369 ns/days, 0.318007 hours remaining, 0.000000 MB of memory in use.
PERFORMANCE: 3740000  averaging 382.062 ns/day, 0.000904566 sec/step with standard deviation 3.29582e-06
ENERGY: 3740000        20.6339        73.2599        52.5827         3.1199         -52066.1434    -85293.0662         0.0000         0.0000     10875.8709        -126333.7424       300.7549   -137209.6133   -126569.7069       297.9241             80.2768        82.1155    184943.1932        15.4645        14.5669

WRITING EXTENDED SYSTEM TO RESTART FILE AT STEP 3740000
WRITING COORDINATES TO DCD FILE ../output/02_eq_4_CLKWWW.0.dcd AT STEP 3740000
WRITING COORDINATES TO RESTART FILE AT STEP 3740000
FINISHED WRITING RESTART COORDINATES
WRITING VELOCITIES TO RESTART FILE AT STEP 3740000
FINISHED WRITING RESTART VELOCITIES
PRESSURE: 3750000 1536.41 -127.356 -363.59 -127.358 -2257.52 83.9893 -363.588 83.9893 106.948
GPRESSURE: 3750000 1519.32 -81.7857 -322.731 -50.2879 -2227.64 44.1714 -359.117 116.643 103.899
PRESSAVG: 3750000 1987.57 -13.7319 -0.403301 -13.7319 -1983.63 14.4276 -0.403301 14.4276 47.264
GPRESSAVG: 3750000 1975.31 -16.4959 16.2804 -5.38677 -1975.06 27.442 -14.3642 5.2088 48.2865
TIMING: 3750000  CPU: 3391.55, 0.000907597/step  Wall: 3392.18, 0.000907843/step, 380.683 ns/days, 0.315223 hours remaining, 0.000000 MB of memory in use.
PERFORMANCE: 3750000  averaging 382.058 ns/day, 0.000904575 sec/step with standard deviation 3.29576e-06
ENERGY: 3750000        29.5449        75.2572        60.3365         3.6655         -52137.7436    -85360.8212         0.0000         0.0000     10707.9484        -126621.8123       296.1113   -137329.7607   -126594.2819       297.5954           -204.7203      -201.4731    183843.1626        17.0673        16.1766

WRITING EXTENDED SYSTEM TO RESTART FILE AT STEP 3750000
WRITING COORDINATES TO DCD FILE ../output/02_eq_4_CLKWWW.0.dcd AT STEP 3750000
WRITING COORDINATES TO RESTART FILE AT STEP 3750000
FINISHED WRITING RESTART COORDINATES
WRITING VELOCITIES TO RESTART FILE AT STEP 3750000
FINISHED WRITING RESTART VELOCITIES
PRESSURE: 3760000 1900.52 23.705 5.59997 23.7046 -2096.54 45.1521 5.59835 45.1504 542.357
GPRESSURE: 3760000 1875.39 156.796 -78.9767 -57.8863 -2055.15 59.1335 104.45 19.0598 528.97
PRESSAVG: 3760000 1975.92 -16.5564 3.36393 -16.5564 -1963.45 15.816 3.36393 15.816 54.643
GPRESSAVG: 3760000 1964.3 -10.8261 13.3281 -15.3805 -1954.14 25.4795 -8.00615 7.75541 53.9249
TIMING: 3760000  CPU: 3400.64, 0.000908537/step  Wall: 3401.26, 0.000908712/step, 380.319 ns/days, 0.313001 hours remaining, 0.000000 MB of memory in use.
PERFORMANCE: 3760000  averaging 382.053 ns/day, 0.000904586 sec/step with standard deviation 3.29827e-06
ENERGY: 3760000        24.3732        69.8420        60.0088         1.8566         -52318.5932    -85221.2932         0.0000         0.0000     10706.8795        -126676.9262       296.0817   -137383.8058   -126603.2248       297.4730            115.4432       116.4017    184833.3135        22.3705        21.3621

WRITING EXTENDED SYSTEM TO RESTART FILE AT STEP 3760000
WRITING COORDINATES TO DCD FILE ../output/02_eq_4_CLKWWW.0.dcd AT STEP 3760000
WRITING COORDINATES TO RESTART FILE AT STEP 3760000
FINISHED WRITING RESTART COORDINATES
WRITING VELOCITIES TO RESTART FILE AT STEP 3760000
FINISHED WRITING RESTART VELOCITIES
PRESSURE: 3770000 2448.12 -218.88 -182.66 -218.878 -1778.95 -56.1069 -182.66 -56.1061 -462.401
GPRESSURE: 3770000 2410.14 -171.061 -170.918 -324.526 -1838 -158.697 -212.001 53.1962 -391.966
PRESSAVG: 3770000 2005.86 -16.564 1.6248 -16.564 -1959.6 11.6587 1.6248 11.6587 58.804
GPRESSAVG: 3770000 1993.6 -8.61813 12.707 -22.6605 -1954.82 12.1305 -17.4023 12.7582 62.0574
TIMING: 3770000  CPU: 3409.73, 0.000909078/step  Wall: 3410.36, 0.000909112/step, 380.151 ns/days, 0.310613 hours remaining, 0.000000 MB of memory in use.
PERFORMANCE: 3770000  averaging 382.048 ns/day, 0.000904598 sec/step with standard deviation 3.30212e-06
ENERGY: 3770000        36.9906        93.7958        57.8521         2.6352         -51986.5471    -85376.5130         0.0000         0.0000     10979.3548        -126192.4316       303.6166   -137171.7863   -126578.8605       297.6223             68.9218        60.0568    184848.5246        35.0228        33.6128

WRITING EXTENDED SYSTEM TO RESTART FILE AT STEP 3770000
WRITING COORDINATES TO DCD FILE ../output/02_eq_4_CLKWWW.0.dcd AT STEP 3770000
WRITING COORDINATES TO RESTART FILE AT STEP 3770000
FINISHED WRITING RESTART COORDINATES
WRITING VELOCITIES TO RESTART FILE AT STEP 3770000
FINISHED WRITING RESTART VELOCITIES
PRESSURE: 3780000 1817.74 -68.4332 1.6621 -68.4334 -2262.5 -212.05 1.66221 -212.051 414.347
GPRESSURE: 3780000 1764.7 -63.8125 -142.729 -100.337 -2167.94 -110.207 211.751 -241.217 387.007
PRESSAVG: 3780000 1987.24 -11.4719 11.3228 -11.4719 -1975.93 3.70116 11.3228 3.70116 85.1216
GPRESSAVG: 3780000 1974.99 -8.0149 13.736 -17.1839 -1970.6 5.06699 0.124378 7.59835 88.0595
TIMING: 3780000  CPU: 3418.8, 0.000907087/step  Wall: 3419.43, 0.000907283/step, 380.917 ns/days, 0.307468 hours remaining, 0.000000 MB of memory in use.
PERFORMANCE: 3780000  averaging 382.045 ns/day, 0.000904605 sec/step with standard deviation 3.30063e-06
ENERGY: 3780000        26.8078        68.6273        48.8093         2.9105         -52144.3479    -85308.4363         0.0000         0.0000     10739.3793        -126566.2501       296.9804   -137305.6293   -126578.2136       297.4627            -10.1368        -5.4120    184680.4274        32.1428        30.8155

WRITING EXTENDED SYSTEM TO RESTART FILE AT STEP 3780000
WRITING COORDINATES TO DCD FILE ../output/02_eq_4_CLKWWW.0.dcd AT STEP 3780000
WRITING COORDINATES TO RESTART FILE AT STEP 3780000
FINISHED WRITING RESTART COORDINATES
WRITING VELOCITIES TO RESTART FILE AT STEP 3780000
FINISHED WRITING RESTART VELOCITIES
PRESSURE: 3790000 1608.65 -172.221 203.444 -172.222 -2341.93 77.0373 203.443 77.0384 -170.176
GPRESSURE: 3790000 1670.13 -78.6595 220.583 -138.435 -2382.59 118.678 177.994 14.966 -189.163
PRESSAVG: 3790000 1976.38 -25.3389 38.5276 -25.3389 -1968.01 15.3616 38.5276 15.3616 87.2514
GPRESSAVG: 3790000 1968.46 -17.2731 40.8505 -23.6079 -1965.79 18.4662 30.641 20.5553 88.8329
TIMING: 3790000  CPU: 3427.86, 0.000906025/step  Wall: 3428.49, 0.000906176/step, 381.383 ns/days, 0.304576 hours remaining, 0.000000 MB of memory in use.
PERFORMANCE: 3790000  averaging 382.043 ns/day, 0.000904609 sec/step with standard deviation 3.29725e-06
ENERGY: 3790000        27.1664        75.1606        52.3961         1.3375         -52176.8789    -85258.1286         0.0000         0.0000     10824.3161        -126454.6307       299.3292   -137278.9469   -126560.4551       297.8330           -301.1551      -300.5394    184200.4928        31.8747        30.5006

WRITING EXTENDED SYSTEM TO RESTART FILE AT STEP 3790000
WRITING COORDINATES TO DCD FILE ../output/02_eq_4_CLKWWW.0.dcd AT STEP 3790000
WRITING COORDINATES TO RESTART FILE AT STEP 3790000
FINISHED WRITING RESTART COORDINATES
WRITING VELOCITIES TO RESTART FILE AT STEP 3790000
FINISHED WRITING RESTART VELOCITIES
PRESSURE: 3800000 2802.67 76.0315 299.677 76.0355 -1006.12 -61.0834 299.677 -61.0845 386.657
GPRESSURE: 3800000 2800.53 119.542 368.615 25.7688 -990.541 -124.452 202.681 -7.56788 378.571
PRESSAVG: 3800000 2064.18 -17.3301 61.4366 -17.3301 -1905.57 16.1763 61.4366 16.1763 161.323
GPRESSAVG: 3800000 2055.41 -3.70937 67.8767 -23.2688 -1901.69 13.1379 48.6091 22.5981 162.735
TIMING: 3800000  CPU: 3436.91, 0.000905712/step  Wall: 3437.55, 0.000905907/step, 381.496 ns/days, 0.301969 hours remaining, 0.000000 MB of memory in use.
PERFORMANCE: 3800000  averaging 382.042 ns/day, 0.000904613 sec/step with standard deviation 3.29357e-06
ETITLE:      TS           BOND          ANGLE          DIHED          IMPRP               ELECT            VDW       BOUNDARY           MISC        KINETIC               TOTAL           TEMP      POTENTIAL       TOTALAVG        TEMPAVG            PRESSURE      GPRESSURE         VOLUME       PRESSAVG      GPRESSAVG

ENERGY: 3800000        26.5061        73.8724        50.4207         2.0154         -52179.9790    -85223.9375         0.0000         0.0000     10800.4836        -126450.6182       298.6702   -137251.1019   -126551.6579       298.1149            727.7375       729.5185    184210.2245       106.6445       105.4846

WRITING EXTENDED SYSTEM TO RESTART FILE AT STEP 3800000
WRITING COORDINATES TO DCD FILE ../output/02_eq_4_CLKWWW.0.dcd AT STEP 3800000
WRITING COORDINATES TO RESTART FILE AT STEP 3800000
FINISHED WRITING RESTART COORDINATES
WRITING VELOCITIES TO RESTART FILE AT STEP 3800000
FINISHED WRITING RESTART VELOCITIES
PRESSURE: 3810000 2031.4 -321.375 109.473 -321.376 -2070.97 34.8743 109.472 34.8764 -131.39
GPRESSURE: 3810000 2016.06 -358.518 -107.686 -362.467 -2035.63 43.2004 166.296 198.488 -148.38
PRESSAVG: 3810000 2085.85 -36.7947 67.5335 -36.7947 -1926.86 22.1377 67.5335 22.1377 166.932
GPRESSAVG: 3810000 2078.46 -23.0369 64.7674 -40.7659 -1921.69 20.3344 62.7901 33.9082 166.211
TIMING: 3810000  CPU: 3445.97, 0.000905046/step  Wall: 3446.6, 0.000905161/step, 381.811 ns/days, 0.299206 hours remaining, 0.000000 MB of memory in use.
PERFORMANCE: 3810000  averaging 382.041 ns/day, 0.000904614 sec/step with standard deviation 3.28935e-06
ENERGY: 3810000        34.5644        84.2556        50.9572         3.1897         -52027.5398    -85334.9411         0.0000         0.0000     10800.4568        -126389.0573       298.6694   -137189.5140   -126542.8287       298.1073            -56.9871       -55.9832    184921.3304       108.6418       107.6610

WRITING EXTENDED SYSTEM TO RESTART FILE AT STEP 3810000
WRITING COORDINATES TO DCD FILE ../output/02_eq_4_CLKWWW.0.dcd AT STEP 3810000
WRITING COORDINATES TO RESTART FILE AT STEP 3810000
FINISHED WRITING RESTART COORDINATES
WRITING VELOCITIES TO RESTART FILE AT STEP 3810000
FINISHED WRITING RESTART VELOCITIES
PRESSURE: 3820000 1780.98 297.898 153.531 297.896 -1673.7 255.749 153.533 255.747 -16.2594
GPRESSURE: 3820000 1719.91 221.572 2.15586 257.732 -1652.05 318.368 234.705 201.856 5.24299
PRESSAVG: 3820000 2071.17 -19.4092 77.3796 -19.4092 -1909.36 29.195 77.3796 29.195 124.475
GPRESSAVG: 3820000 2064.74 -4.21086 68.9739 -32.2669 -1906.35 34.4226 74.3879 36.377 124.481
TIMING: 3820000  CPU: 3455.04, 0.000907398/step  Wall: 3455.68, 0.000907639/step, 380.768 ns/days, 0.297504 hours remaining, 0.000000 MB of memory in use.
PERFORMANCE: 3820000  averaging 382.038 ns/day, 0.000904622 sec/step with standard deviation 3.28867e-06
ENERGY: 3820000        38.4785        68.8128        56.9120         1.8062         -52168.1956    -85363.2163         0.0000         0.0000     10912.3073        -126453.0950       301.7625   -137365.4023   -126549.5969       298.1327             30.3391        24.3679    184729.9519        95.4278        94.2892

WRITING EXTENDED SYSTEM TO RESTART FILE AT STEP 3820000
WRITING COORDINATES TO DCD FILE ../output/02_eq_4_CLKWWW.0.dcd AT STEP 3820000
WRITING COORDINATES TO RESTART FILE AT STEP 3820000
FINISHED WRITING RESTART COORDINATES
WRITING VELOCITIES TO RESTART FILE AT STEP 3820000
FINISHED WRITING RESTART VELOCITIES
PRESSURE: 3830000 1678.72 40.4937 198.597 40.4944 -1866.8 -237.877 198.597 -237.875 -41.4549
GPRESSURE: 3830000 1678.26 -7.09169 299.844 145.947 -1930.29 -164.189 115.74 -287.394 11.6022
PRESSAVG: 3830000 2050.72 -11.3647 88.1064 -11.3647 -1912.68 20.0801 88.1064 20.0801 108.044
GPRESSAVG: 3830000 2048.43 -4.49469 92.7278 -11.3853 -1910.89 30.8949 76.7062 19.8884 104.895
TIMING: 3830000  CPU: 3464.12, 0.000908511/step  Wall: 3464.76, 0.000908671/step, 380.336 ns/days, 0.295318 hours remaining, 0.000000 MB of memory in use.
PERFORMANCE: 3830000  averaging 382.034 ns/day, 0.000904633 sec/step with standard deviation 3.29088e-06
ENERGY: 3830000        31.5915        76.0038        56.6102         1.6656         -52175.9765    -85281.8723         0.0000         0.0000     10671.0048        -126620.9729       295.0896   -137291.9777   -126543.2240       298.0719            -76.5102       -80.1431    185062.3791        82.0302        80.8117

WRITING EXTENDED SYSTEM TO RESTART FILE AT STEP 3830000
WRITING COORDINATES TO DCD FILE ../output/02_eq_4_CLKWWW.0.dcd AT STEP 3830000
WRITING COORDINATES TO RESTART FILE AT STEP 3830000
FINISHED WRITING RESTART COORDINATES
WRITING VELOCITIES TO RESTART FILE AT STEP 3830000
FINISHED WRITING RESTART VELOCITIES
PRESSURE: 3840000 1570.59 98.0135 -235.126 98.0141 -2371.28 296.992 -235.127 296.991 -481.759
GPRESSURE: 3840000 1643.88 197.295 -249.023 -28.7792 -2408.52 400.562 -303.215 178.427 -515.353
PRESSAVG: 3840000 2027.37 -3.01479 82.7073 -3.01479 -1936.96 50.4626 82.7073 50.4626 89.8405
GPRESSAVG: 3840000 2030.33 4.76111 78.6744 -12.8029 -1940.69 64.8561 68.7125 51.8882 87.1128
TIMING: 3840000  CPU: 3473.21, 0.000908303/step  Wall: 3473.85, 0.000908556/step, 380.384 ns/days, 0.292757 hours remaining, 0.000000 MB of memory in use.
PERFORMANCE: 3840000  averaging 382.029 ns/day, 0.000904643 sec/step with standard deviation 3.29267e-06
ENERGY: 3840000        33.8026        84.4487        55.4090         2.9168         -51971.4481    -85377.5973         0.0000         0.0000     10850.3598        -126322.1084       300.0494   -137172.4683   -126528.4718       298.2205           -427.4822      -426.6664    184005.5907        60.0849        58.9199

WRITING EXTENDED SYSTEM TO RESTART FILE AT STEP 3840000
WRITING COORDINATES TO DCD FILE ../output/02_eq_4_CLKWWW.0.dcd AT STEP 3840000
WRITING COORDINATES TO RESTART FILE AT STEP 3840000
FINISHED WRITING RESTART COORDINATES
WRITING VELOCITIES TO RESTART FILE AT STEP 3840000
FINISHED WRITING RESTART VELOCITIES
PRESSURE: 3850000 2304.13 31.3555 -58.1461 31.3532 -2022.04 -201.252 -58.1444 -201.251 696.455
GPRESSURE: 3850000 2349.81 -25.3847 -2.17102 -26.8611 -2021.4 -207.124 -71.509 -265.878 657.864
PRESSAVG: 3850000 2044.31 8.05515 64.2697 8.05515 -1917.91 34.9053 64.2697 34.9053 158.582
GPRESSAVG: 3850000 2047.85 12.0371 59.2482 -10.1541 -1918.1 48.8625 49.706 34.5761 152.104
TIMING: 3850000  CPU: 3482.29, 0.000908067/step  Wall: 3482.93, 0.000908076/step, 380.585 ns/days, 0.29008 hours remaining, 0.000000 MB of memory in use.
PERFORMANCE: 3850000  averaging 382.025 ns/day, 0.000904652 sec/step with standard deviation 3.29303e-06
ENERGY: 3850000        33.8545        74.2305        58.3143         1.3019         -52284.7243    -85168.7675         0.0000         0.0000     10695.3747        -126590.4159       295.7636   -137285.7906   -126517.8791       298.2184            326.1827       328.7557    184532.8143        94.9957        93.9530

WRITING EXTENDED SYSTEM TO RESTART FILE AT STEP 3850000
WRITING COORDINATES TO DCD FILE ../output/02_eq_4_CLKWWW.0.dcd AT STEP 3850000
WRITING COORDINATES TO RESTART FILE AT STEP 3850000
FINISHED WRITING RESTART COORDINATES
WRITING VELOCITIES TO RESTART FILE AT STEP 3850000
FINISHED WRITING RESTART VELOCITIES
PRESSURE: 3860000 2019.34 -177.874 127.864 -177.873 -1899.88 87.1498 127.863 87.1486 -335.833
GPRESSURE: 3860000 2018.31 -134.956 86.7588 -180.513 -1869.79 -53.5291 206.85 145.821 -369.172
PRESSAVG: 3860000 2035.87 5.24584 65.8394 5.24584 -1912.84 26.5524 65.8394 26.5524 167.336
GPRESSAVG: 3860000 2038.84 10.1813 56.1159 -14.6326 -1911.44 33.8956 56.0428 29.6473 160.175
TIMING: 3860000  CPU: 3491.37, 0.000908641/step  Wall: 3492.02, 0.000908803/step, 380.28 ns/days, 0.287788 hours remaining, 0.000000 MB of memory in use.
PERFORMANCE: 3860000  averaging 382.021 ns/day, 0.000904663 sec/step with standard deviation 3.29553e-06
ENERGY: 3860000        28.9385        77.7110        59.4999         2.4968         -52067.9901    -85364.1855         0.0000         0.0000     10706.5321        -126556.9973       296.0721   -137263.5295   -126520.4789       298.1936            -72.1267       -73.5482    184891.3209        96.7877        95.8574

WRITING EXTENDED SYSTEM TO RESTART FILE AT STEP 3860000
WRITING COORDINATES TO DCD FILE ../output/02_eq_4_CLKWWW.0.dcd AT STEP 3860000
WRITING COORDINATES TO RESTART FILE AT STEP 3860000
FINISHED WRITING RESTART COORDINATES
WRITING VELOCITIES TO RESTART FILE AT STEP 3860000
FINISHED WRITING RESTART VELOCITIES
PRESSURE: 3870000 2004.99 -286.011 -308.546 -286.008 -1654.23 -239.169 -308.549 -239.168 -360.252
GPRESSURE: 3870000 1999.2 -313.553 -260.043 -345.693 -1682.56 -214.453 -267.416 -287.147 -328.026
PRESSAVG: 3870000 2034.88 2.52793 35.418 2.52793 -1896.32 22.5778 35.418 22.5778 136.845
GPRESSAVG: 3870000 2037.93 9.36386 32.3173 -23.6517 -1898.54 23.7286 29.23 26.1797 133.214
TIMING: 3870000  CPU: 3500.46, 0.000909046/step  Wall: 3501.11, 0.000909178/step, 380.124 ns/days, 0.285381 hours remaining, 0.000000 MB of memory in use.
PERFORMANCE: 3870000  averaging 382.016 ns/day, 0.000904674 sec/step with standard deviation 3.29926e-06
ENERGY: 3870000        25.8733        71.5772        57.4775         3.6770         -52034.7439    -85302.0894         0.0000         0.0000     10847.3721        -126330.8561       299.9668   -137178.2282   -126517.4386       298.1360             -3.1623        -3.7926    185066.7803        91.8007        90.8688

WRITING EXTENDED SYSTEM TO RESTART FILE AT STEP 3870000
WRITING COORDINATES TO DCD FILE ../output/02_eq_4_CLKWWW.0.dcd AT STEP 3870000
WRITING COORDINATES TO RESTART FILE AT STEP 3870000
FINISHED WRITING RESTART COORDINATES
WRITING VELOCITIES TO RESTART FILE AT STEP 3870000
FINISHED WRITING RESTART VELOCITIES
PRESSURE: 3880000 2380.23 132.069 104.274 132.068 -1843.84 494.255 104.276 494.256 612.511
GPRESSURE: 3880000 2362.24 148.727 153.211 163.375 -1838.2 464.892 41.7325 554.086 624.762
PRESSAVG: 3880000 2025.13 -6.13059 42.325 -6.13059 -1891.27 45.5787 42.325 45.5787 159.741
GPRESSAVG: 3880000 2026.26 3.97934 38.9703 -29.2427 -1894.94 46.0322 34.3298 52.0147 159.446
TIMING: 3880000  CPU: 3509.54, 0.000907315/step  Wall: 3510.19, 0.000907457/step, 380.845 ns/days, 0.28232 hours remaining, 0.000000 MB of memory in use.
PERFORMANCE: 3880000  averaging 382.013 ns/day, 0.000904681 sec/step with standard deviation 3.29802e-06
ENERGY: 3880000        18.5397        72.4959        53.1495         1.7070         -52362.0658    -85137.9392         0.0000         0.0000     10700.9694        -126653.1435       295.9183   -137354.1128   -126541.4599       297.8950            382.9683       382.9320    183742.3950        97.8663        96.9207

WRITING EXTENDED SYSTEM TO RESTART FILE AT STEP 3880000
WRITING COORDINATES TO DCD FILE ../output/02_eq_4_CLKWWW.0.dcd AT STEP 3880000
WRITING COORDINATES TO RESTART FILE AT STEP 3880000
FINISHED WRITING RESTART COORDINATES
WRITING VELOCITIES TO RESTART FILE AT STEP 3880000
FINISHED WRITING RESTART VELOCITIES
PRESSURE: 3890000 1954.88 154.141 -254.532 154.142 -2037.61 117.64 -254.532 117.641 139.188
GPRESSURE: 3890000 1970.3 188.929 -283.266 65.4271 -1993.94 123.813 -331.411 82.1659 104.759
PRESSAVG: 3890000 2039.85 -7.13494 40.2642 -7.13494 -1897.36 59.6838 40.2642 59.6838 152.964
GPRESSAVG: 3890000 2042.54 6.06317 40.1923 -34.1944 -1899.24 60.8981 27.3734 58.7116 150.624
TIMING: 3890000  CPU: 3518.65, 0.000911471/step  Wall: 3519.3, 0.000911515/step, 379.149 ns/days, 0.28105 hours remaining, 0.000000 MB of memory in use.
PERFORMANCE: 3890000  averaging 382.006 ns/day, 0.000904699 sec/step with standard deviation 3.31194e-06
ENERGY: 3890000        27.6083        78.1023        58.5025         2.0066         -52340.3424    -85226.6095         0.0000         0.0000     10812.5815        -126588.1508       299.0047   -137400.7322   -126533.8169       298.0779             18.8186        27.0380    184444.6916        98.4830        97.9764

WRITING EXTENDED SYSTEM TO RESTART FILE AT STEP 3890000
WRITING COORDINATES TO DCD FILE ../output/02_eq_4_CLKWWW.0.dcd AT STEP 3890000
WRITING COORDINATES TO RESTART FILE AT STEP 3890000
FINISHED WRITING RESTART COORDINATES
WRITING VELOCITIES TO RESTART FILE AT STEP 3890000
FINISHED WRITING RESTART VELOCITIES
PRESSURE: 3900000 1948.93 -159.938 75.3646 -159.935 -1726.72 -100.627 75.3646 -100.629 -238.704
GPRESSURE: 3900000 1968.92 -182.642 138.815 -111.212 -1742.34 -180.126 73.78 -150.024 -221.476
PRESSAVG: 3900000 1984.16 -16.0003 34.1573 -16.0003 -1943.53 51.5096 34.1573 51.5096 97.8468
GPRESSAVG: 3900000 1988.39 -5.44744 35.44 -38.0679 -1943.86 40.1028 29.1494 56.069 93.3233
TIMING: 3900000  CPU: 3527.73, 0.000908056/step  Wall: 3528.38, 0.000908113/step, 380.569 ns/days, 0.277479 hours remaining, 0.000000 MB of memory in use.
PERFORMANCE: 3900000  averaging 382.002 ns/day, 0.000904708 sec/step with standard deviation 3.31219e-06
ETITLE:      TS           BOND          ANGLE          DIHED          IMPRP               ELECT            VDW       BOUNDARY           MISC        KINETIC               TOTAL           TEMP      POTENTIAL       TOTALAVG        TEMPAVG            PRESSURE      GPRESSURE         VOLUME       PRESSAVG      GPRESSAVG

ENERGY: 3900000        35.0894        74.0059        63.1564         1.4315         -52159.9234    -85376.4052         0.0000         0.0000     10800.7970        -126561.8484       298.6788   -137362.6453   -126526.8541       298.0673             -5.4988         1.7019    183791.0487        46.1591        45.9537

WRITING EXTENDED SYSTEM TO RESTART FILE AT STEP 3900000
WRITING COORDINATES TO DCD FILE ../output/02_eq_4_CLKWWW.0.dcd AT STEP 3900000
WRITING COORDINATES TO RESTART FILE AT STEP 3900000
FINISHED WRITING RESTART COORDINATES
WRITING VELOCITIES TO RESTART FILE AT STEP 3900000
FINISHED WRITING RESTART VELOCITIES
PRESSURE: 3910000 2271.79 -224.365 -104.523 -224.365 -1519.61 180.356 -104.524 180.355 377.839
GPRESSURE: 3910000 2238.25 -309.855 -115.132 -171.173 -1498.22 282.457 -194.025 -59.8956 391.04
PRESSAVG: 3910000 2024.3 -29.8596 26.5475 -29.8596 -1908.43 48.8105 26.5475 48.8105 76.2774
GPRESSAVG: 3910000 2023.77 -20.5483 23.6002 -51.3465 -1907.78 39.8158 21.738 43.1656 76.7995
TIMING: 3910000  CPU: 3536.82, 0.000908502/step  Wall: 3537.47, 0.000908711/step, 380.319 ns/days, 0.275137 hours remaining, 0.000000 MB of memory in use.
PERFORMANCE: 3910000  averaging 381.998 ns/day, 0.000904718 sec/step with standard deviation 3.31413e-06
ENERGY: 3910000        30.0822        86.0887        63.7064         3.6823         -52172.3526    -85262.3936         0.0000         0.0000     10703.2495        -126547.9371       295.9813   -137251.1865   -126526.3832       298.0267            376.6733       377.0228    184455.0120        64.0483        64.2619

WRITING EXTENDED SYSTEM TO RESTART FILE AT STEP 3910000
WRITING COORDINATES TO DCD FILE ../output/02_eq_4_CLKWWW.0.dcd AT STEP 3910000
WRITING COORDINATES TO RESTART FILE AT STEP 3910000
FINISHED WRITING RESTART COORDINATES
WRITING VELOCITIES TO RESTART FILE AT STEP 3910000
FINISHED WRITING RESTART VELOCITIES
PRESSURE: 3920000 1008.32 141.576 219.391 141.576 -2570.83 50.3723 219.391 50.372 -224.784
GPRESSURE: 3920000 949.385 94.5652 311.349 199.64 -2633.8 111.557 234.224 31.175 -99.2036
PRESSAVG: 3920000 1982.23 -38.6402 19.7128 -38.6402 -1922.32 39.5277 19.7128 39.5277 50.1777
GPRESSAVG: 3920000 1977.86 -35.376 19.2355 -56.5 -1921.88 38.8764 15.6699 35.0154 56.0785
TIMING: 3920000  CPU: 3545.9, 0.000907779/step  Wall: 3546.55, 0.000907824/step, 380.69 ns/days, 0.272347 hours remaining, 0.000000 MB of memory in use.
PERFORMANCE: 3920000  averaging 381.994 ns/day, 0.000904726 sec/step with standard deviation 3.31361e-06
ENERGY: 3920000        29.1812        72.2443        53.2972         1.6062         -52204.1763    -85382.3659         0.0000         0.0000     10691.5040        -126738.7094       295.6565   -137430.2133   -126519.1662       298.0043           -595.7648      -594.5401    184375.3675        36.6978        37.3532

WRITING EXTENDED SYSTEM TO RESTART FILE AT STEP 3920000
WRITING COORDINATES TO DCD FILE ../output/02_eq_4_CLKWWW.0.dcd AT STEP 3920000
WRITING COORDINATES TO RESTART FILE AT STEP 3920000
FINISHED WRITING RESTART COORDINATES
WRITING VELOCITIES TO RESTART FILE AT STEP 3920000
FINISHED WRITING RESTART VELOCITIES
PRESSURE: 3930000 2444.87 0.794335 -30.1468 0.794619 -2016.78 0.401213 -30.1481 0.400633 -80.4987
GPRESSURE: 3930000 2432.89 -68.5153 -129.047 22.2428 -1975.15 -34.5496 71.5084 -14.9769 -122.397
PRESSAVG: 3930000 1977.13 -39.4546 8.43767 -39.4546 -1952.44 37.4315 8.43767 37.4315 48.7573
GPRESSAVG: 3930000 1971.94 -37.2135 -1.3964 -54.1734 -1948.76 37.4738 9.96393 25.1651 51.7534
TIMING: 3930000  CPU: 3554.98, 0.000908107/step  Wall: 3555.63, 0.000908238/step, 380.517 ns/days, 0.269949 hours remaining, 0.000000 MB of memory in use.
PERFORMANCE: 3930000  averaging 381.99 ns/day, 0.000904735 sec/step with standard deviation 3.31412e-06
ENERGY: 3930000        29.7479        72.5352        55.0605         1.3833         -52401.9021    -85222.9913         0.0000         0.0000     10586.0658        -126880.1006       292.7408   -137466.1664   -126526.4902       297.8449            115.8638       111.7827    184786.6101        24.4840        24.9798

WRITING EXTENDED SYSTEM TO RESTART FILE AT STEP 3930000
WRITING COORDINATES TO DCD FILE ../output/02_eq_4_CLKWWW.0.dcd AT STEP 3930000
WRITING COORDINATES TO RESTART FILE AT STEP 3930000
FINISHED WRITING RESTART COORDINATES
WRITING VELOCITIES TO RESTART FILE AT STEP 3930000
FINISHED WRITING RESTART VELOCITIES
PRESSURE: 3940000 1897.9 -25.4207 144.048 -25.4197 -2251.19 17.7495 144.047 17.7491 198.782
GPRESSURE: 3940000 1918.35 49.55 132.492 1.41666 -2282.4 24.8852 86.6927 69.9756 210.658
PRESSAVG: 3940000 1970.56 -39.2895 5.28258 -39.2895 -1963.45 31.6775 5.28258 31.6775 46.5785
GPRESSAVG: 3940000 1965.3 -30.9429 -7.39494 -50.8311 -1961.31 37.2195 9.48541 17.5879 50.962
TIMING: 3940000  CPU: 3564.06, 0.000908577/step  Wall: 3564.72, 0.000908667/step, 380.338 ns/days, 0.267552 hours remaining, 0.000000 MB of memory in use.
PERFORMANCE: 3940000  averaging 381.986 ns/day, 0.000904745 sec/step with standard deviation 3.31582e-06
ENERGY: 3940000        36.0870        70.3817        54.7102         2.0158         -52361.9307    -85131.1149         0.0000         0.0000     10738.7210        -126591.1299       296.9622   -137329.8509   -126539.3596       297.6553            -51.5052       -51.1295    184425.1910        17.8949        18.3175

WRITING EXTENDED SYSTEM TO RESTART FILE AT STEP 3940000
WRITING COORDINATES TO DCD FILE ../output/02_eq_4_CLKWWW.0.dcd AT STEP 3940000
WRITING COORDINATES TO RESTART FILE AT STEP 3940000
FINISHED WRITING RESTART COORDINATES
WRITING VELOCITIES TO RESTART FILE AT STEP 3940000
FINISHED WRITING RESTART VELOCITIES
PRESSURE: 3950000 2013.79 99.1422 56.0453 99.1424 -1934.25 -185.342 56.0471 -185.34 1.98483
GPRESSURE: 3950000 2053.81 99.1588 -1.46762 43.4986 -1939.66 -246.175 161.763 -219.937 -35.6026
PRESSAVG: 3950000 1994.43 -27.9645 26.2643 -27.9645 -1947.29 18.211 26.2643 18.211 41.3304
GPRESSAVG: 3950000 1992.02 -21.8957 8.6682 -46.1418 -1946.91 22.7022 35.5294 0.758936 43.9869
TIMING: 3950000  CPU: 3573.16, 0.000909597/step  Wall: 3573.81, 0.000909764/step, 379.879 ns/days, 0.265348 hours remaining, 0.000000 MB of memory in use.
PERFORMANCE: 3950000  averaging 381.981 ns/day, 0.000904757 sec/step with standard deviation 3.32123e-06
ENERGY: 3950000        32.9875        72.5907        50.8721         0.8955         -52451.3725    -85093.1707         0.0000         0.0000     10727.7535        -126659.4438       296.6589   -137387.1973   -126541.2412       297.6827             27.1777        26.1837    185021.2389        29.4898        29.7004

WRITING EXTENDED SYSTEM TO RESTART FILE AT STEP 3950000
WRITING COORDINATES TO DCD FILE ../output/02_eq_4_CLKWWW.0.dcd AT STEP 3950000
WRITING COORDINATES TO RESTART FILE AT STEP 3950000
FINISHED WRITING RESTART COORDINATES
WRITING VELOCITIES TO RESTART FILE AT STEP 3950000
FINISHED WRITING RESTART VELOCITIES
PRESSURE: 3960000 1731.25 94.8779 -22.1305 94.8778 -2089.61 -135.844 -22.129 -135.844 74.3065
GPRESSURE: 3960000 1725.37 89.4882 17.3662 121.328 -2140.84 -130.561 -57.2794 -155.537 117.87
PRESSAVG: 3960000 1985.96 -24.4058 24.8779 -24.4058 -1946.94 9.16127 24.8779 9.16127 17.9279
GPRESSAVG: 3960000 1984.52 -25.2611 13.4853 -37.1811 -1951.19 13.2175 27.4429 -7.97088 23.4319
TIMING: 3960000  CPU: 3582.23, 0.000906702/step  Wall: 3582.88, 0.000906886/step, 381.084 ns/days, 0.261989 hours remaining, 0.000000 MB of memory in use.
PERFORMANCE: 3960000  averaging 381.979 ns/day, 0.000904763 sec/step with standard deviation 3.31875e-06
ENERGY: 3960000        38.5118        74.8204        61.3234         4.1691         -51843.6670    -85470.7065         0.0000         0.0000     10670.9113        -126464.6375       295.0871   -137135.5488   -126530.6267       297.6329            -94.6841       -99.2004    185370.3951        18.9835        18.9203

WRITING EXTENDED SYSTEM TO RESTART FILE AT STEP 3960000
WRITING COORDINATES TO DCD FILE ../output/02_eq_4_CLKWWW.0.dcd AT STEP 3960000
WRITING COORDINATES TO RESTART FILE AT STEP 3960000
FINISHED WRITING RESTART COORDINATES
WRITING VELOCITIES TO RESTART FILE AT STEP 3960000
FINISHED WRITING RESTART VELOCITIES
PRESSURE: 3970000 1372.23 -178.701 -308.921 -178.699 -2204.22 -325.757 -308.923 -325.758 -678.216
GPRESSURE: 3970000 1363.48 -3.88997 -363.733 -162.651 -2170.65 -280.491 -329.534 -368.014 -708.999
PRESSAVG: 3970000 1932.17 -22.3969 18.5648 -22.3969 -1968.2 -4.32131 18.5648 -4.32131 7.13716
GPRESSAVG: 3970000 1932.19 -16.9025 3.84458 -29.0873 -1967.83 7.12777 21.5663 -29.0314 7.58025
TIMING: 3970000  CPU: 3591.3, 0.000907364/step  Wall: 3591.96, 0.00090748/step, 380.835 ns/days, 0.25964 hours remaining, 0.000000 MB of memory in use.
PERFORMANCE: 3970000  averaging 381.976 ns/day, 0.00090477 sec/step with standard deviation 3.31736e-06
ENERGY: 3970000        28.4216        67.2156        50.8372         3.1403         -52300.9874    -85355.4970         0.0000         0.0000     10694.2915        -126812.5783       295.7336   -137506.8698   -126561.6341       297.2388           -503.4024      -505.3881    184576.5648        -9.6327        -9.3520

WRITING EXTENDED SYSTEM TO RESTART FILE AT STEP 3970000
WRITING COORDINATES TO DCD FILE ../output/02_eq_4_CLKWWW.0.dcd AT STEP 3970000
WRITING COORDINATES TO RESTART FILE AT STEP 3970000
FINISHED WRITING RESTART COORDINATES
WRITING VELOCITIES TO RESTART FILE AT STEP 3970000
FINISHED WRITING RESTART VELOCITIES
PRESSURE: 3980000 1959.5 7.34407 -79.7309 7.34672 -1813 64.8118 -79.7301 64.8124 52.2111
GPRESSURE: 3980000 1927.47 -76.133 -123.551 42.5281 -1785.21 137.69 -56.3258 -38.0715 53.7914
PRESSAVG: 3980000 1939.26 -18.6079 14.4952 -18.6079 -1945.73 9.52188 14.4952 9.52188 -10.9696
GPRESSAVG: 3980000 1940.33 -17.5186 4.8035 -21.9441 -1948.69 19.5226 8.16247 -18.8741 -9.08052
TIMING: 3980000  CPU: 3600.37, 0.000907046/step  Wall: 3601.03, 0.000907129/step, 380.982 ns/days, 0.25702 hours remaining, 0.000000 MB of memory in use.
PERFORMANCE: 3980000  averaging 381.973 ns/day, 0.000904776 sec/step with standard deviation 3.31529e-06
ENERGY: 3980000        25.9856        75.8844        52.5106         2.4806         -51937.7454    -85365.3721         0.0000         0.0000     10724.9921        -126421.2642       296.5826   -137146.2563   -126554.3848       297.2189             66.2361        65.3492    184697.3287        -5.8141        -5.8139

WRITING EXTENDED SYSTEM TO RESTART FILE AT STEP 3980000
WRITING COORDINATES TO DCD FILE ../output/02_eq_4_CLKWWW.0.dcd AT STEP 3980000
WRITING COORDINATES TO RESTART FILE AT STEP 3980000
FINISHED WRITING RESTART COORDINATES
WRITING VELOCITIES TO RESTART FILE AT STEP 3980000
FINISHED WRITING RESTART VELOCITIES
PRESSURE: 3990000 1889.27 -281.454 -168.059 -281.453 -1955.47 -438.139 -168.057 -438.137 -318.217
GPRESSURE: 3990000 1864.96 -350.311 -248.262 -303.866 -1897.92 -421.296 -82.7699 -379.936 -347.368
PRESSAVG: 3990000 1953.29 -24.0694 -4.07982 -24.0694 -1926.41 -16.2369 -4.07982 -16.2369 -18.3717
GPRESSAVG: 3990000 1950.07 -31.1011 -18.6388 -30.2156 -1924.46 -7.47607 -4.87574 -38.6192 -16.9908
TIMING: 3990000  CPU: 3609.46, 0.000909193/step  Wall: 3610.12, 0.000909453/step, 380.008 ns/days, 0.255152 hours remaining, 0.000000 MB of memory in use.
PERFORMANCE: 3990000  averaging 381.968 ns/day, 0.000904787 sec/step with standard deviation 3.31939e-06
ENERGY: 3990000        30.9681        72.5713        54.2464         1.3227         -52301.2829    -85345.2333         0.0000         0.0000     10714.0224        -126773.3852       296.2792   -137487.4077   -126570.3225       297.0664           -128.1375      -126.7782    183673.1101         2.8368         2.8741

WRITING EXTENDED SYSTEM TO RESTART FILE AT STEP 3990000
WRITING COORDINATES TO DCD FILE ../output/02_eq_4_CLKWWW.0.dcd AT STEP 3990000
WRITING COORDINATES TO RESTART FILE AT STEP 3990000
FINISHED WRITING RESTART COORDINATES
WRITING VELOCITIES TO RESTART FILE AT STEP 3990000
FINISHED WRITING RESTART VELOCITIES
PRESSURE: 4000000 2141.99 -323.137 -369.381 -323.138 -2148.73 241.825 -369.381 241.824 -298.295
GPRESSURE: 4000000 2131.4 -391.049 -436.001 -223.713 -2127.8 224.017 -396.792 181.056 -298.401
PRESSAVG: 4000000 1920.25 -44.0281 -37.5327 -44.0281 -1983.54 -1.09142 -37.5327 -1.09142 -52.6193
GPRESSAVG: 4000000 1916.61 -56.6307 -58.8695 -42.6897 -1981.32 9.94738 -34.8494 -29.1881 -50.8394
TIMING: 4000000  CPU: 3618.56, 0.000910282/step  Wall: 3619.23, 0.000910305/step, 379.653 ns/days, 0.252862 hours remaining, 0.000000 MB of memory in use.
PERFORMANCE: 4000000  averaging 381.962 ns/day, 0.000904801 sec/step with standard deviation 3.32669e-06
ETITLE:      TS           BOND          ANGLE          DIHED          IMPRP               ELECT            VDW       BOUNDARY           MISC        KINETIC               TOTAL           TEMP      POTENTIAL       TOTALAVG        TEMPAVG            PRESSURE      GPRESSURE         VOLUME       PRESSAVG      GPRESSAVG

ENERGY: 4000000        25.7925        72.3432        54.2403         1.6049         -52088.4338    -85202.7836         0.0000         0.0000     10963.4575        -126173.7791       303.1770   -137137.2366   -126556.4805       297.2917           -101.6771       -98.2666    185132.7035       -38.6339       -38.5151

WRITING EXTENDED SYSTEM TO RESTART FILE AT STEP 4000000
WRITING COORDINATES TO DCD FILE ../output/02_eq_4_CLKWWW.0.dcd AT STEP 4000000
WRITING COORDINATES TO RESTART FILE AT STEP 4000000
FINISHED WRITING RESTART COORDINATES
WRITING VELOCITIES TO RESTART FILE AT STEP 4000000
FINISHED WRITING RESTART VELOCITIES
PRESSURE: 4010000 2289.84 -160.504 -191.855 -160.503 -1895.43 104.114 -191.857 104.115 331.462
GPRESSURE: 4010000 2311.23 24.587 -175.238 -360.104 -1867.34 148.646 -177.389 183.16 259.345
PRESSAVG: 4010000 1933.18 -35.9845 -52.5991 -35.9845 -1974.76 2.37049 -52.5991 2.37049 -29.4767
GPRESSAVG: 4010000 1931.37 -37.4754 -62.2471 -42.5716 -1972.9 15.2197 -52.0336 -29.9545 -30.4532
TIMING: 4010000  CPU: 3627.63, 0.00090619/step  Wall: 3628.29, 0.000906333/step, 381.317 ns/days, 0.249241 hours remaining, 0.000000 MB of memory in use.
PERFORMANCE: 4010000  averaging 381.961 ns/day, 0.000904805 sec/step with standard deviation 3.3234e-06
ENERGY: 4010000        31.5164        79.4157        47.8598         1.5163         -51820.0789    -85441.8061         0.0000         0.0000     10793.6977        -126307.8790       298.4825   -137101.5767   -126552.4216       297.2824            241.9556       234.4131    185236.5352       -23.6868       -23.9953

WRITING EXTENDED SYSTEM TO RESTART FILE AT STEP 4010000
WRITING COORDINATES TO DCD FILE ../output/02_eq_4_CLKWWW.0.dcd AT STEP 4010000
WRITING COORDINATES TO RESTART FILE AT STEP 4010000
FINISHED WRITING RESTART COORDINATES
WRITING VELOCITIES TO RESTART FILE AT STEP 4010000
FINISHED WRITING RESTART VELOCITIES
PRESSURE: 4020000 2875.28 -265.014 -533.674 -265.013 -1320.31 216.308 -533.673 216.308 -125.661
GPRESSURE: 4020000 2845.12 -315.326 -530.053 -297.74 -1281.29 268.078 -542.475 185.143 -145.533
PRESSAVG: 4020000 1987.89 -64.1299 -86.9594 -64.1299 -1957.09 0.39855 -86.9594 0.39855 -34.9468
GPRESSAVG: 4020000 1987.63 -64.3203 -88.8575 -70.3452 -1954.37 12.7052 -90.8926 -30.7901 -37.992
TIMING: 4020000  CPU: 3636.7, 0.000907434/step  Wall: 3637.37, 0.000907594/step, 380.787 ns/days, 0.247067 hours remaining, 0.000000 MB of memory in use.
PERFORMANCE: 4020000  averaging 381.958 ns/day, 0.000904812 sec/step with standard deviation 3.32217e-06
ENERGY: 4020000        24.1244        74.1159        59.3165         1.3131         -52445.9388    -85110.0821         0.0000         0.0000     10741.0359        -126656.1151       297.0262   -137397.1510   -126562.5726       297.0456            476.4340       472.7651    184655.8338        -1.3821        -1.5754

WRITING EXTENDED SYSTEM TO RESTART FILE AT STEP 4020000
WRITING COORDINATES TO DCD FILE ../output/02_eq_4_CLKWWW.0.dcd AT STEP 4020000
WRITING COORDINATES TO RESTART FILE AT STEP 4020000
FINISHED WRITING RESTART COORDINATES
WRITING VELOCITIES TO RESTART FILE AT STEP 4020000
FINISHED WRITING RESTART VELOCITIES
PRESSURE: 4030000 2147.93 111.551 55.378 111.55 -934.883 -325.723 55.3797 -325.725 113.282
GPRESSURE: 4030000 2088.22 84.3761 52.7946 213.038 -919.366 -502.099 180.102 -368.673 156.911
PRESSAVG: 4030000 2011.35 -60.5772 -94.1203 -60.5772 -1910.5 -3.99395 -94.1203 -3.99395 -27.2099
GPRESSAVG: 4030000 2008.13 -59.747 -101.21 -66.9906 -1903.82 -4.19032 -87.6745 -34.8541 -30.7265
TIMING: 4030000  CPU: 3645.78, 0.000907439/step  Wall: 3646.44, 0.000907593/step, 380.787 ns/days, 0.244546 hours remaining, 0.000000 MB of memory in use.
PERFORMANCE: 4030000  averaging 381.955 ns/day, 0.000904819 sec/step with standard deviation 3.32093e-06
ENERGY: 4030000        40.4379        71.9869        53.3699         3.3144         -52173.1525    -85334.8912         0.0000         0.0000     10729.7583        -126609.1764       296.7144   -137338.9347   -126561.9828       297.1268            442.1085       441.9203    184418.4817        24.5489        24.5277

WRITING EXTENDED SYSTEM TO RESTART FILE AT STEP 4030000
WRITING COORDINATES TO DCD FILE ../output/02_eq_4_CLKWWW.0.dcd AT STEP 4030000
WRITING COORDINATES TO RESTART FILE AT STEP 4030000
FINISHED WRITING RESTART COORDINATES
WRITING VELOCITIES TO RESTART FILE AT STEP 4030000
FINISHED WRITING RESTART VELOCITIES
PRESSURE: 4040000 1188.28 206.073 471.926 206.072 -2607.51 -57.6938 471.925 -57.6934 -493.761
GPRESSURE: 4040000 1204.58 144.264 512.546 233.457 -2570.23 -206 446.37 -27.5847 -546.149
PRESSAVG: 4040000 1992.24 -55.1743 -58.7677 -55.1743 -1922.31 -21.7282 -58.7677 -21.7282 -27.81
GPRESSAVG: 4040000 1986.16 -62.3985 -63.1316 -53.8788 -1911.9 -34.5184 -50.1952 -45.1547 -32.2663
TIMING: 4040000  CPU: 3654.85, 0.000907593/step  Wall: 3655.52, 0.00090781/step, 380.696 ns/days, 0.242083 hours remaining, 0.000000 MB of memory in use.
PERFORMANCE: 4040000  averaging 381.952 ns/day, 0.000904826 sec/step with standard deviation 3.32014e-06
ENERGY: 4040000        33.9065        75.1697        54.8164         2.2816         -52097.7190    -85503.9623         0.0000         0.0000     10789.6425        -126645.8646       298.3704   -137435.5072   -126578.1706       297.0429           -637.6661      -637.2678    185924.3357        14.0397        13.9977

WRITING EXTENDED SYSTEM TO RESTART FILE AT STEP 4040000
WRITING COORDINATES TO DCD FILE ../output/02_eq_4_CLKWWW.0.dcd AT STEP 4040000
WRITING COORDINATES TO RESTART FILE AT STEP 4040000
FINISHED WRITING RESTART COORDINATES
WRITING VELOCITIES TO RESTART FILE AT STEP 4040000
FINISHED WRITING RESTART VELOCITIES
PRESSURE: 4050000 2691.22 -78.7735 169.247 -78.7758 -1689.76 388.528 169.248 388.525 79.5772
GPRESSURE: 4050000 2709.27 -162.892 207.358 -94.7548 -1706.43 393.509 275.482 495.724 63.4535
PRESSAVG: 4050000 2011.59 -60.6807 -47.3981 -60.6807 -1905.69 7.76067 -47.3981 7.76067 -58.6539
GPRESSAVG: 4050000 2004.14 -69.2738 -52.6552 -57.2735 -1896.16 -4.48681 -32.8457 -7.07454 -61.9869
TIMING: 4050000  CPU: 3663.92, 0.000906777/step  Wall: 3664.59, 0.000906833/step, 381.106 ns/days, 0.239303 hours remaining, 0.000000 MB of memory in use.
PERFORMANCE: 4050000  averaging 381.95 ns/day, 0.000904831 sec/step with standard deviation 3.31753e-06
ENERGY: 4050000        30.2480        78.3067        55.9714         2.6000         -52106.7105    -85269.6385         0.0000         0.0000     10797.9933        -126411.2295       298.6013   -137209.2228   -126569.2113       297.1847            360.3477       355.4326    184036.3319        15.7479        15.3315

WRITING EXTENDED SYSTEM TO RESTART FILE AT STEP 4050000
WRITING COORDINATES TO DCD FILE ../output/02_eq_4_CLKWWW.0.dcd AT STEP 4050000
WRITING COORDINATES TO RESTART FILE AT STEP 4050000
FINISHED WRITING RESTART COORDINATES
WRITING VELOCITIES TO RESTART FILE AT STEP 4050000
FINISHED WRITING RESTART VELOCITIES
PRESSURE: 4060000 1423.4 32.0331 152.201 32.0331 -1855.39 -157.756 152.202 -157.757 -394.495
GPRESSURE: 4060000 1435.58 33.6256 157.899 75.2929 -1833.14 -207.198 162.053 -234.241 -435.321
PRESSAVG: 4060000 1981.79 -50.1854 -46.1811 -50.1854 -1903.47 -4.4846 -46.1811 -4.4846 -61.587
GPRESSAVG: 4060000 1975 -60.8447 -49.0982 -44.4832 -1894.32 -12.1703 -35.0855 -26.0776 -65.2943
TIMING: 4060000  CPU: 3673, 0.000907986/step  Wall: 3673.67, 0.000908184/step, 380.54 ns/days, 0.237137 hours remaining, 0.000000 MB of memory in use.
PERFORMANCE: 4060000  averaging 381.946 ns/day, 0.000904839 sec/step with standard deviation 3.31761e-06
ENERGY: 4060000        33.8325        82.3214        54.4144         3.6630         -52067.4544    -85159.5829         0.0000         0.0000     10788.1646        -126264.6414       298.3295   -137052.8060   -126554.5935       297.2976           -275.4929      -277.6276    184620.6696         5.5796         5.1275

WRITING EXTENDED SYSTEM TO RESTART FILE AT STEP 4060000
WRITING COORDINATES TO DCD FILE ../output/02_eq_4_CLKWWW.0.dcd AT STEP 4060000
WRITING COORDINATES TO RESTART FILE AT STEP 4060000
FINISHED WRITING RESTART COORDINATES
WRITING VELOCITIES TO RESTART FILE AT STEP 4060000
FINISHED WRITING RESTART VELOCITIES
PRESSURE: 4070000 1952.07 31.3396 368.72 31.3392 -1951.12 85.1157 368.721 85.1175 -249.525
GPRESSURE: 4070000 1960.73 -12.7623 441.216 87.0177 -1928.5 77.8951 260.097 245.925 -291.761
PRESSAVG: 4070000 1979.15 -34.318 -12.3176 -34.318 -1918.31 11.7297 -12.3176 11.7297 -56.0507
GPRESSAVG: 4070000 1973.08 -45.8052 -14.0352 -22.8476 -1906.62 2.44711 -8.70984 0.575973 -63.4811
TIMING: 4070000  CPU: 3682.08, 0.000907947/step  Wall: 3682.75, 0.00090814/step, 380.558 ns/days, 0.234603 hours remaining, 0.000000 MB of memory in use.
PERFORMANCE: 4070000  averaging 381.943 ns/day, 0.000904848 sec/step with standard deviation 3.31756e-06
ENERGY: 4070000        34.7159        79.3606        62.8882         2.9356         -52252.3260    -85185.2181         0.0000         0.0000     10823.0847        -126434.5590       299.2952   -137257.6437   -126559.7786       297.2640            -82.8576       -86.5132    184516.0910         1.5948         0.9915

WRITING EXTENDED SYSTEM TO RESTART FILE AT STEP 4070000
WRITING COORDINATES TO DCD FILE ../output/02_eq_4_CLKWWW.0.dcd AT STEP 4070000
WRITING COORDINATES TO RESTART FILE AT STEP 4070000
FINISHED WRITING RESTART COORDINATES
WRITING VELOCITIES TO RESTART FILE AT STEP 4070000
FINISHED WRITING RESTART VELOCITIES
PRESSURE: 4080000 2898.4 -35.8401 -121.649 -35.8358 -1237.23 -214.808 -121.65 -214.808 212.116
GPRESSURE: 4080000 2930.03 8.32564 -165.77 -105.914 -1303.71 -249.825 12.8024 -162.996 247.52
PRESSAVG: 4080000 2005.06 -42.7132 -23.6139 -42.7132 -1887.98 -23.7235 -23.6139 -23.7235 -76.0704
GPRESSAVG: 4080000 2001.47 -52.8252 -29.9842 -36.312 -1879.9 -33.2888 -10.1563 -35.2781 -82.3432
TIMING: 4080000  CPU: 3691.16, 0.000907775/step  Wall: 3691.83, 0.000907742/step, 380.725 ns/days, 0.231978 hours remaining, 0.000000 MB of memory in use.
PERFORMANCE: 4080000  averaging 381.94 ns/day, 0.000904855 sec/step with standard deviation 3.31657e-06
ENERGY: 4080000        30.2872        73.9427        49.4130         2.9139         -52421.3360    -85030.8990         0.0000         0.0000     10792.1382        -126503.5400       298.4394   -137295.6781   -126552.2985       297.3901            624.4287       624.6109    184597.6955        13.6679        13.0754

WRITING EXTENDED SYSTEM TO RESTART FILE AT STEP 4080000
WRITING COORDINATES TO DCD FILE ../output/02_eq_4_CLKWWW.0.dcd AT STEP 4080000
WRITING COORDINATES TO RESTART FILE AT STEP 4080000
FINISHED WRITING RESTART COORDINATES
WRITING VELOCITIES TO RESTART FILE AT STEP 4080000
FINISHED WRITING RESTART VELOCITIES
PRESSURE: 4090000 1513.63 -389.376 -24.3484 -389.377 -2291.23 -57.6136 -24.3468 -57.6128 -487.629
GPRESSURE: 4090000 1542.71 -290.772 -82.1419 -434.578 -2297.43 -81.7486 -16.7722 111.907 -510.153
PRESSAVG: 4090000 1982.99 -69.8891 -12.1047 -69.8891 -1900.66 -32.4862 -12.1047 -32.4862 -107.411
GPRESSAVG: 4090000 1980.09 -76.8103 -19.928 -61.3123 -1895.07 -43.5668 5.57558 -33.7911 -113.089
TIMING: 4090000  CPU: 3700.22, 0.000906481/step  Wall: 3700.89, 0.000906555/step, 381.224 ns/days, 0.229157 hours remaining, 0.000000 MB of memory in use.
PERFORMANCE: 4090000  averaging 381.938 ns/day, 0.000904859 sec/step with standard deviation 3.31357e-06
ENERGY: 4090000        27.2224        75.5907        55.2908         4.9286         -52150.7123    -85380.8735         0.0000         0.0000     10733.5537        -126634.9998       296.8193   -137368.5534   -126554.6409       297.2808           -421.7426      -421.6255    184216.3918        -8.3602        -9.3577

WRITING EXTENDED SYSTEM TO RESTART FILE AT STEP 4090000
WRITING COORDINATES TO DCD FILE ../output/02_eq_4_CLKWWW.0.dcd AT STEP 4090000
WRITING COORDINATES TO RESTART FILE AT STEP 4090000
FINISHED WRITING RESTART COORDINATES
WRITING VELOCITIES TO RESTART FILE AT STEP 4090000
FINISHED WRITING RESTART VELOCITIES
PRESSURE: 4100000 2623.16 -19.6525 294.496 -19.6513 -1804.89 -103.493 294.495 -103.495 435.573
GPRESSURE: 4100000 2628.39 104.245 170.677 -42.6813 -1797.24 -174.726 355.732 -54.1943 405.938
PRESSAVG: 4100000 2016.71 -62.875 -1.14816 -62.875 -1904.57 -32.6295 -1.14816 -32.6295 -73.6974
GPRESSAVG: 4100000 2013.06 -62.466 -18.3349 -57.8858 -1897.82 -43.2968 19.6732 -28.9996 -81.7181
TIMING: 4100000  CPU: 3709.29, 0.000907275/step  Wall: 3709.97, 0.000907274/step, 380.921 ns/days, 0.226819 hours remaining, 0.000000 MB of memory in use.
PERFORMANCE: 4100000  averaging 381.936 ns/day, 0.000904865 sec/step with standard deviation 3.31167e-06
ETITLE:      TS           BOND          ANGLE          DIHED          IMPRP               ELECT            VDW       BOUNDARY           MISC        KINETIC               TOTAL           TEMP      POTENTIAL       TOTALAVG        TEMPAVG            PRESSURE      GPRESSURE         VOLUME       PRESSAVG      GPRESSAVG

ENERGY: 4100000        31.0460        82.8726        53.8158         2.5737         -52233.1855    -85125.7611         0.0000         0.0000     10785.0208        -126403.6178       298.2426   -137188.6386   -126546.7294       297.2590            417.9466       412.3620    185788.0380        12.8121        11.1753

WRITING EXTENDED SYSTEM TO RESTART FILE AT STEP 4100000
WRITING COORDINATES TO DCD FILE ../output/02_eq_4_CLKWWW.0.dcd AT STEP 4100000
WRITING COORDINATES TO RESTART FILE AT STEP 4100000
FINISHED WRITING RESTART COORDINATES
WRITING VELOCITIES TO RESTART FILE AT STEP 4100000
FINISHED WRITING RESTART VELOCITIES
PRESSURE: 4110000 2164.25 -320.684 -203.469 -320.682 -1701.8 156.319 -203.468 156.32 148.587
GPRESSURE: 4110000 2213.09 -274.313 -258.408 -359.319 -1674.65 337.461 -256.811 15.8136 71.306
PRESSAVG: 4110000 2011.33 -67.6908 -6.09536 -67.6908 -1913.68 -33.8312 -6.09536 -33.8312 -85.16
GPRESSAVG: 4110000 2011.8 -60.6889 -25.4987 -67.2931 -1906.64 -40.5466 16.5339 -25.2141 -97.7048
TIMING: 4110000  CPU: 3718.36, 0.000906709/step  Wall: 3719.04, 0.00090691/step, 381.074 ns/days, 0.224208 hours remaining, 0.000000 MB of memory in use.
PERFORMANCE: 4110000  averaging 381.933 ns/day, 0.00090487 sec/step with standard deviation 3.30917e-06
ENERGY: 4110000        27.2920        80.4329        49.8639         3.6672         -51828.8883    -85509.2837         0.0000         0.0000     10680.6486        -126496.2674       295.3563   -137176.9160   -126544.1459       297.2278            203.6781       203.2469    184854.9166         4.1623         2.4865

WRITING EXTENDED SYSTEM TO RESTART FILE AT STEP 4110000
WRITING COORDINATES TO DCD FILE ../output/02_eq_4_CLKWWW.0.dcd AT STEP 4110000
WRITING COORDINATES TO RESTART FILE AT STEP 4110000
FINISHED WRITING RESTART COORDINATES
WRITING VELOCITIES TO RESTART FILE AT STEP 4110000
FINISHED WRITING RESTART VELOCITIES
PRESSURE: 4120000 1324.73 143.354 86.4485 143.356 -2460.23 56.594 86.4494 56.5921 -364.029
GPRESSURE: 4120000 1355.17 298.506 40.4209 5.79829 -2484.1 28.6952 152.645 69.5305 -373.525
PRESSAVG: 4120000 2027.15 -67.6018 -12.7424 -67.6018 -1908.15 -33.5202 -12.7424 -33.5202 -92.1223
GPRESSAVG: 4120000 2032.09 -50.4919 -39.0451 -76.9852 -1899.15 -44.6897 12.455 -23.2964 -111.421
TIMING: 4120000  CPU: 3727.43, 0.000907074/step  Wall: 3728.11, 0.000907102/step, 380.993 ns/days, 0.221736 hours remaining, 0.000000 MB of memory in use.
PERFORMANCE: 4120000  averaging 381.931 ns/day, 0.000904875 sec/step with standard deviation 3.30697e-06
ENERGY: 4120000        32.4041        75.1408        58.5629         2.4271         -52160.9826    -85249.7004         0.0000         0.0000     10791.7248        -126450.4233       298.4280   -137242.1481   -126529.7316       297.3663           -499.8432      -500.8200    185648.9559         8.9584         7.1725

WRITING EXTENDED SYSTEM TO RESTART FILE AT STEP 4120000
WRITING COORDINATES TO DCD FILE ../output/02_eq_4_CLKWWW.0.dcd AT STEP 4120000
WRITING COORDINATES TO RESTART FILE AT STEP 4120000
FINISHED WRITING RESTART COORDINATES
WRITING VELOCITIES TO RESTART FILE AT STEP 4120000
FINISHED WRITING RESTART VELOCITIES
PRESSURE: 4130000 2214.26 135.453 -114.327 135.454 -2068.43 246.105 -114.329 246.104 105.477
GPRESSURE: 4130000 2187.51 180.125 -52.3646 131.428 -2073.34 236.654 -134.339 357.066 135.05
PRESSAVG: 4130000 2015.62 -60.8689 -16.9515 -60.8689 -1910.73 -21.235 -16.9515 -21.235 -82.8235
GPRESSAVG: 4130000 2019.82 -38.0598 -35.211 -71.5259 -1904.06 -31.1295 2.1626 -4.69423 -98.5485
TIMING: 4130000  CPU: 3736.5, 0.000907045/step  Wall: 3737.18, 0.000907168/step, 380.966 ns/days, 0.219232 hours remaining, 0.000000 MB of memory in use.
PERFORMANCE: 4130000  averaging 381.929 ns/day, 0.000904881 sec/step with standard deviation 3.30488e-06
ENERGY: 4130000        30.8423        72.0121        51.9708         1.6682         -52252.4141    -85230.0424         0.0000         0.0000     10639.1455        -126686.8176       294.2086   -137325.9630   -126520.0674       297.4397             83.7692        83.0704    185544.2647         7.3537         5.7369

WRITING EXTENDED SYSTEM TO RESTART FILE AT STEP 4130000
WRITING COORDINATES TO DCD FILE ../output/02_eq_4_CLKWWW.0.dcd AT STEP 4130000
WRITING COORDINATES TO RESTART FILE AT STEP 4130000
FINISHED WRITING RESTART COORDINATES
WRITING VELOCITIES TO RESTART FILE AT STEP 4130000
FINISHED WRITING RESTART VELOCITIES
PRESSURE: 4140000 2518.45 194.26 79.7858 194.259 -1361.72 -250.443 79.7878 -250.441 -227.772
GPRESSURE: 4140000 2469.85 254.171 72.4954 179.313 -1349.62 -326.771 -1.5525 -173.805 -174.826
PRESSAVG: 4140000 2046.65 -49.885 -20.1644 -49.885 -1866.26 -34.6446 -20.1644 -34.6446 -104.151
GPRESSAVG: 4140000 2047.4 -27.8288 -38.2108 -62.6311 -1857.42 -48.7123 -2.24966 -16.8833 -117.823
TIMING: 4140000  CPU: 3745.56, 0.000906206/step  Wall: 3746.24, 0.000906461/step, 381.263 ns/days, 0.216544 hours remaining, 0.000000 MB of memory in use.
PERFORMANCE: 4140000  averaging 381.927 ns/day, 0.000904884 sec/step with standard deviation 3.30179e-06
ENERGY: 4140000        28.5465        72.8097        57.5943         2.0406         -52408.1831    -85212.1200         0.0000         0.0000     10961.8682        -126497.4438       303.1330   -137459.3120   -126515.3831       297.7483            309.6528       315.1363    184202.6618        25.4116        24.0502

WRITING EXTENDED SYSTEM TO RESTART FILE AT STEP 4140000
WRITING COORDINATES TO DCD FILE ../output/02_eq_4_CLKWWW.0.dcd AT STEP 4140000
WRITING COORDINATES TO RESTART FILE AT STEP 4140000
FINISHED WRITING RESTART COORDINATES
WRITING VELOCITIES TO RESTART FILE AT STEP 4140000
FINISHED WRITING RESTART VELOCITIES
PRESSURE: 4150000 1994.48 -228.008 78.1186 -228.006 -1966.84 276.698 78.1177 276.697 -138.154
GPRESSURE: 4150000 2016.04 -327.689 47.6742 -239.914 -2005.67 386.685 47.2223 248.01 -132.123
PRESSAVG: 4150000 2045.68 -66.2424 -19.0609 -66.2424 -1867.89 -11.5428 -19.0609 -11.5428 -111.158
GPRESSAVG: 4150000 2045.51 -49.1712 -35.7537 -76.8017 -1860.72 -17.0693 -7.97669 6.51407 -122.649
TIMING: 4150000  CPU: 3754.67, 0.000910428/step  Wall: 3755.35, 0.000910584/step, 379.537 ns/days, 0.214999 hours remaining, 0.000000 MB of memory in use.
PERFORMANCE: 4150000  averaging 381.921 ns/day, 0.000904898 sec/step with standard deviation 3.30965e-06
ENERGY: 4150000        33.6424        73.4703        56.7292         3.7696         -52286.5928    -85267.1530         0.0000         0.0000     10791.9164        -126594.2179       298.4333   -137386.1342   -126512.1218       297.8370            -36.8396       -40.5845    184768.3706        22.2107        20.7117

WRITING EXTENDED SYSTEM TO RESTART FILE AT STEP 4150000
WRITING COORDINATES TO DCD FILE ../output/02_eq_4_CLKWWW.0.dcd AT STEP 4150000
WRITING COORDINATES TO RESTART FILE AT STEP 4150000
FINISHED WRITING RESTART COORDINATES
WRITING VELOCITIES TO RESTART FILE AT STEP 4150000
FINISHED WRITING RESTART VELOCITIES
PRESSURE: 4160000 1966.6 166.849 245.962 166.848 -1642.43 148.236 245.961 148.236 94.4799
GPRESSURE: 4160000 2065.27 175.708 309.812 129.661 -1671.89 59.2738 256.782 210.656 31.3466
PRESSAVG: 4160000 2057.45 -62.6439 -5.65639 -62.6439 -1845.53 2.66126 -5.65639 2.66126 -110.149
GPRESSAVG: 4160000 2062.5 -44.8602 -21.1315 -76.385 -1837.28 -7.57753 7.7264 24.8237 -126.975
TIMING: 4160000  CPU: 3763.76, 0.000908849/step  Wall: 3764.44, 0.000908981/step, 380.206 ns/days, 0.212096 hours remaining, 0.000000 MB of memory in use.
PERFORMANCE: 4160000  averaging 381.917 ns/day, 0.000904908 sec/step with standard deviation 3.31171e-06
ENERGY: 4160000        44.6237        79.4056        56.6239         1.1718         -52384.6325    -85295.9328         0.0000         0.0000     10775.6740        -126723.0665       297.9841   -137498.7405   -126525.0433       297.9818            139.5521       141.5766    184097.4480        33.9225        32.7506

WRITING EXTENDED SYSTEM TO RESTART FILE AT STEP 4160000
WRITING COORDINATES TO DCD FILE ../output/02_eq_4_CLKWWW.0.dcd AT STEP 4160000
WRITING COORDINATES TO RESTART FILE AT STEP 4160000
FINISHED WRITING RESTART COORDINATES
WRITING VELOCITIES TO RESTART FILE AT STEP 4160000
FINISHED WRITING RESTART VELOCITIES
PRESSURE: 4170000 2667.07 68.6721 152.912 68.6738 -1391.97 -59.7693 152.912 -59.77 124.827
GPRESSURE: 4170000 2623.9 138.918 234.616 93.307 -1337.4 47.2855 178.313 -4.219 115.597
PRESSAVG: 4170000 2122.19 -50.2752 17.4353 -50.2752 -1804.92 15.9606 17.4353 15.9606 -69.9973
GPRESSAVG: 4170000 2125.52 -37.7197 8.786 -63.5871 -1795.62 8.8113 33.1188 43.0135 -85.7451
TIMING: 4170000  CPU: 3772.87, 0.000911402/step  Wall: 3773.55, 0.000911606/step, 379.111 ns/days, 0.210176 hours remaining, 0.000000 MB of memory in use.
PERFORMANCE: 4170000  averaging 381.911 ns/day, 0.000904924 sec/step with standard deviation 3.32395e-06
ENERGY: 4170000        28.9161        68.1865        51.5231         2.2225         -52370.0136    -85143.6950         0.0000         0.0000     10683.6482        -126679.2121       295.4393   -137362.8603   -126518.3750       297.9671            466.6400       467.3655    184397.3551        82.4246        81.3883

WRITING EXTENDED SYSTEM TO RESTART FILE AT STEP 4170000
WRITING COORDINATES TO DCD FILE ../output/02_eq_4_CLKWWW.0.dcd AT STEP 4170000
WRITING COORDINATES TO RESTART FILE AT STEP 4170000
FINISHED WRITING RESTART COORDINATES
WRITING VELOCITIES TO RESTART FILE AT STEP 4170000
FINISHED WRITING RESTART VELOCITIES
PRESSURE: 4180000 2275.09 -230.483 -246.496 -230.483 -1767.34 -124.675 -246.498 -124.673 -80.5808
GPRESSURE: 4180000 2280.78 -95.7225 -174.612 -383.48 -1723.13 -63.9916 -253.062 -26.0112 -147.269
PRESSAVG: 4180000 2137.97 -62.1667 9.09693 -62.1667 -1802.64 6.48635 9.09693 6.48635 -76.6369
GPRESSAVG: 4180000 2143.19 -38.6992 6.23294 -84.8876 -1792.51 -1.2728 23.282 43.6165 -95.7981
TIMING: 4180000  CPU: 3781.97, 0.000909945/step  Wall: 3782.66, 0.000910074/step, 379.749 ns/days, 0.207295 hours remaining, 0.000000 MB of memory in use.
PERFORMANCE: 4180000  averaging 381.905 ns/day, 0.000904936 sec/step with standard deviation 3.32951e-06
ENERGY: 4180000        36.3840        77.4672        48.4134         3.2199         -52100.3465    -85281.7578         0.0000         0.0000     10670.5452        -126546.0746       295.0769   -137216.6198   -126524.6155       297.8918            142.3918       136.7961    184484.1436        86.2324        84.9606

WRITING EXTENDED SYSTEM TO RESTART FILE AT STEP 4180000
WRITING COORDINATES TO DCD FILE ../output/02_eq_4_CLKWWW.0.dcd AT STEP 4180000
WRITING COORDINATES TO RESTART FILE AT STEP 4180000
FINISHED WRITING RESTART COORDINATES
WRITING VELOCITIES TO RESTART FILE AT STEP 4180000
FINISHED WRITING RESTART VELOCITIES
PRESSURE: 4190000 2171.73 124.554 -227.353 124.556 -1431.24 -60.497 -227.352 -60.4945 -465.256
GPRESSURE: 4190000 2169.7 120.745 -357.499 28.9986 -1448.27 21.4678 -187.1 88.0609 -466.651
PRESSAVG: 4190000 2152.09 -41.8662 6.13218 -41.8662 -1776.42 25.3685 6.13218 25.3685 -83.9888
GPRESSAVG: 4190000 2158.43 -15.1464 0.77113 -68.2443 -1770.03 20.8654 18.0654 67.0163 -101.762
TIMING: 4190000  CPU: 3791.04, 0.000907241/step  Wall: 3791.73, 0.000907394/step, 380.871 ns/days, 0.204164 hours remaining, 0.000000 MB of memory in use.
PERFORMANCE: 4190000  averaging 381.903 ns/day, 0.000904942 sec/step with standard deviation 3.32769e-06
ENERGY: 4190000        35.8428        70.9618        54.3372         2.6314         -52455.0760    -85113.6299         0.0000         0.0000     10839.9570        -126564.9757       299.7618   -137404.9327   -126514.1950       298.0660             91.7475        84.9255    183951.5870        97.2267        95.5458

WRITING EXTENDED SYSTEM TO RESTART FILE AT STEP 4190000
WRITING COORDINATES TO DCD FILE ../output/02_eq_4_CLKWWW.0.dcd AT STEP 4190000
WRITING COORDINATES TO RESTART FILE AT STEP 4190000
FINISHED WRITING RESTART COORDINATES
WRITING VELOCITIES TO RESTART FILE AT STEP 4190000
FINISHED WRITING RESTART VELOCITIES
PRESSURE: 4200000 1446.97 -473.574 -118.795 -473.573 -2015.19 -160.851 -118.793 -160.849 44.3963
GPRESSURE: 4200000 1431.79 -505.86 -108.916 -391.249 -2046.59 -194.014 -192.217 -193.598 77.676
PRESSAVG: 4200000 2117.34 -49.388 18.6616 -49.388 -1769.75 5.23479 18.6616 5.23479 -66.8543
GPRESSAVG: 4200000 2123.45 -20.887 17.1254 -76.6211 -1765.97 -0.0361453 28.2942 48.2836 -82.9584
TIMING: 4200000  CPU: 3800.12, 0.000907691/step  Wall: 3800.81, 0.000907881/step, 380.667 ns/days, 0.201751 hours remaining, 0.000000 MB of memory in use.
PERFORMANCE: 4200000  averaging 381.9 ns/day, 0.000904949 sec/step with standard deviation 3.32681e-06
ETITLE:      TS           BOND          ANGLE          DIHED          IMPRP               ELECT            VDW       BOUNDARY           MISC        KINETIC               TOTAL           TEMP      POTENTIAL       TOTALAVG        TEMPAVG            PRESSURE      GPRESSURE         VOLUME       PRESSAVG      GPRESSAVG

ENERGY: 4200000        30.4875        76.7074        45.6058         0.8305         -52349.1874    -85231.1721         0.0000         0.0000     10755.6490        -126671.0794       297.4303   -137426.7283   -126539.0600       297.7786           -174.6096      -179.0390    185196.0244        93.5800        91.5072

WRITING EXTENDED SYSTEM TO RESTART FILE AT STEP 4200000
WRITING COORDINATES TO DCD FILE ../output/02_eq_4_CLKWWW.0.dcd AT STEP 4200000
WRITING COORDINATES TO RESTART FILE AT STEP 4200000
FINISHED WRITING RESTART COORDINATES
WRITING VELOCITIES TO RESTART FILE AT STEP 4200000
FINISHED WRITING RESTART VELOCITIES
PRESSURE: 4210000 2332.7 -185.92 -291.833 -185.922 -1380.78 -69.6045 -291.832 -69.6059 -70.7785
GPRESSURE: 4210000 2377.7 -117.731 -184.693 -194.105 -1450.81 -41.5272 -499.664 -24.964 -53.2692
PRESSAVG: 4210000 2119.48 -50.6589 13.6628 -50.6589 -1744.01 -3.45124 13.6628 -3.45124 -86.9663
GPRESSAVG: 4210000 2126.77 -28.0029 16.6526 -68.3212 -1745.14 -9.54481 12.1804 37.8774 -98.5891
TIMING: 4210000  CPU: 3809.18, 0.000906484/step  Wall: 3809.88, 0.000906742/step, 381.145 ns/days, 0.19898 hours remaining, 0.000000 MB of memory in use.
PERFORMANCE: 4210000  averaging 381.898 ns/day, 0.000904953 sec/step with standard deviation 3.32399e-06
ENERGY: 4210000        27.6177        72.7792        54.3234         2.3395         -52125.9888    -85258.9174         0.0000         0.0000     10640.6083        -126587.2382       294.2491   -137227.8465   -126553.0280       297.5670            293.7162       291.2059    185486.2797        96.1681        94.3468

WRITING EXTENDED SYSTEM TO RESTART FILE AT STEP 4210000
WRITING COORDINATES TO DCD FILE ../output/02_eq_4_CLKWWW.0.dcd AT STEP 4210000
WRITING COORDINATES TO RESTART FILE AT STEP 4210000
FINISHED WRITING RESTART COORDINATES
WRITING VELOCITIES TO RESTART FILE AT STEP 4210000
FINISHED WRITING RESTART VELOCITIES
PRESSURE: 4220000 1865.7 -191.533 -43.1632 -191.532 -2398.62 79.992 -43.1637 79.992 382.736
GPRESSURE: 4220000 1814.98 -150.632 -128.275 -99.0435 -2371.81 13.3077 -33.9643 84.6442 405.816
PRESSAVG: 4220000 2069.01 -46.9849 38.1883 -46.9849 -1797.93 -10.2671 38.1883 -10.2671 -61.5464
GPRESSAVG: 4220000 2075.26 -19.7682 36.7415 -58.3864 -1799.67 -22.2833 37.606 32.8525 -71.0217
TIMING: 4220000  CPU: 3818.25, 0.000906532/step  Wall: 3818.94, 0.000906689/step, 381.167 ns/days, 0.196449 hours remaining, 0.000000 MB of memory in use.
PERFORMANCE: 4220000  averaging 381.896 ns/day, 0.000904958 sec/step with standard deviation 3.32112e-06
ENERGY: 4220000        33.8607        81.8127        53.1113         0.8467         -52204.1171    -85172.9821         0.0000         0.0000     10640.6488        -126566.8190       294.2502   -137207.4678   -126548.5632       297.4282            -50.0607       -50.3386    185309.1714        69.8434        68.1916

WRITING EXTENDED SYSTEM TO RESTART FILE AT STEP 4220000
WRITING COORDINATES TO DCD FILE ../output/02_eq_4_CLKWWW.0.dcd AT STEP 4220000
WRITING COORDINATES TO RESTART FILE AT STEP 4220000
FINISHED WRITING RESTART COORDINATES
WRITING VELOCITIES TO RESTART FILE AT STEP 4220000
FINISHED WRITING RESTART VELOCITIES
PRESSURE: 4230000 1485.84 259.26 -32.9182 259.257 -1775.22 -143.627 -32.9178 -143.626 -140.108
GPRESSURE: 4230000 1530.35 315.733 83.8297 108.657 -1830.83 -54.7714 -155.147 -189.19 -148.481
PRESSAVG: 4230000 2035.9 -39.5995 33.7734 -39.5995 -1839.95 -1.1621 33.7734 -1.1621 -74.2159
GPRESSAVG: 4230000 2047.37 -8.20033 38.2932 -63.6054 -1845.24 0.083036 20.8435 41.8266 -86.2913
TIMING: 4230000  CPU: 3827.31, 0.000906191/step  Wall: 3828.01, 0.000906383/step, 381.296 ns/days, 0.193865 hours remaining, 0.000000 MB of memory in use.
PERFORMANCE: 4230000  averaging 381.895 ns/day, 0.000904961 sec/step with standard deviation 3.31791e-06
ENERGY: 4230000        29.0775        81.5011        56.3900         2.3562         -52066.0904    -85531.4327         0.0000         0.0000     10794.2161        -126633.9821       298.4969   -137428.1982   -126549.8035       297.5173           -143.1627      -149.6524    184160.5507        40.5798        38.6130

WRITING EXTENDED SYSTEM TO RESTART FILE AT STEP 4230000
WRITING COORDINATES TO DCD FILE ../output/02_eq_4_CLKWWW.0.dcd AT STEP 4230000
WRITING COORDINATES TO RESTART FILE AT STEP 4230000
FINISHED WRITING RESTART COORDINATES
WRITING VELOCITIES TO RESTART FILE AT STEP 4230000
FINISHED WRITING RESTART VELOCITIES
PRESSURE: 4240000 1735.59 -121.319 12.0733 -121.322 -1824.34 -195.238 12.0717 -195.236 -82.3578
GPRESSURE: 4240000 1662.07 -323.15 -7.11395 6.72502 -1802.38 -241.896 78.9705 -118.069 -25.0978
PRESSAVG: 4240000 2063.27 -55.9692 10.7807 -55.9692 -1800.79 -8.03921 10.7807 -8.03921 -53.6458
GPRESSAVG: 4240000 2070.25 -31.571 12.3102 -74.942 -1806.85 -1.71177 2.47354 37.3024 -60.2387
TIMING: 4240000  CPU: 3836.38, 0.000906638/step  Wall: 3837.07, 0.000906834/step, 381.106 ns/days, 0.191443 hours remaining, 0.000000 MB of memory in use.
PERFORMANCE: 4240000  averaging 381.893 ns/day, 0.000904965 sec/step with standard deviation 3.31523e-06
ENERGY: 4240000        35.7130        69.5353        54.6330         2.7733         -52049.1479    -85411.3329         0.0000         0.0000     10784.9658        -126512.8605       298.2411   -137297.8263   -126543.1533       297.5108            -57.0340       -55.1371    184954.9288        69.6114        67.7195

WRITING EXTENDED SYSTEM TO RESTART FILE AT STEP 4240000
WRITING COORDINATES TO DCD FILE ../output/02_eq_4_CLKWWW.0.dcd AT STEP 4240000
WRITING COORDINATES TO RESTART FILE AT STEP 4240000
FINISHED WRITING RESTART COORDINATES
WRITING VELOCITIES TO RESTART FILE AT STEP 4240000
FINISHED WRITING RESTART VELOCITIES
PRESSURE: 4250000 2019.13 83.2265 60.7075 83.2275 -1402.35 -290.512 60.7068 -290.511 172.165
GPRESSURE: 4250000 2072.65 92.6297 -58.1076 -54.8377 -1429.6 -515.021 151.401 -173.269 157.856
PRESSAVG: 4250000 2029.66 -47.869 5.35368 -47.869 -1786.42 -41.991 5.35368 -41.991 -49.0164
GPRESSAVG: 4250000 2038.41 -18.795 -0.96302 -72.9462 -1793.01 -47.1383 -3.73049 3.85275 -55.5186
TIMING: 4250000  CPU: 3845.46, 0.000907732/step  Wall: 3846.15, 0.000907878/step, 380.668 ns/days, 0.189141 hours remaining, 0.000000 MB of memory in use.
PERFORMANCE: 4250000  averaging 381.89 ns/day, 0.000904972 sec/step with standard deviation 3.31433e-06
ENERGY: 4250000        30.8397        82.8430        56.6734         1.0481         -52164.8861    -85229.4652         0.0000         0.0000     10683.0032        -126539.9440       295.4214   -137222.9472   -126549.5890       297.3518            262.9812       266.9686    184649.2759        64.7431        63.2963

WRITING EXTENDED SYSTEM TO RESTART FILE AT STEP 4250000
WRITING COORDINATES TO DCD FILE ../output/02_eq_4_CLKWWW.0.dcd AT STEP 4250000
WRITING COORDINATES TO RESTART FILE AT STEP 4250000
FINISHED WRITING RESTART COORDINATES
WRITING VELOCITIES TO RESTART FILE AT STEP 4250000
FINISHED WRITING RESTART VELOCITIES
PRESSURE: 4260000 1499.2 -112.083 228.598 -112.087 -1798.68 -224.974 228.598 -224.974 -49.6904
GPRESSURE: 4260000 1525.92 -78.8574 208.732 -232.345 -1827.06 -344.679 185.352 -222.412 -59.3087
PRESSAVG: 4260000 2033.45 -55.075 9.1735 -55.075 -1783.58 -45.3519 9.1735 -45.3519 -31.7762
GPRESSAVG: 4260000 2042.93 -24.4191 1.57861 -88.3281 -1792.7 -54.0123 -2.56553 4.44421 -36.718
TIMING: 4260000  CPU: 3854.57, 0.000911866/step  Wall: 3855.27, 0.000911891/step, 378.993 ns/days, 0.187444 hours remaining, 0.000000 MB of memory in use.
PERFORMANCE: 4260000  averaging 381.883 ns/day, 0.000904988 sec/step with standard deviation 3.32736e-06
ENERGY: 4260000        27.7329        80.6265        59.2224         3.4615         -52181.8240    -85246.9678         0.0000         0.0000     10779.2356        -126478.5129       298.0826   -137257.7485   -126560.2826       297.3395           -116.3879      -120.1474    185573.4354        72.6983        71.1704

WRITING EXTENDED SYSTEM TO RESTART FILE AT STEP 4260000
WRITING COORDINATES TO DCD FILE ../output/02_eq_4_CLKWWW.0.dcd AT STEP 4260000
WRITING COORDINATES TO RESTART FILE AT STEP 4260000
FINISHED WRITING RESTART COORDINATES
WRITING VELOCITIES TO RESTART FILE AT STEP 4260000
FINISHED WRITING RESTART VELOCITIES
PRESSURE: 4270000 952.122 524.097 214.099 524.098 -2411.5 -204.206 214.097 -204.204 271.922
GPRESSURE: 4270000 972.612 436.257 310.07 671.305 -2427.67 -197.057 160.694 -200.291 256.244
PRESSAVG: 4270000 1983.46 -30.4371 1.44229 -30.4371 -1806.6 -59.818 1.44229 -59.818 -5.70385
GPRESSAVG: 4270000 1993.53 -1.96815 -4.97872 -59.1137 -1817.66 -67.7599 -7.53572 -17.8666 -9.31768
TIMING: 4270000  CPU: 3863.66, 0.000908941/step  Wall: 3864.36, 0.000909143/step, 380.138 ns/days, 0.184354 hours remaining, 0.000000 MB of memory in use.
PERFORMANCE: 4270000  averaging 381.879 ns/day, 0.000904998 sec/step with standard deviation 3.32953e-06
ENERGY: 4270000        34.1872        76.8084        60.2166         3.5572         -51824.9543    -85491.1981         0.0000         0.0000     10877.4845        -126263.8985       300.7995   -137141.3830   -126551.7495       297.4147           -395.8189      -399.6055    185929.4377        57.0503        55.5157

WRITING EXTENDED SYSTEM TO RESTART FILE AT STEP 4270000
WRITING COORDINATES TO DCD FILE ../output/02_eq_4_CLKWWW.0.dcd AT STEP 4270000
WRITING COORDINATES TO RESTART FILE AT STEP 4270000
FINISHED WRITING RESTART COORDINATES
WRITING VELOCITIES TO RESTART FILE AT STEP 4270000
FINISHED WRITING RESTART VELOCITIES
PRESSURE: 4280000 1942.31 -252.527 301.151 -252.528 -2117.09 -72.9816 301.15 -72.9823 489.102
GPRESSURE: 4280000 1968.43 -262.516 204.557 -153.975 -2135.18 -51.8177 365.81 -9.44342 493.232
PRESSAVG: 4280000 1935.65 -41.2717 22.5823 -41.2717 -1850.59 -52.7267 22.5823 -52.7267 8.14544
GPRESSAVG: 4280000 1945.45 -15.5102 13.5376 -61.5168 -1859.23 -57.8595 10.1147 -10.189 2.96789
TIMING: 4280000  CPU: 3872.76, 0.000909346/step  Wall: 3873.46, 0.000909458/step, 380.007 ns/days, 0.181892 hours remaining, 0.000000 MB of memory in use.
PERFORMANCE: 4280000  averaging 381.875 ns/day, 0.000905009 sec/step with standard deviation 3.3326e-06
ENERGY: 4280000        34.8280        78.1069        56.6299         2.0713         -52336.1492    -85120.6147         0.0000         0.0000     10840.5698        -126444.5581       299.7787   -137285.1279   -126548.8005       297.4817            104.7746       108.8272    184642.5374        31.0675        29.7265

WRITING EXTENDED SYSTEM TO RESTART FILE AT STEP 4280000
WRITING COORDINATES TO DCD FILE ../output/02_eq_4_CLKWWW.0.dcd AT STEP 4280000
WRITING COORDINATES TO RESTART FILE AT STEP 4280000
FINISHED WRITING RESTART COORDINATES
WRITING VELOCITIES TO RESTART FILE AT STEP 4280000
FINISHED WRITING RESTART VELOCITIES
PRESSURE: 4290000 2337.43 59.256 -41.5027 59.2545 -1843.35 331.387 -41.5055 331.386 656.76
GPRESSURE: 4290000 2300.43 -109.32 -86.5903 184.312 -1802.12 319.705 70.9021 316.502 650.836
PRESSAVG: 4290000 1976.84 -18.8401 21.7244 -18.8401 -1828.2 -33.2767 21.7244 -33.2767 65.3649
GPRESSAVG: 4290000 1983.33 -6.43762 13.3152 -30.5723 -1834.47 -37.7868 14.4984 0.0407924 61.0174
TIMING: 4290000  CPU: 3881.85, 0.000909234/step  Wall: 3882.55, 0.000909435/step, 380.016 ns/days, 0.179361 hours remaining, 0.000000 MB of memory in use.
PERFORMANCE: 4290000  averaging 381.87 ns/day, 0.000905019 sec/step with standard deviation 3.33556e-06
ENERGY: 4290000        29.1316        66.3056        57.0834         2.4192         -51917.1521    -85479.8273         0.0000         0.0000     10799.3497        -126442.6899       298.6388   -137242.0395   -126539.1850       297.5726            383.6148       383.0459    183489.4159        71.3354        69.9601

WRITING EXTENDED SYSTEM TO RESTART FILE AT STEP 4290000
WRITING COORDINATES TO DCD FILE ../output/02_eq_4_CLKWWW.0.dcd AT STEP 4290000
WRITING COORDINATES TO RESTART FILE AT STEP 4290000
FINISHED WRITING RESTART COORDINATES
WRITING VELOCITIES TO RESTART FILE AT STEP 4290000
FINISHED WRITING RESTART VELOCITIES
PRESSURE: 4300000 1695.3 -207.999 -240.647 -207.996 -2399.81 190.087 -240.648 190.088 77.7071
GPRESSURE: 4300000 1708.61 -256.491 -237.532 -188.869 -2395.63 144.725 -81.2822 207.777 70.7635
PRESSAVG: 4300000 1930.45 -28.2574 -5.03278 -28.2574 -1857.95 -18.5976 -5.03278 -18.5976 47.4716
GPRESSAVG: 4300000 1937.34 -24.4744 -7.09527 -37.8817 -1864.39 -21.8143 -7.35231 13.1394 44.2586
TIMING: 4300000  CPU: 3890.93, 0.000908506/step  Wall: 3891.64, 0.000908701/step, 380.323 ns/days, 0.176692 hours remaining, 0.000000 MB of memory in use.
PERFORMANCE: 4300000  averaging 381.867 ns/day, 0.000905027 sec/step with standard deviation 3.3364e-06
ETITLE:      TS           BOND          ANGLE          DIHED          IMPRP               ELECT            VDW       BOUNDARY           MISC        KINETIC               TOTAL           TEMP      POTENTIAL       TOTALAVG        TEMPAVG            PRESSURE      GPRESSURE         VOLUME       PRESSAVG      GPRESSAVG

ENERGY: 4300000        30.5463        79.1935        56.1693         1.1818         -52139.7389    -85296.8794         0.0000         0.0000     10816.7837        -126452.7439       299.1209   -137269.5275   -126541.6413       297.6165           -208.9345      -205.4188    184462.3826        39.9914        39.0711

WRITING EXTENDED SYSTEM TO RESTART FILE AT STEP 4300000
WRITING COORDINATES TO DCD FILE ../output/02_eq_4_CLKWWW.0.dcd AT STEP 4300000
WRITING COORDINATES TO RESTART FILE AT STEP 4300000
FINISHED WRITING RESTART COORDINATES
WRITING VELOCITIES TO RESTART FILE AT STEP 4300000
FINISHED WRITING RESTART VELOCITIES
PRESSURE: 4310000 2023.13 28.2146 -251.502 28.2116 -1641.66 -60.3061 -251.503 -60.304 168.09
GPRESSURE: 4310000 2001.34 -32.8531 -172.318 49.4183 -1637.86 -1.78361 -227.461 -92.8893 195.301
PRESSAVG: 4310000 1923.39 -10.8127 -7.43456 -10.8127 -1854.94 -29.4288 -7.43456 -29.4288 48.4468
GPRESSAVG: 4310000 1926.76 -12.4014 -2.79076 -17.4448 -1862.55 -38.7765 -5.8848 7.70421 50.4584
TIMING: 4310000  CPU: 3900.02, 0.000908518/step  Wall: 3900.73, 0.000908728/step, 380.312 ns/days, 0.174173 hours remaining, 0.000000 MB of memory in use.
PERFORMANCE: 4310000  averaging 381.863 ns/day, 0.000905036 sec/step with standard deviation 3.33728e-06
ENERGY: 4310000        32.0327        64.4453        59.9268         5.2686         -52185.4188    -85308.2367         0.0000         0.0000     10811.4278        -126520.5543       298.9728   -137331.9821   -126542.8556       297.7974            183.1852       186.2604    184287.1494        38.9667        38.2218

WRITING EXTENDED SYSTEM TO RESTART FILE AT STEP 4310000
WRITING COORDINATES TO DCD FILE ../output/02_eq_4_CLKWWW.0.dcd AT STEP 4310000
WRITING COORDINATES TO RESTART FILE AT STEP 4310000
FINISHED WRITING RESTART COORDINATES
WRITING VELOCITIES TO RESTART FILE AT STEP 4310000
FINISHED WRITING RESTART VELOCITIES
PRESSURE: 4320000 1731.81 -38.9715 -70.0831 -38.9728 -1931.89 304.67 -70.0804 304.669 623.832
GPRESSURE: 4320000 1718.01 -89.488 -201.582 -4.81247 -1856.89 202.221 -36.386 320.226 553.56
PRESSAVG: 4320000 1943.75 -19.9291 -15.2611 -19.9291 -1828.52 -17.025 -15.2611 -17.025 97.8398
GPRESSAVG: 4320000 1944.9 -31.8011 -14.8909 -17.9753 -1831.19 -30.1002 -15.3364 20.239 96.8126
TIMING: 4320000  CPU: 3909.1, 0.000907664/step  Wall: 3909.8, 0.000907617/step, 380.778 ns/days, 0.171439 hours remaining, 0.000000 MB of memory in use.
PERFORMANCE: 4320000  averaging 381.861 ns/day, 0.000905042 sec/step with standard deviation 3.33572e-06
ENERGY: 4320000        35.9846        75.5724        61.0363         2.7174         -52316.9499    -85345.3815         0.0000         0.0000     10789.7370        -126697.2838       298.3730   -137487.0207   -126555.1986       297.7946            141.2525       138.2272    184622.8154        71.0215        70.1741

WRITING EXTENDED SYSTEM TO RESTART FILE AT STEP 4320000
WRITING COORDINATES TO DCD FILE ../output/02_eq_4_CLKWWW.0.dcd AT STEP 4320000
WRITING COORDINATES TO RESTART FILE AT STEP 4320000
FINISHED WRITING RESTART COORDINATES
WRITING VELOCITIES TO RESTART FILE AT STEP 4320000
FINISHED WRITING RESTART VELOCITIES
PRESSURE: 4330000 1916.44 180.474 -15.7023 180.469 -1764.17 -182.617 -15.7005 -182.617 -216.138
GPRESSURE: 4330000 1883.86 193.51 39.3169 152.035 -1721.59 -87.4707 -184.701 -170.127 -232.267
PRESSAVG: 4330000 1928.86 -17.6784 -10.3296 -17.6784 -1813.31 -38.461 -10.3296 -38.461 81.7591
GPRESSAVG: 4330000 1929.72 -31.1319 -10.3068 -16.945 -1813.6 -46.3065 -17.8545 -6.12064 78.4467
TIMING: 4330000  CPU: 3918.17, 0.0009078/step  Wall: 3918.88, 0.000908041/step, 380.6 ns/days, 0.168996 hours remaining, 0.000000 MB of memory in use.
PERFORMANCE: 4330000  averaging 381.858 ns/day, 0.000905049 sec/step with standard deviation 3.33497e-06
ENERGY: 4330000        33.7490        82.0340        48.7006         2.8682         -52189.7499    -85180.1420         0.0000         0.0000     10722.0430        -126480.4970       296.5010   -137202.5400   -126544.8826       297.9092            -21.2910       -23.3332    185639.2817        65.7685        64.8539

WRITING EXTENDED SYSTEM TO RESTART FILE AT STEP 4330000
WRITING COORDINATES TO DCD FILE ../output/02_eq_4_CLKWWW.0.dcd AT STEP 4330000
WRITING COORDINATES TO RESTART FILE AT STEP 4330000
FINISHED WRITING RESTART COORDINATES
WRITING VELOCITIES TO RESTART FILE AT STEP 4330000
FINISHED WRITING RESTART VELOCITIES
PRESSURE: 4340000 1126.19 199.301 -353.293 199.3 -2134.07 -161.487 -353.294 -161.488 573.038
GPRESSURE: 4340000 1150.75 193.686 -334.289 248.576 -2102.62 -238.475 -281.051 -147.041 518.312
PRESSAVG: 4340000 1859.24 -17.4263 -31.9837 -17.4263 -1851.93 -34.0133 -31.9837 -34.0133 121.8
GPRESSAVG: 4340000 1863.76 -34.1561 -30.6461 -13.4819 -1851.25 -41.8917 -31.8294 -4.78244 113.104
TIMING: 4340000  CPU: 3927.25, 0.000907578/step  Wall: 3927.96, 0.000907647/step, 380.765 ns/days, 0.166402 hours remaining, 0.000000 MB of memory in use.
PERFORMANCE: 4340000  averaging 381.855 ns/day, 0.000905055 sec/step with standard deviation 3.33345e-06
ENERGY: 4340000        26.5897        84.9144        50.9701         2.5999         -52135.2493    -85440.6890         0.0000         0.0000     10684.8757        -126725.9886       295.4732   -137410.8643   -126556.3098       297.5262           -144.9487      -144.5215    183627.7375        43.0384        41.8710

WRITING EXTENDED SYSTEM TO RESTART FILE AT STEP 4340000
WRITING COORDINATES TO DCD FILE ../output/02_eq_4_CLKWWW.0.dcd AT STEP 4340000
WRITING COORDINATES TO RESTART FILE AT STEP 4340000
FINISHED WRITING RESTART COORDINATES
WRITING VELOCITIES TO RESTART FILE AT STEP 4340000
FINISHED WRITING RESTART VELOCITIES
PRESSURE: 4350000 616.882 128.794 -14.2293 128.793 -2944.41 334.115 -14.2285 334.116 -480.852
GPRESSURE: 4350000 538.069 185.62 -36.0652 56.9569 -2928.52 343.224 115.929 423.072 -410.695
PRESSAVG: 4350000 1790.36 0.413654 -36.6011 0.413654 -1900.8 -31.1424 -36.6011 -31.1424 104.665
GPRESSAVG: 4350000 1789.86 -8.49067 -34.833 1.36171 -1897.39 -44.0647 -28.3941 3.97069 99.175
TIMING: 4350000  CPU: 3936.32, 0.000906543/step  Wall: 3937.03, 0.00090669/step, 381.167 ns/days, 0.163708 hours remaining, 0.000000 MB of memory in use.
PERFORMANCE: 4350000  averaging 381.854 ns/day, 0.000905059 sec/step with standard deviation 3.33053e-06
ENERGY: 4350000        35.9512        78.7572        53.8495         1.9045         -51846.2539    -85617.5337         0.0000         0.0000     10741.6770        -126551.6483       297.0440   -137293.3253   -126554.1814       297.4568           -936.1283      -933.7153    185523.1955        -1.9260        -2.7855

WRITING EXTENDED SYSTEM TO RESTART FILE AT STEP 4350000
WRITING COORDINATES TO DCD FILE ../output/02_eq_4_CLKWWW.0.dcd AT STEP 4350000
WRITING COORDINATES TO RESTART FILE AT STEP 4350000
FINISHED WRITING RESTART COORDINATES
WRITING VELOCITIES TO RESTART FILE AT STEP 4350000
FINISHED WRITING RESTART VELOCITIES
PRESSURE: 4360000 1862.47 -65.4167 -52.317 -65.4181 -1894.6 -214.21 -52.3168 -214.208 -592.555
GPRESSURE: 4360000 1920.55 -16.1543 12.2737 -179.741 -1968.15 -39.4277 -38.5159 -340.582 -590.369
PRESSAVG: 4360000 1785.16 -11.1996 -51.5149 -11.1996 -1913.41 -49.2646 -51.5149 -49.2646 70.3129
GPRESSAVG: 4360000 1782.63 -18.0838 -49.7099 -14.1084 -1912.21 -48.9998 -43.159 -23.5912 68.0893
TIMING: 4360000  CPU: 3945.38, 0.000906322/step  Wall: 3946.09, 0.000906476/step, 381.256 ns/days, 0.161151 hours remaining, 0.000000 MB of memory in use.
PERFORMANCE: 4360000  averaging 381.852 ns/day, 0.000905062 sec/step with standard deviation 3.32739e-06
ENERGY: 4360000        28.7498        72.7481        57.6092         3.4031         -52181.6624    -85271.6537         0.0000         0.0000     10886.3437        -126404.4621       301.0445   -137290.8058   -126538.2511       297.6098           -208.2302      -212.6554    184954.3429       -19.3151       -20.4971

WRITING EXTENDED SYSTEM TO RESTART FILE AT STEP 4360000
WRITING COORDINATES TO DCD FILE ../output/02_eq_4_CLKWWW.0.dcd AT STEP 4360000
WRITING COORDINATES TO RESTART FILE AT STEP 4360000
FINISHED WRITING RESTART COORDINATES
WRITING VELOCITIES TO RESTART FILE AT STEP 4360000
FINISHED WRITING RESTART VELOCITIES
PRESSURE: 4370000 1860.63 47.0378 352.591 47.0392 -1694.1 29.8168 352.591 29.8188 141.488
GPRESSURE: 4370000 1886.41 57.7527 438.973 215.889 -1675.45 59.5017 284.429 108.654 94.5752
PRESSAVG: 4370000 1744.83 -12.2814 -41.531 -12.2814 -1928.52 -44.7851 -41.531 -44.7851 71.1459
GPRESSAVG: 4370000 1745.75 -22.1421 -39.4921 -7.97928 -1929.11 -48.389 -37.8532 -17.9475 67.0382
TIMING: 4370000  CPU: 3954.44, 0.000905949/step  Wall: 3955.15, 0.000906069/step, 381.428 ns/days, 0.158562 hours remaining, 0.000000 MB of memory in use.
PERFORMANCE: 4370000  averaging 381.851 ns/day, 0.000905064 sec/step with standard deviation 3.32392e-06
ENERGY: 4370000        29.9814        69.1407        55.1668         2.8634         -52322.8053    -85173.0523         0.0000         0.0000     10833.8288        -126504.8766       299.5923   -137338.7053   -126529.5344       297.8175            102.6715       101.8429    184362.4127       -37.5136       -38.7732

WRITING EXTENDED SYSTEM TO RESTART FILE AT STEP 4370000
WRITING COORDINATES TO DCD FILE ../output/02_eq_4_CLKWWW.0.dcd AT STEP 4370000
WRITING COORDINATES TO RESTART FILE AT STEP 4370000
FINISHED WRITING RESTART COORDINATES
WRITING VELOCITIES TO RESTART FILE AT STEP 4370000
FINISHED WRITING RESTART VELOCITIES
PRESSURE: 4380000 2485.35 108.807 97.5613 108.809 -1599.75 121.087 97.5622 121.088 717.031
GPRESSURE: 4380000 2482.2 112.138 129.943 107.236 -1603.92 177.191 41.2486 175.1 720.34
PRESSAVG: 4380000 1755.35 4.68321 -24.328 4.68321 -1920.14 -32.4971 -24.328 -32.4971 111.027
GPRESSAVG: 4380000 1755.82 -11.749 -24.2643 16.5566 -1923.15 -36.3299 -23.1377 -7.89199 110.419
TIMING: 4380000  CPU: 3963.5, 0.000906421/step  Wall: 3964.22, 0.000906664/step, 381.178 ns/days, 0.156148 hours remaining, 0.000000 MB of memory in use.
PERFORMANCE: 4380000  averaging 381.85 ns/day, 0.000905068 sec/step with standard deviation 3.321e-06
ENERGY: 4380000        35.2289        84.7878        55.9583         3.0271         -52492.6551    -85193.8332         0.0000         0.0000     10787.8367        -126719.6494       298.3205   -137507.4861   -126538.2131       297.9796            534.2091       532.8729    184072.8997       -17.9227       -18.9694

WRITING EXTENDED SYSTEM TO RESTART FILE AT STEP 4380000
WRITING COORDINATES TO DCD FILE ../output/02_eq_4_CLKWWW.0.dcd AT STEP 4380000
WRITING COORDINATES TO RESTART FILE AT STEP 4380000
FINISHED WRITING RESTART COORDINATES
WRITING VELOCITIES TO RESTART FILE AT STEP 4380000
FINISHED WRITING RESTART VELOCITIES
PRESSURE: 4390000 1747.22 -238.588 -256.847 -238.589 -1849.02 -204.318 -256.846 -204.318 -39.8453
GPRESSURE: 4390000 1745.28 -262.153 -297.248 -316.236 -1832.98 -211.698 -238.012 -244.499 -51.4706
PRESSAVG: 4390000 1734.12 -13.4741 -25.8027 -13.4741 -1941.03 -39.6883 -25.8027 -39.6883 132.297
GPRESSAVG: 4390000 1734.6 -30.8939 -21.2518 -0.705173 -1942.38 -47.9882 -25.6833 -24.52 131.178
TIMING: 4390000  CPU: 3972.56, 0.000905299/step  Wall: 3973.27, 0.000905457/step, 381.686 ns/days, 0.153425 hours remaining, 0.000000 MB of memory in use.
PERFORMANCE: 4390000  averaging 381.849 ns/day, 0.000905069 sec/step with standard deviation 3.31726e-06
ENERGY: 4390000        28.6514        72.8488        55.4789         2.6845         -51930.1532    -85440.2696         0.0000         0.0000     10834.7149        -126376.0443       299.6168   -137210.7592   -126528.7665       297.9724            -47.2152       -46.3916    185261.7704       -24.8708       -25.5352

WRITING EXTENDED SYSTEM TO RESTART FILE AT STEP 4390000
WRITING COORDINATES TO DCD FILE ../output/02_eq_4_CLKWWW.0.dcd AT STEP 4390000
WRITING COORDINATES TO RESTART FILE AT STEP 4390000
FINISHED WRITING RESTART COORDINATES
WRITING VELOCITIES TO RESTART FILE AT STEP 4390000
FINISHED WRITING RESTART VELOCITIES
PRESSURE: 4400000 1811.55 22.5101 260.995 22.5087 -1723.87 220.782 260.996 220.784 -382.832
GPRESSURE: 4400000 1805.05 80.3876 381.575 -68.3305 -1713.16 97.273 280.141 337.342 -372.282
PRESSAVG: 4400000 1752.35 11.33 -6.8132 11.33 -1926.46 -20.6066 -6.8132 -20.6066 110.936
GPRESSAVG: 4400000 1753.26 -1.58155 3.27273 15.4408 -1925.71 -33.4238 -2.06534 2.02703 108.68
TIMING: 4400000  CPU: 3981.62, 0.000906042/step  Wall: 3982.34, 0.000906172/step, 381.385 ns/days, 0.151029 hours remaining, 0.000000 MB of memory in use.
PERFORMANCE: 4400000  averaging 381.848 ns/day, 0.000905071 sec/step with standard deviation 3.31389e-06
ETITLE:      TS           BOND          ANGLE          DIHED          IMPRP               ELECT            VDW       BOUNDARY           MISC        KINETIC               TOTAL           TEMP      POTENTIAL       TOTALAVG        TEMPAVG            PRESSURE      GPRESSURE         VOLUME       PRESSAVG      GPRESSAVG

ENERGY: 4400000        35.4874        60.5208        52.5223         2.8975         -52283.3468    -85223.1771         0.0000         0.0000     10578.1797        -126776.9164       292.5227   -137355.0961   -126534.0584       297.7270            -98.3863       -93.4637    183965.2914       -21.0597       -21.2565

WRITING EXTENDED SYSTEM TO RESTART FILE AT STEP 4400000
WRITING COORDINATES TO DCD FILE ../output/02_eq_4_CLKWWW.0.dcd AT STEP 4400000
WRITING COORDINATES TO RESTART FILE AT STEP 4400000
FINISHED WRITING RESTART COORDINATES
WRITING VELOCITIES TO RESTART FILE AT STEP 4400000
FINISHED WRITING RESTART VELOCITIES
PRESSURE: 4410000 1814.84 -245.792 -223.418 -245.79 -1947.86 264.818 -223.417 264.82 204.301
GPRESSURE: 4410000 1807.11 -260.808 -139.118 -83.1626 -1968.85 359.319 -237.299 269.802 235.818
PRESSAVG: 4410000 1726.46 8.3366 -3.39243 8.3366 -1954.82 -3.88537 -3.39243 -3.88537 124.69
GPRESSAVG: 4410000 1724.73 -8.73538 5.55149 20.9879 -1951.61 -13.3815 11.0529 16.7653 123.134
TIMING: 4410000  CPU: 3990.69, 0.000907499/step  Wall: 3991.41, 0.000907752/step, 380.721 ns/days, 0.14877 hours remaining, 0.000000 MB of memory in use.
PERFORMANCE: 4410000  averaging 381.846 ns/day, 0.000905077 sec/step with standard deviation 3.31259e-06
ENERGY: 4410000        33.1198        79.6434        60.5972         2.2614         -52092.9963    -85386.1078         0.0000         0.0000     10809.6601        -126493.8222       298.9239   -137303.4823   -126529.3876       297.9607             23.7606        24.6937    184358.3201       -34.5574       -34.5821

WRITING EXTENDED SYSTEM TO RESTART FILE AT STEP 4410000
WRITING COORDINATES TO DCD FILE ../output/02_eq_4_CLKWWW.0.dcd AT STEP 4410000
WRITING COORDINATES TO RESTART FILE AT STEP 4410000
FINISHED WRITING RESTART COORDINATES
WRITING VELOCITIES TO RESTART FILE AT STEP 4410000
FINISHED WRITING RESTART VELOCITIES
PRESSURE: 4420000 2274.36 -151.604 -27.1792 -151.604 -1917.22 117.295 -27.179 117.294 -421.14
GPRESSURE: 4420000 2312.52 -206.851 57.0138 -197.706 -1930.74 89.151 -113.427 123.399 -454.341
PRESSAVG: 4420000 1746.89 10.333 -2.5932 10.333 -1930.75 -2.02024 -2.5932 -2.02024 84.4958
GPRESSAVG: 4420000 1749.61 -11.5463 14.8159 16.0548 -1929.56 -9.58935 7.07974 18.7031 80.1262
TIMING: 4420000  CPU: 3999.77, 0.000908327/step  Wall: 4000.5, 0.000908436/step, 380.434 ns/days, 0.146359 hours remaining, 0.000000 MB of memory in use.
PERFORMANCE: 4420000  averaging 381.843 ns/day, 0.000905085 sec/step with standard deviation 3.31268e-06
ENERGY: 4420000        37.0208        79.6751        51.3257         2.5980         -52235.0422    -85388.7153         0.0000         0.0000     10756.3142        -126696.8238       297.4487   -137453.1380   -126535.8878       298.1207            -21.3353       -24.1868    185201.1856       -33.1212       -33.2745

WRITING EXTENDED SYSTEM TO RESTART FILE AT STEP 4420000
WRITING COORDINATES TO DCD FILE ../output/02_eq_4_CLKWWW.0.dcd AT STEP 4420000
WRITING COORDINATES TO RESTART FILE AT STEP 4420000
FINISHED WRITING RESTART COORDINATES
WRITING VELOCITIES TO RESTART FILE AT STEP 4420000
FINISHED WRITING RESTART VELOCITIES
PRESSURE: 4430000 2267.33 -8.16698 -229.706 -8.16631 -1894.46 240.163 -229.707 240.161 -51.3664
GPRESSURE: 4430000 2244.35 -32.6356 -205.69 22.2403 -1872.47 224.761 -93.2468 309.099 -67.3725
PRESSAVG: 4430000 1785.96 -3.03817 -12.4327 -3.03817 -1936.71 17.1691 -12.4327 17.1691 88.9329
GPRESSAVG: 4430000 1785.31 -28.9648 0.339942 11.7339 -1931.64 4.38726 10.1748 43.6175 84.1816
TIMING: 4430000  CPU: 4008.84, 0.00090673/step  Wall: 4009.57, 0.000906919/step, 381.07 ns/days, 0.143596 hours remaining, 0.000000 MB of memory in use.
PERFORMANCE: 4430000  averaging 381.841 ns/day, 0.000905089 sec/step with standard deviation 3.31008e-06
ENERGY: 4430000        29.3196        88.4550        49.1590         2.5181         -52277.9829    -85112.4752         0.0000         0.0000     10740.9554        -126480.0509       297.0240   -137221.0064   -126528.1913       298.0470            107.1686       101.5028    185421.9720       -20.6046       -20.7167

WRITING EXTENDED SYSTEM TO RESTART FILE AT STEP 4430000
WRITING COORDINATES TO DCD FILE ../output/02_eq_4_CLKWWW.0.dcd AT STEP 4430000
WRITING COORDINATES TO RESTART FILE AT STEP 4430000
FINISHED WRITING RESTART COORDINATES
WRITING VELOCITIES TO RESTART FILE AT STEP 4430000
FINISHED WRITING RESTART VELOCITIES
PRESSURE: 4440000 2208.83 342.429 185.953 342.429 -1659.97 -158.082 185.951 -158.082 13.3737
GPRESSURE: 4440000 2217.59 375.09 223.049 315.504 -1621.84 -178.054 178.877 -62.2783 -32.3672
PRESSAVG: 4440000 1809.63 20.1494 -3.73867 20.1494 -1928.49 19.0268 -3.73867 19.0268 93.7195
GPRESSAVG: 4440000 1813.09 5.94719 11.8481 27.1729 -1922.62 7.57934 15.1701 46.4071 83.8182
TIMING: 4440000  CPU: 4017.9, 0.000906344/step  Wall: 4018.63, 0.000906538/step, 381.231 ns/days, 0.141017 hours remaining, 0.000000 MB of memory in use.
PERFORMANCE: 4440000  averaging 381.839 ns/day, 0.000905092 sec/step with standard deviation 3.30706e-06
ENERGY: 4440000        25.9713        65.3615        57.5192         2.2992         -52233.5451    -85283.8463         0.0000         0.0000     10871.4548        -126494.7855       300.6328   -137366.2403   -126527.2875       298.1666            187.4114       187.7958    184441.0040        -8.3823        -8.5701

WRITING EXTENDED SYSTEM TO RESTART FILE AT STEP 4440000
WRITING COORDINATES TO DCD FILE ../output/02_eq_4_CLKWWW.0.dcd AT STEP 4440000
WRITING COORDINATES TO RESTART FILE AT STEP 4440000
FINISHED WRITING RESTART COORDINATES
WRITING VELOCITIES TO RESTART FILE AT STEP 4440000
FINISHED WRITING RESTART VELOCITIES
PRESSURE: 4450000 1812.78 70.6418 -85.5391 70.643 -1839.24 189.727 -85.5412 189.723 -445.639
GPRESSURE: 4450000 1774.65 80.0534 -140.533 -23.0103 -1909.58 243.107 -28.2187 114.351 -334.207
PRESSAVG: 4450000 1799.31 19.5202 -11.0511 19.5202 -1950.34 43.0385 -11.0511 43.0385 62.8293
GPRESSAVG: 4450000 1798.19 5.31837 7.72685 28.7643 -1946.61 45.4858 6.18907 60.7881 59.215
TIMING: 4450000  CPU: 4026.98, 0.000907846/step  Wall: 4027.71, 0.000908022/step, 380.607 ns/days, 0.138726 hours remaining, 0.000000 MB of memory in use.
PERFORMANCE: 4450000  averaging 381.837 ns/day, 0.000905099 sec/step with standard deviation 3.30625e-06
ENERGY: 4450000        33.5072        76.6891        59.0801         2.3461         -52057.5647    -85425.9885         0.0000         0.0000     10575.2192        -126736.7115       292.4409   -137311.9307   -126537.1259       298.0176           -157.3669      -156.3775    184100.2954       -29.3997       -29.7374

WRITING EXTENDED SYSTEM TO RESTART FILE AT STEP 4450000
WRITING COORDINATES TO DCD FILE ../output/02_eq_4_CLKWWW.0.dcd AT STEP 4450000
WRITING COORDINATES TO RESTART FILE AT STEP 4450000
FINISHED WRITING RESTART COORDINATES
WRITING VELOCITIES TO RESTART FILE AT STEP 4450000
FINISHED WRITING RESTART VELOCITIES
PRESSURE: 4460000 1800.17 284.638 -46.6322 284.639 -2040.76 -110.594 -46.6339 -110.592 -273.163
GPRESSURE: 4460000 1747.44 190.173 -120.161 368.241 -2036.4 -241.527 41.9615 -84.6591 -235.582
PRESSAVG: 4460000 1814.36 39.3565 -24.8127 39.3565 -1962.44 48.7576 -24.8127 48.7576 51.6557
GPRESSAVG: 4460000 1809.26 18.7699 -8.71781 58.7936 -1957.08 50.6434 -0.980453 67.6757 50.4013
TIMING: 4460000  CPU: 4036.05, 0.0009071/step  Wall: 4036.78, 0.000907233/step, 380.938 ns/days, 0.136085 hours remaining, 0.000000 MB of memory in use.
PERFORMANCE: 4460000  averaging 381.835 ns/day, 0.000905104 sec/step with standard deviation 3.30408e-06
ENERGY: 4460000        34.4670        68.6438        50.3463         4.7526         -52182.0916    -85312.2751         0.0000         0.0000     10767.9583        -126568.1988       297.7707   -137336.1571   -126541.6102       298.0020           -171.2504      -174.8500    184123.9142       -32.1429       -32.4725

WRITING EXTENDED SYSTEM TO RESTART FILE AT STEP 4460000
WRITING COORDINATES TO DCD FILE ../output/02_eq_4_CLKWWW.0.dcd AT STEP 4460000
WRITING COORDINATES TO RESTART FILE AT STEP 4460000
FINISHED WRITING RESTART COORDINATES
WRITING VELOCITIES TO RESTART FILE AT STEP 4460000
FINISHED WRITING RESTART VELOCITIES
PRESSURE: 4470000 2819.88 -348.9 -27.2264 -348.899 -1135.49 -156.816 -27.2239 -156.814 854.726
GPRESSURE: 4470000 2871.4 -398.222 17.3117 -407.856 -1131.34 -34.669 -133.424 -344.143 794.023
PRESSAVG: 4470000 1907.74 -4.2934 -36.8787 -4.2934 -1898.64 51.1271 -36.8787 51.1271 80.7959
GPRESSAVG: 4470000 1904.2 -22.9541 -23.3557 4.83552 -1892.27 58.7628 -15.6864 60.4831 77.2902
TIMING: 4470000  CPU: 4045.19, 0.000913921/step  Wall: 4045.93, 0.000914109/step, 378.073 ns/days, 0.134577 hours remaining, 0.000000 MB of memory in use.
PERFORMANCE: 4470000  averaging 381.826 ns/day, 0.000905124 sec/step with standard deviation 3.32774e-06
ENERGY: 4470000        25.7298        65.4545        59.7164         1.4452         -52130.9398    -85382.3923         0.0000         0.0000     10649.9259        -126711.0602       294.5067   -137360.9861   -126563.9683       297.6874            846.3712       844.6943    184264.9156        29.9666        29.7425

WRITING EXTENDED SYSTEM TO RESTART FILE AT STEP 4470000
WRITING COORDINATES TO DCD FILE ../output/02_eq_4_CLKWWW.0.dcd AT STEP 4470000
WRITING COORDINATES TO RESTART FILE AT STEP 4470000
FINISHED WRITING RESTART COORDINATES
WRITING VELOCITIES TO RESTART FILE AT STEP 4470000
FINISHED WRITING RESTART VELOCITIES
PRESSURE: 4480000 1780.69 100.332 128.429 100.334 -1898.91 -203.446 128.429 -203.446 -345.379
GPRESSURE: 4480000 1787.5 80.7802 167.357 85.4352 -1907.61 -115.738 168.814 -176.713 -343.757
PRESSAVG: 4480000 1899.66 13.3497 -45.5148 13.3497 -1887.73 44.6039 -45.5148 44.6039 39.0718
GPRESSAVG: 4480000 1895.16 -5.78926 -25.2157 16.806 -1880.89 55.5667 -25.5362 52.1196 35.4408
TIMING: 4480000  CPU: 4054.27, 0.000907738/step  Wall: 4055.01, 0.000907971/step, 380.629 ns/days, 0.131151 hours remaining, 0.000000 MB of memory in use.
PERFORMANCE: 4480000  averaging 381.823 ns/day, 0.00090513 sec/step with standard deviation 3.32674e-06
ENERGY: 4480000        36.5587        82.8234        54.9382         2.1901         -52171.3473    -85388.2897         0.0000         0.0000     10819.4236        -126563.7031       299.1939   -137383.1267   -126569.9255       297.6581           -154.5347      -154.6230    184348.3331        17.0012        16.5699

WRITING EXTENDED SYSTEM TO RESTART FILE AT STEP 4480000
WRITING COORDINATES TO DCD FILE ../output/02_eq_4_CLKWWW.0.dcd AT STEP 4480000
WRITING COORDINATES TO RESTART FILE AT STEP 4480000
FINISHED WRITING RESTART COORDINATES
WRITING VELOCITIES TO RESTART FILE AT STEP 4480000
FINISHED WRITING RESTART VELOCITIES
PRESSURE: 4490000 1508.11 -156.061 -176.595 -156.062 -1682.62 97.2809 -176.598 97.2821 -448.328
GPRESSURE: 4490000 1570.53 -134.434 -246.879 -112.767 -1762.07 7.73594 -154.078 -1.04189 -433.086
PRESSAVG: 4490000 1858.2 2.58389 -52.2694 2.58389 -1879.7 32.8987 -52.2694 32.8987 -16.1826
GPRESSAVG: 4490000 1858.66 -7.04491 -33.2302 1.9521 -1878.88 39.9683 -36.7852 36.2424 -18.7553
TIMING: 4490000  CPU: 4063.33, 0.00090578/step  Wall: 4064.06, 0.000905765/step, 381.556 ns/days, 0.128317 hours remaining, 0.000000 MB of memory in use.
PERFORMANCE: 4490000  averaging 381.823 ns/day, 0.000905132 sec/step with standard deviation 3.32316e-06
ENERGY: 4490000        30.3633        78.3375        58.2488         1.7842         -52135.5209    -85284.9227         0.0000         0.0000     10923.1270        -126328.5827       302.0617   -137251.7098   -126564.2202       297.8293           -207.6131      -208.2065    184829.0745       -12.5602       -12.9927

WRITING EXTENDED SYSTEM TO RESTART FILE AT STEP 4490000
WRITING COORDINATES TO DCD FILE ../output/02_eq_4_CLKWWW.0.dcd AT STEP 4490000
WRITING COORDINATES TO RESTART FILE AT STEP 4490000
FINISHED WRITING RESTART COORDINATES
WRITING VELOCITIES TO RESTART FILE AT STEP 4490000
FINISHED WRITING RESTART VELOCITIES
PRESSURE: 4500000 1745.52 -87.0044 -282.333 -87.0047 -1807.01 -258.982 -282.336 -258.983 421.755
GPRESSURE: 4500000 1720.59 64.4432 -111.442 -221.975 -1839.57 -180.585 -293.218 -302.954 483.132
PRESSAVG: 4500000 1860.71 8.63345 -54.3538 8.63345 -1850.06 10.4452 -54.3538 10.4452 1.01981
GPRESSAVG: 4500000 1859.26 9.00181 -26.9257 0.296796 -1851.08 23.7028 -47.382 10.7059 1.86312
TIMING: 4500000  CPU: 4072.39, 0.000906345/step  Wall: 4073.13, 0.000906516/step, 381.24 ns/days, 0.125905 hours remaining, 0.000000 MB of memory in use.
PERFORMANCE: 4500000  averaging 381.822 ns/day, 0.000905135 sec/step with standard deviation 3.3201e-06
ETITLE:      TS           BOND          ANGLE          DIHED          IMPRP               ELECT            VDW       BOUNDARY           MISC        KINETIC               TOTAL           TEMP      POTENTIAL       TOTALAVG        TEMPAVG            PRESSURE      GPRESSURE         VOLUME       PRESSAVG      GPRESSAVG

ENERGY: 4500000        35.9766        79.5492        54.3421         1.7687         -52321.5784    -85247.4373         0.0000         0.0000     10774.1539        -126623.2251       297.9421   -137397.3790   -126572.7442       297.7703            120.0880       121.3852    184551.8146         3.8909         3.3475

WRITING EXTENDED SYSTEM TO RESTART FILE AT STEP 4500000
WRITING COORDINATES TO DCD FILE ../output/02_eq_4_CLKWWW.0.dcd AT STEP 4500000
WRITING COORDINATES TO RESTART FILE AT STEP 4500000
FINISHED WRITING RESTART COORDINATES
WRITING VELOCITIES TO RESTART FILE AT STEP 4500000
FINISHED WRITING RESTART VELOCITIES
PRESSURE: 4510000 1039.42 -147.21 -195.46 -147.207 -2427.28 136.493 -195.458 136.492 -714.319
GPRESSURE: 4510000 1035.57 -72.9059 -47.7146 -84.4366 -2429.93 151.99 -237.906 238.969 -698.023
PRESSAVG: 4510000 1811.52 -0.137505 -51.5515 -0.137505 -1889.34 20.285 -51.5515 20.285 -43.1007
GPRESSAVG: 4510000 1810.97 6.99917 -20.6955 -6.39595 -1890.68 31.3915 -47.9043 27.2988 -42.8031
TIMING: 4510000  CPU: 4081.5, 0.000910679/step  Wall: 4082.23, 0.000910693/step, 379.491 ns/days, 0.123955 hours remaining, 0.000000 MB of memory in use.
PERFORMANCE: 4510000  averaging 381.816 ns/day, 0.000905147 sec/step with standard deviation 3.32672e-06
ENERGY: 4510000        29.4759        73.6643        65.5853         3.1207         -52126.4480    -85381.7865         0.0000         0.0000     10689.9962        -126646.3921       295.6148   -137336.3883   -126579.0361       297.6024           -700.7267      -697.4622    184950.4170       -40.3047       -40.8386

WRITING EXTENDED SYSTEM TO RESTART FILE AT STEP 4510000
WRITING COORDINATES TO DCD FILE ../output/02_eq_4_CLKWWW.0.dcd AT STEP 4510000
WRITING COORDINATES TO RESTART FILE AT STEP 4510000
FINISHED WRITING RESTART COORDINATES
WRITING VELOCITIES TO RESTART FILE AT STEP 4510000
FINISHED WRITING RESTART VELOCITIES
PRESSURE: 4520000 2110.02 19.7417 -82.7396 19.7409 -1795.08 90.135 -82.7393 90.1349 -266.866
GPRESSURE: 4520000 2161.55 64.4662 -153.02 128.138 -1865.31 145.795 -127.748 -64.8242 -245.868
PRESSAVG: 4520000 1830.43 2.79818 -52.1845 2.79818 -1882.5 9.55825 -52.1845 9.55825 -87.6356
GPRESSAVG: 4520000 1833.15 14.6969 -18.2674 0.251585 -1891.11 28.5702 -52.4724 8.0463 -82.7744
TIMING: 4520000  CPU: 4090.56, 0.000905934/step  Wall: 4091.3, 0.000906049/step, 381.436 ns/days, 0.120806 hours remaining, 0.000000 MB of memory in use.
PERFORMANCE: 4520000  averaging 381.816 ns/day, 0.000905149 sec/step with standard deviation 3.3233e-06
ENERGY: 4520000        27.1082        86.0823        63.0048         2.8944         -52183.8827    -85276.7474         0.0000         0.0000     10814.6709        -126466.8695       299.0625   -137281.5404   -126567.5154       297.6369             16.0239        16.7912    185242.0383       -46.5661       -46.9104

WRITING EXTENDED SYSTEM TO RESTART FILE AT STEP 4520000
WRITING COORDINATES TO DCD FILE ../output/02_eq_4_CLKWWW.0.dcd AT STEP 4520000
WRITING COORDINATES TO RESTART FILE AT STEP 4520000
FINISHED WRITING RESTART COORDINATES
WRITING VELOCITIES TO RESTART FILE AT STEP 4520000
FINISHED WRITING RESTART VELOCITIES
PRESSURE: 4530000 2218.72 -38.0948 -86.9471 -38.0923 -1732.2 -118.914 -86.9469 -118.914 -167.072
GPRESSURE: 4530000 2238.61 5.12453 -100.082 65.7461 -1752.17 -26.9925 -42.2677 -108.39 -153.759
PRESSAVG: 4530000 1845.55 -8.12989 -55.7468 -8.12989 -1880.9 12.7434 -55.7468 12.7434 -85.1823
GPRESSAVG: 4530000 1850.89 5.27758 -25.2374 -4.06288 -1892.63 31.5941 -45.3507 11.1331 -78.849
TIMING: 4530000  CPU: 4099.62, 0.000905803/step  Wall: 4100.36, 0.000905991/step, 381.461 ns/days, 0.118282 hours remaining, 0.000000 MB of memory in use.
PERFORMANCE: 4530000  averaging 381.815 ns/day, 0.000905151 sec/step with standard deviation 3.31986e-06
ENERGY: 4530000        32.4258        74.6954        59.8587         5.0725         -52064.3138    -85338.7445         0.0000         0.0000     10832.8249        -126398.1810       299.5645   -137231.0059   -126563.3996       297.7901            106.4847       110.8953    184434.2987       -40.1773       -40.1990

WRITING EXTENDED SYSTEM TO RESTART FILE AT STEP 4530000
WRITING COORDINATES TO DCD FILE ../output/02_eq_4_CLKWWW.0.dcd AT STEP 4530000
WRITING COORDINATES TO RESTART FILE AT STEP 4530000
FINISHED WRITING RESTART COORDINATES
WRITING VELOCITIES TO RESTART FILE AT STEP 4530000
FINISHED WRITING RESTART VELOCITIES
PRESSURE: 4540000 2074.87 -268.463 -389.075 -268.463 -2148.74 50.8996 -389.076 50.8996 -227.44
GPRESSURE: 4540000 2028.19 -197.166 -416.32 -326.677 -2162.05 114 -412.005 -76.3935 -169.028
PRESSAVG: 4540000 1892.98 -31.5181 -57.5359 -31.5181 -1881.63 23.3628 -57.5359 23.3628 -125.206
GPRESSAVG: 4540000 1894.76 -14.265 -29.3389 -32.8255 -1895.61 49.2178 -51.8984 14.6655 -113.216
TIMING: 4540000  CPU: 4108.68, 0.000906204/step  Wall: 4109.42, 0.000906409/step, 381.285 ns/days, 0.115819 hours remaining, 0.000000 MB of memory in use.
PERFORMANCE: 4540000  averaging 381.814 ns/day, 0.000905154 sec/step with standard deviation 3.31672e-06
ENERGY: 4540000        30.9955        83.1359        52.5948         2.5038         -52014.4313    -85394.1194         0.0000         0.0000     10710.3542        -126528.9664       296.1778   -137239.3206   -126553.5485       297.8253           -100.4387      -100.9615    185417.1608       -37.9518       -38.0210

WRITING EXTENDED SYSTEM TO RESTART FILE AT STEP 4540000
WRITING COORDINATES TO DCD FILE ../output/02_eq_4_CLKWWW.0.dcd AT STEP 4540000
WRITING COORDINATES TO RESTART FILE AT STEP 4540000
FINISHED WRITING RESTART COORDINATES
WRITING VELOCITIES TO RESTART FILE AT STEP 4540000
FINISHED WRITING RESTART VELOCITIES
PRESSURE: 4550000 2077.17 -184.086 -218.074 -184.084 -1333.21 72.6152 -218.076 72.6129 411.287
GPRESSURE: 4550000 2111.4 -304.362 -184.701 -241.48 -1406.55 98.8614 -259.565 -35.2321 447.656
PRESSAVG: 4550000 1966 -47.1619 -67.7282 -47.1619 -1801.07 10.2876 -67.7282 10.2876 -80.5992
GPRESSAVG: 4550000 1973.42 -38.7641 -36.7707 -47.7474 -1819.51 36.9997 -70.6731 -8.24972 -70.2984
TIMING: 4550000  CPU: 4117.72, 0.000903998/step  Wall: 4118.46, 0.000904196/step, 382.218 ns/days, 0.113025 hours remaining, 0.000000 MB of memory in use.
PERFORMANCE: 4550000  averaging 381.814 ns/day, 0.000905152 sec/step with standard deviation 3.31337e-06
ENERGY: 4550000        36.5239        80.0294        58.5590         2.5033         -52001.6361    -85328.9390         0.0000         0.0000     10801.9189        -126351.0407       298.7099   -137152.9596   -126543.5181       297.9086            385.0822       384.1685    184173.9013        28.1087        27.8732

WRITING EXTENDED SYSTEM TO RESTART FILE AT STEP 4550000
WRITING COORDINATES TO DCD FILE ../output/02_eq_4_CLKWWW.0.dcd AT STEP 4550000
WRITING COORDINATES TO RESTART FILE AT STEP 4550000
FINISHED WRITING RESTART COORDINATES
WRITING VELOCITIES TO RESTART FILE AT STEP 4550000
FINISHED WRITING RESTART VELOCITIES
PRESSURE: 4560000 2166.02 148.755 11.0373 148.755 -1709.62 -224.435 11.039 -224.435 -507.463
GPRESSURE: 4560000 2197.14 -8.02912 -105.679 213.774 -1676.78 -155.936 120.618 -309.393 -588.333
PRESSAVG: 4560000 1981.17 -36.4532 -64.5604 -36.4532 -1791.82 9.77628 -64.5604 9.77628 -76.3446
GPRESSAVG: 4560000 1987.25 -38.3578 -42.6683 -28.0717 -1804.94 31.1743 -62.7164 -6.69024 -70.1966
TIMING: 4560000  CPU: 4126.76, 0.000904396/step  Wall: 4127.51, 0.000904597/step, 382.048 ns/days, 0.110562 hours remaining, 0.000000 MB of memory in use.
PERFORMANCE: 4560000  averaging 381.815 ns/day, 0.00090515 sec/step with standard deviation 3.30982e-06
ENERGY: 4560000        36.0230        74.6708        67.0034         3.6164         -52151.8455    -85194.7507         0.0000         0.0000     10671.0195        -126494.2631       295.0901   -137165.2826   -126548.0082       297.6109            -17.0198       -22.6580    185222.6468        37.6692        37.3731

WRITING EXTENDED SYSTEM TO RESTART FILE AT STEP 4560000
WRITING COORDINATES TO DCD FILE ../output/02_eq_4_CLKWWW.0.dcd AT STEP 4560000
WRITING COORDINATES TO RESTART FILE AT STEP 4560000
FINISHED WRITING RESTART COORDINATES
WRITING VELOCITIES TO RESTART FILE AT STEP 4560000
FINISHED WRITING RESTART VELOCITIES
PRESSURE: 4570000 2272.06 -40.9741 -83.3646 -40.9744 -1987.39 244.564 -83.3621 244.565 261.482
GPRESSURE: 4570000 2237.08 36.4596 -92.0394 -91.405 -1887.19 253.228 -100.209 152.425 189.174
PRESSAVG: 4570000 2001.75 -40.8539 -86.3581 -40.8539 -1806.49 20.5136 -86.3581 20.5136 -70.3449
GPRESSAVG: 4570000 2004.79 -39.4225 -69.219 -43.4364 -1815.52 40.8606 -81.9482 -4.5017 -65.4667
TIMING: 4570000  CPU: 4135.78, 0.000901945/step  Wall: 4136.53, 0.00090217/step, 383.076 ns/days, 0.107759 hours remaining, 0.000000 MB of memory in use.
PERFORMANCE: 4570000  averaging 381.818 ns/day, 0.000905144 sec/step with standard deviation 3.30913e-06
ENERGY: 4570000        30.7016        71.8978        54.7988         2.7782         -52130.5061    -85250.8681         0.0000         0.0000     10757.7502        -126463.4476       297.4885   -137221.1978   -126545.9367       297.5057            182.0500       179.6891    184709.2576        41.6381        41.2654

WRITING EXTENDED SYSTEM TO RESTART FILE AT STEP 4570000
WRITING COORDINATES TO DCD FILE ../output/02_eq_4_CLKWWW.0.dcd AT STEP 4570000
WRITING COORDINATES TO RESTART FILE AT STEP 4570000
FINISHED WRITING RESTART COORDINATES
WRITING VELOCITIES TO RESTART FILE AT STEP 4570000
FINISHED WRITING RESTART VELOCITIES
PRESSURE: 4580000 1078.55 -75.9124 57.9349 -75.9148 -2659.44 10.8029 57.9381 10.8032 -288.719
GPRESSURE: 4580000 1154.93 -62.8676 -3.18475 4.61002 -2680.1 0.275106 37.1608 95.8555 -343.179
PRESSAVG: 4580000 1931.41 -50.0901 -88.3393 -50.0901 -1859.47 14.9993 -88.3393 14.9993 -120.632
GPRESSAVG: 4580000 1938.42 -48.1728 -75.8753 -48.5677 -1869.33 32.0148 -82.1526 -8.46393 -118.643
TIMING: 4580000  CPU: 4144.79, 0.000900594/step  Wall: 4145.54, 0.000900774/step, 383.67 ns/days, 0.10509 hours remaining, 0.000000 MB of memory in use.
PERFORMANCE: 4580000  averaging 381.822 ns/day, 0.000905134 sec/step with standard deviation 3.31181e-06
ENERGY: 4580000        31.1145        75.0906        57.2886         2.3222         -52091.1199    -85533.6602         0.0000         0.0000     10759.8288        -126699.1355       297.5459   -137458.9643   -126544.9110       297.4669           -623.2038      -622.7839    184762.2895       -16.2325       -16.5174

WRITING EXTENDED SYSTEM TO RESTART FILE AT STEP 4580000
WRITING COORDINATES TO DCD FILE ../output/02_eq_4_CLKWWW.0.dcd AT STEP 4580000
WRITING COORDINATES TO RESTART FILE AT STEP 4580000
FINISHED WRITING RESTART COORDINATES
WRITING VELOCITIES TO RESTART FILE AT STEP 4580000
FINISHED WRITING RESTART VELOCITIES
PRESSURE: 4590000 1559.79 -155.207 -158.342 -155.207 -2037.51 219.98 -158.342 219.98 80.6386
GPRESSURE: 4590000 1554.47 -281.113 -163.479 -170.669 -2028.36 262.11 -115.455 191.885 75.5995
PRESSAVG: 4590000 1922.03 -45.921 -83.4141 -45.921 -1868.9 36.2142 -83.4141 36.2142 -114.608
GPRESSAVG: 4590000 1928.88 -49.1208 -69.1869 -41.2893 -1879.1 55.7052 -76.0248 13.3552 -112.289
TIMING: 4590000  CPU: 4153.82, 0.000903443/step  Wall: 4154.57, 0.000903578/step, 382.48 ns/days, 0.102907 hours remaining, 0.000000 MB of memory in use.
PERFORMANCE: 4590000  averaging 381.823 ns/day, 0.000905131 sec/step with standard deviation 3.30899e-06
ENERGY: 4590000        29.3303        75.1310        58.3196         1.4168         -52077.9092    -85212.8803         0.0000         0.0000     10749.9072        -126376.6845       297.2716   -137126.5917   -126544.9430       297.3497           -132.3608      -132.7641    185477.5382       -20.4898       -20.8361

WRITING EXTENDED SYSTEM TO RESTART FILE AT STEP 4590000
WRITING COORDINATES TO DCD FILE ../output/02_eq_4_CLKWWW.0.dcd AT STEP 4590000
WRITING COORDINATES TO RESTART FILE AT STEP 4590000
FINISHED WRITING RESTART COORDINATES
WRITING VELOCITIES TO RESTART FILE AT STEP 4590000
FINISHED WRITING RESTART VELOCITIES
PRESSURE: 4600000 1895.29 356.357 476.894 356.356 -1671.54 22.2254 476.893 22.2229 -263.369
GPRESSURE: 4600000 1819.51 373.072 539.05 372.718 -1629.71 69.667 512.184 21.1893 -205.289
PRESSAVG: 4600000 1926.22 -29.2286 -72.6192 -29.2286 -1866.28 26.2862 -72.6192 26.2862 -108.635
GPRESSAVG: 4600000 1929.61 -34.4866 -61.3131 -19.2369 -1874.93 54.3249 -64.4227 -2.45236 -103.939
TIMING: 4600000  CPU: 4162.87, 0.000904644/step  Wall: 4163.62, 0.000904795/step, 381.965 ns/days, 0.100533 hours remaining, 0.000000 MB of memory in use.
PERFORMANCE: 4600000  averaging 381.824 ns/day, 0.00090513 sec/step with standard deviation 3.30542e-06
ETITLE:      TS           BOND          ANGLE          DIHED          IMPRP               ELECT            VDW       BOUNDARY           MISC        KINETIC               TOTAL           TEMP      POTENTIAL       TOTALAVG        TEMPAVG            PRESSURE      GPRESSURE         VOLUME       PRESSAVG      GPRESSAVG

ENERGY: 4600000        36.6573        94.1837        58.6496         4.3757         -52307.2993    -85266.0057         0.0000         0.0000     10766.2699        -126613.1688       297.7241   -137379.4387   -126536.7556       297.6098            -13.2059        -5.1631    184409.2881       -16.2308       -16.4210

WRITING EXTENDED SYSTEM TO RESTART FILE AT STEP 4600000
WRITING COORDINATES TO DCD FILE ../output/02_eq_4_CLKWWW.0.dcd AT STEP 4600000
WRITING COORDINATES TO RESTART FILE AT STEP 4600000
FINISHED WRITING RESTART COORDINATES
WRITING VELOCITIES TO RESTART FILE AT STEP 4600000
FINISHED WRITING RESTART VELOCITIES
PRESSURE: 4610000 2081.26 -282.863 -240.301 -282.86 -2055.4 33.1998 -240.302 33.2009 855.011
GPRESSURE: 4610000 2083.9 -354.56 -165.695 -276.192 -2050.14 84.3575 -205.864 -31.9097 850.892
PRESSAVG: 4610000 1939.54 -31.0821 -73.4635 -31.0821 -1871.66 14.7053 -73.4635 14.7053 -76.0996
GPRESSAVG: 4610000 1943.45 -39.1742 -62.642 -28.8884 -1878.99 40.5768 -62.8509 -17.5379 -73.1858
TIMING: 4610000  CPU: 4171.93, 0.000906298/step  Wall: 4172.69, 0.00090651/step, 381.242 ns/days, 0.0982053 hours remaining, 0.000000 MB of memory in use.
PERFORMANCE: 4610000  averaging 381.822 ns/day, 0.000905133 sec/step with standard deviation 3.30245e-06
ENERGY: 4610000        28.1324        78.2781        59.0816         2.0183         -52288.9987    -85140.2764         0.0000         0.0000     10861.4274        -126400.3373       300.3555   -137261.7647   -126532.0814       297.6813            293.6238       294.8835    183532.3100        -2.7376        -2.9115

WRITING EXTENDED SYSTEM TO RESTART FILE AT STEP 4610000
WRITING COORDINATES TO DCD FILE ../output/02_eq_4_CLKWWW.0.dcd AT STEP 4610000
WRITING COORDINATES TO RESTART FILE AT STEP 4610000
FINISHED WRITING RESTART COORDINATES
WRITING VELOCITIES TO RESTART FILE AT STEP 4610000
FINISHED WRITING RESTART VELOCITIES
PRESSURE: 4620000 2278.58 -71.2638 102.387 -71.265 -1813.13 55.9961 102.388 55.9978 149.251
GPRESSURE: 4620000 2302.57 -76.7803 39.3044 -33.5972 -1860.57 103.337 67.361 7.32591 165.392
PRESSAVG: 4620000 1939.75 -27.0651 -66.9852 -27.0651 -1866.45 11.6404 -66.9852 11.6404 -47.58
GPRESSAVG: 4620000 1942.95 -32.6707 -63.5275 -20.6829 -1875.49 41.2861 -53.8115 -23.3416 -42.1991
TIMING: 4620000  CPU: 4180.99, 0.000905897/step  Wall: 4181.75, 0.000906111/step, 381.41 ns/days, 0.095645 hours remaining, 0.000000 MB of memory in use.
PERFORMANCE: 4620000  averaging 381.821 ns/day, 0.000905135 sec/step with standard deviation 3.29918e-06
ENERGY: 4620000        27.3099        79.0740        53.6856         1.0426         -52328.7724    -85192.1420         0.0000         0.0000     10822.2880        -126537.5142       299.2731   -137359.8023   -126524.1159       297.7726            204.9004       202.4670    184822.5490         8.5742         8.4211

WRITING EXTENDED SYSTEM TO RESTART FILE AT STEP 4620000
WRITING COORDINATES TO DCD FILE ../output/02_eq_4_CLKWWW.0.dcd AT STEP 4620000
WRITING COORDINATES TO RESTART FILE AT STEP 4620000
FINISHED WRITING RESTART COORDINATES
WRITING VELOCITIES TO RESTART FILE AT STEP 4620000
FINISHED WRITING RESTART VELOCITIES
PRESSURE: 4630000 1501.83 25.2578 -242.64 25.2574 -1967.6 -18.6243 -242.64 -18.6233 -818.328
GPRESSURE: 4630000 1454.18 -71.6813 -149.485 70.9059 -1927.3 -84.1484 -307.842 -195.431 -800.101
PRESSAVG: 4630000 1901.48 -25.394 -67.6318 -25.394 -1870.11 -1.2988 -67.6318 -1.2988 -85.9281
GPRESSAVG: 4630000 1903.44 -34.623 -60.7172 -18.2496 -1878.23 25.8407 -64.5412 -48.5681 -78.8355
TIMING: 4630000  CPU: 4190.06, 0.000906844/step  Wall: 4190.82, 0.000907016/step, 381.03 ns/days, 0.0932211 hours remaining, 0.000000 MB of memory in use.
PERFORMANCE: 4630000  averaging 381.82 ns/day, 0.000905139 sec/step with standard deviation 3.29677e-06
ENERGY: 4630000        30.9528        86.7758        57.6347         1.9550         -52094.2253    -85390.4238         0.0000         0.0000     10839.9722        -126467.3586       299.7622   -137307.3308   -126523.4813       297.9095           -428.0339      -424.4079    185076.5895       -18.1859       -17.8744

WRITING EXTENDED SYSTEM TO RESTART FILE AT STEP 4630000
WRITING COORDINATES TO DCD FILE ../output/02_eq_4_CLKWWW.0.dcd AT STEP 4630000
WRITING COORDINATES TO RESTART FILE AT STEP 4630000
FINISHED WRITING RESTART COORDINATES
WRITING VELOCITIES TO RESTART FILE AT STEP 4630000
FINISHED WRITING RESTART VELOCITIES
PRESSURE: 4640000 2747.45 168.203 -130.352 168.201 -1225.44 155.173 -130.352 155.172 178.455
GPRESSURE: 4640000 2698.66 243.128 -211.741 86.1511 -1195.94 174.369 -124.72 115.749 199.846
PRESSAVG: 4640000 1928.41 -34.1054 -83.4469 -34.1054 -1848.38 14.3639 -83.4469 14.3639 -77.674
GPRESSAVG: 4640000 1927.49 -41.221 -82.4567 -29.7173 -1856.93 43.4618 -79.721 -39.6668 -67.2249
TIMING: 4640000  CPU: 4199.13, 0.0009069/step  Wall: 4199.89, 0.000907121/step, 380.986 ns/days, 0.0907121 hours remaining, 0.000000 MB of memory in use.
PERFORMANCE: 4640000  averaging 381.818 ns/day, 0.000905144 sec/step with standard deviation 3.29449e-06
ENERGY: 4640000        26.2860        80.2713        58.7743         1.9351         -52451.8684    -85035.1362         0.0000         0.0000     10705.8096        -126613.9284       296.0521   -137319.7380   -126529.4384       297.6804            566.8198       567.5221    184526.0898         0.7845         1.1119

WRITING EXTENDED SYSTEM TO RESTART FILE AT STEP 4640000
WRITING COORDINATES TO DCD FILE ../output/02_eq_4_CLKWWW.0.dcd AT STEP 4640000
WRITING COORDINATES TO RESTART FILE AT STEP 4640000
FINISHED WRITING RESTART COORDINATES
WRITING VELOCITIES TO RESTART FILE AT STEP 4640000
FINISHED WRITING RESTART VELOCITIES
PRESSURE: 4650000 2096.44 44.2283 164.337 44.228 -1356.87 24.9165 164.336 24.9166 844.692
GPRESSURE: 4650000 2088.85 36.6855 145.619 3.30047 -1403.28 126.943 67.8369 26.3752 889.284
PRESSAVG: 4650000 1942.59 -35.4261 -70.9531 -35.4261 -1824.26 6.12358 -70.9531 6.12358 -13.1575
GPRESSAVG: 4650000 1943.2 -43.3894 -68.1491 -28.4017 -1831.62 37.6536 -74.9183 -44.0656 -6.05035
TIMING: 4650000  CPU: 4208.2, 0.000907201/step  Wall: 4208.96, 0.000907365/step, 380.883 ns/days, 0.0882161 hours remaining, 0.000000 MB of memory in use.
PERFORMANCE: 4650000  averaging 381.816 ns/day, 0.000905148 sec/step with standard deviation 3.29255e-06
ENERGY: 4650000        32.5323        77.4727        53.2736         1.8390         -52389.4533    -85226.4953         0.0000         0.0000     10761.2929        -126689.5381       297.5864   -137450.8310   -126527.0798       297.9377            528.0899       524.9527    184527.5912        35.0573        35.1784

WRITING EXTENDED SYSTEM TO RESTART FILE AT STEP 4650000
WRITING COORDINATES TO DCD FILE ../output/02_eq_4_CLKWWW.0.dcd AT STEP 4650000
WRITING COORDINATES TO RESTART FILE AT STEP 4650000
FINISHED WRITING RESTART COORDINATES
WRITING VELOCITIES TO RESTART FILE AT STEP 4650000
FINISHED WRITING RESTART VELOCITIES
PRESSURE: 4660000 2068.77 3.17691 -136.587 3.17447 -1688.17 -381.335 -136.59 -381.336 -50.0362
GPRESSURE: 4660000 2058.34 11.2315 -36.956 -67.6695 -1706.22 -334.833 -267.944 -300.027 -38.4259
PRESSAVG: 4660000 1956.02 -49.4993 -75.4509 -49.4993 -1806.63 -7.41363 -75.4509 -7.41363 -2.00113
GPRESSAVG: 4660000 1958.75 -52.3365 -63.9888 -50.1973 -1815.11 32.9883 -90.4135 -54.834 3.80747
TIMING: 4660000  CPU: 4217.26, 0.000906143/step  Wall: 4218.02, 0.000906287/step, 381.336 ns/days, 0.0855938 hours remaining, 0.000000 MB of memory in use.
PERFORMANCE: 4660000  averaging 381.815 ns/day, 0.000905151 sec/step with standard deviation 3.28943e-06
ENERGY: 4660000        20.6690        84.3933        55.4945         2.8722         -52218.3111    -85337.3478         0.0000         0.0000     10641.7206        -126750.5091       294.2798   -137392.2297   -126536.1953       297.7632            110.1857       104.5646    184241.7006        49.1291        49.1492

WRITING EXTENDED SYSTEM TO RESTART FILE AT STEP 4660000
WRITING COORDINATES TO DCD FILE ../output/02_eq_4_CLKWWW.0.dcd AT STEP 4660000
WRITING COORDINATES TO RESTART FILE AT STEP 4660000
FINISHED WRITING RESTART COORDINATES
WRITING VELOCITIES TO RESTART FILE AT STEP 4660000
FINISHED WRITING RESTART VELOCITIES
PRESSURE: 4670000 2179.56 -115.495 -91.9903 -115.497 -1799.98 234.845 -91.9901 234.845 -273.272
GPRESSURE: 4670000 2215.67 -98.5725 -41.2791 -178.925 -1748.33 219.421 -189.6 206.544 -345.665
PRESSAVG: 4670000 1924.01 -37.8292 -78.6892 -37.8292 -1839.86 12.1693 -78.6892 12.1693 -58.401
GPRESSAVG: 4670000 1925.96 -37.354 -66.9184 -38.7507 -1845.96 45.6928 -93.2223 -27.2996 -53.1769
TIMING: 4670000  CPU: 4226.33, 0.000906542/step  Wall: 4227.09, 0.000906712/step, 381.158 ns/days, 0.0831152 hours remaining, 0.000000 MB of memory in use.
PERFORMANCE: 4670000  averaging 381.813 ns/day, 0.000905154 sec/step with standard deviation 3.28669e-06
ENERGY: 4670000        33.6974        78.8892        59.2724         3.7811         -52472.1625    -85199.5601         0.0000         0.0000     10877.4637        -126618.6187       300.7989   -137496.0825   -126531.5732       298.0778             35.4355        40.5553    184330.8624         8.5823         8.9422

WRITING EXTENDED SYSTEM TO RESTART FILE AT STEP 4670000
WRITING COORDINATES TO DCD FILE ../output/02_eq_4_CLKWWW.0.dcd AT STEP 4670000
WRITING COORDINATES TO RESTART FILE AT STEP 4670000
FINISHED WRITING RESTART COORDINATES
WRITING VELOCITIES TO RESTART FILE AT STEP 4670000
FINISHED WRITING RESTART VELOCITIES
PRESSURE: 4680000 2272 320.156 39.3495 320.157 -1990.04 291.713 39.3477 291.713 244.273
GPRESSURE: 4680000 2240.05 240.465 -61.9962 367.206 -1984.96 307.52 -4.21504 291.843 278.599
PRESSAVG: 4680000 1948.57 -26.838 -83.1433 -26.838 -1844.41 36.9273 -83.1433 36.9273 -28.9184
GPRESSAVG: 4680000 1948.59 -29.3698 -78.386 -24.6622 -1849.83 66.8558 -101.874 -3.87182 -22.0591
TIMING: 4680000  CPU: 4235.38, 0.000904948/step  Wall: 4236.14, 0.000905139/step, 381.82 ns/days, 0.0804568 hours remaining, 0.000000 MB of memory in use.
PERFORMANCE: 4680000  averaging 381.813 ns/day, 0.000905154 sec/step with standard deviation 3.28317e-06
ENERGY: 4680000        34.1766        83.0950        52.9246         2.3867         -52175.4851    -85286.7966         0.0000         0.0000     10847.2576        -126442.4412       299.9636   -137289.6988   -126525.5101       298.1163            175.4114       177.8981    184018.4558        25.0796        25.5683

WRITING EXTENDED SYSTEM TO RESTART FILE AT STEP 4680000
WRITING COORDINATES TO DCD FILE ../output/02_eq_4_CLKWWW.0.dcd AT STEP 4680000
WRITING COORDINATES TO RESTART FILE AT STEP 4680000
FINISHED WRITING RESTART COORDINATES
WRITING VELOCITIES TO RESTART FILE AT STEP 4680000
FINISHED WRITING RESTART VELOCITIES
PRESSURE: 4690000 1131.54 -186.961 -75.9416 -186.961 -2720.2 -8.71184 -75.9414 -8.71247 -252.003
GPRESSURE: 4690000 1156.57 -200.97 -45.2244 -92.108 -2681.25 5.37028 -126.413 -72.0486 -315.62
PRESSAVG: 4690000 1929.74 -28.383 -78.1105 -28.383 -1896.29 31.6276 -78.1105 31.6276 -19.1022
GPRESSAVG: 4690000 1927.89 -32.6966 -68.3033 -23.6293 -1895.79 66.7375 -100.491 -7.42216 -16.1858
TIMING: 4690000  CPU: 4244.41, 0.000903742/step  Wall: 4245.18, 0.000903878/step, 382.352 ns/days, 0.0778339 hours remaining, 0.000000 MB of memory in use.
PERFORMANCE: 4690000  averaging 381.815 ns/day, 0.000905151 sec/step with standard deviation 3.28019e-06
ENERGY: 4690000        26.2083        85.6506        57.3058         2.3984         -52174.4551    -85436.1255         0.0000         0.0000     10889.2202        -126549.7972       301.1240   -137439.0174   -126536.5708       298.0694           -613.5551      -613.4327    184771.3569         4.7825         5.3070

WRITING EXTENDED SYSTEM TO RESTART FILE AT STEP 4690000
WRITING COORDINATES TO DCD FILE ../output/02_eq_4_CLKWWW.0.dcd AT STEP 4690000
WRITING COORDINATES TO RESTART FILE AT STEP 4690000
FINISHED WRITING RESTART COORDINATES
WRITING VELOCITIES TO RESTART FILE AT STEP 4690000
FINISHED WRITING RESTART VELOCITIES
PRESSURE: 4700000 899.199 -208.216 -186.181 -208.217 -2727.96 -60.6732 -186.182 -60.6739 484.461
GPRESSURE: 4700000 887.01 -176.78 -135.727 -180.377 -2701.1 -197.563 -202.858 5.43276 474.677
PRESSAVG: 4700000 1887.43 -34.4436 -73.3028 -34.4436 -1942.34 41.543 -73.3028 41.543 -15.9669
GPRESSAVG: 4700000 1886.21 -44.7577 -69.5175 -21.5494 -1938.86 65.8885 -95.9725 7.99717 -16.6086
TIMING: 4700000  CPU: 4253.45, 0.000903401/step  Wall: 4254.22, 0.000903557/step, 382.488 ns/days, 0.0752964 hours remaining, 0.000000 MB of memory in use.
PERFORMANCE: 4700000  averaging 381.816 ns/day, 0.000905148 sec/step with standard deviation 3.27752e-06
ETITLE:      TS           BOND          ANGLE          DIHED          IMPRP               ELECT            VDW       BOUNDARY           MISC        KINETIC               TOTAL           TEMP      POTENTIAL       TOTALAVG        TEMPAVG            PRESSURE      GPRESSURE         VOLUME       PRESSAVG      GPRESSAVG

ENERGY: 4700000        28.8975        83.6588        57.7995         3.4722         -52156.1435    -85262.4264         0.0000         0.0000     10786.1150        -126458.6270       298.2728   -137244.7420   -126528.3409       298.0859           -448.0985      -446.4709    185311.9391       -23.6268       -23.0858

WRITING EXTENDED SYSTEM TO RESTART FILE AT STEP 4700000
WRITING COORDINATES TO DCD FILE ../output/02_eq_4_CLKWWW.0.dcd AT STEP 4700000
WRITING COORDINATES TO RESTART FILE AT STEP 4700000
FINISHED WRITING RESTART COORDINATES
WRITING VELOCITIES TO RESTART FILE AT STEP 4700000
FINISHED WRITING RESTART VELOCITIES
PRESSURE: 4710000 1573.48 -145.308 137.796 -145.308 -1811.26 63.2947 137.793 63.2959 -479.169
GPRESSURE: 4710000 1617.62 -179.413 73.018 -108.397 -1841.83 88.4804 135.165 108.444 -485.858
PRESSAVG: 4710000 1914.13 -34.3487 -56.6402 -34.3487 -1911.54 37.8832 -56.6402 37.8832 -4.20939
GPRESSAVG: 4710000 1915.32 -50.0831 -63.4809 -22.7474 -1909.46 62.7131 -77.319 1.47091 -6.00031
TIMING: 4710000  CPU: 4262.46, 0.000901444/step  Wall: 4263.23, 0.000901638/step, 383.302 ns/days, 0.072632 hours remaining, 0.000000 MB of memory in use.
PERFORMANCE: 4710000  averaging 381.819 ns/day, 0.000905141 sec/step with standard deviation 3.27802e-06
ENERGY: 4710000        25.6317        76.8126        60.4480         2.2185         -52369.3983    -85164.6812         0.0000         0.0000     10827.5455        -126541.4232       299.4185   -137368.9687   -126523.0925       298.2761           -238.9832      -236.6890    185457.8579        -0.5396        -0.0472

WRITING EXTENDED SYSTEM TO RESTART FILE AT STEP 4710000
WRITING COORDINATES TO DCD FILE ../output/02_eq_4_CLKWWW.0.dcd AT STEP 4710000
WRITING COORDINATES TO RESTART FILE AT STEP 4710000
FINISHED WRITING RESTART COORDINATES
WRITING VELOCITIES TO RESTART FILE AT STEP 4710000
FINISHED WRITING RESTART VELOCITIES
PRESSURE: 4720000 1741.64 161.422 108.215 161.423 -1920.82 -358.887 108.214 -358.886 -372.431
GPRESSURE: 4720000 1685.33 233.95 191.995 153.947 -1919.42 -371.401 192.168 -372.034 -316.188
PRESSAVG: 4720000 1895.71 -27.2646 -47.0925 -27.2646 -1917.83 15.4322 -47.0925 15.4322 -9.48766
GPRESSAVG: 4720000 1891.5 -41.6089 -46.2301 -21.4569 -1912.16 36.8533 -61.3231 -13.8896 -9.51631
TIMING: 4720000  CPU: 4271.48, 0.000901793/step  Wall: 4272.25, 0.000902019/step, 383.14 ns/days, 0.0701571 hours remaining, 0.000000 MB of memory in use.
PERFORMANCE: 4720000  averaging 381.822 ns/day, 0.000905134 sec/step with standard deviation 3.27769e-06
ENERGY: 4720000        33.6476        83.1813        61.2219         1.6764         -52302.9095    -85254.1711         0.0000         0.0000     10736.9460        -126640.4074       296.9131   -137377.3534   -126531.7694       298.1686           -183.8686      -183.4257    184291.4336       -10.5342       -10.0580

WRITING EXTENDED SYSTEM TO RESTART FILE AT STEP 4720000
WRITING COORDINATES TO DCD FILE ../output/02_eq_4_CLKWWW.0.dcd AT STEP 4720000
WRITING COORDINATES TO RESTART FILE AT STEP 4720000
FINISHED WRITING RESTART COORDINATES
WRITING VELOCITIES TO RESTART FILE AT STEP 4720000
FINISHED WRITING RESTART VELOCITIES
PRESSURE: 4730000 2176.61 227.563 262.848 227.562 -1728.11 -164.807 262.85 -164.807 -374.044
GPRESSURE: 4730000 2217.48 140.712 206.328 274.435 -1760.36 -84.7395 289.95 -188.959 -383.492
PRESSAVG: 4730000 1893.61 -13.9818 -29.6027 -13.9818 -1917.62 13.1375 -29.6027 13.1375 -19.8362
GPRESSAVG: 4730000 1890.45 -34.8295 -30.9096 -11.0225 -1912.57 33.966 -44.7122 -17.918 -21.0029
TIMING: 4730000  CPU: 4280.51, 0.000903227/step  Wall: 4281.29, 0.000903319/step, 382.589 ns/days, 0.0677489 hours remaining, 0.000000 MB of memory in use.
PERFORMANCE: 4730000  averaging 381.824 ns/day, 0.00090513 sec/step with standard deviation 3.27528e-06
ENERGY: 4730000        30.4446        71.7570        64.0552         3.5977         -52286.4086    -85190.1311         0.0000         0.0000     10771.2083        -126535.4769       297.8606   -137306.6851   -126538.6342       298.0834             24.8196        24.5452    184187.9360       -14.6175       -14.3755

WRITING EXTENDED SYSTEM TO RESTART FILE AT STEP 4730000
WRITING COORDINATES TO DCD FILE ../output/02_eq_4_CLKWWW.0.dcd AT STEP 4730000
WRITING COORDINATES TO RESTART FILE AT STEP 4730000
FINISHED WRITING RESTART COORDINATES
WRITING VELOCITIES TO RESTART FILE AT STEP 4730000
FINISHED WRITING RESTART VELOCITIES
PRESSURE: 4740000 2503.61 -184.478 -11.841 -184.478 -1488.77 112.285 -11.8375 112.285 735.748
GPRESSURE: 4740000 2473.51 -163.18 -72.5616 -276.881 -1445.9 100.695 -133.293 195.448 712.678
PRESSAVG: 4740000 1915.04 -9.7826 -10.7408 -9.7826 -1884.62 16.2068 -10.7408 16.2068 28.3232
GPRESSAVG: 4740000 1912.71 -33.1302 -13.7217 -8.53272 -1876.76 33.3007 -30.7766 -4.32596 23.0823
TIMING: 4740000  CPU: 4289.53, 0.000901842/step  Wall: 4290.31, 0.000902092/step, 383.109 ns/days, 0.0651511 hours remaining, 0.000000 MB of memory in use.
PERFORMANCE: 4740000  averaging 381.826 ns/day, 0.000905124 sec/step with standard deviation 3.27479e-06
ENERGY: 4740000        32.7415        81.7928        57.8652         3.1101         -52287.6861    -85190.1015         0.0000         0.0000     10754.4491        -126547.8289       297.3972   -137302.2781   -126539.5773       298.1444            583.5292       580.0957    184220.4787        19.5809        19.6773

WRITING EXTENDED SYSTEM TO RESTART FILE AT STEP 4740000
WRITING COORDINATES TO DCD FILE ../output/02_eq_4_CLKWWW.0.dcd AT STEP 4740000
WRITING COORDINATES TO RESTART FILE AT STEP 4740000
FINISHED WRITING RESTART COORDINATES
WRITING VELOCITIES TO RESTART FILE AT STEP 4740000
FINISHED WRITING RESTART VELOCITIES
PRESSURE: 4750000 2313.8 330.32 261.48 330.316 -2094.63 263.796 261.475 263.796 786.529
GPRESSURE: 4750000 2323.78 317.926 287.808 399.673 -2101.49 386.844 183.043 324.873 789.223
PRESSAVG: 4750000 1926.87 15.9374 13.2368 15.9374 -1922.69 25.7659 13.2368 25.7659 47.0853
GPRESSAVG: 4750000 1923.33 -2.01585 9.90376 23.5249 -1911.51 47.6999 -8.64628 13.6793 40.1607
TIMING: 4750000  CPU: 4298.58, 0.000904574/step  Wall: 4299.35, 0.000904513/step, 382.084 ns/days, 0.0628134 hours remaining, 0.000000 MB of memory in use.
PERFORMANCE: 4750000  averaging 381.827 ns/day, 0.000905122 sec/step with standard deviation 3.27146e-06
ENERGY: 4750000        35.2534        73.0018        51.2546         2.5499         -52103.2153    -85226.4172         0.0000         0.0000     10774.2726        -126393.3002       297.9454   -137167.5728   -126541.6903       298.1062            335.2320       337.1694    184040.3600        17.0884        17.3274

WRITING EXTENDED SYSTEM TO RESTART FILE AT STEP 4750000
WRITING COORDINATES TO DCD FILE ../output/02_eq_4_CLKWWW.0.dcd AT STEP 4750000
WRITING COORDINATES TO RESTART FILE AT STEP 4750000
FINISHED WRITING RESTART COORDINATES
WRITING VELOCITIES TO RESTART FILE AT STEP 4750000
FINISHED WRITING RESTART VELOCITIES
PRESSURE: 4760000 2043.64 147.782 108.952 147.784 -1983.06 -306.963 108.953 -306.963 -248.752
GPRESSURE: 4760000 2020.36 7.94205 133.411 214.715 -1949.25 -294.206 149.233 -448.297 -256.875
PRESSAVG: 4760000 1920.76 15.8889 18.1325 15.8889 -1936.37 21.6396 18.1325 21.6396 60.0208
GPRESSAVG: 4760000 1914.49 -1.21729 21.8582 23.572 -1925.13 40.7863 -7.21554 6.73407 56.7335
TIMING: 4760000  CPU: 4307.62, 0.000904002/step  Wall: 4308.4, 0.00090423/step, 382.204 ns/days, 0.060282 hours remaining, 0.000000 MB of memory in use.
PERFORMANCE: 4760000  averaging 381.828 ns/day, 0.000905121 sec/step with standard deviation 3.26827e-06
ENERGY: 4760000        31.4603        83.5540        59.4307         1.6330         -52230.8263    -85238.9368         0.0000         0.0000     10878.0824        -126415.6026       300.8161   -137293.6850   -126537.7573       298.3925            -62.7249       -61.9222    185781.3819        14.8031        15.3642

WRITING EXTENDED SYSTEM TO RESTART FILE AT STEP 4760000
WRITING COORDINATES TO DCD FILE ../output/02_eq_4_CLKWWW.0.dcd AT STEP 4760000
WRITING COORDINATES TO RESTART FILE AT STEP 4760000
FINISHED WRITING RESTART COORDINATES
WRITING VELOCITIES TO RESTART FILE AT STEP 4760000
FINISHED WRITING RESTART VELOCITIES
PRESSURE: 4770000 1636.24 -208.309 -208.166 -208.309 -2277.96 -176.804 -208.167 -176.803 -725.357
GPRESSURE: 4770000 1611.39 -187.912 -151.975 -180.683 -2252.27 -315.808 -198.836 -63.7179 -723.022
PRESSAVG: 4770000 1888.96 7.52212 11.8922 7.52212 -1950.89 0.571198 11.8922 0.571198 10.6789
GPRESSAVG: 4770000 1883.21 -12.4359 18.8614 19.1081 -1943.39 12.3346 -12.1469 -4.07309 11.1237
TIMING: 4770000  CPU: 4316.63, 0.000901833/step  Wall: 4317.42, 0.000901981/step, 383.157 ns/days, 0.0576266 hours remaining, 0.000000 MB of memory in use.
PERFORMANCE: 4770000  averaging 381.83 ns/day, 0.000905114 sec/step with standard deviation 3.26799e-06
ENERGY: 4770000        26.4460        61.9567        57.2773         2.3799         -52014.8867    -85398.7444         0.0000         0.0000     10782.1308        -126483.4403       298.1627   -137265.5711   -126538.7569       298.4262           -455.6896      -454.6314    186080.7051       -17.0838       -16.3519

WRITING EXTENDED SYSTEM TO RESTART FILE AT STEP 4770000
WRITING COORDINATES TO DCD FILE ../output/02_eq_4_CLKWWW.0.dcd AT STEP 4770000
WRITING COORDINATES TO RESTART FILE AT STEP 4770000
FINISHED WRITING RESTART COORDINATES
WRITING VELOCITIES TO RESTART FILE AT STEP 4770000
FINISHED WRITING RESTART VELOCITIES
PRESSURE: 4780000 1586.33 -161.044 81.8975 -161.044 -2332.83 -7.77855 81.8987 -7.77868 -1269.06
GPRESSURE: 4780000 1555.06 -320.677 66.7037 -2.19622 -2344.14 -15.2986 -26.5225 50.9782 -1232.49
PRESSAVG: 4780000 1914.35 3.26568 13.0903 3.26568 -1934.56 -0.357893 13.0903 -0.357893 -38.3382
GPRESSAVG: 4780000 1903.22 -25.3264 22.3559 18.7678 -1926.59 11.5559 -15.3311 -6.31695 -33.3417
TIMING: 4780000  CPU: 4325.69, 0.000905591/step  Wall: 4326.47, 0.000905837/step, 381.526 ns/days, 0.0553567 hours remaining, 0.000000 MB of memory in use.
PERFORMANCE: 4780000  averaging 381.83 ns/day, 0.000905116 sec/step with standard deviation 3.26473e-06
ENERGY: 4780000        35.1198        77.6616        53.7308         2.2005         -52068.6489    -85368.4810         0.0000         0.0000     10780.8097        -126487.6074       298.1261   -137268.4172   -126528.1805       298.4552           -671.8547      -673.8587    184679.2154       -19.5164       -18.9056

WRITING EXTENDED SYSTEM TO RESTART FILE AT STEP 4780000
WRITING COORDINATES TO DCD FILE ../output/02_eq_4_CLKWWW.0.dcd AT STEP 4780000
WRITING COORDINATES TO RESTART FILE AT STEP 4780000
FINISHED WRITING RESTART COORDINATES
WRITING VELOCITIES TO RESTART FILE AT STEP 4780000
FINISHED WRITING RESTART VELOCITIES
PRESSURE: 4790000 1721.55 177.246 136.153 177.248 -1971.73 -261.824 136.153 -261.825 1126.76
GPRESSURE: 4790000 1731.3 101.361 140.841 255.338 -1978.92 -448.888 100.536 -143.76 1102.18
PRESSAVG: 4790000 1922.44 19.8884 27.815 19.8884 -1931.28 -24.4481 27.815 -24.4481 13.9681
GPRESSAVG: 4790000 1912.06 -6.20267 37.5718 40.0681 -1924.12 -23.994 -4.53153 -23.0992 17.9872
TIMING: 4790000  CPU: 4334.73, 0.000903741/step  Wall: 4335.51, 0.000903874/step, 382.354 ns/days, 0.052726 hours remaining, 0.000000 MB of memory in use.
PERFORMANCE: 4790000  averaging 381.831 ns/day, 0.000905113 sec/step with standard deviation 3.26181e-06
ENERGY: 4790000        39.9896        64.9507        58.9629         3.0069         -52284.1484    -85114.3036         0.0000         0.0000     10739.9035        -126491.6384       296.9949   -137231.5419   -126533.9282       298.4414            292.1938       284.8515    185631.6196         1.7113         1.9752

WRITING EXTENDED SYSTEM TO RESTART FILE AT STEP 4790000
WRITING COORDINATES TO DCD FILE ../output/02_eq_4_CLKWWW.0.dcd AT STEP 4790000
WRITING COORDINATES TO RESTART FILE AT STEP 4790000
FINISHED WRITING RESTART COORDINATES
WRITING VELOCITIES TO RESTART FILE AT STEP 4790000
FINISHED WRITING RESTART VELOCITIES
PRESSURE: 4800000 2055.04 28.8615 -63.2364 28.8628 -2069.8 185.425 -63.2353 185.423 -229.297
GPRESSURE: 4800000 2129.87 18.1243 -70.8384 -30.3701 -2184.91 237.573 -38.1475 220.76 -177.437
PRESSAVG: 4800000 1930.43 3.51378 0.808627 3.51378 -1951.19 -16.2881 0.808627 -16.2881 15.6716
GPRESSAVG: 4800000 1927.58 -23.9501 7.07742 19.9137 -1951.88 -15.5987 -32.0481 -13.1206 19.3798
TIMING: 4800000  CPU: 4343.76, 0.000902765/step  Wall: 4344.54, 0.000902798/step, 382.81 ns/days, 0.0501554 hours remaining, 0.000000 MB of memory in use.
PERFORMANCE: 4800000  averaging 381.833 ns/day, 0.000905108 sec/step with standard deviation 3.26012e-06
ETITLE:      TS           BOND          ANGLE          DIHED          IMPRP               ELECT            VDW       BOUNDARY           MISC        KINETIC               TOTAL           TEMP      POTENTIAL       TOTALAVG        TEMPAVG            PRESSURE      GPRESSURE         VOLUME       PRESSAVG      GPRESSAVG

ENERGY: 4800000        33.2578        79.1331        57.6307         1.9216         -52176.7885    -85343.2758         0.0000         0.0000     10654.7046        -126693.4165       294.6389   -137348.1210   -126537.9406       298.2871            -81.3528       -77.4928    183990.1458        -1.6960        -1.6413

WRITING EXTENDED SYSTEM TO RESTART FILE AT STEP 4800000
WRITING COORDINATES TO DCD FILE ../output/02_eq_4_CLKWWW.0.dcd AT STEP 4800000
WRITING COORDINATES TO RESTART FILE AT STEP 4800000
FINISHED WRITING RESTART COORDINATES
WRITING VELOCITIES TO RESTART FILE AT STEP 4800000
FINISHED WRITING RESTART VELOCITIES
PRESSURE: 4810000 2342.36 -25.556 -38.2914 -25.5554 -1346.6 -185.518 -38.2901 -185.516 256.206
GPRESSURE: 4810000 2310.83 -21.5089 80.3951 -60.2338 -1366.89 -227.219 -0.251546 -268.149 288.936
PRESSAVG: 4810000 1943.48 16.379 10.9092 16.379 -1915.75 -27.224 10.9092 -27.224 -14.2686
GPRESSAVG: 4810000 1938.92 -7.29748 19.3819 30.7116 -1917.72 -31.1775 -21.7675 -24.9326 -8.71795
TIMING: 4810000  CPU: 4352.78, 0.000902488/step  Wall: 4353.57, 0.000902699/step, 382.852 ns/days, 0.0476425 hours remaining, 0.000000 MB of memory in use.
PERFORMANCE: 4810000  averaging 381.835 ns/day, 0.000905103 sec/step with standard deviation 3.25857e-06
ENERGY: 4810000        26.7515        74.9930        69.6622         4.5186         -52209.9331    -85192.1349         0.0000         0.0000     10851.2795        -126374.8634       300.0749   -137226.1429   -126536.6669       298.2731            417.3216       410.9604    185318.7231         4.4889         4.1625

WRITING EXTENDED SYSTEM TO RESTART FILE AT STEP 4810000
WRITING COORDINATES TO DCD FILE ../output/02_eq_4_CLKWWW.0.dcd AT STEP 4810000
WRITING COORDINATES TO RESTART FILE AT STEP 4810000
FINISHED WRITING RESTART COORDINATES
WRITING VELOCITIES TO RESTART FILE AT STEP 4810000
FINISHED WRITING RESTART VELOCITIES
PRESSURE: 4820000 2327.15 -90.5814 -418.384 -90.5802 -1625.78 -295.005 -418.387 -295.004 -268.164
GPRESSURE: 4820000 2317.57 -129.208 -487.502 -80.8492 -1629.52 -232.723 -332.601 -333.067 -250.403
PRESSAVG: 4820000 1945.91 15.4133 -15.1295 15.4133 -1906.38 -44.7741 -15.1295 -44.7741 -35.1394
GPRESSAVG: 4820000 1939.67 -9.91886 -6.95835 28.349 -1906.16 -47.9806 -41.7656 -41.9523 -29.5077
TIMING: 4820000  CPU: 4361.81, 0.0009032/step  Wall: 4362.6, 0.000903409/step, 382.551 ns/days, 0.0451705 hours remaining, 0.000000 MB of memory in use.
PERFORMANCE: 4820000  averaging 381.836 ns/day, 0.0009051 sec/step with standard deviation 3.2561e-06
ENERGY: 4820000        30.4333        66.0425        60.2374         2.3845         -51717.2336    -85480.5926         0.0000         0.0000     10828.1317        -126210.5969       299.4347   -137038.7286   -126520.3210       298.2812            144.4028       145.8834    185415.2419         1.4640         1.3333

WRITING EXTENDED SYSTEM TO RESTART FILE AT STEP 4820000
WRITING COORDINATES TO DCD FILE ../output/02_eq_4_CLKWWW.0.dcd AT STEP 4820000
WRITING COORDINATES TO RESTART FILE AT STEP 4820000
FINISHED WRITING RESTART COORDINATES
WRITING VELOCITIES TO RESTART FILE AT STEP 4820000
FINISHED WRITING RESTART VELOCITIES
PRESSURE: 4830000 1761.88 -288.662 -67.4531 -288.663 -2002.35 -121.034 -67.456 -121.032 -263.196
GPRESSURE: 4830000 1796.32 -256.732 -89.7798 -264.773 -2006.72 -131.847 -121.054 -133.239 -279.021
PRESSAVG: 4830000 1958.91 -0.282781 -6.37037 -0.282781 -1908.12 -49.8945 -6.37037 -49.8945 -7.38281
GPRESSAVG: 4830000 1956.78 -19.1714 -3.97311 11.5651 -1910.13 -50.3655 -32.4262 -38.8427 -3.45371
TIMING: 4830000  CPU: 4370.89, 0.000907269/step  Wall: 4371.67, 0.000907305/step, 380.908 ns/days, 0.042845 hours remaining, 0.000000 MB of memory in use.
PERFORMANCE: 4830000  averaging 381.835 ns/day, 0.000905104 sec/step with standard deviation 3.25426e-06
ENERGY: 4830000        37.6373        70.1549        59.2621         2.4438         -52163.3457    -85444.9904         0.0000         0.0000     10824.2962        -126614.5417       299.3287   -137438.8379   -126527.6802       298.2595           -167.8865      -163.1401    184155.2775        14.4714        14.3967

WRITING EXTENDED SYSTEM TO RESTART FILE AT STEP 4830000
WRITING COORDINATES TO DCD FILE ../output/02_eq_4_CLKWWW.0.dcd AT STEP 4830000
WRITING COORDINATES TO RESTART FILE AT STEP 4830000
FINISHED WRITING RESTART COORDINATES
WRITING VELOCITIES TO RESTART FILE AT STEP 4830000
FINISHED WRITING RESTART VELOCITIES
PRESSURE: 4840000 2158.18 -36.3339 -43.9237 -36.3318 -1379.95 159.134 -43.9223 159.133 58.6333
GPRESSURE: 4840000 2203.52 -90.6198 18.9214 -72.2285 -1396.06 182.733 -45.0069 207.177 25.0748
PRESSAVG: 4840000 1929.45 -10.5094 -2.04889 -10.5094 -1915.84 -49.6965 -2.04889 -49.6965 -13.3739
GPRESSAVG: 4840000 1932.02 -35.8588 7.56001 3.64608 -1920.14 -49.9473 -28.4406 -34.2713 -12.1923
TIMING: 4840000  CPU: 4379.94, 0.000905404/step  Wall: 4380.73, 0.000905559/step, 381.643 ns/days, 0.0402471 hours remaining, 0.000000 MB of memory in use.
PERFORMANCE: 4840000  averaging 381.834 ns/day, 0.000905105 sec/step with standard deviation 3.25096e-06
ENERGY: 4840000        34.9377        79.0414        63.5781         2.1459         -52413.1030    -85203.4930         0.0000         0.0000     10776.8906        -126660.0023       298.0178   -137436.8929   -126529.9839       298.3578            278.9532       277.5121    185093.8533         0.0780        -0.1038

WRITING EXTENDED SYSTEM TO RESTART FILE AT STEP 4840000
WRITING COORDINATES TO DCD FILE ../output/02_eq_4_CLKWWW.0.dcd AT STEP 4840000
WRITING COORDINATES TO RESTART FILE AT STEP 4840000
FINISHED WRITING RESTART COORDINATES
WRITING VELOCITIES TO RESTART FILE AT STEP 4840000
FINISHED WRITING RESTART VELOCITIES
PRESSURE: 4850000 2126.35 143.527 251.518 143.529 -1595.45 -642.34 251.518 -642.342 -335.454
GPRESSURE: 4850000 2070.13 130.706 208.635 112.983 -1621.1 -548.712 263.771 -698.76 -247.351
PRESSAVG: 4850000 1930.95 -5.5444 2.31021 -5.5444 -1927.77 -83.0594 2.31021 -83.0594 -72.3812
GPRESSAVG: 4850000 1931.09 -31.1578 10.7108 9.13021 -1931.03 -83.7301 -18.6439 -70.528 -69.024
TIMING: 4850000  CPU: 4388.95, 0.000901265/step  Wall: 4389.74, 0.000901322/step, 383.437 ns/days, 0.0375551 hours remaining, 0.000000 MB of memory in use.
PERFORMANCE: 4850000  averaging 381.837 ns/day, 0.000905097 sec/step with standard deviation 3.25214e-06
ENERGY: 4850000        44.3067        78.7479        58.4773         1.7590         -52271.4802    -85252.2155         0.0000         0.0000     10687.4128        -126652.9919       295.5434   -137340.4048   -126528.1566       298.2556             65.1484        67.2284    183333.1923       -23.0690       -22.9900

WRITING EXTENDED SYSTEM TO RESTART FILE AT STEP 4850000
WRITING COORDINATES TO DCD FILE ../output/02_eq_4_CLKWWW.0.dcd AT STEP 4850000
WRITING COORDINATES TO RESTART FILE AT STEP 4850000
FINISHED WRITING RESTART COORDINATES
WRITING VELOCITIES TO RESTART FILE AT STEP 4850000
FINISHED WRITING RESTART VELOCITIES
PRESSURE: 4860000 2099.29 -253.506 82.2851 -253.504 -2219.55 266.29 82.2866 266.289 101.399
GPRESSURE: 4860000 2071.25 -162.92 53.0624 -266.735 -2152.24 318.698 -46.9637 174.962 52.0868
PRESSAVG: 4860000 1932.47 -18.3783 13.2541 -18.3783 -1954.34 -50.6781 13.2541 -50.6781 -64.8094
GPRESSAVG: 4860000 1931.73 -39.8653 15.2117 -0.823089 -1953.33 -51.0535 -7.59491 -46.7785 -64.4984
TIMING: 4860000  CPU: 4397.97, 0.000902044/step  Wall: 4398.77, 0.00090223/step, 383.051 ns/days, 0.0350867 hours remaining, 0.000000 MB of memory in use.
PERFORMANCE: 4860000  averaging 381.84 ns/day, 0.000905091 sec/step with standard deviation 3.25139e-06
ENERGY: 4860000        35.6391        87.5440        56.4936         1.2828         -52084.5198    -85368.6508         0.0000         0.0000     10750.9376        -126521.2735       297.3001   -137272.2111   -126516.6948       298.4066             -6.2888        -9.6336    184267.8034       -28.8928       -28.6999

WRITING EXTENDED SYSTEM TO RESTART FILE AT STEP 4860000
WRITING COORDINATES TO DCD FILE ../output/02_eq_4_CLKWWW.0.dcd AT STEP 4860000
WRITING COORDINATES TO RESTART FILE AT STEP 4860000
FINISHED WRITING RESTART COORDINATES
WRITING VELOCITIES TO RESTART FILE AT STEP 4860000
FINISHED WRITING RESTART VELOCITIES
PRESSURE: 4870000 2442.1 -38.6059 -119.249 -38.6043 -1761.96 -118.396 -119.25 -118.396 237.98
GPRESSURE: 4870000 2428.67 66.5602 -222.062 -146.029 -1745.22 -55.8154 57.2845 -169.8 235.69
PRESSAVG: 4870000 1945.6 -14.5337 11.8911 -14.5337 -1952.44 -68.3402 11.8911 -68.3402 -39.2468
GPRESSAVG: 4870000 1942.38 -31.6087 6.17258 0.821729 -1953.18 -64.8154 4.74933 -65.5957 -35.4306
TIMING: 4870000  CPU: 4406.98, 0.00090086/step  Wall: 4407.77, 0.000900915/step, 383.61 ns/days, 0.032533 hours remaining, 0.000000 MB of memory in use.
PERFORMANCE: 4870000  averaging 381.844 ns/day, 0.000905083 sec/step with standard deviation 3.25355e-06
ENERGY: 4870000        32.7869        69.4119        62.7968         7.5014         -52196.1463    -85229.1935         0.0000         0.0000     10871.9235        -126380.9193       300.6457   -137252.8428   -126504.8098       298.3990            306.0392       306.3796    184686.0360       -15.3626       -15.4087

WRITING EXTENDED SYSTEM TO RESTART FILE AT STEP 4870000
WRITING COORDINATES TO DCD FILE ../output/02_eq_4_CLKWWW.0.dcd AT STEP 4870000
WRITING COORDINATES TO RESTART FILE AT STEP 4870000
FINISHED WRITING RESTART COORDINATES
WRITING VELOCITIES TO RESTART FILE AT STEP 4870000
FINISHED WRITING RESTART VELOCITIES
PRESSURE: 4880000 1381.01 135.902 172.907 135.901 -2154.75 101.201 172.907 101.202 -511.3
GPRESSURE: 4880000 1477.91 264.986 253.47 134.569 -2216.06 62.5414 85.6648 188.953 -546.827
PRESSAVG: 4880000 1901.05 -23.7465 18.569 -23.7465 -1960.68 -77.8658 18.569 -77.8658 -77.0255
GPRESSAVG: 4880000 1904.27 -30.3826 21.9459 -10.8101 -1964.73 -77.0643 9.24332 -70.7402 -76.7019
TIMING: 4880000  CPU: 4415.99, 0.00090097/step  Wall: 4416.78, 0.000900943/step, 383.598 ns/days, 0.0300314 hours remaining, 0.000000 MB of memory in use.
PERFORMANCE: 4880000  averaging 381.847 ns/day, 0.000905074 sec/step with standard deviation 3.2556e-06
ENERGY: 4880000        32.9967        77.7774        60.0784         1.6660         -51810.3016    -85447.3828         0.0000         0.0000     10662.2379        -126422.9279       294.8472   -137085.1658   -126503.8341       298.1431           -428.3475      -428.3267    185853.3584       -45.5505       -45.7199

WRITING EXTENDED SYSTEM TO RESTART FILE AT STEP 4880000
WRITING COORDINATES TO DCD FILE ../output/02_eq_4_CLKWWW.0.dcd AT STEP 4880000
WRITING COORDINATES TO RESTART FILE AT STEP 4880000
FINISHED WRITING RESTART COORDINATES
WRITING VELOCITIES TO RESTART FILE AT STEP 4880000
FINISHED WRITING RESTART VELOCITIES
PRESSURE: 4890000 1876.78 -2.28671 -41.9529 -2.28616 -1813.7 99.5589 -41.9548 99.5576 -754.587
GPRESSURE: 4890000 1896.77 28.0554 104.061 -67.9988 -1797.73 112.321 -88.4782 121.713 -804.735
PRESSAVG: 4890000 1938.31 -14.5127 20.2684 -14.5127 -1915.35 -72.4523 20.2684 -72.4523 -102.155
GPRESSAVG: 4890000 1941.28 -18.9314 29.4102 -9.60467 -1920.56 -71.7168 11.1401 -61.0521 -101.158
TIMING: 4890000  CPU: 4425.01, 0.000901694/step  Wall: 4425.8, 0.000901949/step, 383.17 ns/days, 0.0275596 hours remaining, 0.000000 MB of memory in use.
PERFORMANCE: 4890000  averaging 381.85 ns/day, 0.000905068 sec/step with standard deviation 3.25534e-06
ENERGY: 4890000        27.9777        71.8181        58.5949         2.3392         -52066.3276    -85373.1192         0.0000         0.0000     10821.5474        -126457.1695       299.2527   -137278.7169   -126499.2028       298.0496           -230.5026      -235.2312    184336.7742       -26.3979       -26.8098

WRITING EXTENDED SYSTEM TO RESTART FILE AT STEP 4890000
WRITING COORDINATES TO DCD FILE ../output/02_eq_4_CLKWWW.0.dcd AT STEP 4890000
WRITING COORDINATES TO RESTART FILE AT STEP 4890000
FINISHED WRITING RESTART COORDINATES
WRITING VELOCITIES TO RESTART FILE AT STEP 4890000
FINISHED WRITING RESTART VELOCITIES
PRESSURE: 4900000 2035.3 -17.1017 56.7205 -17.1017 -2333.97 280.614 56.7229 280.616 119.117
GPRESSURE: 4900000 2057.44 0.0273372 -140.87 -16.2989 -2345.36 453.729 137.047 199.692 116.209
PRESSAVG: 4900000 1995.12 -4.95699 32.4136 -4.95699 -1895.65 -55.3878 32.4136 -55.3878 -120.422
GPRESSAVG: 4900000 1999.81 -10.091 29.153 -1.40076 -1902.77 -39.1521 28.1353 -51.3392 -119.081
TIMING: 4900000  CPU: 4434.02, 0.000901544/step  Wall: 4434.82, 0.000901667/step, 383.29 ns/days, 0.0250463 hours remaining, 0.000000 MB of memory in use.
PERFORMANCE: 4900000  averaging 381.853 ns/day, 0.000905061 sec/step with standard deviation 3.25563e-06
ETITLE:      TS           BOND          ANGLE          DIHED          IMPRP               ELECT            VDW       BOUNDARY           MISC        KINETIC               TOTAL           TEMP      POTENTIAL       TOTALAVG        TEMPAVG            PRESSURE      GPRESSURE         VOLUME       PRESSAVG      GPRESSAVG

ENERGY: 4900000        18.5359        75.7161        52.4998         2.8145         -52214.0116    -85254.6759         0.0000         0.0000     10822.6061        -126496.5151       299.2819   -137319.1212   -126501.0972       298.1000            -59.8495       -57.2370    184952.7639        -6.9854        -7.3481

WRITING EXTENDED SYSTEM TO RESTART FILE AT STEP 4900000
WRITING COORDINATES TO DCD FILE ../output/02_eq_4_CLKWWW.0.dcd AT STEP 4900000
WRITING COORDINATES TO RESTART FILE AT STEP 4900000
FINISHED WRITING RESTART COORDINATES
WRITING VELOCITIES TO RESTART FILE AT STEP 4900000
FINISHED WRITING RESTART VELOCITIES
PRESSURE: 4910000 1783.43 -149.21 -135.427 -149.213 -1891.08 206.87 -135.429 206.872 1382.41
GPRESSURE: 4910000 1796.21 -99.7648 -72.8401 -321.427 -1867.15 198.215 -111.776 134.875 1337.66
PRESSAVG: 4910000 2005.61 -5.15225 18.7525 -5.15225 -1899.64 -48.209 18.7525 -48.209 -27.3427
GPRESSAVG: 4910000 2008.73 -6.1086 21.8601 -12.0523 -1904.03 -33.6654 15.7883 -50.0176 -27.9054
TIMING: 4910000  CPU: 4443.06, 0.000903706/step  Wall: 4443.86, 0.000903924/step, 382.333 ns/days, 0.0225981 hours remaining, 0.000000 MB of memory in use.
PERFORMANCE: 4910000  averaging 381.854 ns/day, 0.000905059 sec/step with standard deviation 3.25272e-06
ENERGY: 4910000        36.3627        79.7735        52.9673         2.7710         -52379.7600    -85257.2793         0.0000         0.0000     10826.3424        -126638.8224       299.3853   -137465.1647   -126505.9671       298.0984            424.9219       422.2363    183540.8290        26.2098        25.5981

WRITING EXTENDED SYSTEM TO RESTART FILE AT STEP 4910000
WRITING COORDINATES TO DCD FILE ../output/02_eq_4_CLKWWW.0.dcd AT STEP 4910000
WRITING COORDINATES TO RESTART FILE AT STEP 4910000
FINISHED WRITING RESTART COORDINATES
WRITING VELOCITIES TO RESTART FILE AT STEP 4910000
FINISHED WRITING RESTART VELOCITIES
PRESSURE: 4920000 2091.87 -272.951 -77.0907 -272.951 -1562.78 -305.413 -77.0906 -305.414 114.637
GPRESSURE: 4920000 2073.47 -296.779 -174.694 -244.487 -1550.24 -379.015 79.5711 -308.095 107.941
PRESSAVG: 4920000 2023.13 -26.8709 9.48727 -26.8709 -1881.74 -45.5354 9.48727 -45.5354 -2.98928
GPRESSAVG: 4920000 2028.14 -32.6451 3.52565 -31.974 -1885.58 -34.0461 10.1584 -46.8207 -6.699
TIMING: 4920000  CPU: 4452.06, 0.000899646/step  Wall: 4452.86, 0.00089982/step, 384.077 ns/days, 0.019996 hours remaining, 0.000000 MB of memory in use.
PERFORMANCE: 4920000  averaging 381.858 ns/day, 0.000905048 sec/step with standard deviation 3.25797e-06
ENERGY: 4920000        33.1074        88.0153        56.6956         1.2017         -51866.4973    -85469.2773         0.0000         0.0000     10781.8977        -126374.8568       298.1562   -137156.7545   -126492.6896       298.1605            214.5779       210.3919    184709.8781        46.1321        45.2890

WRITING EXTENDED SYSTEM TO RESTART FILE AT STEP 4920000
WRITING COORDINATES TO DCD FILE ../output/02_eq_4_CLKWWW.0.dcd AT STEP 4920000
WRITING COORDINATES TO RESTART FILE AT STEP 4920000
FINISHED WRITING RESTART COORDINATES
WRITING VELOCITIES TO RESTART FILE AT STEP 4920000
FINISHED WRITING RESTART VELOCITIES
PRESSURE: 4930000 2210.39 322.58 274.075 322.578 -1794.23 135.911 274.076 135.909 550.319
GPRESSURE: 4930000 2156.28 345.742 266.453 341.559 -1766.59 134.413 297.314 136.186 558.55
PRESSAVG: 4930000 2024.82 -22.1201 10.0486 -22.1201 -1885.05 -30.4996 10.0486 -30.4996 43.2288
GPRESSAVG: 4930000 2025.08 -22.3936 6.53189 -28.6177 -1885.89 -23.0885 10.5266 -30.5634 40.4031
TIMING: 4930000  CPU: 4461.06, 0.000900133/step  Wall: 4461.86, 0.000900303/step, 383.871 ns/days, 0.0175059 hours remaining, 0.000000 MB of memory in use.
PERFORMANCE: 4930000  averaging 381.862 ns/day, 0.000905038 sec/step with standard deviation 3.26167e-06
ENERGY: 4930000        32.9079        83.9531        58.1900         3.2465         -51913.4353    -85475.2262         0.0000         0.0000     10890.1403        -126320.2236       301.1495   -137210.3640   -126481.9269       298.3250            322.1613       316.0802    185208.1749        60.9992        59.8658

WRITING EXTENDED SYSTEM TO RESTART FILE AT STEP 4930000
WRITING COORDINATES TO DCD FILE ../output/02_eq_4_CLKWWW.0.dcd AT STEP 4930000
WRITING COORDINATES TO RESTART FILE AT STEP 4930000
FINISHED WRITING RESTART COORDINATES
WRITING VELOCITIES TO RESTART FILE AT STEP 4930000
FINISHED WRITING RESTART VELOCITIES
PRESSURE: 4940000 1957.42 168.066 -130.033 168.065 -2085.95 172.607 -130.035 172.61 -481.044
GPRESSURE: 4940000 2006.87 233.349 -104.555 88.3357 -2058.3 80.3578 -117.898 288.499 -549.412
PRESSAVG: 4940000 1997.51 -4.49295 4.13868 -4.49295 -1914.91 -27.4833 4.13868 -27.4833 -17.6108
GPRESSAVG: 4940000 2001.75 -2.56712 4.93221 -10.3569 -1916.51 -24.1054 11.2964 -25.9108 -22.7014
TIMING: 4940000  CPU: 4470.06, 0.000900481/step  Wall: 4470.87, 0.000900439/step, 383.813 ns/days, 0.0150073 hours remaining, 0.000000 MB of memory in use.
PERFORMANCE: 4940000  averaging 381.866 ns/day, 0.000905029 sec/step with standard deviation 3.26492e-06
ENERGY: 4940000        35.3982        82.3158        52.2917         3.2301         -52286.2205    -85230.7003         0.0000         0.0000     10693.0598        -126650.6252       295.6995   -137343.6850   -126487.0667       298.2401           -203.1892      -200.2802    184500.6599        21.6633        20.8470

WRITING EXTENDED SYSTEM TO RESTART FILE AT STEP 4940000
WRITING COORDINATES TO DCD FILE ../output/02_eq_4_CLKWWW.0.dcd AT STEP 4940000
WRITING COORDINATES TO RESTART FILE AT STEP 4940000
FINISHED WRITING RESTART COORDINATES
WRITING VELOCITIES TO RESTART FILE AT STEP 4940000
FINISHED WRITING RESTART VELOCITIES
PRESSURE: 4950000 1992.09 -89.6062 49.2683 -89.61 -1328.82 75.0178 49.2705 75.0181 419.435
GPRESSURE: 4950000 2008.99 -147.165 164.983 18.6071 -1321.81 103.201 29.2877 55.1777 413.126
PRESSAVG: 4950000 1981.42 -25.4893 -6.47156 -25.4893 -1876.62 -36.9222 -6.47156 -36.9222 -35.9655
GPRESSAVG: 4950000 1986.01 -25.8217 -1.20905 -29.4102 -1877.52 -38.2875 3.60865 -39.3956 -41.5063
TIMING: 4950000  CPU: 4479.08, 0.000901532/step  Wall: 4479.88, 0.000901762/step, 383.25 ns/days, 0.0125245 hours remaining, 0.000000 MB of memory in use.
PERFORMANCE: 4950000  averaging 381.869 ns/day, 0.000905023 sec/step with standard deviation 3.26492e-06
ENERGY: 4950000        32.6446        87.2976        53.9405         2.2382         -51888.8747    -85454.7384         0.0000         0.0000     10665.5766        -126501.9158       294.9395   -137167.4923   -126492.4975       298.0898            360.9003       366.7672    186154.6503        22.9467        22.3269

WRITING EXTENDED SYSTEM TO RESTART FILE AT STEP 4950000
WRITING COORDINATES TO DCD FILE ../output/02_eq_4_CLKWWW.0.dcd AT STEP 4950000
WRITING COORDINATES TO RESTART FILE AT STEP 4950000
FINISHED WRITING RESTART COORDINATES
WRITING VELOCITIES TO RESTART FILE AT STEP 4950000
FINISHED WRITING RESTART VELOCITIES
PRESSURE: 4960000 2339.08 -224.724 -391.737 -224.725 -1294.05 -81.498 -391.738 -81.4976 996.723
GPRESSURE: 4960000 2334.8 -255.492 -413.86 -178.401 -1276.42 61.3495 -441.592 -58.5289 979.568
PRESSAVG: 4960000 1996.19 -44.1147 -31.5061 -44.1147 -1842.16 -25.6489 -31.5061 -25.6489 26.3083
GPRESSAVG: 4960000 2001.73 -38.9934 -28.5726 -49.066 -1843.88 -20.5097 -25.9326 -19.9072 20.3159
TIMING: 4960000  CPU: 4488.11, 0.000903153/step  Wall: 4488.91, 0.000903152/step, 382.66 ns/days, 0.010035 hours remaining, 0.000000 MB of memory in use.
PERFORMANCE: 4960000  averaging 381.871 ns/day, 0.000905019 sec/step with standard deviation 3.2627e-06
ENERGY: 4960000        27.3835        72.9353        51.4003         1.1709         -52319.3017    -85317.1929         0.0000         0.0000     10713.6350        -126769.9696       296.2685   -137483.6046   -126510.2159       297.8624            680.5818       679.3163    183686.1214        60.1120        59.3888

WRITING EXTENDED SYSTEM TO RESTART FILE AT STEP 4960000
WRITING COORDINATES TO DCD FILE ../output/02_eq_4_CLKWWW.0.dcd AT STEP 4960000
WRITING COORDINATES TO RESTART FILE AT STEP 4960000
FINISHED WRITING RESTART COORDINATES
WRITING VELOCITIES TO RESTART FILE AT STEP 4960000
FINISHED WRITING RESTART VELOCITIES
PRESSURE: 4970000 2130.04 49.2517 -108.734 49.2485 -1577.94 -148.684 -108.735 -148.683 364.168
GPRESSURE: 4970000 2109.62 -27.7831 -95.3534 79.242 -1526.96 -246.159 -190.814 -59.6758 335.937
PRESSAVG: 4970000 2020.88 -31.2368 -26.5345 -31.2368 -1807.16 -24.2429 -26.5345 -24.2429 80.7845
GPRESSAVG: 4970000 2026.64 -30.9869 -25.7415 -36.0697 -1807.62 -17.0273 -25.5315 -19.705 73.2639
TIMING: 4970000  CPU: 4497.12, 0.000901052/step  Wall: 4497.93, 0.000901261/step, 383.463 ns/days, 0.00751051 hours remaining, 0.000000 MB of memory in use.
PERFORMANCE: 4970000  averaging 381.874 ns/day, 0.000905011 sec/step with standard deviation 3.26376e-06
ENERGY: 4970000        26.7110        88.4512        55.9629         1.5582         -52172.9251    -85339.5369         0.0000         0.0000     10755.3682        -126584.4104       297.4226   -137339.7786   -126515.2644       297.8254            305.4226       306.2011    183800.6205        98.1677        97.4304

WRITING EXTENDED SYSTEM TO RESTART FILE AT STEP 4970000
WRITING COORDINATES TO DCD FILE ../output/02_eq_4_CLKWWW.0.dcd AT STEP 4970000
WRITING COORDINATES TO RESTART FILE AT STEP 4970000
FINISHED WRITING RESTART COORDINATES
WRITING VELOCITIES TO RESTART FILE AT STEP 4970000
FINISHED WRITING RESTART VELOCITIES
PRESSURE: 4980000 1758.07 134.652 497.386 134.652 -1681.06 -220.332 497.387 -220.333 -578.897
GPRESSURE: 4980000 1742.05 116.358 471.507 108.078 -1736.56 -276.355 485.929 -171.213 -504.896
PRESSAVG: 4980000 2029.47 -16.4521 -5.76011 -16.4521 -1774.58 -34.8707 -5.76011 -34.8707 115.293
GPRESSAVG: 4980000 2035.99 -9.13515 -5.50133 -30.556 -1777.24 -30.0801 0.0910636 -30.8146 109.643
TIMING: 4980000  CPU: 4506.13, 0.000901243/step  Wall: 4506.94, 0.000901324/step, 383.436 ns/days, 0.00500735 hours remaining, 0.000000 MB of memory in use.
PERFORMANCE: 4980000  averaging 381.877 ns/day, 0.000905004 sec/step with standard deviation 3.26466e-06
ENERGY: 4980000        21.4401        64.9620        61.3936         5.5080         -52127.6021    -85468.4410         0.0000         0.0000     10785.2698        -126657.4695       298.2495   -137442.7393   -126523.7575       297.8316           -167.2940      -166.4683    184565.8120       123.3957       122.7999

WRITING EXTENDED SYSTEM TO RESTART FILE AT STEP 4980000
WRITING COORDINATES TO DCD FILE ../output/02_eq_4_CLKWWW.0.dcd AT STEP 4980000
WRITING COORDINATES TO RESTART FILE AT STEP 4980000
FINISHED WRITING RESTART COORDINATES
WRITING VELOCITIES TO RESTART FILE AT STEP 4980000
FINISHED WRITING RESTART VELOCITIES
PRESSURE: 4990000 2129.62 -281.712 -220.625 -281.714 -1820.46 -139.867 -220.628 -139.867 676.437
GPRESSURE: 4990000 2094.76 -210.779 -102.283 -326.452 -1811.14 -146.444 -277.347 -107.498 693.528
PRESSAVG: 4990000 2049.87 -39.4001 -23.5992 -39.4001 -1767.01 -28.7728 -23.5992 -28.7728 92.7763
GPRESSAVG: 4990000 2054.17 -24.7421 -17.6575 -59.6455 -1768.85 -14.9578 -18.8031 -29.0015 89.211
TIMING: 4990000  CPU: 4515.13, 0.000899744/step  Wall: 4515.94, 0.0008999/step, 384.043 ns/days, 0.00249972 hours remaining, 0.000000 MB of memory in use.
PERFORMANCE: 4990000  averaging 381.881 ns/day, 0.000904994 sec/step with standard deviation 3.26938e-06
ENERGY: 4990000        22.8094        78.4492        55.3131         2.1828         -52089.5436    -85226.8420         0.0000         0.0000     10771.3526        -126386.2785       297.8646   -137157.6311   -126518.4895       297.8751            328.5348       325.7187    184688.5696       125.2127       124.8433

WRITING EXTENDED SYSTEM TO RESTART FILE AT STEP 4990000
WRITING COORDINATES TO DCD FILE ../output/02_eq_4_CLKWWW.0.dcd AT STEP 4990000
WRITING COORDINATES TO RESTART FILE AT STEP 4990000
FINISHED WRITING RESTART COORDINATES
WRITING VELOCITIES TO RESTART FILE AT STEP 4990000
FINISHED WRITING RESTART VELOCITIES
PRESSURE: 5000000 2559.22 -211.575 21.3272 -211.575 -1014.17 -157.755 21.3284 -157.758 39.1067
GPRESSURE: 5000000 2556.29 -238.467 -14.2455 -186.079 -1033.12 -174.405 -36.7019 -112.771 56.162
PRESSAVG: 5000000 2075.08 -51.422 -19.371 -51.422 -1714.23 -45.9318 -19.371 -45.9318 106.197
GPRESSAVG: 5000000 2075.49 -37.5717 -14.8279 -67.431 -1711.26 -35.5568 -18.7308 -45.678 100.891
TIMING: 5000000  CPU: 4524.15, 0.000901572/step  Wall: 4524.96, 0.000901653/step, 383.296 ns/days, 0 hours remaining, 0.000000 MB of memory in use.
PERFORMANCE: 5000000  averaging 381.884 ns/day, 0.000904987 sec/step with standard deviation 3.26951e-06
ETITLE:      TS           BOND          ANGLE          DIHED          IMPRP               ELECT            VDW       BOUNDARY           MISC        KINETIC               TOTAL           TEMP      POTENTIAL       TOTALAVG        TEMPAVG            PRESSURE      GPRESSURE         VOLUME       PRESSAVG      GPRESSAVG

ENERGY: 5000000        27.1649        71.5119        55.6999         2.2594         -52567.9830    -85099.3325         0.0000         0.0000     10841.7153        -126668.9641       299.8104   -137510.6794   -126517.2669       298.1336            528.0511       526.4431    184297.4648       155.6829       155.0401

WRITING EXTENDED SYSTEM TO RESTART FILE AT STEP 5000000
WRITING COORDINATES TO DCD FILE ../output/02_eq_4_CLKWWW.0.dcd AT STEP 5000000
WRITING COORDINATES TO RESTART FILE AT STEP 5000000
FINISHED WRITING RESTART COORDINATES
WRITING VELOCITIES TO RESTART FILE AT STEP 5000000
FINISHED WRITING RESTART VELOCITIES
WRITING EXTENDED SYSTEM TO OUTPUT FILE AT STEP 5000000
CLOSING EXTENDED SYSTEM TRAJECTORY FILE
WRITING COORDINATES TO OUTPUT FILE AT STEP 5000000
CLOSING COORDINATE DCD FILE ../output/02_eq_4_CLKWWW.0.dcd
WRITING VELOCITIES TO OUTPUT FILE AT STEP 5000000
====================================================

WallClock: 4527.149902  CPUTime: 4526.140137  Memory: 0.000000 MB
[Partition 0][Node 0] End of program
