Charm++: standalone mode (not using charmrun)
Charm++> Running in Multicore mode: 8 threads (PEs)
Charm++> Using recursive bisection (scheme 3) for topology aware partitions
Converse/Charm++ Commit ID: 
CharmLB> Load balancer assumes all CPUs are same.
Charm++> cpu affinity enabled. 
Charm++> Running on 1 hosts (1 sockets x 12 cores x 1 PUs = 20-way SMP)
Charm++> cpu topology info is gathered in 0.000 seconds.
Info: Built with CUDA version 11080
Pe 6 physical rank 6 will use CUDA device of pe 4
Pe 1 physical rank 1 will use CUDA device of pe 4
Pe 7 physical rank 7 will use CUDA device of pe 4
Pe 2 physical rank 2 will use CUDA device of pe 4
Pe 3 physical rank 3 will use CUDA device of pe 4
Pe 0 physical rank 0 will use CUDA device of pe 4
Pe 5 physical rank 5 will use CUDA device of pe 4
Pe 4 physical rank 4 binding to CUDA device 0 on greedo: 'NVIDIA GeForce RTX 3060'  Mem: 12015MB  Rev: 8.6  PCI: 0:1:0
CharmLB> Load balancing instrumentation for communication is off.
Info: NAMD 3.0.2 for Linux-x86_64-multicore-CUDA
Info: 
Info: Please visit http://www.ks.uiuc.edu/Research/namd/
Info: for updates, documentation, and support information.
Info: 
Info: Please cite Phillips et al., J. Chem. Phys. 153:044130 (2020) doi:10.1063/5.0014475
Info: in all publications reporting results obtained with NAMD.
Info: 
Info: Based on Charm++/Converse 80000 for multicore-linux-x86_64-gcc
Info: Built Wed Aug 27 15:48:11 CDT 2025 by dhardy on athine.ks.uiuc.edu
Info: 1 NAMD  3.0.2  Linux-x86_64-multicore-CUDA  8    greedo  gespinoza
Info: Running on 8 processors, 1 nodes, 1 physical nodes.
Info: CPU topology information available.
Info: Charm++/Converse parallel runtime startup completed at 0.0595462 s
CkLoopLib is used in SMP with simple dynamic scheduling (converse-level notification)
Info: 0 MB of memory in use based on /proc/self/stat
Info: Configuration file is 02_eq_pamam_3_CLKWW.0.namd
Info: Working in the current directory /mnt/data/Londro/CLK-peptids/3_CLKWW/namd
TCL: Suspending until startup complete.
Info: EXTENDED SYSTEM FILE   ../output/01_min_3_CLKWW.0.restart.xsc
Info: Tuning parameters to improve GPU-resident performance
Warning: The Langevin gamma parameters differ over the particles,
Warning: requiring extra work per step to constrain rigid bonds.
Warning: Disabling lonepair support due to incompatability with GPU-resident.
Info: Running with GPU-resident mode
Warning: Always using force tables for GPU nonbonded kernel due to unsupported config parameters.
Info: SIMULATION PARAMETERS:
Info: TIMESTEP               4
Info: NUMBER OF STEPS        5000000
Info: STEPS PER CYCLE        10
Info: PERIODIC CELL BASIS 1  50.463 0 0
Info: PERIODIC CELL BASIS 2  0 54.107 0
Info: PERIODIC CELL BASIS 3  0 0 74.103
Info: PERIODIC CELL CENTER   0 0 0
Info: WRAPPING ALL CLUSTERS AROUND PERIODIC BOUNDARIES ON OUTPUT.
Info: WRAPPING TO IMAGE NEAREST TO PERIODIC CELL CENTER.
Info: LOAD BALANCER  Centralized
Info: LOAD BALANCING STRATEGY  New Load Balancers -- DEFAULT
Info: LDB PERIOD             2000 steps
Info: FIRST LDB TIMESTEP     50
Info: LAST LDB TIMESTEP     -1
Info: LDB BACKGROUND SCALING 1
Info: HOM BACKGROUND SCALING 1
Info: PME BACKGROUND SCALING 1
Info: MIN ATOMS PER PATCH    40
Info: EMPTY PATCH LOAD       40 ATOMS
Info: VELOCITY FILE          ../output/01_min_3_CLKWW.0.restart.vel
Info: CENTER OF MASS MOVING INITIALLY? YES
Info: DIELECTRIC             1
Info: EXCLUDE                SCALED ONE-FOUR
Info: 1-4 ELECTROSTATICS SCALED BY 1
Info: MODIFIED 1-4 VDW PARAMETERS WILL BE USED
Info: DCD FILENAME           ../output/02_eq_3_CLKWW.0.dcd
Info: DCD FREQUENCY          10000
Info: DCD FIRST STEP         10000
Info: DCD FILE WILL CONTAIN UNIT CELL DATA
Info: XST FILENAME           ../output/02_eq_3_CLKWW.0.xst
Info: XST FREQUENCY          10000
Info: NO VELOCITY DCD OUTPUT
Info: NO FORCE DCD OUTPUT
Info: OUTPUT FILENAME        ../output/02_eq_3_CLKWW.0
Info: BINARY OUTPUT FILES WILL BE USED
Info: RESTART FILENAME       ../output/02_eq_3_CLKWW.0.restart
Info: RESTART FREQUENCY      10000
Info: BINARY RESTART FILES WILL BE USED
Info: SWITCHING ACTIVE
Info: VDW FORCE SWITCHING ACTIVE
Info: SWITCHING ON           8
Info: SWITCHING OFF          9
Info: PAIRLIST DISTANCE      11
Info: PAIRLIST SHRINK RATE   0.01
Info: PAIRLIST GROW RATE     0.01
Info: PAIRLIST TRIGGER       0.3
Info: PAIRLISTS PER CYCLE    2
Info: PAIRLISTS ENABLED
Info: MARGIN                 4
Info: HYDROGEN GROUP CUTOFF  2.5
Info: PATCH DIMENSION        17.5
Info: ENERGY OUTPUT STEPS    10000
Info: ENERGY EVALUATION STEPS    10000
Info: OUTPUT ENERGY PRECISION 4
Info: CROSSTERM ENERGY INCLUDED IN DIHEDRAL
Info: TIMING OUTPUT STEPS    10000
Info: PRESSURE OUTPUT STEPS  10000
Info: LANGEVIN DYNAMICS ACTIVE
Info: LANGEVIN TEMPERATURE   300
Info: LANGEVIN USING BBK INTEGRATOR
Info: LANGEVIN DAMPING COEFFICIENT IS 1 INVERSE PS
Info: LANGEVIN DYNAMICS NOT APPLIED TO HYDROGENS
Info: LANGEVIN PISTON PRESSURE CONTROL ACTIVE
Info:        TARGET PRESSURE IS 1.01325 BAR
Info:     OSCILLATION PERIOD IS 400 FS
Info:             DECAY TIME IS 300 FS
Info:     PISTON TEMPERATURE IS 300 K
Info:       PRESSURE CONTROL IS GROUP-BASED
Info:    INITIAL STRAIN RATE IS 0 0 0
Info:       CELL FLUCTUATION IS ANISOTROPIC
Info:     SHAPE OF CELL IS CONSTRAINED IN X-Y PLANE
Info: PARTICLE MESH EWALD (PME) ACTIVE
Info: PME TOLERANCE               1e-06
Info: PME EWALD COEFFICIENT       0.348832
Info: PME INTERPOLATION ORDER     4
Info: PME GRID DIMENSIONS         44 48 64
Info: PME MAXIMUM GRID SPACING    1.2
Info: PME CALCULATION WILL BE PERFORMED ON GPU
Info: FULL ELECTROSTATIC EVALUATION FREQUENCY      1
Info: USING VERLET I (r-RESPA) MTS SCHEME.
Info: C1 SPLITTING OF LONG RANGE ELECTROSTATICS
Info: PLACING ATOMS IN PATCHES BY HYDROGEN GROUPS
Info: RIGID BONDS TO HYDROGEN : ALL
Info:         ERROR TOLERANCE : 1e-08
Info:          MAX ITERATIONS : 100
Info: RIGID WATER USING SETTLE ALGORITHM
Info: RANDOM NUMBER SEED     1768669017
Info: USE HYDROGEN BONDS?    NO
Info: COORDINATE PDB         ../build/final-sist-3_CLKWW_ion.pdb
Info: STRUCTURE FILE         ../build/repart_3_CLKWW.psf
Info: PARAMETER file: CHARMM format! 
Info: PARAMETERS             ../parameters/par_all36_prot_lipid_water_ions.prm
Info: PARAMETERS             ../parameters/par_all36_prot_lipid_water_ions_hyp.prm
Info: PARAMETERS             ../parameters/par_all36_cgenff.prm
Info: PARAMETERS             ../parameters/par_all36_prot.prm
Info: PARAMETERS             ../parameters/toppar_water_ions_cgenff.str
Info: PARAMETERS             ../parameters/par_interface.prm
Info: PARAMETERS             ../parameters/par_all36_carb.prm
Info: PARAMETERS             ../parameters/par_all36_na.prm
Info: PARAMETERS             ../parameters/par_all36_cgenff_edit_gold.prm
Info: USING ARITHMETIC MEAN TO COMBINE L-J SIGMA PARAMETERS
Info: BINARY COORDINATES     ../output/01_min_3_CLKWW.0.restart.coor
Info: SKIPPING rtf SECTION IN STREAM FILE

Warning: DUPLICATE BOND ENTRY FOR CG2O7-OG2D5
PREVIOUS VALUES  k=986  x0=1.16
   USING VALUES  k=986  x0=1.17

Warning: DUPLICATE BOND ENTRY FOR CG331-NG2S3
PREVIOUS VALUES  k=261  x0=1.49
   USING VALUES  k=266  x0=1.46

Warning: DUPLICATE DIHEDRAL ENTRY FOR CG2R61-CG2R61-OG301-CG331
PREVIOUS VALUES MULTIPLICITY: 1
  k=1.74  n=2  delta=180
Warning: IDENTICAL PERIODICITY! REPLACING OLD VALUES BY: 
  k=1.58  n=2  delta=180
Warning: DUPLICATE vdW ENTRY FOR CG1T1
PREVIOUS VALUES  sigma=3.33196 epsilon=0.17 sigma14=3.33196 epsilon14=0.17
   USING VALUES  sigma=3.27851 epsilon=0.167 sigma14=3.27851 epsilon14=0.167
Warning: DUPLICATE vdW ENTRY FOR CLGR1
PREVIOUS VALUES  sigma=3.43887 epsilon=0.32 sigma14=3.43887 epsilon14=0.32
   USING VALUES  sigma=3.31414 epsilon=0.23 sigma14=3.31414 epsilon14=0.23
Warning: DUPLICATE vdW ENTRY FOR BRGR1
PREVIOUS VALUES  sigma=3.68832 epsilon=0.42 sigma14=3.68832 epsilon14=0.42
   USING VALUES  sigma=3.52796 epsilon=0.32 sigma14=3.52796 epsilon14=0.32
Warning: DUPLICATE vdW ENTRY FOR IGR1
PREVIOUS VALUES  sigma=3.90214 epsilon=0.55 sigma14=3.90214 epsilon14=0.55
   USING VALUES  sigma=3.99123 epsilon=0.52 sigma14=3.99123 epsilon14=0.52
Info: SUMMARY OF PARAMETERS:
Info: 2648 BONDS
Info: 10579 ANGLES
Info: 37618 DIHEDRAL
Info: 737 IMPROPER
Info: 18 CROSSTERM
Info: 802 VDW
Info: 77 VDW_PAIRS
Info: 0 NBTHOLE_PAIRS
Info: TIME FOR READING PSF FILE: 0.068388
Info: Reading pdb file ../build/final-sist-3_CLKWW_ion.pdb
Info: TIME FOR READING PDB FILE: 0.00993196
Info: 
Info: ****************************
Info: STRUCTURE SUMMARY:
Info: 16988 ATOMS
Info: 9778 BONDS
Info: 5026 ANGLES
Info: 282 DIHEDRALS
Info: 9 IMPROPERS
Info: 3 CROSSTERMS
Info: 0 EXCLUSIONS
Info: 14559 RIGID BONDS
Info: 36405 DEGREES OF FREEDOM
Info: 7265 HYDROGEN GROUPS
Info: 4 ATOMS IN LARGEST HYDROGEN GROUP
Info: 7265 MIGRATION GROUPS
Info: 4 ATOMS IN LARGEST MIGRATION GROUP
Info: TOTAL MASS = 555885 amu
Info: TOTAL CHARGE = 1.86265e-08 e
Info: MASS DENSITY = 4.56228 g/cm^3
Info: ATOM DENSITY = 0.0839615 atoms/A^3
Info: *****************************
Info: Reading from binary file ../output/01_min_3_CLKWW.0.restart.coor
Info: 
Info: Entering startup at 2.03292 s, 0 MB of memory in use
Info: Startup phase 0 took 4.5925e-05 s, 0 MB of memory in use
Info: ADDED 15070 IMPLICIT EXCLUSIONS
Info: Startup phase 1 took 0.00904077 s, 0 MB of memory in use
Info: NONBONDED TABLE R-SQUARED SPACING: 0.0625
Info: NONBONDED TABLE SIZE: 705 POINTS
Info: INCONSISTENCY IN FAST TABLE ENERGY VS FORCE: 0.000290481 AT 0.251946
Info: INCONSISTENCY IN SCOR TABLE ENERGY VS FORCE: 0.000238233 AT 8.9687
Info: INCONSISTENCY IN VDWA TABLE ENERGY VS FORCE: 0.0040507 AT 0.251946
Info: ABSOLUTE IMPRECISION IN VDWB TABLE ENERGY: 2.06795e-25 AT 8.99653
Info: RELATIVE IMPRECISION IN VDWB TABLE ENERGY: 1.11702e-16 AT 8.99653
Info: INCONSISTENCY IN VDWB TABLE ENERGY VS FORCE: 0.00150189 AT 0.251946
Info: Startup phase 2 took 0.00306901 s, 0 MB of memory in use
Info: Startup phase 3 took 3.0818e-05 s, 0 MB of memory in use
Info: Startup phase 4 took 8.0786e-05 s, 0 MB of memory in use
Info: Startup phase 5 took 3.2075e-05 s, 0 MB of memory in use
Info: PATCH GRID IS 2 (PERIODIC) BY 3 (PERIODIC) BY 4 (PERIODIC)
Info: PATCH GRID IS 1-AWAY BY 1-AWAY BY 1-AWAY
Info: Reading from binary file ../output/01_min_3_CLKWW.0.restart.vel
Info: LARGEST PATCH (23) HAS 825 ATOMS
Info: TORUS A SIZE 1 USING 0
Info: TORUS B SIZE 1 USING 0
Info: TORUS C SIZE 1 USING 0
Info: TORUS MINIMAL MESH SIZE IS 1 BY 1 BY 1
Info: Placed 100% of base nodes on same physical node as patch
Info: Startup phase 6 took 0.00456159 s, 0 MB of memory in use
Info: Use 3D box decompostion in PME FFT.
Info: PME using 1 x 1 x 1 pencil grid for FFT and reciprocal sum.
Info: Startup phase 7 took 9.8581e-05 s, 0 MB of memory in use
Info: Updated CUDA force table with 4096 elements.
Info: Updated CUDA LJ table with 484 x 484 elements.
Info: Startup phase 8 took 0.00206066 s, 0 MB of memory in use
Info: Startup phase 9 took 3.7548e-05 s, 0 MB of memory in use
Info: Startup phase 10 took 2.8728e-05 s, 0 MB of memory in use
Info: Startup phase 11 took 0.00161132 s, 0 MB of memory in use
LDB: Central LB being created...
Info: Startup phase 12 took 0.0012507 s, 0 MB of memory in use
Info: CREATING 568 COMPUTE OBJECTS
Info: Found 66 unique exclusion lists needing 172 bytes
Info: useSync: 0 useProxySync: 0
Info: Startup phase 13 took 0.0103972 s, 0 MB of memory in use
Info: Startup phase 14 took 3.4065e-05 s, 0 MB of memory in use
Info: Startup phase 15 took 1.5678e-05 s, 0 MB of memory in use
Info: Finished startup at 2.06531 s, 0 MB of memory in use

PRESSURE: 0 14965.6 -81.7926 -68.781 -81.7936 9501.28 12.7376 -68.7795 12.7384 -4933.95
GPRESSURE: 0 14965.7 -81.7031 -68.7831 -81.8013 9501.28 12.5976 -68.8199 12.7924 -4934.05
ETITLE:      TS           BOND          ANGLE          DIHED          IMPRP               ELECT            VDW       BOUNDARY           MISC        KINETIC               TOTAL           TEMP      POTENTIAL       TOTALAVG        TEMPAVG            PRESSURE      GPRESSURE         VOLUME       PRESSAVG      GPRESSAVG

ENERGY:       0         6.0043        24.4632        39.3914         0.5640         -65410.6931    -83705.6978         0.0000         0.0000         0.0000        -149045.9681         0.0000   -149045.9681   -149045.9681         0.0000           6510.9797      6510.9752    202330.9454      6510.9797      6510.9752

OPENING EXTENDED SYSTEM TRAJECTORY FILE
Info: Initial time: 8 CPUs 0.000980814 s/step 352.36 ns/day 0 MB memory
Info: Initial time: 8 CPUs 0.000941477 s/step 367.083 ns/day 0 MB memory
Info: Initial time: 8 CPUs 0.000945854 s/step 365.384 ns/day 0 MB memory
Info: Benchmark time: 8 CPUs 0.000963803 s/step 358.58 ns/day 0 MB memory
Info: Benchmark time: 8 CPUs 0.000944858 s/step 365.769 ns/day 0 MB memory
Info: Benchmark time: 8 CPUs 0.000954862 s/step 361.937 ns/day 0 MB memory
Info: Benchmark time: 8 CPUs 0.000955181 s/step 361.816 ns/day 0 MB memory
Info: Benchmark time: 8 CPUs 0.000950115 s/step 363.745 ns/day 0 MB memory
Info: Benchmark time: 8 CPUs 0.000979054 s/step 352.994 ns/day 0 MB memory
PRESSURE: 10000 2187.83 158.835 -66.6485 158.835 -1374.19 -22.5563 -66.6482 -22.5558 349.116
GPRESSURE: 10000 2170.96 226.535 -107.753 221.251 -1361.32 -64.1002 -52.1059 65.6002 365.921
PRESSAVG: 10000 8576.72 38.521 -67.7139 38.521 4063.54 -4.90873 -67.7139 -4.90873 -2292.42
GPRESSAVG: 10000 8568.33 72.416 -88.2681 69.7248 4069.98 -25.7513 -60.4629 39.1963 -2284.06
TIMING: 10000  CPU: 9.01924, 0.000899874/step  Wall: 9.01976, 0.000899867/step, 384.057 ns/days, 1.24732 hours remaining, 0.000000 MB of memory in use.
PERFORMANCE: 10000  averaging 384.057 ns/day, 0.000899867 sec/step with standard deviation 0
ENERGY:   10000        25.4461        59.9031        46.6740         1.8675         -52833.9730    -85078.5280         0.0000         0.0000     10675.1236        -127103.4868       295.1225   -137778.6104   -138074.7274       147.5612            387.5854       391.8555    183470.1156      3449.2825      3451.4153

WRITING EXTENDED SYSTEM TO RESTART FILE AT STEP 10000
OPENING COORDINATE DCD FILE
WRITING COORDINATES TO DCD FILE ../output/02_eq_3_CLKWW.0.dcd AT STEP 10000
WRITING COORDINATES TO RESTART FILE AT STEP 10000
FINISHED WRITING RESTART COORDINATES
The last position output (seq=10000) takes 0.001 seconds, 0.000 MB of memory in use
WRITING VELOCITIES TO RESTART FILE AT STEP 10000
FINISHED WRITING RESTART VELOCITIES
The last velocity output (seq=10000) takes 0.000 seconds, 0.000 MB of memory in use
PRESSURE: 20000 2637.2 -4.86393 -2.08385 -4.86491 -986.943 21.7832 -2.08416 21.7817 503.999
GPRESSURE: 20000 2603.64 22.779 -15.2271 135.7 -998.563 27.7423 47.6554 110.388 545.209
PRESSAVG: 20000 6596.88 24.059 -45.8373 24.059 2380.05 3.98809 -45.8373 3.98809 -1360.28
GPRESSAVG: 20000 6580.1 55.8703 -63.9211 91.7164 2380.47 -7.92009 -24.4235 62.9269 -1340.97
TIMING: 20000  CPU: 18.009, 0.000898976/step  Wall: 18.0102, 0.000899041/step, 384.41 ns/days, 1.24367 hours remaining, 0.000000 MB of memory in use.
PERFORMANCE: 20000  averaging 384.233 ns/day, 0.000899454 sec/step with standard deviation 5.83779e-07
ENERGY:   20000        28.9453        67.0164        45.7242         2.7750         -52549.9537    -85105.4876         0.0000         0.0000     10613.7866        -126897.1938       293.4267   -137510.9804   -134348.8829       196.1831            718.0855       716.7622    184494.5270      2538.8835      2539.8643

WRITING EXTENDED SYSTEM TO RESTART FILE AT STEP 20000
WRITING COORDINATES TO DCD FILE ../output/02_eq_3_CLKWW.0.dcd AT STEP 20000
WRITING COORDINATES TO RESTART FILE AT STEP 20000
FINISHED WRITING RESTART COORDINATES
The last position output (seq=20000) takes 0.001 seconds, 0.000 MB of memory in use
WRITING VELOCITIES TO RESTART FILE AT STEP 20000
FINISHED WRITING RESTART VELOCITIES
The last velocity output (seq=20000) takes 0.000 seconds, 0.000 MB of memory in use
PRESSURE: 30000 1881 -41.6193 -119.224 -41.6203 -1955.66 170.23 -119.222 170.229 -222.47
GPRESSURE: 30000 1971.65 -48.2846 -40.2967 -59.0346 -1972.4 49.4833 -225.222 167.147 -279.47
PRESSAVG: 30000 5417.91 7.63918 -64.1835 7.63918 1296.12 45.5482 -64.1835 45.5482 -1075.83
GPRESSAVG: 30000 5427.99 29.8316 -58.015 54.0286 1292.25 6.43075 -74.623 88.982 -1075.6
TIMING: 30000  CPU: 27.0068, 0.000899778/step  Wall: 27.0085, 0.000899829/step, 384.073 ns/days, 1.24226 hours remaining, 0.000000 MB of memory in use.
PERFORMANCE: 30000  averaging 384.18 ns/day, 0.000899579 sec/step with standard deviation 4.66205e-07
ENERGY:   30000        18.9735        58.0221        45.7424         2.2751         -52296.3260    -85223.7604         0.0000         0.0000     10768.3665        -126626.7069       297.7002   -137395.0733   -132418.3389       221.5624            -99.0422       -93.4055    185645.1177      1879.4021      1881.5469

WRITING EXTENDED SYSTEM TO RESTART FILE AT STEP 30000
WRITING COORDINATES TO DCD FILE ../output/02_eq_3_CLKWW.0.dcd AT STEP 30000
WRITING COORDINATES TO RESTART FILE AT STEP 30000
FINISHED WRITING RESTART COORDINATES
The last position output (seq=30000) takes 0.001 seconds, 0.000 MB of memory in use
WRITING VELOCITIES TO RESTART FILE AT STEP 30000
FINISHED WRITING RESTART VELOCITIES
The last velocity output (seq=30000) takes 0.000 seconds, 0.000 MB of memory in use
PRESSURE: 40000 2207.12 -223.662 63.3691 -223.662 -1692.62 -262.739 63.3673 -262.739 -420.58
GPRESSURE: 40000 2243.29 -135.104 150.173 -198.024 -1671.19 -374.06 -109.31 -218.398 -489.557
PRESSAVG: 40000 4775.75 -38.621 -38.6733 -38.621 698.373 -16.1093 -38.6733 -16.1093 -944.778
GPRESSAVG: 40000 4791.05 -3.15553 -16.3773 3.6182 699.562 -69.6674 -81.5605 27.5059 -958.389
TIMING: 40000  CPU: 35.9843, 0.000897753/step  Wall: 35.9856, 0.000897715/step, 384.978 ns/days, 1.23685 hours remaining, 0.000000 MB of memory in use.
PERFORMANCE: 40000  averaging 384.379 ns/day, 0.000899113 sec/step with standard deviation 1.00686e-06
ENERGY:   40000        20.7533        53.0813        46.4191         1.6930         -52352.9993    -85172.0896         0.0000         0.0000     10576.9481        -126826.1941       292.4083   -137403.1422   -131299.9099       235.7316             31.3068        27.5136    184520.0365      1509.7830      1510.7402

WRITING EXTENDED SYSTEM TO RESTART FILE AT STEP 40000
WRITING COORDINATES TO DCD FILE ../output/02_eq_3_CLKWW.0.dcd AT STEP 40000
WRITING COORDINATES TO RESTART FILE AT STEP 40000
FINISHED WRITING RESTART COORDINATES
The last position output (seq=40000) takes 0.001 seconds, 0.000 MB of memory in use
WRITING VELOCITIES TO RESTART FILE AT STEP 40000
FINISHED WRITING RESTART VELOCITIES
The last velocity output (seq=40000) takes 0.000 seconds, 0.000 MB of memory in use
PRESSURE: 50000 1966.98 116.993 -100.482 116.991 -1504.06 57.6358 -100.48 57.6351 210.905
GPRESSURE: 50000 2009.19 110.882 -137.727 46.6803 -1516.62 54.7893 -14.9139 194.402 156.158
PRESSAVG: 50000 4307.62 -12.6856 -48.9745 -12.6856 331.301 -3.81854 -48.9745 -3.81854 -752.164
GPRESSAVG: 50000 4327.4 15.8507 -36.6022 10.7952 330.197 -48.9246 -70.4527 55.3219 -772.631
TIMING: 50000  CPU: 44.9531, 0.000896882/step  Wall: 44.9554, 0.000896974/step, 385.295 ns/days, 1.23334 hours remaining, 0.000000 MB of memory in use.
PERFORMANCE: 50000  averaging 384.562 ns/day, 0.000898685 sec/step with standard deviation 1.29438e-06
ENERGY:   50000        19.3073        62.2726        48.6790         1.1444         -52251.8443    -85407.6058         0.0000         0.0000     10763.6472        -126764.3997       297.5698   -137528.0469   -130543.9916       246.0379            224.6080       216.2412    185016.3899      1295.5872      1294.9904

WRITING EXTENDED SYSTEM TO RESTART FILE AT STEP 50000
WRITING COORDINATES TO DCD FILE ../output/02_eq_3_CLKWW.0.dcd AT STEP 50000
WRITING COORDINATES TO RESTART FILE AT STEP 50000
FINISHED WRITING RESTART COORDINATES
The last position output (seq=50000) takes 0.001 seconds, 0.000 MB of memory in use
WRITING VELOCITIES TO RESTART FILE AT STEP 50000
FINISHED WRITING RESTART VELOCITIES
The last velocity output (seq=50000) takes 0.000 seconds, 0.000 MB of memory in use
PRESSURE: 60000 2005.43 136.585 58.5555 136.584 -2055.06 -220.538 58.5567 -220.538 159.242
GPRESSURE: 60000 1968.74 104.388 205.199 105.256 -2042.39 -169.662 -50.3688 -192.365 167.492
PRESSAVG: 60000 3978.74 8.63856 -33.6129 8.63856 -9.60851 -34.7785 -33.6129 -34.7785 -621.963
GPRESSAVG: 60000 3990.45 28.4988 -2.05908 24.2896 -8.7439 -66.1728 -67.5836 19.9381 -638.328
TIMING: 60000  CPU: 53.9333, 0.000898013/step  Wall: 53.9367, 0.000898138/step, 384.796 ns/days, 1.23245 hours remaining, 0.000000 MB of memory in use.
PERFORMANCE: 60000  averaging 384.601 ns/day, 0.000898594 sec/step with standard deviation 1.17905e-06
ENERGY:   60000        23.7734        58.8430        42.7436         1.3428         -52234.6476    -85351.8871         0.0000         0.0000     10777.6617        -126682.1704       297.9572   -137459.8320   -129992.3028       253.4550             36.5354        31.2802    184656.0623      1115.7227      1114.4604

WRITING EXTENDED SYSTEM TO RESTART FILE AT STEP 60000
WRITING COORDINATES TO DCD FILE ../output/02_eq_3_CLKWW.0.dcd AT STEP 60000
WRITING COORDINATES TO RESTART FILE AT STEP 60000
FINISHED WRITING RESTART COORDINATES
The last position output (seq=60000) takes 0.001 seconds, 0.000 MB of memory in use
WRITING VELOCITIES TO RESTART FILE AT STEP 60000
FINISHED WRITING RESTART VELOCITIES
PRESSURE: 70000 2227.16 224.306 212.116 224.305 -1108.64 -40.3326 212.116 -40.3342 872.585
GPRESSURE: 70000 2215.24 336.675 163.912 129.065 -1061.1 -137.172 268.089 -89.1025 832.155
PRESSAVG: 70000 3759.79 35.5968 -2.89685 35.5968 -146.988 -35.473 -2.89685 -35.473 -435.145
GPRESSAVG: 70000 3768.55 67.0209 18.6873 37.3865 -140.288 -75.0476 -25.6245 6.30803 -454.517
TIMING: 70000  CPU: 62.9183, 0.000898499/step  Wall: 62.9239, 0.00089872/step, 384.547 ns/days, 1.23075 hours remaining, 0.000000 MB of memory in use.
PERFORMANCE: 70000  averaging 384.593 ns/day, 0.000898612 sec/step with standard deviation 1.07738e-06
ENERGY:   70000        17.4881        63.6351        48.5795         4.0403         -52519.3480    -85049.6596         0.0000         0.0000     10694.7166        -126740.5480       295.6641   -137435.2647   -129585.8335       258.7311            663.7008       662.0993    184038.4817      1059.2199      1057.9152

WRITING EXTENDED SYSTEM TO RESTART FILE AT STEP 70000
WRITING COORDINATES TO DCD FILE ../output/02_eq_3_CLKWW.0.dcd AT STEP 70000
WRITING COORDINATES TO RESTART FILE AT STEP 70000
FINISHED WRITING RESTART COORDINATES
The last position output (seq=70000) takes 0.001 seconds, 0.000 MB of memory in use
WRITING VELOCITIES TO RESTART FILE AT STEP 70000
FINISHED WRITING RESTART VELOCITIES
PRESSURE: 80000 2081.89 -61.6525 8.74908 -61.6531 -2179.19 36.1663 8.74804 36.1637 114.646
GPRESSURE: 80000 2122.65 -99.3478 -34.8703 -114.771 -2177.37 159.08 138.703 -26.3879 77.3649
PRESSAVG: 80000 3573.36 24.7913 -1.60298 24.7913 -372.788 -27.5133 -1.60298 -27.5133 -374.057
GPRESSAVG: 80000 3585.67 48.5355 12.7364 20.4801 -366.63 -49.0334 -7.36586 2.67515 -395.419
TIMING: 80000  CPU: 71.8995, 0.000898126/step  Wall: 71.9071, 0.000898316/step, 384.72 ns/days, 1.2277 hours remaining, 0.000000 MB of memory in use.
PERFORMANCE: 80000  averaging 384.609 ns/day, 0.000898575 sec/step with standard deviation 1.00293e-06
ENERGY:   80000        20.3757        53.8744        43.6754         4.3339         -52310.0429    -85352.9921         0.0000         0.0000     10727.3282        -126813.4474       296.5657   -137540.7756   -129277.7906       262.9350              5.7833         7.5501    185734.4082       942.1714       941.2080

WRITING EXTENDED SYSTEM TO RESTART FILE AT STEP 80000
WRITING COORDINATES TO DCD FILE ../output/02_eq_3_CLKWW.0.dcd AT STEP 80000
WRITING COORDINATES TO RESTART FILE AT STEP 80000
FINISHED WRITING RESTART COORDINATES
The last position output (seq=80000) takes 0.001 seconds, 0.000 MB of memory in use
WRITING VELOCITIES TO RESTART FILE AT STEP 80000
FINISHED WRITING RESTART VELOCITIES
PRESSURE: 90000 2157.69 193.827 191.868 193.829 -1376.59 -161.949 191.867 -161.95 678.169
GPRESSURE: 90000 2194.95 147.679 406.387 225.286 -1457.66 -92.3111 168.683 -261.799 693.601
PRESSAVG: 90000 3431.79 41.6951 17.744 41.6951 -473.168 -40.957 17.744 -40.957 -268.834
GPRESSAVG: 90000 3446.6 58.4499 52.1015 40.9606 -475.733 -53.3612 10.239 -23.7723 -286.517
TIMING: 90000  CPU: 80.8889, 0.000898936/step  Wall: 80.8983, 0.000899116/step, 384.377 ns/days, 1.22629 hours remaining, 0.000000 MB of memory in use.
PERFORMANCE: 90000  averaging 384.583 ns/day, 0.000898635 sec/step with standard deviation 9.55333e-07
ENERGY:   90000        15.9536        71.2670        42.8200         3.2575         -52362.8032    -85210.9877         0.0000         0.0000     10776.0285        -126664.4643       297.9121   -137440.4928   -129016.4579       266.4327            486.4240       476.9621    184394.2749       896.5967       894.7834

WRITING EXTENDED SYSTEM TO RESTART FILE AT STEP 90000
WRITING COORDINATES TO DCD FILE ../output/02_eq_3_CLKWW.0.dcd AT STEP 90000
WRITING COORDINATES TO RESTART FILE AT STEP 90000
FINISHED WRITING RESTART COORDINATES
The last position output (seq=90000) takes 0.001 seconds, 0.000 MB of memory in use
WRITING VELOCITIES TO RESTART FILE AT STEP 90000
FINISHED WRITING RESTART VELOCITIES
PRESSURE: 100000 1488.29 57.9478 310.514 57.9458 -2616.24 -94.5292 310.512 -94.5303 12.8946
GPRESSURE: 100000 1426.67 -40.096 401.499 -21.6941 -2549.33 -135.772 273.206 -192.172 10.6076
PRESSAVG: 100000 3255.11 43.1724 44.3593 43.1724 -667.992 -45.8273 44.3593 -45.8273 -243.223
GPRESSAVG: 100000 3262.97 49.4911 83.8649 35.2648 -664.243 -60.8531 34.145 -39.0813 -259.506
TIMING: 100000  CPU: 89.8789, 0.000899/step  Wall: 89.89, 0.000899176/step, 384.352 ns/days, 1.22388 hours remaining, 0.000000 MB of memory in use.
PERFORMANCE: 100000  averaging 384.56 ns/day, 0.000898689 sec/step with standard deviation 9.16815e-07
ETITLE:      TS           BOND          ANGLE          DIHED          IMPRP               ELECT            VDW       BOUNDARY           MISC        KINETIC               TOTAL           TEMP      POTENTIAL       TOTALAVG        TEMPAVG            PRESSURE      GPRESSURE         VOLUME       PRESSAVG      GPRESSAVG

ENERGY:  100000        20.7219        60.3876        41.1448         2.9888         -52277.1432    -85378.2129         0.0000         0.0000     10843.3792        -126686.7338       299.7740   -137530.1129   -128804.6648       269.4637           -371.6836      -370.6857    184811.6243       781.2985       779.7408

WRITING EXTENDED SYSTEM TO RESTART FILE AT STEP 100000
WRITING COORDINATES TO DCD FILE ../output/02_eq_3_CLKWW.0.dcd AT STEP 100000
WRITING COORDINATES TO RESTART FILE AT STEP 100000
FINISHED WRITING RESTART COORDINATES
The last position output (seq=100000) takes 0.001 seconds, 0.000 MB of memory in use
WRITING VELOCITIES TO RESTART FILE AT STEP 100000
FINISHED WRITING RESTART VELOCITIES
PRESSURE: 110000 2422.28 -131.972 -143.122 -131.972 -1503.06 -98.1024 -143.124 -98.1037 352.558
GPRESSURE: 110000 2411.11 -175 -87.5104 -150.311 -1511.61 -112.036 -169.483 -119.429 371.432
PRESSAVG: 110000 3185.71 28.577 28.7357 28.577 -737.581 -50.1837 28.7357 -50.1837 -193.574
GPRESSAVG: 110000 3191.98 30.7835 69.5836 19.8001 -734.857 -65.1183 17.176 -45.7769 -206.928
TIMING: 110000  CPU: 98.8813, 0.000900236/step  Wall: 98.8941, 0.000900405/step, 383.827 ns/days, 1.22305 hours remaining, 0.000000 MB of memory in use.
PERFORMANCE: 110000  averaging 384.493 ns/day, 0.000898845 sec/step with standard deviation 1.01198e-06
ENERGY:  110000        16.9058        57.6150        45.3951         5.0162         -52236.5432    -85301.9720         0.0000         0.0000     10699.6333        -126713.9498       295.8000   -137413.5831   -128630.4386       271.6584            423.9261       423.6441    185258.7281       751.5174       750.0660

WRITING EXTENDED SYSTEM TO RESTART FILE AT STEP 110000
WRITING COORDINATES TO DCD FILE ../output/02_eq_3_CLKWW.0.dcd AT STEP 110000
WRITING COORDINATES TO RESTART FILE AT STEP 110000
FINISHED WRITING RESTART COORDINATES
WRITING VELOCITIES TO RESTART FILE AT STEP 110000
FINISHED WRITING RESTART VELOCITIES
PRESSURE: 120000 2613.46 206.323 112.393 206.324 -1319.89 -173.345 112.395 -173.343 -568.411
GPRESSURE: 120000 2597.51 182.788 127.22 97.3065 -1342.51 -240.848 244.523 -44.2109 -544.789
PRESSAVG: 120000 3141.69 42.2499 35.171 42.2499 -782.374 -59.6575 35.171 -59.6575 -222.408
GPRESSAVG: 120000 3146.25 42.4762 74.0171 25.7621 -781.6 -78.636 34.6643 -45.6565 -232.917
TIMING: 120000  CPU: 107.86, 0.000897915/step  Wall: 107.875, 0.000898128/step, 384.8 ns/days, 1.21746 hours remaining, 0.000000 MB of memory in use.
PERFORMANCE: 120000  averaging 384.519 ns/day, 0.000898786 sec/step with standard deviation 9.86832e-07
ENERGY:  120000        15.8463        64.6250        45.4178         1.2945         -52511.8634    -85135.4273         0.0000         0.0000     10846.6797        -126673.4274       299.8653   -137520.1071   -128479.8993       273.8281            241.7218       236.7367    185123.5068       712.3024       710.5792

WRITING EXTENDED SYSTEM TO RESTART FILE AT STEP 120000
WRITING COORDINATES TO DCD FILE ../output/02_eq_3_CLKWW.0.dcd AT STEP 120000
WRITING COORDINATES TO RESTART FILE AT STEP 120000
FINISHED WRITING RESTART COORDINATES
WRITING VELOCITIES TO RESTART FILE AT STEP 120000
FINISHED WRITING RESTART VELOCITIES
PRESSURE: 130000 1610.63 211.131 19.671 211.134 -1444.63 -387.966 19.6732 -387.966 512.069
GPRESSURE: 130000 1491.3 164.517 50.1154 172.99 -1262.5 -396.329 -12.4544 -314.378 433.106
PRESSAVG: 130000 3032.33 54.3131 34.064 54.3131 -829.678 -83.1081 34.064 -83.1081 -169.945
GPRESSAVG: 130000 3028.04 51.1934 72.3099 36.2784 -815.949 -101.328 31.2987 -64.8509 -185.344
TIMING: 130000  CPU: 116.893, 0.000903283/step  Wall: 116.908, 0.000903273/step, 382.609 ns/days, 1.22193 hours remaining, 0.000000 MB of memory in use.
PERFORMANCE: 130000  averaging 384.371 ns/day, 0.000899131 sec/step with standard deviation 1.56251e-06
ENERGY:  130000        24.1546        63.0046        45.1314         2.8767         -52610.4243    -84987.7358         0.0000         0.0000     10773.0392        -126689.9536       297.8294   -137462.9928   -128352.0460       275.5425            226.0232       220.6377    184618.2908       677.5682       675.5833

WRITING EXTENDED SYSTEM TO RESTART FILE AT STEP 130000
WRITING COORDINATES TO DCD FILE ../output/02_eq_3_CLKWW.0.dcd AT STEP 130000
WRITING COORDINATES TO RESTART FILE AT STEP 130000
FINISHED WRITING RESTART COORDINATES
WRITING VELOCITIES TO RESTART FILE AT STEP 130000
FINISHED WRITING RESTART VELOCITIES
PRESSURE: 140000 1916 72.3134 208.239 72.3133 -2348.45 -162.244 208.239 -162.243 -427.103
GPRESSURE: 140000 1954.54 174.781 267.018 33.9342 -2357.27 -253.825 122.913 -110.745 -437.978
PRESSAVG: 140000 2957.91 55.5131 45.6757 55.5131 -930.929 -88.3838 45.6757 -88.3838 -187.089
GPRESSAVG: 140000 2956.48 59.4326 85.2904 36.1221 -918.704 -111.495 37.4063 -67.9105 -202.186
TIMING: 140000  CPU: 125.918, 0.000902436/step  Wall: 125.934, 0.000902627/step, 382.882 ns/days, 1.21855 hours remaining, 0.000000 MB of memory in use.
PERFORMANCE: 140000  averaging 384.265 ns/day, 0.00089938 sec/step with standard deviation 1.76825e-06
ENERGY:  140000        26.0775        56.7463        41.9926         1.2211         -52099.4187    -85270.0494         0.0000         0.0000     10917.6162        -126325.8144       301.8264   -137243.4306   -128216.9639       277.2948           -286.5150      -280.2372    184905.3463       613.2959       611.8620

WRITING EXTENDED SYSTEM TO RESTART FILE AT STEP 140000
WRITING COORDINATES TO DCD FILE ../output/02_eq_3_CLKWW.0.dcd AT STEP 140000
WRITING COORDINATES TO RESTART FILE AT STEP 140000
FINISHED WRITING RESTART COORDINATES
WRITING VELOCITIES TO RESTART FILE AT STEP 140000
FINISHED WRITING RESTART VELOCITIES
PRESSURE: 150000 819.904 -560.245 -268.865 -560.245 -2592.42 -192.72 -268.863 -192.72 -78.8165
GPRESSURE: 150000 798.19 -560.764 -306.489 -473.476 -2576.36 -252.75 -286.575 -127.279 -57.7623
PRESSAVG: 150000 2824.28 17.0282 26.0171 17.0282 -1034.77 -94.9048 26.0171 -94.9048 -180.322
GPRESSAVG: 150000 2821.58 20.6703 60.8042 4.27228 -1022.31 -120.323 17.1575 -71.621 -193.16
TIMING: 150000  CPU: 134.903, 0.000898572/step  Wall: 134.922, 0.000898788/step, 384.518 ns/days, 1.21087 hours remaining, 0.000000 MB of memory in use.
PERFORMANCE: 150000  averaging 384.281 ns/day, 0.000899341 sec/step with standard deviation 1.71078e-06
ENERGY:  150000        20.1579        46.0105        42.8299         2.5737         -51961.7802    -85402.4513         0.0000         0.0000     10763.1542        -126489.5052       297.5561   -137252.6595   -128108.9977       278.5611           -617.1104      -611.9789    185540.3594       536.3956       535.3719

WRITING EXTENDED SYSTEM TO RESTART FILE AT STEP 150000
WRITING COORDINATES TO DCD FILE ../output/02_eq_3_CLKWW.0.dcd AT STEP 150000
WRITING COORDINATES TO RESTART FILE AT STEP 150000
FINISHED WRITING RESTART COORDINATES
WRITING VELOCITIES TO RESTART FILE AT STEP 150000
FINISHED WRITING RESTART VELOCITIES
PRESSURE: 160000 2169.88 22.5635 71.5887 22.5624 -1868.12 121.468 71.5898 121.467 151.375
GPRESSURE: 160000 2206.17 8.45168 80.5044 33.0731 -1849.77 147.434 124.55 145.482 86.2137
PRESSAVG: 160000 2785.79 17.3537 28.6978 17.3537 -1083.79 -82.1771 28.6978 -82.1771 -160.81
GPRESSAVG: 160000 2785.38 19.9515 61.963 5.96644 -1070.98 -104.573 23.4747 -58.8502 -176.726
TIMING: 160000  CPU: 143.89, 0.000898655/step  Wall: 143.909, 0.000898675/step, 384.566 ns/days, 1.20822 hours remaining, 0.000000 MB of memory in use.
PERFORMANCE: 160000  averaging 384.299 ns/day, 0.000899299 sec/step with standard deviation 1.66112e-06
ENERGY:  160000        22.4520        57.7295        41.3394         1.0305         -52457.3103    -85298.1884         0.0000         0.0000     10803.9342        -126829.0130       298.6835   -137632.9473   -128033.7045       279.7448            151.0454       147.5405    184415.6266       513.7279       512.5583

WRITING EXTENDED SYSTEM TO RESTART FILE AT STEP 160000
WRITING COORDINATES TO DCD FILE ../output/02_eq_3_CLKWW.0.dcd AT STEP 160000
WRITING COORDINATES TO RESTART FILE AT STEP 160000
FINISHED WRITING RESTART COORDINATES
WRITING VELOCITIES TO RESTART FILE AT STEP 160000
FINISHED WRITING RESTART VELOCITIES
PRESSURE: 170000 1671.14 -66.6603 -100.073 -66.656 -1865.52 91.2074 -100.074 91.2086 -593.677
GPRESSURE: 170000 1582.39 13.2047 -31.9068 -144.899 -1864.14 38.4677 -173.821 164.421 -502.043
PRESSAVG: 170000 2723.86 12.6865 21.5438 12.6865 -1127.22 -72.5445 21.5438 -72.5445 -184.858
GPRESSAVG: 170000 2718.55 19.5767 56.748 -2.41497 -1115.05 -96.6261 12.5138 -46.4463 -194.799
TIMING: 170000  CPU: 152.865, 0.00089754/step  Wall: 152.886, 0.000897653/step, 385.004 ns/days, 1.20435 hours remaining, 0.000000 MB of memory in use.
PERFORMANCE: 170000  averaging 384.341 ns/day, 0.000899203 sec/step with standard deviation 1.65717e-06
ENERGY:  170000        23.8026        58.6733        40.1785         0.5164         -52509.3012    -85180.5199         0.0000         0.0000     10735.9301        -126830.7204       296.8035   -137566.6505   -127966.8721       280.6925           -262.6845      -261.2643    184830.0519       470.5939       469.5682

WRITING EXTENDED SYSTEM TO RESTART FILE AT STEP 170000
WRITING COORDINATES TO DCD FILE ../output/02_eq_3_CLKWW.0.dcd AT STEP 170000
WRITING COORDINATES TO RESTART FILE AT STEP 170000
FINISHED WRITING RESTART COORDINATES
WRITING VELOCITIES TO RESTART FILE AT STEP 170000
FINISHED WRITING RESTART VELOCITIES
PRESSURE: 180000 1560.43 -78.977 -168.021 -78.9757 -2249.86 -179.052 -168.021 -179.052 576.298
GPRESSURE: 180000 1480.72 17.7279 -137.12 -73.4539 -2141.95 -201.552 -124.077 -157.244 539.372
PRESSAVG: 180000 2662.63 7.86219 11.5667 7.86219 -1186.31 -78.1502 11.5667 -78.1502 -144.798
GPRESSAVG: 180000 2653.4 19.4794 46.5444 -6.15386 -1169.09 -102.149 5.3248 -52.2777 -156.159
TIMING: 180000  CPU: 161.854, 0.000898867/step  Wall: 161.875, 0.000898901/step, 384.469 ns/days, 1.20353 hours remaining, 0.000000 MB of memory in use.
PERFORMANCE: 180000  averaging 384.348 ns/day, 0.000899186 sec/step with standard deviation 1.60926e-06
ENERGY:  180000        22.7350        61.6437        44.9671         2.7234         -52370.9990    -85200.7610         0.0000         0.0000     10692.5706        -126747.1202       295.6048   -137439.6908   -127902.6746       281.4774            -37.7124       -40.6191    184543.1550       443.8409       442.7162

WRITING EXTENDED SYSTEM TO RESTART FILE AT STEP 180000
WRITING COORDINATES TO DCD FILE ../output/02_eq_3_CLKWW.0.dcd AT STEP 180000
WRITING COORDINATES TO RESTART FILE AT STEP 180000
FINISHED WRITING RESTART COORDINATES
WRITING VELOCITIES TO RESTART FILE AT STEP 180000
FINISHED WRITING RESTART VELOCITIES
PRESSURE: 190000 1626.55 93.1784 -171.085 93.1799 -2504.74 399.485 -171.081 399.484 190.131
GPRESSURE: 190000 1563.46 51.8497 -46.3595 215.701 -2487.19 410.299 -156.774 264.646 229.611
PRESSAVG: 190000 2610.82 12.1281 2.43428 12.1281 -1252.23 -54.2684 2.43428 -54.2684 -128.051
GPRESSAVG: 190000 2598.9 21.0979 41.8993 4.93887 -1235 -76.5262 -2.78016 -36.4315 -136.87
TIMING: 190000  CPU: 170.851, 0.000899689/step  Wall: 170.874, 0.000899933/step, 384.028 ns/days, 1.20241 hours remaining, 0.000000 MB of memory in use.
PERFORMANCE: 190000  averaging 384.331 ns/day, 0.000899225 sec/step with standard deviation 1.5733e-06
ENERGY:  190000        26.6962        64.8104        48.8063         2.5156         -52261.6103    -85442.1754         0.0000         0.0000     10749.8317        -126811.1254       297.1878   -137560.9571   -127848.0971       282.2629           -229.3533      -231.3725    184349.2931       410.1812       409.0118

WRITING EXTENDED SYSTEM TO RESTART FILE AT STEP 190000
WRITING COORDINATES TO DCD FILE ../output/02_eq_3_CLKWW.0.dcd AT STEP 190000
WRITING COORDINATES TO RESTART FILE AT STEP 190000
FINISHED WRITING RESTART COORDINATES
WRITING VELOCITIES TO RESTART FILE AT STEP 190000
FINISHED WRITING RESTART VELOCITIES
PRESSURE: 200000 1499.8 147.105 366.638 147.104 -2082.54 16.3209 366.635 16.3213 -645.145
GPRESSURE: 200000 1488.75 100.417 241.878 185.668 -2116.29 26.0502 288.87 24.4132 -600.441
PRESSAVG: 200000 1937.53 23.5729 24.205 23.5729 -1831.42 -54.0893 24.205 -54.0893 86.3893
GPRESSAVG: 200000 1925.06 30.2039 57.4323 18.3124 -1815.88 -75.8535 15.1043 -35.8505 79.8102
TIMING: 200000  CPU: 179.839, 0.000898866/step  Wall: 179.863, 0.000898932/step, 384.456 ns/days, 1.19858 hours remaining, 0.000000 MB of memory in use.
PERFORMANCE: 200000  averaging 384.337 ns/day, 0.00089921 sec/step with standard deviation 1.53274e-06
ETITLE:      TS           BOND          ANGLE          DIHED          IMPRP               ELECT            VDW       BOUNDARY           MISC        KINETIC               TOTAL           TEMP      POTENTIAL       TOTALAVG        TEMPAVG            PRESSURE      GPRESSURE         VOLUME       PRESSAVG      GPRESSAVG

ENERGY:  200000        25.5109        61.2967        39.3644         0.5184         -52130.7732    -85477.9037         0.0000         0.0000     10780.4126        -126701.5739       298.0333   -137481.9865   -126730.8774       297.1645           -409.2937      -409.3268    184375.3297        64.1675        62.9967

WRITING EXTENDED SYSTEM TO RESTART FILE AT STEP 200000
WRITING COORDINATES TO DCD FILE ../output/02_eq_3_CLKWW.0.dcd AT STEP 200000
WRITING COORDINATES TO RESTART FILE AT STEP 200000
FINISHED WRITING RESTART COORDINATES
WRITING VELOCITIES TO RESTART FILE AT STEP 200000
FINISHED WRITING RESTART VELOCITIES
PRESSURE: 210000 1463.67 -162.811 -170.138 -162.811 -2128.7 -119.531 -170.138 -119.532 -57.8287
GPRESSURE: 210000 1466.08 -183.667 -86.7065 -145.181 -2196.86 -189.924 -190.998 -109.258 27.8645
PRESSAVG: 210000 1901.33 7.49061 19.0305 7.49061 -1869.15 -58.9381 19.0305 -58.9381 66.042
GPRESSAVG: 210000 1889.81 9.6938 58.4847 -0.00925745 -1857.65 -82.1447 8.15976 -44.5934 62.9074
TIMING: 210000  CPU: 188.834, 0.000899452/step  Wall: 188.858, 0.000899493/step, 384.216 ns/days, 1.19683 hours remaining, 0.000000 MB of memory in use.
PERFORMANCE: 210000  averaging 384.331 ns/day, 0.000899224 sec/step with standard deviation 1.4952e-06
ENERGY:  210000        19.4375        54.5404        40.0300         1.5929         -52105.7992    -85460.4443         0.0000         0.0000     10718.6040        -126732.0387       296.3245   -137450.6427   -126712.3050       297.2246           -240.9516      -234.3068    185202.7963        32.7407        31.6886

WRITING EXTENDED SYSTEM TO RESTART FILE AT STEP 210000
WRITING COORDINATES TO DCD FILE ../output/02_eq_3_CLKWW.0.dcd AT STEP 210000
WRITING COORDINATES TO RESTART FILE AT STEP 210000
FINISHED WRITING RESTART COORDINATES
WRITING VELOCITIES TO RESTART FILE AT STEP 210000
FINISHED WRITING RESTART VELOCITIES
PRESSURE: 220000 1523.63 -176.869 -45.0805 -176.87 -2182.95 171.529 -45.0792 171.529 225.084
GPRESSURE: 220000 1579.66 -276.835 -113.565 -146.115 -2126.47 72.0527 -94.0747 222.297 122.727
PRESSAVG: 220000 1845.65 -1.10964 16.8807 -1.10964 -1928.95 -51.4507 16.8807 -51.4507 52.0963
GPRESSAVG: 220000 1838.61 -5.28687 53.5678 -14.1 -1914.05 -79.9292 1.07325 -38.998 41.7832
TIMING: 220000  CPU: 197.837, 0.000900325/step  Wall: 197.863, 0.000900441/step, 383.812 ns/days, 1.19558 hours remaining, 0.000000 MB of memory in use.
PERFORMANCE: 220000  averaging 384.308 ns/day, 0.000899279 sec/step with standard deviation 1.48204e-06
ENERGY:  220000        21.7512        55.5007        49.6944         2.5468         -52394.1328    -85243.0545         0.0000         0.0000     10769.9208        -126737.7734       297.7432   -137507.6942   -126704.3340       297.4405           -144.7454      -141.3619    184610.2813       -10.4009       -11.2177

WRITING EXTENDED SYSTEM TO RESTART FILE AT STEP 220000
WRITING COORDINATES TO DCD FILE ../output/02_eq_3_CLKWW.0.dcd AT STEP 220000
WRITING COORDINATES TO RESTART FILE AT STEP 220000
FINISHED WRITING RESTART COORDINATES
WRITING VELOCITIES TO RESTART FILE AT STEP 220000
FINISHED WRITING RESTART VELOCITIES
PRESSURE: 230000 1927.45 -100.918 -235.745 -100.917 -1561.81 185.903 -235.749 185.902 25.5983
GPRESSURE: 230000 1939.24 -7.1786 -316.804 -86.0626 -1575.77 74.667 -213.475 291.096 18.3478
PRESSAVG: 230000 1847.97 -4.0745 11.0544 -4.0745 -1909.25 -50.6671 11.0544 -50.6671 64.4997
GPRESSAVG: 230000 1836.99 -3.23158 39.7424 -15.4514 -1894.22 -78.67 1.66058 -32.8005 56.6741
TIMING: 230000  CPU: 206.851, 0.000901378/step  Wall: 206.879, 0.000901643/step, 383.3 ns/days, 1.19468 hours remaining, 0.000000 MB of memory in use.
PERFORMANCE: 230000  averaging 384.264 ns/day, 0.000899382 sec/step with standard deviation 1.52955e-06
ENERGY:  230000        29.8236        51.0042        45.8788         1.5617         -52446.8130    -85140.3010         0.0000         0.0000     10919.3725        -126539.4732       301.8749   -137458.8457   -126699.9723       297.6492            130.4108       127.2733    185214.3277         1.0718        -0.1837

WRITING EXTENDED SYSTEM TO RESTART FILE AT STEP 230000
WRITING COORDINATES TO DCD FILE ../output/02_eq_3_CLKWW.0.dcd AT STEP 230000
WRITING COORDINATES TO RESTART FILE AT STEP 230000
FINISHED WRITING RESTART COORDINATES
WRITING VELOCITIES TO RESTART FILE AT STEP 230000
FINISHED WRITING RESTART VELOCITIES
PRESSURE: 240000 2452.6 98.2298 133.933 98.2296 -1801.72 114.495 133.934 114.496 261.7
GPRESSURE: 240000 2428.81 86.3467 171.365 65.7677 -1804.96 188.789 165.72 -22.5449 302.425
PRESSAVG: 240000 1860.24 12.0201 14.5827 12.0201 -1914.71 -31.8053 14.5827 -31.8053 98.6137
GPRESSAVG: 240000 1846.27 7.84096 40.802 -2.2618 -1900.91 -50.5276 15.4121 -23.0079 96.2732
TIMING: 240000  CPU: 215.865, 0.00090137/step  Wall: 215.893, 0.000901373/step, 383.415 ns/days, 1.19181 hours remaining, 0.000000 MB of memory in use.
PERFORMANCE: 240000  averaging 384.228 ns/day, 0.000899465 sec/step with standard deviation 1.55013e-06
ENERGY:  240000        22.1500        61.3869        44.1394         5.0633         -52554.5494    -85182.8753         0.0000         0.0000     10849.0674        -126755.6178       299.9313   -137604.6852   -126696.4435       298.0253            304.1920       308.7576    184978.6782        14.7161        13.8785

WRITING EXTENDED SYSTEM TO RESTART FILE AT STEP 240000
WRITING COORDINATES TO DCD FILE ../output/02_eq_3_CLKWW.0.dcd AT STEP 240000
WRITING COORDINATES TO RESTART FILE AT STEP 240000
FINISHED WRITING RESTART COORDINATES
WRITING VELOCITIES TO RESTART FILE AT STEP 240000
FINISHED WRITING RESTART VELOCITIES
PRESSURE: 250000 1998.2 -24.2871 264.023 -24.2868 -2031.62 139.111 264.023 139.112 -156.539
GPRESSURE: 250000 1970.73 56.6319 248.517 -134.703 -2084.76 168.52 350.348 225.163 -73.5461
PRESSAVG: 250000 1861.8 4.95617 32.8079 4.95617 -1941.09 -27.7315 32.8079 -27.7315 80.2415
GPRESSAVG: 250000 1844.35 5.12847 60.1141 -11.331 -1929.31 -44.8411 33.6752 -21.4698 84.7879
TIMING: 250000  CPU: 224.884, 0.000901912/step  Wall: 224.914, 0.000902152/step, 383.084 ns/days, 1.19034 hours remaining, 0.000000 MB of memory in use.
PERFORMANCE: 250000  averaging 384.183 ns/day, 0.000899572 sec/step with standard deviation 1.60984e-06
ENERGY:  250000        23.2215        56.4017        49.5563         1.9563         -52210.7362    -85341.7269         0.0000         0.0000     10592.6025        -126828.7248       292.8411   -137421.3273   -126699.6598       297.7889            -63.3187       -62.5282    184746.3493         0.3197        -0.0600

WRITING EXTENDED SYSTEM TO RESTART FILE AT STEP 250000
WRITING COORDINATES TO DCD FILE ../output/02_eq_3_CLKWW.0.dcd AT STEP 250000
WRITING COORDINATES TO RESTART FILE AT STEP 250000
FINISHED WRITING RESTART COORDINATES
WRITING VELOCITIES TO RESTART FILE AT STEP 250000
FINISHED WRITING RESTART VELOCITIES
PRESSURE: 260000 1784.32 -485.216 -217.237 -485.215 -2198.41 9.99645 -217.237 9.99641 433.081
GPRESSURE: 260000 1789 -461.59 -241.361 -448.775 -2207.15 102.292 -248.456 -150.569 440.378
PRESSAVG: 260000 1850.75 -26.1338 19.0182 -26.1338 -1948.25 -16.2047 19.0182 -16.2047 93.9335
GPRESSAVG: 260000 1835.36 -23.1704 37.7861 -39.0325 -1937.55 -31.2434 23.7708 -19.38 98.4322
TIMING: 260000  CPU: 233.88, 0.000899641/step  Wall: 233.912, 0.000899754/step, 384.105 ns/days, 1.18468 hours remaining, 0.000000 MB of memory in use.
PERFORMANCE: 260000  averaging 384.18 ns/day, 0.000899579 sec/step with standard deviation 1.57772e-06
ENERGY:  260000        22.5731        59.0864        42.3337         1.4198         -52301.4180    -85375.1400         0.0000         0.0000     10636.2319        -126914.9130       294.0473   -137551.1449   -126711.2969       297.5934              6.3302         7.4071    184571.4848        -1.1905        -1.2536

WRITING EXTENDED SYSTEM TO RESTART FILE AT STEP 260000
WRITING COORDINATES TO DCD FILE ../output/02_eq_3_CLKWW.0.dcd AT STEP 260000
WRITING COORDINATES TO RESTART FILE AT STEP 260000
FINISHED WRITING RESTART COORDINATES
WRITING VELOCITIES TO RESTART FILE AT STEP 260000
FINISHED WRITING RESTART VELOCITIES
PRESSURE: 270000 2293.86 19.6698 62.4035 19.6716 -1090.41 271.549 62.4045 271.548 903.452
GPRESSURE: 270000 2260.01 -105.19 -30.2855 254.629 -1115.58 289.15 -1.56484 340.358 946.629
PRESSAVG: 270000 1854.08 -36.3654 11.5327 -36.3654 -1947.34 -0.610603 11.5327 -0.610603 95.4768
GPRESSAVG: 270000 1837.6 -45.2637 28.0763 -32.7543 -1940.28 -9.92726 10.2881 2.09301 104.156
TIMING: 270000  CPU: 242.873, 0.000899296/step  Wall: 242.907, 0.000899485/step, 384.22 ns/days, 1.18182 hours remaining, 0.000000 MB of memory in use.
PERFORMANCE: 270000  averaging 384.181 ns/day, 0.000899576 sec/step with standard deviation 1.54719e-06
ENERGY:  270000        18.7478        59.9805        42.9709         3.0492         -52360.5007    -85345.2453         0.0000         0.0000     10693.9796        -126887.0181       295.6437   -137580.9977   -126718.6204       297.5924            702.3008       697.0183    184235.8805         0.7395         0.4923

WRITING EXTENDED SYSTEM TO RESTART FILE AT STEP 270000
WRITING COORDINATES TO DCD FILE ../output/02_eq_3_CLKWW.0.dcd AT STEP 270000
WRITING COORDINATES TO RESTART FILE AT STEP 270000
FINISHED WRITING RESTART COORDINATES
WRITING VELOCITIES TO RESTART FILE AT STEP 270000
FINISHED WRITING RESTART VELOCITIES
PRESSURE: 280000 1591.32 270.036 338.854 270.039 -2229.89 140.202 338.856 140.201 369.64
GPRESSURE: 280000 1603.51 129.178 396.01 418.79 -2203.62 209.657 259.762 228.171 331.608
PRESSAVG: 280000 1829.56 -19.7808 28.0381 -19.7808 -1949.88 4.59126 28.0381 4.59126 108.226
GPRESSAVG: 280000 1811.64 -33.8374 49.6203 -6.07625 -1941.59 -7.39843 16.341 14.821 116.868
TIMING: 280000  CPU: 251.836, 0.000896311/step  Wall: 251.872, 0.000896546/step, 385.48 ns/days, 1.17547 hours remaining, 0.000000 MB of memory in use.
PERFORMANCE: 280000  averaging 384.227 ns/day, 0.000899468 sec/step with standard deviation 1.62269e-06
ENERGY:  280000        22.1416        58.3063        44.1548         1.3562         -52166.5193    -85349.1737         0.0000         0.0000     10868.9285        -126520.8056       300.4804   -137389.7341   -126703.9883       297.7881            -89.6423       -89.5001    184521.9029        -4.0318        -4.3602

WRITING EXTENDED SYSTEM TO RESTART FILE AT STEP 280000
WRITING COORDINATES TO DCD FILE ../output/02_eq_3_CLKWW.0.dcd AT STEP 280000
WRITING COORDINATES TO RESTART FILE AT STEP 280000
FINISHED WRITING RESTART COORDINATES
WRITING VELOCITIES TO RESTART FILE AT STEP 280000
FINISHED WRITING RESTART VELOCITIES
PRESSURE: 290000 1713.47 242.085 383.658 242.088 -2246.23 -4.25576 383.658 -4.25599 449.384
GPRESSURE: 290000 1759.03 303.984 411.125 189.697 -2247.34 -48.6725 155.313 -57.0844 421.495
PRESSAVG: 290000 1807.34 -17.3679 37.6276 -17.3679 -1993.36 12.476 37.6276 12.476 96.7872
GPRESSAVG: 290000 1789.84 -26.0222 49.8572 -7.85568 -1981.07 -5.2165 15.6725 25.0567 103.263
TIMING: 290000  CPU: 260.824, 0.000898725/step  Wall: 260.861, 0.000898868/step, 384.484 ns/days, 1.17602 hours remaining, 0.000000 MB of memory in use.
PERFORMANCE: 290000  averaging 384.236 ns/day, 0.000899447 sec/step with standard deviation 1.59733e-06
ENERGY:  290000        17.0319        51.7357        41.1445         2.1561         -52255.6017    -85354.4924         0.0000         0.0000     10698.0020        -126800.0240       295.7550   -137498.0260   -126710.7663       297.6803            -27.7889       -22.2733    184681.6921       -29.7425       -29.3220

WRITING EXTENDED SYSTEM TO RESTART FILE AT STEP 290000
WRITING COORDINATES TO DCD FILE ../output/02_eq_3_CLKWW.0.dcd AT STEP 290000
WRITING COORDINATES TO RESTART FILE AT STEP 290000
FINISHED WRITING RESTART COORDINATES
WRITING VELOCITIES TO RESTART FILE AT STEP 290000
FINISHED WRITING RESTART VELOCITIES
PRESSURE: 300000 2117.32 -110.844 303.332 -110.842 -1789.59 -114.103 303.331 -114.103 -178.635
GPRESSURE: 300000 2133.13 42.3628 261.443 -226.855 -1734.04 -21.1168 430.407 -170.118 -253.407
PRESSAVG: 300000 1838.8 -25.8073 37.2685 -25.8073 -1952.03 11.4974 37.2685 11.4974 87.2108
GPRESSAVG: 300000 1825.17 -21.8992 42.8544 -18.1137 -1940.31 0.516248 23.5326 26.1594 90.0621
TIMING: 300000  CPU: 269.83, 0.000900691/step  Wall: 269.87, 0.000900883/step, 383.624 ns/days, 1.17615 hours remaining, 0.000000 MB of memory in use.
PERFORMANCE: 300000  averaging 384.216 ns/day, 0.000899495 sec/step with standard deviation 1.59129e-06
ETITLE:      TS           BOND          ANGLE          DIHED          IMPRP               ELECT            VDW       BOUNDARY           MISC        KINETIC               TOTAL           TEMP      POTENTIAL       TOTALAVG        TEMPAVG            PRESSURE      GPRESSURE         VOLUME       PRESSAVG      GPRESSAVG

ENERGY:  300000        16.8792        54.8407        45.8514         1.3287         -52428.4793    -85217.1915         0.0000         0.0000     10787.2224        -126739.5485       298.2215   -137526.7709   -126713.4070       297.6026             49.6967        48.5601    185352.1871        -8.6735        -8.3597

WRITING EXTENDED SYSTEM TO RESTART FILE AT STEP 300000
WRITING COORDINATES TO DCD FILE ../output/02_eq_3_CLKWW.0.dcd AT STEP 300000
WRITING COORDINATES TO RESTART FILE AT STEP 300000
FINISHED WRITING RESTART COORDINATES
WRITING VELOCITIES TO RESTART FILE AT STEP 300000
FINISHED WRITING RESTART VELOCITIES
PRESSURE: 310000 2205.1 34.3923 -80.6604 34.3909 -1917.1 341.858 -80.6588 341.858 -231.042
GPRESSURE: 310000 2197.08 61.6595 -86.3554 39.9752 -1901.89 225.415 -105.573 291.947 -239.543
PRESSAVG: 310000 1827.94 -17.4891 40.3918 -17.4891 -1972.73 33.4954 40.3918 33.4954 58.0308
GPRESSAVG: 310000 1814.46 -10.0662 42.9122 -8.5994 -1959.82 17.3888 26.7281 46.7282 59.5133
TIMING: 310000  CPU: 278.839, 0.000900877/step  Wall: 278.879, 0.000900913/step, 383.611 ns/days, 1.17369 hours remaining, 0.000000 MB of memory in use.
PERFORMANCE: 310000  averaging 384.196 ns/day, 0.000899541 sec/step with standard deviation 1.58513e-06
ENERGY:  310000        20.4943        60.2392        39.3114         2.3460         -52193.9256    -85404.8934         0.0000         0.0000     10786.9842        -126689.4440       298.2149   -137476.4282   -126712.1817       297.7234             18.9879        18.5474    184663.5886       -28.9204       -28.6145

WRITING EXTENDED SYSTEM TO RESTART FILE AT STEP 310000
WRITING COORDINATES TO DCD FILE ../output/02_eq_3_CLKWW.0.dcd AT STEP 310000
WRITING COORDINATES TO RESTART FILE AT STEP 310000
FINISHED WRITING RESTART COORDINATES
WRITING VELOCITIES TO RESTART FILE AT STEP 310000
FINISHED WRITING RESTART VELOCITIES
PRESSURE: 320000 2048.75 89.2336 44.614 89.2359 -1654.31 -204.762 44.6153 -204.76 -168.21
GPRESSURE: 320000 2108.26 91.9479 36.2029 33.365 -1634.45 -150.733 83.2051 -242.134 -237.637
PRESSAVG: 320000 1799.7 -23.3435 37.0028 -23.3435 -1989.45 31.9246 37.0028 31.9246 78.0408
GPRESSAVG: 320000 1790 -14.6082 38.3613 -11.7965 -1974.42 21.8946 18.6622 36.8321 74.8709
TIMING: 320000  CPU: 287.836, 0.000899625/step  Wall: 287.877, 0.000899831/step, 384.072 ns/days, 1.16978 hours remaining, 0.000000 MB of memory in use.
PERFORMANCE: 320000  averaging 384.192 ns/day, 0.00089955 sec/step with standard deviation 1.5602e-06
ENERGY:  320000        28.7755        52.4243        50.2472         2.8828         -52581.5259    -85078.8575         0.0000         0.0000     10858.1101        -126667.9434       300.1813   -137526.0535   -126711.9075       297.7392             75.4126        78.7252    184866.6101       -37.2358       -36.5151

WRITING EXTENDED SYSTEM TO RESTART FILE AT STEP 320000
WRITING COORDINATES TO DCD FILE ../output/02_eq_3_CLKWW.0.dcd AT STEP 320000
WRITING COORDINATES TO RESTART FILE AT STEP 320000
FINISHED WRITING RESTART COORDINATES
WRITING VELOCITIES TO RESTART FILE AT STEP 320000
FINISHED WRITING RESTART VELOCITIES
PRESSURE: 330000 1686.06 65.3555 292.362 65.3565 -2035.21 181.48 292.364 181.479 -638.797
GPRESSURE: 330000 1749.74 38.0253 252.722 35.2902 -2054.09 37.882 290.307 162.103 -681.963
PRESSAVG: 330000 1803.47 -30.6324 50.6373 -30.6324 -2018.98 60.3968 50.6373 60.3968 20.4975
GPRESSAVG: 330000 1802.92 -20.9328 48.4917 -18.6815 -2014 43.6051 33.8002 60.6561 19.1174
TIMING: 330000  CPU: 296.837, 0.000900135/step  Wall: 296.88, 0.000900334/step, 383.858 ns/days, 1.16793 hours remaining, 0.000000 MB of memory in use.
PERFORMANCE: 330000  averaging 384.182 ns/day, 0.000899573 sec/step with standard deviation 1.54168e-06
ENERGY:  330000        22.4471        65.5568        42.3410         2.1573         -52108.3429    -85314.3991         0.0000         0.0000     10574.8603        -126715.3796       292.3506   -137290.2399   -126713.1788       297.4653           -329.3134      -328.7735    185648.5644       -65.0027       -63.9857

WRITING EXTENDED SYSTEM TO RESTART FILE AT STEP 330000
WRITING COORDINATES TO DCD FILE ../output/02_eq_3_CLKWW.0.dcd AT STEP 330000
WRITING COORDINATES TO RESTART FILE AT STEP 330000
FINISHED WRITING RESTART COORDINATES
WRITING VELOCITIES TO RESTART FILE AT STEP 330000
FINISHED WRITING RESTART VELOCITIES
PRESSURE: 340000 2421.44 184.02 -13.806 184.019 -1300.11 90.7545 -13.8039 90.7549 -53.1892
GPRESSURE: 340000 2436.42 122.617 -186.771 182.399 -1209.77 85.285 137.317 152.157 -156.783
PRESSAVG: 340000 1828.75 -25.0471 39.5352 -25.0471 -1966.56 73.0468 39.5352 73.0468 39.1932
GPRESSAVG: 340000 1827.02 -23.541 25.8022 -11.2583 -1956.62 60.5606 34.5204 73.8012 33.1772
TIMING: 340000  CPU: 305.85, 0.000901334/step  Wall: 305.895, 0.000901439/step, 383.387 ns/days, 1.16686 hours remaining, 0.000000 MB of memory in use.
PERFORMANCE: 340000  averaging 384.159 ns/day, 0.000899628 sec/step with standard deviation 1.55148e-06
ENERGY:  340000        22.2713        55.4393        41.2516         2.7751         -52159.7504    -85402.5742         0.0000         0.0000     10611.0012        -126829.5861       293.3497   -137440.5873   -126738.3674       297.0414            356.0497       356.6230    184280.0178       -32.8744       -32.1427

WRITING EXTENDED SYSTEM TO RESTART FILE AT STEP 340000
WRITING COORDINATES TO DCD FILE ../output/02_eq_3_CLKWW.0.dcd AT STEP 340000
WRITING COORDINATES TO RESTART FILE AT STEP 340000
FINISHED WRITING RESTART COORDINATES
WRITING VELOCITIES TO RESTART FILE AT STEP 340000
FINISHED WRITING RESTART VELOCITIES
PRESSURE: 350000 1735.55 -43.9539 72.4434 -43.9539 -2518.06 -39.0261 72.4426 -39.024 348.805
GPRESSURE: 350000 1633.02 -82.3054 8.40613 -136.43 -2445.74 -48.7531 147.381 -2.0618 357.591
PRESSAVG: 350000 1874.53 0.767449 56.6004 0.767449 -1962.84 80.7315 56.6004 80.7315 60.5743
GPRESSAVG: 350000 1868.76 0.381927 41.547 5.594 -1950.09 70.7605 56.2182 80.0621 53.9449
TIMING: 350000  CPU: 314.843, 0.000899289/step  Wall: 314.89, 0.000899523/step, 384.203 ns/days, 1.16188 hours remaining, 0.000000 MB of memory in use.
PERFORMANCE: 350000  averaging 384.16 ns/day, 0.000899625 sec/step with standard deviation 1.52859e-06
ENERGY:  350000        20.0900        57.7439        43.1285         1.5543         -52404.2525    -85236.4615         0.0000         0.0000     10836.3337        -126681.8637       299.5792   -137518.1974   -126747.9853       297.1426           -144.5692      -151.7095    185307.7001        -9.2474        -9.1292

WRITING EXTENDED SYSTEM TO RESTART FILE AT STEP 350000
WRITING COORDINATES TO DCD FILE ../output/02_eq_3_CLKWW.0.dcd AT STEP 350000
WRITING COORDINATES TO RESTART FILE AT STEP 350000
FINISHED WRITING RESTART COORDINATES
WRITING VELOCITIES TO RESTART FILE AT STEP 350000
FINISHED WRITING RESTART VELOCITIES
PRESSURE: 360000 2038.37 156.514 -41.0084 156.513 -1982.82 -15.7989 -41.0097 -15.7967 -215.599
GPRESSURE: 360000 2059.13 104.783 -109.934 146.547 -2014.66 -41.4511 -51.875 -18.8348 -208.494
PRESSAVG: 360000 1867.95 7.465 50.9705 7.465 -1968.58 73.8684 50.9705 73.8684 42.2255
GPRESSAVG: 360000 1861.41 5.19852 32.0251 11.2677 -1958.34 61.3162 47.397 71.8463 39.2095
TIMING: 360000  CPU: 323.837, 0.000899419/step  Wall: 323.886, 0.000899565/step, 384.186 ns/days, 1.15944 hours remaining, 0.000000 MB of memory in use.
PERFORMANCE: 360000  averaging 384.161 ns/day, 0.000899624 sec/step with standard deviation 1.50663e-06
ENERGY:  360000        19.8937        56.6480        45.4227         2.0641         -52344.9684    -85183.5654         0.0000         0.0000     10867.3372        -126537.1680       300.4364   -137404.5052   -126733.3931       297.2302            -53.3503       -54.6761    185793.9986       -19.4671       -19.2400

WRITING EXTENDED SYSTEM TO RESTART FILE AT STEP 360000
WRITING COORDINATES TO DCD FILE ../output/02_eq_3_CLKWW.0.dcd AT STEP 360000
WRITING COORDINATES TO RESTART FILE AT STEP 360000
FINISHED WRITING RESTART COORDINATES
WRITING VELOCITIES TO RESTART FILE AT STEP 360000
FINISHED WRITING RESTART VELOCITIES
PRESSURE: 370000 2003.41 199.564 147.002 199.561 -2202.13 149.797 147.001 149.797 -816.354
GPRESSURE: 370000 1970.05 243.17 131.777 123.716 -2158.79 15.6478 125.375 274.575 -818.467
PRESSAVG: 370000 1884.57 20.7759 63.3242 20.7759 -1985.41 76.7978 63.3242 76.7978 31.0917
GPRESSAVG: 370000 1880.79 16.6968 40.2093 24.6985 -1973.07 60.1752 62.3568 77.354 23.3883
TIMING: 370000  CPU: 332.826, 0.000898874/step  Wall: 332.877, 0.000899171/step, 384.354 ns/days, 1.15643 hours remaining, 0.000000 MB of memory in use.
PERFORMANCE: 370000  averaging 384.166 ns/day, 0.000899611 sec/step with standard deviation 1.48742e-06
ENERGY:  370000        23.8695        51.3010        41.2969         5.8106         -52224.2493    -85376.2277         0.0000         0.0000     10764.9624        -126713.2365       297.6061   -137478.1989   -126727.5189       297.2703           -338.3602      -335.7338    185231.8655       -23.2509       -22.9635

WRITING EXTENDED SYSTEM TO RESTART FILE AT STEP 370000
WRITING COORDINATES TO DCD FILE ../output/02_eq_3_CLKWW.0.dcd AT STEP 370000
WRITING COORDINATES TO RESTART FILE AT STEP 370000
FINISHED WRITING RESTART COORDINATES
WRITING VELOCITIES TO RESTART FILE AT STEP 370000
FINISHED WRITING RESTART VELOCITIES
PRESSURE: 380000 1817.78 -67.0733 -190.05 -67.0749 -2127.7 -114.889 -190.05 -114.888 -265.807
GPRESSURE: 380000 1838.04 -86.4374 -171.141 -20.8232 -2203.48 -159.09 -215.445 -36.8078 -208.421
PRESSAVG: 380000 1897.43 21.3709 62.2228 21.3709 -1979.3 80.0059 62.2228 80.0059 -11.0136
GPRESSAVG: 380000 1898.66 11.4885 38.5082 27.33 -1976.15 62.2984 57.7883 83.3758 -14.0013
TIMING: 380000  CPU: 341.826, 0.000900036/step  Wall: 341.879, 0.00090015/step, 383.936 ns/days, 1.15519 hours remaining, 0.000000 MB of memory in use.
PERFORMANCE: 380000  averaging 384.16 ns/day, 0.000899626 sec/step with standard deviation 1.46979e-06
ENERGY:  380000        27.0898        48.2189        39.2477         1.4026         -52691.3216    -85211.6712         0.0000         0.0000     10830.4422        -126956.5915       299.4164   -137787.0337   -126737.9925       297.4609           -191.9096      -191.2891    184111.1719       -30.9608       -30.4970

WRITING EXTENDED SYSTEM TO RESTART FILE AT STEP 380000
WRITING COORDINATES TO DCD FILE ../output/02_eq_3_CLKWW.0.dcd AT STEP 380000
WRITING COORDINATES TO RESTART FILE AT STEP 380000
FINISHED WRITING RESTART COORDINATES
WRITING VELOCITIES TO RESTART FILE AT STEP 380000
FINISHED WRITING RESTART VELOCITIES
PRESSURE: 390000 2054.06 128.543 171.337 128.54 -2017.58 551.6 171.337 551.599 -459.126
GPRESSURE: 390000 2075.7 -39.6916 125.698 159.582 -2017.7 401.164 154.377 604.478 -476.396
PRESSAVG: 390000 1918.81 23.1389 79.3437 23.1389 -1954.94 87.6117 79.3437 87.6117 -43.4764
GPRESSAVG: 390000 1924.27 6.91144 47.1111 24.5241 -1952.67 61.8416 73.3459 100.367 -49.3017
TIMING: 390000  CPU: 350.819, 0.000899301/step  Wall: 350.874, 0.000899561/step, 384.188 ns/days, 1.15194 hours remaining, 0.000000 MB of memory in use.
PERFORMANCE: 390000  averaging 384.161 ns/day, 0.000899624 sec/step with standard deviation 1.45036e-06
ENERGY:  390000        24.4023        62.7320        44.3297         3.1505         -52581.2533    -85249.1206         0.0000         0.0000     10752.4034        -126943.3560       297.2589   -137695.7594   -126744.6040       297.4645           -140.8811      -139.4633    183919.4328       -26.5372       -25.9015

WRITING EXTENDED SYSTEM TO RESTART FILE AT STEP 390000
WRITING COORDINATES TO DCD FILE ../output/02_eq_3_CLKWW.0.dcd AT STEP 390000
WRITING COORDINATES TO RESTART FILE AT STEP 390000
FINISHED WRITING RESTART COORDINATES
WRITING VELOCITIES TO RESTART FILE AT STEP 390000
FINISHED WRITING RESTART VELOCITIES
PRESSURE: 400000 1973.1 -12.6506 -69.5544 -12.6491 -1885.86 -254.131 -69.5547 -254.132 838.611
GPRESSURE: 400000 1895.94 -61.1279 28.4443 84.1418 -1862.4 -289.48 -171.923 -212.469 899.857
PRESSAVG: 400000 1942.47 15.1513 57.5342 15.1513 -1945.11 74.089 57.5342 74.089 30.7114
GPRESSAVG: 400000 1944.63 -1.16582 36.4394 19.4477 -1939.98 46.0651 50.3062 88.5232 25.7132
TIMING: 400000  CPU: 359.794, 0.00089743/step  Wall: 359.85, 0.000897526/step, 385.059 ns/days, 1.14684 hours remaining, 0.000000 MB of memory in use.
PERFORMANCE: 400000  averaging 384.183 ns/day, 0.000899571 sec/step with standard deviation 1.46957e-06
ETITLE:      TS           BOND          ANGLE          DIHED          IMPRP               ELECT            VDW       BOUNDARY           MISC        KINETIC               TOTAL           TEMP      POTENTIAL       TOTALAVG        TEMPAVG            PRESSURE      GPRESSURE         VOLUME       PRESSAVG      GPRESSAVG

ENERGY:  400000        21.4637        59.4790        44.5478         1.2340         -52260.6402    -85216.9702         0.0000         0.0000     10707.6175        -126643.2684       296.0208   -137350.8859   -126741.6887       297.3639            308.6148       311.1337    184999.8821         9.3582        10.1215

WRITING EXTENDED SYSTEM TO RESTART FILE AT STEP 400000
WRITING COORDINATES TO DCD FILE ../output/02_eq_3_CLKWW.0.dcd AT STEP 400000
WRITING COORDINATES TO RESTART FILE AT STEP 400000
FINISHED WRITING RESTART COORDINATES
WRITING VELOCITIES TO RESTART FILE AT STEP 400000
FINISHED WRITING RESTART VELOCITIES
PRESSURE: 410000 1411.57 7.42 165.101 7.4176 -1852.09 -220.404 165.101 -220.401 6.53803
GPRESSURE: 410000 1423.71 68.0492 186.244 -170.715 -1849.43 -187.365 148.889 -200.235 -7.65593
PRESSAVG: 410000 1939.87 23.6627 74.2962 23.6627 -1931.28 69.0455 74.2962 69.0455 33.9298
GPRESSAVG: 410000 1942.51 11.42 50.087 18.1711 -1922.61 46.193 67.3006 83.9744 23.9372
TIMING: 410000  CPU: 368.778, 0.000898431/step  Wall: 368.836, 0.000898607/step, 384.595 ns/days, 1.14572 hours remaining, 0.000000 MB of memory in use.
PERFORMANCE: 410000  averaging 384.193 ns/day, 0.000899548 sec/step with standard deviation 1.45888e-06
ENERGY:  410000        20.0679        64.2080        38.4208         1.5480         -52310.9395    -85232.9976         0.0000         0.0000     10772.3961        -126647.2962       297.8116   -137419.6923   -126737.4516       297.4382           -144.6588      -144.4599    184778.9971        14.1729        14.6138

WRITING EXTENDED SYSTEM TO RESTART FILE AT STEP 410000
WRITING COORDINATES TO DCD FILE ../output/02_eq_3_CLKWW.0.dcd AT STEP 410000
WRITING COORDINATES TO RESTART FILE AT STEP 410000
FINISHED WRITING RESTART COORDINATES
WRITING VELOCITIES TO RESTART FILE AT STEP 410000
FINISHED WRITING RESTART VELOCITIES
PRESSURE: 420000 2243.1 18.2923 139.692 18.2941 -1235.6 -146.929 139.693 -146.929 281.267
GPRESSURE: 420000 2243.71 197.756 122.844 -109.297 -1217.23 -172.803 69.441 -28.0034 246.108
PRESSAVG: 420000 1975.84 33.4209 83.5348 33.4209 -1883.91 53.1226 83.5348 53.1226 36.7389
GPRESSAVG: 420000 1975.71 35.1496 61.9074 20.0119 -1877.14 33.9502 75.4764 71.4594 30.1063
TIMING: 420000  CPU: 377.778, 0.000899992/step  Wall: 377.838, 0.000900192/step, 383.918 ns/days, 1.14524 hours remaining, 0.000000 MB of memory in use.
PERFORMANCE: 420000  averaging 384.186 ns/day, 0.000899563 sec/step with standard deviation 1.4444e-06
ENERGY:  420000        19.2361        58.8841        42.3761         2.5076         -52626.7130    -85014.8680         0.0000         0.0000     10628.8433        -126889.7339       293.8430   -137518.5771   -126745.0496       297.2432            429.5889       424.1977    184211.1887        42.8896        42.8918

WRITING EXTENDED SYSTEM TO RESTART FILE AT STEP 420000
WRITING COORDINATES TO DCD FILE ../output/02_eq_3_CLKWW.0.dcd AT STEP 420000
WRITING COORDINATES TO RESTART FILE AT STEP 420000
FINISHED WRITING RESTART COORDINATES
WRITING VELOCITIES TO RESTART FILE AT STEP 420000
FINISHED WRITING RESTART VELOCITIES
PRESSURE: 430000 2078.71 -8.97559 -182.302 -8.97532 -1567.4 -181.543 -182.302 -181.543 502.841
GPRESSURE: 430000 2104.77 46.8924 -50.7179 -62.8703 -1597.7 -149.297 -265.927 -143.322 516.603
PRESSAVG: 430000 1983.41 38.018 86.2071 38.018 -1884.19 34.7503 86.2071 34.7503 60.601
GPRESSAVG: 430000 1983.99 37.8531 75.2117 21.1715 -1878.24 22.752 72.8538 49.7385 55.0191
TIMING: 430000  CPU: 386.766, 0.000898831/step  Wall: 386.828, 0.000898991/step, 384.431 ns/days, 1.14122 hours remaining, 0.000000 MB of memory in use.
PERFORMANCE: 430000  averaging 384.192 ns/day, 0.00089955 sec/step with standard deviation 1.42977e-06
ENERGY:  430000        21.2005        55.5381        42.9245         1.1214         -52381.5674    -85204.5762         0.0000         0.0000     10752.3434        -126713.0157       297.2573   -137465.3591   -126753.7267       297.0123            338.0501       341.2245    185406.4051        53.2716        53.5894

WRITING EXTENDED SYSTEM TO RESTART FILE AT STEP 430000
WRITING COORDINATES TO DCD FILE ../output/02_eq_3_CLKWW.0.dcd AT STEP 430000
WRITING COORDINATES TO RESTART FILE AT STEP 430000
FINISHED WRITING RESTART COORDINATES
WRITING VELOCITIES TO RESTART FILE AT STEP 430000
FINISHED WRITING RESTART VELOCITIES
PRESSURE: 440000 2145.64 91.6301 204.706 91.6285 -2053.18 202.902 204.707 202.902 -275.66
GPRESSURE: 440000 2092.87 153.054 128.994 -24.1828 -2000.96 245.211 250.225 192.135 -277.527
PRESSAVG: 440000 1968.06 37.6879 89.7457 37.6879 -1896.76 39.1706 89.7457 39.1706 33.733
GPRESSAVG: 440000 1967.19 41.1885 73.0932 16.674 -1888.04 25.5732 77.079 60.4725 26.0215
TIMING: 440000  CPU: 395.772, 0.000900527/step  Wall: 395.835, 0.00090071/step, 383.697 ns/days, 1.1409 hours remaining, 0.000000 MB of memory in use.
PERFORMANCE: 440000  averaging 384.181 ns/day, 0.000899576 sec/step with standard deviation 1.42383e-06
ENERGY:  440000        24.4533        61.9803        37.9703         2.1617         -52577.4721    -85138.9790         0.0000         0.0000     10682.9120        -126906.9734       295.3378   -137589.8854   -126761.2945       296.7826            -61.0683       -61.8728    184376.4837        35.0085        35.0578

WRITING EXTENDED SYSTEM TO RESTART FILE AT STEP 440000
WRITING COORDINATES TO DCD FILE ../output/02_eq_3_CLKWW.0.dcd AT STEP 440000
WRITING COORDINATES TO RESTART FILE AT STEP 440000
FINISHED WRITING RESTART COORDINATES
WRITING VELOCITIES TO RESTART FILE AT STEP 440000
FINISHED WRITING RESTART VELOCITIES
PRESSURE: 450000 2166.08 -12.2454 -58.7158 -12.245 -1257.86 -281.876 -58.7166 -281.876 259.788
GPRESSURE: 450000 2158.36 29.9312 -61.4317 68.3675 -1270.75 -302.194 -127.567 -355.918 272.4
PRESSAVG: 450000 1976.45 38.29 73.6088 38.29 -1858.08 18.1213 73.6088 18.1213 54.5493
GPRESSAVG: 450000 1976.57 39.8534 57.5958 26.8275 -1847.34 2.03748 53.1833 31.4185 43.3188
TIMING: 450000  CPU: 404.755, 0.00089836/step  Wall: 404.819, 0.000898401/step, 384.684 ns/days, 1.13548 hours remaining, 0.000000 MB of memory in use.
PERFORMANCE: 450000  averaging 384.192 ns/day, 0.00089955 sec/step with standard deviation 1.41842e-06
ENERGY:  450000        25.8638        54.4256        46.7144         3.5305         -51953.9145    -85498.6135         0.0000         0.0000     10731.4548        -126590.5388       296.6798   -137321.9937   -126749.3852       296.9746            389.3359       386.6695    184659.8599        57.6413        57.5177

WRITING EXTENDED SYSTEM TO RESTART FILE AT STEP 450000
WRITING COORDINATES TO DCD FILE ../output/02_eq_3_CLKWW.0.dcd AT STEP 450000
WRITING COORDINATES TO RESTART FILE AT STEP 450000
FINISHED WRITING RESTART COORDINATES
WRITING VELOCITIES TO RESTART FILE AT STEP 450000
FINISHED WRITING RESTART VELOCITIES
PRESSURE: 460000 2293.36 -174.281 103.687 -174.279 -1748.62 211.073 103.687 211.074 742.683
GPRESSURE: 460000 2294.52 -107.208 221.917 -230.15 -1765.06 284.813 106.058 177.223 745.139
PRESSAVG: 460000 2001.9 53.8368 89.6549 53.8368 -1835.59 28.1751 89.6549 28.1751 70.0294
GPRESSAVG: 460000 2001.85 57.5725 80.7596 37.7588 -1825.23 11.1635 70.909 47.808 58.5569
TIMING: 460000  CPU: 413.761, 0.000900586/step  Wall: 413.827, 0.000900861/step, 383.633 ns/days, 1.13609 hours remaining, 0.000000 MB of memory in use.
PERFORMANCE: 460000  averaging 384.18 ns/day, 0.000899579 sec/step with standard deviation 1.41583e-06
ENERGY:  460000        26.5771        57.7533        42.8677         5.0490         -52737.6875    -85068.1013         0.0000         0.0000     10943.6241        -126729.9176       302.5454   -137673.5417   -126740.1355       297.3995            429.1393       424.8665    184908.2610        78.7817        78.3907

WRITING EXTENDED SYSTEM TO RESTART FILE AT STEP 460000
WRITING COORDINATES TO DCD FILE ../output/02_eq_3_CLKWW.0.dcd AT STEP 460000
WRITING COORDINATES TO RESTART FILE AT STEP 460000
FINISHED WRITING RESTART COORDINATES
WRITING VELOCITIES TO RESTART FILE AT STEP 460000
FINISHED WRITING RESTART VELOCITIES
PRESSURE: 470000 2168.28 167.974 237.401 167.97 -1408.32 -252.034 237.402 -252.035 431.809
GPRESSURE: 470000 2115.62 9.36664 319.1 168.211 -1414.89 -217.784 253.692 -307.426 488.044
PRESSAVG: 470000 1995.62 61.2518 98.4048 61.2518 -1851.48 1.99598 98.4048 1.99598 46.4473
GPRESSAVG: 470000 1994.63 63.3003 98.2289 33.4379 -1840.2 -14.1832 83.6718 15.4188 35.6276
TIMING: 470000  CPU: 422.76, 0.000899878/step  Wall: 422.826, 0.000899865/step, 384.057 ns/days, 1.13233 hours remaining, 0.000000 MB of memory in use.
PERFORMANCE: 470000  averaging 384.177 ns/day, 0.000899585 sec/step with standard deviation 1.40098e-06
ENERGY:  470000        21.9005        67.8914        41.8022         1.8934         -52572.6105    -85142.3989         0.0000         0.0000     10836.7284        -126744.7937       299.5902   -137581.5221   -126733.0242       297.5968            397.2560       396.2583    185363.1936        63.5295        63.3527

WRITING EXTENDED SYSTEM TO RESTART FILE AT STEP 470000
WRITING COORDINATES TO DCD FILE ../output/02_eq_3_CLKWW.0.dcd AT STEP 470000
WRITING COORDINATES TO RESTART FILE AT STEP 470000
FINISHED WRITING RESTART COORDINATES
WRITING VELOCITIES TO RESTART FILE AT STEP 470000
FINISHED WRITING RESTART VELOCITIES
PRESSURE: 480000 1949.18 -160.41 69.7291 -160.412 -2111.03 281.526 69.7277 281.525 121.111
GPRESSURE: 480000 1945.32 -288.879 69.0232 -94.6289 -2129.88 285.931 82.0113 370.668 157.378
PRESSAVG: 480000 2013.52 39.7292 84.9484 39.7292 -1845.54 9.06218 84.9484 9.06218 34.0209
GPRESSAVG: 480000 2011.72 42.3975 81.8795 7.76695 -1836.51 -10.3695 74.7843 22.5436 26.9161
TIMING: 480000  CPU: 431.758, 0.00089983/step  Wall: 431.826, 0.000899961/step, 384.017 ns/days, 1.12995 hours remaining, 0.000000 MB of memory in use.
PERFORMANCE: 480000  averaging 384.174 ns/day, 0.000899593 sec/step with standard deviation 1.38706e-06
ENERGY:  480000        28.1281        55.9420        41.9348         1.8121         -52601.9333    -85278.3018         0.0000         0.0000     10873.2309        -126879.1871       300.5993   -137752.4180   -126750.9433       297.6028            -13.5775        -9.0609    185172.1888        67.3327        67.3747

WRITING EXTENDED SYSTEM TO RESTART FILE AT STEP 480000
WRITING COORDINATES TO DCD FILE ../output/02_eq_3_CLKWW.0.dcd AT STEP 480000
WRITING COORDINATES TO RESTART FILE AT STEP 480000
FINISHED WRITING RESTART COORDINATES
WRITING VELOCITIES TO RESTART FILE AT STEP 480000
FINISHED WRITING RESTART VELOCITIES
PRESSURE: 490000 1294.34 -229.844 -182.36 -229.843 -2236.97 8.24981 -182.358 8.25081 -354.273
GPRESSURE: 490000 1385.47 -278.59 -265.625 -118.482 -2307.74 -68.1689 -136.647 25.5601 -374.12
PRESSAVG: 490000 1992.56 16.1327 56.6476 16.1327 -1845.08 9.68752 56.6476 9.68752 -6.16199
GPRESSAVG: 490000 1993.04 13.2688 48.0421 -7.642 -1839.53 -11.3443 60.1863 26.6759 -12.8647
TIMING: 490000  CPU: 440.777, 0.000901878/step  Wall: 440.845, 0.000901897/step, 383.193 ns/days, 1.12988 hours remaining, 0.000000 MB of memory in use.
PERFORMANCE: 490000  averaging 384.154 ns/day, 0.00089964 sec/step with standard deviation 1.41145e-06
ENERGY:  490000        24.6882        58.5686        50.1277         2.4853         -52498.8744    -85208.6006         0.0000         0.0000     10761.7121        -126809.8932       297.5163   -137571.6053   -126751.4368       297.6908           -432.3009      -432.1308    185982.7822        47.1071        46.8818

WRITING EXTENDED SYSTEM TO RESTART FILE AT STEP 490000
WRITING COORDINATES TO DCD FILE ../output/02_eq_3_CLKWW.0.dcd AT STEP 490000
WRITING COORDINATES TO RESTART FILE AT STEP 490000
FINISHED WRITING RESTART COORDINATES
WRITING VELOCITIES TO RESTART FILE AT STEP 490000
FINISHED WRITING RESTART VELOCITIES
PRESSURE: 500000 1781.41 110.065 -36.3266 110.063 -2508.47 321.044 -36.3256 321.046 342.746
GPRESSURE: 500000 1837.4 215.268 -26.5915 21.2073 -2500.89 384.447 -161.431 211.231 295.396
PRESSAVG: 500000 1975.76 27.1779 39.6648 27.1779 -1881.02 31.445 39.6648 31.445 19.907
GPRESSAVG: 500000 1978.26 21.9141 33.6403 4.76112 -1877.88 8.93392 30.5944 45.7433 14.5755
TIMING: 500000  CPU: 449.777, 0.000900054/step  Wall: 449.846, 0.000900115/step, 383.951 ns/days, 1.12514 hours remaining, 0.000000 MB of memory in use.
PERFORMANCE: 500000  averaging 384.15 ns/day, 0.000899649 sec/step with standard deviation 1.39858e-06
ETITLE:      TS           BOND          ANGLE          DIHED          IMPRP               ELECT            VDW       BOUNDARY           MISC        KINETIC               TOTAL           TEMP      POTENTIAL       TOTALAVG        TEMPAVG            PRESSURE      GPRESSURE         VOLUME       PRESSAVG      GPRESSAVG

ENERGY:  500000        28.0982        60.7224        45.4016         1.3339         -52152.4876    -85289.6053         0.0000         0.0000     10908.4316        -126398.1052       301.5724   -137306.5368   -126734.3646       297.8584           -128.1059      -122.6991    185255.3911        38.2170        38.3188

WRITING EXTENDED SYSTEM TO RESTART FILE AT STEP 500000
WRITING COORDINATES TO DCD FILE ../output/02_eq_3_CLKWW.0.dcd AT STEP 500000
WRITING COORDINATES TO RESTART FILE AT STEP 500000
FINISHED WRITING RESTART COORDINATES
WRITING VELOCITIES TO RESTART FILE AT STEP 500000
FINISHED WRITING RESTART VELOCITIES
PRESSURE: 510000 1474.1 164.35 -158.179 164.349 -1802.7 -297.329 -158.18 -297.329 15.0233
GPRESSURE: 510000 1500.39 141.429 -127.246 167.099 -1759.38 -208.495 -295.872 -358.57 -40.6208
PRESSAVG: 510000 1939.21 33.6758 35.7887 33.6758 -1875.3 -0.514346 35.7887 -0.514346 32.2103
GPRESSAVG: 510000 1943.42 25.9025 31.5958 11.1173 -1870.75 -12.7616 21.0794 13.2174 24.5216
TIMING: 510000  CPU: 458.792, 0.000901497/step  Wall: 458.863, 0.000901721/step, 383.267 ns/days, 1.12465 hours remaining, 0.000000 MB of memory in use.
PERFORMANCE: 510000  averaging 384.132 ns/day, 0.00089969 sec/step with standard deviation 1.41459e-06
ENERGY:  510000        26.2076        64.2058        42.1939         1.2994         -52334.1881    -85305.8440         0.0000         0.0000     10560.7779        -126945.3475       291.9613   -137506.1254   -126747.1598       297.5457           -104.5285       -99.8680    184472.7780        32.0412        32.3981

WRITING EXTENDED SYSTEM TO RESTART FILE AT STEP 510000
WRITING COORDINATES TO DCD FILE ../output/02_eq_3_CLKWW.0.dcd AT STEP 510000
WRITING COORDINATES TO RESTART FILE AT STEP 510000
FINISHED WRITING RESTART COORDINATES
WRITING VELOCITIES TO RESTART FILE AT STEP 510000
FINISHED WRITING RESTART VELOCITIES
PRESSURE: 520000 2531.14 142.45 37.4255 142.45 -1722.29 200.157 37.4272 200.159 845.393
GPRESSURE: 520000 2545.94 91.683 104.094 136.987 -1674.6 252.174 30.654 48.6124 798.27
PRESSAVG: 520000 1963.33 36.3365 35.4293 36.3365 -1878.7 19.7316 35.4293 19.7316 82.8904
GPRESSAVG: 520000 1965.31 25.8893 34.9904 16.2984 -1872.76 7.38374 18.4519 27.7547 76.3169
TIMING: 520000  CPU: 467.803, 0.000901078/step  Wall: 467.874, 0.000901106/step, 383.529 ns/days, 1.12138 hours remaining, 0.000000 MB of memory in use.
PERFORMANCE: 520000  averaging 384.121 ns/day, 0.000899717 sec/step with standard deviation 1.41435e-06
ENERGY:  520000        29.0255        58.8024        44.0883         1.8703         -52350.9199    -85291.4459         0.0000         0.0000     10657.8751        -126850.7041       294.6456   -137508.5792   -126756.2978       297.2689            551.4125       556.5393    184974.4466        55.8412        56.2888

WRITING EXTENDED SYSTEM TO RESTART FILE AT STEP 520000
WRITING COORDINATES TO DCD FILE ../output/02_eq_3_CLKWW.0.dcd AT STEP 520000
WRITING COORDINATES TO RESTART FILE AT STEP 520000
FINISHED WRITING RESTART COORDINATES
WRITING VELOCITIES TO RESTART FILE AT STEP 520000
FINISHED WRITING RESTART VELOCITIES
PRESSURE: 530000 1929.44 44.7313 180.57 44.7333 -2145.57 24.1892 180.571 24.1874 193.669
GPRESSURE: 530000 1943.37 35.239 284.029 74.5356 -2136.84 -10.076 113.587 176.617 169.985
PRESSAVG: 530000 1975.5 35.3054 29.8397 35.3054 -1884.22 11.8671 29.8397 11.8671 124.514
GPRESSAVG: 530000 1974.99 25.75 36.5557 18.2607 -1876.89 4.98584 9.61592 28.4804 118.914
TIMING: 530000  CPU: 476.812, 0.000900864/step  Wall: 476.883, 0.000900917/step, 383.609 ns/days, 1.11864 hours remaining, 0.000000 MB of memory in use.
PERFORMANCE: 530000  averaging 384.111 ns/day, 0.00089974 sec/step with standard deviation 1.41035e-06
ENERGY:  530000        28.2351        66.1972        40.5180         2.2552         -52779.4686    -85145.0086         0.0000         0.0000     10968.3225        -126818.9493       303.2282   -137787.2718   -126761.4763       297.8128             -7.4855        -7.8281    183975.2246        71.9326        72.3360

WRITING EXTENDED SYSTEM TO RESTART FILE AT STEP 530000
WRITING COORDINATES TO DCD FILE ../output/02_eq_3_CLKWW.0.dcd AT STEP 530000
WRITING COORDINATES TO RESTART FILE AT STEP 530000
FINISHED WRITING RESTART COORDINATES
WRITING VELOCITIES TO RESTART FILE AT STEP 530000
FINISHED WRITING RESTART VELOCITIES
PRESSURE: 540000 2206.17 96.9461 173.134 96.9488 -1316.3 68.7305 173.136 68.7284 124.323
GPRESSURE: 540000 2169.4 103.015 246.491 46.621 -1299.42 60.069 39.6862 134.654 155.363
PRESSAVG: 540000 1964.74 30.9518 39.1867 30.9518 -1885.03 10.7657 39.1867 10.7657 133.389
GPRESSAVG: 540000 1961.64 24.7699 58.2188 11.4718 -1881.38 3.72504 4.73441 27.6053 134.522
TIMING: 540000  CPU: 485.807, 0.00089954/step  Wall: 485.88, 0.000899729/step, 384.116 ns/days, 1.11466 hours remaining, 0.000000 MB of memory in use.
PERFORMANCE: 540000  averaging 384.111 ns/day, 0.000899739 sec/step with standard deviation 1.39698e-06
ENERGY:  540000        27.4083        56.9797        45.7036         3.0323         -52374.7264    -85191.5457         0.0000         0.0000     10713.8072        -126719.3409       296.1919   -137433.1481   -126755.9640       297.9549            338.0666       341.7802    184614.0880        71.0334        71.5939

WRITING EXTENDED SYSTEM TO RESTART FILE AT STEP 540000
WRITING COORDINATES TO DCD FILE ../output/02_eq_3_CLKWW.0.dcd AT STEP 540000
WRITING COORDINATES TO RESTART FILE AT STEP 540000
FINISHED WRITING RESTART COORDINATES
WRITING VELOCITIES TO RESTART FILE AT STEP 540000
FINISHED WRITING RESTART VELOCITIES
PRESSURE: 550000 2300.31 -70.2057 53.0173 -70.2053 -1892.73 204.314 53.0166 204.313 -132.141
GPRESSURE: 550000 2299.85 -183.048 90.3946 -4.09884 -1908.84 202.84 -37.4857 234.751 -114.792
PRESSAVG: 550000 1992.98 29.6393 38.2154 29.6393 -1853.76 22.9326 38.2154 22.9326 109.342
GPRESSAVG: 550000 1994.98 19.7327 62.3182 18.0884 -1854.53 16.3047 -4.50892 39.4459 110.902
TIMING: 550000  CPU: 494.825, 0.000901818/step  Wall: 494.9, 0.000901994/step, 383.151 ns/days, 1.11496 hours remaining, 0.000000 MB of memory in use.
PERFORMANCE: 550000  averaging 384.094 ns/day, 0.00089978 sec/step with standard deviation 1.41699e-06
ENERGY:  550000        27.9487        68.9204        44.8714         1.1121         -52493.0773    -85250.8332         0.0000         0.0000     10734.4966        -126866.5614       296.7639   -137601.0580   -126765.1989       297.8141             91.8134        92.0738    184869.4878        82.8525        83.7831

WRITING EXTENDED SYSTEM TO RESTART FILE AT STEP 550000
WRITING COORDINATES TO DCD FILE ../output/02_eq_3_CLKWW.0.dcd AT STEP 550000
WRITING COORDINATES TO RESTART FILE AT STEP 550000
FINISHED WRITING RESTART COORDINATES
WRITING VELOCITIES TO RESTART FILE AT STEP 550000
FINISHED WRITING RESTART VELOCITIES
PRESSURE: 560000 1705.97 152.472 295.417 152.47 -2175.51 147.657 295.417 147.658 -286.458
GPRESSURE: 560000 1658.78 178.839 163.103 123.94 -2170.84 149.574 360.37 184.972 -241.94
PRESSAVG: 560000 1976.36 29.4371 55.0368 29.4371 -1863.4 31.1053 55.0368 31.1053 105.799
GPRESSAVG: 560000 1974.96 23.4355 75.9701 16.958 -1862.34 25.856 16.1033 49.6362 109.23
TIMING: 560000  CPU: 503.828, 0.000900228/step  Wall: 503.904, 0.000900322/step, 383.863 ns/days, 1.1104 hours remaining, 0.000000 MB of memory in use.
PERFORMANCE: 560000  averaging 384.09 ns/day, 0.00089979 sec/step with standard deviation 1.40591e-06
ENERGY:  560000        22.1623        64.6158        46.1736         0.8959         -52124.7161    -85459.5448         0.0000         0.0000     10773.6535        -126676.7599       297.8464   -137450.4133   -126772.1785       297.6846           -251.9979      -251.3327    184290.8719        72.9202        73.9502

WRITING EXTENDED SYSTEM TO RESTART FILE AT STEP 560000
WRITING COORDINATES TO DCD FILE ../output/02_eq_3_CLKWW.0.dcd AT STEP 560000
WRITING COORDINATES TO RESTART FILE AT STEP 560000
FINISHED WRITING RESTART COORDINATES
WRITING VELOCITIES TO RESTART FILE AT STEP 560000
FINISHED WRITING RESTART VELOCITIES
PRESSURE: 570000 1793.6 164.736 -145.106 164.736 -1960.78 -25.7374 -145.106 -25.7366 -33.8945
GPRESSURE: 570000 1786.89 92.1191 -84.9953 135.623 -1900.88 78.7946 -224.322 -88.6621 -99.6418
PRESSAVG: 570000 1965.87 27.6958 40.4314 27.6958 -1851.33 22.3287 40.4314 22.3287 144.922
GPRESSAVG: 570000 1965.8 15.8829 65.1315 17.5534 -1849.45 29.0133 -1.38153 31.4744 145.171
TIMING: 570000  CPU: 512.848, 0.000902074/step  Wall: 512.927, 0.000902335/step, 383.006 ns/days, 1.11037 hours remaining, 0.000000 MB of memory in use.
PERFORMANCE: 570000  averaging 384.071 ns/day, 0.000899835 sec/step with standard deviation 1.4335e-06
ENERGY:  570000        22.5885        57.6562        40.9550         3.0848         -52544.1107    -85200.8554         0.0000         0.0000     10862.4798        -126758.2018       300.3021   -137620.6816   -126774.4268       297.8194            -67.0230       -71.2101    185320.2951        86.4870        87.1764

WRITING EXTENDED SYSTEM TO RESTART FILE AT STEP 570000
WRITING COORDINATES TO DCD FILE ../output/02_eq_3_CLKWW.0.dcd AT STEP 570000
WRITING COORDINATES TO RESTART FILE AT STEP 570000
FINISHED WRITING RESTART COORDINATES
WRITING VELOCITIES TO RESTART FILE AT STEP 570000
FINISHED WRITING RESTART VELOCITIES
PRESSURE: 580000 2069.15 -94.0998 -164.751 -94.0984 -1676.71 162.018 -164.752 162.018 637.585
GPRESSURE: 580000 2037.78 -134.341 -175.543 -119 -1635.45 289.927 -187.111 62.6879 617.638
PRESSAVG: 580000 1978.44 26.3447 41.6964 26.3447 -1828.78 36.174 41.6964 36.174 190.092
GPRESSAVG: 580000 1975.79 13.4878 64.9114 12.6445 -1821.04 51.4642 0.0351722 36.4492 186.474
TIMING: 580000  CPU: 521.851, 0.000900231/step  Wall: 521.931, 0.000900407/step, 383.826 ns/days, 1.1055 hours remaining, 0.000000 MB of memory in use.
PERFORMANCE: 580000  averaging 384.066 ns/day, 0.000899845 sec/step with standard deviation 1.42286e-06
ENERGY:  580000        22.4167        65.7473        47.5115         1.7102         -52313.2414    -85298.9844         0.0000         0.0000     10666.7869        -126808.0532       294.8920   -137474.8401   -126766.9999       297.5932            343.3408       339.9891    183826.2038       113.2495       113.7403

WRITING EXTENDED SYSTEM TO RESTART FILE AT STEP 580000
WRITING COORDINATES TO DCD FILE ../output/02_eq_3_CLKWW.0.dcd AT STEP 580000
WRITING COORDINATES TO RESTART FILE AT STEP 580000
FINISHED WRITING RESTART COORDINATES
WRITING VELOCITIES TO RESTART FILE AT STEP 580000
FINISHED WRITING RESTART VELOCITIES
PRESSURE: 590000 1231.07 6.12674 172.712 6.12642 -2278.17 -45.8282 172.713 -45.8274 -636.76
GPRESSURE: 590000 1223.64 -84.3328 96.8843 -59.2703 -2218.78 -19.0394 170.987 -76.4116 -674.971
PRESSAVG: 590000 1937.29 20.224 41.7651 20.224 -1841.81 6.30267 41.7651 6.30267 181.21
GPRESSAVG: 590000 1933.19 11.2557 63.4707 1.70187 -1831.1 30.454 0.865656 2.4047 176.546
TIMING: 590000  CPU: 530.834, 0.000898335/step  Wall: 530.916, 0.000898526/step, 384.63 ns/days, 1.10069 hours remaining, 0.000000 MB of memory in use.
PERFORMANCE: 590000  averaging 384.076 ns/day, 0.000899822 sec/step with standard deviation 1.42095e-06
ENERGY:  590000        26.2701        61.1812        45.9294         1.7998         -52310.6476    -85267.4232         0.0000         0.0000     10729.4113        -126713.4790       296.6233   -137442.8903   -126755.5060       297.5614           -561.2841      -556.7026    184996.3110        92.2294        92.8784

WRITING EXTENDED SYSTEM TO RESTART FILE AT STEP 590000
WRITING COORDINATES TO DCD FILE ../output/02_eq_3_CLKWW.0.dcd AT STEP 590000
WRITING COORDINATES TO RESTART FILE AT STEP 590000
FINISHED WRITING RESTART COORDINATES
WRITING VELOCITIES TO RESTART FILE AT STEP 590000
FINISHED WRITING RESTART VELOCITIES
PRESSURE: 600000 2221.68 -39.0521 187.869 -39.0513 -1821.99 76.8233 187.869 76.8241 587.209
GPRESSURE: 600000 2246.52 -4.96305 206.577 -47.4147 -1864.94 137.373 214.417 78.2483 601.053
PRESSAVG: 600000 1949.71 18.9039 54.6363 18.9039 -1838.61 22.8505 54.6363 22.8505 168.64
GPRESSAVG: 600000 1950.72 14.064 72.3773 -4.87595 -1831.22 51.7967 20.1827 16.9406 161.605
TIMING: 600000  CPU: 539.834, 0.000900025/step  Wall: 539.918, 0.000900165/step, 383.93 ns/days, 1.1002 hours remaining, 0.000000 MB of memory in use.
PERFORMANCE: 600000  averaging 384.073 ns/day, 0.000899828 sec/step with standard deviation 1.40955e-06
ETITLE:      TS           BOND          ANGLE          DIHED          IMPRP               ELECT            VDW       BOUNDARY           MISC        KINETIC               TOTAL           TEMP      POTENTIAL       TOTALAVG        TEMPAVG            PRESSURE      GPRESSURE         VOLUME       PRESSAVG      GPRESSAVG

ENERGY:  600000        22.1955        51.7586        37.9646         0.7445         -52200.9758    -85427.0098         0.0000         0.0000     10871.8691        -126643.4533       300.5616   -137515.3224   -126755.5153       297.7885            328.9646       327.5468    184576.2837        93.2469        93.6990

WRITING EXTENDED SYSTEM TO RESTART FILE AT STEP 600000
WRITING COORDINATES TO DCD FILE ../output/02_eq_3_CLKWW.0.dcd AT STEP 600000
WRITING COORDINATES TO RESTART FILE AT STEP 600000
FINISHED WRITING RESTART COORDINATES
WRITING VELOCITIES TO RESTART FILE AT STEP 600000
FINISHED WRITING RESTART VELOCITIES
PRESSURE: 610000 2158.05 7.48374 -283.971 7.48272 -1378.48 -304.29 -283.969 -304.291 715.31
GPRESSURE: 610000 2148.63 30.0327 -109.901 -121.56 -1387.85 -267.321 -343.444 -320.646 743.639
PRESSAVG: 610000 1987.04 18.9071 32.1828 18.9071 -1814.93 18.656 32.1828 18.656 204.079
GPRESSAVG: 610000 1986.96 12.1631 57.57 -2.4182 -1808.15 47.7989 -4.43393 10.92 199.17
TIMING: 610000  CPU: 548.835, 0.000900031/step  Wall: 548.92, 0.000900242/step, 383.897 ns/days, 1.0978 hours remaining, 0.000000 MB of memory in use.
PERFORMANCE: 610000  averaging 384.07 ns/day, 0.000899835 sec/step with standard deviation 1.39876e-06
ENERGY:  610000        22.1233        63.9790        38.9449         4.9801         -52345.2974    -85096.6316         0.0000         0.0000     10896.4814        -126415.4203       301.2421   -137311.9017   -126743.9215       297.9600            498.2929       501.4734    185931.5581       125.3945       125.9957

WRITING EXTENDED SYSTEM TO RESTART FILE AT STEP 610000
WRITING COORDINATES TO DCD FILE ../output/02_eq_3_CLKWW.0.dcd AT STEP 610000
WRITING COORDINATES TO RESTART FILE AT STEP 610000
FINISHED WRITING RESTART COORDINATES
WRITING VELOCITIES TO RESTART FILE AT STEP 610000
FINISHED WRITING RESTART VELOCITIES
PRESSURE: 620000 1330.43 -0.833988 -250.922 -0.834723 -2492.63 180.176 -250.921 180.173 -326.887
GPRESSURE: 620000 1255.32 8.55043 -238.142 45.844 -2457.71 264.628 -272.461 30.6143 -275.383
PRESSAVG: 620000 1941.41 17.9507 12.6521 17.9507 -1877.79 35.0111 12.6521 35.0111 173.671
GPRESSAVG: 620000 1937.54 2.70284 39.5207 5.33887 -1870.17 69.6705 -21.5291 13.8509 173.096
TIMING: 620000  CPU: 557.85, 0.000901515/step  Wall: 557.937, 0.000901685/step, 383.282 ns/days, 1.09705 hours remaining, 0.000000 MB of memory in use.
PERFORMANCE: 620000  averaging 384.058 ns/day, 0.000899865 sec/step with standard deviation 1.40701e-06
ENERGY:  620000        20.7818        54.7585        42.5672         1.3741         -52234.8556    -85388.0991         0.0000         0.0000     10690.2327        -126813.2404       295.5402   -137503.4731   -126740.0968       298.0448           -496.3626      -492.5910    184881.7435        79.0969        80.1563

WRITING EXTENDED SYSTEM TO RESTART FILE AT STEP 620000
WRITING COORDINATES TO DCD FILE ../output/02_eq_3_CLKWW.0.dcd AT STEP 620000
WRITING COORDINATES TO RESTART FILE AT STEP 620000
FINISHED WRITING RESTART COORDINATES
WRITING VELOCITIES TO RESTART FILE AT STEP 620000
FINISHED WRITING RESTART VELOCITIES
PRESSURE: 630000 2153.81 53.0566 -167.365 53.0569 -2078.67 -70.6961 -167.365 -70.6949 -127.562
GPRESSURE: 630000 2074.09 93.8385 -230.403 43.8883 -2084.47 6.85707 -70.167 -83.5712 -43.9435
PRESSAVG: 630000 1945.16 21.0523 13.3989 21.0523 -1903.35 40.5535 13.3989 40.5535 142.151
GPRESSAVG: 630000 1936.01 5.05014 30.5365 10.6768 -1894.51 77.4781 -11.7411 16.8384 145.068
TIMING: 630000  CPU: 566.868, 0.000901841/step  Wall: 566.957, 0.000901955/step, 383.167 ns/days, 1.09487 hours remaining, 0.000000 MB of memory in use.
PERFORMANCE: 630000  averaging 384.044 ns/day, 0.000899898 sec/step with standard deviation 1.42026e-06
ENERGY:  630000        20.3116        60.8457        38.5328         0.8340         -52198.1519    -85343.9871         0.0000         0.0000     10913.3248        -126508.2900       301.7077   -137421.6148   -126729.8605       298.2674            -17.4741       -18.1078    184539.9480        61.3207        62.1896

WRITING EXTENDED SYSTEM TO RESTART FILE AT STEP 630000
WRITING COORDINATES TO DCD FILE ../output/02_eq_3_CLKWW.0.dcd AT STEP 630000
WRITING COORDINATES TO RESTART FILE AT STEP 630000
FINISHED WRITING RESTART COORDINATES
WRITING VELOCITIES TO RESTART FILE AT STEP 630000
FINISHED WRITING RESTART VELOCITIES
PRESSURE: 640000 2447.97 63.6969 2.13245 63.6973 -1630.2 -53.2701 2.13307 -53.2699 -114.484
GPRESSURE: 640000 2455.1 10.6495 0.155131 175.908 -1714.11 -158.61 -115.856 105.106 -32.9439
PRESSAVG: 640000 1960.28 19.6557 3.27027 19.6557 -1882.2 27.745 3.27027 27.745 150.21
GPRESSAVG: 640000 1954.12 -2.07007 24.0946 20.6814 -1880.17 57.2871 -30.0451 12.4869 157.297
TIMING: 640000  CPU: 575.887, 0.000901923/step  Wall: 575.978, 0.000902133/step, 383.092 ns/days, 1.09258 hours remaining, 0.000000 MB of memory in use.
PERFORMANCE: 640000  averaging 384.029 ns/day, 0.000899933 sec/step with standard deviation 1.43638e-06
ENERGY:  640000        25.7354        61.7282        42.6275         2.7363         -52176.9136    -85455.9447         0.0000         0.0000     10822.5550        -126677.4760       299.1983   -137500.0310   -126718.3856       298.4604            234.4301       236.0165    184318.6478        76.0956        77.0841

WRITING EXTENDED SYSTEM TO RESTART FILE AT STEP 640000
WRITING COORDINATES TO DCD FILE ../output/02_eq_3_CLKWW.0.dcd AT STEP 640000
WRITING COORDINATES TO RESTART FILE AT STEP 640000
FINISHED WRITING RESTART COORDINATES
WRITING VELOCITIES TO RESTART FILE AT STEP 640000
FINISHED WRITING RESTART VELOCITIES
PRESSURE: 650000 1640.12 72.9943 136.215 72.9942 -2421.94 215.608 136.216 215.61 -753.019
GPRESSURE: 650000 1619.64 45.9597 156.552 120.742 -2398.48 207.409 81.7886 130.248 -751.078
PRESSAVG: 650000 1933.98 23.9177 13.0169 23.9177 -1940.4 52.6192 13.0169 52.6192 99.5693
GPRESSAVG: 650000 1927.18 -1.26864 34.9938 23.3001 -1936.55 82.7672 -19.5773 36.7953 106.124
TIMING: 650000  CPU: 584.948, 0.000906104/step  Wall: 585.041, 0.000906318/step, 381.323 ns/days, 1.09513 hours remaining, 0.000000 MB of memory in use.
PERFORMANCE: 650000  averaging 383.987 ns/day, 0.000900031 sec/step with standard deviation 1.63039e-06
ENERGY:  650000        28.4695        64.9205        42.1540         2.6603         -52180.2888    -85317.0685         0.0000         0.0000     10663.7523        -126695.4007       294.8081   -137359.1531   -126723.6287       298.3668           -511.6134      -509.9722    185553.5942        31.0481        32.2520

WRITING EXTENDED SYSTEM TO RESTART FILE AT STEP 650000
WRITING COORDINATES TO DCD FILE ../output/02_eq_3_CLKWW.0.dcd AT STEP 650000
WRITING COORDINATES TO RESTART FILE AT STEP 650000
FINISHED WRITING RESTART COORDINATES
WRITING VELOCITIES TO RESTART FILE AT STEP 650000
FINISHED WRITING RESTART VELOCITIES
PRESSURE: 660000 3021.09 181.075 -236.964 181.073 -1226.11 253.187 -236.964 253.186 -62.655
GPRESSURE: 660000 3049.18 97.3334 -365.42 268.872 -1215.37 422.258 -186.636 191.745 -103.092
PRESSAVG: 660000 1970.37 41.6853 -4.01566 41.6853 -1914.28 54.7248 -4.01566 54.7248 59.3024
GPRESSAVG: 660000 1964.92 8.95843 5.6269 48.2512 -1909.07 89.6395 -34.212 37.5214 63.712
TIMING: 660000  CPU: 593.947, 0.000899866/step  Wall: 594.04, 0.00089986/step, 384.06 ns/days, 1.08483 hours remaining, 0.000000 MB of memory in use.
PERFORMANCE: 660000  averaging 383.988 ns/day, 0.000900028 sec/step with standard deviation 1.61794e-06
ENERGY:  660000        16.1576        51.3931        43.8095         4.8309         -52260.6634    -85114.1917         0.0000         0.0000     10756.0019        -126502.6620       297.3584   -137258.6639   -126712.2659       298.1075            577.4411       576.9050    184470.1852        38.4632        39.8540

WRITING EXTENDED SYSTEM TO RESTART FILE AT STEP 660000
WRITING COORDINATES TO DCD FILE ../output/02_eq_3_CLKWW.0.dcd AT STEP 660000
WRITING COORDINATES TO RESTART FILE AT STEP 660000
FINISHED WRITING RESTART COORDINATES
WRITING VELOCITIES TO RESTART FILE AT STEP 660000
FINISHED WRITING RESTART VELOCITIES
PRESSURE: 670000 1203.19 160.282 62.2519 160.284 -2504.02 79.3104 62.2527 79.3109 -184.216
GPRESSURE: 670000 1234.12 87.1431 88.4432 152.998 -2446.31 30.5337 118.694 128.583 -280.506
PRESSAVG: 670000 1922.11 41.3009 -12.7731 41.3009 -1969.06 71.2921 -12.7731 71.2921 28.5011
GPRESSAVG: 670000 1920.84 12.8473 -5.90592 47.4906 -1960.64 102.055 -40.962 59.3219 25.2845
TIMING: 670000  CPU: 602.945, 0.000899785/step  Wall: 603.04, 0.00089997/step, 384.013 ns/days, 1.08246 hours remaining, 0.000000 MB of memory in use.
PERFORMANCE: 670000  averaging 383.988 ns/day, 0.000900028 sec/step with standard deviation 1.60565e-06
ENERGY:  670000        21.5286        61.2965        43.4413         1.2605         -52156.9718    -85251.0035         0.0000         0.0000     10704.6706        -126575.7777       295.9393   -137280.4483   -126703.8151       297.9249           -495.0164      -497.5647    184956.9208        -6.1504        -4.8372

WRITING EXTENDED SYSTEM TO RESTART FILE AT STEP 670000
WRITING COORDINATES TO DCD FILE ../output/02_eq_3_CLKWW.0.dcd AT STEP 670000
WRITING COORDINATES TO RESTART FILE AT STEP 670000
FINISHED WRITING RESTART COORDINATES
WRITING VELOCITIES TO RESTART FILE AT STEP 670000
FINISHED WRITING RESTART VELOCITIES
PRESSURE: 680000 1848.83 -320.998 -312.845 -320.995 -1814.08 -41.8695 -312.845 -41.8686 -1168.76
GPRESSURE: 680000 1796.6 -225.287 -333.072 -348.462 -1829.54 -47.7742 -343.982 -34.4167 -1096.48
PRESSAVG: 680000 1917.09 33.2718 -31.9018 33.2718 -1954.22 55.1224 -31.9018 55.1224 -35.9924
GPRESSAVG: 680000 1913.41 16.0268 -26.0107 34.7989 -1945.62 85.3701 -62.2616 39.0676 -37.4083
TIMING: 680000  CPU: 611.928, 0.000898263/step  Wall: 612.023, 0.00089834/step, 384.709 ns/days, 1.07801 hours remaining, 0.000000 MB of memory in use.
PERFORMANCE: 680000  averaging 383.999 ns/day, 0.000900003 sec/step with standard deviation 1.60671e-06
ENERGY:  680000        21.8257        55.1966        39.0206         1.7019         -52492.2234    -85138.1908         0.0000         0.0000     10820.0406        -126692.6288       299.1288   -137512.6694   -126694.4872       297.8514           -378.0010      -376.4718    184500.3379       -24.3716       -23.2077

WRITING EXTENDED SYSTEM TO RESTART FILE AT STEP 680000
WRITING COORDINATES TO DCD FILE ../output/02_eq_3_CLKWW.0.dcd AT STEP 680000
WRITING COORDINATES TO RESTART FILE AT STEP 680000
FINISHED WRITING RESTART COORDINATES
WRITING VELOCITIES TO RESTART FILE AT STEP 680000
FINISHED WRITING RESTART VELOCITIES
PRESSURE: 690000 2558.32 407.363 228.594 407.363 -1435.19 -83.5447 228.592 -83.5453 202.282
GPRESSURE: 690000 2570.47 350.242 300.157 425.979 -1478.92 -54.465 210.795 -56.5696 222.087
PRESSAVG: 690000 1980.29 65.1321 -11.3542 65.1321 -1914.13 50.5326 -11.3542 50.5326 -8.16466
GPRESSAVG: 690000 1972.66 47.4684 2.27842 62.022 -1904.18 86.0553 -44.8895 34.9611 -7.59795
TIMING: 690000  CPU: 620.896, 0.000896883/step  Wall: 620.992, 0.000896896/step, 385.329 ns/days, 1.07378 hours remaining, 0.000000 MB of memory in use.
PERFORMANCE: 690000  averaging 384.018 ns/day, 0.000899958 sec/step with standard deviation 1.63812e-06
ENERGY:  690000        19.6207        63.9128        46.2046         2.2063         -52393.4828    -85230.2687         0.0000         0.0000     10771.3289        -126720.4782       297.7821   -137491.8072   -126690.0165       297.8647            441.8050       437.8774    185480.1037        19.3337        20.2927

WRITING EXTENDED SYSTEM TO RESTART FILE AT STEP 690000
WRITING COORDINATES TO DCD FILE ../output/02_eq_3_CLKWW.0.dcd AT STEP 690000
WRITING COORDINATES TO RESTART FILE AT STEP 690000
FINISHED WRITING RESTART COORDINATES
WRITING VELOCITIES TO RESTART FILE AT STEP 690000
FINISHED WRITING RESTART VELOCITIES
PRESSURE: 700000 1657.63 -251.876 -331.357 -251.875 -2101.59 271.506 -331.358 271.507 -428.079
GPRESSURE: 700000 1689.57 -256.314 -399.154 -306.381 -2146.69 179.435 -242.67 309.403 -419.755
PRESSAVG: 700000 1974.1 47.0352 -26.1059 47.0352 -1893.78 48.0557 -26.1059 48.0557 -46.7059
GPRESSAVG: 700000 1965.27 23.8893 -16.3497 45.6425 -1886.47 75.8047 -48.9514 39.8697 -43.3555
TIMING: 700000  CPU: 629.873, 0.000897634/step  Wall: 629.97, 0.000897763/step, 384.957 ns/days, 1.07233 hours remaining, 0.000000 MB of memory in use.
PERFORMANCE: 700000  averaging 384.031 ns/day, 0.000899926 sec/step with standard deviation 1.64722e-06
ETITLE:      TS           BOND          ANGLE          DIHED          IMPRP               ELECT            VDW       BOUNDARY           MISC        KINETIC               TOTAL           TEMP      POTENTIAL       TOTALAVG        TEMPAVG            PRESSURE      GPRESSURE         VOLUME       PRESSAVG      GPRESSAVG

ENERGY:  700000        20.3625        53.5443        43.2448         1.0097         -52630.1020    -85010.2595         0.0000         0.0000     10849.7469        -126672.4532       299.9501   -137522.2001   -126703.7339       297.7836           -290.6800      -292.2893    185227.7510        11.2050        11.8132

WRITING EXTENDED SYSTEM TO RESTART FILE AT STEP 700000
WRITING COORDINATES TO DCD FILE ../output/02_eq_3_CLKWW.0.dcd AT STEP 700000
WRITING COORDINATES TO RESTART FILE AT STEP 700000
FINISHED WRITING RESTART COORDINATES
WRITING VELOCITIES TO RESTART FILE AT STEP 700000
FINISHED WRITING RESTART VELOCITIES
PRESSURE: 710000 1582.68 -378.874 45.0446 -378.875 -1931.88 95.8144 45.0444 95.8132 96.8798
GPRESSURE: 710000 1589.38 -525.672 -35.0645 -214.239 -1998.91 48.5098 -26.543 186.577 148.963
PRESSAVG: 710000 1979.53 19.874 -15.9446 19.874 -1900.24 67.7128 -15.9446 67.7128 -42.6131
GPRESSAVG: 710000 1969.71 -9.46576 -11.7407 26.5756 -1898.45 88.6549 -35.485 67.1271 -33.8763
TIMING: 710000  CPU: 638.865, 0.000899198/step  Wall: 638.964, 0.00089941/step, 384.252 ns/days, 1.0718 hours remaining, 0.000000 MB of memory in use.
PERFORMANCE: 710000  averaging 384.035 ns/day, 0.000899919 sec/step with standard deviation 1.63656e-06
ENERGY:  710000        21.3173        54.5187        46.3682         3.6367         -52553.4653    -85189.2838         0.0000         0.0000     10669.1289        -126947.7793       294.9567   -137616.9082   -126703.8555       297.9333            -84.1095       -86.8556    184310.0459        12.2260        12.4638

WRITING EXTENDED SYSTEM TO RESTART FILE AT STEP 710000
WRITING COORDINATES TO DCD FILE ../output/02_eq_3_CLKWW.0.dcd AT STEP 710000
WRITING COORDINATES TO RESTART FILE AT STEP 710000
FINISHED WRITING RESTART COORDINATES
WRITING VELOCITIES TO RESTART FILE AT STEP 710000
FINISHED WRITING RESTART VELOCITIES
PRESSURE: 720000 1844.32 52.2064 176.186 52.2022 -2123.22 -126.07 176.187 -126.069 -267.456
GPRESSURE: 720000 1853.61 175.182 49.945 -6.46215 -2086.79 -139.585 371.917 -138.112 -296.89
PRESSAVG: 720000 1945.19 15.3616 -9.00663 15.3616 -1920.29 51.4013 -9.00663 51.4013 -98.2556
GPRESSAVG: 720000 1935.1 -5.2908 -14.4481 19.4032 -1919.06 69.067 -18.4218 57.7909 -88.6343
TIMING: 720000  CPU: 647.861, 0.000899666/step  Wall: 647.961, 0.000899723/step, 384.118 ns/days, 1.06967 hours remaining, 0.000000 MB of memory in use.
PERFORMANCE: 720000  averaging 384.036 ns/day, 0.000899916 sec/step with standard deviation 1.62516e-06
ENERGY:  720000        23.0570        58.1103        46.4646         2.1070         -52431.9106    -85242.0948         0.0000         0.0000     10867.3262        -126676.9402       300.4361   -137544.2665   -126695.1673       298.2229           -182.1195      -176.6911    185075.4839       -24.4506       -24.1977

WRITING EXTENDED SYSTEM TO RESTART FILE AT STEP 720000
WRITING COORDINATES TO DCD FILE ../output/02_eq_3_CLKWW.0.dcd AT STEP 720000
WRITING COORDINATES TO RESTART FILE AT STEP 720000
FINISHED WRITING RESTART COORDINATES
WRITING VELOCITIES TO RESTART FILE AT STEP 720000
FINISHED WRITING RESTART VELOCITIES
PRESSURE: 730000 2180.67 182.303 -289.612 182.306 -1376.51 71.3296 -289.61 71.3283 85.3877
GPRESSURE: 730000 2184.68 88.5368 -335.254 222.606 -1422.43 137.744 -345.464 19.7231 121.805
PRESSAVG: 730000 1957.75 22.2402 -32.5157 22.2402 -1881.83 53.7584 -32.5157 53.7584 -103.67
GPRESSAVG: 730000 1947.16 -2.62591 -45.4123 26.8067 -1883.34 76.458 -41.3744 49.9462 -91.0433
TIMING: 730000  CPU: 656.847, 0.000898592/step  Wall: 656.949, 0.0008988/step, 384.513 ns/days, 1.06608 hours remaining, 0.000000 MB of memory in use.
PERFORMANCE: 730000  averaging 384.042 ns/day, 0.000899901 sec/step with standard deviation 1.61912e-06
ENERGY:  730000        20.3720        54.9391        48.2308         1.1982         -52435.6189    -85223.0190         0.0000         0.0000     10714.5849        -126819.3129       296.2134   -137533.8978   -126695.1855       297.8721            296.5161       294.6843    184456.5767        -9.2505        -9.0721

WRITING EXTENDED SYSTEM TO RESTART FILE AT STEP 730000
WRITING COORDINATES TO DCD FILE ../output/02_eq_3_CLKWW.0.dcd AT STEP 730000
WRITING COORDINATES TO RESTART FILE AT STEP 730000
FINISHED WRITING RESTART COORDINATES
WRITING VELOCITIES TO RESTART FILE AT STEP 730000
FINISHED WRITING RESTART VELOCITIES
PRESSURE: 740000 1968.11 76.1345 113.47 76.1372 -1736.13 16.2618 113.472 16.2614 327.65
GPRESSURE: 740000 2012.25 9.20311 24.6977 108.198 -1790.29 -23.5738 222.342 148.109 339.299
PRESSAVG: 740000 1945.85 21.1996 -35.4989 21.1996 -1902.83 51.135 -35.4989 51.135 -93.5033
GPRESSAVG: 740000 1939.31 -7.31649 -56.502 29.8855 -1907.88 72.2759 -32.2416 50.619 -81.8464
TIMING: 740000  CPU: 665.852, 0.000900496/step  Wall: 665.956, 0.00090075/step, 383.68 ns/days, 1.06589 hours remaining, 0.000000 MB of memory in use.
PERFORMANCE: 740000  averaging 384.037 ns/day, 0.000899913 sec/step with standard deviation 1.61101e-06
ENERGY:  740000        17.2290        71.4214        45.2844         1.2480         -52149.5516    -85347.4716         0.0000         0.0000     10766.6563        -126595.1840       297.6530   -137361.8404   -126688.9776       297.9452            186.5458       187.0882    184445.2924       -16.8266       -16.8067

WRITING EXTENDED SYSTEM TO RESTART FILE AT STEP 740000
WRITING COORDINATES TO DCD FILE ../output/02_eq_3_CLKWW.0.dcd AT STEP 740000
WRITING COORDINATES TO RESTART FILE AT STEP 740000
FINISHED WRITING RESTART COORDINATES
WRITING VELOCITIES TO RESTART FILE AT STEP 740000
FINISHED WRITING RESTART VELOCITIES
PRESSURE: 750000 1278.11 13.6909 -3.1196 13.6907 -2518.71 171.741 -3.11921 171.74 -228.952
GPRESSURE: 750000 1237.59 17.5493 -75.6616 50.9384 -2545.79 155.936 108.174 124.356 -181.846
PRESSAVG: 750000 1894.74 25.3944 -38.3057 25.3944 -1934.13 49.5064 -38.3057 49.5064 -98.3438
GPRESSAVG: 750000 1886.19 2.71339 -64.8048 32.6374 -1939.73 69.9306 -24.9586 45.0992 -85.1991
TIMING: 750000  CPU: 674.84, 0.00089881/step  Wall: 674.946, 0.000898995/step, 384.429 ns/days, 1.06131 hours remaining, 0.000000 MB of memory in use.
PERFORMANCE: 750000  averaging 384.043 ns/day, 0.0008999 sec/step with standard deviation 1.60359e-06
ENERGY:  750000        28.2317        62.2311        40.0123         1.0273         -52124.1133    -85378.8528         0.0000         0.0000     10798.5009        -126572.9628       298.5333   -137371.4637   -126674.2977       298.0336           -489.8509      -496.6821    185146.3061       -45.9098       -46.2445

WRITING EXTENDED SYSTEM TO RESTART FILE AT STEP 750000
WRITING COORDINATES TO DCD FILE ../output/02_eq_3_CLKWW.0.dcd AT STEP 750000
WRITING COORDINATES TO RESTART FILE AT STEP 750000
FINISHED WRITING RESTART COORDINATES
WRITING VELOCITIES TO RESTART FILE AT STEP 750000
FINISHED WRITING RESTART VELOCITIES
PRESSURE: 760000 1871.88 412.855 103.066 412.858 -1583.87 275.65 103.065 275.646 -35.7842
GPRESSURE: 760000 1901.82 409.206 216.885 458.134 -1554.38 143.359 12.7595 464.93 -103.707
PRESSAVG: 760000 1903.04 38.4138 -47.9233 38.4138 -1904.54 55.9058 -47.9233 55.9058 -85.8102
GPRESSAVG: 760000 1898.34 14.2318 -62.1157 49.3471 -1908.9 69.6199 -42.3391 59.0971 -78.2874
TIMING: 760000  CPU: 683.83, 0.000898933/step  Wall: 683.937, 0.000899108/step, 384.381 ns/days, 1.05895 hours remaining, 0.000000 MB of memory in use.
PERFORMANCE: 760000  averaging 384.047 ns/day, 0.00089989 sec/step with standard deviation 1.59546e-06
ENERGY:  760000        18.9658        50.4477        43.3466         3.1745         -52545.2736    -85198.6049         0.0000         0.0000     10638.1757        -126989.7682       294.1010   -137627.9439   -126689.9481       297.8464             84.0739        81.2430    184742.4470       -29.1062       -29.6157

WRITING EXTENDED SYSTEM TO RESTART FILE AT STEP 760000
WRITING COORDINATES TO DCD FILE ../output/02_eq_3_CLKWW.0.dcd AT STEP 760000
WRITING COORDINATES TO RESTART FILE AT STEP 760000
FINISHED WRITING RESTART COORDINATES
WRITING VELOCITIES TO RESTART FILE AT STEP 760000
FINISHED WRITING RESTART VELOCITIES
PRESSURE: 770000 1655.17 -44.3943 -98.1432 -44.392 -1909.11 -111.2 -98.1418 -111.2 217.792
GPRESSURE: 770000 1684.11 -56.0886 15.8873 -55.8467 -1915.42 -135.211 -80.2579 -187.728 190.146
PRESSAVG: 770000 1896.11 27.9574 -45.5751 27.9574 -1901.96 51.6326 -45.5751 51.6326 -73.2258
GPRESSAVG: 770000 1893.21 6.82139 -57.0716 39.7736 -1909.63 58.9196 -35.1359 54.1438 -63.798
TIMING: 770000  CPU: 692.824, 0.000899436/step  Wall: 692.933, 0.000899527/step, 384.202 ns/days, 1.05694 hours remaining, 0.000000 MB of memory in use.
PERFORMANCE: 770000  averaging 384.049 ns/day, 0.000899885 sec/step with standard deviation 1.58547e-06
ENERGY:  770000        18.2490        60.7413        42.7255         1.0562         -52447.4513    -85232.3876         0.0000         0.0000     10840.2273        -126716.8395       299.6869   -137557.0668   -126687.8800       297.8156            -12.0494       -13.7222    185941.4896       -26.3575       -26.7413

WRITING EXTENDED SYSTEM TO RESTART FILE AT STEP 770000
WRITING COORDINATES TO DCD FILE ../output/02_eq_3_CLKWW.0.dcd AT STEP 770000
WRITING COORDINATES TO RESTART FILE AT STEP 770000
FINISHED WRITING RESTART COORDINATES
WRITING VELOCITIES TO RESTART FILE AT STEP 770000
FINISHED WRITING RESTART VELOCITIES
PRESSURE: 780000 1731.77 65.539 214.025 65.5396 -1921.47 130.422 214.024 130.424 176.056
GPRESSURE: 780000 1686.64 -14.658 268.813 77.6976 -1941.68 303.29 197.749 62.4723 253.036
PRESSAVG: 780000 1879.24 35.9393 -26.6363 35.9393 -1914.2 50.0529 -26.6363 50.0529 -96.3023
GPRESSAVG: 780000 1875.65 12.8055 -34.8538 49.6085 -1924.94 59.5877 -15.8929 54.133 -82.0282
TIMING: 780000  CPU: 701.803, 0.000897888/step  Wall: 701.914, 0.000898102/step, 384.812 ns/days, 1.05277 hours remaining, 0.000000 MB of memory in use.
PERFORMANCE: 780000  averaging 384.059 ns/day, 0.000899862 sec/step with standard deviation 1.58803e-06
ENERGY:  780000        19.7695        58.6030        42.8714         3.8920         -52388.3220    -85310.8425         0.0000         0.0000     10834.7177        -126739.3110       299.5346   -137574.0286   -126684.4429       298.0477             -4.5480        -0.6693    184338.6645       -43.7520       -43.7743

WRITING EXTENDED SYSTEM TO RESTART FILE AT STEP 780000
WRITING COORDINATES TO DCD FILE ../output/02_eq_3_CLKWW.0.dcd AT STEP 780000
WRITING COORDINATES TO RESTART FILE AT STEP 780000
FINISHED WRITING RESTART COORDINATES
WRITING VELOCITIES TO RESTART FILE AT STEP 780000
FINISHED WRITING RESTART VELOCITIES
PRESSURE: 790000 2274.63 -13.4777 -21.9784 -13.4763 -1238.2 137.676 -21.9797 137.675 143.362
GPRESSURE: 790000 2299.93 -58.7129 -76.6921 18.6478 -1258.04 139.186 12.6747 215.161 142.815
PRESSAVG: 790000 1931.42 34.9592 -36.371 34.9592 -1862.2 59.2281 -36.371 59.2281 -57.2962
GPRESSAVG: 790000 1929.46 14.0865 -43.5326 53.5044 -1876.91 67.499 -23.8085 68.7117 -41.1389
TIMING: 790000  CPU: 710.786, 0.000898287/step  Wall: 710.899, 0.000898513/step, 384.635 ns/days, 1.05076 hours remaining, 0.000000 MB of memory in use.
PERFORMANCE: 790000  averaging 384.066 ns/day, 0.000899845 sec/step with standard deviation 1.58509e-06
ENERGY:  790000        30.1575        65.8302        42.6947         0.8036         -52126.2889    -85238.9261         0.0000         0.0000     10907.7334        -126317.9957       301.5531   -137225.7291   -126664.6687       298.2942            393.2639       394.9019    185090.3469         3.9754         3.8060

WRITING EXTENDED SYSTEM TO RESTART FILE AT STEP 790000
WRITING COORDINATES TO DCD FILE ../output/02_eq_3_CLKWW.0.dcd AT STEP 790000
WRITING COORDINATES TO RESTART FILE AT STEP 790000
FINISHED WRITING RESTART COORDINATES
WRITING VELOCITIES TO RESTART FILE AT STEP 790000
FINISHED WRITING RESTART VELOCITIES
PRESSURE: 800000 1170.4 -208.657 61.3185 -208.658 -2093.09 164.175 61.3199 164.176 -330.352
GPRESSURE: 800000 1192.72 -364.679 68.4582 -180.582 -2154.83 271.563 66.3943 77.5253 -286.878
PRESSAVG: 800000 1878.86 26.4789 -42.6984 26.4789 -1875.75 63.5956 -42.6984 63.5956 -103.174
GPRESSAVG: 800000 1876.77 -3.89929 -50.4385 46.846 -1891.4 74.2085 -31.2096 68.6755 -85.5355
TIMING: 800000  CPU: 719.769, 0.00089829/step  Wall: 719.884, 0.000898537/step, 384.625 ns/days, 1.04829 hours remaining, 0.000000 MB of memory in use.
PERFORMANCE: 800000  averaging 384.073 ns/day, 0.000899829 sec/step with standard deviation 1.58181e-06
ETITLE:      TS           BOND          ANGLE          DIHED          IMPRP               ELECT            VDW       BOUNDARY           MISC        KINETIC               TOTAL           TEMP      POTENTIAL       TOTALAVG        TEMPAVG            PRESSURE      GPRESSURE         VOLUME       PRESSAVG      GPRESSAVG

ENERGY:  800000        17.3607        62.6047        45.5179         1.8478         -52458.7550    -85243.4808         0.0000         0.0000     10699.0202        -126875.8844       295.7831   -137574.9046   -126676.2903       298.0553           -417.6798      -416.3277    185300.3673       -33.3568       -33.3878

WRITING EXTENDED SYSTEM TO RESTART FILE AT STEP 800000
WRITING COORDINATES TO DCD FILE ../output/02_eq_3_CLKWW.0.dcd AT STEP 800000
WRITING COORDINATES TO RESTART FILE AT STEP 800000
FINISHED WRITING RESTART COORDINATES
WRITING VELOCITIES TO RESTART FILE AT STEP 800000
FINISHED WRITING RESTART VELOCITIES
PRESSURE: 810000 2131.16 -171.097 55.7234 -171.097 -1409.89 0.00514998 55.7243 0.004948 -375.592
GPRESSURE: 810000 2083.66 -113.616 47.4091 -132.974 -1404.04 -53.9082 53.5849 -97.5633 -328.354
PRESSAVG: 810000 1877.51 17.5499 -25.7137 17.5499 -1877.32 78.8104 -25.7137 78.8104 -157.719
GPRESSAVG: 810000 1873.52 -11.0817 -42.573 46.2753 -1892.21 84.8791 -11.3582 79.8297 -139.135
TIMING: 810000  CPU: 728.748, 0.000897969/step  Wall: 728.864, 0.00089802/step, 384.847 ns/days, 1.0452 hours remaining, 0.000000 MB of memory in use.
PERFORMANCE: 810000  averaging 384.083 ns/day, 0.000899807 sec/step with standard deviation 1.58469e-06
ENERGY:  810000        16.9894        53.7051        48.5290         2.3841         -52149.2964    -85383.3247         0.0000         0.0000     10633.6121        -126777.4015       293.9748   -137411.0136   -126694.3893       297.6920            115.2254       117.0882    185798.8623       -52.5102       -52.6070

WRITING EXTENDED SYSTEM TO RESTART FILE AT STEP 810000
WRITING COORDINATES TO DCD FILE ../output/02_eq_3_CLKWW.0.dcd AT STEP 810000
WRITING COORDINATES TO RESTART FILE AT STEP 810000
FINISHED WRITING RESTART COORDINATES
WRITING VELOCITIES TO RESTART FILE AT STEP 810000
FINISHED WRITING RESTART VELOCITIES
PRESSURE: 820000 1997.58 -454.805 -191.439 -454.803 -1239.92 1.37255 -191.441 1.37316 100.256
GPRESSURE: 820000 1962.3 -580.579 -132.04 -358.462 -1216.57 -83.5283 -296.483 16.946 112.451
PRESSAVG: 820000 1910.87 -5.14854 -22.7397 -5.14854 -1814.69 69.8704 -22.7397 69.8704 -136.362
GPRESSAVG: 820000 1908.87 -40.5382 -37.268 26.06 -1830.15 67.4713 -12.5593 79.1463 -119.743
TIMING: 820000  CPU: 737.738, 0.000898966/step  Wall: 737.854, 0.000899008/step, 384.424 ns/days, 1.04385 hours remaining, 0.000000 MB of memory in use.
PERFORMANCE: 820000  averaging 384.087 ns/day, 0.000899797 sec/step with standard deviation 1.57734e-06
ENERGY:  820000        25.4196        54.9673        41.5091         1.8538         -52631.7316    -85185.4403         0.0000         0.0000     10804.1154        -126889.3068       298.6885   -137693.4222   -126698.1926       297.8494            285.9735       286.0593    184228.1365       -13.3934       -13.6745

WRITING EXTENDED SYSTEM TO RESTART FILE AT STEP 820000
WRITING COORDINATES TO DCD FILE ../output/02_eq_3_CLKWW.0.dcd AT STEP 820000
WRITING COORDINATES TO RESTART FILE AT STEP 820000
FINISHED WRITING RESTART COORDINATES
WRITING VELOCITIES TO RESTART FILE AT STEP 820000
FINISHED WRITING RESTART VELOCITIES
PRESSURE: 830000 1508.92 -175.334 -351.099 -175.334 -2251.32 53.3679 -351.097 53.3671 -744.054
GPRESSURE: 830000 1531.71 -21.2222 -406.316 -258.39 -2251.88 35.4909 -272.644 4.12077 -756.055
PRESSAVG: 830000 1878.63 -16.5681 -31.9263 -16.5681 -1823.32 76.0735 -31.9263 76.0735 -167.187
GPRESSAVG: 830000 1881.75 -46.2912 -46.0636 10.9461 -1838.52 68.903 -22.6831 83.5309 -155.349
TIMING: 830000  CPU: 746.733, 0.000899483/step  Wall: 746.849, 0.000899458/step, 384.232 ns/days, 1.04187 hours remaining, 0.000000 MB of memory in use.
PERFORMANCE: 830000  averaging 384.088 ns/day, 0.000899793 sec/step with standard deviation 1.56814e-06
ENERGY:  830000        27.4806        61.3388        45.9649         5.5304         -52269.8333    -85442.8500         0.0000         0.0000     10610.8371        -126961.5314       293.3452   -137572.3685   -126720.8547       297.4312           -495.4878      -492.0730    185614.7958       -37.2940       -37.3728

WRITING EXTENDED SYSTEM TO RESTART FILE AT STEP 830000
WRITING COORDINATES TO DCD FILE ../output/02_eq_3_CLKWW.0.dcd AT STEP 830000
WRITING COORDINATES TO RESTART FILE AT STEP 830000
FINISHED WRITING RESTART COORDINATES
WRITING VELOCITIES TO RESTART FILE AT STEP 830000
FINISHED WRITING RESTART VELOCITIES
PRESSURE: 840000 1726.14 -55.3745 -28.9637 -55.3743 -1887.28 -387.743 -28.9657 -387.741 151.745
GPRESSURE: 840000 1752.61 -117.52 -41.8751 -79.0475 -1926.45 -507.602 53.9641 -324.398 165.224
PRESSAVG: 840000 1842.54 -22.5217 -33.4812 -22.5217 -1836.18 59.35 -33.4812 59.35 -153.875
GPRESSAVG: 840000 1846.63 -52.6997 -48.1651 -1.80167 -1849.14 51.4533 -14.1921 62.0557 -145.441
TIMING: 840000  CPU: 755.716, 0.00089828/step  Wall: 755.832, 0.000898304/step, 384.725 ns/days, 1.03804 hours remaining, 0.000000 MB of memory in use.
PERFORMANCE: 840000  averaging 384.096 ns/day, 0.000899775 sec/step with standard deviation 1.5671e-06
ENERGY:  840000        24.9787        64.1298        40.2287         1.0930         -52409.2583    -85370.6872         0.0000         0.0000     10831.3001        -126818.2152       299.4401   -137649.5154   -126727.8917       297.4433             -3.1333        -2.8705    183875.3982       -49.1722       -49.3171

WRITING EXTENDED SYSTEM TO RESTART FILE AT STEP 840000
WRITING COORDINATES TO DCD FILE ../output/02_eq_3_CLKWW.0.dcd AT STEP 840000
WRITING COORDINATES TO RESTART FILE AT STEP 840000
FINISHED WRITING RESTART COORDINATES
WRITING VELOCITIES TO RESTART FILE AT STEP 840000
FINISHED WRITING RESTART VELOCITIES
PRESSURE: 850000 1658.88 235.465 -277.985 235.465 -1929.17 -6.91736 -277.986 -6.91617 14.3604
GPRESSURE: 850000 1609.82 268.344 -248.846 312.206 -1903.12 -64.6778 -402.697 -55.5691 21.4273
PRESSAVG: 850000 1843.47 -14.3981 -54.1913 -14.3981 -1811.54 48.2237 -54.1913 48.2237 -115.506
GPRESSAVG: 850000 1846.14 -41.5805 -68.435 7.77151 -1824.37 37.849 -38.4164 52.7648 -106.815
TIMING: 850000  CPU: 764.693, 0.000897721/step  Wall: 764.81, 0.000897748/step, 384.963 ns/days, 1.0349 hours remaining, 0.000000 MB of memory in use.
PERFORMANCE: 850000  averaging 384.106 ns/day, 0.000899751 sec/step with standard deviation 1.57317e-06
ENERGY:  850000        33.9680        61.2137        42.1268         1.3171         -52595.7287    -85198.4609         0.0000         0.0000     10589.5143        -127066.0497       292.7557   -137655.5640   -126746.4241       297.3407            -85.3105       -90.6248    184095.3423       -27.8571       -28.3497

WRITING EXTENDED SYSTEM TO RESTART FILE AT STEP 850000
WRITING COORDINATES TO DCD FILE ../output/02_eq_3_CLKWW.0.dcd AT STEP 850000
WRITING COORDINATES TO RESTART FILE AT STEP 850000
FINISHED WRITING RESTART COORDINATES
WRITING VELOCITIES TO RESTART FILE AT STEP 850000
FINISHED WRITING RESTART VELOCITIES
PRESSURE: 860000 2447.71 -68.0109 143.383 -68.013 -1911.68 488.278 143.385 488.28 317.792
GPRESSURE: 860000 2456.01 -98.5983 213.239 -133.924 -1824.48 474.263 246.745 380.11 222.192
PRESSAVG: 860000 1814.8 -26.8524 -35.1739 -26.8524 -1845.82 59.9784 -35.1739 59.9784 -96.4841
GPRESSAVG: 860000 1816.48 -51.3771 -39.5021 -12.3683 -1854.83 40.4492 -16.7473 62.1831 -90.5511
TIMING: 860000  CPU: 773.669, 0.00089758/step  Wall: 773.788, 0.000897817/step, 384.934 ns/days, 1.03249 hours remaining, 0.000000 MB of memory in use.
PERFORMANCE: 860000  averaging 384.116 ns/day, 0.000899729 sec/step with standard deviation 1.57774e-06
ENERGY:  860000        20.9820        60.1974        42.0857         0.8431         -52456.6396    -85204.3711         0.0000         0.0000     10827.4673        -126709.4352       299.3341   -137536.9025   -126756.7628       297.4395            284.6096       284.5735    184610.0711       -42.4986       -42.9663

WRITING EXTENDED SYSTEM TO RESTART FILE AT STEP 860000
WRITING COORDINATES TO DCD FILE ../output/02_eq_3_CLKWW.0.dcd AT STEP 860000
WRITING COORDINATES TO RESTART FILE AT STEP 860000
FINISHED WRITING RESTART COORDINATES
WRITING VELOCITIES TO RESTART FILE AT STEP 860000
FINISHED WRITING RESTART VELOCITIES
PRESSURE: 870000 1619.13 -63.7814 104.191 -63.7829 -2544.23 153.082 104.191 153.082 -128.394
GPRESSURE: 870000 1634.32 36.1948 132.543 -138.339 -2580.82 189.429 172.65 130.45 -117.496
PRESSAVG: 870000 1835.6 -38.0557 -33.0769 -38.0557 -1847.83 63.6669 -33.0769 63.6669 -93.693
GPRESSAVG: 870000 1836.49 -53.9245 -37.2971 -26.9352 -1861.55 48.394 -14.0495 62.2765 -82.4006
TIMING: 870000  CPU: 782.643, 0.000897396/step  Wall: 782.764, 0.000897637/step, 385.011 ns/days, 1.02979 hours remaining, 0.000000 MB of memory in use.
PERFORMANCE: 870000  averaging 384.126 ns/day, 0.000899705 sec/step with standard deviation 1.58449e-06
ENERGY:  870000        20.1084        63.7577        46.5322         1.6842         -52335.3119    -85211.5259         0.0000         0.0000     10658.0135        -126756.7418       294.6494   -137414.7553   -126765.8110       297.3750           -351.1648      -354.6652    184424.2807       -35.3061       -35.8213

WRITING EXTENDED SYSTEM TO RESTART FILE AT STEP 870000
WRITING COORDINATES TO DCD FILE ../output/02_eq_3_CLKWW.0.dcd AT STEP 870000
WRITING COORDINATES TO RESTART FILE AT STEP 870000
FINISHED WRITING RESTART COORDINATES
WRITING VELOCITIES TO RESTART FILE AT STEP 870000
FINISHED WRITING RESTART VELOCITIES
PRESSURE: 880000 1912.97 -12.4306 61.807 -12.4325 -1930.86 -105.576 61.8085 -105.574 74.955
GPRESSURE: 880000 1823.72 107.095 87.6556 -87.5184 -1924.38 -278.727 51.8536 55.5475 155.04
PRESSAVG: 880000 1838.81 -22.6276 -14.3443 -22.6276 -1853.67 60.4817 -14.3443 60.4817 -31.5073
GPRESSAVG: 880000 1837.85 -37.3054 -16.2607 -13.888 -1866.29 36.8464 5.74227 66.7747 -19.8247
TIMING: 880000  CPU: 791.628, 0.00089854/step  Wall: 791.751, 0.000898737/step, 384.54 ns/days, 1.02855 hours remaining, 0.000000 MB of memory in use.
PERFORMANCE: 880000  averaging 384.131 ns/day, 0.000899694 sec/step with standard deviation 1.57873e-06
ENERGY:  880000        27.4052        48.2706        42.8508         1.3842         -52411.0608    -85229.2610         0.0000         0.0000     10795.6416        -126724.7693       298.4543   -137520.4109   -126767.4180       297.3413             19.0204        18.1270    185253.7712       -15.4550       -16.0914

WRITING EXTENDED SYSTEM TO RESTART FILE AT STEP 880000
WRITING COORDINATES TO DCD FILE ../output/02_eq_3_CLKWW.0.dcd AT STEP 880000
WRITING COORDINATES TO RESTART FILE AT STEP 880000
FINISHED WRITING RESTART COORDINATES
WRITING VELOCITIES TO RESTART FILE AT STEP 880000
FINISHED WRITING RESTART VELOCITIES
PRESSURE: 890000 2281.8 -131.259 -124.212 -131.259 -1341.85 -98.2151 -124.21 -98.2159 -348.731
GPRESSURE: 890000 2234.85 -123.854 -314.543 -199.429 -1272.29 -36.914 -26.1263 -214.084 -365.508
PRESSAVG: 890000 1824.98 -49.5587 -31.9844 -49.5587 -1849 59.7481 -31.9844 59.7481 -59.058
GPRESSAVG: 890000 1821.06 -61.0102 -46.9957 -45.1584 -1855.96 37.7239 -6.1038 58.899 -49.2044
TIMING: 890000  CPU: 800.614, 0.000898582/step  Wall: 800.737, 0.000898536/step, 384.626 ns/days, 1.02583 hours remaining, 0.000000 MB of memory in use.
PERFORMANCE: 890000  averaging 384.136 ns/day, 0.000899681 sec/step with standard deviation 1.57453e-06
ENERGY:  890000        17.2988        56.7620        44.5327         1.9064         -52484.8902    -85183.1393         0.0000         0.0000     10631.4374        -126916.0922       293.9147   -137547.5296   -126777.1987       297.1479            197.0745       199.0179    185380.3623       -27.6915       -28.0344

WRITING EXTENDED SYSTEM TO RESTART FILE AT STEP 890000
WRITING COORDINATES TO DCD FILE ../output/02_eq_3_CLKWW.0.dcd AT STEP 890000
WRITING COORDINATES TO RESTART FILE AT STEP 890000
FINISHED WRITING RESTART COORDINATES
WRITING VELOCITIES TO RESTART FILE AT STEP 890000
FINISHED WRITING RESTART VELOCITIES
PRESSURE: 900000 1457.33 26.1465 -63.4087 26.1473 -2346.89 -68.5696 -63.405 -68.5676 -225.752
GPRESSURE: 900000 1442.84 -37.9504 2.57843 102.944 -2332 -127.652 -85.9521 -90.1466 -222.563
PRESSAVG: 900000 1814.97 -35.6576 -18.5867 -35.6576 -1861.26 42.7444 -18.5867 42.7444 -48.9416
GPRESSAVG: 900000 1808.73 -50.092 -26.909 -24.6921 -1865.23 22.3696 1.73211 38.9215 -39.3448
TIMING: 900000  CPU: 809.598, 0.000898435/step  Wall: 809.723, 0.000898639/step, 384.582 ns/days, 1.02345 hours remaining, 0.000000 MB of memory in use.
PERFORMANCE: 900000  averaging 384.141 ns/day, 0.000899669 sec/step with standard deviation 1.5695e-06
ETITLE:      TS           BOND          ANGLE          DIHED          IMPRP               ELECT            VDW       BOUNDARY           MISC        KINETIC               TOTAL           TEMP      POTENTIAL       TOTALAVG        TEMPAVG            PRESSURE      GPRESSURE         VOLUME       PRESSAVG      GPRESSAVG

ENERGY:  900000        22.1815        69.2234        41.8128         2.5906         -52306.9599    -85418.6892         0.0000         0.0000     10692.7837        -126897.0571       295.6107   -137589.8408   -126788.4289       296.9309           -371.7727      -370.5718    184470.9110       -31.7461       -31.9485

WRITING EXTENDED SYSTEM TO RESTART FILE AT STEP 900000
WRITING COORDINATES TO DCD FILE ../output/02_eq_3_CLKWW.0.dcd AT STEP 900000
WRITING COORDINATES TO RESTART FILE AT STEP 900000
FINISHED WRITING RESTART COORDINATES
WRITING VELOCITIES TO RESTART FILE AT STEP 900000
FINISHED WRITING RESTART VELOCITIES
PRESSURE: 910000 2323.21 -287.155 -249.101 -287.158 -1867.44 358.297 -249.101 358.295 -155.784
GPRESSURE: 910000 2246.31 -236.246 -239.006 -306.617 -1906.04 422.102 -199.394 217.975 -50.3698
PRESSAVG: 910000 1851.99 -31.0717 -33.294 -31.0717 -1858.04 55.8685 -33.294 55.8685 -61.5748
GPRESSAVG: 910000 1841.57 -35.6206 -37.1061 -29.311 -1860.59 41.0491 -6.91046 40.4913 -49.3115
TIMING: 910000  CPU: 818.58, 0.000898212/step  Wall: 818.707, 0.000898409/step, 384.68 ns/days, 1.02069 hours remaining, 0.000000 MB of memory in use.
PERFORMANCE: 910000  averaging 384.147 ns/day, 0.000899655 sec/step with standard deviation 1.56634e-06
ENERGY:  910000        26.5149        63.0363        41.7217         2.3741         -52263.0266    -85339.2168         0.0000         0.0000     10744.6891        -126723.9074       297.0457   -137468.5964   -126777.2353       297.0354             99.9951        96.6339    185171.8280       -22.5409       -22.7740

WRITING EXTENDED SYSTEM TO RESTART FILE AT STEP 910000
WRITING COORDINATES TO DCD FILE ../output/02_eq_3_CLKWW.0.dcd AT STEP 910000
WRITING COORDINATES TO RESTART FILE AT STEP 910000
FINISHED WRITING RESTART COORDINATES
WRITING VELOCITIES TO RESTART FILE AT STEP 910000
FINISHED WRITING RESTART VELOCITIES
PRESSURE: 920000 1944.02 101.725 235.94 101.724 -1974.6 -41.227 235.941 -41.2265 -367.577
GPRESSURE: 920000 1940.72 105.454 301.71 244.998 -1981.25 -94.4182 192.265 76.0789 -348.383
PRESSAVG: 920000 1856.98 -28.5956 -30.3063 -28.5956 -1850.61 60.1106 -30.3063 60.1106 -66.5809
GPRESSAVG: 920000 1845.93 -39.1071 -24.5179 -16.738 -1855.31 43.3075 -15.8931 51.2009 -51.8861
TIMING: 920000  CPU: 827.602, 0.000902167/step  Wall: 827.729, 0.000902128/step, 383.094 ns/days, 1.02241 hours remaining, 0.000000 MB of memory in use.
PERFORMANCE: 920000  averaging 384.136 ns/day, 0.000899682 sec/step with standard deviation 1.57889e-06
ENERGY:  920000        17.0124        64.7817        42.7524         2.5989         -52081.9476    -85469.2868         0.0000         0.0000     10927.2590        -126496.8299       302.0929   -137424.0890   -126768.2298       297.1182           -132.7174      -129.6380    184215.8839       -20.0708       -20.4214

WRITING EXTENDED SYSTEM TO RESTART FILE AT STEP 920000
WRITING COORDINATES TO DCD FILE ../output/02_eq_3_CLKWW.0.dcd AT STEP 920000
WRITING COORDINATES TO RESTART FILE AT STEP 920000
FINISHED WRITING RESTART COORDINATES
WRITING VELOCITIES TO RESTART FILE AT STEP 920000
FINISHED WRITING RESTART VELOCITIES
PRESSURE: 930000 1636.83 174.697 84.9184 174.696 -1863.86 -497.052 84.918 -497.051 557.87
GPRESSURE: 930000 1606.99 205.864 31.6541 189.089 -1817.54 -484.906 65.0228 -521.099 543.389
PRESSAVG: 930000 1829.79 -28.9761 -11.5799 -28.9761 -1874.98 31.6917 -11.5799 31.6917 -42.9568
GPRESSAVG: 930000 1817.05 -33.2407 -6.17249 -18.4138 -1875.06 12.175 4.63129 24.1597 -30.8069
TIMING: 930000  CPU: 836.622, 0.000902033/step  Wall: 836.751, 0.000902232/step, 383.05 ns/days, 1.02002 hours remaining, 0.000000 MB of memory in use.
PERFORMANCE: 930000  averaging 384.124 ns/day, 0.000899709 sec/step with standard deviation 1.59239e-06
ENERGY:  930000        31.4366        53.6157        46.7572         2.2958         -52126.8830    -85405.0471         0.0000         0.0000     10782.3189        -126615.5059       298.0860   -137397.8248   -126758.0395       297.2119            110.2801       110.9473    184383.0414       -29.3826       -29.6082

WRITING EXTENDED SYSTEM TO RESTART FILE AT STEP 930000
WRITING COORDINATES TO DCD FILE ../output/02_eq_3_CLKWW.0.dcd AT STEP 930000
WRITING COORDINATES TO RESTART FILE AT STEP 930000
FINISHED WRITING RESTART COORDINATES
WRITING VELOCITIES TO RESTART FILE AT STEP 930000
FINISHED WRITING RESTART VELOCITIES
PRESSURE: 940000 1342.05 -6.56152 -2.75419 -6.56393 -2221.45 -220.704 -2.75489 -220.703 -612.7
GPRESSURE: 940000 1387.56 -66.7902 -14.0477 16.8938 -2243.97 -244.336 -43.8751 -252.752 -625.489
PRESSAVG: 940000 1798.48 -33.1111 -17.3912 -33.1111 -1899.24 19.8435 -17.3912 19.8435 -89.9743
GPRESSAVG: 940000 1785.81 -37.0404 -8.10976 -22.979 -1897.75 1.13689 -8.67956 4.11664 -79.0464
TIMING: 940000  CPU: 845.625, 0.00090024/step  Wall: 845.755, 0.000900413/step, 383.824 ns/days, 1.01547 hours remaining, 0.000000 MB of memory in use.
PERFORMANCE: 940000  averaging 384.121 ns/day, 0.000899717 sec/step with standard deviation 1.58547e-06
ENERGY:  940000        17.5940        57.5132        48.3042         1.6649         -52245.6071    -85532.7478         0.0000         0.0000     10752.8825        -126900.3961       297.2722   -137653.2786   -126773.3001       297.1928           -497.3685      -493.9668    185403.0859       -63.5783       -63.6610

WRITING EXTENDED SYSTEM TO RESTART FILE AT STEP 940000
WRITING COORDINATES TO DCD FILE ../output/02_eq_3_CLKWW.0.dcd AT STEP 940000
WRITING COORDINATES TO RESTART FILE AT STEP 940000
FINISHED WRITING RESTART COORDINATES
WRITING VELOCITIES TO RESTART FILE AT STEP 940000
FINISHED WRITING RESTART VELOCITIES
PRESSURE: 950000 1288.86 -404.896 -206.866 -404.895 -2244.9 301.266 -206.865 301.266 -411.515
GPRESSURE: 950000 1311.88 -292.997 -254.761 -540.169 -2283.29 311.049 -39.0851 154.55 -395.763
PRESSAVG: 950000 1799.02 -54.0404 -27.5785 -54.0404 -1885.55 26.3198 -27.5785 26.3198 -99.1024
GPRESSAVG: 950000 1789.53 -52.5677 -17.0647 -52.5344 -1884.62 8.89256 -16.0425 5.62635 -89.7422
TIMING: 950000  CPU: 854.649, 0.000902435/step  Wall: 854.781, 0.00090255/step, 382.915 ns/days, 1.01537 hours remaining, 0.000000 MB of memory in use.
PERFORMANCE: 950000  averaging 384.108 ns/day, 0.000899747 sec/step with standard deviation 1.60356e-06
ENERGY:  950000        18.5088        64.4785        42.9675         1.2859         -52299.4529    -85398.0406         0.0000         0.0000     10785.8553        -126784.3975       298.1837   -137570.2527   -126783.8718       297.1753           -455.8515      -455.7244    184855.6807       -61.8784       -61.6131

WRITING EXTENDED SYSTEM TO RESTART FILE AT STEP 950000
WRITING COORDINATES TO DCD FILE ../output/02_eq_3_CLKWW.0.dcd AT STEP 950000
WRITING COORDINATES TO RESTART FILE AT STEP 950000
FINISHED WRITING RESTART COORDINATES
WRITING VELOCITIES TO RESTART FILE AT STEP 950000
FINISHED WRITING RESTART VELOCITIES
PRESSURE: 960000 1674.9 230.039 50.7931 230.036 -2553.24 -199.765 50.7908 -199.766 -581.469
GPRESSURE: 960000 1588.25 254.711 65.6015 134.44 -2539.1 -173.039 36.2198 -296.425 -501.386
PRESSAVG: 960000 1789.17 -63.1815 -30.1922 -63.1815 -1934.02 2.54917 -30.1922 2.54917 -126.387
GPRESSAVG: 960000 1773.85 -60.2925 -24.6289 -68.7191 -1933.86 -6.92736 -14.8695 -32.4414 -109.626
TIMING: 960000  CPU: 863.636, 0.000898663/step  Wall: 863.768, 0.000898793/step, 384.516 ns/days, 1.00865 hours remaining, 0.000000 MB of memory in use.
PERFORMANCE: 960000  averaging 384.112 ns/day, 0.000899737 sec/step with standard deviation 1.59807e-06
ENERGY:  960000        20.4018        64.6956        40.2654         2.4081         -52238.8620    -85250.4402         0.0000         0.0000     10840.9502        -126520.5812       299.7069   -137361.5314   -126760.4124       297.4556           -486.6027      -484.0791    184814.3281       -90.4122       -89.8792

WRITING EXTENDED SYSTEM TO RESTART FILE AT STEP 960000
WRITING COORDINATES TO DCD FILE ../output/02_eq_3_CLKWW.0.dcd AT STEP 960000
WRITING COORDINATES TO RESTART FILE AT STEP 960000
FINISHED WRITING RESTART COORDINATES
WRITING VELOCITIES TO RESTART FILE AT STEP 960000
FINISHED WRITING RESTART VELOCITIES
PRESSURE: 970000 1784.42 -139.491 -278.668 -139.489 -1722.25 -21.5837 -278.668 -21.5837 232.131
GPRESSURE: 970000 1750.66 -105.804 -319.634 -162.141 -1715.31 -12.1328 -197.546 -143.639 258.518
PRESSAVG: 970000 1795.64 -67.9364 -39.2185 -67.9364 -1924.68 7.02996 -39.2185 7.02996 -125.67
GPRESSAVG: 970000 1777.17 -62.7783 -41.4049 -74.0338 -1923.85 -0.773433 -20.7339 -30.2369 -106.208
TIMING: 970000  CPU: 872.624, 0.000898794/step  Wall: 872.758, 0.00089893/step, 384.457 ns/days, 1.0063 hours remaining, 0.000000 MB of memory in use.
PERFORMANCE: 970000  averaging 384.116 ns/day, 0.000899729 sec/step with standard deviation 1.59184e-06
ENERGY:  970000        30.0764        61.2689        46.4980         1.6440         -52558.9933    -85240.0913         0.0000         0.0000     10711.8668        -126947.7306       296.1383   -137659.5973   -126771.9570       297.2782             98.1023        97.9561    184569.2552       -84.9046       -84.2953

WRITING EXTENDED SYSTEM TO RESTART FILE AT STEP 970000
WRITING COORDINATES TO DCD FILE ../output/02_eq_3_CLKWW.0.dcd AT STEP 970000
WRITING COORDINATES TO RESTART FILE AT STEP 970000
FINISHED WRITING RESTART COORDINATES
WRITING VELOCITIES TO RESTART FILE AT STEP 970000
FINISHED WRITING RESTART VELOCITIES
PRESSURE: 980000 2371.93 -154.557 1.79701 -154.555 -1447.92 209.954 1.79786 209.954 -430.127
GPRESSURE: 980000 2429.28 -144.568 -46.8774 -171.539 -1467.19 269.446 20.5234 203.876 -478.859
PRESSAVG: 980000 1827.64 -78.9411 -49.8298 -78.9411 -1901 11.0065 -49.8298 11.0065 -155.979
GPRESSAVG: 980000 1814.31 -69.2738 -57.1895 -86.4956 -1900.13 -2.46562 -29.5952 -23.1667 -142.802
TIMING: 980000  CPU: 881.607, 0.000898296/step  Wall: 881.743, 0.000898546/step, 384.621 ns/days, 1.00338 hours remaining, 0.000000 MB of memory in use.
PERFORMANCE: 980000  averaging 384.121 ns/day, 0.000899716 sec/step with standard deviation 1.5881e-06
ENERGY:  980000        21.6326        61.8457        46.1409         2.5725         -52374.0462    -85107.2671         0.0000         0.0000     10663.2438        -126685.8778       294.7940   -137349.1216   -126769.2853       297.0412            164.6287       161.0760    185726.9469       -76.4458       -76.2080

WRITING EXTENDED SYSTEM TO RESTART FILE AT STEP 980000
WRITING COORDINATES TO DCD FILE ../output/02_eq_3_CLKWW.0.dcd AT STEP 980000
WRITING COORDINATES TO RESTART FILE AT STEP 980000
FINISHED WRITING RESTART COORDINATES
WRITING VELOCITIES TO RESTART FILE AT STEP 980000
FINISHED WRITING RESTART VELOCITIES
PRESSURE: 990000 1572.29 -247.62 -151.152 -247.618 -2289.37 -261.458 -151.152 -261.458 -332.169
GPRESSURE: 990000 1536.1 -330.772 -226.866 -116.081 -2255.34 -142.519 -97.2176 -256.789 -328.826
PRESSAVG: 990000 1792.53 -90.6482 -56.2884 -90.6482 -1953.56 -8.95021 -56.2884 -8.95021 -179.755
GPRESSAVG: 990000 1776.12 -82.8767 -64.6981 -93.2321 -1949.99 -16.5509 -35.0899 -46.7643 -166.384
TIMING: 990000  CPU: 890.582, 0.000897501/step  Wall: 890.72, 0.000897715/step, 384.977 ns/days, 0.999955 hours remaining, 0.000000 MB of memory in use.
PERFORMANCE: 990000  averaging 384.13 ns/day, 0.000899696 sec/step with standard deviation 1.59273e-06
ENERGY:  990000        29.6171        58.9353        43.7751         2.9118         -52368.9601    -85235.6764         0.0000         0.0000     10656.9282        -126812.4690       294.6194   -137469.3972   -126794.0090       296.6945           -349.7481      -349.3546    184902.8033      -113.5964      -113.4208

WRITING EXTENDED SYSTEM TO RESTART FILE AT STEP 990000
WRITING COORDINATES TO DCD FILE ../output/02_eq_3_CLKWW.0.dcd AT STEP 990000
WRITING COORDINATES TO RESTART FILE AT STEP 990000
FINISHED WRITING RESTART COORDINATES
WRITING VELOCITIES TO RESTART FILE AT STEP 990000
FINISHED WRITING RESTART VELOCITIES
PRESSURE: 1000000 1131.74 48.5825 179.217 48.5806 -2906.4 -82.4849 179.217 -82.486 -485.039
GPRESSURE: 1000000 1169.99 -60.308 181.649 72.3185 -2846.9 65.1584 229.216 -141.401 -583.246
PRESSAVG: 1000000 1790.59 -77.7862 -50.3936 -77.7862 -1994.23 -21.2833 -50.3936 -21.2833 -187.49
GPRESSAVG: 1000000 1774.98 -67.6582 -59.0386 -80.5871 -1984.6 -26.8711 -26.9488 -57.7106 -181.203
TIMING: 1000000  CPU: 899.558, 0.000897624/step  Wall: 899.698, 0.00089776/step, 384.958 ns/days, 0.997511 hours remaining, 0.000000 MB of memory in use.
PERFORMANCE: 1000000  averaging 384.138 ns/day, 0.000899677 sec/step with standard deviation 1.59646e-06
ETITLE:      TS           BOND          ANGLE          DIHED          IMPRP               ELECT            VDW       BOUNDARY           MISC        KINETIC               TOTAL           TEMP      POTENTIAL       TOTALAVG        TEMPAVG            PRESSURE      GPRESSURE         VOLUME       PRESSAVG      GPRESSAVG

ENERGY: 1000000        27.8831        65.6499        38.9738         2.0486         -52420.8169    -85381.0583         0.0000         0.0000     10680.6336        -126986.6862       295.2748   -137667.3198   -126799.5491       296.6691           -753.2336      -753.3867    184780.3685      -130.3741      -130.2738

WRITING EXTENDED SYSTEM TO RESTART FILE AT STEP 1000000
WRITING COORDINATES TO DCD FILE ../output/02_eq_3_CLKWW.0.dcd AT STEP 1000000
WRITING COORDINATES TO RESTART FILE AT STEP 1000000
FINISHED WRITING RESTART COORDINATES
WRITING VELOCITIES TO RESTART FILE AT STEP 1000000
FINISHED WRITING RESTART VELOCITIES
PRESSURE: 1010000 2070.63 -75.1563 -249.253 -75.1548 -2103.09 117.014 -249.258 117.013 289.55
GPRESSURE: 1010000 2095.81 -211.69 -211.395 -0.556144 -2123.84 220.934 -75.3525 15.6455 296.241
PRESSAVG: 1010000 1787.57 -72.9891 -65.6427 -72.9891 -2028.89 -15.4329 -65.6427 -15.4329 -154.233
GPRESSAVG: 1010000 1775.59 -72.5619 -71.9788 -73.9662 -2020.59 -13.129 -33.3956 -52.0502 -149.973
TIMING: 1010000  CPU: 908.538, 0.00089802/step  Wall: 908.68, 0.000898186/step, 384.776 ns/days, 0.995489 hours remaining, 0.000000 MB of memory in use.
PERFORMANCE: 1010000  averaging 384.144 ns/day, 0.000899662 sec/step with standard deviation 1.59537e-06
ENERGY: 1010000        24.8251        61.6508        44.8692         3.6194         -52457.2190    -85259.3904         0.0000         0.0000     10853.1702        -126728.4746       300.0447   -137581.6448   -126797.1027       296.9726             85.6947        89.4053    184951.1166      -131.8506      -131.6579

WRITING EXTENDED SYSTEM TO RESTART FILE AT STEP 1010000
WRITING COORDINATES TO DCD FILE ../output/02_eq_3_CLKWW.0.dcd AT STEP 1010000
WRITING COORDINATES TO RESTART FILE AT STEP 1010000
FINISHED WRITING RESTART COORDINATES
WRITING VELOCITIES TO RESTART FILE AT STEP 1010000
FINISHED WRITING RESTART VELOCITIES
PRESSURE: 1020000 1769.01 -73.7844 249.808 -73.7826 -1847.85 -16.5005 249.807 -16.5003 718.069
GPRESSURE: 1020000 1803.5 -17.1611 227.017 -131.065 -1869.73 -26.1013 274.066 -14.0104 720.15
PRESSAVG: 1020000 1776.14 -53.9381 -43.5803 -53.9381 -2059.28 -16.3266 -43.5803 -16.3266 -123.342
GPRESSAVG: 1020000 1767.65 -44.391 -54.026 -62.5963 -2053.25 -10.2576 -4.8682 -53.598 -119.588
TIMING: 1020000  CPU: 917.529, 0.000899136/step  Wall: 917.673, 0.000899328/step, 384.287 ns/days, 0.994258 hours remaining, 0.000000 MB of memory in use.
PERFORMANCE: 1020000  averaging 384.146 ns/day, 0.000899659 sec/step with standard deviation 1.5878e-06
ENERGY: 1020000        22.8454        63.2299        40.8111         1.8861         -52502.7188    -85163.9320         0.0000         0.0000     10634.5987        -126903.2795       294.0021   -137537.8782   -126797.8014       296.7382            213.0745       217.9740    184421.9718      -135.4955      -135.0622

WRITING EXTENDED SYSTEM TO RESTART FILE AT STEP 1020000
WRITING COORDINATES TO DCD FILE ../output/02_eq_3_CLKWW.0.dcd AT STEP 1020000
WRITING COORDINATES TO RESTART FILE AT STEP 1020000
FINISHED WRITING RESTART COORDINATES
WRITING VELOCITIES TO RESTART FILE AT STEP 1020000
FINISHED WRITING RESTART VELOCITIES
PRESSURE: 1030000 2370.49 -130.55 268.482 -130.551 -1600.91 -210.906 268.484 -210.905 538.326
GPRESSURE: 1030000 2444.96 -157.802 255.638 26.6509 -1631.19 -179.181 219.921 -264.732 482.385
PRESSAVG: 1030000 1819.22 -51.699 -12.6013 -51.699 -2026.76 -29.5402 -12.6013 -29.5402 -59.2229
GPRESSAVG: 1030000 1813.31 -51.22 -20.9283 -48.3443 -2022.21 -20.9912 19.7601 -67.0406 -57.6662
TIMING: 1030000  CPU: 926.505, 0.000897542/step  Wall: 926.65, 0.000897668/step, 384.998 ns/days, 0.989928 hours remaining, 0.000000 MB of memory in use.
PERFORMANCE: 1030000  averaging 384.154 ns/day, 0.00089964 sec/step with standard deviation 1.59213e-06
ENERGY: 1030000        29.3873        55.6097        43.6187         2.7756         -52446.0072    -85208.3177         0.0000         0.0000     10668.4890        -126854.4447       294.9390   -137522.9336   -126792.4470       296.8179            435.9667       432.0538    184862.4370       -88.9228       -88.8559

WRITING EXTENDED SYSTEM TO RESTART FILE AT STEP 1030000
WRITING COORDINATES TO DCD FILE ../output/02_eq_3_CLKWW.0.dcd AT STEP 1030000
WRITING COORDINATES TO RESTART FILE AT STEP 1030000
FINISHED WRITING RESTART COORDINATES
WRITING VELOCITIES TO RESTART FILE AT STEP 1030000
FINISHED WRITING RESTART VELOCITIES
PRESSURE: 1040000 1880.13 -104.722 -86.1572 -104.721 -1877.16 -163.519 -86.1558 -163.518 -554.915
GPRESSURE: 1040000 1896.92 -33.7032 -45.7676 -21.0454 -1837.49 -128.105 -65.5303 -124.776 -612.575
PRESSAVG: 1040000 1826.92 -54.1663 -15.4608 -54.1663 -2026.26 -18.3291 -15.4608 -18.3291 -94.5559
GPRESSAVG: 1040000 1820.52 -47.0292 -21.1229 -45.4442 -2017.76 -2.01636 13.7853 -57.0595 -96.5561
TIMING: 1040000  CPU: 935.492, 0.000898682/step  Wall: 935.638, 0.000898771/step, 384.525 ns/days, 0.988648 hours remaining, 0.000000 MB of memory in use.
PERFORMANCE: 1040000  averaging 384.157 ns/day, 0.000899631 sec/step with standard deviation 1.58667e-06
ENERGY: 1040000        21.4670        60.8812        46.7774         1.2645         -52510.6323    -85317.9938         0.0000         0.0000     10676.4251        -127021.8110       295.1584   -137698.2360   -126802.6268       296.6039           -183.9845      -184.3804    184920.1865       -97.9654       -97.9314

WRITING EXTENDED SYSTEM TO RESTART FILE AT STEP 1040000
WRITING COORDINATES TO DCD FILE ../output/02_eq_3_CLKWW.0.dcd AT STEP 1040000
WRITING COORDINATES TO RESTART FILE AT STEP 1040000
FINISHED WRITING RESTART COORDINATES
WRITING VELOCITIES TO RESTART FILE AT STEP 1040000
FINISHED WRITING RESTART VELOCITIES
PRESSURE: 1050000 2099.76 24.2494 -72.3082 24.2483 -1452.78 405.478 -72.3093 405.478 -334.675
GPRESSURE: 1050000 2133.69 111.834 -97.8807 -35.9812 -1462.32 379.802 -50.8786 410.263 -356.826
PRESSAVG: 1050000 1848.96 -64.7272 -5.17694 -64.7272 -2002.44 2.29062 -5.17694 2.29062 -112.008
GPRESSAVG: 1050000 1846.72 -54.8546 -13.5747 -62.8535 -1995.72 20.2076 31.3763 -33.7679 -115.469
TIMING: 1050000  CPU: 944.478, 0.000898679/step  Wall: 944.624, 0.000898634/step, 384.584 ns/days, 0.986001 hours remaining, 0.000000 MB of memory in use.
PERFORMANCE: 1050000  averaging 384.161 ns/day, 0.000899622 sec/step with standard deviation 1.58202e-06
ENERGY: 1050000        22.7578        56.2556        43.3993         2.5293         -52471.9344    -85292.5285         0.0000         0.0000     10821.2940        -126818.2269       299.1635   -137639.5208   -126790.2357       296.9242            104.0995       104.8495    184931.1750       -88.4949       -88.1576

WRITING EXTENDED SYSTEM TO RESTART FILE AT STEP 1050000
WRITING COORDINATES TO DCD FILE ../output/02_eq_3_CLKWW.0.dcd AT STEP 1050000
WRITING COORDINATES TO RESTART FILE AT STEP 1050000
FINISHED WRITING RESTART COORDINATES
WRITING VELOCITIES TO RESTART FILE AT STEP 1050000
FINISHED WRITING RESTART VELOCITIES
PRESSURE: 1060000 1583.59 -58.4543 79.0483 -58.4533 -2347.95 220.655 79.0486 220.655 -1030.15
GPRESSURE: 1060000 1640.67 -16.2875 213.435 -68.5786 -2393.11 232.742 32.0932 162.039 -1036.01
PRESSAVG: 1060000 1805.75 -64.2492 -8.39375 -64.2492 -2024.25 -11.0906 -8.39375 -11.0906 -179.405
GPRESSAVG: 1060000 1805.95 -50.7391 -13.5649 -59.5863 -2024.15 8.13156 20.6437 -44.6715 -178.379
TIMING: 1060000  CPU: 953.473, 0.000899497/step  Wall: 953.621, 0.000899735/step, 384.113 ns/days, 0.98471 hours remaining, 0.000000 MB of memory in use.
PERFORMANCE: 1060000  averaging 384.161 ns/day, 0.000899623 sec/step with standard deviation 1.57451e-06
ENERGY: 1060000        23.9927        59.9496        45.1410         1.3236         -52204.0636    -85439.0717         0.0000         0.0000     10733.6828        -126779.0456       296.7414   -137512.7284   -126793.7162       296.7946           -598.1711      -596.1498    184995.4311      -132.6339      -132.1938

WRITING EXTENDED SYSTEM TO RESTART FILE AT STEP 1060000
WRITING COORDINATES TO DCD FILE ../output/02_eq_3_CLKWW.0.dcd AT STEP 1060000
WRITING COORDINATES TO RESTART FILE AT STEP 1060000
FINISHED WRITING RESTART COORDINATES
WRITING VELOCITIES TO RESTART FILE AT STEP 1060000
FINISHED WRITING RESTART VELOCITIES
PRESSURE: 1070000 1949.09 -33.2202 -424.377 -33.2183 -2391.85 8.74386 -424.376 8.74515 -532.049
GPRESSURE: 1070000 1938.52 -19.2295 -375.814 -104.687 -2460.51 -12.5091 -449.964 63.084 -460.112
PRESSAVG: 1070000 1822.25 -62.721 -34.8221 -62.721 -2016.63 -18.3075 -34.8221 -18.3075 -199.588
GPRESSAVG: 1070000 1821.16 -53.5103 -38.9828 -57.9037 -2018.14 -1.96536 -10.4871 -48.0398 -195.51
TIMING: 1070000  CPU: 962.477, 0.000900385/step  Wall: 962.627, 0.000900542/step, 383.769 ns/days, 0.983091 hours remaining, 0.000000 MB of memory in use.
PERFORMANCE: 1070000  averaging 384.157 ns/day, 0.000899631 sec/step with standard deviation 1.56958e-06
ENERGY: 1070000        28.0714        60.4623        44.1043         1.3569         -52704.2438    -85187.2533         0.0000         0.0000     10772.4393        -126985.0629       297.8128   -137757.5022   -126805.1323       296.9528           -324.9377      -327.3681    185093.0431      -131.3226      -130.8290

WRITING EXTENDED SYSTEM TO RESTART FILE AT STEP 1070000
WRITING COORDINATES TO DCD FILE ../output/02_eq_3_CLKWW.0.dcd AT STEP 1070000
WRITING COORDINATES TO RESTART FILE AT STEP 1070000
FINISHED WRITING RESTART COORDINATES
WRITING VELOCITIES TO RESTART FILE AT STEP 1070000
FINISHED WRITING RESTART VELOCITIES
PRESSURE: 1080000 1521.92 59.5938 32.0465 59.5933 -2144.6 66.247 32.0475 66.2448 -413.293
GPRESSURE: 1080000 1587.9 92.9703 -26.0046 81.9241 -2149.39 -28.6233 -5.07074 59.4712 -469.584
PRESSAVG: 1080000 1802.7 -59.1197 -36.3102 -59.1197 -2027.32 -9.7165 -36.3102 -9.7165 -224
GPRESSAVG: 1080000 1809.37 -54.2166 -44.6658 -49.4315 -2029.39 10.5398 -13.3333 -47.8436 -226.741
TIMING: 1080000  CPU: 971.465, 0.000898777/step  Wall: 971.615, 0.0008988/step, 384.513 ns/days, 0.978693 hours remaining, 0.000000 MB of memory in use.
PERFORMANCE: 1080000  averaging 384.161 ns/day, 0.000899624 sec/step with standard deviation 1.56427e-06
ENERGY: 1080000        18.4316        63.8444        45.7745         1.9632         -52428.0337    -85217.4469         0.0000         0.0000     10721.0377        -126794.4292       296.3918   -137515.4669   -126808.6153       296.8496           -345.3254      -343.6915    184992.9122      -149.5399      -148.9199

WRITING EXTENDED SYSTEM TO RESTART FILE AT STEP 1080000
WRITING COORDINATES TO DCD FILE ../output/02_eq_3_CLKWW.0.dcd AT STEP 1080000
WRITING COORDINATES TO RESTART FILE AT STEP 1080000
FINISHED WRITING RESTART COORDINATES
WRITING VELOCITIES TO RESTART FILE AT STEP 1080000
FINISHED WRITING RESTART VELOCITIES
PRESSURE: 1090000 2278.53 -47.3409 -293.648 -47.3402 -1367.08 -332.636 -293.65 -332.636 -193.671
GPRESSURE: 1090000 2306.79 -119.891 -381.205 -67.7026 -1432.28 -421.424 -250.853 -337.762 -163.017
PRESSAVG: 1090000 1802.54 -54.9237 -44.7822 -54.9237 -2028.58 -21.4375 -44.7822 -21.4375 -216.247
GPRESSAVG: 1090000 1812.97 -54.0184 -47.9989 -42.8452 -2037.39 -8.68566 -24.5696 -54.0275 -216.616
TIMING: 1090000  CPU: 980.431, 0.000896631/step  Wall: 980.583, 0.000896868/step, 385.341 ns/days, 0.974098 hours remaining, 0.000000 MB of memory in use.
PERFORMANCE: 1090000  averaging 384.171 ns/day, 0.000899598 sec/step with standard deviation 1.57923e-06
ENERGY: 1090000        23.5945        69.1221        41.4590         2.3131         -52362.0230    -85294.1581         0.0000         0.0000     10924.9235        -126594.7690       302.0284   -137519.6925   -126792.5491       297.2553            239.2603       237.1628    184351.4606      -147.4306      -147.0126

WRITING EXTENDED SYSTEM TO RESTART FILE AT STEP 1090000
WRITING COORDINATES TO DCD FILE ../output/02_eq_3_CLKWW.0.dcd AT STEP 1090000
WRITING COORDINATES TO RESTART FILE AT STEP 1090000
FINISHED WRITING RESTART COORDINATES
WRITING VELOCITIES TO RESTART FILE AT STEP 1090000
FINISHED WRITING RESTART VELOCITIES
PRESSURE: 1100000 1412.64 109.353 -135.774 109.354 -2204.86 -431.281 -135.771 -431.282 -26.2464
GPRESSURE: 1100000 1396.83 118.74 -239.76 64.5216 -2161.34 -379.886 -63.1257 -450.868 -54.0651
PRESSAVG: 1100000 1800.3 -50.7634 -48.4005 -50.7634 -2021.48 -39.5732 -48.4005 -39.5732 -206.272
GPRESSAVG: 1100000 1810.67 -46.1839 -60.1158 -44.7663 -2028.86 -21.2973 -23.4283 -72.0636 -208.191
TIMING: 1100000  CPU: 989.396, 0.000896476/step  Wall: 989.55, 0.000896706/step, 385.41 ns/days, 0.971432 hours remaining, 0.000000 MB of memory in use.
PERFORMANCE: 1100000  averaging 384.183 ns/day, 0.000899572 sec/step with standard deviation 1.59597e-06
ETITLE:      TS           BOND          ANGLE          DIHED          IMPRP               ELECT            VDW       BOUNDARY           MISC        KINETIC               TOTAL           TEMP      POTENTIAL       TOTALAVG        TEMPAVG            PRESSURE      GPRESSURE         VOLUME       PRESSAVG      GPRESSAVG

ENERGY: 1100000        26.3352        58.2872        44.6776         2.6663         -52069.1596    -85399.8022         0.0000         0.0000     10897.0910        -126439.9046       301.2589   -137336.9956   -126769.6915       297.5377           -272.8225      -272.8574    185084.4231      -142.4831      -142.1269

WRITING EXTENDED SYSTEM TO RESTART FILE AT STEP 1100000
WRITING COORDINATES TO DCD FILE ../output/02_eq_3_CLKWW.0.dcd AT STEP 1100000
WRITING COORDINATES TO RESTART FILE AT STEP 1100000
FINISHED WRITING RESTART COORDINATES
WRITING VELOCITIES TO RESTART FILE AT STEP 1100000
FINISHED WRITING RESTART VELOCITIES
PRESSURE: 1110000 1604 84.1182 317.653 84.1168 -2137.28 235.026 317.652 235.027 13.9039
GPRESSURE: 1110000 1609.03 -9.12703 150.61 162.731 -2159.17 208.631 409.329 182.618 36.6708
PRESSAVG: 1110000 1764.34 -32.1997 -20.0628 -32.1997 -2034.97 -45.7366 -20.0628 -45.7366 -197.787
GPRESSAVG: 1110000 1778.8 -34.8279 -40.635 -21.299 -2041.51 -31.9709 7.00789 -73.8314 -203.839
TIMING: 1110000  CPU: 998.364, 0.000896768/step  Wall: 998.518, 0.000896789/step, 385.375 ns/days, 0.96903 hours remaining, 0.000000 MB of memory in use.
PERFORMANCE: 1110000  averaging 384.193 ns/day, 0.000899547 sec/step with standard deviation 1.61051e-06
ENERGY: 1110000        23.9271        58.0826        47.8204         3.1476         -52345.2159    -85226.7675         0.0000         0.0000     10760.3603        -126678.6454       297.4789   -137439.0057   -126767.4284       297.5594           -173.1257      -171.1588    184879.0034      -156.1391      -155.5165

WRITING EXTENDED SYSTEM TO RESTART FILE AT STEP 1110000
WRITING COORDINATES TO DCD FILE ../output/02_eq_3_CLKWW.0.dcd AT STEP 1110000
WRITING COORDINATES TO RESTART FILE AT STEP 1110000
FINISHED WRITING RESTART COORDINATES
WRITING VELOCITIES TO RESTART FILE AT STEP 1110000
FINISHED WRITING RESTART VELOCITIES
PRESSURE: 1120000 2225.51 -43.7017 -63.3375 -43.7002 -1530.15 57.7223 -63.3381 57.7207 881.11
GPRESSURE: 1120000 2270.22 6.09694 -60.8309 -139.882 -1560.17 217.374 -77.4222 -117.56 848.819
PRESSAVG: 1120000 1778.41 -39.4709 -35.0268 -39.4709 -2012.75 -40.7893 -35.0268 -40.7893 -135.353
GPRESSAVG: 1120000 1795.28 -39.7958 -58.762 -40.543 -2020.46 -16.3813 -6.47647 -83.5134 -143.979
TIMING: 1120000  CPU: 1007.35, 0.000898605/step  Wall: 1007.51, 0.000898688/step, 384.561 ns/days, 0.968586 hours remaining, 0.000000 MB of memory in use.
PERFORMANCE: 1120000  averaging 384.197 ns/day, 0.000899539 sec/step with standard deviation 1.6053e-06
ENERGY: 1120000        15.7227        66.4397        51.4173         1.8999         -52246.4206    -85213.9406         0.0000         0.0000     10826.8659        -126498.0156       299.3175   -137324.8815   -126767.4877       297.4206            525.4872       519.6227    184680.3587      -123.2289      -123.0535

WRITING EXTENDED SYSTEM TO RESTART FILE AT STEP 1120000
WRITING COORDINATES TO DCD FILE ../output/02_eq_3_CLKWW.0.dcd AT STEP 1120000
WRITING COORDINATES TO RESTART FILE AT STEP 1120000
FINISHED WRITING RESTART COORDINATES
WRITING VELOCITIES TO RESTART FILE AT STEP 1120000
FINISHED WRITING RESTART VELOCITIES
PRESSURE: 1130000 1893.19 22.4905 -65.9129 22.4909 -1415.44 196.222 -65.9151 196.221 -488.178
GPRESSURE: 1130000 1872.15 -6.04107 -119.161 41.6499 -1365.51 243.676 -33.9633 128.919 -504.637
PRESSAVG: 1130000 1791.23 -47.0811 -42.5684 -47.0811 -1990.33 -6.1257 -42.5684 -6.1257 -187.655
GPRESSAVG: 1130000 1808.54 -50.391 -66.3027 -47.9149 -1997.86 20.0478 -11.4258 -51.0124 -196.381
TIMING: 1130000  CPU: 1016.34, 0.000899138/step  Wall: 1016.5, 0.000899275/step, 384.309 ns/days, 0.966721 hours remaining, 0.000000 MB of memory in use.
PERFORMANCE: 1130000  averaging 384.198 ns/day, 0.000899537 sec/step with standard deviation 1.59831e-06
ENERGY: 1130000        23.7309        67.1641        44.9634         1.5080         -52302.1411    -85286.9540         0.0000         0.0000     10803.8402        -126647.8884       298.6809   -137451.7286   -126769.1068       297.4504             -3.4781         0.6667    184851.9400      -128.9168      -128.5675

WRITING EXTENDED SYSTEM TO RESTART FILE AT STEP 1130000
WRITING COORDINATES TO DCD FILE ../output/02_eq_3_CLKWW.0.dcd AT STEP 1130000
WRITING COORDINATES TO RESTART FILE AT STEP 1130000
FINISHED WRITING RESTART COORDINATES
WRITING VELOCITIES TO RESTART FILE AT STEP 1130000
FINISHED WRITING RESTART VELOCITIES
PRESSURE: 1140000 1910.51 -66.3994 -188.702 -66.3988 -1767.72 -304.847 -188.703 -304.848 -204.881
GPRESSURE: 1140000 1872.21 28.9463 -128.7 -166.402 -1800.27 -410.521 -186.116 -265.622 -145.85
PRESSAVG: 1140000 1819.66 -50.0729 -51.8658 -50.0729 -1967.64 -10.333 -51.8658 -10.333 -167.264
GPRESSAVG: 1140000 1832.77 -45.6042 -72.0354 -57.0797 -1975.67 11.7385 -18.5378 -51.6559 -172.399
TIMING: 1140000  CPU: 1025.33, 0.000898394/step  Wall: 1025.48, 0.000898653/step, 384.576 ns/days, 0.963555 hours remaining, 0.000000 MB of memory in use.
PERFORMANCE: 1140000  averaging 384.201 ns/day, 0.000899529 sec/step with standard deviation 1.59337e-06
ENERGY: 1140000        20.4172        63.7656        50.0936         2.0241         -52133.5949    -85332.6428         0.0000         0.0000     10780.5608        -126549.3764       298.0374   -137329.9373   -126751.5558       297.4886            -20.6963       -24.6354    185717.3999      -105.0832      -105.1010

WRITING EXTENDED SYSTEM TO RESTART FILE AT STEP 1140000
WRITING COORDINATES TO DCD FILE ../output/02_eq_3_CLKWW.0.dcd AT STEP 1140000
WRITING COORDINATES TO RESTART FILE AT STEP 1140000
FINISHED WRITING RESTART COORDINATES
WRITING VELOCITIES TO RESTART FILE AT STEP 1140000
FINISHED WRITING RESTART VELOCITIES
PRESSURE: 1150000 1993.61 -125.591 -9.09534 -125.593 -1732.86 0.409984 -9.09512 0.412926 -555.792
GPRESSURE: 1150000 1989.39 -141.2 78.4168 -37.273 -1782.4 -70.4693 -43.5741 57.2611 -485.616
PRESSAVG: 1150000 1854.89 -36.1078 -41.9773 -36.1078 -1942.04 -25.3756 -41.9773 -25.3756 -174.478
GPRESSAVG: 1150000 1866.64 -38.0143 -55.3765 -31.9349 -1950.63 -7.33736 -18.7623 -56.5204 -176.891
TIMING: 1150000  CPU: 1034.32, 0.000899167/step  Wall: 1034.48, 0.000899118/step, 384.377 ns/days, 0.961557 hours remaining, 0.000000 MB of memory in use.
PERFORMANCE: 1150000  averaging 384.202 ns/day, 0.000899526 sec/step with standard deviation 1.58683e-06
ENERGY: 1150000        25.8848        60.0255        48.3677         0.9287         -52443.3978    -85296.1447         0.0000         0.0000     10876.4840        -126727.8517       300.6892   -137604.3357   -126748.7285       297.6139            -98.3452       -92.8757    185005.0016       -87.2078       -86.9585

WRITING EXTENDED SYSTEM TO RESTART FILE AT STEP 1150000
WRITING COORDINATES TO DCD FILE ../output/02_eq_3_CLKWW.0.dcd AT STEP 1150000
WRITING COORDINATES TO RESTART FILE AT STEP 1150000
FINISHED WRITING RESTART COORDINATES
WRITING VELOCITIES TO RESTART FILE AT STEP 1150000
FINISHED WRITING RESTART VELOCITIES
PRESSURE: 1160000 2302.19 -27.7629 -247.718 -27.7628 -1979.05 -168.556 -247.716 -168.556 263.324
GPRESSURE: 1160000 2356.07 -64.6878 -206.96 -44.4227 -2002.57 -233.942 -239.847 -271.816 218.87
PRESSAVG: 1160000 1886.26 -48.9977 -56.9027 -48.9977 -1913.33 -23.8152 -56.9027 -23.8152 -132.239
GPRESSAVG: 1160000 1905.03 -53.9842 -69.0046 -40.8781 -1923.8 -10.3825 -32.5656 -55.2899 -140.879
TIMING: 1160000  CPU: 1043.35, 0.00090313/step  Wall: 1043.51, 0.000903386/step, 382.561 ns/days, 0.963612 hours remaining, 0.000000 MB of memory in use.
PERFORMANCE: 1160000  averaging 384.188 ns/day, 0.000899559 sec/step with standard deviation 1.62007e-06
ENERGY: 1160000        19.1026        57.9704        44.9652         2.2140         -52306.6873    -85275.5250         0.0000         0.0000     10729.9502        -126728.0099       296.6382   -137457.9601   -126759.1000       297.4605            195.4874       190.7903    185155.9069       -53.1033       -53.2151

WRITING EXTENDED SYSTEM TO RESTART FILE AT STEP 1160000
WRITING COORDINATES TO DCD FILE ../output/02_eq_3_CLKWW.0.dcd AT STEP 1160000
WRITING COORDINATES TO RESTART FILE AT STEP 1160000
FINISHED WRITING RESTART COORDINATES
WRITING VELOCITIES TO RESTART FILE AT STEP 1160000
FINISHED WRITING RESTART VELOCITIES
PRESSURE: 1170000 1915.44 -90.799 451.319 -90.7988 -1904.19 100.132 451.322 100.134 64.2345
GPRESSURE: 1170000 1982.69 -45.197 365.938 -162.356 -1977.83 345.072 489.328 -19.5572 72.5286
PRESSAVG: 1170000 1892.81 -46.5632 -20.4032 -46.5632 -1922.43 -17.7293 -20.4032 -17.7293 -140.634
GPRESSAVG: 1170000 1916.64 -50.9539 -34.726 -40.8888 -1936.93 7.47774 1.77811 -49.0858 -150.178
TIMING: 1170000  CPU: 1052.36, 0.000900802/step  Wall: 1052.52, 0.000900982/step, 383.581 ns/days, 0.958545 hours remaining, 0.000000 MB of memory in use.
PERFORMANCE: 1170000  averaging 384.183 ns/day, 0.000899571 sec/step with standard deviation 1.61843e-06
ENERGY: 1170000        20.4897        54.6977        42.0441         1.8383         -52241.9826    -85110.5821         0.0000         0.0000     10583.7694        -126649.7256       292.5969   -137233.4949   -126744.1997       297.2834             25.1615        25.7959    184176.8370       -56.7504       -56.8231

WRITING EXTENDED SYSTEM TO RESTART FILE AT STEP 1170000
WRITING COORDINATES TO DCD FILE ../output/02_eq_3_CLKWW.0.dcd AT STEP 1170000
WRITING COORDINATES TO RESTART FILE AT STEP 1170000
FINISHED WRITING RESTART COORDINATES
WRITING VELOCITIES TO RESTART FILE AT STEP 1170000
FINISHED WRITING RESTART VELOCITIES
PRESSURE: 1180000 1252.89 324.389 248.066 324.389 -2257.24 -209.848 248.067 -209.847 54.1373
GPRESSURE: 1180000 1231.39 248.263 175.35 338.496 -2243.72 -220.776 253.924 -210.63 65.8847
PRESSAVG: 1180000 1836.86 -22.616 -8.08975 -22.616 -1962.89 -38.7193 -8.08975 -38.7193 -116.42
GPRESSAVG: 1180000 1856.74 -31.3123 -23.6146 -15.387 -1975.75 -17.0334 13.4481 -69.8111 -122.941
TIMING: 1180000  CPU: 1061.36, 0.000900572/step  Wall: 1061.53, 0.000900604/step, 383.743 ns/days, 0.95564 hours remaining, 0.000000 MB of memory in use.
PERFORMANCE: 1180000  averaging 384.179 ns/day, 0.00089958 sec/step with standard deviation 1.6143e-06
ENERGY: 1180000        31.4137        63.8851        42.3041         2.1675         -52147.0845    -85401.2748         0.0000         0.0000     10705.8226        -126702.7664       295.9712   -137408.5890   -126745.0441       297.3423           -316.7381      -315.4816    183480.9908       -80.8187       -80.6510

WRITING EXTENDED SYSTEM TO RESTART FILE AT STEP 1180000
WRITING COORDINATES TO DCD FILE ../output/02_eq_3_CLKWW.0.dcd AT STEP 1180000
WRITING COORDINATES TO RESTART FILE AT STEP 1180000
FINISHED WRITING RESTART COORDINATES
WRITING VELOCITIES TO RESTART FILE AT STEP 1180000
FINISHED WRITING RESTART VELOCITIES
PRESSURE: 1190000 1459.37 28.0268 -153.765 28.0273 -2742.28 115.255 -153.763 115.254 -90.0669
GPRESSURE: 1190000 1376.07 -68.6388 -193.737 119.032 -2730.22 98.2976 -147.831 111.053 -29.4526
PRESSAVG: 1190000 1831.21 -8.83376 -8.22032 -8.83376 -1985.54 -19.8837 -8.22032 -19.8837 -104.315
GPRESSAVG: 1190000 1848.74 -18.2057 -21.9582 -3.63136 -1999.5 -4.99255 10.9175 -51.419 -107.972
TIMING: 1190000  CPU: 1070.36, 0.000899635/step  Wall: 1070.52, 0.000899813/step, 384.08 ns/days, 0.952302 hours remaining, 0.000000 MB of memory in use.
PERFORMANCE: 1190000  averaging 384.179 ns/day, 0.000899582 sec/step with standard deviation 1.60759e-06
ENERGY: 1190000        21.5275        64.3119        41.1277         1.1949         -52535.3692    -85135.9478         0.0000         0.0000     10851.6032        -126691.5518       300.0014   -137543.1549   -126738.9983       297.6114           -457.6593      -461.1999    184661.0492       -86.2143       -86.2432

WRITING EXTENDED SYSTEM TO RESTART FILE AT STEP 1190000
WRITING COORDINATES TO DCD FILE ../output/02_eq_3_CLKWW.0.dcd AT STEP 1190000
WRITING COORDINATES TO RESTART FILE AT STEP 1190000
FINISHED WRITING RESTART COORDINATES
WRITING VELOCITIES TO RESTART FILE AT STEP 1190000
FINISHED WRITING RESTART VELOCITIES
PRESSURE: 1200000 1654.64 88.4051 222.095 88.4032 -2544.73 642.575 222.095 642.575 640.015
GPRESSURE: 1200000 1682.9 -16.028 296.995 145.812 -2516.62 548.242 205.365 809.975 580.185
PRESSAVG: 1200000 1857.36 -6.84263 -6.0764 -6.84263 -1967.45 16.3693 -6.0764 16.3693 -48.0626
GPRESSAVG: 1200000 1874.39 -15.9917 -16.1909 0.0433114 -1982.98 19.1616 9.72492 -3.85016 -49.8006
TIMING: 1200000  CPU: 1079.36, 0.000900231/step  Wall: 1079.53, 0.000900401/step, 383.829 ns/days, 0.950424 hours remaining, 0.000000 MB of memory in use.
PERFORMANCE: 1200000  averaging 384.176 ns/day, 0.000899589 sec/step with standard deviation 1.60257e-06
ETITLE:      TS           BOND          ANGLE          DIHED          IMPRP               ELECT            VDW       BOUNDARY           MISC        KINETIC               TOTAL           TEMP      POTENTIAL       TOTALAVG        TEMPAVG            PRESSURE      GPRESSURE         VOLUME       PRESSAVG      GPRESSAVG

ENERGY: 1200000        27.8780        65.7595        40.6660         2.0032         -52444.6692    -85274.8511         0.0000         0.0000     10621.1122        -126962.1013       293.6293   -137583.2135   -126737.7690       297.5291            -83.3574       -84.5105    185030.7645       -52.7205       -52.7994

WRITING EXTENDED SYSTEM TO RESTART FILE AT STEP 1200000
WRITING COORDINATES TO DCD FILE ../output/02_eq_3_CLKWW.0.dcd AT STEP 1200000
WRITING COORDINATES TO RESTART FILE AT STEP 1200000
FINISHED WRITING RESTART COORDINATES
WRITING VELOCITIES TO RESTART FILE AT STEP 1200000
FINISHED WRITING RESTART VELOCITIES
PRESSURE: 1210000 1960.45 -188.418 -16.619 -188.419 -1471.91 -6.21003 -16.6172 -6.20919 835.581
GPRESSURE: 1210000 1887.72 -167.916 -66.0286 -192.134 -1452.1 -141.441 72.2131 19.423 892.89
PRESSAVG: 1210000 1851.85 -12.5058 5.55564 -12.5058 -1935.9 10.2082 5.55564 10.2082 -20.761
GPRESSAVG: 1210000 1863.98 -13.8029 -8.92257 -9.53557 -1949.4 1.04286 17.1032 -3.66129 -19.9681
TIMING: 1210000  CPU: 1088.35, 0.000899383/step  Wall: 1088.52, 0.000899382/step, 384.264 ns/days, 0.94685 hours remaining, 0.000000 MB of memory in use.
PERFORMANCE: 1210000  averaging 384.176 ns/day, 0.000899587 sec/step with standard deviation 1.59598e-06
ENERGY: 1210000        20.3930        56.1826        46.8104         1.0553         -52553.6465    -85079.1527         0.0000         0.0000     10851.3188        -126657.0391       299.9935   -137508.3578   -126734.1973       297.5265            441.3738       442.8354    184295.0955       -34.9365       -35.1279

WRITING EXTENDED SYSTEM TO RESTART FILE AT STEP 1210000
WRITING COORDINATES TO DCD FILE ../output/02_eq_3_CLKWW.0.dcd AT STEP 1210000
WRITING COORDINATES TO RESTART FILE AT STEP 1210000
FINISHED WRITING RESTART COORDINATES
WRITING VELOCITIES TO RESTART FILE AT STEP 1210000
FINISHED WRITING RESTART VELOCITIES
PRESSURE: 1220000 2317.9 39.1534 -145.26 39.1516 -1971.4 138.535 -145.261 138.533 -460.99
GPRESSURE: 1220000 2308.94 101.877 -77.3318 42.2336 -1939.38 234.803 -285.898 153.387 -477.666
PRESSAVG: 1220000 1879.29 -6.85911 -14.1977 -6.85911 -1942.07 17.9599 -14.1977 17.9599 -79.714
GPRESSAVG: 1220000 1889.25 -7.85104 -24.14 -0.870613 -1952.88 14.0881 -10.895 4.70856 -79.8589
TIMING: 1220000  CPU: 1097.36, 0.000900464/step  Wall: 1097.53, 0.000900483/step, 383.794 ns/days, 0.945507 hours remaining, 0.000000 MB of memory in use.
PERFORMANCE: 1220000  averaging 384.173 ns/day, 0.000899594 sec/step with standard deviation 1.59145e-06
ENERGY: 1220000        24.5576        56.7215        47.2175         1.5343         -52310.3398    -85346.6874         0.0000         0.0000     10840.2027        -126686.7937       299.6862   -137526.9963   -126723.3730       297.8107            -38.1628       -36.0361    184141.9714       -47.4984       -47.8284

WRITING EXTENDED SYSTEM TO RESTART FILE AT STEP 1220000
WRITING COORDINATES TO DCD FILE ../output/02_eq_3_CLKWW.0.dcd AT STEP 1220000
WRITING COORDINATES TO RESTART FILE AT STEP 1220000
FINISHED WRITING RESTART COORDINATES
WRITING VELOCITIES TO RESTART FILE AT STEP 1220000
FINISHED WRITING RESTART VELOCITIES
PRESSURE: 1230000 2268.01 27.2074 -419.516 27.2063 -2400.29 148.46 -419.514 148.459 -616.319
GPRESSURE: 1230000 2275.47 -40.7993 -414.978 58.8273 -2336.21 142.714 -410.334 103.215 -671.48
PRESSAVG: 1230000 1874.17 1.02878 -48.5976 1.02878 -1982.04 35.9281 -48.5976 35.9281 -137.446
GPRESSAVG: 1230000 1880.78 -2.00091 -57.6708 0.738204 -1988.13 30.1828 -42.4078 23.1059 -137.552
TIMING: 1230000  CPU: 1106.33, 0.000897538/step  Wall: 1106.5, 0.000897722/step, 384.974 ns/days, 0.940115 hours remaining, 0.000000 MB of memory in use.
PERFORMANCE: 1230000  averaging 384.18 ns/day, 0.000899579 sec/step with standard deviation 1.59387e-06
ENERGY: 1230000        20.6170        53.5948        40.6930         0.9800         -52129.6504    -85499.0693         0.0000         0.0000     10884.3792        -126628.4556       300.9075   -137512.8348   -126712.0735       298.1092           -249.5343      -244.0759    184138.2142       -81.7734       -81.6349

WRITING EXTENDED SYSTEM TO RESTART FILE AT STEP 1230000
WRITING COORDINATES TO DCD FILE ../output/02_eq_3_CLKWW.0.dcd AT STEP 1230000
WRITING COORDINATES TO RESTART FILE AT STEP 1230000
FINISHED WRITING RESTART COORDINATES
WRITING VELOCITIES TO RESTART FILE AT STEP 1230000
FINISHED WRITING RESTART VELOCITIES
PRESSURE: 1240000 1311.74 -158.765 -201.687 -158.762 -2656.4 -13.1013 -201.688 -13.1048 -819.82
GPRESSURE: 1240000 1283.62 -159.861 -251.113 -165.312 -2701.03 28.2531 -173.177 -135.911 -734.37
PRESSAVG: 1240000 1845.75 -1.67323 -54.3743 -1.67323 -2021 43.4488 -54.3743 43.4488 -150.691
GPRESSAVG: 1240000 1850.11 -8.30879 -67.938 -6.47511 -2031.31 38.0007 -47.7901 22.5491 -143.642
TIMING: 1240000  CPU: 1115.33, 0.000899435/step  Wall: 1115.5, 0.000899531/step, 384.2 ns/days, 0.93951 hours remaining, 0.000000 MB of memory in use.
PERFORMANCE: 1240000  averaging 384.18 ns/day, 0.000899579 sec/step with standard deviation 1.58738e-06
ENERGY: 1240000        16.2775        63.0883        47.7618         2.2780         -52326.0823    -85471.1559         0.0000         0.0000     10810.9032        -126856.9294       298.8762   -137667.8326   -126703.8294       298.2950           -721.4911      -717.2595    184895.0310      -108.6488      -108.2788

WRITING EXTENDED SYSTEM TO RESTART FILE AT STEP 1240000
WRITING COORDINATES TO DCD FILE ../output/02_eq_3_CLKWW.0.dcd AT STEP 1240000
WRITING COORDINATES TO RESTART FILE AT STEP 1240000
FINISHED WRITING RESTART COORDINATES
WRITING VELOCITIES TO RESTART FILE AT STEP 1240000
FINISHED WRITING RESTART VELOCITIES
PRESSURE: 1250000 2322.56 -31.9829 -135.078 -31.9823 -1473.77 64.8846 -135.076 64.8828 -494.352
GPRESSURE: 1250000 2353.06 132.759 -49.3817 -63.7549 -1531.11 -31.732 -67.7306 127.484 -457.193
PRESSAVG: 1250000 1856.89 -4.48477 -57.5126 -4.48477 -2022.05 26.419 -57.5126 26.419 -158.675
GPRESSAVG: 1250000 1861.08 -7.26255 -65.5131 -7.86379 -2034.75 17.424 -48.6327 8.41017 -148.66
TIMING: 1250000  CPU: 1124.31, 0.000898319/step  Wall: 1124.48, 0.000898575/step, 384.609 ns/days, 0.936016 hours remaining, 0.000000 MB of memory in use.
PERFORMANCE: 1250000  averaging 384.183 ns/day, 0.000899571 sec/step with standard deviation 1.58352e-06
ENERGY: 1250000        25.0987        59.2488        42.4721         1.3188         -52328.5352    -85300.1717         0.0000         0.0000     10904.0699        -126596.4986       301.4519   -137500.5685   -126692.7430       298.4095            118.1474       121.5875    184967.6306      -107.9464      -107.4419

WRITING EXTENDED SYSTEM TO RESTART FILE AT STEP 1250000
WRITING COORDINATES TO DCD FILE ../output/02_eq_3_CLKWW.0.dcd AT STEP 1250000
WRITING COORDINATES TO RESTART FILE AT STEP 1250000
FINISHED WRITING RESTART COORDINATES
WRITING VELOCITIES TO RESTART FILE AT STEP 1250000
FINISHED WRITING RESTART VELOCITIES
PRESSURE: 1260000 2883.79 -9.18014 173.269 -9.17839 -1187.5 -3.51265 173.268 -3.51119 -291.571
GPRESSURE: 1260000 2920.17 -31.6524 360.355 -17.5877 -1291.3 -34.8055 -46.8295 61.7624 -211.723
PRESSAVG: 1260000 1921.9 -2.02102 -52.8017 -2.02102 -1964.03 15.2107 -52.8017 15.2107 -121.746
GPRESSAVG: 1260000 1925.06 -8.0308 -58.1671 -5.31425 -1979.66 4.04666 -52.5788 3.39636 -107.446
TIMING: 1260000  CPU: 1133.3, 0.000898384/step  Wall: 1133.47, 0.000898388/step, 384.689 ns/days, 0.933326 hours remaining, 0.000000 MB of memory in use.
PERFORMANCE: 1260000  averaging 384.187 ns/day, 0.000899561 sec/step with standard deviation 1.58068e-06
ENERGY: 1260000        22.7727        63.0225        45.6891         3.3945         -52446.5410    -85282.3967         0.0000         0.0000     10784.3005        -126809.7585       298.1407   -137594.0590   -126694.2787       298.4794            468.2409       472.3834    184039.1444       -54.6258       -54.0153

WRITING EXTENDED SYSTEM TO RESTART FILE AT STEP 1260000
WRITING COORDINATES TO DCD FILE ../output/02_eq_3_CLKWW.0.dcd AT STEP 1260000
WRITING COORDINATES TO RESTART FILE AT STEP 1260000
FINISHED WRITING RESTART COORDINATES
WRITING VELOCITIES TO RESTART FILE AT STEP 1260000
FINISHED WRITING RESTART VELOCITIES
PRESSURE: 1270000 2827.33 -5.5302 -42.0554 -5.52876 -1690.26 556.455 -42.0557 556.455 194.921
GPRESSURE: 1270000 2753.56 -83.9921 -3.79578 160.688 -1672.74 723.75 -42.211 524.648 248.153
PRESSAVG: 1270000 1965.81 -0.636542 -33.6856 -0.636542 -1928.95 42.5962 -33.6856 42.5962 -85.3977
GPRESSAVG: 1270000 1965.81 -11.2689 -39.5662 7.95447 -1940.27 40.8596 -32.1912 26.4746 -72.0326
TIMING: 1270000  CPU: 1142.28, 0.000898445/step  Wall: 1142.45, 0.000898597/step, 384.599 ns/days, 0.931047 hours remaining, 0.000000 MB of memory in use.
PERFORMANCE: 1270000  averaging 384.191 ns/day, 0.000899554 sec/step with standard deviation 1.57672e-06
ENERGY: 1270000        18.8442        57.4618        56.0617         2.0319         -52478.7941    -85092.2906         0.0000         0.0000     10783.8290        -126652.8561       298.1277   -137436.6851   -126677.6683       298.4952            443.9983       442.9929    184961.1113       -16.1790       -15.4972

WRITING EXTENDED SYSTEM TO RESTART FILE AT STEP 1270000
WRITING COORDINATES TO DCD FILE ../output/02_eq_3_CLKWW.0.dcd AT STEP 1270000
WRITING COORDINATES TO RESTART FILE AT STEP 1270000
FINISHED WRITING RESTART COORDINATES
WRITING VELOCITIES TO RESTART FILE AT STEP 1270000
FINISHED WRITING RESTART VELOCITIES
PRESSURE: 1280000 1816.64 0.0426731 -134.469 0.0418868 -2214.65 337.6 -134.468 337.599 -498.382
GPRESSURE: 1280000 1873.63 85.5574 -221.792 -108.847 -2290.49 252.403 -87.5236 267.09 -478.539
PRESSAVG: 1280000 1980.55 -3.61411 -42.0114 -3.61411 -1932.45 56.1639 -42.0114 56.1639 -89.6521
GPRESSAVG: 1280000 1980.1 -11.6396 -49.3555 -1.58407 -1947.32 54.9109 -36.3138 36.8555 -72.4803
TIMING: 1280000  CPU: 1151.27, 0.000899365/step  Wall: 1151.45, 0.000899356/step, 384.275 ns/days, 0.929334 hours remaining, 0.000000 MB of memory in use.
PERFORMANCE: 1280000  averaging 384.191 ns/day, 0.000899552 sec/step with standard deviation 1.5706e-06
ENERGY: 1280000        26.9590        60.9293        47.1571         0.7549         -52195.6162    -85392.4127         0.0000         0.0000     10808.1461        -126644.0826       298.8000   -137452.2286   -126670.1510       298.6156           -298.7997      -298.4689    184579.1760       -13.8527       -13.2361

WRITING EXTENDED SYSTEM TO RESTART FILE AT STEP 1280000
WRITING COORDINATES TO DCD FILE ../output/02_eq_3_CLKWW.0.dcd AT STEP 1280000
WRITING COORDINATES TO RESTART FILE AT STEP 1280000
FINISHED WRITING RESTART COORDINATES
WRITING VELOCITIES TO RESTART FILE AT STEP 1280000
FINISHED WRITING RESTART VELOCITIES
PRESSURE: 1290000 1913.73 -107.408 10.6854 -107.407 -1994.98 -34.4595 10.6857 -34.46 -16.6655
GPRESSURE: 1290000 1893.94 -187.298 -11.8989 -99.8676 -1971.99 -10.3038 96.6068 71.9171 -24.9888
PRESSAVG: 1290000 1962.31 -6.61746 -26.7946 -6.61746 -1963.85 71.0727 -26.7946 71.0727 -80.8018
GPRESSAVG: 1290000 1959.45 -15.0099 -30.8902 -3.19232 -1974.31 75.4669 -18.9408 57.3395 -65.5789
TIMING: 1290000  CPU: 1160.27, 0.000900007/step  Wall: 1160.45, 0.000900224/step, 383.905 ns/days, 0.92773 hours remaining, 0.000000 MB of memory in use.
PERFORMANCE: 1290000  averaging 384.189 ns/day, 0.000899557 sec/step with standard deviation 1.56557e-06
ENERGY: 1290000        33.1400        61.4929        44.2882         3.5693         -52387.0763    -85212.0032         0.0000         0.0000     10817.4392        -126639.1499       299.0569   -137456.5892   -126672.3700       298.4670            -32.6370       -34.3441    184962.0940       -27.4475       -26.8115

WRITING EXTENDED SYSTEM TO RESTART FILE AT STEP 1290000
WRITING COORDINATES TO DCD FILE ../output/02_eq_3_CLKWW.0.dcd AT STEP 1290000
WRITING COORDINATES TO RESTART FILE AT STEP 1290000
FINISHED WRITING RESTART COORDINATES
WRITING VELOCITIES TO RESTART FILE AT STEP 1290000
FINISHED WRITING RESTART VELOCITIES
PRESSURE: 1300000 2669.94 -38.1396 -143.971 -38.1416 -966.586 -313.481 -143.97 -313.481 -123.135
GPRESSURE: 1300000 2694.51 -31.3531 -182.477 77.8097 -1036.07 -223.576 -57.5927 -423.646 -57.1945
PRESSAVG: 1300000 2025.17 -13.9922 -27.2045 -13.9922 -1901.93 76.9627 -27.2045 76.9627 -85.6463
GPRESSAVG: 1300000 2024.34 -22.5146 -28.0261 -2.52792 -1918.05 83.2824 -18.6642 58.7006 -65.7354
TIMING: 1300000  CPU: 1169.28, 0.000900344/step  Wall: 1169.46, 0.000900523/step, 383.777 ns/days, 0.925538 hours remaining, 0.000000 MB of memory in use.
PERFORMANCE: 1300000  averaging 384.186 ns/day, 0.000899565 sec/step with standard deviation 1.56179e-06
ETITLE:      TS           BOND          ANGLE          DIHED          IMPRP               ELECT            VDW       BOUNDARY           MISC        KINETIC               TOTAL           TEMP      POTENTIAL       TOTALAVG        TEMPAVG            PRESSURE      GPRESSURE         VOLUME       PRESSAVG      GPRESSAVG

ENERGY: 1300000        18.8086        51.0988        52.3916         3.8068         -52529.4458    -85151.8683         0.0000         0.0000     10725.5051        -126829.7032       296.5153   -137555.2083   -126691.8600       298.2298            526.7398       533.7469    184878.7760        12.5306        13.5188

WRITING EXTENDED SYSTEM TO RESTART FILE AT STEP 1300000
WRITING COORDINATES TO DCD FILE ../output/02_eq_3_CLKWW.0.dcd AT STEP 1300000
WRITING COORDINATES TO RESTART FILE AT STEP 1300000
FINISHED WRITING RESTART COORDINATES
WRITING VELOCITIES TO RESTART FILE AT STEP 1300000
FINISHED WRITING RESTART VELOCITIES
PRESSURE: 1310000 2704.72 39.4577 -68.6474 39.4578 -1275.41 126.147 -68.6466 126.146 548.799
GPRESSURE: 1310000 2648.54 85.8495 -158.699 21.4541 -1265.19 94.6082 3.88478 223.014 591.568
PRESSAVG: 1310000 2080.21 -16.2252 -46.5195 -16.2252 -1858.84 71.5187 -46.5195 71.5187 -58.9015
GPRESSAVG: 1310000 2076.31 -17.7657 -43.4916 -9.59175 -1873.35 77.5812 -38.9364 60.7204 -37.9905
TIMING: 1310000  CPU: 1178.26, 0.000898722/step  Wall: 1178.44, 0.000898854/step, 384.49 ns/days, 0.921325 hours remaining, 0.000000 MB of memory in use.
PERFORMANCE: 1310000  averaging 384.188 ns/day, 0.000899559 sec/step with standard deviation 1.55701e-06
ENERGY: 1310000        24.1533        74.7974        50.1726         3.5555         -52511.7153    -85147.3976         0.0000         0.0000     10739.2366        -126767.1976       296.8949   -137506.4342   -126696.2876       298.2006            659.3694       658.3063    184488.7263        54.1553        54.9920

WRITING EXTENDED SYSTEM TO RESTART FILE AT STEP 1310000
WRITING COORDINATES TO DCD FILE ../output/02_eq_3_CLKWW.0.dcd AT STEP 1310000
WRITING COORDINATES TO RESTART FILE AT STEP 1310000
FINISHED WRITING RESTART COORDINATES
WRITING VELOCITIES TO RESTART FILE AT STEP 1310000
FINISHED WRITING RESTART VELOCITIES
PRESSURE: 1320000 2443.37 -347.526 -328.998 -347.526 -1258.68 184.439 -329 184.438 -552.861
GPRESSURE: 1320000 2388.43 -377.418 -279.341 -398.461 -1141.74 365.577 -152.795 168.036 -632.475
PRESSAVG: 1320000 2091.1 -31.4165 -59.8026 -31.4165 -1845.27 77.8546 -59.8026 77.8546 -130.6
GPRESSAVG: 1320000 2082.22 -36.9415 -54.4171 -22.5207 -1852.43 84.9914 -42.7051 75.0002 -112.055
TIMING: 1320000  CPU: 1187.24, 0.000897842/step  Wall: 1187.42, 0.000898011/step, 384.85 ns/days, 0.917967 hours remaining, 0.000000 MB of memory in use.
PERFORMANCE: 1320000  averaging 384.193 ns/day, 0.000899548 sec/step with standard deviation 1.55689e-06
ENERGY: 1320000        22.5308        63.6554        39.7603         0.9037         -52384.5200    -85068.3186         0.0000         0.0000     10646.2832        -126679.7052       294.3251   -137325.9884   -126705.3720       297.9510            210.6099       204.7397    184751.6026        38.4115        39.2479

WRITING EXTENDED SYSTEM TO RESTART FILE AT STEP 1320000
WRITING COORDINATES TO DCD FILE ../output/02_eq_3_CLKWW.0.dcd AT STEP 1320000
WRITING COORDINATES TO RESTART FILE AT STEP 1320000
FINISHED WRITING RESTART COORDINATES
WRITING VELOCITIES TO RESTART FILE AT STEP 1320000
FINISHED WRITING RESTART VELOCITIES
PRESSURE: 1330000 1519.35 -325.951 -415.084 -325.949 -2606.54 78.7371 -415.084 78.7372 -223.938
GPRESSURE: 1330000 1549.25 -277.743 -425.764 -334.626 -2620.33 178.148 -433.031 40.414 -257.837
PRESSAVG: 1330000 2072.41 -48.8385 -77.261 -48.8385 -1904.82 71.9804 -77.261 71.9804 -117.388
GPRESSAVG: 1330000 2066.08 -50.5266 -69.7472 -41.3345 -1915.17 81.715 -62.6585 70.5749 -99.7152
TIMING: 1330000  CPU: 1196.21, 0.000896634/step  Wall: 1196.39, 0.000896855/step, 385.347 ns/days, 0.914294 hours remaining, 0.000000 MB of memory in use.
PERFORMANCE: 1330000  averaging 384.202 ns/day, 0.000899527 sec/step with standard deviation 1.56846e-06
ENERGY: 1330000        17.1448        58.5665        43.1805         3.5353         -52166.3892    -85380.8692         0.0000         0.0000     10700.1057        -126724.7258       295.8131   -137424.8315   -126709.2139       297.8076           -437.0424      -442.9738    185489.2709        16.7332        17.0658

WRITING EXTENDED SYSTEM TO RESTART FILE AT STEP 1330000
WRITING COORDINATES TO DCD FILE ../output/02_eq_3_CLKWW.0.dcd AT STEP 1330000
WRITING COORDINATES TO RESTART FILE AT STEP 1330000
FINISHED WRITING RESTART COORDINATES
WRITING VELOCITIES TO RESTART FILE AT STEP 1330000
FINISHED WRITING RESTART VELOCITIES
PRESSURE: 1340000 1895.23 88.7847 -25.1403 88.7866 -1872.21 -90.6793 -25.1404 -90.68 363.028
GPRESSURE: 1340000 1908.9 -71.1733 -39.1884 134.549 -1846.44 7.36931 48.2816 -56.6029 314.845
PRESSAVG: 1340000 2071.65 -41.0792 -69.0829 -41.0792 -1910.05 82.6888 -69.0829 82.6888 -88.9926
GPRESSAVG: 1340000 2067.91 -55.5325 -65.2716 -26.287 -1917.47 102.61 -50.9386 81.0259 -76.6805
TIMING: 1340000  CPU: 1205.2, 0.000899417/step  Wall: 1205.39, 0.000899553/step, 384.191 ns/days, 0.914546 hours remaining, 0.000000 MB of memory in use.
PERFORMANCE: 1340000  averaging 384.202 ns/day, 0.000899528 sec/step with standard deviation 1.56256e-06
ENERGY: 1340000        20.8569        47.8600        42.4724         6.2857         -52289.1922    -85205.2352         0.0000         0.0000     10684.1481        -126692.8043       295.3719   -137376.9524   -126716.3853       297.6744            128.6840       125.7699    185618.0915        24.2023        24.5861

WRITING EXTENDED SYSTEM TO RESTART FILE AT STEP 1340000
WRITING COORDINATES TO DCD FILE ../output/02_eq_3_CLKWW.0.dcd AT STEP 1340000
WRITING COORDINATES TO RESTART FILE AT STEP 1340000
FINISHED WRITING RESTART COORDINATES
WRITING VELOCITIES TO RESTART FILE AT STEP 1340000
FINISHED WRITING RESTART VELOCITIES
PRESSURE: 1350000 1887.45 243.607 -12.5942 243.606 -1873.44 -25.1754 -12.5933 -25.1738 653.409
GPRESSURE: 1350000 1854.8 226.399 -87.471 326.509 -1838.53 -20.8857 -36.742 131.375 657.032
PRESSAVG: 1350000 2066.34 -22.6193 -69.2578 -22.6193 -1917.08 81.4094 -69.2578 81.4094 -28.5326
GPRESSAVG: 1350000 2061.18 -37.1526 -73.566 -8.0979 -1920.28 105.089 -50.597 84.7316 -19.5481
TIMING: 1350000  CPU: 1214.2, 0.000899902/step  Wall: 1214.39, 0.000900147/step, 383.937 ns/days, 0.912649 hours remaining, 0.000000 MB of memory in use.
PERFORMANCE: 1350000  averaging 384.2 ns/day, 0.000899532 sec/step with standard deviation 1.55763e-06
ENERGY: 1350000        33.8321        55.5325        49.5986         2.9668         -52356.8311    -85150.1738         0.0000         0.0000     10732.6240        -126632.4510       296.7121   -137365.0750   -126711.6153       297.4755            222.4749       224.4340    184695.2510        40.2433        40.4516

WRITING EXTENDED SYSTEM TO RESTART FILE AT STEP 1350000
WRITING COORDINATES TO DCD FILE ../output/02_eq_3_CLKWW.0.dcd AT STEP 1350000
WRITING COORDINATES TO RESTART FILE AT STEP 1350000
FINISHED WRITING RESTART COORDINATES
WRITING VELOCITIES TO RESTART FILE AT STEP 1350000
FINISHED WRITING RESTART VELOCITIES
PRESSURE: 1360000 1661.05 331.339 243.033 331.343 -1970.3 -142.674 243.034 -142.675 -463.902
GPRESSURE: 1360000 1663.14 382.182 339.388 287.18 -1963.81 3.33921 112.74 -65.9888 -484.175
PRESSAVG: 1360000 2034.28 -4.66395 -44.7202 -4.66395 -1916.64 82.7035 -44.7202 82.7035 -64.8939
GPRESSAVG: 1360000 2026.54 -14.8091 -46.2486 8.48222 -1918.34 116.953 -32.9676 95.0229 -54.7003
TIMING: 1360000  CPU: 1223.2, 0.000900141/step  Wall: 1223.39, 0.000900279/step, 383.881 ns/days, 0.910282 hours remaining, 0.000000 MB of memory in use.
PERFORMANCE: 1360000  averaging 384.197 ns/day, 0.000899538 sec/step with standard deviation 1.55317e-06
ENERGY: 1360000        27.1964        63.5636        45.7861         1.9153         -52496.3982    -85167.3582         0.0000         0.0000     10907.7593        -126617.5359       301.5539   -137525.2951   -126706.0916       297.7213           -257.7163      -261.6138    184749.8221        17.5831        17.8314

WRITING EXTENDED SYSTEM TO RESTART FILE AT STEP 1360000
WRITING COORDINATES TO DCD FILE ../output/02_eq_3_CLKWW.0.dcd AT STEP 1360000
WRITING COORDINATES TO RESTART FILE AT STEP 1360000
FINISHED WRITING RESTART COORDINATES
WRITING VELOCITIES TO RESTART FILE AT STEP 1360000
FINISHED WRITING RESTART VELOCITIES
PRESSURE: 1370000 1742.78 -320.065 -87.8058 -320.063 -2186.05 224.138 -87.8048 224.14 78.6822
GPRESSURE: 1370000 1733.64 -244.655 -79.7087 -381.193 -2132.84 203.444 -74.9228 203.828 27.9119
PRESSAVG: 1370000 2025.65 -16.1272 -71.6766 -16.1272 -1930.73 88.9038 -71.6766 88.9038 -64.1715
GPRESSAVG: 1370000 2014.08 -24.782 -68.5309 -2.45967 -1926.09 109.871 -61.1802 106.192 -56.9311
TIMING: 1370000  CPU: 1232.21, 0.000900734/step  Wall: 1232.4, 0.000900726/step, 383.69 ns/days, 0.908232 hours remaining, 0.000000 MB of memory in use.
PERFORMANCE: 1370000  averaging 384.194 ns/day, 0.000899546 sec/step with standard deviation 1.55078e-06
ENERGY: 1370000        20.9030        62.0534        41.0691         1.3631         -52454.4269    -85305.8465         0.0000         0.0000     10702.8722        -126932.0125       295.8896   -137634.8848   -126720.2059       297.8859           -121.5302      -123.7630    185048.7585        10.2485        10.3534

WRITING EXTENDED SYSTEM TO RESTART FILE AT STEP 1370000
WRITING COORDINATES TO DCD FILE ../output/02_eq_3_CLKWW.0.dcd AT STEP 1370000
WRITING COORDINATES TO RESTART FILE AT STEP 1370000
FINISHED WRITING RESTART COORDINATES
WRITING VELOCITIES TO RESTART FILE AT STEP 1370000
FINISHED WRITING RESTART VELOCITIES
PRESSURE: 1380000 1665.57 205.304 13.6752 205.307 -2044.73 174.367 13.6729 174.368 -347.71
GPRESSURE: 1380000 1660.47 291.388 -90.132 213.344 -1976.31 215.424 19.8366 106.768 -422.908
PRESSAVG: 1380000 2046.28 -22.0813 -83.3963 -22.0813 -1920.1 108.115 -83.3963 108.115 -84.2639
GPRESSAVG: 1380000 2035.54 -22.6258 -81.805 -8.71726 -1912.72 131.681 -72.8845 122.062 -81.3708
TIMING: 1380000  CPU: 1241.23, 0.000901684/step  Wall: 1241.42, 0.000901744/step, 383.257 ns/days, 0.906753 hours remaining, 0.000000 MB of memory in use.
PERFORMANCE: 1380000  averaging 384.187 ns/day, 0.000899562 sec/step with standard deviation 1.55639e-06
ENERGY: 1380000        26.9127        46.3530        47.6179         2.8498         -52089.1917    -85459.5503         0.0000         0.0000     10845.5867        -126579.4219       299.8350   -137425.0086   -126714.0387       298.0791           -242.2904      -246.2498    185502.9912        13.9709        13.8150

WRITING EXTENDED SYSTEM TO RESTART FILE AT STEP 1380000
WRITING COORDINATES TO DCD FILE ../output/02_eq_3_CLKWW.0.dcd AT STEP 1380000
WRITING COORDINATES TO RESTART FILE AT STEP 1380000
FINISHED WRITING RESTART COORDINATES
WRITING VELOCITIES TO RESTART FILE AT STEP 1380000
FINISHED WRITING RESTART VELOCITIES
PRESSURE: 1390000 1774.67 -307.621 75.4902 -307.62 -2016.6 109.73 75.4906 109.73 -439.965
GPRESSURE: 1390000 1813.61 -247.1 110.61 -330.302 -2089.9 -21.006 40.4717 168.561 -419.362
PRESSAVG: 1390000 2062.05 -38.8637 -71.9336 -38.8637 -1883.82 107.838 -71.9336 107.838 -101.759
GPRESSAVG: 1390000 2057.42 -31.5488 -66.5877 -31.184 -1880.71 125.716 -63.4694 124.937 -100.866
TIMING: 1390000  CPU: 1250.23, 0.000899716/step  Wall: 1250.42, 0.000899932/step, 384.029 ns/days, 0.902432 hours remaining, 0.000000 MB of memory in use.
PERFORMANCE: 1390000  averaging 384.186 ns/day, 0.000899565 sec/step with standard deviation 1.55105e-06
ENERGY: 1390000        26.6768        76.8045        43.7805         0.8135         -52180.6827    -85244.7201         0.0000         0.0000     10757.1563        -126520.1712       297.3903   -137277.3275   -126705.4697       297.9486           -227.3002      -231.8811    184464.9227        25.4888        25.2810

WRITING EXTENDED SYSTEM TO RESTART FILE AT STEP 1390000
WRITING COORDINATES TO DCD FILE ../output/02_eq_3_CLKWW.0.dcd AT STEP 1390000
WRITING COORDINATES TO RESTART FILE AT STEP 1390000
FINISHED WRITING RESTART COORDINATES
WRITING VELOCITIES TO RESTART FILE AT STEP 1390000
FINISHED WRITING RESTART VELOCITIES
PRESSURE: 1400000 2113.85 -118.277 185.223 -118.274 -2138.7 286.699 185.223 286.697 -725.415
GPRESSURE: 1400000 2106.6 -35.6703 102.675 -114.905 -2144.03 293.324 333.227 350.73 -702.944
PRESSAVG: 1400000 2085.01 -49.1975 -73.7772 -49.1975 -1863.52 90.0445 -73.7772 90.0445 -170.03
GPRESSAVG: 1400000 2078.6 -32.531 -76.3036 -44.2198 -1862.08 112.97 -57.0763 101.975 -165.023
TIMING: 1400000  CPU: 1259.23, 0.000900521/step  Wall: 1259.42, 0.000900723/step, 383.692 ns/days, 0.900723 hours remaining, 0.000000 MB of memory in use.
PERFORMANCE: 1400000  averaging 384.182 ns/day, 0.000899573 sec/step with standard deviation 1.54856e-06
ETITLE:      TS           BOND          ANGLE          DIHED          IMPRP               ELECT            VDW       BOUNDARY           MISC        KINETIC               TOTAL           TEMP      POTENTIAL       TOTALAVG        TEMPAVG            PRESSURE      GPRESSURE         VOLUME       PRESSAVG      GPRESSAVG

ENERGY: 1400000        22.4764        50.7976        43.0391         1.3890         -52343.8428    -85389.7777         0.0000         0.0000     10693.4608        -126922.4575       295.6294   -137615.9184   -126703.4875       298.0486           -250.0890      -246.7946    184476.9831        17.1523        17.1668

WRITING EXTENDED SYSTEM TO RESTART FILE AT STEP 1400000
WRITING COORDINATES TO DCD FILE ../output/02_eq_3_CLKWW.0.dcd AT STEP 1400000
WRITING COORDINATES TO RESTART FILE AT STEP 1400000
FINISHED WRITING RESTART COORDINATES
WRITING VELOCITIES TO RESTART FILE AT STEP 1400000
FINISHED WRITING RESTART VELOCITIES
PRESSURE: 1410000 1695.39 -247.508 168.962 -247.509 -2728.96 277.409 168.962 277.41 16.785
GPRESSURE: 1410000 1688.82 -364.899 70.0447 -185.578 -2774.19 314.388 115.005 292.983 71.9003
PRESSAVG: 1410000 2071.75 -52.1521 -64.4983 -52.1521 -1926.37 104.225 -64.4983 104.225 -210.97
GPRESSAVG: 1410000 2068.66 -42.3801 -69.5 -43.892 -1928.18 135.762 -54.9367 115.653 -206.072
TIMING: 1410000  CPU: 1268.24, 0.000901408/step  Wall: 1268.44, 0.000901561/step, 383.335 ns/days, 0.899057 hours remaining, 0.000000 MB of memory in use.
PERFORMANCE: 1410000  averaging 384.176 ns/day, 0.000899587 sec/step with standard deviation 1.55208e-06
ENERGY: 1410000        25.0949        75.0370        51.4844         1.5736         -52275.8999    -85320.0940         0.0000         0.0000     10834.6512        -126608.1528       299.5327   -137442.8040   -126701.0432       298.0255           -338.9287      -337.8231    186714.2503       -21.8629       -21.8662

WRITING EXTENDED SYSTEM TO RESTART FILE AT STEP 1410000
WRITING COORDINATES TO DCD FILE ../output/02_eq_3_CLKWW.0.dcd AT STEP 1410000
WRITING COORDINATES TO RESTART FILE AT STEP 1410000
FINISHED WRITING RESTART COORDINATES
WRITING VELOCITIES TO RESTART FILE AT STEP 1410000
FINISHED WRITING RESTART VELOCITIES
PRESSURE: 1420000 1691.16 183.659 66.9475 183.659 -1882.9 39.367 66.9475 39.3652 -33.6075
GPRESSURE: 1420000 1727.68 278.596 69.494 108.178 -1955.23 161.118 -18.8554 -106.177 -3.2059
PRESSAVG: 1420000 2040.42 -44.9267 -53.8878 -44.9267 -1921.95 99.2671 -53.8878 99.2671 -189.601
GPRESSAVG: 1420000 2039.59 -33.5442 -62.1587 -40.5948 -1928.97 132.078 -41.5846 102.675 -182.349
TIMING: 1420000  CPU: 1277.26, 0.000901631/step  Wall: 1277.46, 0.000901838/step, 383.217 ns/days, 0.896828 hours remaining, 0.000000 MB of memory in use.
PERFORMANCE: 1420000  averaging 384.169 ns/day, 0.000899603 sec/step with standard deviation 1.55806e-06
ENERGY: 1420000        23.1782        62.9253        43.6281         1.5767         -52214.4556    -85424.5900         0.0000         0.0000     10773.2971        -126734.4402       297.8365   -137507.7373   -126703.4255       297.9330            -75.1159       -76.9193    185581.7516       -23.7105       -23.9103

WRITING EXTENDED SYSTEM TO RESTART FILE AT STEP 1420000
WRITING COORDINATES TO DCD FILE ../output/02_eq_3_CLKWW.0.dcd AT STEP 1420000
WRITING COORDINATES TO RESTART FILE AT STEP 1420000
FINISHED WRITING RESTART COORDINATES
WRITING VELOCITIES TO RESTART FILE AT STEP 1420000
FINISHED WRITING RESTART VELOCITIES
PRESSURE: 1430000 2100 73.4077 26.2286 73.4099 -1803.39 -331.007 26.2278 -331.008 110.89
GPRESSURE: 1430000 2082.29 85.4451 158.974 97.6808 -1778.65 -387.156 -133.882 -390.733 94.5897
PRESSAVG: 1430000 2032.02 -42.6165 -31.6007 -42.6165 -1892.1 75.2937 -31.6007 75.2937 -153.241
GPRESSAVG: 1430000 2029.93 -27.2319 -33.4611 -38.6521 -1901.1 105.584 -27.762 77.9776 -144.046
TIMING: 1430000  CPU: 1286.27, 0.000900934/step  Wall: 1286.47, 0.000901101/step, 383.531 ns/days, 0.893592 hours remaining, 0.000000 MB of memory in use.
PERFORMANCE: 1430000  averaging 384.165 ns/day, 0.000899614 sec/step with standard deviation 1.55761e-06
ENERGY: 1430000        20.6395        56.1878        40.2907         2.1074         -52532.3646    -85225.7707         0.0000         0.0000     10758.0671        -126880.8428       297.4155   -137638.9099   -126716.0448       297.7584            135.8335       132.7418    184403.3194        -4.4421        -5.0694

WRITING EXTENDED SYSTEM TO RESTART FILE AT STEP 1430000
WRITING COORDINATES TO DCD FILE ../output/02_eq_3_CLKWW.0.dcd AT STEP 1430000
WRITING COORDINATES TO RESTART FILE AT STEP 1430000
FINISHED WRITING RESTART COORDINATES
WRITING VELOCITIES TO RESTART FILE AT STEP 1430000
FINISHED WRITING RESTART VELOCITIES
PRESSURE: 1440000 1270.6 165.695 129.814 165.694 -2000.48 -471.47 129.816 -471.47 -603.008
GPRESSURE: 1440000 1310.86 134.469 56.3077 86.9997 -2029.53 -455.31 29.7086 -433.536 -613.369
PRESSAVG: 1440000 2029.96 -26.3937 -15.0256 -26.3937 -1859.31 52.3755 -15.0256 52.3755 -142.4
GPRESSAVG: 1440000 2031.3 -12.5155 -18.0901 -26.0365 -1867.52 81.4059 -17.6177 63.0963 -137.996
TIMING: 1440000  CPU: 1295.28, 0.000900791/step  Wall: 1295.48, 0.000900988/step, 383.579 ns/days, 0.890977 hours remaining, 0.000000 MB of memory in use.
PERFORMANCE: 1440000  averaging 384.161 ns/day, 0.000899623 sec/step with standard deviation 1.55637e-06
ENERGY: 1440000        22.1974        50.6359        48.8577         2.2490         -52271.3310    -85440.3892         0.0000         0.0000     10831.4389        -126756.3412       299.4439   -137587.7801   -126711.0154       297.7868           -444.2968      -444.0125    184694.5702         9.4176         8.5929

WRITING EXTENDED SYSTEM TO RESTART FILE AT STEP 1440000
WRITING COORDINATES TO DCD FILE ../output/02_eq_3_CLKWW.0.dcd AT STEP 1440000
WRITING COORDINATES TO RESTART FILE AT STEP 1440000
FINISHED WRITING RESTART COORDINATES
WRITING VELOCITIES TO RESTART FILE AT STEP 1440000
FINISHED WRITING RESTART VELOCITIES
PRESSURE: 1450000 1443.87 41.5994 -104.527 41.601 -2742.19 28.2003 -104.525 28.2017 -471.242
GPRESSURE: 1450000 1390.41 21.1234 9.23026 61.104 -2737.26 -25.6624 -153.833 105.896 -426.027
PRESSAVG: 1450000 1986.02 -22.7146 -13.498 -22.7146 -1922.73 50.5414 -13.498 50.5414 -141.244
GPRESSAVG: 1450000 1983.16 -18.0973 -15.1595 -19.7936 -1927.83 81.7094 -21.9228 62.017 -136.437
TIMING: 1450000  CPU: 1304.27, 0.000899286/step  Wall: 1304.47, 0.000899432/step, 384.243 ns/days, 0.88694 hours remaining, 0.000000 MB of memory in use.
PERFORMANCE: 1450000  averaging 384.161 ns/day, 0.000899622 sec/step with standard deviation 1.55104e-06
ENERGY: 1450000        16.1757        54.1178        45.5682         1.9988         -52330.9694    -85345.7636         0.0000         0.0000     10767.8876        -126790.9848       297.6870   -137558.8724   -126720.7398       297.5986           -589.8541      -590.9582    184975.0508       -25.9825       -27.0344

WRITING EXTENDED SYSTEM TO RESTART FILE AT STEP 1450000
WRITING COORDINATES TO DCD FILE ../output/02_eq_3_CLKWW.0.dcd AT STEP 1450000
WRITING COORDINATES TO RESTART FILE AT STEP 1450000
FINISHED WRITING RESTART COORDINATES
WRITING VELOCITIES TO RESTART FILE AT STEP 1450000
FINISHED WRITING RESTART VELOCITIES
PRESSURE: 1460000 1682.81 -111.891 141.742 -111.89 -2548.57 355.714 141.742 355.715 -601.651
GPRESSURE: 1460000 1742.62 11.3356 177.288 -227.739 -2526.24 359.749 206.64 400.884 -672.663
PRESSAVG: 1460000 1925.97 -27.8501 -15.0743 -27.8501 -1990.78 68.5027 -15.0743 68.5027 -156.748
GPRESSAVG: 1460000 1924.28 -15.9479 -24.3128 -30.3012 -1989.58 101.437 -9.24931 78.973 -159.484
TIMING: 1460000  CPU: 1313.26, 0.000899231/step  Wall: 1313.47, 0.000899445/step, 384.237 ns/days, 0.884455 hours remaining, 0.000000 MB of memory in use.
PERFORMANCE: 1460000  averaging 384.162 ns/day, 0.000899621 sec/step with standard deviation 1.54575e-06
ENERGY: 1460000        23.4936        52.3182        41.3700         2.1302         -52435.4900    -85291.2500         0.0000         0.0000     10658.9187        -126948.5093       294.6745   -137607.4279   -126727.6773       297.4253           -489.1365      -485.4306    185472.9266       -73.8514       -74.9251

WRITING EXTENDED SYSTEM TO RESTART FILE AT STEP 1460000
WRITING COORDINATES TO DCD FILE ../output/02_eq_3_CLKWW.0.dcd AT STEP 1460000
WRITING COORDINATES TO RESTART FILE AT STEP 1460000
FINISHED WRITING RESTART COORDINATES
WRITING VELOCITIES TO RESTART FILE AT STEP 1460000
FINISHED WRITING RESTART VELOCITIES
PRESSURE: 1470000 1588.67 201.894 22.9305 201.894 -2095.41 -137.299 22.931 -137.298 3.38403
GPRESSURE: 1470000 1599.82 190.215 -12.2943 118.835 -2067.4 -31.704 86.9346 -179.607 -23.3572
PRESSAVG: 1470000 1864.04 -17.479 -11.825 -17.479 -2011.04 33.8151 -11.825 33.8151 -166.325
GPRESSAVG: 1470000 1866.6 -2.23753 -24.7377 -32.3938 -2009.31 63.6644 -2.79203 43.7603 -173.06
TIMING: 1470000  CPU: 1322.26, 0.000899437/step  Wall: 1322.46, 0.000899606/step, 384.168 ns/days, 0.882114 hours remaining, 0.000000 MB of memory in use.
PERFORMANCE: 1470000  averaging 384.162 ns/day, 0.00089962 sec/step with standard deviation 1.54045e-06
ENERGY: 1470000        23.4012        61.6016        44.5865         1.8235         -52459.3924    -85110.0233         0.0000         0.0000     10713.9577        -126724.0452       296.1961   -137438.0029   -126731.2367       297.3287           -167.7850      -163.6468    185898.5705      -104.4405      -105.2570

WRITING EXTENDED SYSTEM TO RESTART FILE AT STEP 1470000
WRITING COORDINATES TO DCD FILE ../output/02_eq_3_CLKWW.0.dcd AT STEP 1470000
WRITING COORDINATES TO RESTART FILE AT STEP 1470000
FINISHED WRITING RESTART COORDINATES
WRITING VELOCITIES TO RESTART FILE AT STEP 1470000
FINISHED WRITING RESTART VELOCITIES
PRESSURE: 1480000 2129.87 -160.924 80.703 -160.923 -1253.47 429.031 80.6998 429.032 394.98
GPRESSURE: 1480000 2089.17 -118.187 -9.30597 -72.3311 -1227.3 472.357 204.023 486.095 433.951
PRESSAVG: 1480000 1879.7 -25.5272 -1.06658 -25.5272 -1962.98 38.3867 -1.06658 38.3867 -121.657
GPRESSAVG: 1480000 1877.37 -12.4247 -14.1134 -30.568 -1956.15 74.6621 11.7853 54.7105 -127.435
TIMING: 1480000  CPU: 1331.26, 0.000900493/step  Wall: 1331.47, 0.000900717/step, 383.694 ns/days, 0.880701 hours remaining, 0.000000 MB of memory in use.
PERFORMANCE: 1480000  averaging 384.159 ns/day, 0.000899628 sec/step with standard deviation 1.53784e-06
ENERGY: 1480000        25.0016        55.8879        44.0266         1.4276         -52299.8213    -85321.8393         0.0000         0.0000     10669.3977        -126825.9192       294.9642   -137495.3169   -126740.3286       297.1369            423.7937       431.9398    184831.5854       -68.3109       -68.7366

WRITING EXTENDED SYSTEM TO RESTART FILE AT STEP 1480000
WRITING COORDINATES TO DCD FILE ../output/02_eq_3_CLKWW.0.dcd AT STEP 1480000
WRITING COORDINATES TO RESTART FILE AT STEP 1480000
FINISHED WRITING RESTART COORDINATES
WRITING VELOCITIES TO RESTART FILE AT STEP 1480000
FINISHED WRITING RESTART VELOCITIES
PRESSURE: 1490000 1791.69 -186.861 96.479 -186.861 -2229.4 -216.543 96.4806 -216.543 409.832
GPRESSURE: 1490000 1697.81 -203.669 107.29 -264.675 -2175.34 -189.976 67.8286 -243.2 452.571
PRESSAVG: 1490000 1873.6 -29.5 3.22316 -29.5 -1974.7 29.2826 3.22316 29.2826 -100.332
GPRESSAVG: 1490000 1867.57 -13.2433 -8.15399 -38.8084 -1966.32 65.6785 10.3464 38.9547 -103.557
TIMING: 1490000  CPU: 1340.26, 0.000899704/step  Wall: 1340.47, 0.000899894/step, 384.045 ns/days, 0.877396 hours remaining, 0.000000 MB of memory in use.
PERFORMANCE: 1490000  averaging 384.158 ns/day, 0.00089963 sec/step with standard deviation 1.53279e-06
ENERGY: 1490000        21.8079        62.5225        45.4130         2.4300         -52242.7335    -85273.8031         0.0000         0.0000     10709.7821        -126674.5811       296.0806   -137384.3632   -126742.1001       296.9881             -9.2944        -8.3177    184295.7524       -67.1437       -67.4353

WRITING EXTENDED SYSTEM TO RESTART FILE AT STEP 1490000
WRITING COORDINATES TO DCD FILE ../output/02_eq_3_CLKWW.0.dcd AT STEP 1490000
WRITING COORDINATES TO RESTART FILE AT STEP 1490000
FINISHED WRITING RESTART COORDINATES
WRITING VELOCITIES TO RESTART FILE AT STEP 1490000
FINISHED WRITING RESTART VELOCITIES
PRESSURE: 1500000 1791.7 96.5855 -281.837 96.5843 -1925.7 -116.556 -281.839 -116.555 -484.07
GPRESSURE: 1500000 1796.4 151.981 -222.593 -26.173 -1929.66 -98.5962 -387.161 -76.1174 -489.955
PRESSAVG: 1500000 1829.69 -22.7637 -3.67032 -22.7637 -2022.66 39.1289 -3.67032 39.1289 -118.379
GPRESSAVG: 1500000 1822.66 -4.07663 -10.1598 -44.0075 -2011 71.9275 -6.13201 56.3311 -125.195
TIMING: 1500000  CPU: 1349.27, 0.000901456/step  Wall: 1349.48, 0.000901449/step, 383.383 ns/days, 0.876409 hours remaining, 0.000000 MB of memory in use.
PERFORMANCE: 1500000  averaging 384.153 ns/day, 0.000899642 sec/step with standard deviation 1.53484e-06
ETITLE:      TS           BOND          ANGLE          DIHED          IMPRP               ELECT            VDW       BOUNDARY           MISC        KINETIC               TOTAL           TEMP      POTENTIAL       TOTALAVG        TEMPAVG            PRESSURE      GPRESSURE         VOLUME       PRESSAVG      GPRESSAVG

ENERGY: 1500000        17.9275        53.9823        44.8517         2.0921         -52236.6029    -85234.6735         0.0000         0.0000     10651.9925        -126700.4303       294.4830   -137352.4228   -126735.6365       296.8865           -206.0232      -207.7391    185095.1549      -103.7819      -104.5096

WRITING EXTENDED SYSTEM TO RESTART FILE AT STEP 1500000
WRITING COORDINATES TO DCD FILE ../output/02_eq_3_CLKWW.0.dcd AT STEP 1500000
WRITING COORDINATES TO RESTART FILE AT STEP 1500000
FINISHED WRITING RESTART COORDINATES
WRITING VELOCITIES TO RESTART FILE AT STEP 1500000
FINISHED WRITING RESTART VELOCITIES
PRESSURE: 1510000 2466.82 320.717 -212.559 320.718 -1432.67 -80.0586 -212.558 -80.0575 40.8482
GPRESSURE: 1510000 2500.55 284.233 -202.256 271.934 -1383.33 27.8956 -247.37 -82.2066 -32.2681
PRESSAVG: 1510000 1817.79 -8.70064 -10.8659 -8.70064 -2030.52 28.8187 -10.8659 28.8187 -143.777
GPRESSAVG: 1510000 1815.26 5.84257 -12.3377 -31.4835 -2016.9 68.5919 -18.6947 41.07 -156.387
TIMING: 1510000  CPU: 1358.28, 0.000901005/step  Wall: 1358.5, 0.000901239/step, 383.472 ns/days, 0.873701 hours remaining, 0.000000 MB of memory in use.
PERFORMANCE: 1510000  averaging 384.148 ns/day, 0.000899652 sec/step with standard deviation 1.53523e-06
ENERGY: 1510000        26.9152        58.5381        44.8405         2.6087         -52503.4649    -85126.4746         0.0000         0.0000     10896.6143        -126600.4227       301.2457   -137497.0370   -126727.2977       297.1040            358.3316       361.6523    185359.5854      -118.8338      -119.3423

WRITING EXTENDED SYSTEM TO RESTART FILE AT STEP 1510000
WRITING COORDINATES TO DCD FILE ../output/02_eq_3_CLKWW.0.dcd AT STEP 1510000
WRITING COORDINATES TO RESTART FILE AT STEP 1510000
FINISHED WRITING RESTART COORDINATES
WRITING VELOCITIES TO RESTART FILE AT STEP 1510000
FINISHED WRITING RESTART VELOCITIES
PRESSURE: 1520000 1821.59 -163.273 4.5312 -163.273 -2307.35 313.697 4.5309 313.7 110.666
GPRESSURE: 1520000 1826.32 -208.381 25.9093 -151.093 -2334.12 279.077 -82.5757 249.656 141.206
PRESSAVG: 1520000 1786.71 0.512036 5.81062 0.512036 -2082.95 35.2818 5.81062 35.2818 -110.6
GPRESSAVG: 1520000 1787.16 14.2944 2.92483 -19.1151 -2076.52 64.2669 -15.1838 45.1511 -117.703
TIMING: 1520000  CPU: 1367.28, 0.000899918/step  Wall: 1367.5, 0.000900112/step, 383.952 ns/days, 0.870108 hours remaining, 0.000000 MB of memory in use.
PERFORMANCE: 1520000  averaging 384.147 ns/day, 0.000899655 sec/step with standard deviation 1.53059e-06
ENERGY: 1520000        19.6237        48.7921        42.2767         1.5048         -52342.5293    -85264.8553         0.0000         0.0000     10812.2265        -126682.9607       298.9128   -137495.1872   -126727.4605       297.3334           -125.0331      -122.1969    184872.7267      -135.6159      -135.6891

WRITING EXTENDED SYSTEM TO RESTART FILE AT STEP 1520000
WRITING COORDINATES TO DCD FILE ../output/02_eq_3_CLKWW.0.dcd AT STEP 1520000
WRITING COORDINATES TO RESTART FILE AT STEP 1520000
FINISHED WRITING RESTART COORDINATES
WRITING VELOCITIES TO RESTART FILE AT STEP 1520000
FINISHED WRITING RESTART VELOCITIES
PRESSURE: 1530000 2333.57 230.839 -63.8625 230.839 -1513.16 52.424 -63.8646 52.4266 -329.927
GPRESSURE: 1530000 2281.8 134.761 -85.529 260.505 -1531.47 125.787 -114.244 -169.273 -235.745
PRESSAVG: 1530000 1827.42 28.3514 23.3716 28.3514 -2028.28 33.9662 23.3716 33.9662 -115.9
GPRESSAVG: 1530000 1823.79 34.9196 19.9366 10.6415 -2022.08 61.6488 0.755596 34.6667 -116.599
TIMING: 1530000  CPU: 1376.29, 0.000900812/step  Wall: 1376.51, 0.000900932/step, 383.603 ns/days, 0.868399 hours remaining, 0.000000 MB of memory in use.
PERFORMANCE: 1530000  averaging 384.144 ns/day, 0.000899664 sec/step with standard deviation 1.52904e-06
ENERGY: 1530000        24.9328        67.9447        50.8247         2.5215         -52606.1700    -85154.3056         0.0000         0.0000     10771.4621        -126842.7899       297.7858   -137614.2520   -126733.3637       297.4320            163.4948       171.5270    184889.5456      -105.5891      -104.9641

WRITING EXTENDED SYSTEM TO RESTART FILE AT STEP 1530000
WRITING COORDINATES TO DCD FILE ../output/02_eq_3_CLKWW.0.dcd AT STEP 1530000
WRITING COORDINATES TO RESTART FILE AT STEP 1530000
FINISHED WRITING RESTART COORDINATES
WRITING VELOCITIES TO RESTART FILE AT STEP 1530000
FINISHED WRITING RESTART VELOCITIES
PRESSURE: 1540000 2403.8 77.4617 -337.832 77.4607 -1590.07 -340.481 -337.832 -340.481 146.26
GPRESSURE: 1540000 2347.63 84.7528 -444.724 43.0593 -1511.63 -342.381 -206.577 -308.873 130.597
PRESSAVG: 1540000 1852.84 27.7852 7.73699 27.7852 -2014.18 21.4762 7.73699 21.4762 -126.738
GPRESSAVG: 1540000 1845.72 42.7159 -0.340206 6.067 -2005.34 44.1613 -11.9873 22.0532 -125.811
TIMING: 1540000  CPU: 1385.31, 0.000902176/step  Wall: 1385.53, 0.00090223/step, 383.051 ns/days, 0.867144 hours remaining, 0.000000 MB of memory in use.
PERFORMANCE: 1540000  averaging 384.136 ns/day, 0.00089968 sec/step with standard deviation 1.538e-06
ENERGY: 1540000        20.7171        58.3350        44.5976         2.9347         -52495.9043    -85246.1192         0.0000         0.0000     10781.3636        -126834.0754       298.0596   -137615.4390   -126740.4273       297.5664            319.9959       322.1999    184082.4762       -96.0235       -95.1426

WRITING EXTENDED SYSTEM TO RESTART FILE AT STEP 1540000
WRITING COORDINATES TO DCD FILE ../output/02_eq_3_CLKWW.0.dcd AT STEP 1540000
WRITING COORDINATES TO RESTART FILE AT STEP 1540000
FINISHED WRITING RESTART COORDINATES
WRITING VELOCITIES TO RESTART FILE AT STEP 1540000
FINISHED WRITING RESTART VELOCITIES
PRESSURE: 1550000 1861.41 -76.8461 12.0297 -76.8464 -1499.8 -184.012 12.0273 -184.013 423.884
GPRESSURE: 1550000 1858.5 23.6171 27.2449 -232.3 -1522.06 -144.821 11.0545 -264.091 453.67
PRESSAVG: 1550000 1851.54 11.7625 8.96802 11.7625 -1995.5 13.5342 8.96802 13.5342 -138.214
GPRESSAVG: 1550000 1845.91 32.5768 5.39559 -21.8734 -1989.52 37.9645 -9.5975 2.27993 -135.979
TIMING: 1550000  CPU: 1394.31, 0.000900078/step  Wall: 1394.53, 0.00090015/step, 383.936 ns/days, 0.862644 hours remaining, 0.000000 MB of memory in use.
PERFORMANCE: 1550000  averaging 384.135 ns/day, 0.000899683 sec/step with standard deviation 1.53347e-06
ENERGY: 1550000        26.5705        63.5710        43.9068         1.8550         -52184.6185    -85352.8062         0.0000         0.0000     10700.5594        -126700.9620       295.8257   -137401.5214   -126743.8528       297.5221            261.8293       263.3674    185496.7631       -94.0558       -93.1959

WRITING EXTENDED SYSTEM TO RESTART FILE AT STEP 1550000
WRITING COORDINATES TO DCD FILE ../output/02_eq_3_CLKWW.0.dcd AT STEP 1550000
WRITING COORDINATES TO RESTART FILE AT STEP 1550000
FINISHED WRITING RESTART COORDINATES
WRITING VELOCITIES TO RESTART FILE AT STEP 1550000
FINISHED WRITING RESTART VELOCITIES
PRESSURE: 1560000 1446.73 -62.7045 -281.128 -62.7042 -2109.33 -430.987 -281.128 -430.987 -250.332
GPRESSURE: 1560000 1388.2 -10.5779 -185.706 -34.4159 -2109.44 -360.286 -209.66 -557.52 -206.718
PRESSAVG: 1560000 1840.83 -7.93985 -17.2401 -7.93985 -2002.45 -0.881443 -17.2401 -0.881443 -127.536
GPRESSAVG: 1560000 1832.16 12.9388 -20.8591 -37.9532 -1996.8 19.7833 -25.7175 -22.2966 -122.106
TIMING: 1560000  CPU: 1403.3, 0.000898197/step  Wall: 1403.51, 0.000898327/step, 384.715 ns/days, 0.858401 hours remaining, 0.000000 MB of memory in use.
PERFORMANCE: 1560000  averaging 384.139 ns/day, 0.000899675 sec/step with standard deviation 1.53237e-06
ENERGY: 1560000        19.5204        60.9946        41.3732         1.4381         -52068.1626    -85481.2164         0.0000         0.0000     10680.7916        -126745.2611       295.2792   -137426.0527   -126750.2391       297.2084           -304.3114      -309.3200    184378.5925       -96.3855       -95.5812

WRITING EXTENDED SYSTEM TO RESTART FILE AT STEP 1560000
WRITING COORDINATES TO DCD FILE ../output/02_eq_3_CLKWW.0.dcd AT STEP 1560000
WRITING COORDINATES TO RESTART FILE AT STEP 1560000
FINISHED WRITING RESTART COORDINATES
WRITING VELOCITIES TO RESTART FILE AT STEP 1560000
FINISHED WRITING RESTART VELOCITIES
PRESSURE: 1570000 2334.61 -187.273 36.4535 -187.274 -1616.21 177.023 36.456 177.02 -90.3773
GPRESSURE: 1570000 2340.48 -87.6104 66.2116 -248.118 -1594.71 146.726 -84.5392 46.0916 -116.756
PRESSAVG: 1570000 1870.42 -1.30037 -11.0271 -1.30037 -1973.96 -3.23744 -11.0271 -3.23744 -135.989
GPRESSAVG: 1570000 1862.5 20.791 -13.5631 -31.2994 -1969.89 16.9473 -26.1984 -30.1834 -129.34
TIMING: 1570000  CPU: 1412.27, 0.000897258/step  Wall: 1412.49, 0.000897347/step, 385.135 ns/days, 0.854972 hours remaining, 0.000000 MB of memory in use.
PERFORMANCE: 1570000  averaging 384.145 ns/day, 0.00089966 sec/step with standard deviation 1.53871e-06
ENERGY: 1570000        22.3628        60.3484        47.9332         3.9663         -52485.4991    -85187.3253         0.0000         0.0000     10637.1837        -126901.0300       294.0736   -137538.2137   -126748.6900       297.1176            209.3407       209.6703    184136.3945       -79.8420       -78.9095

WRITING EXTENDED SYSTEM TO RESTART FILE AT STEP 1570000
WRITING COORDINATES TO DCD FILE ../output/02_eq_3_CLKWW.0.dcd AT STEP 1570000
WRITING COORDINATES TO RESTART FILE AT STEP 1570000
FINISHED WRITING RESTART COORDINATES
WRITING VELOCITIES TO RESTART FILE AT STEP 1570000
FINISHED WRITING RESTART VELOCITIES
PRESSURE: 1580000 1858.78 -48.8385 -519.907 -48.8399 -2126.55 -10.0327 -519.91 -10.0314 -855.005
GPRESSURE: 1580000 1938.03 82.61 -456.259 -48.9926 -2239.24 60.3128 -548.163 -89.5489 -822.069
PRESSAVG: 1580000 1880.08 -14.0077 -37.7062 -14.0077 -1978.05 -12.4574 -37.7062 -12.4574 -161.354
GPRESSAVG: 1580000 1876.38 10.3522 -31.8695 -44.4163 -1983.04 9.19178 -54.5983 -39.9993 -149.298
TIMING: 1580000  CPU: 1421.25, 0.000897826/step  Wall: 1421.47, 0.000897976/step, 384.865 ns/days, 0.853078 hours remaining, 0.000000 MB of memory in use.
PERFORMANCE: 1580000  averaging 384.15 ns/day, 0.000899649 sec/step with standard deviation 1.53964e-06
ENERGY: 1580000        28.5545        66.4444        40.5416         1.8156         -52244.8660    -85291.9203         0.0000         0.0000     10727.1319        -126672.2983       296.5603   -137399.4303   -126753.3338       296.9538           -374.2590      -374.4241    185534.2701       -86.4404       -85.3183

WRITING EXTENDED SYSTEM TO RESTART FILE AT STEP 1580000
WRITING COORDINATES TO DCD FILE ../output/02_eq_3_CLKWW.0.dcd AT STEP 1580000
WRITING COORDINATES TO RESTART FILE AT STEP 1580000
FINISHED WRITING RESTART COORDINATES
WRITING VELOCITIES TO RESTART FILE AT STEP 1580000
FINISHED WRITING RESTART VELOCITIES
PRESSURE: 1590000 1371.76 -338.607 -156.656 -338.605 -2576.06 -287.253 -156.655 -287.251 280.608
GPRESSURE: 1590000 1319.98 -301.056 -226.645 -378.748 -2570.37 -392.519 -61.0203 -230.167 329.806
PRESSAVG: 1590000 1859.93 -15.5569 -49.3135 -15.5569 -2006.02 -32.3065 -49.3135 -32.3065 -125.325
GPRESSAVG: 1590000 1851.7 7.65439 -48.7322 -46.8386 -2007.06 -9.38389 -59.6729 -59.9357 -111.839
TIMING: 1590000  CPU: 1430.21, 0.000896438/step  Wall: 1430.43, 0.000896605/step, 385.454 ns/days, 0.849285 hours remaining, 0.000000 MB of memory in use.
PERFORMANCE: 1590000  averaging 384.158 ns/day, 0.00089963 sec/step with standard deviation 1.55362e-06
ENERGY: 1590000        20.9456        60.8528        43.1892         2.0301         -52544.6971    -85301.7929         0.0000         0.0000     10840.0668        -126879.4054       299.6824   -137719.4722   -126771.2955       297.0684           -307.8971      -306.8614    183571.6230       -90.4702       -89.0673

WRITING EXTENDED SYSTEM TO RESTART FILE AT STEP 1590000
WRITING COORDINATES TO DCD FILE ../output/02_eq_3_CLKWW.0.dcd AT STEP 1590000
WRITING COORDINATES TO RESTART FILE AT STEP 1590000
FINISHED WRITING RESTART COORDINATES
WRITING VELOCITIES TO RESTART FILE AT STEP 1590000
FINISHED WRITING RESTART VELOCITIES
PRESSURE: 1600000 1528.92 -166.089 124.351 -166.091 -2357.74 40.0608 124.352 40.0578 -323.782
GPRESSURE: 1600000 1557.22 -45.649 116.121 -131.792 -2418.65 56.7292 152.98 -93.8965 -287.546
PRESSAVG: 1600000 1830.69 -17.9478 -52.357 -17.9478 -2016.97 -44.6384 -52.357 -44.6384 -105.243
GPRESSAVG: 1600000 1824.23 7.15546 -48.0599 -47.6829 -2020.79 -21.2136 -68.6853 -82.167 -91.0693
TIMING: 1600000  CPU: 1439.19, 0.000898034/step  Wall: 1439.42, 0.000898215/step, 384.763 ns/days, 0.848314 hours remaining, 0.000000 MB of memory in use.
PERFORMANCE: 1600000  averaging 384.162 ns/day, 0.000899621 sec/step with standard deviation 1.55277e-06
ETITLE:      TS           BOND          ANGLE          DIHED          IMPRP               ELECT            VDW       BOUNDARY           MISC        KINETIC               TOTAL           TEMP      POTENTIAL       TOTALAVG        TEMPAVG            PRESSURE      GPRESSURE         VOLUME       PRESSAVG      GPRESSAVG

ENERGY: 1600000        27.8399        69.9454        48.1252         2.1377         -52389.8241    -85279.9124         0.0000         0.0000     10781.2902        -126740.3981       298.0575   -137521.6883   -126762.1925       297.1898           -384.2021      -382.9918    184707.3372       -97.1759       -95.8771

WRITING EXTENDED SYSTEM TO RESTART FILE AT STEP 1600000
WRITING COORDINATES TO DCD FILE ../output/02_eq_3_CLKWW.0.dcd AT STEP 1600000
WRITING COORDINATES TO RESTART FILE AT STEP 1600000
FINISHED WRITING RESTART COORDINATES
WRITING VELOCITIES TO RESTART FILE AT STEP 1600000
FINISHED WRITING RESTART VELOCITIES
PRESSURE: 1610000 2339.38 -77.5512 -106.079 -77.5485 -1635.82 100.263 -106.08 100.263 233.403
GPRESSURE: 1610000 2435.46 -119.968 -234.217 -129.662 -1650.25 104.484 -112.84 26.2636 173.317
PRESSAVG: 1610000 1862.89 -9.44977 -66.1091 -9.44977 -1962.31 -53.4958 -66.1091 -53.4958 -94.4124
GPRESSAVG: 1610000 1861.56 19.402 -63.273 -44.8872 -1964.59 -31.7088 -80.0775 -95.503 -85.9985
TIMING: 1610000  CPU: 1448.28, 0.000908963/step  Wall: 1448.51, 0.000909488/step, 379.994 ns/days, 0.856435 hours remaining, 0.000000 MB of memory in use.
PERFORMANCE: 1610000  averaging 384.135 ns/day, 0.000899683 sec/step with standard deviation 1.73227e-06
ENERGY: 1610000        24.8335        49.7387        43.8019         2.2178         -52608.4163    -85123.0457         0.0000         0.0000     10885.8781        -126724.9921       300.9489   -137610.8701   -126768.0345       297.2606            312.3215       319.5078    185076.3602       -64.6134       -63.0106

WRITING EXTENDED SYSTEM TO RESTART FILE AT STEP 1610000
WRITING COORDINATES TO DCD FILE ../output/02_eq_3_CLKWW.0.dcd AT STEP 1610000
WRITING COORDINATES TO RESTART FILE AT STEP 1610000
FINISHED WRITING RESTART COORDINATES
WRITING VELOCITIES TO RESTART FILE AT STEP 1610000
FINISHED WRITING RESTART VELOCITIES
PRESSURE: 1620000 2520.78 39.2337 157.769 39.2327 -1608.23 -3.0272 157.772 -3.02772 905.858
GPRESSURE: 1620000 2520.05 79.9189 156.066 78.7755 -1544.91 -43.8121 162.896 67.3607 826.121
PRESSAVG: 1620000 1904.37 -16.6711 -61.5679 -16.6711 -1948.58 -55.6155 -61.5679 -55.6155 -47.4391
GPRESSAVG: 1620000 1901.18 9.46814 -58.9444 -46.3573 -1944.08 -41.9554 -70.99 -86.8261 -44.5321
TIMING: 1620000  CPU: 1457.26, 0.000897634/step  Wall: 1457.49, 0.000897767/step, 384.955 ns/days, 0.842903 hours remaining, 0.000000 MB of memory in use.
PERFORMANCE: 1620000  averaging 384.141 ns/day, 0.000899671 sec/step with standard deviation 1.73342e-06
ENERGY: 1620000        16.5735        62.6829        43.2572         1.2057         -52364.5819    -85349.4295         0.0000         0.0000     10887.3543        -126702.9379       300.9897   -137590.2921   -126766.4594       297.4183            606.1352       600.4201    183273.5020       -30.5508       -29.1436

WRITING EXTENDED SYSTEM TO RESTART FILE AT STEP 1620000
WRITING COORDINATES TO DCD FILE ../output/02_eq_3_CLKWW.0.dcd AT STEP 1620000
WRITING COORDINATES TO RESTART FILE AT STEP 1620000
FINISHED WRITING RESTART COORDINATES
WRITING VELOCITIES TO RESTART FILE AT STEP 1620000
FINISHED WRITING RESTART VELOCITIES
PRESSURE: 1630000 1986.09 -58.7607 -220.634 -58.7585 -1577.44 -31.93 -220.633 -31.929 681.368
GPRESSURE: 1630000 2031.73 -181.229 -74.9881 27.0312 -1554.47 -179.044 -158.321 29.4824 617.494
PRESSAVG: 1630000 1898.67 -23.2795 -73.9109 -23.2795 -1937.28 -40.6615 -73.9109 -40.6615 -18.9152
GPRESSAVG: 1630000 1898.65 -3.86555 -70.6425 -49.8898 -1932.87 -31.5498 -72.2119 -65.8153 -18.3869
TIMING: 1630000  CPU: 1466.24, 0.000897998/step  Wall: 1466.47, 0.000898265/step, 384.742 ns/days, 0.840876 hours remaining, 0.000000 MB of memory in use.
PERFORMANCE: 1630000  averaging 384.144 ns/day, 0.000899662 sec/step with standard deviation 1.73157e-06
ENERGY: 1630000        22.2389        67.6325        46.0492         2.0987         -52570.4660    -85113.7298         0.0000         0.0000     10842.9832        -126703.1932       299.7631   -137546.1765   -126757.5769       297.5357            363.3398       364.9199    184339.9179       -19.1755       -17.5347

WRITING EXTENDED SYSTEM TO RESTART FILE AT STEP 1630000
WRITING COORDINATES TO DCD FILE ../output/02_eq_3_CLKWW.0.dcd AT STEP 1630000
WRITING COORDINATES TO RESTART FILE AT STEP 1630000
FINISHED WRITING RESTART COORDINATES
WRITING VELOCITIES TO RESTART FILE AT STEP 1630000
FINISHED WRITING RESTART VELOCITIES
PRESSURE: 1640000 1484.78 -129.84 -410.061 -129.841 -2226.45 -108.568 -410.06 -108.567 -386.159
GPRESSURE: 1640000 1465.04 -12.5958 -455.158 -185.355 -2208.84 -238.986 -322.416 -40.2889 -378.991
PRESSAVG: 1640000 1909.38 -38.0563 -100.905 -38.0563 -1948.58 -22.5164 -100.905 -22.5164 -8.07276
GPRESSAVG: 1640000 1906.36 -11.2188 -96.2158 -63.5075 -1941.83 -20.7336 -89.8182 -46.153 -6.66801
TIMING: 1640000  CPU: 1475.21, 0.000897236/step  Wall: 1475.44, 0.000897406/step, 385.11 ns/days, 0.837579 hours remaining, 0.000000 MB of memory in use.
PERFORMANCE: 1640000  averaging 384.15 ns/day, 0.000899648 sec/step with standard deviation 1.73522e-06
ENERGY: 1640000        17.8146        62.6703        45.7278         2.9491         -52193.9996    -85390.1221         0.0000         0.0000     10672.7657        -126782.1942       295.0573   -137454.9598   -126758.8695       297.3163           -375.9441      -374.2642    185093.9965       -15.7579       -14.0473

WRITING EXTENDED SYSTEM TO RESTART FILE AT STEP 1640000
WRITING COORDINATES TO DCD FILE ../output/02_eq_3_CLKWW.0.dcd AT STEP 1640000
WRITING COORDINATES TO RESTART FILE AT STEP 1640000
FINISHED WRITING RESTART COORDINATES
WRITING VELOCITIES TO RESTART FILE AT STEP 1640000
FINISHED WRITING RESTART VELOCITIES
PRESSURE: 1650000 2575.01 -65.4043 345.362 -65.4061 -1542.95 389.83 345.361 389.831 -382.728
GPRESSURE: 1650000 2610.18 -82.8113 202.031 -57.3942 -1550.78 309.653 467.09 349.577 -406.865
PRESSAVG: 1650000 1965.94 -43.4066 -78.4104 -43.4066 -1888.62 -4.43487 -78.4104 -4.43487 -3.64707
GPRESSAVG: 1650000 1967.35 -16.4155 -86.5758 -69.4324 -1882.51 -3.96779 -58.772 -33.9689 -5.70994
TIMING: 1650000  CPU: 1484.18, 0.000897011/step  Wall: 1484.42, 0.0008972/step, 385.198 ns/days, 0.834894 hours remaining, 0.000000 MB of memory in use.
PERFORMANCE: 1650000  averaging 384.156 ns/day, 0.000899634 sec/step with standard deviation 1.74039e-06
ENERGY: 1650000        27.5473        57.5142        41.1559         0.8487         -52321.0305    -85394.1249         0.0000         0.0000     10636.6872        -126951.4021       294.0599   -137588.0893   -126766.8904       297.1350            216.4439       217.5125    184311.2303        24.5570        26.3762

WRITING EXTENDED SYSTEM TO RESTART FILE AT STEP 1650000
WRITING COORDINATES TO DCD FILE ../output/02_eq_3_CLKWW.0.dcd AT STEP 1650000
WRITING COORDINATES TO RESTART FILE AT STEP 1650000
FINISHED WRITING RESTART COORDINATES
WRITING VELOCITIES TO RESTART FILE AT STEP 1650000
FINISHED WRITING RESTART VELOCITIES
PRESSURE: 1660000 2151.31 -155.449 -211.829 -155.45 -1771.83 149.863 -211.832 149.864 279.818
GPRESSURE: 1660000 2182.86 -126.55 -192.338 -198.423 -1778.64 13.6038 5.22925 70.0337 270.547
PRESSAVG: 1660000 1989.36 -45.5846 -96.0891 -45.5846 -1849.78 -14.7274 -96.0891 -14.7274 40.4264
GPRESSAVG: 1660000 1989.36 -23.3098 -105.057 -67.9666 -1845.13 -21.2751 -68.8426 -50.5114 41.4506
TIMING: 1660000  CPU: 1493.16, 0.000897582/step  Wall: 1493.39, 0.000897587/step, 385.033 ns/days, 0.832761 hours remaining, 0.000000 MB of memory in use.
PERFORMANCE: 1660000  averaging 384.162 ns/day, 0.000899621 sec/step with standard deviation 1.74236e-06
ENERGY: 1660000        18.5426        64.6065        46.1284         2.5656         -52467.1606    -85215.3544         0.0000         0.0000     10583.7856        -126966.8862       292.5973   -137550.6719   -126767.8092       297.0311            219.7648       224.9213    184006.3070        60.0021        61.8938

WRITING EXTENDED SYSTEM TO RESTART FILE AT STEP 1660000
WRITING COORDINATES TO DCD FILE ../output/02_eq_3_CLKWW.0.dcd AT STEP 1660000
WRITING COORDINATES TO RESTART FILE AT STEP 1660000
FINISHED WRITING RESTART COORDINATES
WRITING VELOCITIES TO RESTART FILE AT STEP 1660000
FINISHED WRITING RESTART VELOCITIES
PRESSURE: 1670000 2494.63 -90.6912 -339.208 -90.6917 -2223.37 67.4454 -339.211 67.4466 62.9528
GPRESSURE: 1670000 2549.64 -39.2258 -372.781 -195.883 -2288.69 0.822757 -220.845 85.0977 89.8552
PRESSAVG: 1670000 2034.66 -60.2139 -114.196 -60.2139 -1856.18 -4.4902 -114.196 -4.4902 43.4048
GPRESSAVG: 1670000 2036.85 -34.7818 -123.081 -83.7024 -1856.2 -19.6487 -84.2316 -37.2762 47.1112
TIMING: 1670000  CPU: 1502.13, 0.000897889/step  Wall: 1502.37, 0.000898042/step, 384.837 ns/days, 0.830689 hours remaining, 0.000000 MB of memory in use.
PERFORMANCE: 1670000  averaging 384.166 ns/day, 0.000899612 sec/step with standard deviation 1.7414e-06
ENERGY: 1670000        27.3128        61.4230        47.0545         1.0202         -52078.3325    -85464.9653         0.0000         0.0000     10661.3639        -126745.1235       294.7421   -137406.4874   -126768.8632       296.9584            111.4050       116.9372    185678.3799        73.9616        75.9230

WRITING EXTENDED SYSTEM TO RESTART FILE AT STEP 1670000
WRITING COORDINATES TO DCD FILE ../output/02_eq_3_CLKWW.0.dcd AT STEP 1670000
WRITING COORDINATES TO RESTART FILE AT STEP 1670000
FINISHED WRITING RESTART COORDINATES
WRITING VELOCITIES TO RESTART FILE AT STEP 1670000
FINISHED WRITING RESTART VELOCITIES
PRESSURE: 1680000 1985.09 -35.4378 155.746 -35.4359 -2357.97 50.1664 155.746 50.1668 -50.3542
GPRESSURE: 1680000 2023.12 -70.1657 101.139 -41.3096 -2377.41 53.2351 279.151 52.2204 -66.4277
PRESSAVG: 1680000 2027.42 -53.9396 -110.444 -53.9396 -1911.41 -23.4334 -110.444 -23.4334 21.1381
GPRESSAVG: 1680000 2033.55 -32.3808 -117.559 -82.1514 -1913.7 -40.6048 -80.4751 -58.9699 22.0923
TIMING: 1680000  CPU: 1511.12, 0.000898039/step  Wall: 1511.36, 0.000898256/step, 384.746 ns/days, 0.828391 hours remaining, 0.000000 MB of memory in use.
PERFORMANCE: 1680000  averaging 384.169 ns/day, 0.000899604 sec/step with standard deviation 1.73933e-06
ENERGY: 1680000        29.5672        62.2039        44.0114         2.9019         -52258.4858    -85299.9252         0.0000         0.0000     10675.8205        -126743.9062       295.1417   -137419.7267   -126764.7625       296.9673           -141.0805      -140.2381    185040.6833        45.7179        47.3141

WRITING EXTENDED SYSTEM TO RESTART FILE AT STEP 1680000
WRITING COORDINATES TO DCD FILE ../output/02_eq_3_CLKWW.0.dcd AT STEP 1680000
WRITING COORDINATES TO RESTART FILE AT STEP 1680000
FINISHED WRITING RESTART COORDINATES
WRITING VELOCITIES TO RESTART FILE AT STEP 1680000
FINISHED WRITING RESTART VELOCITIES
PRESSURE: 1690000 2111.72 62.5663 25.2707 62.5665 -1623.98 10.4387 25.2699 10.4385 254.47
GPRESSURE: 1690000 2064.28 53.2963 11.9145 216.96 -1613.04 25.9872 11.664 108.679 289.245
PRESSAVG: 1690000 2043.42 -41.4682 -114.004 -41.4682 -1881.14 -12.0844 -114.004 -12.0844 13.3701
GPRESSAVG: 1690000 2051.87 -19.5325 -122.328 -58.0697 -1885.59 -29.8066 -83.2834 -41.376 13.926
TIMING: 1690000  CPU: 1520.11, 0.00089935/step  Wall: 1520.35, 0.000899361/step, 384.273 ns/days, 0.826912 hours remaining, 0.000000 MB of memory in use.
PERFORMANCE: 1690000  averaging 384.17 ns/day, 0.000899602 sec/step with standard deviation 1.73425e-06
ENERGY: 1690000        22.0686        55.1526        44.8560         0.6430         -52598.9751    -85158.6770         0.0000         0.0000     10759.9067        -126875.0252       297.4664   -137634.9319   -126774.7847       297.0366            247.4034       246.8287    183932.9815        58.5528        60.0714

WRITING EXTENDED SYSTEM TO RESTART FILE AT STEP 1690000
WRITING COORDINATES TO DCD FILE ../output/02_eq_3_CLKWW.0.dcd AT STEP 1690000
WRITING COORDINATES TO RESTART FILE AT STEP 1690000
FINISHED WRITING RESTART COORDINATES
WRITING VELOCITIES TO RESTART FILE AT STEP 1690000
FINISHED WRITING RESTART VELOCITIES
PRESSURE: 1700000 2240.44 98.863 57.5302 98.8602 -2237.25 152.795 57.5309 152.795 81.1996
GPRESSURE: 1700000 2198.97 162.816 105.895 107.324 -2181.58 129.886 83.9787 173.661 68.8671
PRESSAVG: 1700000 2065.86 -41.3544 -97.0359 -41.3544 -1896.71 1.38315 -97.0359 1.38315 41.6335
GPRESSAVG: 1700000 2072 -18.9907 -105.903 -51.3948 -1898.18 -18.3825 -59.7264 -28.8871 41.867
TIMING: 1700000  CPU: 1529.08, 0.000897596/step  Wall: 1529.33, 0.000897862/step, 384.914 ns/days, 0.82304 hours remaining, 0.000000 MB of memory in use.
PERFORMANCE: 1700000  averaging 384.174 ns/day, 0.000899592 sec/step with standard deviation 1.73425e-06
ETITLE:      TS           BOND          ANGLE          DIHED          IMPRP               ELECT            VDW       BOUNDARY           MISC        KINETIC               TOTAL           TEMP      POTENTIAL       TOTALAVG        TEMPAVG            PRESSURE      GPRESSURE         VOLUME       PRESSAVG      GPRESSAVG

ENERGY: 1700000        20.3558        62.4071        46.0917         1.5959         -52166.3724    -85353.0452         0.0000         0.0000     10796.3706        -126592.5966       298.4744   -137388.9672   -126769.3930       297.2362             28.1309        28.7521    184615.4310        70.2605        71.8960

WRITING EXTENDED SYSTEM TO RESTART FILE AT STEP 1700000
WRITING COORDINATES TO DCD FILE ../output/02_eq_3_CLKWW.0.dcd AT STEP 1700000
WRITING COORDINATES TO RESTART FILE AT STEP 1700000
FINISHED WRITING RESTART COORDINATES
WRITING VELOCITIES TO RESTART FILE AT STEP 1700000
FINISHED WRITING RESTART VELOCITIES
PRESSURE: 1710000 1274.22 -67.9786 48.0268 -67.9776 -2179.79 -151.938 48.0267 -151.937 -214.26
GPRESSURE: 1710000 1219.52 -70.349 -44.3608 -89.3374 -2184.47 -201.752 120.092 -84.1879 -137.84
PRESSAVG: 1710000 2006.23 -60.7892 -84.0067 -60.7892 -1934.07 -2.21085 -84.0067 -2.21085 28.8781
GPRESSAVG: 1710000 2007.95 -36.7198 -98.0087 -69.4584 -1938.24 -29.8649 -41.3533 -28.9862 36.5885
TIMING: 1710000  CPU: 1538.05, 0.000896664/step  Wall: 1538.29, 0.000896662/step, 385.429 ns/days, 0.81945 hours remaining, 0.000000 MB of memory in use.
PERFORMANCE: 1710000  averaging 384.181 ns/day, 0.000899575 sec/step with standard deviation 1.74359e-06
ENERGY: 1710000        26.9367        53.4498        51.8775         1.0649         -52084.1270    -85326.3777         0.0000         0.0000     10869.6926        -126407.4832       300.5015   -137277.1758   -126759.7461       297.1990           -373.2748      -367.5966    185471.6851        33.6801        35.4336

WRITING EXTENDED SYSTEM TO RESTART FILE AT STEP 1710000
WRITING COORDINATES TO DCD FILE ../output/02_eq_3_CLKWW.0.dcd AT STEP 1710000
WRITING COORDINATES TO RESTART FILE AT STEP 1710000
FINISHED WRITING RESTART COORDINATES
WRITING VELOCITIES TO RESTART FILE AT STEP 1710000
FINISHED WRITING RESTART VELOCITIES
PRESSURE: 1720000 2337.71 -449.884 -188.732 -449.884 -1669.87 -49.9606 -188.731 -49.9616 95.8766
GPRESSURE: 1720000 2242.38 -335.409 -217.762 -495.171 -1655.32 -171.09 -250.117 5.14063 176.946
PRESSAVG: 1720000 2032.04 -75.1197 -93.6697 -75.1197 -1902.19 -20.3939 -93.6697 -20.3939 28.1386
GPRESSAVG: 1720000 2028.75 -43.0712 -110.192 -86.6623 -1904.3 -52.3733 -49.7304 -41.2119 38.3754
TIMING: 1720000  CPU: 1547.03, 0.00089807/step  Wall: 1547.27, 0.000898043/step, 384.837 ns/days, 0.818217 hours remaining, 0.000000 MB of memory in use.
PERFORMANCE: 1720000  averaging 384.185 ns/day, 0.000899566 sec/step with standard deviation 1.74241e-06
ENERGY: 1720000        24.3880        71.5742        43.9031         2.2549         -52448.0804    -85272.0773         0.0000         0.0000     10746.6131        -126831.4244       297.0988   -137578.0375   -126767.1692       297.1083            254.5698       254.6682    184139.1044        52.6603        54.2768

WRITING EXTENDED SYSTEM TO RESTART FILE AT STEP 1720000
WRITING COORDINATES TO DCD FILE ../output/02_eq_3_CLKWW.0.dcd AT STEP 1720000
WRITING COORDINATES TO RESTART FILE AT STEP 1720000
FINISHED WRITING RESTART COORDINATES
WRITING VELOCITIES TO RESTART FILE AT STEP 1720000
FINISHED WRITING RESTART VELOCITIES
PRESSURE: 1730000 2245.89 -162.5 116.18 -162.5 -1727.87 218.511 116.182 218.512 723.903
GPRESSURE: 1730000 2209.68 -133.99 55.5071 -160.442 -1752.72 189.241 216.337 273.558 786.758
PRESSAVG: 1730000 2027.65 -94.7867 -84.6674 -94.7867 -1912.93 -12.0896 -84.6674 -12.0896 80.8301
GPRESSAVG: 1730000 2025.15 -56.5088 -103.14 -107.71 -1915.36 -49.2006 -33.2013 -19.0704 89.5006
TIMING: 1730000  CPU: 1556.03, 0.00089967/step  Wall: 1556.27, 0.000899729/step, 384.116 ns/days, 0.817254 hours remaining, 0.000000 MB of memory in use.
PERFORMANCE: 1730000  averaging 384.185 ns/day, 0.000899567 sec/step with standard deviation 1.73738e-06
ENERGY: 1730000        22.3685        58.6744        43.6834         1.6914         -52395.1438    -85345.0171         0.0000         0.0000     10852.3871        -126761.3561       300.0231   -137613.7432   -126763.0976       297.2201            413.9719       414.5734    184182.0962        65.1841        66.4291

WRITING EXTENDED SYSTEM TO RESTART FILE AT STEP 1730000
WRITING COORDINATES TO DCD FILE ../output/02_eq_3_CLKWW.0.dcd AT STEP 1730000
WRITING COORDINATES TO RESTART FILE AT STEP 1730000
FINISHED WRITING RESTART COORDINATES
WRITING VELOCITIES TO RESTART FILE AT STEP 1730000
FINISHED WRITING RESTART VELOCITIES
PRESSURE: 1740000 2227.46 -69.1683 255.232 -69.1675 -1568.74 -183.568 255.233 -183.568 -313.898
GPRESSURE: 1740000 2205.97 -69.1725 234.835 -132.171 -1555.66 -254.401 175.262 -206.03 -317.127
PRESSAVG: 1740000 2018.84 -102.118 -55.0142 -102.118 -1911.86 -4.24393 -55.0142 -4.24393 57.8222
GPRESSAVG: 1740000 2018.06 -64.2051 -69.1625 -116.471 -1917.56 -44.8016 -14.1094 -13.9282 67.1144
TIMING: 1740000  CPU: 1565.03, 0.000900386/step  Wall: 1565.28, 0.000900611/step, 383.739 ns/days, 0.815553 hours remaining, 0.000000 MB of memory in use.
PERFORMANCE: 1740000  averaging 384.182 ns/day, 0.000899573 sec/step with standard deviation 1.73416e-06
ENERGY: 1740000        20.5971        70.8537        42.9635         2.5874         -52563.3296    -85121.0959         0.0000         0.0000     10738.9419        -126808.4819       296.8868   -137547.4238   -126761.8179       297.1615            114.9410       111.0593    183671.1483        54.9314        55.8721

WRITING EXTENDED SYSTEM TO RESTART FILE AT STEP 1740000
WRITING COORDINATES TO DCD FILE ../output/02_eq_3_CLKWW.0.dcd AT STEP 1740000
WRITING COORDINATES TO RESTART FILE AT STEP 1740000
FINISHED WRITING RESTART COORDINATES
WRITING VELOCITIES TO RESTART FILE AT STEP 1740000
FINISHED WRITING RESTART VELOCITIES
PRESSURE: 1750000 2202.49 69.7417 -329.939 69.7428 -2037.46 -89.2281 -329.939 -89.2269 12.5316
GPRESSURE: 1750000 2235.55 44.8495 -348.133 74.3241 -1996.3 -61.6335 -191.532 -77.394 -53.2774
PRESSAVG: 1750000 2035.89 -94.7886 -72.1125 -94.7886 -1938.75 0.4954 -72.1125 0.4954 37.2546
GPRESSAVG: 1750000 2036.92 -63.1434 -87.9314 -101.14 -1941.27 -40.6422 -24.2387 -4.59339 41.767
TIMING: 1750000  CPU: 1574.05, 0.000901298/step  Wall: 1574.29, 0.000901459/step, 383.378 ns/days, 0.813817 hours remaining, 0.000000 MB of memory in use.
PERFORMANCE: 1750000  averaging 384.178 ns/day, 0.000899584 sec/step with standard deviation 1.73503e-06
ENERGY: 1750000        20.3931        57.7736        46.2382         1.5665         -52399.4970    -85218.2636         0.0000         0.0000     10803.2453        -126688.5439       298.6645   -137491.7893   -126761.1970       297.3034             59.1879        61.9914    185443.5932        44.7993        45.8033

WRITING EXTENDED SYSTEM TO RESTART FILE AT STEP 1750000
WRITING COORDINATES TO DCD FILE ../output/02_eq_3_CLKWW.0.dcd AT STEP 1750000
WRITING COORDINATES TO RESTART FILE AT STEP 1750000
FINISHED WRITING RESTART COORDINATES
WRITING VELOCITIES TO RESTART FILE AT STEP 1750000
FINISHED WRITING RESTART VELOCITIES
PRESSURE: 1760000 2043.98 11.3476 173.569 11.3471 -1251.08 -30.5856 173.567 -30.5847 1047.73
GPRESSURE: 1760000 2057.58 -69.3232 105.278 24.4769 -1306.51 -66.9073 268.006 33.5477 1067.95
PRESSAVG: 1760000 2065.75 -91.0861 -49.3777 -91.0861 -1895.83 20.5155 -49.3777 20.5155 102.158
GPRESSAVG: 1760000 2070.39 -66.0807 -73.3821 -98.1953 -1901.13 -25.9732 -0.35536 24.96 105.501
TIMING: 1760000  CPU: 1583.05, 0.00090061/step  Wall: 1583.3, 0.000900821/step, 383.65 ns/days, 0.810739 hours remaining, 0.000000 MB of memory in use.
PERFORMANCE: 1760000  averaging 384.175 ns/day, 0.000899591 sec/step with standard deviation 1.73258e-06
ENERGY: 1760000        19.3686        63.8472        47.6684         2.0671         -52674.3584    -85020.9656         0.0000         0.0000     10776.9949        -126785.3778       297.9388   -137562.3726   -126763.2028       297.4364            613.5432       606.3401    184774.8691        90.6921        91.5863

WRITING EXTENDED SYSTEM TO RESTART FILE AT STEP 1760000
WRITING COORDINATES TO DCD FILE ../output/02_eq_3_CLKWW.0.dcd AT STEP 1760000
WRITING COORDINATES TO RESTART FILE AT STEP 1760000
FINISHED WRITING RESTART COORDINATES
WRITING VELOCITIES TO RESTART FILE AT STEP 1760000
FINISHED WRITING RESTART VELOCITIES
PRESSURE: 1770000 1544.82 -22.3371 -188.683 -22.3364 -2106.94 -77.048 -188.686 -77.0489 -969.357
GPRESSURE: 1770000 1655.43 -50.636 -251.097 0.0666307 -2177.51 -84.5193 -292.836 -63.6483 -1012.04
PRESSAVG: 1770000 2026.26 -82.8392 -60.6348 -82.8392 -1920.37 7.81207 -60.6348 7.81207 58.2089
GPRESSAVG: 1770000 2036.13 -64.232 -89.2476 -85.7861 -1930.27 -37.5355 -10.7702 19.473 60.7365
TIMING: 1770000  CPU: 1592.04, 0.000898634/step  Wall: 1592.29, 0.00089882/step, 384.504 ns/days, 0.806441 hours remaining, 0.000000 MB of memory in use.
PERFORMANCE: 1770000  averaging 384.177 ns/day, 0.000899586 sec/step with standard deviation 1.72862e-06
ENERGY: 1770000        19.6658        62.5365        49.8133         3.7215         -52221.4882    -85388.1762         0.0000         0.0000     10676.1399        -126797.7874       295.1506   -137473.9273   -126758.0407       297.4903           -510.4922      -511.3745    185631.0613        54.7004        55.5341

WRITING EXTENDED SYSTEM TO RESTART FILE AT STEP 1770000
WRITING COORDINATES TO DCD FILE ../output/02_eq_3_CLKWW.0.dcd AT STEP 1770000
WRITING COORDINATES TO RESTART FILE AT STEP 1770000
FINISHED WRITING RESTART COORDINATES
WRITING VELOCITIES TO RESTART FILE AT STEP 1770000
FINISHED WRITING RESTART VELOCITIES
PRESSURE: 1780000 1821.32 106.085 -12.0092 106.086 -2325.55 242.972 -12.0087 242.971 -248.765
GPRESSURE: 1780000 1823.43 86.037 -130.25 90.2361 -2344.5 192.696 55.4796 220.283 -231.787
PRESSAVG: 1780000 2024.39 -75.0929 -35.2397 -75.0929 -1930.32 20.4622 -35.2397 20.4622 88.5209
GPRESSAVG: 1780000 2030.4 -64.0606 -72.9471 -78.8247 -1935.53 -30.9163 19.4119 34.9646 90.2506
TIMING: 1780000  CPU: 1601.02, 0.000898443/step  Wall: 1601.27, 0.000898597/step, 384.6 ns/days, 0.803745 hours remaining, 0.000000 MB of memory in use.
PERFORMANCE: 1780000  averaging 384.179 ns/day, 0.000899581 sec/step with standard deviation 1.72533e-06
ENERGY: 1780000        30.7747        62.6683        46.2695         3.6575         -52413.6034    -85255.3575         0.0000         0.0000     10829.9867        -126695.6041       299.4038   -137525.5908   -126759.2060       297.6324           -250.9971      -250.9530    184342.3466        60.8635        61.7076

WRITING EXTENDED SYSTEM TO RESTART FILE AT STEP 1780000
WRITING COORDINATES TO DCD FILE ../output/02_eq_3_CLKWW.0.dcd AT STEP 1780000
WRITING COORDINATES TO RESTART FILE AT STEP 1780000
FINISHED WRITING RESTART COORDINATES
WRITING VELOCITIES TO RESTART FILE AT STEP 1780000
FINISHED WRITING RESTART VELOCITIES
PRESSURE: 1790000 2323.06 -173.65 15.5889 -173.648 -1343.03 -127.964 15.5879 -127.965 617.928
GPRESSURE: 1790000 2343.56 -65.1187 -53.8489 -203.123 -1452.61 -239.975 107.807 -154.662 719.811
PRESSAVG: 1790000 2071.95 -66.845 -26.6276 -66.845 -1868.67 28.4265 -26.6276 28.4265 105.387
GPRESSAVG: 1790000 2081.58 -52.2638 -64.3073 -70.0434 -1879.64 -23.2891 27.8533 38.7398 109.751
TIMING: 1790000  CPU: 1610.03, 0.000900926/step  Wall: 1610.29, 0.000901111/step, 383.527 ns/days, 0.80349 hours remaining, 0.000000 MB of memory in use.
PERFORMANCE: 1790000  averaging 384.175 ns/day, 0.000899589 sec/step with standard deviation 1.72427e-06
ENERGY: 1790000        26.6842        60.3874        50.5803         4.6913         -52365.8572    -85158.6098         0.0000         0.0000     10649.8940        -126732.2298       294.4250   -137382.1238   -126751.8472       297.3696            532.6516       536.9203    183825.3373       102.8910       103.8967

WRITING EXTENDED SYSTEM TO RESTART FILE AT STEP 1790000
WRITING COORDINATES TO DCD FILE ../output/02_eq_3_CLKWW.0.dcd AT STEP 1790000
WRITING COORDINATES TO RESTART FILE AT STEP 1790000
FINISHED WRITING RESTART COORDINATES
WRITING VELOCITIES TO RESTART FILE AT STEP 1790000
FINISHED WRITING RESTART VELOCITIES
PRESSURE: 1800000 2361.28 99.843 -66.5215 99.8403 -1840.22 118.324 -66.5211 118.324 -65.2248
GPRESSURE: 1800000 2359.43 34.6455 -7.22898 116.596 -1816.29 28.6851 -78.4746 135.618 -99.7015
PRESSAVG: 1800000 2113.57 -53.5485 -36.1712 -53.5485 -1842.79 32.3398 -36.1712 32.3398 118.315
GPRESSAVG: 1800000 2121.69 -48.2491 -70.4748 -57.624 -1849.52 -24.6913 16.2805 50.2155 119.143
TIMING: 1800000  CPU: 1619.05, 0.000901637/step  Wall: 1619.3, 0.000901815/step, 383.227 ns/days, 0.801613 hours remaining, 0.000000 MB of memory in use.
PERFORMANCE: 1800000  averaging 384.17 ns/day, 0.000899602 sec/step with standard deviation 1.72743e-06
ETITLE:      TS           BOND          ANGLE          DIHED          IMPRP               ELECT            VDW       BOUNDARY           MISC        KINETIC               TOTAL           TEMP      POTENTIAL       TOTALAVG        TEMPAVG            PRESSURE      GPRESSURE         VOLUME       PRESSAVG      GPRESSAVG

ENERGY: 1800000        27.2703        64.5585        43.9104         3.6241         -52092.3096    -85304.3634         0.0000         0.0000     10715.0368        -126542.2728       296.2259   -137257.3096   -126741.9409       297.2780            151.9432       147.8141    185533.7045       129.6982       130.4370

WRITING EXTENDED SYSTEM TO RESTART FILE AT STEP 1800000
WRITING COORDINATES TO DCD FILE ../output/02_eq_3_CLKWW.0.dcd AT STEP 1800000
WRITING COORDINATES TO RESTART FILE AT STEP 1800000
FINISHED WRITING RESTART COORDINATES
WRITING VELOCITIES TO RESTART FILE AT STEP 1800000
FINISHED WRITING RESTART VELOCITIES
PRESSURE: 1810000 1823.21 -67.763 -147.089 -67.7624 -2280.02 -17.8646 -147.09 -17.8634 -449.1
GPRESSURE: 1810000 1799.43 -49.2294 -224.169 -95.7092 -2280.62 -75.6886 -133.814 79.8222 -428.451
PRESSAVG: 1810000 2087.76 -53.0592 -38.2217 -53.0592 -1875 26.4335 -38.2217 26.4335 84.1896
GPRESSAVG: 1810000 2089.89 -44.7121 -69.9724 -55.9264 -1881.04 -33.6999 15.2318 52.8935 89.0547
TIMING: 1810000  CPU: 1628.05, 0.00090018/step  Wall: 1628.31, 0.000900147/step, 383.937 ns/days, 0.797631 hours remaining, 0.000000 MB of memory in use.
PERFORMANCE: 1810000  averaging 384.169 ns/day, 0.000899605 sec/step with standard deviation 1.7231e-06
ENERGY: 1810000        18.1816        65.1212        44.0303         4.2158         -52172.3897    -85379.9169         0.0000         0.0000     10710.8405        -126709.9171       296.1099   -137420.7576   -126741.1872       297.0360           -301.9692      -303.2123    185175.5474        98.9837        99.3010

WRITING EXTENDED SYSTEM TO RESTART FILE AT STEP 1810000
WRITING COORDINATES TO DCD FILE ../output/02_eq_3_CLKWW.0.dcd AT STEP 1810000
WRITING COORDINATES TO RESTART FILE AT STEP 1810000
FINISHED WRITING RESTART COORDINATES
WRITING VELOCITIES TO RESTART FILE AT STEP 1810000
FINISHED WRITING RESTART VELOCITIES
PRESSURE: 1820000 1825.98 51.9226 -58.2299 51.9233 -1967.8 -11.9786 -58.2295 -11.9788 -849.22
GPRESSURE: 1820000 1794.76 8.91211 42.2001 136.401 -1984.65 -77.5713 -117.271 -34.8151 -803.552
PRESSAVG: 1820000 2053.02 -52.4246 -49.0218 -52.4246 -1892.98 25.9859 -49.0218 25.9859 -3.5643
GPRESSAVG: 1820000 2053.63 -48.2625 -75.6657 -53.0451 -1903.03 -35.3879 1.22347 47.7847 7.571
TIMING: 1820000  CPU: 1637.02, 0.000897235/step  Wall: 1637.28, 0.000897434/step, 385.098 ns/days, 0.792733 hours remaining, 0.000000 MB of memory in use.
PERFORMANCE: 1820000  averaging 384.174 ns/day, 0.000899593 sec/step with standard deviation 1.72585e-06
ENERGY: 1820000        24.8775        59.6412        47.6841         1.9017         -52503.4426    -85224.2166         0.0000         0.0000     10734.9544        -126858.6004       296.7765   -137593.5548   -126748.9703       296.8254           -330.3482      -331.1457    185575.6218        52.1595        52.7227

WRITING EXTENDED SYSTEM TO RESTART FILE AT STEP 1820000
WRITING COORDINATES TO DCD FILE ../output/02_eq_3_CLKWW.0.dcd AT STEP 1820000
WRITING COORDINATES TO RESTART FILE AT STEP 1820000
FINISHED WRITING RESTART COORDINATES
WRITING VELOCITIES TO RESTART FILE AT STEP 1820000
FINISHED WRITING RESTART VELOCITIES
PRESSURE: 1830000 2029.31 161.474 254.871 161.473 -2112.12 -95.3523 254.872 -95.3517 252.714
GPRESSURE: 1830000 2062.5 142.256 260.825 192.334 -2088.67 -163.526 248.531 -73.3714 200.784
PRESSAVG: 1830000 2055.19 -41.413 -25.2465 -41.413 -1919.71 22.8148 -25.2465 22.8148 -24.997
GPRESSAVG: 1830000 2055.17 -32.0882 -58.8751 -44.78 -1929.74 -34.6119 21.5661 42.642 -13.2645
TIMING: 1830000  CPU: 1645.99, 0.000896833/step  Wall: 1646.25, 0.00089702/step, 385.276 ns/days, 0.789876 hours remaining, 0.000000 MB of memory in use.
PERFORMANCE: 1830000  averaging 384.18 ns/day, 0.000899579 sec/step with standard deviation 1.73158e-06
ENERGY: 1830000        17.9129        56.4556        42.6308         2.5213         -52207.6428    -85166.0339         0.0000         0.0000     10841.3453        -126412.8107       299.7178   -137254.1560   -126734.4512       296.8231             56.6365        58.2038    185520.8881        36.8244        37.3869

WRITING EXTENDED SYSTEM TO RESTART FILE AT STEP 1830000
WRITING COORDINATES TO DCD FILE ../output/02_eq_3_CLKWW.0.dcd AT STEP 1830000
WRITING COORDINATES TO RESTART FILE AT STEP 1830000
FINISHED WRITING RESTART COORDINATES
WRITING VELOCITIES TO RESTART FILE AT STEP 1830000
FINISHED WRITING RESTART VELOCITIES
PRESSURE: 1840000 1213.42 -11.0699 54.4383 -11.069 -2366.97 80.3123 54.4383 80.3127 47.8023
GPRESSURE: 1840000 1352.03 84.2984 50.017 -111.432 -2374.28 62.9705 93.1815 106.126 -71.7614
PRESSAVG: 1840000 2041.62 -35.4744 -2.02157 -35.4744 -1926.74 32.2588 -2.02157 32.2588 -3.29893
GPRESSAVG: 1840000 2049.52 -27.2435 -33.6163 -41.0839 -1938.01 -19.5141 42.346 49.9627 2.09699
TIMING: 1840000  CPU: 1654.96, 0.000896988/step  Wall: 1655.22, 0.000897213/step, 385.193 ns/days, 0.787554 hours remaining, 0.000000 MB of memory in use.
PERFORMANCE: 1840000  averaging 384.185 ns/day, 0.000899566 sec/step with standard deviation 1.73563e-06
ENERGY: 1840000        27.5111        63.3249        46.8065         1.9032         -52355.9299    -85318.7712         0.0000         0.0000     10758.3734        -126776.7821       297.4240   -137535.1555   -126734.1806       296.9414           -368.5829      -364.6704    185605.8147        37.1924        37.8666

WRITING EXTENDED SYSTEM TO RESTART FILE AT STEP 1840000
WRITING COORDINATES TO DCD FILE ../output/02_eq_3_CLKWW.0.dcd AT STEP 1840000
WRITING COORDINATES TO RESTART FILE AT STEP 1840000
FINISHED WRITING RESTART COORDINATES
WRITING VELOCITIES TO RESTART FILE AT STEP 1840000
FINISHED WRITING RESTART VELOCITIES
PRESSURE: 1850000 1785.04 169.229 -266.276 169.23 -1721.89 231.138 -266.276 231.135 296.312
GPRESSURE: 1850000 1815.94 23.7255 -116.68 260.412 -1780.28 203.839 -343.799 159.197 319.993
PRESSAVG: 1850000 2002.12 -23.7426 -32.6035 -23.7426 -1935.69 24.3239 -32.6035 24.3239 30.6531
GPRESSAVG: 1850000 2009.8 -21.9167 -49.5518 -25.1935 -1949.49 -24.8048 1.80153 40.4438 38.4399
TIMING: 1850000  CPU: 1663.97, 0.000900573/step  Wall: 1664.23, 0.00090077/step, 383.672 ns/days, 0.788174 hours remaining, 0.000000 MB of memory in use.
PERFORMANCE: 1850000  averaging 384.183 ns/day, 0.000899572 sec/step with standard deviation 1.73317e-06
ENERGY: 1850000        21.4595        60.0483        38.5161         1.2407         -52412.8533    -85312.9739         0.0000         0.0000     10829.2960        -126775.2666       299.3847   -137604.5626   -126725.3738       297.2077            119.8191       118.5501    185198.3070        32.3612        32.9185

WRITING EXTENDED SYSTEM TO RESTART FILE AT STEP 1850000
WRITING COORDINATES TO DCD FILE ../output/02_eq_3_CLKWW.0.dcd AT STEP 1850000
WRITING COORDINATES TO RESTART FILE AT STEP 1850000
FINISHED WRITING RESTART COORDINATES
WRITING VELOCITIES TO RESTART FILE AT STEP 1850000
FINISHED WRITING RESTART VELOCITIES
PRESSURE: 1860000 2225.73 -158.073 134.744 -158.074 -1733.83 158.804 134.745 158.805 -476.051
GPRESSURE: 1860000 2257.94 -210.911 37.5878 -124.691 -1736.89 175.531 76.8343 165.239 -507.857
PRESSAVG: 1860000 2005.84 -23.8738 -15.2746 -23.8738 -1933.79 24.771 -15.2746 24.771 -7.14034
GPRESSAVG: 1860000 2013.56 -26.1347 -38.0555 -21.5069 -1947.4 -16.7085 5.38178 45.204 -0.48033
TIMING: 1860000  CPU: 1672.94, 0.000897139/step  Wall: 1673.2, 0.000897325/step, 385.145 ns/days, 0.782667 hours remaining, 0.000000 MB of memory in use.
PERFORMANCE: 1860000  averaging 384.188 ns/day, 0.00089956 sec/step with standard deviation 1.73632e-06
ENERGY: 1860000        25.9442        63.1741        38.5640         1.2486         -52230.9773    -85383.6502         0.0000         0.0000     10718.4456        -126767.2510       296.3201   -137485.6966   -126715.3920       297.3938              5.2828         4.3998    184774.4570        21.6371        21.8924

WRITING EXTENDED SYSTEM TO RESTART FILE AT STEP 1860000
WRITING COORDINATES TO DCD FILE ../output/02_eq_3_CLKWW.0.dcd AT STEP 1860000
WRITING COORDINATES TO RESTART FILE AT STEP 1860000
FINISHED WRITING RESTART COORDINATES
WRITING VELOCITIES TO RESTART FILE AT STEP 1860000
FINISHED WRITING RESTART VELOCITIES
PRESSURE: 1870000 2386.94 30.6684 60.2084 30.6662 -1943.34 39.4533 60.2103 39.4549 -376.818
GPRESSURE: 1870000 2369.25 73.7469 99.9395 -15.5402 -1917.12 45.912 105.437 39.096 -370.591
PRESSAVG: 1870000 2000.46 -17.8059 4.69644 -17.8059 -1919.79 23.3714 4.69644 23.3714 -29.1289
GPRESSAVG: 1870000 2004.54 -20.4861 -14.4195 -12.4898 -1928.82 -14.454 21.6959 42.9039 -23.5026
TIMING: 1870000  CPU: 1681.92, 0.000897766/step  Wall: 1682.18, 0.000897751/step, 384.962 ns/days, 0.780544 hours remaining, 0.000000 MB of memory in use.
PERFORMANCE: 1870000  averaging 384.192 ns/day, 0.000899551 sec/step with standard deviation 1.73669e-06
ENERGY: 1870000        18.3910        52.7253        40.4372         1.8672         -52307.3735    -85292.8237         0.0000         0.0000     10677.6059        -126809.1705       295.1911   -137486.7764   -126718.5944       297.4163             22.2612        27.1787    185802.5784        17.1799        17.4045

WRITING EXTENDED SYSTEM TO RESTART FILE AT STEP 1870000
WRITING COORDINATES TO DCD FILE ../output/02_eq_3_CLKWW.0.dcd AT STEP 1870000
WRITING COORDINATES TO RESTART FILE AT STEP 1870000
FINISHED WRITING RESTART COORDINATES
WRITING VELOCITIES TO RESTART FILE AT STEP 1870000
FINISHED WRITING RESTART VELOCITIES
PRESSURE: 1880000 1874.83 18.7355 -51.588 18.7375 -2032.28 -83.3001 -51.5875 -83.3003 -393.716
GPRESSURE: 1880000 1867.57 52.4979 -99.9353 -27.2055 -2060.17 -114.331 -22.7039 -33.6602 -386.532
PRESSAVG: 1880000 1994.94 -15.0973 -5.67021 -15.0973 -1903.5 16.6981 -5.67021 16.6981 -46.297
GPRESSAVG: 1880000 1996.76 -14.3529 -24.4733 -11.7846 -1912.96 -22.8323 6.6031 38.6099 -39.5079
TIMING: 1880000  CPU: 1690.89, 0.000897404/step  Wall: 1691.16, 0.000897646/step, 385.007 ns/days, 0.77796 hours remaining, 0.000000 MB of memory in use.
PERFORMANCE: 1880000  averaging 384.196 ns/day, 0.000899541 sec/step with standard deviation 1.7376e-06
ENERGY: 1880000        23.3414        56.9444        50.4463         2.8721         -52412.5102    -85371.8000         0.0000         0.0000     10792.8420        -126857.8639       298.3769   -137650.7059   -126724.2923       297.5780           -183.7231      -193.0426    184818.0073        15.0478        14.7642

WRITING EXTENDED SYSTEM TO RESTART FILE AT STEP 1880000
WRITING COORDINATES TO DCD FILE ../output/02_eq_3_CLKWW.0.dcd AT STEP 1880000
WRITING COORDINATES TO RESTART FILE AT STEP 1880000
FINISHED WRITING RESTART COORDINATES
WRITING VELOCITIES TO RESTART FILE AT STEP 1880000
FINISHED WRITING RESTART VELOCITIES
PRESSURE: 1890000 2093.08 210.015 -307.331 210.016 -2265.75 89.2439 -307.331 89.2436 -566.014
GPRESSURE: 1890000 2066.67 231.586 -263.059 175.116 -2218.32 102.241 -355.374 142.364 -584.334
PRESSAVG: 1890000 1994.01 -7.7248 -22.3003 -7.7248 -1935.59 20.6383 -22.3003 20.6383 -87.3212
GPRESSAVG: 1890000 1996.88 -5.43842 -38.2219 -13.8768 -1943.22 -19.0196 -11.7488 40.2942 -83.1868
TIMING: 1890000  CPU: 1699.87, 0.000898025/step  Wall: 1700.14, 0.000898144/step, 384.793 ns/days, 0.775897 hours remaining, 0.000000 MB of memory in use.
PERFORMANCE: 1890000  averaging 384.199 ns/day, 0.000899533 sec/step with standard deviation 1.73595e-06
ENERGY: 1890000        21.8831        59.2663        41.0413         1.4533         -52267.1552    -85460.0388         0.0000         0.0000     10693.4090        -126910.1410       295.6280   -137603.5500   -126726.0481       297.4861           -246.2292      -245.3262    185188.5735        -9.6339        -9.8435

WRITING EXTENDED SYSTEM TO RESTART FILE AT STEP 1890000
WRITING COORDINATES TO DCD FILE ../output/02_eq_3_CLKWW.0.dcd AT STEP 1890000
WRITING COORDINATES TO RESTART FILE AT STEP 1890000
FINISHED WRITING RESTART COORDINATES
WRITING VELOCITIES TO RESTART FILE AT STEP 1890000
FINISHED WRITING RESTART VELOCITIES
PRESSURE: 1900000 1503.18 -76.1105 -129.705 -76.111 -2499.85 72.688 -129.706 72.6883 -540.567
GPRESSURE: 1900000 1487.4 20.8104 -4.74276 -194.572 -2527.87 -0.700137 -87.6334 146.091 -502.367
PRESSAVG: 1900000 1957.15 -16.4734 -31.6621 -16.4734 -1948.72 16.633 -31.6621 16.633 -118.409
GPRESSAVG: 1900000 1961.3 -12.5387 -43.7538 -28.9716 -1960.54 -25.5489 -20.3294 38.9157 -111.749
TIMING: 1900000  CPU: 1708.84, 0.000897135/step  Wall: 1709.11, 0.000897299/step, 385.156 ns/days, 0.772674 hours remaining, 0.000000 MB of memory in use.
PERFORMANCE: 1900000  averaging 384.204 ns/day, 0.000899521 sec/step with standard deviation 1.73892e-06
ETITLE:      TS           BOND          ANGLE          DIHED          IMPRP               ELECT            VDW       BOUNDARY           MISC        KINETIC               TOTAL           TEMP      POTENTIAL       TOTALAVG        TEMPAVG            PRESSURE      GPRESSURE         VOLUME       PRESSAVG      GPRESSAVG

ENERGY: 1900000        20.6255        63.0688        44.7196         1.4368         -52239.5409    -85342.5478         0.0000         0.0000     10809.0099        -126643.2280       298.8239   -137452.2380   -126728.5796       297.5036           -512.4145      -514.2810    184542.8606       -36.6611       -36.9952

WRITING EXTENDED SYSTEM TO RESTART FILE AT STEP 1900000
WRITING COORDINATES TO DCD FILE ../output/02_eq_3_CLKWW.0.dcd AT STEP 1900000
WRITING COORDINATES TO RESTART FILE AT STEP 1900000
FINISHED WRITING RESTART COORDINATES
WRITING VELOCITIES TO RESTART FILE AT STEP 1900000
FINISHED WRITING RESTART VELOCITIES
PRESSURE: 1910000 2345.01 -18.1094 61.5662 -18.1096 -1557.26 25.1417 61.5687 25.1417 -202.681
GPRESSURE: 1910000 2406.4 37.3081 53.6657 -57.6779 -1591.22 -44.2136 80.3789 59.0844 -245.701
PRESSAVG: 1910000 2010.69 -13.98 -30.985 -13.98 -1917.59 25.4869 -30.985 25.4869 -117.831
GPRESSAVG: 1910000 2020.65 -7.15586 -38.8525 -27.3886 -1930.88 -17.672 -22.3151 46.0793 -117.142
TIMING: 1910000  CPU: 1717.82, 0.000897993/step  Wall: 1718.09, 0.000898209/step, 384.766 ns/days, 0.770963 hours remaining, 0.000000 MB of memory in use.
PERFORMANCE: 1910000  averaging 384.207 ns/day, 0.000899514 sec/step with standard deviation 1.73693e-06
ENERGY: 1910000        25.0334        61.1553        49.1564         2.1672         -52234.5083    -85242.3175         0.0000         0.0000     10691.0021        -126648.3115       295.5614   -137339.3136   -126740.6211       297.2566            195.0237       189.8282    185948.2655        -8.2462        -9.1239

WRITING EXTENDED SYSTEM TO RESTART FILE AT STEP 1910000
WRITING COORDINATES TO DCD FILE ../output/02_eq_3_CLKWW.0.dcd AT STEP 1910000
WRITING COORDINATES TO RESTART FILE AT STEP 1910000
FINISHED WRITING RESTART COORDINATES
WRITING VELOCITIES TO RESTART FILE AT STEP 1910000
FINISHED WRITING RESTART VELOCITIES
PRESSURE: 1920000 1801.71 60.6849 -11.9766 60.6887 -2405.39 153.786 -11.9757 153.785 73.3695
GPRESSURE: 1920000 1695.65 96.525 53.1015 99.8974 -2390.61 238.332 -231.923 178.783 173.977
PRESSAVG: 1920000 1983.89 11.5487 -22.1473 11.5487 -1954.37 35.6743 -22.1473 35.6743 -118.956
GPRESSAVG: 1920000 1993.31 14.4408 -25.3093 2.3648 -1967.64 2.79911 -21.4054 54.7614 -117.29
TIMING: 1920000  CPU: 1726.8, 0.000898099/step  Wall: 1727.08, 0.000898298/step, 384.728 ns/days, 0.768544 hours remaining, 0.000000 MB of memory in use.
PERFORMANCE: 1920000  averaging 384.21 ns/day, 0.000899508 sec/step with standard deviation 1.7346e-06
ENERGY: 1920000        26.8326        55.2653        46.7428         1.1568         -52356.0092    -85319.2263         0.0000         0.0000     10751.3232        -126793.9148       297.2291   -137545.2380   -126738.7456       297.2631           -176.7680      -173.6597    184569.2337       -29.8131       -30.5403

WRITING EXTENDED SYSTEM TO RESTART FILE AT STEP 1920000
WRITING COORDINATES TO DCD FILE ../output/02_eq_3_CLKWW.0.dcd AT STEP 1920000
WRITING COORDINATES TO RESTART FILE AT STEP 1920000
FINISHED WRITING RESTART COORDINATES
WRITING VELOCITIES TO RESTART FILE AT STEP 1920000
FINISHED WRITING RESTART VELOCITIES
PRESSURE: 1930000 1514.94 321.48 432.862 321.479 -2262.8 51.1289 432.864 51.1312 -330.795
GPRESSURE: 1930000 1470.97 279.211 416.894 393.879 -2292.2 140.858 484.704 36.6212 -270.431
PRESSAVG: 1930000 1947.34 35.7476 -6.31314 35.7476 -1981.12 27.3052 -6.31314 27.3052 -171.691
GPRESSAVG: 1930000 1956.37 35.1009 -7.23999 30.0808 -1994.61 0.379991 -7.98699 42.9146 -170.15
TIMING: 1930000  CPU: 1735.81, 0.000900406/step  Wall: 1736.08, 0.000900633/step, 383.73 ns/days, 0.76804 hours remaining, 0.000000 MB of memory in use.
PERFORMANCE: 1930000  averaging 384.207 ns/day, 0.000899514 sec/step with standard deviation 1.73198e-06
ENERGY: 1930000        21.2385        67.2246        47.2617         1.6404         -52110.1863    -85425.6834         0.0000         0.0000     10820.4560        -126578.0485       299.1403   -137398.5045   -126729.5802       297.2189           -359.5511      -363.8880    184260.5142       -68.4893       -69.4634

WRITING EXTENDED SYSTEM TO RESTART FILE AT STEP 1930000
WRITING COORDINATES TO DCD FILE ../output/02_eq_3_CLKWW.0.dcd AT STEP 1930000
WRITING COORDINATES TO RESTART FILE AT STEP 1930000
FINISHED WRITING RESTART COORDINATES
WRITING VELOCITIES TO RESTART FILE AT STEP 1930000
FINISHED WRITING RESTART VELOCITIES
PRESSURE: 1940000 2027.22 -140.401 133.081 -140.401 -1664.45 -181.663 133.079 -181.664 211.137
GPRESSURE: 1940000 2032.53 -136.811 137.128 -166.311 -1784.53 -245.86 114.484 -178.167 337.262
PRESSAVG: 1940000 1937.33 32.1859 -12.4208 32.1859 -1985.9 27.4004 -12.4208 27.4004 -145.439
GPRESSAVG: 1940000 1947.7 31.719 -12.1254 28.3738 -2006.06 0.807022 -11.0259 44.3077 -137.43
TIMING: 1940000  CPU: 1744.8, 0.000899921/step  Wall: 1745.08, 0.000900132/step, 383.944 ns/days, 0.765112 hours remaining, 0.000000 MB of memory in use.
PERFORMANCE: 1940000  averaging 384.206 ns/day, 0.000899517 sec/step with standard deviation 1.72805e-06
ENERGY: 1940000        18.1178        52.6254        51.6410         2.4673         -52420.9155    -85280.8258         0.0000         0.0000     10739.3845        -126837.5052       296.8990   -137576.8898   -126731.0314       297.2196            191.3008       195.0852    184657.1976       -64.6713       -65.2621

WRITING EXTENDED SYSTEM TO RESTART FILE AT STEP 1940000
WRITING COORDINATES TO DCD FILE ../output/02_eq_3_CLKWW.0.dcd AT STEP 1940000
WRITING COORDINATES TO RESTART FILE AT STEP 1940000
FINISHED WRITING RESTART COORDINATES
WRITING VELOCITIES TO RESTART FILE AT STEP 1940000
FINISHED WRITING RESTART VELOCITIES
PRESSURE: 1950000 2140.03 22.682 -79.7613 22.6841 -2316.8 17.6697 -79.7637 17.6687 -328.305
GPRESSURE: 1950000 2064.52 6.99302 -97.4662 27.7487 -2336.53 186.361 -91.514 -120.427 -242.75
PRESSAVG: 1950000 1934.2 29.8329 0.0879482 29.8329 -1999.87 32.7452 0.0879482 32.7452 -162.481
GPRESSAVG: 1950000 1939.15 29.8261 0.407957 26.045 -2023.07 13.2068 -6.02501 42.1561 -146.904
TIMING: 1950000  CPU: 1753.82, 0.000901506/step  Wall: 1754.1, 0.000901669/step, 383.289 ns/days, 0.763914 hours remaining, 0.000000 MB of memory in use.
PERFORMANCE: 1950000  averaging 384.201 ns/day, 0.000899528 sec/step with standard deviation 1.73047e-06
ENERGY: 1950000        17.3431        57.3444        40.8374         0.5216         -52385.9090    -85211.5743         0.0000         0.0000     10686.8455        -126794.5913       295.4465   -137481.4368   -126736.3337       297.0587           -168.3603      -171.5836    184859.4840       -76.0487       -76.9408

WRITING EXTENDED SYSTEM TO RESTART FILE AT STEP 1950000
WRITING COORDINATES TO DCD FILE ../output/02_eq_3_CLKWW.0.dcd AT STEP 1950000
WRITING COORDINATES TO RESTART FILE AT STEP 1950000
FINISHED WRITING RESTART COORDINATES
WRITING VELOCITIES TO RESTART FILE AT STEP 1950000
FINISHED WRITING RESTART VELOCITIES
PRESSURE: 1960000 2090.14 -6.6107 74.4536 -6.61213 -1495.28 6.35669 74.4531 6.35724 -38.3156
GPRESSURE: 1960000 2131.99 17.3769 85.0035 14.3853 -1569.8 88.2925 47.8382 -11.7051 4.13105
PRESSAVG: 1960000 1936.51 28.935 -4.86777 28.935 -2012.08 34.5923 -4.86777 34.5923 -216.783
GPRESSAVG: 1960000 1942.87 34.1611 -0.605786 25.5405 -2036.23 20.9668 -17.0334 39.8934 -200.095
TIMING: 1960000  CPU: 1762.84, 0.000901822/step  Wall: 1763.12, 0.000901994/step, 383.151 ns/days, 0.761684 hours remaining, 0.000000 MB of memory in use.
PERFORMANCE: 1960000  averaging 384.196 ns/day, 0.000899541 sec/step with standard deviation 1.73499e-06
ENERGY: 1960000        24.3711        66.4305        46.2793         1.2120         -52401.1119    -85192.8546         0.0000         0.0000     10661.4166        -126794.2571       294.7435   -137455.6736   -126736.7777       296.8989            185.5152       188.7736    185018.7379       -97.4501       -97.8192

WRITING EXTENDED SYSTEM TO RESTART FILE AT STEP 1960000
WRITING COORDINATES TO DCD FILE ../output/02_eq_3_CLKWW.0.dcd AT STEP 1960000
WRITING COORDINATES TO RESTART FILE AT STEP 1960000
FINISHED WRITING RESTART COORDINATES
WRITING VELOCITIES TO RESTART FILE AT STEP 1960000
FINISHED WRITING RESTART VELOCITIES
PRESSURE: 1970000 2100.85 158 88.6038 158.002 -2012.16 437.854 88.6022 437.853 370.624
GPRESSURE: 1970000 2130.04 184.519 228.147 146.081 -2050.82 424.102 66.7519 408.008 379.819
PRESSAVG: 1970000 1964.31 37.9519 8.99663 37.9519 -2007.34 60.3374 8.99663 60.3374 -149.784
GPRESSAVG: 1970000 1966.6 45.9189 23.3564 32.8412 -2029.9 46.3978 0.94597 63.4763 -130.502
TIMING: 1970000  CPU: 1771.84, 0.000900335/step  Wall: 1772.13, 0.000900514/step, 383.781 ns/days, 0.757932 hours remaining, 0.000000 MB of memory in use.
PERFORMANCE: 1970000  averaging 384.194 ns/day, 0.000899546 sec/step with standard deviation 1.73194e-06
ENERGY: 1970000        24.0569        51.9870        44.9671         0.8314         -52381.3641    -85258.1831         0.0000         0.0000     10789.9545        -126727.7501       298.2971   -137517.7047   -126733.2758       297.0562            153.1055       153.0134    185141.3399       -64.2702       -64.5998

WRITING EXTENDED SYSTEM TO RESTART FILE AT STEP 1970000
WRITING COORDINATES TO DCD FILE ../output/02_eq_3_CLKWW.0.dcd AT STEP 1970000
WRITING COORDINATES TO RESTART FILE AT STEP 1970000
FINISHED WRITING RESTART COORDINATES
WRITING VELOCITIES TO RESTART FILE AT STEP 1970000
FINISHED WRITING RESTART VELOCITIES
PRESSURE: 1980000 1278.6 168.415 111.259 168.415 -2381.97 -37.096 111.263 -37.0952 439.468
GPRESSURE: 1980000 1294.13 232.791 109.62 19.7855 -2335.73 -70.6583 142.531 72.755 389.916
PRESSAVG: 1980000 1937.18 41.0684 15.1602 41.0684 -2010.16 46.334 15.1602 46.334 -115.373
GPRESSAVG: 1980000 1940.14 53.2566 35.3499 29.3187 -2029.46 33.2301 5.29856 56.0999 -99.4169
TIMING: 1980000  CPU: 1780.82, 0.000897742/step  Wall: 1781.1, 0.000897837/step, 384.925 ns/days, 0.753186 hours remaining, 0.000000 MB of memory in use.
PERFORMANCE: 1980000  averaging 384.198 ns/day, 0.000899537 sec/step with standard deviation 1.7318e-06
ENERGY: 1980000        27.5011        64.0420        43.2446         1.4315         -52137.7035    -85448.5654         0.0000         0.0000     10888.9443        -126561.1054       301.0337   -137450.0497   -126726.5509       297.1377           -221.3031      -217.2287    185544.5913       -62.7855       -62.9135

WRITING EXTENDED SYSTEM TO RESTART FILE AT STEP 1980000
WRITING COORDINATES TO DCD FILE ../output/02_eq_3_CLKWW.0.dcd AT STEP 1980000
WRITING COORDINATES TO RESTART FILE AT STEP 1980000
FINISHED WRITING RESTART COORDINATES
WRITING VELOCITIES TO RESTART FILE AT STEP 1980000
FINISHED WRITING RESTART VELOCITIES
PRESSURE: 1990000 2389.36 251.131 367.284 251.131 -2067.2 -28.9767 367.284 -28.9772 48.9694
GPRESSURE: 1990000 2394.76 203.066 448.283 280.863 -2062.5 -23.3213 355.492 40.6595 55.9917
PRESSAVG: 1990000 1940.49 62.3073 32.745 62.3073 -2046.37 51.2834 32.745 51.2834 -143.82
GPRESSAVG: 1990000 1942.7 66.6658 60.4565 53.518 -2059.95 44.0628 17.6828 65.8659 -132.608
TIMING: 1990000  CPU: 1789.81, 0.00089891/step  Wall: 1790.1, 0.000899139/step, 384.368 ns/days, 0.75178 hours remaining, 0.000000 MB of memory in use.
PERFORMANCE: 1990000  averaging 384.198 ns/day, 0.000899535 sec/step with standard deviation 1.72765e-06
ENERGY: 1990000        24.8158        67.4420        48.0059         2.1583         -52218.0489    -85323.4782         0.0000         0.0000     10755.8955        -126643.2095       297.3555   -137399.1050   -126722.0999       297.2842            123.7125       129.4169    185098.3534       -83.2325       -83.2887

WRITING EXTENDED SYSTEM TO RESTART FILE AT STEP 1990000
WRITING COORDINATES TO DCD FILE ../output/02_eq_3_CLKWW.0.dcd AT STEP 1990000
WRITING COORDINATES TO RESTART FILE AT STEP 1990000
FINISHED WRITING RESTART COORDINATES
WRITING VELOCITIES TO RESTART FILE AT STEP 1990000
FINISHED WRITING RESTART VELOCITIES
PRESSURE: 2000000 1705.97 -77.3846 -108.776 -77.3843 -1856.62 54.3451 -108.775 54.344 331.674
GPRESSURE: 2000000 1669.78 73.6508 -217.691 -139.128 -1848.17 -3.46355 45.6025 23.905 362.111
PRESSAVG: 2000000 1907.73 53.4461 30.6323 53.4461 -2047.19 48.0844 30.6323 48.0844 -123.976
GPRESSAVG: 2000000 1908.21 68.6161 49.9334 40.7318 -2061.55 42.4553 23.8867 60.2803 -109.517
TIMING: 2000000  CPU: 1798.79, 0.000898311/step  Wall: 1799.08, 0.000898462/step, 384.657 ns/days, 0.748719 hours remaining, 0.000000 MB of memory in use.
PERFORMANCE: 2000000  averaging 384.201 ns/day, 0.00089953 sec/step with standard deviation 1.72498e-06
ETITLE:      TS           BOND          ANGLE          DIHED          IMPRP               ELECT            VDW       BOUNDARY           MISC        KINETIC               TOTAL           TEMP      POTENTIAL       TOTALAVG        TEMPAVG            PRESSURE      GPRESSURE         VOLUME       PRESSAVG      GPRESSAVG

ENERGY: 2000000        24.7411        52.5929        40.3247         1.0189         -52387.3661    -85381.1050         0.0000         0.0000     10760.3412        -126889.4523       297.4784   -137649.7935   -126739.4589       297.3469             60.3383        61.2421    184951.3675       -87.8127       -87.6173

WRITING EXTENDED SYSTEM TO RESTART FILE AT STEP 2000000
WRITING COORDINATES TO DCD FILE ../output/02_eq_3_CLKWW.0.dcd AT STEP 2000000
WRITING COORDINATES TO RESTART FILE AT STEP 2000000
FINISHED WRITING RESTART COORDINATES
WRITING VELOCITIES TO RESTART FILE AT STEP 2000000
FINISHED WRITING RESTART VELOCITIES
PRESSURE: 2010000 1900.97 80.3321 -26.2095 80.3318 -2008.17 206.525 -26.2106 206.524 605.007
GPRESSURE: 2010000 1896.03 111.942 -51.4245 132.501 -2036.95 150.54 7.3907 121.837 636.788
PRESSAVG: 2010000 1911.62 60.8508 36.6763 60.8508 -2033.6 59.3038 36.6763 59.3038 -71.2702
GPRESSAVG: 2010000 1913.04 76.6746 58.5706 52.1423 -2049.37 53.7668 30.9469 62.381 -56.2552
TIMING: 2010000  CPU: 1807.79, 0.000899631/step  Wall: 1808.08, 0.000899893/step, 384.046 ns/days, 0.747411 hours remaining, 0.000000 MB of memory in use.
PERFORMANCE: 2010000  averaging 384.2 ns/day, 0.000899532 sec/step with standard deviation 1.72085e-06
ENERGY: 2010000        19.1600        63.4595        39.6234         4.5788         -52400.8536    -85223.9523         0.0000         0.0000     10819.4812        -126678.5030       299.1133   -137497.9842   -126737.8882       297.4970            165.9360       165.2899    183890.7815       -64.4174       -64.1922

WRITING EXTENDED SYSTEM TO RESTART FILE AT STEP 2010000
WRITING COORDINATES TO DCD FILE ../output/02_eq_3_CLKWW.0.dcd AT STEP 2010000
WRITING COORDINATES TO RESTART FILE AT STEP 2010000
FINISHED WRITING RESTART COORDINATES
WRITING VELOCITIES TO RESTART FILE AT STEP 2010000
FINISHED WRITING RESTART VELOCITIES
PRESSURE: 2020000 2080.16 -192.223 -132.944 -192.226 -1648.75 186.918 -132.947 186.92 -43.4481
GPRESSURE: 2020000 2124.49 -302.601 -142.879 -207.59 -1623.91 166.338 -256.508 154.433 -126.212
PRESSAVG: 2020000 1924.32 48.6434 32.9404 48.6434 -2017.64 69.2488 32.9404 69.2488 -30.9816
GPRESSAVG: 2020000 1929.53 61.099 49.3167 34.9427 -2031.33 65.9622 23.9851 71.8434 -22.3882
TIMING: 2020000  CPU: 1816.77, 0.00089827/step  Wall: 1817.06, 0.000898285/step, 384.733 ns/days, 0.74358 hours remaining, 0.000000 MB of memory in use.
PERFORMANCE: 2020000  averaging 384.203 ns/day, 0.000899525 sec/step with standard deviation 1.7188e-06
ENERGY: 2020000        27.6444        59.6292        47.4195         2.9610         -52495.8546    -85171.5898         0.0000         0.0000     10716.3372        -126813.4531       296.2618   -137529.7903   -126735.6308       297.4713            129.3228       124.7886    184980.7708       -41.4339       -41.3955

WRITING EXTENDED SYSTEM TO RESTART FILE AT STEP 2020000
WRITING COORDINATES TO DCD FILE ../output/02_eq_3_CLKWW.0.dcd AT STEP 2020000
WRITING COORDINATES TO RESTART FILE AT STEP 2020000
FINISHED WRITING RESTART COORDINATES
WRITING VELOCITIES TO RESTART FILE AT STEP 2020000
FINISHED WRITING RESTART VELOCITIES
PRESSURE: 2030000 1988.22 73.1481 80.8045 73.1474 -1637.84 -75.7886 80.8052 -75.789 414.206
GPRESSURE: 2030000 1972.16 88.9821 55.8704 37.9533 -1647.79 40.5745 -9.47417 -75.8019 417.736
PRESSAVG: 2030000 1922.27 44.2271 24.237 44.2271 -1993.93 70.2269 24.237 70.2269 -22.907
GPRESSAVG: 2030000 1925.01 58.4353 39.069 27.2237 -2009.28 76.1672 11.0848 71.7219 -11.5406
TIMING: 2030000  CPU: 1825.76, 0.00089859/step  Wall: 1826.05, 0.000898751/step, 384.534 ns/days, 0.741469 hours remaining, 0.000000 MB of memory in use.
PERFORMANCE: 2030000  averaging 384.204 ns/day, 0.000899522 sec/step with standard deviation 1.7154e-06
ENERGY: 2030000        19.3129        59.5214        49.0107         1.5680         -52456.3327    -85280.0311         0.0000         0.0000     10813.4735        -126793.4773       298.9473   -137606.9508   -126754.6641       297.4328            254.8636       247.3684    184406.5408       -31.5225       -31.9373

WRITING EXTENDED SYSTEM TO RESTART FILE AT STEP 2030000
WRITING COORDINATES TO DCD FILE ../output/02_eq_3_CLKWW.0.dcd AT STEP 2030000
WRITING COORDINATES TO RESTART FILE AT STEP 2030000
FINISHED WRITING RESTART COORDINATES
WRITING VELOCITIES TO RESTART FILE AT STEP 2030000
FINISHED WRITING RESTART VELOCITIES
PRESSURE: 2040000 2091.58 -338.678 -436.303 -338.676 -1575.63 203.002 -436.302 203.001 284.686
GPRESSURE: 2040000 2126.26 -302.595 -428.428 -275.416 -1526.13 100.864 -440.601 277.038 198.559
PRESSAVG: 2040000 1966.18 27.8468 -0.300004 27.8468 -1954.36 76.3613 -0.300004 76.3613 -11.0628
GPRESSAVG: 2040000 1963.73 39.0907 15.1467 19.0245 -1966.88 78.0619 -15.6043 80.2675 1.97541
TIMING: 2040000  CPU: 1834.74, 0.000898399/step  Wall: 1835.04, 0.000898574/step, 384.609 ns/days, 0.738827 hours remaining, 0.000000 MB of memory in use.
PERFORMANCE: 2040000  averaging 384.206 ns/day, 0.000899517 sec/step with standard deviation 1.71246e-06
ENERGY: 2040000        25.7155        57.6861        44.5620         1.5565         -52252.6494    -85387.7232         0.0000         0.0000     10800.0632        -126710.7894       298.5765   -137510.8526   -126751.3645       297.4904            266.8802       266.2319    184705.5989         0.2506        -0.3921

WRITING EXTENDED SYSTEM TO RESTART FILE AT STEP 2040000
WRITING COORDINATES TO DCD FILE ../output/02_eq_3_CLKWW.0.dcd AT STEP 2040000
WRITING COORDINATES TO RESTART FILE AT STEP 2040000
FINISHED WRITING RESTART COORDINATES
WRITING VELOCITIES TO RESTART FILE AT STEP 2040000
FINISHED WRITING RESTART VELOCITIES
PRESSURE: 2050000 2183.69 327.691 139.593 327.691 -1625.63 10.9544 139.595 10.9549 593.391
GPRESSURE: 2050000 2163.37 290.408 56.8681 375.094 -1580.33 -60.9109 102.039 -106.219 568.922
PRESSAVG: 2050000 1986.11 35.7698 19.9936 35.7698 -1949.55 65.3523 19.9936 65.3523 3.79111
GPRESSAVG: 2050000 1981.1 52.4248 23.8241 24.7586 -1956.88 64.8244 6.6876 66.9967 14.4218
TIMING: 2050000  CPU: 1843.72, 0.000897839/step  Wall: 1844.02, 0.000898069/step, 384.826 ns/days, 0.735917 hours remaining, 0.000000 MB of memory in use.
PERFORMANCE: 2050000  averaging 384.209 ns/day, 0.00089951 sec/step with standard deviation 1.71125e-06
ENERGY: 2050000        27.8549        61.4481        47.3771         2.1956         -52265.7503    -85234.3345         0.0000         0.0000     10768.3773        -126592.8318       297.7005   -137361.2091   -126742.2427       297.4062            383.8171       383.9899    185117.3205        13.4505        12.8798

WRITING EXTENDED SYSTEM TO RESTART FILE AT STEP 2050000
WRITING COORDINATES TO DCD FILE ../output/02_eq_3_CLKWW.0.dcd AT STEP 2050000
WRITING COORDINATES TO RESTART FILE AT STEP 2050000
FINISHED WRITING RESTART COORDINATES
WRITING VELOCITIES TO RESTART FILE AT STEP 2050000
FINISHED WRITING RESTART VELOCITIES
PRESSURE: 2060000 2638.83 -130.863 8.83276 -130.863 -1445.16 -111.096 8.83433 -111.094 518.604
GPRESSURE: 2060000 2633.53 -163.659 97.0976 -117.82 -1451.68 -67.4066 32.7461 -148.193 535.465
PRESSAVG: 2060000 2006.77 37.1304 13.698 37.1304 -1935.12 51.8574 13.698 51.8574 53.5238
GPRESSAVG: 2060000 1999.88 54.7874 26.7996 25.1022 -1942.62 52.6775 4.48319 51.3251 66.5879
TIMING: 2060000  CPU: 1852.69, 0.0008969/step  Wall: 1852.99, 0.000897028/step, 385.272 ns/days, 0.732573 hours remaining, 0.000000 MB of memory in use.
PERFORMANCE: 2060000  averaging 384.214 ns/day, 0.000899498 sec/step with standard deviation 1.7158e-06
ENERGY: 2060000        20.7455        69.4295        42.3476         3.8969         -52528.0387    -85161.5621         0.0000         0.0000     10742.1346        -126811.0466       296.9750   -137553.1812   -126744.4325       297.4389            570.7595       572.4394    185094.5811        41.7244        41.2818

WRITING EXTENDED SYSTEM TO RESTART FILE AT STEP 2060000
WRITING COORDINATES TO DCD FILE ../output/02_eq_3_CLKWW.0.dcd AT STEP 2060000
WRITING COORDINATES TO RESTART FILE AT STEP 2060000
FINISHED WRITING RESTART COORDINATES
WRITING VELOCITIES TO RESTART FILE AT STEP 2060000
FINISHED WRITING RESTART VELOCITIES
PRESSURE: 2070000 2351.09 247.318 -72.5464 247.318 -1627.19 -201.513 -72.5499 -201.514 456.352
GPRESSURE: 2070000 2437.58 296.258 -201.641 249.387 -1629.29 -249.726 -65.0625 -75.4351 371.772
PRESSAVG: 2070000 2004.97 47.963 7.06 47.963 -1919.31 39.8089 7.06 39.8089 95.1823
GPRESSAVG: 2070000 2003.29 65.9129 11.7206 38.3485 -1928.23 37.8957 -4.04176 45.5986 103.706
TIMING: 2070000  CPU: 1861.66, 0.000896821/step  Wall: 1861.96, 0.000897004/step, 385.283 ns/days, 0.730062 hours remaining, 0.000000 MB of memory in use.
PERFORMANCE: 2070000  averaging 384.22 ns/day, 0.000899486 sec/step with standard deviation 1.72039e-06
ENERGY: 2070000        22.4867        66.1561        42.2943         1.7684         -52552.4710    -85112.5196         0.0000         0.0000     10592.2985        -126939.9867       292.8327   -137532.2852   -126750.9733       297.3210            393.4166       393.3532    184623.0264        60.2821        59.5905

WRITING EXTENDED SYSTEM TO RESTART FILE AT STEP 2070000
WRITING COORDINATES TO DCD FILE ../output/02_eq_3_CLKWW.0.dcd AT STEP 2070000
WRITING COORDINATES TO RESTART FILE AT STEP 2070000
FINISHED WRITING RESTART COORDINATES
WRITING VELOCITIES TO RESTART FILE AT STEP 2070000
FINISHED WRITING RESTART VELOCITIES
PRESSURE: 2080000 1360.56 18.7806 165.153 18.7793 -2261.72 -74.7489 165.151 -74.7486 -515.855
GPRESSURE: 2080000 1382.68 138.455 192.734 -23.5462 -2298.58 -85.3416 144.301 -139.154 -498.522
PRESSAVG: 2080000 1979.26 47.965 17.8969 47.965 -1930.78 40.2365 17.8969 40.2365 89.0754
GPRESSAVG: 2080000 1979.05 70.2108 26.3541 38.5315 -1940.15 39.3451 4.30846 40.3239 98.1066
TIMING: 2080000  CPU: 1870.63, 0.000897587/step  Wall: 1870.93, 0.000897811/step, 384.936 ns/days, 0.728224 hours remaining, 0.000000 MB of memory in use.
PERFORMANCE: 2080000  averaging 384.223 ns/day, 0.000899478 sec/step with standard deviation 1.72015e-06
ENERGY: 2080000        24.9744        57.5101        42.8837         1.2106         -52368.2215    -85363.9461         0.0000         0.0000     10604.1684        -127001.4203       293.1608   -137605.5887   -126758.1511       297.0602           -472.3384      -471.4745    184316.5895        45.8514        45.6690

WRITING EXTENDED SYSTEM TO RESTART FILE AT STEP 2080000
WRITING COORDINATES TO DCD FILE ../output/02_eq_3_CLKWW.0.dcd AT STEP 2080000
WRITING COORDINATES TO RESTART FILE AT STEP 2080000
FINISHED WRITING RESTART COORDINATES
WRITING VELOCITIES TO RESTART FILE AT STEP 2080000
FINISHED WRITING RESTART VELOCITIES
PRESSURE: 2090000 1641.23 462.254 486.056 462.254 -2450.01 112.272 486.055 112.271 106.224
GPRESSURE: 2090000 1681.61 525.159 355.908 431.186 -2423.23 71.4155 560.455 181.302 48.7083
PRESSAVG: 2090000 1956.67 60.577 57.5663 60.577 -1939.99 41.3879 57.5663 41.3879 122.687
GPRESSAVG: 2090000 1959.8 84.8894 57.3024 51.3349 -1950.39 37.8039 50.0999 42.2708 129.759
TIMING: 2090000  CPU: 1879.62, 0.000899338/step  Wall: 1879.93, 0.000899493/step, 384.216 ns/days, 0.72709 hours remaining, 0.000000 MB of memory in use.
PERFORMANCE: 2090000  averaging 384.223 ns/day, 0.000899478 sec/step with standard deviation 1.71601e-06
ENERGY: 2090000        20.7971        61.4839        45.6605         1.2130         -52230.2930    -85256.1723         0.0000         0.0000     10676.9126        -126680.3982       295.1719   -137357.3108   -126746.6640       297.0374           -234.1839      -230.9689    185574.0205        46.4536        46.3868

WRITING EXTENDED SYSTEM TO RESTART FILE AT STEP 2090000
WRITING COORDINATES TO DCD FILE ../output/02_eq_3_CLKWW.0.dcd AT STEP 2090000
WRITING COORDINATES TO RESTART FILE AT STEP 2090000
FINISHED WRITING RESTART COORDINATES
WRITING VELOCITIES TO RESTART FILE AT STEP 2090000
FINISHED WRITING RESTART VELOCITIES
PRESSURE: 2100000 1437.89 513.009 408.361 513.009 -2446.03 -209.421 408.362 -209.424 -148.234
GPRESSURE: 2100000 1386.32 437.626 427.38 514.205 -2413.08 -361.36 412.808 -26.581 -126.75
PRESSAVG: 2100000 1953.4 90.033 84.4697 90.033 -1937.3 27.2823 84.4697 27.2823 142.304
GPRESSAVG: 2100000 1954.74 105.73 78.9085 86.7738 -1944.65 19.7709 75.122 33.6372 148.54
TIMING: 2100000  CPU: 1888.62, 0.000899071/step  Wall: 1888.92, 0.000899145/step, 384.365 ns/days, 0.724311 hours remaining, 0.000000 MB of memory in use.
PERFORMANCE: 2100000  averaging 384.224 ns/day, 0.000899476 sec/step with standard deviation 1.71206e-06
ETITLE:      TS           BOND          ANGLE          DIHED          IMPRP               ELECT            VDW       BOUNDARY           MISC        KINETIC               TOTAL           TEMP      POTENTIAL       TOTALAVG        TEMPAVG            PRESSURE      GPRESSURE         VOLUME       PRESSAVG      GPRESSAVG

ENERGY: 2100000        24.4377        61.8848        42.2772         3.3390         -52383.7667    -85262.6494         0.0000         0.0000     10606.5298        -126907.9477       293.2261   -137514.4775   -126759.9000       296.7575           -385.4597      -384.5033    183496.1474        52.8014        52.8757

WRITING EXTENDED SYSTEM TO RESTART FILE AT STEP 2100000
WRITING COORDINATES TO DCD FILE ../output/02_eq_3_CLKWW.0.dcd AT STEP 2100000
WRITING COORDINATES TO RESTART FILE AT STEP 2100000
FINISHED WRITING RESTART COORDINATES
WRITING VELOCITIES TO RESTART FILE AT STEP 2100000
FINISHED WRITING RESTART VELOCITIES
PRESSURE: 2110000 1048.74 -16.4589 166.281 -16.4596 -2648.42 19.4169 166.284 19.4179 -465.059
GPRESSURE: 2110000 1099.72 81.8639 190.866 55.4732 -2704.98 70.9219 33.7639 -105.591 -469.306
PRESSAVG: 2110000 1888.59 90.1155 89.7054 90.1155 -1991.86 26.9961 89.7054 26.9961 129.185
GPRESSAVG: 2110000 1889.41 107.958 85.7685 92.4313 -2000.34 25.5276 72.7912 25.4034 137.359
TIMING: 2110000  CPU: 1897.6, 0.000898723/step  Wall: 1897.91, 0.000898859/step, 384.487 ns/days, 0.721584 hours remaining, 0.000000 MB of memory in use.
PERFORMANCE: 2110000  averaging 384.225 ns/day, 0.000899473 sec/step with standard deviation 1.7085e-06
ENERGY: 2110000        25.4038        72.5209        42.8412         4.3296         -52325.6880    -85442.5178         0.0000         0.0000     10794.3722        -126828.7381       298.4192   -137623.1102   -126768.9213       296.9004           -688.2466      -691.5211    185151.6906         8.6378         8.8082

WRITING EXTENDED SYSTEM TO RESTART FILE AT STEP 2110000
WRITING COORDINATES TO DCD FILE ../output/02_eq_3_CLKWW.0.dcd AT STEP 2110000
WRITING COORDINATES TO RESTART FILE AT STEP 2110000
FINISHED WRITING RESTART COORDINATES
WRITING VELOCITIES TO RESTART FILE AT STEP 2110000
FINISHED WRITING RESTART VELOCITIES
PRESSURE: 2120000 2508.87 175.514 -46.6241 175.514 -1716.56 -22.8567 -46.6244 -22.857 262.063
GPRESSURE: 2120000 2408.53 211.331 -54.7913 124.788 -1667.31 71.6807 115.628 -160.622 302.606
PRESSAVG: 2120000 1923.95 95.8567 87.973 95.8567 -1957.42 18.164 87.973 18.164 138.62
GPRESSAVG: 2120000 1925.05 113.698 80.3739 93.6759 -1964.18 17.1951 90.1688 8.43314 143.791
TIMING: 2120000  CPU: 1906.65, 0.000904632/step  Wall: 1906.96, 0.000904865/step, 381.935 ns/days, 0.723892 hours remaining, 0.000000 MB of memory in use.
PERFORMANCE: 2120000  averaging 384.214 ns/day, 0.000899499 sec/step with standard deviation 1.74421e-06
ENERGY: 2120000        26.1740        65.5940        44.3027         0.6671         -52492.5942    -85180.5152         0.0000         0.0000     10808.6460        -126727.7255       298.8138   -137536.3715   -126765.6118       296.9797            351.4595       347.9419    183558.8694        35.0492        34.8883

WRITING EXTENDED SYSTEM TO RESTART FILE AT STEP 2120000
WRITING COORDINATES TO DCD FILE ../output/02_eq_3_CLKWW.0.dcd AT STEP 2120000
WRITING COORDINATES TO RESTART FILE AT STEP 2120000
FINISHED WRITING RESTART COORDINATES
WRITING VELOCITIES TO RESTART FILE AT STEP 2120000
FINISHED WRITING RESTART VELOCITIES
PRESSURE: 2130000 1865.24 -119.767 202.124 -119.768 -2033.39 213.837 202.126 213.834 -29.0662
GPRESSURE: 2130000 1914.37 -77.2451 258.594 -12.3784 -2131.84 79.8545 177.19 220.332 24.0372
PRESSAVG: 2130000 1941.46 73.7944 76.4361 73.7944 -1945.95 26.2992 76.4361 26.2992 153.706
GPRESSAVG: 2130000 1947.22 95.8755 72.4589 73.363 -1956.16 14.1449 74.7931 17.6187 158.514
TIMING: 2130000  CPU: 1915.67, 0.00090197/step  Wall: 1915.98, 0.00090199/step, 383.153 ns/days, 0.719086 hours remaining, 0.000000 MB of memory in use.
PERFORMANCE: 2130000  averaging 384.209 ns/day, 0.00089951 sec/step with standard deviation 1.74844e-06
ENERGY: 2130000        26.6663        48.8635        45.0045         2.7910         -52365.9043    -85420.7400         0.0000         0.0000     10775.6728        -126887.6463       297.9022   -137663.3191   -126781.0917       296.9177            -65.7410       -64.4758    185067.7468        49.7397        49.8589

WRITING EXTENDED SYSTEM TO RESTART FILE AT STEP 2130000
WRITING COORDINATES TO DCD FILE ../output/02_eq_3_CLKWW.0.dcd AT STEP 2130000
WRITING COORDINATES TO RESTART FILE AT STEP 2130000
FINISHED WRITING RESTART COORDINATES
WRITING VELOCITIES TO RESTART FILE AT STEP 2130000
FINISHED WRITING RESTART VELOCITIES
PRESSURE: 2140000 1868.98 213.362 -205.592 213.361 -2550.63 -252.382 -205.592 -252.382 -409.412
GPRESSURE: 2140000 1878.67 222.548 -310.401 117.497 -2553.1 -142.683 -215.822 -391.144 -431.373
PRESSAVG: 2140000 1933.55 91.4825 59.5025 91.4825 -1990.26 22.7633 59.5025 22.7633 122.679
GPRESSAVG: 2140000 1939.53 113.843 50.0825 87.5534 -1994.59 19.3037 58.2778 6.96981 120.082
TIMING: 2140000  CPU: 1924.67, 0.000899955/step  Wall: 1924.98, 0.000900024/step, 383.99 ns/days, 0.715019 hours remaining, 0.000000 MB of memory in use.
PERFORMANCE: 2140000  averaging 384.208 ns/day, 0.000899513 sec/step with standard deviation 1.74469e-06
ENERGY: 2140000        21.0428        71.7123        43.7750         2.9939         -52467.5939    -85187.4609         0.0000         0.0000     10708.1009        -126807.4299       296.0341   -137515.5308   -126779.5880       296.8745           -363.6891      -368.6009    185814.8899        21.9902        21.6746

WRITING EXTENDED SYSTEM TO RESTART FILE AT STEP 2140000
WRITING COORDINATES TO DCD FILE ../output/02_eq_3_CLKWW.0.dcd AT STEP 2140000
WRITING COORDINATES TO RESTART FILE AT STEP 2140000
FINISHED WRITING RESTART COORDINATES
WRITING VELOCITIES TO RESTART FILE AT STEP 2140000
FINISHED WRITING RESTART VELOCITIES
PRESSURE: 2150000 2169.52 -155.885 10.7481 -155.884 -1547.6 1.43802 10.7478 1.43919 -207.464
GPRESSURE: 2150000 2199.19 -220.657 -42.8988 -176.93 -1578.11 -75.6565 51.3233 84.7351 -215.394
PRESSAVG: 2150000 1935.02 82.5541 64.0281 82.5541 -1951.8 21.9518 64.0281 21.9518 128.721
GPRESSAVG: 2150000 1946.26 102.461 52.8109 77.3195 -1956.67 6.20284 65.4196 17.2279 121.45
TIMING: 2150000  CPU: 1933.69, 0.000901839/step  Wall: 1934, 0.000902005/step, 383.147 ns/days, 0.714087 hours remaining, 0.000000 MB of memory in use.
PERFORMANCE: 2150000  averaging 384.203 ns/day, 0.000899524 sec/step with standard deviation 1.74888e-06
ENERGY: 2150000        22.5911        65.8889        43.0176         1.7213         -52343.8266    -85263.1144         0.0000         0.0000     10708.8758        -126764.8463       296.0556   -137473.7221   -126778.1007       296.9050            138.1540       135.2278    184662.5201        37.3160        37.0152

WRITING EXTENDED SYSTEM TO RESTART FILE AT STEP 2150000
WRITING COORDINATES TO DCD FILE ../output/02_eq_3_CLKWW.0.dcd AT STEP 2150000
WRITING COORDINATES TO RESTART FILE AT STEP 2150000
FINISHED WRITING RESTART COORDINATES
WRITING VELOCITIES TO RESTART FILE AT STEP 2150000
FINISHED WRITING RESTART VELOCITIES
PRESSURE: 2160000 2257.19 139.676 350.884 139.676 -1914.84 248.776 350.884 248.775 380.519
GPRESSURE: 2160000 2282.36 103.389 304.041 130.738 -1900.27 137.94 306.392 390.047 348.725
PRESSAVG: 2160000 1943.38 89.8684 77.8496 89.8684 -1972.78 34.0726 77.8496 34.0726 149.662
GPRESSAVG: 2160000 1953.78 106.762 63.7627 83.1371 -1973.19 8.68523 78.3474 37.3155 138.68
TIMING: 2160000  CPU: 1942.69, 0.000900132/step  Wall: 1943, 0.000900209/step, 383.911 ns/days, 0.710165 hours remaining, 0.000000 MB of memory in use.
PERFORMANCE: 2160000  averaging 384.202 ns/day, 0.000899528 sec/step with standard deviation 1.74543e-06
ENERGY: 2160000        21.9029        57.5154        41.7028         3.1912         -52580.2712    -85228.4677         0.0000         0.0000     10778.5600        -126905.8665       297.9820   -137684.4265   -126783.6812       297.0669            240.9547       243.6017    184024.9140        40.0879        39.7566

WRITING EXTENDED SYSTEM TO RESTART FILE AT STEP 2160000
WRITING COORDINATES TO DCD FILE ../output/02_eq_3_CLKWW.0.dcd AT STEP 2160000
WRITING COORDINATES TO RESTART FILE AT STEP 2160000
FINISHED WRITING RESTART COORDINATES
WRITING VELOCITIES TO RESTART FILE AT STEP 2160000
FINISHED WRITING RESTART VELOCITIES
PRESSURE: 2170000 2603.09 317.422 120.911 317.423 -1701.42 50.286 120.912 50.2874 529.222
GPRESSURE: 2170000 2590.46 229.475 124.489 324.817 -1712.23 117.967 114.266 32.3015 548.055
PRESSAVG: 2170000 1968.49 97.8395 79.4651 97.8395 -1957.24 14.6944 79.4651 14.6944 157.592
GPRESSAVG: 2170000 1976.8 109.009 58.5799 92.0739 -1956.26 -6.62152 80.723 18.5302 147.092
TIMING: 2170000  CPU: 1951.67, 0.000898283/step  Wall: 1951.98, 0.000898344/step, 384.708 ns/days, 0.706198 hours remaining, 0.000000 MB of memory in use.
PERFORMANCE: 2170000  averaging 384.204 ns/day, 0.000899522 sec/step with standard deviation 1.74324e-06
ENERGY: 2170000        24.3009        57.9366        52.8433         2.0319         -52387.5204    -85327.0886         0.0000         0.0000     10783.4256        -126794.0707       298.1166   -137577.4963   -126786.9972       297.0579            476.9654       475.4288    184317.7936        56.2809        55.8774

WRITING EXTENDED SYSTEM TO RESTART FILE AT STEP 2170000
WRITING COORDINATES TO DCD FILE ../output/02_eq_3_CLKWW.0.dcd AT STEP 2170000
WRITING COORDINATES TO RESTART FILE AT STEP 2170000
FINISHED WRITING RESTART COORDINATES
WRITING VELOCITIES TO RESTART FILE AT STEP 2170000
FINISHED WRITING RESTART VELOCITIES
PRESSURE: 2180000 2230.51 -12.1835 -23.5062 -12.1852 -1552.86 234.367 -23.5042 234.369 526.485
GPRESSURE: 2180000 2189.98 10.555 4.60954 -3.18794 -1515.03 196.253 -24.0497 274.093 524.996
PRESSAVG: 2180000 2016.08 88.8094 72.7268 88.8094 -1915.78 28.2676 72.7268 28.2676 161.943
GPRESSAVG: 2180000 2021.59 97.8976 53.3294 90.9252 -1915.22 6.72403 72.394 28.5971 153.846
TIMING: 2180000  CPU: 1960.64, 0.00089713/step  Wall: 1960.96, 0.000897332/step, 385.142 ns/days, 0.70291 hours remaining, 0.000000 MB of memory in use.
PERFORMANCE: 2180000  averaging 384.208 ns/day, 0.000899512 sec/step with standard deviation 1.74553e-06
ENERGY: 2180000        22.1846        69.0932        46.1021         0.9546         -52403.7350    -85267.6477         0.0000         0.0000     10684.7045        -126848.3437       295.3873   -137533.0482   -126801.3591       296.7755            401.3767       399.9816    185735.5125        87.4149        86.7379

WRITING EXTENDED SYSTEM TO RESTART FILE AT STEP 2180000
WRITING COORDINATES TO DCD FILE ../output/02_eq_3_CLKWW.0.dcd AT STEP 2180000
WRITING COORDINATES TO RESTART FILE AT STEP 2180000
FINISHED WRITING RESTART COORDINATES
WRITING VELOCITIES TO RESTART FILE AT STEP 2180000
FINISHED WRITING RESTART VELOCITIES
PRESSURE: 2190000 1875.45 -209.078 14.7253 -209.077 -1686.43 173.216 14.7273 173.216 -516.162
GPRESSURE: 2190000 1846.18 -264.754 0.734384 -156.151 -1648.84 132.875 -23.1058 132.355 -543.521
PRESSAVG: 2190000 1990.39 65.799 55.0989 65.799 -1896.74 38.3772 55.0989 38.3772 133.687
GPRESSAVG: 2190000 1994.16 74.5066 30.9519 69.0745 -1894.54 14.5338 53.4641 33.1819 123.87
TIMING: 2190000  CPU: 1969.61, 0.000896907/step  Wall: 1969.93, 0.000897105/step, 385.239 ns/days, 0.70024 hours remaining, 0.000000 MB of memory in use.
PERFORMANCE: 2190000  averaging 384.213 ns/day, 0.000899501 sec/step with standard deviation 1.7491e-06
ENERGY: 2190000        19.3446        57.6907        44.5494         4.0847         -51947.1778    -85481.9785         0.0000         0.0000     10686.8172        -126616.6697       295.4457   -137303.4869   -126800.0321       296.6801           -109.0481      -115.3926    184813.1970        75.7769        74.4974

WRITING EXTENDED SYSTEM TO RESTART FILE AT STEP 2190000
WRITING COORDINATES TO DCD FILE ../output/02_eq_3_CLKWW.0.dcd AT STEP 2190000
WRITING COORDINATES TO RESTART FILE AT STEP 2190000
FINISHED WRITING RESTART COORDINATES
WRITING VELOCITIES TO RESTART FILE AT STEP 2190000
FINISHED WRITING RESTART VELOCITIES
PRESSURE: 2200000 2247.68 -117.957 -392.77 -117.957 -1597.06 204.445 -392.771 204.445 331.695
GPRESSURE: 2200000 2265.03 -67.01 -340.691 -132.739 -1589.48 270.406 -367.561 211.487 299.347
PRESSAVG: 2200000 2017.47 63.7704 40.8991 63.7704 -1883.77 45.8823 40.8991 45.8823 133.688
GPRESSAVG: 2200000 2023.93 67.4736 24.8019 69.394 -1881.61 28.2273 32.806 42.561 120.732
TIMING: 2200000  CPU: 1978.59, 0.000897801/step  Wall: 1978.91, 0.000897969/step, 384.868 ns/days, 0.698421 hours remaining, 0.000000 MB of memory in use.
PERFORMANCE: 2200000  averaging 384.216 ns/day, 0.000899494 sec/step with standard deviation 1.74815e-06
ETITLE:      TS           BOND          ANGLE          DIHED          IMPRP               ELECT            VDW       BOUNDARY           MISC        KINETIC               TOTAL           TEMP      POTENTIAL       TOTALAVG        TEMPAVG            PRESSURE      GPRESSURE         VOLUME       PRESSAVG      GPRESSAVG

ENERGY: 2200000        22.8577        61.9443        47.8045         1.4205         -52411.9130    -85399.0764         0.0000         0.0000     10860.2758        -126816.6865       300.2411   -137676.9623   -126796.3938       296.8182            327.4405       324.9662    184765.8679        89.1320        87.6836

WRITING EXTENDED SYSTEM TO RESTART FILE AT STEP 2200000
WRITING COORDINATES TO DCD FILE ../output/02_eq_3_CLKWW.0.dcd AT STEP 2200000
WRITING COORDINATES TO RESTART FILE AT STEP 2200000
FINISHED WRITING RESTART COORDINATES
WRITING VELOCITIES TO RESTART FILE AT STEP 2200000
FINISHED WRITING RESTART VELOCITIES
PRESSURE: 2210000 2361.68 109.853 38.19 109.855 -1025.83 -184.174 38.1892 -184.174 513.696
GPRESSURE: 2210000 2386.11 146.277 -5.18077 52.2351 -1056.26 -123.73 93.3142 -284.124 535.742
PRESSAVG: 2210000 2040.51 65.2466 44.1191 65.2466 -1834.65 26.3474 44.1191 26.3474 129.122
GPRESSAVG: 2210000 2048.43 69.1903 27.1141 65.3807 -1832.57 14.5138 37.1021 22.2629 115.679
TIMING: 2210000  CPU: 1987.57, 0.000897801/step  Wall: 1987.89, 0.000898028/step, 384.843 ns/days, 0.695972 hours remaining, 0.000000 MB of memory in use.
PERFORMANCE: 2210000  averaging 384.219 ns/day, 0.000899487 sec/step with standard deviation 1.74696e-06
ENERGY: 2210000        22.3776        56.9810        45.5275         2.9034         -52355.4964    -85395.2007         0.0000         0.0000     10730.9724        -126891.9351       296.6664   -137622.9075   -126807.0655       296.6958            616.5167       621.8640    184361.2953       111.6610       110.5123

WRITING EXTENDED SYSTEM TO RESTART FILE AT STEP 2210000
WRITING COORDINATES TO DCD FILE ../output/02_eq_3_CLKWW.0.dcd AT STEP 2210000
WRITING COORDINATES TO RESTART FILE AT STEP 2210000
FINISHED WRITING RESTART COORDINATES
WRITING VELOCITIES TO RESTART FILE AT STEP 2210000
FINISHED WRITING RESTART VELOCITIES
PRESSURE: 2220000 1885.33 -27.6374 79.6541 -27.6376 -1868.03 328.135 79.6533 328.134 218.234
GPRESSURE: 2220000 1925.33 25.1904 79.8906 -41.1112 -1938.51 385.171 36.1076 411.621 237.319
PRESSAVG: 2220000 2030.77 73.476 54.7491 73.476 -1845.61 33.4081 54.7491 33.4081 142.206
GPRESSAVG: 2220000 2038.47 85.5799 38.2526 73.7047 -1848.3 25.4555 51.7329 35.1223 133.856
TIMING: 2220000  CPU: 1996.55, 0.000898539/step  Wall: 1996.87, 0.00089866/step, 384.573 ns/days, 0.693965 hours remaining, 0.000000 MB of memory in use.
PERFORMANCE: 2220000  averaging 384.22 ns/day, 0.000899484 sec/step with standard deviation 1.74389e-06
ENERGY: 2220000        27.4449        59.7019        43.9529         1.2386         -52283.5226    -85383.6901         0.0000         0.0000     10720.0076        -126814.8668       296.3633   -137534.8744   -126807.1361       296.7009             78.5101        74.7129    184116.7234       109.1204       108.0085

WRITING EXTENDED SYSTEM TO RESTART FILE AT STEP 2220000
WRITING COORDINATES TO DCD FILE ../output/02_eq_3_CLKWW.0.dcd AT STEP 2220000
WRITING COORDINATES TO RESTART FILE AT STEP 2220000
FINISHED WRITING RESTART COORDINATES
WRITING VELOCITIES TO RESTART FILE AT STEP 2220000
FINISHED WRITING RESTART VELOCITIES
PRESSURE: 2230000 1384.14 -103.368 -15.8377 -103.365 -2098.16 -521.397 -15.8358 -521.396 -185.144
GPRESSURE: 2230000 1329.29 -206.518 104.828 28.7753 -2062.17 -514.417 -68.9982 -560.29 -148.576
PRESSAVG: 2230000 2000.56 64.6503 49.9171 64.6503 -1868.63 11.1277 49.9171 11.1277 112.239
GPRESSAVG: 2230000 2006.33 70.8049 40.7004 73.2458 -1869.02 -2.29409 48.7567 10.8979 105.54
TIMING: 2230000  CPU: 2005.52, 0.000897036/step  Wall: 2005.85, 0.000897211/step, 385.194 ns/days, 0.690354 hours remaining, 0.000000 MB of memory in use.
PERFORMANCE: 2230000  averaging 384.225 ns/day, 0.000899474 sec/step with standard deviation 1.7466e-06
ENERGY: 2230000        19.8893        51.3137        45.0828         2.3093         -52428.1335    -85231.4234         0.0000         0.0000     10803.7730        -126737.1888       298.6791   -137540.9618   -126804.3217       296.6875           -299.7235      -293.8196    185419.8248        81.3910        80.9491

WRITING EXTENDED SYSTEM TO RESTART FILE AT STEP 2230000
WRITING COORDINATES TO DCD FILE ../output/02_eq_3_CLKWW.0.dcd AT STEP 2230000
WRITING COORDINATES TO RESTART FILE AT STEP 2230000
FINISHED WRITING RESTART COORDINATES
WRITING VELOCITIES TO RESTART FILE AT STEP 2230000
FINISHED WRITING RESTART VELOCITIES
PRESSURE: 2240000 2074.89 29.3427 -274.286 29.339 -1909.62 25.5039 -274.286 25.5056 116.129
GPRESSURE: 2240000 2060.17 -6.94833 -192.28 136.515 -1896.92 91.8334 -318.912 77.1561 131.941
PRESSAVG: 2240000 1999.73 83.051 58.0179 83.051 -1885.33 2.25295 58.0179 2.25295 103.811
GPRESSAVG: 2240000 2003.02 85.5872 52.5078 93.8423 -1887.56 -2.74563 54.8412 0.903863 102.21
TIMING: 2240000  CPU: 2014.5, 0.000898043/step  Wall: 2014.83, 0.000898213/step, 384.764 ns/days, 0.68863 hours remaining, 0.000000 MB of memory in use.
PERFORMANCE: 2240000  averaging 384.227 ns/day, 0.000899468 sec/step with standard deviation 1.74471e-06
ENERGY: 2240000        23.2017        62.6361        41.2274         2.4883         -52258.1970    -85221.1546         0.0000         0.0000     10727.9244        -126621.8736       296.5822   -137349.7980   -126799.8759       296.5878             93.7992        98.3952    184713.9787        72.7370        72.5573

WRITING EXTENDED SYSTEM TO RESTART FILE AT STEP 2240000
WRITING COORDINATES TO DCD FILE ../output/02_eq_3_CLKWW.0.dcd AT STEP 2240000
WRITING COORDINATES TO RESTART FILE AT STEP 2240000
FINISHED WRITING RESTART COORDINATES
WRITING VELOCITIES TO RESTART FILE AT STEP 2240000
FINISHED WRITING RESTART VELOCITIES
PRESSURE: 2250000 2593.71 -8.03676 98.8798 -8.03742 -1754.33 16.5988 98.8812 16.5994 -220.191
GPRESSURE: 2250000 2600.18 -18.2883 118.911 -79.3047 -1744.31 91.5709 25.6607 6.33652 -234.555
PRESSAVG: 2250000 2020.23 66.2646 55.9822 66.2646 -1891.76 2.53517 55.9822 2.53517 63.1317
GPRESSAVG: 2250000 2024.86 70.1524 55.61 71.1224 -1895.76 4.87846 51.0222 6.53164 62.0357
TIMING: 2250000  CPU: 2023.48, 0.000898133/step  Wall: 2023.81, 0.000898259/step, 384.744 ns/days, 0.68617 hours remaining, 0.000000 MB of memory in use.
PERFORMANCE: 2250000  averaging 384.229 ns/day, 0.000899463 sec/step with standard deviation 1.74268e-06
ENERGY: 2250000        16.7310        59.2374        38.6391         1.2527         -52268.5192    -85243.7439         0.0000         0.0000     10735.4655        -126660.9374       296.7907   -137396.4029   -126803.2812       296.5423            206.3968       207.1049    184730.5262        63.8660        63.7130

WRITING EXTENDED SYSTEM TO RESTART FILE AT STEP 2250000
WRITING COORDINATES TO DCD FILE ../output/02_eq_3_CLKWW.0.dcd AT STEP 2250000
WRITING COORDINATES TO RESTART FILE AT STEP 2250000
FINISHED WRITING RESTART COORDINATES
WRITING VELOCITIES TO RESTART FILE AT STEP 2250000
FINISHED WRITING RESTART VELOCITIES
PRESSURE: 2260000 2015.74 -259.099 -48.4658 -259.102 -1705.84 -323.506 -48.4634 -323.504 355.952
GPRESSURE: 2260000 2014.53 -190.273 -116.368 -396.192 -1735.74 -324 57.425 -290.467 379.823
PRESSAVG: 2260000 1989.08 59.8527 53.1173 59.8527 -1904.8 -8.08536 53.1173 -8.08536 54.9991
GPRESSAVG: 2260000 1993.91 68.8216 44.9367 57.2038 -1909.96 -7.95121 52.2562 -0.58211 54.2536
TIMING: 2260000  CPU: 2032.47, 0.00089853/step  Wall: 2032.8, 0.000898769/step, 384.526 ns/days, 0.684063 hours remaining, 0.000000 MB of memory in use.
PERFORMANCE: 2260000  averaging 384.231 ns/day, 0.000899459 sec/step with standard deviation 1.73942e-06
ENERGY: 2260000        17.1684        64.7968        45.7992         4.2909         -52382.6126    -85185.7630         0.0000         0.0000     10687.0887        -126749.2316       295.4532   -137436.3202   -126800.1905       296.4662            221.9534       219.5381    184417.8226        46.4257        46.0680

WRITING EXTENDED SYSTEM TO RESTART FILE AT STEP 2260000
WRITING COORDINATES TO DCD FILE ../output/02_eq_3_CLKWW.0.dcd AT STEP 2260000
WRITING COORDINATES TO RESTART FILE AT STEP 2260000
FINISHED WRITING RESTART COORDINATES
WRITING VELOCITIES TO RESTART FILE AT STEP 2260000
FINISHED WRITING RESTART VELOCITIES
PRESSURE: 2270000 2535.46 -75.4078 -7.49471 -75.4074 -2083.4 33.9485 -7.49644 33.9477 139.239
GPRESSURE: 2270000 2534.06 -168.194 46.0532 -65.538 -2139.81 -42.3498 -86.8964 30.155 193.994
PRESSAVG: 2270000 1998.29 43.7164 56.37 43.7164 -1927.61 3.68775 56.37 3.68775 39.1435
GPRESSAVG: 2270000 1998.74 45.599 57.3214 41.4576 -1935.49 2.41758 51.1645 4.69739 45.3647
TIMING: 2270000  CPU: 2041.45, 0.000898409/step  Wall: 2041.79, 0.000898593/step, 384.601 ns/days, 0.681433 hours remaining, 0.000000 MB of memory in use.
PERFORMANCE: 2270000  averaging 384.232 ns/day, 0.000899456 sec/step with standard deviation 1.73652e-06
ENERGY: 2270000        18.2860        73.1244        41.7398         4.7395         -52418.1065    -85176.7328         0.0000         0.0000     10828.3784        -126628.5710       299.3593   -137456.9495   -126784.6197       296.7925            197.1010       196.0826    184709.5371        36.6099        36.2044

WRITING EXTENDED SYSTEM TO RESTART FILE AT STEP 2270000
WRITING COORDINATES TO DCD FILE ../output/02_eq_3_CLKWW.0.dcd AT STEP 2270000
WRITING COORDINATES TO RESTART FILE AT STEP 2270000
FINISHED WRITING RESTART COORDINATES
WRITING VELOCITIES TO RESTART FILE AT STEP 2270000
FINISHED WRITING RESTART VELOCITIES
PRESSURE: 2280000 1742.75 -111.637 -45.159 -111.636 -1894.12 160.634 -45.1596 160.633 -24.0945
GPRESSURE: 2280000 1752.96 -141.896 -62.1458 -74.8489 -1862.42 226.829 -52.9541 35.7837 -63.8064
PRESSAVG: 2280000 2017.4 37.1957 45.8544 37.1957 -1909.23 15.4568 45.8544 15.4568 63.7315
GPRESSAVG: 2280000 2017.25 31.5815 44.5774 38.8924 -1913.68 18.0261 41.3018 13.4443 67.1005
TIMING: 2280000  CPU: 2050.43, 0.000897476/step  Wall: 2050.76, 0.000897497/step, 385.071 ns/days, 0.678109 hours remaining, 0.000000 MB of memory in use.
PERFORMANCE: 2280000  averaging 384.236 ns/day, 0.000899447 sec/step with standard deviation 1.73753e-06
ENERGY: 2280000        17.5302        52.2340        42.4514         3.5048         -52234.3924    -85296.4493         0.0000         0.0000     10909.7229        -126505.3984       301.6081   -137415.1213   -126759.8186       297.2149            -58.4896       -57.7556    184174.0407        57.3023        56.8904

WRITING EXTENDED SYSTEM TO RESTART FILE AT STEP 2280000
WRITING COORDINATES TO DCD FILE ../output/02_eq_3_CLKWW.0.dcd AT STEP 2280000
WRITING COORDINATES TO RESTART FILE AT STEP 2280000
FINISHED WRITING RESTART COORDINATES
WRITING VELOCITIES TO RESTART FILE AT STEP 2280000
FINISHED WRITING RESTART VELOCITIES
PRESSURE: 2290000 2183.7 54.5819 101.566 54.5852 -1855.52 57.499 101.565 57.5005 88.4158
GPRESSURE: 2290000 2144.61 227.908 -0.716992 3.19482 -1874.32 184.639 174.414 58.1864 154.142
PRESSAVG: 2290000 2044.53 16.8122 26.6299 16.8122 -1879.5 12.7183 26.6299 12.7183 62.8411
GPRESSAVG: 2290000 2040.4 16.7189 26.7462 17.4929 -1886.24 23.6873 21.9997 7.28849 72.3722
TIMING: 2290000  CPU: 2059.4, 0.000896737/step  Wall: 2059.73, 0.00089686/step, 385.345 ns/days, 0.675136 hours remaining, 0.000000 MB of memory in use.
PERFORMANCE: 2290000  averaging 384.241 ns/day, 0.000899436 sec/step with standard deviation 1.74213e-06
ENERGY: 2290000        21.5891        60.3427        44.8262         1.9949         -52439.8953    -85211.8362         0.0000         0.0000     10855.0732        -126667.9054       300.0973   -137522.9786   -126759.1939       297.4612            138.8663       141.4776    183785.0592        75.9548        75.5127

WRITING EXTENDED SYSTEM TO RESTART FILE AT STEP 2290000
WRITING COORDINATES TO DCD FILE ../output/02_eq_3_CLKWW.0.dcd AT STEP 2290000
WRITING COORDINATES TO RESTART FILE AT STEP 2290000
FINISHED WRITING RESTART COORDINATES
WRITING VELOCITIES TO RESTART FILE AT STEP 2290000
FINISHED WRITING RESTART VELOCITIES
PRESSURE: 2300000 2585.09 -89.74 -44.6084 -89.7396 -1678.17 423.694 -44.611 423.694 1020.15
GPRESSURE: 2300000 2524.49 -136.051 41.4713 -154.913 -1633.33 436.965 -126.248 517.084 1023.29
PRESSAVG: 2300000 2101.89 -13.3252 3.9813 -13.3252 -1841.11 44.3742 3.9813 44.3742 121.26
GPRESSAVG: 2300000 2097.31 -11.965 7.45077 -15.963 -1847.25 63.6035 -4.95309 34.4717 129.874
TIMING: 2300000  CPU: 2068.36, 0.000896817/step  Wall: 2068.7, 0.000897012/step, 385.279 ns/days, 0.672759 hours remaining, 0.000000 MB of memory in use.
PERFORMANCE: 2300000  averaging 384.245 ns/day, 0.000899425 sec/step with standard deviation 1.74565e-06
ETITLE:      TS           BOND          ANGLE          DIHED          IMPRP               ELECT            VDW       BOUNDARY           MISC        KINETIC               TOTAL           TEMP      POTENTIAL       TOTALAVG        TEMPAVG            PRESSURE      GPRESSURE         VOLUME       PRESSAVG      GPRESSAVG

ENERGY: 2300000        27.4385        65.7845        41.2575         3.0898         -52309.6373    -85216.4975         0.0000         0.0000     10728.4047        -126660.1598       296.5955   -137388.5645   -126746.8045       297.6296            642.3589       638.1518    185680.6364       127.3458       126.6455

WRITING EXTENDED SYSTEM TO RESTART FILE AT STEP 2300000
WRITING COORDINATES TO DCD FILE ../output/02_eq_3_CLKWW.0.dcd AT STEP 2300000
WRITING COORDINATES TO RESTART FILE AT STEP 2300000
FINISHED WRITING RESTART COORDINATES
WRITING VELOCITIES TO RESTART FILE AT STEP 2300000
FINISHED WRITING RESTART VELOCITIES
PRESSURE: 2310000 2214.27 78.6127 -146.221 78.6145 -1509.92 39.2769 -146.221 39.275 -180.433
GPRESSURE: 2310000 2238.26 -32.7237 -192.676 208.46 -1532.01 41.1282 -153.228 8.08311 -170.411
PRESSAVG: 2310000 2160.16 -8.57149 -11.644 -8.57149 -1784.19 45.367 -11.644 45.367 135.492
GPRESSAVG: 2310000 2154.24 -17.6944 -11.7263 -8.31364 -1788.6 62.1138 -14.3027 40.1554 144.819
TIMING: 2310000  CPU: 2077.35, 0.000898331/step  Wall: 2077.68, 0.000898524/step, 384.631 ns/days, 0.671397 hours remaining, 0.000000 MB of memory in use.
PERFORMANCE: 2310000  averaging 384.247 ns/day, 0.000899421 sec/step with standard deviation 1.74286e-06
ENERGY: 2310000        15.3883        59.4495        40.5220         3.0221         -52655.0422    -85226.8949         0.0000         0.0000     10748.3831        -127015.1722       297.1478   -137763.5553   -126756.1263       297.5661            174.6391       178.6101    184320.6442       170.4901       170.1520

WRITING EXTENDED SYSTEM TO RESTART FILE AT STEP 2310000
WRITING COORDINATES TO DCD FILE ../output/02_eq_3_CLKWW.0.dcd AT STEP 2310000
WRITING COORDINATES TO RESTART FILE AT STEP 2310000
FINISHED WRITING RESTART COORDINATES
WRITING VELOCITIES TO RESTART FILE AT STEP 2310000
FINISHED WRITING RESTART VELOCITIES
PRESSURE: 2320000 1528.83 145.896 259.144 145.894 -2224.85 -309.484 259.144 -309.484 173.226
GPRESSURE: 2320000 1514.42 116.8 230.159 85.4704 -2141.29 -202.784 252.388 -296.58 118.408
PRESSAVG: 2320000 2111.16 -10.0525 3.64445 -10.0525 -1809.6 31.0357 3.64445 31.0357 131.05
GPRESSAVG: 2320000 2109.53 -22.4209 2.52117 -10.2795 -1812.3 48.3906 -7.46472 33.3575 135.609
TIMING: 2320000  CPU: 2086.32, 0.000897015/step  Wall: 2086.66, 0.000897175/step, 385.209 ns/days, 0.667897 hours remaining, 0.000000 MB of memory in use.
PERFORMANCE: 2320000  averaging 384.251 ns/day, 0.000899412 sec/step with standard deviation 1.74533e-06
ENERGY: 2320000        18.2589        51.6641        45.6005         1.2749         -52538.3574    -85154.5414         0.0000         0.0000     10640.6084        -126935.4919       294.1683   -137576.1004   -126766.5146       297.3338           -174.2647      -169.4883    185636.7067       144.2038       144.2805

WRITING EXTENDED SYSTEM TO RESTART FILE AT STEP 2320000
WRITING COORDINATES TO DCD FILE ../output/02_eq_3_CLKWW.0.dcd AT STEP 2320000
WRITING COORDINATES TO RESTART FILE AT STEP 2320000
FINISHED WRITING RESTART COORDINATES
WRITING VELOCITIES TO RESTART FILE AT STEP 2320000
FINISHED WRITING RESTART VELOCITIES
PRESSURE: 2330000 2649.87 -66.7752 -373.119 -66.7747 -1172.58 16.0478 -373.119 16.0483 1061.88
GPRESSURE: 2330000 2672.72 52.0632 -361.465 -123.323 -1185.91 18.5662 -308.079 -25.9016 1064.23
PRESSAVG: 2330000 2150.39 -7.40279 -25.1178 -7.40279 -1766.56 21.1464 -25.1178 21.1464 185.597
GPRESSAVG: 2330000 2147.45 -15.9555 -28.4818 -15.8267 -1765 45.3262 -31.7281 21.0459 187.619
TIMING: 2330000  CPU: 2095.31, 0.000899434/step  Wall: 2095.65, 0.000899588/step, 384.176 ns/days, 0.667194 hours remaining, 0.000000 MB of memory in use.
PERFORMANCE: 2330000  averaging 384.251 ns/day, 0.000899412 sec/step with standard deviation 1.7416e-06
ENERGY: 2330000        30.1166        62.7229        38.4875         3.0737         -52331.6647    -85240.4024         0.0000         0.0000     10815.2134        -126622.4530       298.9954   -137437.6664   -126753.2549       297.3885            846.3885       850.3451    184075.2711       189.8103       190.0216

WRITING EXTENDED SYSTEM TO RESTART FILE AT STEP 2330000
WRITING COORDINATES TO DCD FILE ../output/02_eq_3_CLKWW.0.dcd AT STEP 2330000
WRITING COORDINATES TO RESTART FILE AT STEP 2330000
FINISHED WRITING RESTART COORDINATES
WRITING VELOCITIES TO RESTART FILE AT STEP 2330000
FINISHED WRITING RESTART VELOCITIES
PRESSURE: 2340000 1977.1 -6.2333 -23.1144 -6.2341 -1815.17 111.968 -23.1148 111.969 -466.258
GPRESSURE: 2340000 2069.39 38.9811 -113.024 44.2224 -1828.45 119.547 -69.2004 150.265 -521.381
PRESSAVG: 2340000 2155.8 -18.3825 -15.9939 -18.3825 -1729.79 39.3639 -15.9939 39.3639 182.755
GPRESSAVG: 2340000 2156.99 -25.1339 -18.613 -19.4905 -1728.77 58.4377 -24.3971 48.1163 183.118
TIMING: 2340000  CPU: 2104.31, 0.000899729/step  Wall: 2104.65, 0.000899929/step, 384.03 ns/days, 0.664948 hours remaining, 0.000000 MB of memory in use.
PERFORMANCE: 2340000  averaging 384.25 ns/day, 0.000899415 sec/step with standard deviation 1.73819e-06
ENERGY: 2340000        28.0381        63.7181        43.8995         1.2683         -52511.3098    -85216.6193         0.0000         0.0000     10701.0750        -126889.9300       295.8399   -137591.0050   -126757.3799       297.3787           -101.4432       -93.4805    184584.3358       202.9226       203.7776

WRITING EXTENDED SYSTEM TO RESTART FILE AT STEP 2340000
WRITING COORDINATES TO DCD FILE ../output/02_eq_3_CLKWW.0.dcd AT STEP 2340000
WRITING COORDINATES TO RESTART FILE AT STEP 2340000
FINISHED WRITING RESTART COORDINATES
WRITING VELOCITIES TO RESTART FILE AT STEP 2340000
FINISHED WRITING RESTART VELOCITIES
PRESSURE: 2350000 2185.42 332.989 241.053 332.989 -1708.1 117.601 241.051 117.6 734.901
GPRESSURE: 2350000 2178.34 298.994 322.136 361.168 -1676.9 165.098 238.556 58.8268 715.661
PRESSAVG: 2350000 2156.6 6.06113 -4.47876 6.06113 -1737.81 45.1719 -4.47876 45.1719 229.873
GPRESSAVG: 2350000 2155.94 0.848696 -0.361235 7.41439 -1733.71 70.4754 -15.0355 46.8209 229.671
TIMING: 2350000  CPU: 2113.31, 0.000899588/step  Wall: 2113.65, 0.000899779/step, 384.094 ns/days, 0.662337 hours remaining, 0.000000 MB of memory in use.
PERFORMANCE: 2350000  averaging 384.249 ns/day, 0.000899416 sec/step with standard deviation 1.73463e-06
ENERGY: 2350000        24.6733        65.2937        46.8050         3.1340         -52443.5590    -85171.9164         0.0000         0.0000     10913.7803        -126561.7891       301.7203   -137475.5694   -126747.2271       297.6620            404.0719       405.7002    185127.2954       216.2185       217.3012

WRITING EXTENDED SYSTEM TO RESTART FILE AT STEP 2350000
WRITING COORDINATES TO DCD FILE ../output/02_eq_3_CLKWW.0.dcd AT STEP 2350000
WRITING COORDINATES TO RESTART FILE AT STEP 2350000
FINISHED WRITING RESTART COORDINATES
WRITING VELOCITIES TO RESTART FILE AT STEP 2350000
FINISHED WRITING RESTART VELOCITIES
PRESSURE: 2360000 1624.18 -37.5058 73.7524 -37.508 -2108.94 219.565 73.7522 219.566 -457.492
GPRESSURE: 2360000 1678.79 -31.5838 81.024 -37.0404 -2206.01 202.421 196.032 260.083 -412.585
PRESSAVG: 2360000 2124.94 -2.79806 -18.3353 -2.79806 -1747.52 43.7115 -18.3353 43.7115 187.973
GPRESSAVG: 2360000 2125.77 -5.89993 -11.5121 -0.974544 -1749 73.6994 -20.5535 40.3227 191.606
TIMING: 2360000  CPU: 2122.3, 0.000899796/step  Wall: 2122.65, 0.000899953/step, 384.02 ns/days, 0.659966 hours remaining, 0.000000 MB of memory in use.
PERFORMANCE: 2360000  averaging 384.248 ns/day, 0.000899418 sec/step with standard deviation 1.73129e-06
ENERGY: 2360000        24.4922        53.8557        47.5322         2.3218         -52555.4646    -85222.5469         0.0000         0.0000     10785.9866        -126863.8230       298.1874   -137649.8095   -126745.1249       297.6722           -314.0832      -313.2694    184608.9098       188.4666       189.4577

WRITING EXTENDED SYSTEM TO RESTART FILE AT STEP 2360000
WRITING COORDINATES TO DCD FILE ../output/02_eq_3_CLKWW.0.dcd AT STEP 2360000
WRITING COORDINATES TO RESTART FILE AT STEP 2360000
FINISHED WRITING RESTART COORDINATES
WRITING VELOCITIES TO RESTART FILE AT STEP 2360000
FINISHED WRITING RESTART VELOCITIES
PRESSURE: 2370000 1961.69 136.713 -163.479 136.714 -2078.48 -173.716 -163.477 -173.717 -468.323
GPRESSURE: 2370000 1984.63 117.099 -176.393 230.347 -2092.31 -295.359 -120.247 -148.298 -470.288
PRESSAVG: 2370000 2092.87 -11.8335 -32.5548 -11.8335 -1766.37 32.5113 -32.5548 32.5113 138.095
GPRESSAVG: 2370000 2095.47 -11.5188 -26.5562 -5.69801 -1768 53.0331 -32.2791 31.2927 140.689
TIMING: 2370000  CPU: 2131.31, 0.000900512/step  Wall: 2131.66, 0.000900758/step, 383.677 ns/days, 0.658053 hours remaining, 0.000000 MB of memory in use.
PERFORMANCE: 2370000  averaging 384.246 ns/day, 0.000899424 sec/step with standard deviation 1.72981e-06
ENERGY: 2370000        27.3602        57.7807        49.3511         3.1952         -52172.1434    -85399.6366         0.0000         0.0000     10819.3499        -126614.7428       299.1097   -137434.0927   -126736.1585       297.7219           -195.0388      -192.6566    185963.8184       154.8664       156.0534

WRITING EXTENDED SYSTEM TO RESTART FILE AT STEP 2370000
WRITING COORDINATES TO DCD FILE ../output/02_eq_3_CLKWW.0.dcd AT STEP 2370000
WRITING COORDINATES TO RESTART FILE AT STEP 2370000
FINISHED WRITING RESTART COORDINATES
WRITING VELOCITIES TO RESTART FILE AT STEP 2370000
FINISHED WRITING RESTART VELOCITIES
PRESSURE: 2380000 1962.58 -91.8334 3.52339 -91.8342 -1891.15 185.932 3.52366 185.931 -11.7547
GPRESSURE: 2380000 1874.59 -170.038 -64.7151 -216.079 -1876.73 80.8819 158.762 190.062 62.2601
PRESSAVG: 2380000 2079.48 -15.8159 -31.2034 -15.8159 -1783.29 30.0894 -31.2034 30.0894 111.183
GPRESSAVG: 2380000 2079.7 -20.5484 -30.0224 -16.3426 -1786.09 47.2646 -23.1385 27.0912 117.552
TIMING: 2380000  CPU: 2140.3, 0.00089923/step  Wall: 2140.65, 0.000899423/step, 384.246 ns/days, 0.65458 hours remaining, 0.000000 MB of memory in use.
PERFORMANCE: 2380000  averaging 384.246 ns/day, 0.000899424 sec/step with standard deviation 1.72615e-06
ENERGY: 2380000        21.6809        63.6672        49.2555         2.0774         -52446.2199    -85281.6513         0.0000         0.0000     10675.1238        -126916.0665       295.1225   -137591.1903   -126739.5446       297.7087             19.8901        20.0408    184473.5622       135.7921       137.0563

WRITING EXTENDED SYSTEM TO RESTART FILE AT STEP 2380000
WRITING COORDINATES TO DCD FILE ../output/02_eq_3_CLKWW.0.dcd AT STEP 2380000
WRITING COORDINATES TO RESTART FILE AT STEP 2380000
FINISHED WRITING RESTART COORDINATES
WRITING VELOCITIES TO RESTART FILE AT STEP 2380000
FINISHED WRITING RESTART VELOCITIES
PRESSURE: 2390000 1910.74 -39.9656 16.5796 -39.9678 -1857.98 195.765 16.5809 195.766 555.548
GPRESSURE: 2390000 1916.44 -212.345 11.1156 110.439 -1790.66 226.269 22.0695 111.286 491.696
PRESSAVG: 2390000 2081.24 -7.36047 -31.1107 -7.36047 -1791.86 31.2169 -31.1107 31.2169 164.769
GPRESSAVG: 2390000 2083.22 -17.928 -29.5034 -3.01305 -1793.18 51.9343 -20.8797 26.0377 169.313
TIMING: 2390000  CPU: 2149.31, 0.000901382/step  Wall: 2149.66, 0.000901349/step, 383.425 ns/days, 0.653478 hours remaining, 0.000000 MB of memory in use.
PERFORMANCE: 2390000  averaging 384.242 ns/day, 0.000899432 sec/step with standard deviation 1.72702e-06
ENERGY: 2390000        25.7524        71.4330        43.3770         2.4778         -52446.3480    -85209.1233         0.0000         0.0000     10845.7419        -126666.6892       299.8393   -137512.4312   -126742.0456       297.9283            202.7701       205.8243    183843.7867       151.3830       153.1172

WRITING EXTENDED SYSTEM TO RESTART FILE AT STEP 2390000
WRITING COORDINATES TO DCD FILE ../output/02_eq_3_CLKWW.0.dcd AT STEP 2390000
WRITING COORDINATES TO RESTART FILE AT STEP 2390000
FINISHED WRITING RESTART COORDINATES
WRITING VELOCITIES TO RESTART FILE AT STEP 2390000
FINISHED WRITING RESTART VELOCITIES
PRESSURE: 2400000 2172.06 -1.76406 113 -1.76586 -1578.25 -63.0598 113 -63.06 225.631
GPRESSURE: 2400000 2192.31 3.69947 61.5872 -75.148 -1527.96 14.7509 170.632 -87.5281 148.583
PRESSAVG: 2400000 2077.46 -1.55093 -5.82218 -1.55093 -1790.92 17.8417 -5.82218 17.8417 159.466
GPRESSAVG: 2400000 2079.58 -14.3925 -9.38948 -0.133496 -1790.1 39.1516 6.02992 11.087 161.774
TIMING: 2400000  CPU: 2158.32, 0.000900235/step  Wall: 2158.67, 0.000900399/step, 383.83 ns/days, 0.650288 hours remaining, 0.000000 MB of memory in use.
PERFORMANCE: 2400000  averaging 384.241 ns/day, 0.000899436 sec/step with standard deviation 1.72453e-06
ETITLE:      TS           BOND          ANGLE          DIHED          IMPRP               ELECT            VDW       BOUNDARY           MISC        KINETIC               TOTAL           TEMP      POTENTIAL       TOTALAVG        TEMPAVG            PRESSURE      GPRESSURE         VOLUME       PRESSAVG      GPRESSAVG

ENERGY: 2400000        22.3439        64.6860        41.4482         1.0752         -52249.6855    -85505.4123         0.0000         0.0000     10776.3567        -126849.1877       297.9211   -137625.5445   -126743.6707       297.8123            273.1470       270.9787    184640.1292       148.6683       150.4178

WRITING EXTENDED SYSTEM TO RESTART FILE AT STEP 2400000
WRITING COORDINATES TO DCD FILE ../output/02_eq_3_CLKWW.0.dcd AT STEP 2400000
WRITING COORDINATES TO RESTART FILE AT STEP 2400000
FINISHED WRITING RESTART COORDINATES
WRITING VELOCITIES TO RESTART FILE AT STEP 2400000
FINISHED WRITING RESTART VELOCITIES
PRESSURE: 2410000 1701.87 -79.8173 75.4006 -79.8181 -2353.38 -40.3864 75.4013 -40.3867 -472.45
GPRESSURE: 2410000 1761.68 -176.729 192.87 -107.749 -2369.77 -25.2854 77.8264 -88.2081 -521.866
PRESSAVG: 2410000 2044.47 -11.0346 -3.96157 -11.0346 -1857.3 25.031 -3.96157 25.031 110.158
GPRESSAVG: 2410000 2048.36 -30.5427 0.513046 -8.13269 -1855.78 44.0738 5.25553 20.8827 108.894
TIMING: 2410000  CPU: 2167.3, 0.000898199/step  Wall: 2167.65, 0.000898426/step, 384.673 ns/days, 0.646368 hours remaining, 0.000000 MB of memory in use.
PERFORMANCE: 2410000  averaging 384.243 ns/day, 0.000899432 sec/step with standard deviation 1.72216e-06
ENERGY: 2410000        16.3832        60.4610        46.7978         1.0513         -52358.1890    -85300.1486         0.0000         0.0000     10691.5847        -126842.0596       295.5775   -137533.6443   -126741.1769       297.7579           -374.6529      -376.6547    185722.7046        99.1098       100.4919

WRITING EXTENDED SYSTEM TO RESTART FILE AT STEP 2410000
WRITING COORDINATES TO DCD FILE ../output/02_eq_3_CLKWW.0.dcd AT STEP 2410000
WRITING COORDINATES TO RESTART FILE AT STEP 2410000
FINISHED WRITING RESTART COORDINATES
WRITING VELOCITIES TO RESTART FILE AT STEP 2410000
FINISHED WRITING RESTART VELOCITIES
PRESSURE: 2420000 1493.01 -35.5969 -137.115 -35.5972 -2768.73 -65.9718 -137.116 -65.9705 -645.842
GPRESSURE: 2420000 1482.92 -64.8183 -76.6319 8.53602 -2839.82 -7.48705 -257.865 -39.9876 -554.51
PRESSAVG: 2420000 2024.86 -11.4326 -14.8 -11.4326 -1902.33 5.32584 -14.8 5.32584 66.9546
GPRESSAVG: 2420000 2026.24 -35.0432 -7.31308 -5.65032 -1900.84 24.4409 -9.44308 -1.69768 69.3025
TIMING: 2420000  CPU: 2176.28, 0.000898343/step  Wall: 2176.64, 0.000898493/step, 384.644 ns/days, 0.64392 hours remaining, 0.000000 MB of memory in use.
PERFORMANCE: 2420000  averaging 384.244 ns/day, 0.000899428 sec/step with standard deviation 1.71965e-06
ENERGY: 2420000        25.6247        62.5370        42.8521         1.3005         -52126.2844    -85558.8911         0.0000         0.0000     10633.2965        -126919.5646       293.9661   -137552.8611   -126746.4118       297.6380           -640.5189      -637.1367    184964.0019        63.1584        64.8994

WRITING EXTENDED SYSTEM TO RESTART FILE AT STEP 2420000
WRITING COORDINATES TO DCD FILE ../output/02_eq_3_CLKWW.0.dcd AT STEP 2420000
WRITING COORDINATES TO RESTART FILE AT STEP 2420000
FINISHED WRITING RESTART COORDINATES
WRITING VELOCITIES TO RESTART FILE AT STEP 2420000
FINISHED WRITING RESTART VELOCITIES
PRESSURE: 2430000 1668.19 75.7049 136.113 75.7049 -1981.82 -239.272 136.111 -239.27 -158.121
GPRESSURE: 2430000 1600.36 86.5633 111.384 119.477 -2029.92 -173.983 253.248 -265.148 -52.2831
PRESSAVG: 2430000 2039.06 -2.47905 -7.20272 -2.47905 -1896.52 19.4322 -7.20272 19.4322 68.3057
GPRESSAVG: 2430000 2039.79 -20.3891 -6.98527 -1.11525 -1899.23 41.4626 6.66923 13.0594 74.1172
TIMING: 2430000  CPU: 2185.28, 0.000899426/step  Wall: 2185.63, 0.000899629/step, 384.158 ns/days, 0.642235 hours remaining, 0.000000 MB of memory in use.
PERFORMANCE: 2430000  averaging 384.244 ns/day, 0.000899429 sec/step with standard deviation 1.71614e-06
ENERGY: 2430000        23.7819        59.0820        42.4967         2.8645         -52436.4648    -85176.8711         0.0000         0.0000     10753.1751        -126731.9356       297.2803   -137485.1107   -126746.1491       297.5681           -157.2486      -160.6129    186073.6961        70.2821        71.5597

WRITING EXTENDED SYSTEM TO RESTART FILE AT STEP 2430000
WRITING COORDINATES TO DCD FILE ../output/02_eq_3_CLKWW.0.dcd AT STEP 2430000
WRITING COORDINATES TO RESTART FILE AT STEP 2430000
FINISHED WRITING RESTART COORDINATES
WRITING VELOCITIES TO RESTART FILE AT STEP 2430000
FINISHED WRITING RESTART VELOCITIES
PRESSURE: 2440000 1637.38 179.269 91.7028 179.269 -1895.84 18.4236 91.699 18.4226 97.9092
GPRESSURE: 2440000 1625.72 56.171 27.8842 342.941 -1867.96 -25.0077 69.9249 104.385 88.9554
PRESSAVG: 2440000 2017.18 5.01748 11.0965 5.01748 -1895.83 19.078 11.0965 19.078 67.3947
GPRESSAVG: 2440000 2018.07 -17.2331 4.02293 9.20602 -1897.78 35.6205 26.1111 14.4208 71.9679
TIMING: 2440000  CPU: 2194.26, 0.000898579/step  Wall: 2194.62, 0.000898569/step, 384.612 ns/days, 0.638982 hours remaining, 0.000000 MB of memory in use.
PERFORMANCE: 2440000  averaging 384.245 ns/day, 0.000899425 sec/step with standard deviation 1.71349e-06
ENERGY: 2440000        25.9776        57.3370        46.6901         0.5817         -52559.8094    -85181.0331         0.0000         0.0000     10774.8683        -126835.3878       297.8800   -137610.2561   -126756.8248       297.6330            -53.5160       -51.0925    185114.7583        62.9163        64.0854

WRITING EXTENDED SYSTEM TO RESTART FILE AT STEP 2440000
WRITING COORDINATES TO DCD FILE ../output/02_eq_3_CLKWW.0.dcd AT STEP 2440000
WRITING COORDINATES TO RESTART FILE AT STEP 2440000
FINISHED WRITING RESTART COORDINATES
WRITING VELOCITIES TO RESTART FILE AT STEP 2440000
FINISHED WRITING RESTART VELOCITIES
PRESSURE: 2450000 1581.78 52.4647 -238.752 52.4673 -2103.96 82.2101 -238.756 82.2107 -119.552
GPRESSURE: 2450000 1586.91 -27.9498 -161.611 64.0276 -2141.77 164.71 -333.233 -51.9216 -87.1549
PRESSAVG: 2450000 1966.59 8.04271 -5.78531 8.04271 -1913.31 22.3586 -5.78531 22.3586 72.4267
GPRESSAVG: 2450000 1967.41 -17.7162 -10.0032 16.3726 -1917.66 39.2775 8.16638 11.5079 79.3379
TIMING: 2450000  CPU: 2203.25, 0.000898524/step  Wall: 2203.61, 0.00089866/step, 384.573 ns/days, 0.636551 hours remaining, 0.000000 MB of memory in use.
PERFORMANCE: 2450000  averaging 384.247 ns/day, 0.000899422 sec/step with standard deviation 1.71067e-06
ENERGY: 2450000        25.2155        69.3787        44.3051         1.6496         -52336.6271    -85423.7104         0.0000         0.0000     10606.6286        -127013.1602       293.2289   -137619.7888   -126774.4360       297.4549           -213.9100      -214.0055    184044.3778        41.9010        43.0298

WRITING EXTENDED SYSTEM TO RESTART FILE AT STEP 2450000
WRITING COORDINATES TO DCD FILE ../output/02_eq_3_CLKWW.0.dcd AT STEP 2450000
WRITING COORDINATES TO RESTART FILE AT STEP 2450000
FINISHED WRITING RESTART COORDINATES
WRITING VELOCITIES TO RESTART FILE AT STEP 2450000
FINISHED WRITING RESTART VELOCITIES
PRESSURE: 2460000 1612.22 -367.812 -35.2987 -367.81 -1545.36 -302.687 -35.2979 -302.686 -742.915
GPRESSURE: 2460000 1586.59 -472.336 30.9883 -159.886 -1533.4 -356.317 -198.202 -311.542 -740.629
PRESSAVG: 2460000 1946.41 2.60731 -5.12704 2.60731 -1905.29 23.3995 -5.12704 23.3995 17.4833
GPRESSAVG: 2460000 1946.01 -31.8193 -2.63538 28.1879 -1907.54 37.6616 -4.61499 10.4542 23.3153
TIMING: 2460000  CPU: 2212.21, 0.000896383/step  Wall: 2212.57, 0.0008964/step, 385.542 ns/days, 0.63246 hours remaining, 0.000000 MB of memory in use.
PERFORMANCE: 2460000  averaging 384.252 ns/day, 0.00089941 sec/step with standard deviation 1.71802e-06
ENERGY: 2460000        16.1812        65.7786        40.4766         1.6013         -52293.8530    -85316.3096         0.0000         0.0000     10845.1145        -126641.0103       299.8220   -137486.1248   -126769.0249       297.6733           -225.3517      -229.1465    184699.7461        19.5358        20.5956

WRITING EXTENDED SYSTEM TO RESTART FILE AT STEP 2460000
WRITING COORDINATES TO DCD FILE ../output/02_eq_3_CLKWW.0.dcd AT STEP 2460000
WRITING COORDINATES TO RESTART FILE AT STEP 2460000
FINISHED WRITING RESTART COORDINATES
WRITING VELOCITIES TO RESTART FILE AT STEP 2460000
FINISHED WRITING RESTART VELOCITIES
PRESSURE: 2470000 1506.51 77.3176 77.8527 77.3227 -1840.11 -226.561 77.8524 -226.56 171.681
GPRESSURE: 2470000 1561.41 -52.247 73.7549 198.898 -1865.71 -165.901 219.265 -202.733 156.886
PRESSAVG: 2470000 1894.96 10.2438 -0.859593 10.2438 -1893.12 10.3741 -0.859593 10.3741 19.1054
GPRESSAVG: 2470000 1897.38 -26.022 -1.25029 41.4097 -1893.83 31.4841 10.6931 -1.19021 21.4599
TIMING: 2470000  CPU: 2221.2, 0.000898738/step  Wall: 2221.56, 0.000898977/step, 384.437 ns/days, 0.631781 hours remaining, 0.000000 MB of memory in use.
PERFORMANCE: 2470000  averaging 384.253 ns/day, 0.000899408 sec/step with standard deviation 1.71474e-06
ENERGY: 2470000        13.1597        64.7995        46.0642         4.7905         -52181.6957    -85285.8700         0.0000         0.0000     10628.5457        -126710.2061       293.8348   -137338.7518   -126773.1067       297.3971            -53.9738       -49.1375    185420.8329         6.9820         8.3346

WRITING EXTENDED SYSTEM TO RESTART FILE AT STEP 2470000
WRITING COORDINATES TO DCD FILE ../output/02_eq_3_CLKWW.0.dcd AT STEP 2470000
WRITING COORDINATES TO RESTART FILE AT STEP 2470000
FINISHED WRITING RESTART COORDINATES
WRITING VELOCITIES TO RESTART FILE AT STEP 2470000
FINISHED WRITING RESTART VELOCITIES
PRESSURE: 2480000 1936.39 -281.589 19.8725 -281.588 -1835.5 -53.7239 19.8724 -53.727 721.824
GPRESSURE: 2480000 1905.85 -223.62 92.7896 -208.854 -1872.39 -103.898 20.6259 -36.3135 765.794
PRESSAVG: 2480000 1904.64 1.74619 2.39201 1.74619 -1890.19 -0.343887 2.39201 -0.343887 56.4013
GPRESSAVG: 2480000 1905.02 -30.1082 6.49648 34.7094 -1894.33 14.9477 14.3721 -4.79506 62.9399
TIMING: 2480000  CPU: 2230.21, 0.00090098/step  Wall: 2230.57, 0.000900975/step, 383.584 ns/days, 0.630683 hours remaining, 0.000000 MB of memory in use.
PERFORMANCE: 2480000  averaging 384.25 ns/day, 0.000899415 sec/step with standard deviation 1.71416e-06
ENERGY: 2480000        25.2644        59.7833        43.0038         0.8817         -52317.6499    -85364.9703         0.0000         0.0000     10708.7537        -126844.9334       296.0522   -137553.6871   -126790.0834       297.1193            274.2383       266.4171    184886.3834        23.6184        24.5432

WRITING EXTENDED SYSTEM TO RESTART FILE AT STEP 2480000
WRITING COORDINATES TO DCD FILE ../output/02_eq_3_CLKWW.0.dcd AT STEP 2480000
WRITING COORDINATES TO RESTART FILE AT STEP 2480000
FINISHED WRITING RESTART COORDINATES
WRITING VELOCITIES TO RESTART FILE AT STEP 2480000
FINISHED WRITING RESTART VELOCITIES
PRESSURE: 2490000 1735.01 141.23 160.124 141.232 -2450.59 -67.3068 160.125 -67.3062 58.744
GPRESSURE: 2490000 1714.52 260.84 69.5593 78.7168 -2415.62 -63.6127 248.331 -58.8448 54.2234
PRESSAVG: 2490000 1882.21 6.07852 5.32 6.07852 -1919.94 -6.58422 5.32 -6.58422 54.9178
GPRESSAVG: 2490000 1883.52 -28.4615 10.0103 38.4855 -1921.4 2.53514 18.0679 -10.6466 57.944
TIMING: 2490000  CPU: 2239.22, 0.000901235/step  Wall: 2239.58, 0.000901348/step, 383.426 ns/days, 0.62844 hours remaining, 0.000000 MB of memory in use.
PERFORMANCE: 2490000  averaging 384.247 ns/day, 0.000899422 sec/step with standard deviation 1.71508e-06
ENERGY: 2490000        22.5536        61.8532        45.0272         1.6566         -52275.0958    -85268.8899         0.0000         0.0000     10749.0057        -126663.8894       297.1650   -137412.8951   -126789.8826       296.9727           -218.9454      -215.6266    185661.9657         5.7278         6.6880

WRITING EXTENDED SYSTEM TO RESTART FILE AT STEP 2490000
WRITING COORDINATES TO DCD FILE ../output/02_eq_3_CLKWW.0.dcd AT STEP 2490000
WRITING COORDINATES TO RESTART FILE AT STEP 2490000
FINISHED WRITING RESTART COORDINATES
WRITING VELOCITIES TO RESTART FILE AT STEP 2490000
FINISHED WRITING RESTART VELOCITIES
PRESSURE: 2500000 1885.66 -442.941 -326.873 -442.941 -2159.77 -33.3717 -326.874 -33.3718 -8.71861
GPRESSURE: 2500000 1800.9 -365.928 -252.717 -470.594 -2146.39 -47.5447 -282.481 -63.4271 45.5772
PRESSAVG: 2500000 1847.24 -11.5816 -8.79314 -11.5816 -1944.02 -29.4375 -8.79314 -29.4375 3.4742
GPRESSAVG: 2500000 1847.34 -39.9554 -4.69914 22.7015 -1947.05 -21.6903 10.2563 -39.6722 9.0582
TIMING: 2500000  CPU: 2248.24, 0.000901528/step  Wall: 2248.6, 0.000901692/step, 383.279 ns/days, 0.626175 hours remaining, 0.000000 MB of memory in use.
PERFORMANCE: 2500000  averaging 384.243 ns/day, 0.000899431 sec/step with standard deviation 1.71764e-06
ETITLE:      TS           BOND          ANGLE          DIHED          IMPRP               ELECT            VDW       BOUNDARY           MISC        KINETIC               TOTAL           TEMP      POTENTIAL       TOTALAVG        TEMPAVG            PRESSURE      GPRESSURE         VOLUME       PRESSAVG      GPRESSAVG

ENERGY: 2500000        26.0529        56.1181        48.5585         3.8462         -52414.2154    -85365.5161         0.0000         0.0000     10898.4468        -126746.7092       301.2964   -137645.1559   -126794.2101       297.2077            -94.2759       -99.9699    184735.4603       -31.1039       -30.2181

WRITING EXTENDED SYSTEM TO RESTART FILE AT STEP 2500000
WRITING COORDINATES TO DCD FILE ../output/02_eq_3_CLKWW.0.dcd AT STEP 2500000
WRITING COORDINATES TO RESTART FILE AT STEP 2500000
FINISHED WRITING RESTART COORDINATES
WRITING VELOCITIES TO RESTART FILE AT STEP 2500000
FINISHED WRITING RESTART VELOCITIES
PRESSURE: 2510000 1843.88 -150.983 -122.132 -150.982 -1718.04 -90.3299 -122.131 -90.3301 488.432
GPRESSURE: 2510000 1891.8 -17.3698 -99.7633 -349.089 -1781.03 -64.7866 -156.295 -89.9218 508.594
PRESSAVG: 2510000 1828.72 -23.0614 -7.58863 -23.0614 -1954.43 -35.9178 -7.58863 -35.9178 36.9175
GPRESSAVG: 2510000 1830.01 -39.1877 -0.0534967 -5.17598 -1959.5 -26.9861 10.1029 -44.5724 43.0085
TIMING: 2510000  CPU: 2257.25, 0.000900958/step  Wall: 2257.61, 0.000901137/step, 383.515 ns/days, 0.623287 hours remaining, 0.000000 MB of memory in use.
PERFORMANCE: 2510000  averaging 384.24 ns/day, 0.000899438 sec/step with standard deviation 1.71758e-06
ENERGY: 2510000        26.4928        50.2121        42.4106         0.8390         -52358.4725    -85212.5752         0.0000         0.0000     10765.2381        -126685.8551       297.6137   -137451.0932   -126777.7442       297.2310            204.7600       206.4534    184588.9444       -29.5979       -28.8259

WRITING EXTENDED SYSTEM TO RESTART FILE AT STEP 2510000
WRITING COORDINATES TO DCD FILE ../output/02_eq_3_CLKWW.0.dcd AT STEP 2510000
WRITING COORDINATES TO RESTART FILE AT STEP 2510000
FINISHED WRITING RESTART COORDINATES
WRITING VELOCITIES TO RESTART FILE AT STEP 2510000
FINISHED WRITING RESTART VELOCITIES
PRESSURE: 2520000 1382.27 60.7491 258.819 60.7475 -1910.48 -146.668 258.818 -146.667 86.4075
GPRESSURE: 2520000 1398.77 261.195 234.81 -12.0314 -1931.08 -154.989 67.494 -231.304 72.1161
PRESSAVG: 2520000 1821.39 -27.3187 -7.6049 -27.3187 -1938.71 -27.7769 -7.6049 -27.7769 32.5766
GPRESSAVG: 2520000 1824.23 -31.9679 0.179051 -10.0511 -1948.99 -24.5963 0.858206 -41.3086 40.6939
TIMING: 2520000  CPU: 2266.27, 0.000902666/step  Wall: 2266.64, 0.00090273/step, 382.839 ns/days, 0.621881 hours remaining, 0.000000 MB of memory in use.
PERFORMANCE: 2520000  averaging 384.234 ns/day, 0.000899451 sec/step with standard deviation 1.72666e-06
ENERGY: 2520000        24.8469        49.3189        44.6981         1.0660         -52183.5903    -85344.9134         0.0000         0.0000     10806.7773        -126601.7963       298.7621   -137408.5736   -126761.0595       297.4607           -147.2681      -153.3991    186514.1350       -28.2480       -28.0214

WRITING EXTENDED SYSTEM TO RESTART FILE AT STEP 2520000
WRITING COORDINATES TO DCD FILE ../output/02_eq_3_CLKWW.0.dcd AT STEP 2520000
WRITING COORDINATES TO RESTART FILE AT STEP 2520000
FINISHED WRITING RESTART COORDINATES
WRITING VELOCITIES TO RESTART FILE AT STEP 2520000
FINISHED WRITING RESTART VELOCITIES
PRESSURE: 2530000 2082.42 -155.342 -158.377 -155.345 -2370.87 419.991 -158.378 419.991 -128.8
GPRESSURE: 2530000 2054.62 -17.1161 -174.789 -221.044 -2353.11 274.637 -196.793 632.303 -118.531
PRESSAVG: 2530000 1793.02 -31.7472 3.13212 -31.7472 -1998.63 -7.57974 3.13212 -7.57974 -26.9574
GPRESSAVG: 2530000 1793.33 -35.4269 9.51289 -14.9371 -2007.35 -11.7928 6.42247 -8.3984 -18.4441
TIMING: 2530000  CPU: 2275.28, 0.000900868/step  Wall: 2275.65, 0.000901083/step, 383.538 ns/days, 0.618243 hours remaining, 0.000000 MB of memory in use.
PERFORMANCE: 2530000  averaging 384.232 ns/day, 0.000899458 sec/step with standard deviation 1.72628e-06
ENERGY: 2530000        19.7693        63.9865        48.7929         2.7081         -52257.6973    -85355.7179         0.0000         0.0000     10781.1809        -126696.9776       298.0545   -137478.1585   -126764.7857       297.4137           -139.0802      -139.0040    184500.1855       -77.5215       -77.4889

WRITING EXTENDED SYSTEM TO RESTART FILE AT STEP 2530000
WRITING COORDINATES TO DCD FILE ../output/02_eq_3_CLKWW.0.dcd AT STEP 2530000
WRITING COORDINATES TO RESTART FILE AT STEP 2530000
FINISHED WRITING RESTART COORDINATES
WRITING VELOCITIES TO RESTART FILE AT STEP 2530000
FINISHED WRITING RESTART VELOCITIES
PRESSURE: 2540000 2118.61 -147.914 -136.595 -147.913 -2081.72 -88.686 -136.596 -88.6882 320.903
GPRESSURE: 2540000 2116.54 -199.782 -49.7146 -124.899 -2064.72 -155.331 -189.585 -77.546 299.443
PRESSAVG: 2540000 1800.09 -38.8312 -2.54196 -38.8312 -2011.95 -17.6126 -2.54196 -17.6126 12.4006
GPRESSAVG: 2540000 1795.68 -47.365 12.6784 -23.3932 -2019.16 -25.5367 0.403231 -19.7889 22.5971
TIMING: 2540000  CPU: 2284.3, 0.000901544/step  Wall: 2284.66, 0.000901576/step, 383.329 ns/days, 0.616077 hours remaining, 0.000000 MB of memory in use.
PERFORMANCE: 2540000  averaging 384.228 ns/day, 0.000899466 sec/step with standard deviation 1.72799e-06
ENERGY: 2540000        28.2347        55.9480        42.8931         2.6271         -52460.6050    -85335.8060         0.0000         0.0000     10748.2117        -126918.4964       297.1430   -137666.7082   -126766.2140       297.4788            119.2632       117.0856    183759.4582       -66.4862       -66.9606

WRITING EXTENDED SYSTEM TO RESTART FILE AT STEP 2540000
WRITING COORDINATES TO DCD FILE ../output/02_eq_3_CLKWW.0.dcd AT STEP 2540000
WRITING COORDINATES TO RESTART FILE AT STEP 2540000
FINISHED WRITING RESTART COORDINATES
WRITING VELOCITIES TO RESTART FILE AT STEP 2540000
FINISHED WRITING RESTART VELOCITIES
PRESSURE: 2550000 1850.22 -157.252 -82.1404 -157.251 -2044.73 227.224 -82.1385 227.223 572.06
GPRESSURE: 2550000 1922.74 -203.854 -82.165 -115.198 -2025.08 168.37 -14.633 271.045 473.576
PRESSAVG: 2550000 1783.33 -63.3432 -18.7014 -63.3432 -2028.78 -12.1314 -18.7014 -12.1314 4.25856
GPRESSAVG: 2550000 1782.9 -72.5074 -7.53669 -47.2115 -2036.57 -25.3731 -12.2562 -9.17803 10.4929
TIMING: 2550000  CPU: 2293.29, 0.00089979/step  Wall: 2293.67, 0.00090006/step, 383.974 ns/days, 0.612541 hours remaining, 0.000000 MB of memory in use.
PERFORMANCE: 2550000  averaging 384.227 ns/day, 0.000899468 sec/step with standard deviation 1.72498e-06
ENERGY: 2550000        25.3103        60.2194        44.0489         2.4828         -52604.9824    -85206.0141         0.0000         0.0000     10732.4511        -126946.4839       296.7073   -137678.9350   -126785.4487       297.2282            125.8519       123.7428    184760.2884       -80.3972       -81.0585

WRITING EXTENDED SYSTEM TO RESTART FILE AT STEP 2550000
WRITING COORDINATES TO DCD FILE ../output/02_eq_3_CLKWW.0.dcd AT STEP 2550000
WRITING COORDINATES TO RESTART FILE AT STEP 2550000
FINISHED WRITING RESTART COORDINATES
WRITING VELOCITIES TO RESTART FILE AT STEP 2550000
FINISHED WRITING RESTART VELOCITIES
PRESSURE: 2560000 1971.07 -24.6845 -13.0873 -24.6858 -1497.32 -255.583 -13.0875 -255.585 -700.123
GPRESSURE: 2560000 1998.83 20.444 14.8591 96.7823 -1452.09 -441.795 -69.5793 -108.057 -786.878
PRESSAVG: 2560000 1800.68 -62.7021 -23.0434 -62.7021 -1998.2 -35.889 -23.0434 -35.889 -7.87301
GPRESSAVG: 2560000 1798.91 -69.906 -10.8449 -40.5203 -1998.88 -57.5839 -25.5368 -27.585 -8.22178
TIMING: 2560000  CPU: 2302.27, 0.000897287/step  Wall: 2302.64, 0.000897505/step, 385.068 ns/days, 0.608309 hours remaining, 0.000000 MB of memory in use.
PERFORMANCE: 2560000  averaging 384.23 ns/day, 0.000899461 sec/step with standard deviation 1.72597e-06
ENERGY: 2560000        25.0052        51.0347        45.8605         3.6306         -52444.0482    -85295.7666         0.0000         0.0000     10854.5581        -126759.7256       300.0831   -137614.2837   -126780.2439       297.3230            -75.4572       -80.0440    184987.7104       -68.4659       -69.3972

WRITING EXTENDED SYSTEM TO RESTART FILE AT STEP 2560000
WRITING COORDINATES TO DCD FILE ../output/02_eq_3_CLKWW.0.dcd AT STEP 2560000
WRITING COORDINATES TO RESTART FILE AT STEP 2560000
FINISHED WRITING RESTART COORDINATES
WRITING VELOCITIES TO RESTART FILE AT STEP 2560000
FINISHED WRITING RESTART VELOCITIES
PRESSURE: 2570000 2256.62 -152.911 -59.4102 -152.907 -2100.95 103.674 -59.4108 103.673 -531.642
GPRESSURE: 2570000 2196.68 -199.21 -226.126 -113.441 -2040.37 84.8428 77.5834 158.386 -539.368
PRESSAVG: 2570000 1815.43 -77.1831 -17.8401 -77.1831 -1999.33 -22.0195 -17.8401 -22.0195 -11.0389
GPRESSAVG: 2570000 1809.51 -85.7215 -13.3316 -57.7097 -1996.28 -38.5738 -15.6453 -12.2508 -11.6758
TIMING: 2570000  CPU: 2311.24, 0.000897691/step  Wall: 2311.62, 0.00089787/step, 384.911 ns/days, 0.606062 hours remaining, 0.000000 MB of memory in use.
PERFORMANCE: 2570000  averaging 384.233 ns/day, 0.000899455 sec/step with standard deviation 1.72545e-06
ENERGY: 2570000        19.7697        51.1826        41.8173         1.4306         -52560.4606    -85132.8881         0.0000         0.0000     10741.3042        -126837.8443       296.9521   -137579.1484   -126791.3989       297.2151           -125.3220      -127.6831    185336.2036       -64.9800       -66.1485

WRITING EXTENDED SYSTEM TO RESTART FILE AT STEP 2570000
WRITING COORDINATES TO DCD FILE ../output/02_eq_3_CLKWW.0.dcd AT STEP 2570000
WRITING COORDINATES TO RESTART FILE AT STEP 2570000
FINISHED WRITING RESTART COORDINATES
WRITING VELOCITIES TO RESTART FILE AT STEP 2570000
FINISHED WRITING RESTART VELOCITIES
PRESSURE: 2580000 2019.84 109.622 114.231 109.624 -1956.43 -163.808 114.228 -163.807 -180.954
GPRESSURE: 2580000 1972.16 90.7468 132.255 185.897 -1924.69 -154.826 103.91 -204.751 -141.541
PRESSAVG: 2580000 1818.29 -67.1102 -12.3049 -67.1102 -2002.59 -39.5064 -12.3049 -39.5064 -19.4989
GPRESSAVG: 2580000 1814.39 -72.6822 -3.48311 -37.6109 -1998.68 -50.3592 -18.3879 -31.9915 -21.8659
TIMING: 2580000  CPU: 2320.23, 0.00089897/step  Wall: 2320.61, 0.000899031/step, 384.414 ns/days, 0.604348 hours remaining, 0.000000 MB of memory in use.
PERFORMANCE: 2580000  averaging 384.234 ns/day, 0.000899453 sec/step with standard deviation 1.72229e-06
ENERGY: 2580000        22.5936        65.3361        44.3540         0.9904         -52349.7135    -85288.7864         0.0000         0.0000     10741.4058        -126763.8201       296.9549   -137505.2259   -126783.7866       297.3067            -39.1786       -31.3581    185019.9242       -67.9334       -68.7185

WRITING EXTENDED SYSTEM TO RESTART FILE AT STEP 2580000
WRITING COORDINATES TO DCD FILE ../output/02_eq_3_CLKWW.0.dcd AT STEP 2580000
WRITING COORDINATES TO RESTART FILE AT STEP 2580000
FINISHED WRITING RESTART COORDINATES
WRITING VELOCITIES TO RESTART FILE AT STEP 2580000
FINISHED WRITING RESTART VELOCITIES
PRESSURE: 2590000 2046.4 -64.2258 -265.527 -64.2272 -1786.33 98.8276 -265.525 98.8287 -772.9
GPRESSURE: 2590000 2049.5 -153.688 -250.313 -106.494 -1791.9 134.788 -365.947 30.9845 -783.016
PRESSAVG: 2590000 1825.07 -68.3232 -26.4102 -68.3232 -1999.01 -44.3533 -26.4102 -44.3533 -85.9213
GPRESSAVG: 2590000 1821.04 -69.7494 -16.5545 -48.4576 -1998.74 -54.9333 -37.7887 -36.0066 -85.6014
TIMING: 2590000  CPU: 2329.26, 0.000902123/step  Wall: 2329.63, 0.000902242/step, 383.046 ns/days, 0.604001 hours remaining, 0.000000 MB of memory in use.
PERFORMANCE: 2590000  averaging 384.229 ns/day, 0.000899464 sec/step with standard deviation 1.72766e-06
ENERGY: 2590000        19.6723        62.4526        42.8572         1.9376         -52595.3309    -85205.1617         0.0000         0.0000     10758.9231        -126914.6497       297.4392   -137673.5728   -126796.1847       297.1867           -170.9425      -175.1387    185071.4868       -86.6191       -87.7666

WRITING EXTENDED SYSTEM TO RESTART FILE AT STEP 2590000
WRITING COORDINATES TO DCD FILE ../output/02_eq_3_CLKWW.0.dcd AT STEP 2590000
WRITING COORDINATES TO RESTART FILE AT STEP 2590000
FINISHED WRITING RESTART COORDINATES
WRITING VELOCITIES TO RESTART FILE AT STEP 2590000
FINISHED WRITING RESTART VELOCITIES
PRESSURE: 2600000 2195.29 -149.474 24.9473 -149.474 -1569.55 -137.059 24.9458 -137.06 166.431
GPRESSURE: 2600000 2172.53 -129.309 127.191 -193.839 -1455.94 27.1729 -70.6679 -263.739 86.9509
PRESSAVG: 2600000 1826.23 -75.7086 -30.8129 -75.7086 -1998.57 -48.0533 -30.8129 -48.0533 -88.8813
GPRESSAVG: 2600000 1820.05 -76.3998 -13.2744 -54.3922 -1995.14 -54.3122 -49.8537 -44.8171 -88.683
TIMING: 2600000  CPU: 2338.25, 0.000899366/step  Wall: 2338.63, 0.000899377/step, 384.266 ns/days, 0.599584 hours remaining, 0.000000 MB of memory in use.
PERFORMANCE: 2600000  averaging 384.229 ns/day, 0.000899463 sec/step with standard deviation 1.72433e-06
ETITLE:      TS           BOND          ANGLE          DIHED          IMPRP               ELECT            VDW       BOUNDARY           MISC        KINETIC               TOTAL           TEMP      POTENTIAL       TOTALAVG        TEMPAVG            PRESSURE      GPRESSURE         VOLUME       PRESSAVG      GPRESSAVG

ENERGY: 2600000        25.2248        77.2636        41.8270         1.1534         -52266.6272    -85264.6003         0.0000         0.0000     10719.6168        -126666.1419       296.3525   -137385.7587   -126787.0324       297.1083            264.0549       267.8480    184441.0116       -87.0737       -87.9231

WRITING EXTENDED SYSTEM TO RESTART FILE AT STEP 2600000
WRITING COORDINATES TO DCD FILE ../output/02_eq_3_CLKWW.0.dcd AT STEP 2600000
WRITING COORDINATES TO RESTART FILE AT STEP 2600000
FINISHED WRITING RESTART COORDINATES
WRITING VELOCITIES TO RESTART FILE AT STEP 2600000
FINISHED WRITING RESTART VELOCITIES
PRESSURE: 2610000 1662.75 55.6688 126.775 55.6695 -1791.92 -369.239 126.776 -369.239 -515.795
GPRESSURE: 2610000 1740.39 69.2894 141.373 51.9653 -1836.04 -392.041 -28.5278 -445.559 -538.354
PRESSAVG: 2610000 1824.28 -68.9342 -28.2442 -68.9342 -1970.5 -64.4959 -28.2442 -64.4959 -91.0486
GPRESSAVG: 2610000 1818.99 -64.0989 -15.8492 -46.4065 -1968.45 -72.65 -55.1714 -62.6847 -89.5074
TIMING: 2610000  CPU: 2347.25, 0.000900562/step  Wall: 2347.63, 0.000900649/step, 383.723 ns/days, 0.597931 hours remaining, 0.000000 MB of memory in use.
PERFORMANCE: 2610000  averaging 384.227 ns/day, 0.000899468 sec/step with standard deviation 1.72258e-06
ENERGY: 2610000        14.2795        62.8080        42.9906         1.8348         -52425.6997    -85296.2358         0.0000         0.0000     10801.8743        -126798.1484       298.6266   -137600.0227   -126784.8368       297.2607           -214.9894      -211.3349    185740.7993       -79.0905       -79.6572

WRITING EXTENDED SYSTEM TO RESTART FILE AT STEP 2610000
WRITING COORDINATES TO DCD FILE ../output/02_eq_3_CLKWW.0.dcd AT STEP 2610000
WRITING COORDINATES TO RESTART FILE AT STEP 2610000
FINISHED WRITING RESTART COORDINATES
WRITING VELOCITIES TO RESTART FILE AT STEP 2610000
FINISHED WRITING RESTART VELOCITIES
PRESSURE: 2620000 1841.72 -85.493 -31.4483 -85.4956 -2051.08 144.668 -31.4504 144.667 -637.573
GPRESSURE: 2620000 1841.97 -100.042 -17.8341 -157.341 -2069.54 128.94 -87.0703 173.619 -621.432
PRESSAVG: 2620000 1841.71 -71.4291 -22.9609 -71.4291 -1934.62 -53.964 -22.9609 -53.964 -90.6351
GPRESSAVG: 2620000 1836.94 -65.8601 -12.9093 -54.7003 -1929.94 -65.8286 -46.6317 -52.0044 -92.8535
TIMING: 2620000  CPU: 2356.27, 0.000902024/step  Wall: 2356.65, 0.00090218/step, 383.072 ns/days, 0.596441 hours remaining, 0.000000 MB of memory in use.
PERFORMANCE: 2620000  averaging 384.223 ns/day, 0.000899478 sec/step with standard deviation 1.72742e-06
ENERGY: 2620000        26.7540        60.8991        49.5848         1.6931         -52277.8728    -85342.9966         0.0000         0.0000     10752.2770        -126729.6615       297.2554   -137481.9385   -126775.3416       297.4252           -282.3088      -283.0030    185211.8235       -61.1800       -61.9505

WRITING EXTENDED SYSTEM TO RESTART FILE AT STEP 2620000
WRITING COORDINATES TO DCD FILE ../output/02_eq_3_CLKWW.0.dcd AT STEP 2620000
WRITING COORDINATES TO RESTART FILE AT STEP 2620000
FINISHED WRITING RESTART COORDINATES
WRITING VELOCITIES TO RESTART FILE AT STEP 2620000
FINISHED WRITING RESTART VELOCITIES
PRESSURE: 2630000 2046.9 181.495 -100.761 181.496 -1589.87 230.182 -100.761 230.181 209.552
GPRESSURE: 2630000 2050.74 99.0145 -97.2064 292.036 -1579.36 425.083 -49.3685 96.0423 205.441
PRESSAVG: 2630000 1860.65 -66.1396 -34.8045 -66.1396 -1915.02 -30.4915 -34.8045 -30.4915 -72.2514
GPRESSAVG: 2630000 1859.46 -65.2376 -23.3388 -46.0723 -1907.41 -35.8753 -61.7625 -33.9448 -79.9673
TIMING: 2630000  CPU: 2365.26, 0.00089843/step  Wall: 2365.64, 0.000898606/step, 384.596 ns/days, 0.591582 hours remaining, 0.000000 MB of memory in use.
PERFORMANCE: 2630000  averaging 384.224 ns/day, 0.000899475 sec/step with standard deviation 1.72496e-06
ENERGY: 2630000        21.4475        58.0585        43.2864         2.3519         -52401.0387    -85234.6425         0.0000         0.0000     10749.4320        -126761.1049       297.1768   -137510.5370   -126776.8001       297.4200            222.1936       225.6044    185305.9088       -42.2079       -42.6396

WRITING EXTENDED SYSTEM TO RESTART FILE AT STEP 2630000
WRITING COORDINATES TO DCD FILE ../output/02_eq_3_CLKWW.0.dcd AT STEP 2630000
WRITING COORDINATES TO RESTART FILE AT STEP 2630000
FINISHED WRITING RESTART COORDINATES
WRITING VELOCITIES TO RESTART FILE AT STEP 2630000
FINISHED WRITING RESTART VELOCITIES
PRESSURE: 2640000 2264.03 199.638 313.286 199.639 -2165.97 279.45 313.285 279.453 366.09
GPRESSURE: 2640000 2235.96 197.679 400.999 252.773 -2109.53 208.728 183.084 348.513 319.707
PRESSAVG: 2640000 1891.98 -65.1211 -23.7252 -65.1211 -1928.53 -17.44 -23.7252 -17.44 -58.8424
GPRESSAVG: 2640000 1889.97 -58.1622 -4.68307 -50.5807 -1919.49 -24.1885 -56.1046 -21.7384 -68.4297
TIMING: 2640000  CPU: 2374.23, 0.00089712/step  Wall: 2374.61, 0.00089726/step, 385.173 ns/days, 0.588204 hours remaining, 0.000000 MB of memory in use.
PERFORMANCE: 2640000  averaging 384.228 ns/day, 0.000899466 sec/step with standard deviation 1.72707e-06
ENERGY: 2640000        34.9264        65.3854        50.6930         1.4317         -52286.1850    -85307.6847         0.0000         0.0000     10853.2926        -126588.1405       300.0481   -137441.4331   -126764.4377       297.5284            154.7161       148.7143    185250.9409       -31.7963       -32.6493

WRITING EXTENDED SYSTEM TO RESTART FILE AT STEP 2640000
WRITING COORDINATES TO DCD FILE ../output/02_eq_3_CLKWW.0.dcd AT STEP 2640000
WRITING COORDINATES TO RESTART FILE AT STEP 2640000
FINISHED WRITING RESTART COORDINATES
WRITING VELOCITIES TO RESTART FILE AT STEP 2640000
FINISHED WRITING RESTART VELOCITIES
PRESSURE: 2650000 1799.53 348.319 229.199 348.319 -2192.79 -41.3542 229.197 -41.3536 309.976
GPRESSURE: 2650000 1767.7 351.406 186.9 232.596 -2142.64 -74.4081 211.677 -141.006 286.112
PRESSAVG: 2650000 1902.87 -50.3285 -0.32754 -50.3285 -1932.97 -23.6182 -0.32754 -23.6182 -37.366
GPRESSAVG: 2650000 1899.01 -39.1944 12.7425 -42.1523 -1919.53 -36.1444 -28.8591 -26.1927 -49.7664
TIMING: 2650000  CPU: 2383.22, 0.000899275/step  Wall: 2383.61, 0.000899341/step, 384.282 ns/days, 0.58707 hours remaining, 0.000000 MB of memory in use.
PERFORMANCE: 2650000  averaging 384.228 ns/day, 0.000899466 sec/step with standard deviation 1.72381e-06
ENERGY: 2650000        21.1960        54.9778        47.7443         3.4045         -52446.7752    -85325.0049         0.0000         0.0000     10753.0962        -126891.3613       297.2781   -137644.4575   -126758.3478       297.7309            -27.7609       -29.6078    184873.5335       -22.4888       -23.4294

WRITING EXTENDED SYSTEM TO RESTART FILE AT STEP 2650000
WRITING COORDINATES TO DCD FILE ../output/02_eq_3_CLKWW.0.dcd AT STEP 2650000
WRITING COORDINATES TO RESTART FILE AT STEP 2650000
FINISHED WRITING RESTART COORDINATES
WRITING VELOCITIES TO RESTART FILE AT STEP 2650000
FINISHED WRITING RESTART VELOCITIES
PRESSURE: 2660000 664.043 9.81486 -325.111 9.81489 -3016.16 8.71828 -325.112 8.71745 -291.504
GPRESSURE: 2660000 672.884 0.0161487 -291.022 -117.457 -3010.03 19.7296 -443.938 -27.7457 -275.128
PRESSAVG: 2660000 1855.46 -31.4473 -14.8182 -31.4473 -2006.51 -8.04801 -14.8182 -8.04801 -14.7954
GPRESSAVG: 2660000 1853.32 -15.5768 -3.35803 -40.0309 -1993.36 -17.3421 -41.1459 -12.0028 -26.4913
TIMING: 2660000  CPU: 2392.25, 0.000902233/step  Wall: 2392.63, 0.000902406/step, 382.976 ns/days, 0.586564 hours remaining, 0.000000 MB of memory in use.
PERFORMANCE: 2660000  averaging 384.223 ns/day, 0.000899477 sec/step with standard deviation 1.72997e-06
ENERGY: 2660000        25.2832        55.0158        53.3771         3.9166         -52521.5932    -85274.3866         0.0000         0.0000     10835.1454        -126823.2418       299.5464   -137658.3871   -126767.4594       297.7171           -881.2069      -870.7574    185570.4817       -55.2816       -55.5099

WRITING EXTENDED SYSTEM TO RESTART FILE AT STEP 2660000
WRITING COORDINATES TO DCD FILE ../output/02_eq_3_CLKWW.0.dcd AT STEP 2660000
WRITING COORDINATES TO RESTART FILE AT STEP 2660000
FINISHED WRITING RESTART COORDINATES
WRITING VELOCITIES TO RESTART FILE AT STEP 2660000
FINISHED WRITING RESTART VELOCITIES
PRESSURE: 2670000 2593.48 -148.893 154.18 -148.893 -1374.14 -146.691 154.178 -146.691 586.778
GPRESSURE: 2670000 2558.25 -185.256 98.0767 -173.982 -1353.83 -190.99 59.0693 -169.657 571.052
PRESSAVG: 2670000 1909.81 -42.7581 -11.0019 -42.7581 -1983.21 -4.0546 -11.0019 -4.0546 5.95944
GPRESSAVG: 2670000 1903.17 -22.2272 -2.14193 -58.6748 -1967.77 -18.5965 -49.1556 -10.3491 -5.78305
TIMING: 2670000  CPU: 2401.27, 0.000902664/step  Wall: 2401.66, 0.000902874/step, 382.778 ns/days, 0.58436 hours remaining, 0.000000 MB of memory in use.
PERFORMANCE: 2670000  averaging 384.218 ns/day, 0.00089949 sec/step with standard deviation 1.73918e-06
ENERGY: 2670000        21.7511        62.2856        42.2927         2.4612         -52611.5138    -85200.4773         0.0000         0.0000     10895.1950        -126788.0055       301.2065   -137683.2005   -126771.3493       298.0857            602.0371       591.8232    184894.3419       -22.4810       -23.4619

WRITING EXTENDED SYSTEM TO RESTART FILE AT STEP 2670000
WRITING COORDINATES TO DCD FILE ../output/02_eq_3_CLKWW.0.dcd AT STEP 2670000
WRITING COORDINATES TO RESTART FILE AT STEP 2670000
FINISHED WRITING RESTART COORDINATES
WRITING VELOCITIES TO RESTART FILE AT STEP 2670000
FINISHED WRITING RESTART VELOCITIES
PRESSURE: 2680000 1326.21 -62.6627 142.715 -62.663 -1687.66 -519.91 142.713 -519.909 132.22
GPRESSURE: 2680000 1373.32 -34.0282 104.894 -91.9538 -1651.29 -541.356 193.058 -468.702 48.158
PRESSAVG: 2680000 1879.3 -31.8118 -4.85992 -31.8118 -1975.82 -27.3637 -4.85992 -27.3637 -23.5207
GPRESSAVG: 2680000 1876.54 -12.7477 -1.53674 -52.8298 -1956.71 -40.4695 -40.534 -31.9685 -41.6649
TIMING: 2680000  CPU: 2410.3, 0.000902796/step  Wall: 2410.69, 0.000903052/step, 382.702 ns/days, 0.581967 hours remaining, 0.000000 MB of memory in use.
PERFORMANCE: 2680000  averaging 384.212 ns/day, 0.000899503 sec/step with standard deviation 1.74951e-06
ENERGY: 2680000        23.5449        50.8889        42.4219         3.2053         -52482.0818    -85333.9883         0.0000         0.0000     10810.3811        -126885.6280       298.8618   -137696.0091   -126773.3841       298.2262            -76.4101       -76.6054    184148.4768       -40.0135       -40.6130

WRITING EXTENDED SYSTEM TO RESTART FILE AT STEP 2680000
WRITING COORDINATES TO DCD FILE ../output/02_eq_3_CLKWW.0.dcd AT STEP 2680000
WRITING COORDINATES TO RESTART FILE AT STEP 2680000
FINISHED WRITING RESTART COORDINATES
WRITING VELOCITIES TO RESTART FILE AT STEP 2680000
FINISHED WRITING RESTART VELOCITIES
PRESSURE: 2690000 2214.58 112.951 23.3881 112.951 -1503.76 -352.102 23.3855 -352.101 -111.35
GPRESSURE: 2690000 2190.33 40.4664 -69.2522 233.191 -1524.85 -298.814 -89.3374 -208.47 -88.0179
PRESSAVG: 2690000 1903.28 -33.2259 -11.6969 -33.2259 -1928.48 -41.6034 -11.6969 -41.6034 -32.0254
GPRESSAVG: 2690000 1900.33 -23.7664 -8.47731 -45.1061 -1912.18 -52.2295 -57.4175 -39.4498 -48.7769
TIMING: 2690000  CPU: 2419.33, 0.000903389/step  Wall: 2419.72, 0.000903528/step, 382.501 ns/days, 0.579764 hours remaining, 0.000000 MB of memory in use.
PERFORMANCE: 2690000  averaging 384.206 ns/day, 0.000899518 sec/step with standard deviation 1.7634e-06
ENERGY: 2690000        29.7493        51.8606        39.5029         2.3812         -52624.5626    -85087.1436         0.0000         0.0000     10669.4360        -126918.7761       294.9652   -137588.2122   -126786.1284       298.1162            199.8229       192.4869    184667.3803       -19.0750       -20.2073

WRITING EXTENDED SYSTEM TO RESTART FILE AT STEP 2690000
WRITING COORDINATES TO DCD FILE ../output/02_eq_3_CLKWW.0.dcd AT STEP 2690000
WRITING COORDINATES TO RESTART FILE AT STEP 2690000
FINISHED WRITING RESTART COORDINATES
WRITING VELOCITIES TO RESTART FILE AT STEP 2690000
FINISHED WRITING RESTART VELOCITIES
PRESSURE: 2700000 1765.73 101.803 -237.866 101.801 -1642.87 -286.347 -237.864 -286.347 61.1062
GPRESSURE: 2700000 1741.11 46.1123 -376.411 95.5503 -1555.7 -198.214 -190.768 -271.685 -7.68018
PRESSAVG: 2700000 1897.28 -5.98876 -7.24642 -5.98876 -1902.63 -54.2522 -7.24642 -54.2522 -28.5342
GPRESSAVG: 2700000 1897.34 -3.16434 -14.662 -16.7989 -1882.64 -59.763 -52.8318 -49.8626 -51.4398
TIMING: 2700000  CPU: 2428.36, 0.000902276/step  Wall: 2428.75, 0.000902325/step, 383.011 ns/days, 0.576485 hours remaining, 0.000000 MB of memory in use.
PERFORMANCE: 2700000  averaging 384.201 ns/day, 0.000899528 sec/step with standard deviation 1.76839e-06
ETITLE:      TS           BOND          ANGLE          DIHED          IMPRP               ELECT            VDW       BOUNDARY           MISC        KINETIC               TOTAL           TEMP      POTENTIAL       TOTALAVG        TEMPAVG            PRESSURE      GPRESSURE         VOLUME       PRESSAVG      GPRESSAVG

ENERGY: 2700000        29.2559        64.2138        40.2239         2.8096         -52297.5835    -85251.6928         0.0000         0.0000     10665.9096        -126746.8635       294.8677   -137412.7731   -126786.1361       297.7948             61.3221        59.2448    184951.6537       -11.2951       -12.2466

WRITING EXTENDED SYSTEM TO RESTART FILE AT STEP 2700000
WRITING COORDINATES TO DCD FILE ../output/02_eq_3_CLKWW.0.dcd AT STEP 2700000
WRITING COORDINATES TO RESTART FILE AT STEP 2700000
FINISHED WRITING RESTART COORDINATES
WRITING VELOCITIES TO RESTART FILE AT STEP 2700000
FINISHED WRITING RESTART VELOCITIES
PRESSURE: 2710000 2093.85 -1.51068 222.12 -1.51328 -1791.9 -229.823 222.119 -229.82 322.33
GPRESSURE: 2710000 2050.09 -22.8869 306.275 10.2288 -1798.23 -279.179 77.4034 -176.061 375.059
PRESSAVG: 2710000 1909.78 1.48465 9.96609 1.48465 -1906.32 -61.2267 9.96609 -61.2267 -36.8393
GPRESSAVG: 2710000 1905.26 -3.44019 5.63997 1.16703 -1883.5 -70.4826 -41.1469 -54.1696 -58.1165
TIMING: 2710000  CPU: 2437.39, 0.000903021/step  Wall: 2437.78, 0.000903183/step, 382.647 ns/days, 0.574524 hours remaining, 0.000000 MB of memory in use.
PERFORMANCE: 2710000  averaging 384.196 ns/day, 0.000899542 sec/step with standard deviation 1.77902e-06
ENERGY: 2710000        22.5361        70.7485        50.5790         2.5715         -52451.0442    -85208.8484         0.0000         0.0000     10724.9431        -126788.5143       296.4998   -137513.4574   -126791.2691       297.7391            208.0921       208.9743    184369.2282       -11.1285       -12.1206

WRITING EXTENDED SYSTEM TO RESTART FILE AT STEP 2710000
WRITING COORDINATES TO DCD FILE ../output/02_eq_3_CLKWW.0.dcd AT STEP 2710000
WRITING COORDINATES TO RESTART FILE AT STEP 2710000
FINISHED WRITING RESTART COORDINATES
WRITING VELOCITIES TO RESTART FILE AT STEP 2710000
FINISHED WRITING RESTART VELOCITIES
PRESSURE: 2720000 1811.64 8.45034 -27.7694 8.45024 -2319.63 11.8378 -27.7685 11.8386 -607.645
GPRESSURE: 2720000 1826.83 -25.5215 80.6508 86.58 -2281.37 75.9035 -20.8282 -32.164 -641.053
PRESSAVG: 2720000 1931.25 -1.13021 -4.36326 -1.13021 -1926.78 -53.3014 -4.36326 -53.3014 -71.5419
GPRESSAVG: 2720000 1926.66 -17.776 -2.06797 6.0976 -1901.02 -58.938 -45.563 -44.2126 -93.775
TIMING: 2720000  CPU: 2446.38, 0.000898896/step  Wall: 2446.77, 0.000899177/step, 384.351 ns/days, 0.569479 hours remaining, 0.000000 MB of memory in use.
PERFORMANCE: 2720000  averaging 384.196 ns/day, 0.000899541 sec/step with standard deviation 1.77587e-06
ENERGY: 2720000        21.9149        52.5437        40.6322         3.5565         -52226.9385    -85502.3102         0.0000         0.0000     10926.2623        -126684.3390       302.0654   -137610.6014   -126795.3962       297.9042           -371.8764      -365.1997    185028.3202       -22.3590       -22.7106

WRITING EXTENDED SYSTEM TO RESTART FILE AT STEP 2720000
WRITING COORDINATES TO DCD FILE ../output/02_eq_3_CLKWW.0.dcd AT STEP 2720000
WRITING COORDINATES TO RESTART FILE AT STEP 2720000
FINISHED WRITING RESTART COORDINATES
WRITING VELOCITIES TO RESTART FILE AT STEP 2720000
FINISHED WRITING RESTART VELOCITIES
PRESSURE: 2730000 1452.61 -66.793 95.6281 -66.7964 -2172.69 -72.2256 95.6275 -72.2272 20.4683
GPRESSURE: 2730000 1503.39 -183.667 59.3855 17.6537 -2120.69 -60.0274 36.4919 -154.984 -66.5436
PRESSAVG: 2730000 1899.76 3.29722 8.33702 3.29722 -1916.87 -77.9124 8.33702 -77.9124 -64.0785
GPRESSAVG: 2730000 1899.1 -26.1036 9.64073 18.0325 -1889.39 -75.6712 -33.8987 -83.5769 -91.1756
TIMING: 2730000  CPU: 2455.39, 0.000901561/step  Wall: 2455.79, 0.000901587/step, 383.324 ns/days, 0.568501 hours remaining, 0.000000 MB of memory in use.
PERFORMANCE: 2730000  averaging 384.193 ns/day, 0.000899548 sec/step with standard deviation 1.77692e-06
ENERGY: 2730000        35.4539        53.0767        45.5713         2.0787         -52456.6364    -85187.3552         0.0000         0.0000     10689.0282        -126818.7827       295.5069   -137507.8109   -126801.4865       297.7768           -233.2044      -227.9450    184588.7352       -27.0652       -27.1577

WRITING EXTENDED SYSTEM TO RESTART FILE AT STEP 2730000
WRITING COORDINATES TO DCD FILE ../output/02_eq_3_CLKWW.0.dcd AT STEP 2730000
WRITING COORDINATES TO RESTART FILE AT STEP 2730000
FINISHED WRITING RESTART COORDINATES
WRITING VELOCITIES TO RESTART FILE AT STEP 2730000
FINISHED WRITING RESTART VELOCITIES
PRESSURE: 2740000 1330.13 47.4032 -2.60047 47.4019 -2414.71 -81.4309 -2.60162 -81.4297 -67.1889
GPRESSURE: 2740000 1401.13 119.073 98.3639 19.292 -2448.63 -131.682 -88.1192 -48.7466 -88.6845
PRESSAVG: 2740000 1860.33 13.063 15.0368 13.063 -1933.52 -77.5495 15.0368 -77.5495 -83.4831
GPRESSAVG: 2740000 1863.33 -10.1608 17.0447 25.242 -1908.59 -74.4888 -28.8254 -82.1369 -110.582
TIMING: 2740000  CPU: 2464.4, 0.000900896/step  Wall: 2464.8, 0.000901024/step, 383.563 ns/days, 0.565643 hours remaining, 0.000000 MB of memory in use.
PERFORMANCE: 2740000  averaging 384.191 ns/day, 0.000899553 sec/step with standard deviation 1.77591e-06
ENERGY: 2740000        21.5441        62.0434        41.1669         1.8964         -52505.8243    -85212.9251         0.0000         0.0000     10577.0027        -127015.0960       292.4098   -137592.0987   -126806.3165       297.5402           -383.9227      -378.7295    185249.4155       -52.2245       -51.9484

WRITING EXTENDED SYSTEM TO RESTART FILE AT STEP 2740000
WRITING COORDINATES TO DCD FILE ../output/02_eq_3_CLKWW.0.dcd AT STEP 2740000
WRITING COORDINATES TO RESTART FILE AT STEP 2740000
FINISHED WRITING RESTART COORDINATES
WRITING VELOCITIES TO RESTART FILE AT STEP 2740000
FINISHED WRITING RESTART VELOCITIES
PRESSURE: 2750000 1702.94 -105.723 -355.568 -105.724 -2480.34 384.039 -355.568 384.039 -175.393
GPRESSURE: 2750000 1652.59 -112.634 -301.845 -124.533 -2413.82 225.904 -328.778 399.979 -192.746
PRESSAVG: 2750000 1852.97 15.6393 1.36528 15.6393 -1955.3 -69.7087 1.36528 -69.7087 -120.856
GPRESSAVG: 2750000 1849.82 -5.59983 6.06064 24.7753 -1928.03 -71.6121 -44.5327 -75.6903 -143.898
TIMING: 2750000  CPU: 2473.41, 0.000900964/step  Wall: 2473.81, 0.000901074/step, 383.542 ns/days, 0.563171 hours remaining, 0.000000 MB of memory in use.
PERFORMANCE: 2750000  averaging 384.188 ns/day, 0.000899559 sec/step with standard deviation 1.77503e-06
ENERGY: 2750000        24.9858        54.3796        43.9831         1.0609         -52244.3206    -85293.0353         0.0000         0.0000     10596.9652        -126815.9812       292.9617   -137412.9464   -126799.7913       297.3529           -317.5957      -317.9924    184741.9635       -74.3968       -74.0352

WRITING EXTENDED SYSTEM TO RESTART FILE AT STEP 2750000
WRITING COORDINATES TO DCD FILE ../output/02_eq_3_CLKWW.0.dcd AT STEP 2750000
WRITING COORDINATES TO RESTART FILE AT STEP 2750000
FINISHED WRITING RESTART COORDINATES
WRITING VELOCITIES TO RESTART FILE AT STEP 2750000
FINISHED WRITING RESTART VELOCITIES
PRESSURE: 2760000 1852.5 192.865 276.961 192.865 -1715.3 -279.627 276.958 -279.627 676.905
GPRESSURE: 2760000 1872.6 267.762 261.859 112.979 -1745.02 -264.136 267.501 -412.133 668.408
PRESSAVG: 2760000 1847.04 26.5169 15.8676 26.5169 -1966.2 -70.9107 15.8676 -70.9107 -52.0044
GPRESSAVG: 2760000 1843.51 6.76607 18.4106 25.5851 -1942.67 -62.7292 -27.6786 -90.8941 -71.1338
TIMING: 2760000  CPU: 2482.4, 0.00089866/step  Wall: 2482.8, 0.00089867/step, 384.568 ns/days, 0.559172 hours remaining, 0.000000 MB of memory in use.
PERFORMANCE: 2760000  averaging 384.19 ns/day, 0.000899556 sec/step with standard deviation 1.77261e-06
ENERGY: 2760000        22.1403        56.1048        46.8113         2.5316         -52345.4052    -85239.9224         0.0000         0.0000     10843.2966        -126614.4431       299.7717   -137457.7396   -126792.5272       297.3373            271.3685       265.3303    184928.2065       -57.0556       -56.7665

WRITING EXTENDED SYSTEM TO RESTART FILE AT STEP 2760000
WRITING COORDINATES TO DCD FILE ../output/02_eq_3_CLKWW.0.dcd AT STEP 2760000
WRITING COORDINATES TO RESTART FILE AT STEP 2760000
FINISHED WRITING RESTART COORDINATES
WRITING VELOCITIES TO RESTART FILE AT STEP 2760000
FINISHED WRITING RESTART VELOCITIES
PRESSURE: 2770000 1859.29 246.227 -249.741 246.23 -2099.17 -255.876 -249.739 -255.878 117.727
GPRESSURE: 2770000 1773.24 334.035 -385.47 279.367 -1981.21 -216.243 -190.049 -206.311 89.7191
PRESSAVG: 2770000 1827.17 46.4737 6.35115 46.4737 -1966.11 -88.8883 6.35115 -88.8883 -19.5359
GPRESSAVG: 2770000 1822.34 33.4283 10.4434 45.2255 -1939.72 -77.7834 -41.0603 -109.129 -39.6795
TIMING: 2770000  CPU: 2491.38, 0.000898033/step  Wall: 2491.78, 0.000898209/step, 384.766 ns/days, 0.556391 hours remaining, 0.000000 MB of memory in use.
PERFORMANCE: 2770000  averaging 384.192 ns/day, 0.000899551 sec/step with standard deviation 1.77124e-06
ENERGY: 2770000        26.9312        63.2923        45.3721         2.5278         -52388.3371    -85281.1006         0.0000         0.0000     10870.4081        -126660.9060       300.5213   -137531.3142   -126783.6803       297.5158            -40.7147       -39.4184    184839.1272       -52.8252       -52.3532

WRITING EXTENDED SYSTEM TO RESTART FILE AT STEP 2770000
WRITING COORDINATES TO DCD FILE ../output/02_eq_3_CLKWW.0.dcd AT STEP 2770000
WRITING COORDINATES TO RESTART FILE AT STEP 2770000
FINISHED WRITING RESTART COORDINATES
WRITING VELOCITIES TO RESTART FILE AT STEP 2770000
FINISHED WRITING RESTART VELOCITIES
PRESSURE: 2780000 1429.65 -385.194 -206.695 -385.195 -2433.59 -149.361 -206.695 -149.36 281.354
GPRESSURE: 2780000 1469.3 -231.74 -301.684 -453.89 -2520.17 -190.434 -205.384 -25.0543 326.483
PRESSAVG: 2780000 1797.66 21.7328 -9.695 21.7328 -1989.97 -88.166 -9.695 -88.166 3.5795
GPRESSAVG: 2780000 1797.19 17.304 -11.2535 13.2362 -1969.49 -79.5638 -56.5249 -100.144 -16.2782
TIMING: 2780000  CPU: 2500.34, 0.000896748/step  Wall: 2500.75, 0.000896896/step, 385.329 ns/days, 0.553086 hours remaining, 0.000000 MB of memory in use.
PERFORMANCE: 2780000  averaging 384.196 ns/day, 0.000899541 sec/step with standard deviation 1.7752e-06
ENERGY: 2780000        14.8580        70.0162        47.7202         1.3323         -52469.8909    -85274.3687         0.0000         0.0000     10746.3287        -126864.0042       297.0910   -137610.3329   -126788.6895       297.5226           -240.8636      -241.4602    184709.8592       -62.9094       -62.8583

WRITING EXTENDED SYSTEM TO RESTART FILE AT STEP 2780000
WRITING COORDINATES TO DCD FILE ../output/02_eq_3_CLKWW.0.dcd AT STEP 2780000
WRITING COORDINATES TO RESTART FILE AT STEP 2780000
FINISHED WRITING RESTART COORDINATES
WRITING VELOCITIES TO RESTART FILE AT STEP 2780000
FINISHED WRITING RESTART VELOCITIES
PRESSURE: 2790000 1171.75 150.215 311.453 150.217 -2241.14 -26.4745 311.453 -26.475 3.12356
GPRESSURE: 2790000 1148.78 197.5 371.813 199.518 -2181.05 -50.0005 240.096 10.3961 -60.0296
PRESSAVG: 2790000 1753.93 32.455 19.1539 32.455 -2012.71 -94.4311 19.1539 -94.4311 42.3807
GPRESSAVG: 2790000 1752.16 34.8634 19.8528 28.5368 -1988.95 -88.8032 -26.2228 -101.173 19.8711
TIMING: 2790000  CPU: 2509.32, 0.000897346/step  Wall: 2509.72, 0.000897482/step, 385.077 ns/days, 0.550954 hours remaining, 0.000000 MB of memory in use.
PERFORMANCE: 2790000  averaging 384.199 ns/day, 0.000899534 sec/step with standard deviation 1.77629e-06
ENERGY: 2790000        20.6542        73.3578        50.4565         1.3699         -52397.4095    -85331.5632         0.0000         0.0000     10611.0582        -126972.0762       293.3513   -137583.1343   -126791.5608       297.3182           -355.4232      -364.1021    185416.4552       -72.1335       -72.3065

WRITING EXTENDED SYSTEM TO RESTART FILE AT STEP 2790000
WRITING COORDINATES TO DCD FILE ../output/02_eq_3_CLKWW.0.dcd AT STEP 2790000
WRITING COORDINATES TO RESTART FILE AT STEP 2790000
FINISHED WRITING RESTART COORDINATES
WRITING VELOCITIES TO RESTART FILE AT STEP 2790000
FINISHED WRITING RESTART VELOCITIES
PRESSURE: 2800000 2280.33 -312.837 196.92 -312.837 -970.444 -291.137 196.92 -291.139 757.035
GPRESSURE: 2800000 2319.47 -396.122 163.083 -210.164 -1011.84 -309.753 221.762 -210.602 747.067
PRESSAVG: 2800000 1758.18 24.2868 27.7526 24.2868 -1982.76 -102.135 27.7526 -102.135 71.9109
GPRESSAVG: 2800000 1759.5 21.5228 21.6474 27.7205 -1966.74 -105.65 -11.6014 -98.5166 52.8769
TIMING: 2800000  CPU: 2518.29, 0.000897224/step  Wall: 2518.7, 0.00089741/step, 385.108 ns/days, 0.548417 hours remaining, 0.000000 MB of memory in use.
PERFORMANCE: 2800000  averaging 384.202 ns/day, 0.000899526 sec/step with standard deviation 1.77764e-06
ETITLE:      TS           BOND          ANGLE          DIHED          IMPRP               ELECT            VDW       BOUNDARY           MISC        KINETIC               TOTAL           TEMP      POTENTIAL       TOTALAVG        TEMPAVG            PRESSURE      GPRESSURE         VOLUME       PRESSAVG      GPRESSAVG

ENERGY: 2800000        19.3166        63.9328        44.6566         1.3795         -52418.1312    -85252.7713         0.0000         0.0000     10909.0381        -126632.5788       301.5892   -137541.6170   -126789.8827       297.5800            688.9720       684.8975    184493.7638       -50.8876       -51.4540

WRITING EXTENDED SYSTEM TO RESTART FILE AT STEP 2800000
WRITING COORDINATES TO DCD FILE ../output/02_eq_3_CLKWW.0.dcd AT STEP 2800000
WRITING COORDINATES TO RESTART FILE AT STEP 2800000
FINISHED WRITING RESTART COORDINATES
WRITING VELOCITIES TO RESTART FILE AT STEP 2800000
FINISHED WRITING RESTART VELOCITIES
PRESSURE: 2810000 1698.76 140.55 86.7739 140.549 -2134.71 191.989 86.7747 191.988 -196.894
GPRESSURE: 2810000 1647.04 224.68 198.191 50.6313 -2061.79 125.22 -50.9783 129.031 -202.816
PRESSAVG: 2810000 1759.98 28.5308 25.7525 28.5308 -1999.9 -74.0737 25.7525 -74.0737 87.8559
GPRESSAVG: 2810000 1754.84 29.2923 24.4883 27.6539 -1978.03 -79.7865 -12.7239 -69.7871 69.6538
TIMING: 2810000  CPU: 2527.27, 0.000897525/step  Wall: 2527.67, 0.000897663/step, 385 ns/days, 0.546078 hours remaining, 0.000000 MB of memory in use.
PERFORMANCE: 2810000  averaging 384.205 ns/day, 0.00089952 sec/step with standard deviation 1.77794e-06
ENERGY: 2810000        23.0118        55.4189        44.2768         1.0357         -52436.9372    -85210.4235         0.0000         0.0000     10773.5910        -126750.0265       297.8447   -137523.6175   -126787.4766       297.5409           -210.9490      -205.8569    184113.0477       -50.6856       -51.1801

WRITING EXTENDED SYSTEM TO RESTART FILE AT STEP 2810000
WRITING COORDINATES TO DCD FILE ../output/02_eq_3_CLKWW.0.dcd AT STEP 2810000
WRITING COORDINATES TO RESTART FILE AT STEP 2810000
FINISHED WRITING RESTART COORDINATES
WRITING VELOCITIES TO RESTART FILE AT STEP 2810000
FINISHED WRITING RESTART VELOCITIES
PRESSURE: 2820000 2292.6 63.2052 89.739 63.2043 -1459.35 13.0501 89.7378 13.0512 630.701
GPRESSURE: 2820000 2275.51 -40.5594 93.3639 100.576 -1465.73 69.3215 145.195 -65.7032 662.489
PRESSAVG: 2820000 1782.53 35.9658 31.812 35.9658 -1970.31 -80.6545 31.812 -80.6545 151.27
GPRESSAVG: 2820000 1776.51 32.2665 30.0482 40.5497 -1947.84 -82.7674 -1.11065 -81.7532 133.85
TIMING: 2820000  CPU: 2536.24, 0.000897336/step  Wall: 2536.65, 0.000897517/step, 385.062 ns/days, 0.543497 hours remaining, 0.000000 MB of memory in use.
PERFORMANCE: 2820000  averaging 384.208 ns/day, 0.000899513 sec/step with standard deviation 1.77877e-06
ENERGY: 2820000        27.3488        52.7400        42.8810         2.3541         -52621.8285    -85183.9162         0.0000         0.0000     10820.6442        -126859.7765       299.1455   -137680.4208   -126793.9823       297.6354            487.9819       490.7561    184883.3940       -12.1711       -12.4922

WRITING EXTENDED SYSTEM TO RESTART FILE AT STEP 2820000
WRITING COORDINATES TO DCD FILE ../output/02_eq_3_CLKWW.0.dcd AT STEP 2820000
WRITING COORDINATES TO RESTART FILE AT STEP 2820000
FINISHED WRITING RESTART COORDINATES
WRITING VELOCITIES TO RESTART FILE AT STEP 2820000
FINISHED WRITING RESTART VELOCITIES
PRESSURE: 2830000 2086.58 203.459 -188.235 203.455 -1945.92 207.444 -188.234 207.446 -343.5
GPRESSURE: 2830000 2085.03 234.314 -233.61 197.777 -1916.79 95.0767 -172.17 210.025 -360.53
PRESSAVG: 2830000 1784.51 37.0638 27.4383 37.0638 -1988.11 -81.7913 27.4383 -81.7913 123.617
GPRESSAVG: 2830000 1778.23 39.0314 23.228 35.8368 -1964.71 -99.2677 -7.25073 -76.0541 105.551
TIMING: 2830000  CPU: 2545.22, 0.000898299/step  Wall: 2545.63, 0.000898545/step, 384.622 ns/days, 0.541623 hours remaining, 0.000000 MB of memory in use.
PERFORMANCE: 2830000  averaging 384.21 ns/day, 0.000899509 sec/step with standard deviation 1.77655e-06
ENERGY: 2830000        19.0044        68.5526        39.3860         1.8364         -52253.4960    -85244.1734         0.0000         0.0000     10769.4571        -126599.4330       297.7304   -137368.8900   -126785.8987       297.6631            -67.6124       -64.0962    184197.5910       -26.6614       -26.9772

WRITING EXTENDED SYSTEM TO RESTART FILE AT STEP 2830000
WRITING COORDINATES TO DCD FILE ../output/02_eq_3_CLKWW.0.dcd AT STEP 2830000
WRITING COORDINATES TO RESTART FILE AT STEP 2830000
FINISHED WRITING RESTART COORDINATES
WRITING VELOCITIES TO RESTART FILE AT STEP 2830000
FINISHED WRITING RESTART VELOCITIES
PRESSURE: 2840000 1880.71 104.587 187.667 104.585 -1949.34 -185.235 187.665 -185.234 525.545
GPRESSURE: 2840000 1881 168.161 87.3387 55.9444 -1909.85 -228.368 212.315 -348.957 493.384
PRESSAVG: 2840000 1765.35 32.3111 21.1573 32.3111 -1977.28 -105.026 21.1573 -105.026 131.59
GPRESSAVG: 2840000 1760.48 37.5555 7.545 25.9953 -1954.73 -121.123 -5.78919 -110.928 114.235
TIMING: 2840000  CPU: 2554.21, 0.000898581/step  Wall: 2554.62, 0.00089862/step, 384.59 ns/days, 0.539172 hours remaining, 0.000000 MB of memory in use.
PERFORMANCE: 2840000  averaging 384.211 ns/day, 0.000899506 sec/step with standard deviation 1.77419e-06
ENERGY: 2840000        27.2368        61.3346        49.5510         0.7141         -52275.7002    -85341.5776         0.0000         0.0000     10679.8435        -126798.5977       295.2529   -137478.4412   -126796.4216       297.4234            152.3061       154.8439    184253.2632       -26.7819       -26.6707

WRITING EXTENDED SYSTEM TO RESTART FILE AT STEP 2840000
WRITING COORDINATES TO DCD FILE ../output/02_eq_3_CLKWW.0.dcd AT STEP 2840000
WRITING COORDINATES TO RESTART FILE AT STEP 2840000
FINISHED WRITING RESTART COORDINATES
WRITING VELOCITIES TO RESTART FILE AT STEP 2840000
FINISHED WRITING RESTART VELOCITIES
PRESSURE: 2850000 1691.44 -122.156 40.9038 -122.155 -1873.62 485.956 40.9035 485.958 -671.749
GPRESSURE: 2850000 1685.27 -85.7495 2.88791 -146.893 -1852.21 423.475 71.9348 583.478 -678.437
PRESSAVG: 2850000 1759.94 8.78741 11.7427 8.78741 -1961.32 -78.6601 11.7427 -78.6601 82.5035
GPRESSAVG: 2850000 1756.36 15.6978 -1.6556 7.0209 -1940.21 -96.2284 -12.7763 -74.7034 66.0077
TIMING: 2850000  CPU: 2563.19, 0.000898166/step  Wall: 2563.6, 0.000898189/step, 384.774 ns/days, 0.536418 hours remaining, 0.000000 MB of memory in use.
PERFORMANCE: 2850000  averaging 384.213 ns/day, 0.000899501 sec/step with standard deviation 1.77279e-06
ENERGY: 2850000        22.3460        55.9698        49.9839         4.2676         -52387.6322    -85286.7312         0.0000         0.0000     10708.7304        -126833.0657       296.0515   -137541.7961   -126793.5068       297.3620           -284.6420      -281.7913    185255.2989       -39.6259       -39.2799

WRITING EXTENDED SYSTEM TO RESTART FILE AT STEP 2850000
WRITING COORDINATES TO DCD FILE ../output/02_eq_3_CLKWW.0.dcd AT STEP 2850000
WRITING COORDINATES TO RESTART FILE AT STEP 2850000
FINISHED WRITING RESTART COORDINATES
WRITING VELOCITIES TO RESTART FILE AT STEP 2850000
FINISHED WRITING RESTART VELOCITIES
PRESSURE: 2860000 2544.59 -233.631 -228.814 -233.632 -1681.11 -157.366 -228.814 -157.366 211.786
GPRESSURE: 2860000 2581.74 -172.214 -193.25 -184.749 -1655.01 -196.703 -226.096 -132.005 155.265
PRESSAVG: 2860000 1853.97 -3.38491 16.5576 -3.38491 -1894.57 -86.9643 16.5576 -86.9643 107.668
GPRESSAVG: 2860000 1851.8 7.08626 3.23302 3.65629 -1872.45 -107.05 -1.88415 -79.9163 87.5273
TIMING: 2860000  CPU: 2572.18, 0.00089943/step  Wall: 2572.6, 0.00089955/step, 384.192 ns/days, 0.534733 hours remaining, 0.000000 MB of memory in use.
PERFORMANCE: 2860000  averaging 384.213 ns/day, 0.000899502 sec/step with standard deviation 1.76967e-06
ENERGY: 2860000        23.5755        61.1782        48.4531         2.6510         -52145.4177    -85428.7263         0.0000         0.0000     10809.2545        -126629.0319       298.8306   -137438.2864   -126783.7963       297.3262            358.4228       360.6651    184198.0901        22.3556        22.2912

WRITING EXTENDED SYSTEM TO RESTART FILE AT STEP 2860000
WRITING COORDINATES TO DCD FILE ../output/02_eq_3_CLKWW.0.dcd AT STEP 2860000
WRITING COORDINATES TO RESTART FILE AT STEP 2860000
FINISHED WRITING RESTART COORDINATES
WRITING VELOCITIES TO RESTART FILE AT STEP 2860000
FINISHED WRITING RESTART VELOCITIES
PRESSURE: 2870000 2439.47 77.0373 -100.434 77.0369 -1640.02 234.574 -100.436 234.573 540.224
GPRESSURE: 2870000 2420.53 170.322 -86.6287 89.1199 -1655.94 148.756 -189.114 279.579 560.827
PRESSAVG: 2870000 1846.27 7.91159 3.82685 7.91159 -1907.86 -67.9011 3.82685 -67.9011 105.34
GPRESSAVG: 2870000 1844.91 24.8652 -6.00226 16.8114 -1887.56 -90.0627 -14.2933 -57.4545 87.016
TIMING: 2870000  CPU: 2581.18, 0.000899613/step  Wall: 2581.59, 0.000899768/step, 384.099 ns/days, 0.532363 hours remaining, 0.000000 MB of memory in use.
PERFORMANCE: 2870000  averaging 384.212 ns/day, 0.000899503 sec/step with standard deviation 1.76665e-06
ENERGY: 2870000        22.0408        65.8808        44.5032         2.4590         -52378.0924    -85183.1938         0.0000         0.0000     10715.7802        -126710.6222       296.2464   -137426.4024   -126779.9271       297.0782            446.5587       441.8044    184511.6420        14.5817        14.7903

WRITING EXTENDED SYSTEM TO RESTART FILE AT STEP 2870000
WRITING COORDINATES TO DCD FILE ../output/02_eq_3_CLKWW.0.dcd AT STEP 2870000
WRITING COORDINATES TO RESTART FILE AT STEP 2870000
FINISHED WRITING RESTART COORDINATES
WRITING VELOCITIES TO RESTART FILE AT STEP 2870000
FINISHED WRITING RESTART VELOCITIES
PRESSURE: 2880000 867.59 224.949 237.009 224.95 -2839.34 -549.091 237.011 -549.089 -106.021
GPRESSURE: 2880000 875.907 305.053 82.7422 265.142 -2912.26 -597.473 248.138 -481.412 -45.8523
PRESSAVG: 2880000 1823.34 22.2923 8.54175 22.2923 -1965.45 -69.3601 8.54175 -69.3601 93.4282
GPRESSAVG: 2880000 1820.04 41.8193 -7.10983 34.6662 -1950.61 -92.8686 -11.5393 -58.09 82.3155
TIMING: 2880000  CPU: 2590.2, 0.0009018/step  Wall: 2590.61, 0.000902039/step, 383.132 ns/days, 0.531201 hours remaining, 0.000000 MB of memory in use.
PERFORMANCE: 2880000  averaging 384.209 ns/day, 0.000899511 sec/step with standard deviation 1.76989e-06
ENERGY: 2880000        32.6823        66.8184        42.6664         2.8960         -52079.7513    -85524.3160         0.0000         0.0000     10661.3057        -126797.6986       294.7405   -137459.0043   -126775.5307       296.8722           -692.5918      -694.0688    185873.2784       -16.2274       -16.0829

WRITING EXTENDED SYSTEM TO RESTART FILE AT STEP 2880000
WRITING COORDINATES TO DCD FILE ../output/02_eq_3_CLKWW.0.dcd AT STEP 2880000
WRITING COORDINATES TO RESTART FILE AT STEP 2880000
FINISHED WRITING RESTART COORDINATES
WRITING VELOCITIES TO RESTART FILE AT STEP 2880000
FINISHED WRITING RESTART VELOCITIES
PRESSURE: 2890000 1695.43 -255.125 -436.634 -255.124 -1748.26 -321.711 -436.634 -321.711 -342.62
GPRESSURE: 2890000 1738.9 -191.727 -379.898 -363.679 -1749.45 -300.987 -408.926 -284.654 -371.505
PRESSAVG: 2890000 1797.38 3.88853 -14.4592 3.88853 -1977.67 -67.8406 -14.4592 -67.8406 81.8647
GPRESSAVG: 2890000 1797.47 30.2096 -22.6421 4.82261 -1961.84 -92.9772 -27.5187 -61.8992 68.1412
TIMING: 2890000  CPU: 2599.22, 0.000902556/step  Wall: 2599.64, 0.00090258/step, 382.902 ns/days, 0.529012 hours remaining, 0.000000 MB of memory in use.
PERFORMANCE: 2890000  averaging 384.204 ns/day, 0.000899522 sec/step with standard deviation 1.77601e-06
ENERGY: 2890000        23.6173        62.4944        41.2823         0.4903         -52395.7036    -85349.0097         0.0000         0.0000     10742.0543        -126874.7747       296.9728   -137616.8290   -126773.3306       296.9726           -131.8168      -127.3529    184607.6025       -32.8094       -32.0748

WRITING EXTENDED SYSTEM TO RESTART FILE AT STEP 2890000
WRITING COORDINATES TO DCD FILE ../output/02_eq_3_CLKWW.0.dcd AT STEP 2890000
WRITING COORDINATES TO RESTART FILE AT STEP 2890000
FINISHED WRITING RESTART COORDINATES
WRITING VELOCITIES TO RESTART FILE AT STEP 2890000
FINISHED WRITING RESTART VELOCITIES
PRESSURE: 2900000 2963.54 -143.062 -424.518 -143.063 -1366.87 28.1098 -424.516 28.1099 750.616
GPRESSURE: 2900000 2985.04 -179.237 -470.486 -230.931 -1336.93 -3.22485 -354.834 12.535 697.996
PRESSAVG: 2900000 1857.27 -8.35466 -23.7918 -8.35466 -1963.87 -52.1177 -23.7918 -52.1177 116.34
GPRESSAVG: 2900000 1859.67 18.9421 -27.3459 -11.5014 -1950.9 -83.2278 -35.722 -47.6882 103.425
TIMING: 2900000  CPU: 2608.25, 0.00090286/step  Wall: 2608.67, 0.000902933/step, 382.753 ns/days, 0.526711 hours remaining, 0.000000 MB of memory in use.
PERFORMANCE: 2900000  averaging 384.199 ns/day, 0.000899534 sec/step with standard deviation 1.78421e-06
ETITLE:      TS           BOND          ANGLE          DIHED          IMPRP               ELECT            VDW       BOUNDARY           MISC        KINETIC               TOTAL           TEMP      POTENTIAL       TOTALAVG        TEMPAVG            PRESSURE      GPRESSURE         VOLUME       PRESSAVG      GPRESSAVG

ENERGY: 2900000        31.2198        66.5420        40.7355         1.7220         -52540.4595    -85133.8193         0.0000         0.0000     10712.3935        -126821.6661       296.1528   -137534.0596   -126777.0707       297.0368            782.4270       782.0340    184474.1542         3.2458         4.0646

WRITING EXTENDED SYSTEM TO RESTART FILE AT STEP 2900000
WRITING COORDINATES TO DCD FILE ../output/02_eq_3_CLKWW.0.dcd AT STEP 2900000
WRITING COORDINATES TO RESTART FILE AT STEP 2900000
FINISHED WRITING RESTART COORDINATES
WRITING VELOCITIES TO RESTART FILE AT STEP 2900000
FINISHED WRITING RESTART VELOCITIES
PRESSURE: 2910000 2510.26 29.9788 -97.3611 29.9797 -1291.59 209.236 -97.3593 209.238 -238.019
GPRESSURE: 2910000 2546.22 -39.5219 -154.659 4.98433 -1342.05 130.843 -155.216 317.464 -226.675
PRESSAVG: 2910000 1878.09 -6.78001 -39.7658 -6.78001 -1938.86 -30.1648 -39.7658 -30.1648 88.3228
GPRESSAVG: 2910000 1884.48 18.1104 -50.3926 -11.7637 -1928.09 -62.7267 -47.353 -23.012 73.3383
TIMING: 2910000  CPU: 2617.25, 0.000900144/step  Wall: 2617.67, 0.000900308/step, 383.868 ns/days, 0.522679 hours remaining, 0.000000 MB of memory in use.
PERFORMANCE: 2910000  averaging 384.198 ns/day, 0.000899536 sec/step with standard deviation 1.78171e-06
ENERGY: 2910000        18.7192        62.5293        49.4299         1.1414         -52545.8264    -85170.4334         0.0000         0.0000     10648.5378        -126935.9022       294.3875   -137584.4400   -126784.4401       296.9312            326.8843       325.8338    184682.8907         9.1854         9.9076

WRITING EXTENDED SYSTEM TO RESTART FILE AT STEP 2910000
WRITING COORDINATES TO DCD FILE ../output/02_eq_3_CLKWW.0.dcd AT STEP 2910000
WRITING COORDINATES TO RESTART FILE AT STEP 2910000
FINISHED WRITING RESTART COORDINATES
WRITING VELOCITIES TO RESTART FILE AT STEP 2910000
FINISHED WRITING RESTART VELOCITIES
PRESSURE: 2920000 939.595 -91.8256 -140.825 -91.8284 -2371.34 5.29139 -140.822 5.29148 -297.734
GPRESSURE: 2920000 905.765 50.45 -138.208 -241.79 -2366.39 69.8324 -221.99 -51.6601 -275.456
PRESSAVG: 2920000 1834.49 -11.7939 -45.4185 -11.7939 -1941.44 -30.4922 -45.4185 -30.4922 103.818
GPRESSAVG: 2920000 1838.42 21.9089 -61.3355 -28.1822 -1932.34 -63.0302 -57.4111 -23.9868 91.6182
TIMING: 2920000  CPU: 2626.26, 0.000900246/step  Wall: 2626.68, 0.000900349/step, 383.851 ns/days, 0.520202 hours remaining, 0.000000 MB of memory in use.
PERFORMANCE: 2920000  averaging 384.197 ns/day, 0.000899539 sec/step with standard deviation 1.77929e-06
ENERGY: 2920000        20.7082        72.5183        49.4662         0.6776         -52436.1510    -85231.6719         0.0000         0.0000     10698.4155        -126826.0372       295.7664   -137524.4527   -126791.5250       296.6162           -576.4932      -578.6952    184517.7797        -1.0454        -0.7672

WRITING EXTENDED SYSTEM TO RESTART FILE AT STEP 2920000
WRITING COORDINATES TO DCD FILE ../output/02_eq_3_CLKWW.0.dcd AT STEP 2920000
WRITING COORDINATES TO RESTART FILE AT STEP 2920000
FINISHED WRITING RESTART COORDINATES
WRITING VELOCITIES TO RESTART FILE AT STEP 2920000
FINISHED WRITING RESTART VELOCITIES
PRESSURE: 2930000 2487.23 157.56 -132.457 157.562 -1530.22 -66.3573 -132.456 -66.3576 -384.218
GPRESSURE: 2930000 2587.48 188.216 -80.1631 113.334 -1564.05 -47.6777 -64.8578 31.5244 -435.224
PRESSAVG: 2930000 1886.22 -0.576006 -56.8227 -0.576006 -1909.32 -30.1987 -56.8227 -30.1987 83.584
GPRESSAVG: 2930000 1892.63 40.5031 -68.313 -23.3981 -1904.51 -62.4127 -62.4786 -14.6614 73.1841
TIMING: 2930000  CPU: 2635.24, 0.000898126/step  Wall: 2635.66, 0.000898354/step, 384.704 ns/days, 0.516554 hours remaining, 0.000000 MB of memory in use.
PERFORMANCE: 2930000  averaging 384.198 ns/day, 0.000899535 sec/step with standard deviation 1.77758e-06
ENERGY: 2930000        21.1525        57.6715        46.6697         1.1634         -52849.1341    -85047.7914         0.0000         0.0000     10680.2301        -127090.0383       295.2636   -137770.2684   -126805.0878       296.6041            190.9304       196.0705    185211.5479        20.1613        20.4336

WRITING EXTENDED SYSTEM TO RESTART FILE AT STEP 2930000
WRITING COORDINATES TO DCD FILE ../output/02_eq_3_CLKWW.0.dcd AT STEP 2930000
WRITING COORDINATES TO RESTART FILE AT STEP 2930000
FINISHED WRITING RESTART COORDINATES
WRITING VELOCITIES TO RESTART FILE AT STEP 2930000
FINISHED WRITING RESTART VELOCITIES
PRESSURE: 2940000 1947 -156.718 -71.3524 -156.72 -2117.06 258.054 -71.3555 258.055 613.672
GPRESSURE: 2940000 1885.3 -141.539 -18.2329 -79.1066 -2046.39 213.328 -199.217 222.084 625.859
PRESSAVG: 2940000 1917.06 -10.7821 -60.2603 -10.7821 -1894.44 -13.2244 -60.2603 -13.2244 117.627
GPRESSAVG: 2940000 1916.83 27.4725 -74.1428 -28.3181 -1884.4 -45.1622 -68.0334 -1.11983 108.911
TIMING: 2940000  CPU: 2644.25, 0.00090144/step  Wall: 2644.67, 0.000901565/step, 383.334 ns/days, 0.515895 hours remaining, 0.000000 MB of memory in use.
PERFORMANCE: 2940000  averaging 384.195 ns/day, 0.000899542 sec/step with standard deviation 1.77849e-06
ENERGY: 2940000        23.5425        58.7524        47.5284         0.9663         -52580.1750    -85216.3592         0.0000         0.0000     10761.2035        -126904.5411       297.5022   -137665.7446   -126799.5600       296.8587            147.8728       154.9212    184087.4718        46.7511        47.1161

WRITING EXTENDED SYSTEM TO RESTART FILE AT STEP 2940000
WRITING COORDINATES TO DCD FILE ../output/02_eq_3_CLKWW.0.dcd AT STEP 2940000
WRITING COORDINATES TO RESTART FILE AT STEP 2940000
FINISHED WRITING RESTART COORDINATES
WRITING VELOCITIES TO RESTART FILE AT STEP 2940000
FINISHED WRITING RESTART VELOCITIES
PRESSURE: 2950000 2299.74 -97.9069 -120.955 -97.91 -1342.46 -301.207 -120.954 -301.207 230.322
GPRESSURE: 2950000 2268.15 -88.6762 -146.597 -58.2217 -1275.75 -363.776 -63.9343 -332.62 195.535
PRESSAVG: 2950000 1946.9 -10.3914 -48.5296 -10.3914 -1837.54 -47.4867 -48.5296 -47.4867 137.913
GPRESSAVG: 2950000 1947.61 28.6703 -66.3804 -25.0025 -1827.49 -74.6462 -54.7912 -37.7498 128.325
TIMING: 2950000  CPU: 2653.25, 0.000900237/step  Wall: 2653.68, 0.000900433/step, 383.815 ns/days, 0.512747 hours remaining, 0.000000 MB of memory in use.
PERFORMANCE: 2950000  averaging 384.194 ns/day, 0.000899545 sec/step with standard deviation 1.77622e-06
ENERGY: 2950000        21.0561        59.2862        44.8450         2.8996         -52487.3119    -85165.1076         0.0000         0.0000     10706.0514        -126818.2812       295.9775   -137524.3326   -126799.6750       297.0095            395.8662       395.9777    184131.5596        82.4242        82.8146

WRITING EXTENDED SYSTEM TO RESTART FILE AT STEP 2950000
WRITING COORDINATES TO DCD FILE ../output/02_eq_3_CLKWW.0.dcd AT STEP 2950000
WRITING COORDINATES TO RESTART FILE AT STEP 2950000
FINISHED WRITING RESTART COORDINATES
WRITING VELOCITIES TO RESTART FILE AT STEP 2950000
FINISHED WRITING RESTART VELOCITIES
PRESSURE: 2960000 2148.92 36.6865 -70.3531 36.6886 -1494.03 -192.472 -70.354 -192.47 538.206
GPRESSURE: 2960000 2153.3 66.0498 -4.36948 46.9553 -1496.53 -215.559 -50.951 -147.105 520.521
PRESSAVG: 2960000 1961.72 -18.2002 -65.8953 -18.2002 -1826.48 -43.1289 -65.8953 -43.1289 130.978
GPRESSAVG: 2960000 1961.65 18.5847 -79.6918 -28.3037 -1815.07 -72.2173 -70.7138 -24.4983 120.931
TIMING: 2960000  CPU: 2662.26, 0.000901026/step  Wall: 2662.69, 0.000901235/step, 383.474 ns/days, 0.5107 hours remaining, 0.000000 MB of memory in use.
PERFORMANCE: 2960000  averaging 384.192 ns/day, 0.000899551 sec/step with standard deviation 1.77593e-06
ENERGY: 2960000        19.9432        57.1771        40.6212         1.6193         -52298.1927    -85233.0638         0.0000         0.0000     10847.7790        -126564.1166       299.8957   -137411.8956   -126797.1587       297.0157            397.6958       392.4279    185101.3527        88.7406        89.1695

WRITING EXTENDED SYSTEM TO RESTART FILE AT STEP 2960000
WRITING COORDINATES TO DCD FILE ../output/02_eq_3_CLKWW.0.dcd AT STEP 2960000
WRITING COORDINATES TO RESTART FILE AT STEP 2960000
FINISHED WRITING RESTART COORDINATES
WRITING VELOCITIES TO RESTART FILE AT STEP 2960000
FINISHED WRITING RESTART VELOCITIES
PRESSURE: 2970000 1697.6 90.9125 166.541 90.9107 -1961.11 82.6629 166.539 82.6626 113.929
GPRESSURE: 2970000 1732.15 139.014 105.274 142.459 -2021.32 -85.9335 188.321 119.145 141.608
PRESSAVG: 2970000 1953.64 -25.9662 -45.0813 -25.9662 -1819.58 -26.2018 -45.0813 -26.2018 130.788
GPRESSAVG: 2970000 1959.59 8.83369 -55.1546 -35.1491 -1817.08 -65.7018 -51.7953 -8.22555 123.525
TIMING: 2970000  CPU: 2671.31, 0.000904621/step  Wall: 2671.74, 0.000904755/step, 381.982 ns/days, 0.510182 hours remaining, 0.000000 MB of memory in use.
PERFORMANCE: 2970000  averaging 384.184 ns/day, 0.000899568 sec/step with standard deviation 1.79846e-06
ENERGY: 2970000        22.1794        55.9395        50.1544         2.0398         -52249.2905    -85273.1610         0.0000         0.0000     10662.2989        -126729.8396       294.7679   -137392.1385   -126800.6054       296.7280            -49.8597       -49.1875    185246.4060        88.2833        88.6811

WRITING EXTENDED SYSTEM TO RESTART FILE AT STEP 2970000
WRITING COORDINATES TO DCD FILE ../output/02_eq_3_CLKWW.0.dcd AT STEP 2970000
WRITING COORDINATES TO RESTART FILE AT STEP 2970000
FINISHED WRITING RESTART COORDINATES
WRITING VELOCITIES TO RESTART FILE AT STEP 2970000
FINISHED WRITING RESTART VELOCITIES
PRESSURE: 2980000 2044.79 13.4777 -26.6385 13.4753 -1981.92 85.3754 -26.6374 85.3747 282.465
GPRESSURE: 2980000 2098.13 -40.4311 -54.4406 38.9983 -2002.31 285.571 66.8517 -55.803 248.331
PRESSAVG: 2980000 1984.4 -6.0327 -36.0784 -6.0327 -1796.99 -14.4651 -36.0784 -14.4651 130.843
GPRESSAVG: 2980000 1991.03 18.3991 -42.7924 -10.5047 -1791.18 -41.9016 -38.1836 -9.76298 119.618
TIMING: 2980000  CPU: 2680.32, 0.000901021/step  Wall: 2680.75, 0.000901245/step, 383.469 ns/days, 0.505699 hours remaining, 0.000000 MB of memory in use.
PERFORMANCE: 2980000  averaging 384.182 ns/day, 0.000899574 sec/step with standard deviation 1.79806e-06
ENERGY: 2980000        22.1053        59.7366        43.8845         2.0785         -52277.4575    -85339.3032         0.0000         0.0000     10803.4029        -126685.5528       298.6688   -137488.9557   -126791.6828       296.8069            115.1108       114.7157    184390.0462       106.0820       106.4898

WRITING EXTENDED SYSTEM TO RESTART FILE AT STEP 2980000
WRITING COORDINATES TO DCD FILE ../output/02_eq_3_CLKWW.0.dcd AT STEP 2980000
WRITING COORDINATES TO RESTART FILE AT STEP 2980000
FINISHED WRITING RESTART COORDINATES
WRITING VELOCITIES TO RESTART FILE AT STEP 2980000
FINISHED WRITING RESTART VELOCITIES
PRESSURE: 2990000 1748.99 126.639 -54.0883 126.639 -1816.93 -277.681 -54.0857 -277.682 739.104
GPRESSURE: 2990000 1736.19 140.433 -38.3871 134.597 -1781.06 -270.202 11.3218 -342.802 722.707
PRESSAVG: 2990000 2013.26 -7.2116 -54.3554 -7.2116 -1775.78 -27.0254 -54.3554 -27.0254 167.642
GPRESSAVG: 2990000 2020.41 15.5458 -63.3024 -13.7508 -1771.18 -52.9117 -49.6222 -27.4229 158.755
TIMING: 2990000  CPU: 2689.31, 0.000898775/step  Wall: 2689.74, 0.000898787/step, 384.518 ns/days, 0.501823 hours remaining, 0.000000 MB of memory in use.
PERFORMANCE: 2990000  averaging 384.183 ns/day, 0.000899571 sec/step with standard deviation 1.79562e-06
ENERGY: 2990000        29.0567        58.5899        44.7178         5.7854         -52376.7859    -85205.5913         0.0000         0.0000     10798.1329        -126646.0944       298.5232   -137444.2273   -126775.3837       297.0655            223.7210       225.9439    184726.3705       135.0392       135.9921

WRITING EXTENDED SYSTEM TO RESTART FILE AT STEP 2990000
WRITING COORDINATES TO DCD FILE ../output/02_eq_3_CLKWW.0.dcd AT STEP 2990000
WRITING COORDINATES TO RESTART FILE AT STEP 2990000
FINISHED WRITING RESTART COORDINATES
WRITING VELOCITIES TO RESTART FILE AT STEP 2990000
FINISHED WRITING RESTART VELOCITIES
PRESSURE: 3000000 1804.29 373.314 569.322 373.314 -2241.96 -0.890757 569.319 -0.890761 -473.001
GPRESSURE: 3000000 1807.09 322.922 603.142 451.73 -2166.23 77.0704 538.296 4.54887 -540.058
PRESSAVG: 3000000 1989.46 27.096 -35.7354 27.096 -1839.36 -12.513 -35.7354 -12.513 106.141
GPRESSAVG: 3000000 1994.79 51.4979 -41.2995 19.3439 -1828.9 -33.5705 -33.7955 -16.6653 94.3983
TIMING: 3000000  CPU: 2698.27, 0.000896665/step  Wall: 2698.71, 0.000896627/step, 385.444 ns/days, 0.498126 hours remaining, 0.000000 MB of memory in use.
PERFORMANCE: 3000000  averaging 384.187 ns/day, 0.000899562 sec/step with standard deviation 1.80065e-06
ETITLE:      TS           BOND          ANGLE          DIHED          IMPRP               ELECT            VDW       BOUNDARY           MISC        KINETIC               TOTAL           TEMP      POTENTIAL       TOTALAVG        TEMPAVG            PRESSURE      GPRESSURE         VOLUME       PRESSAVG      GPRESSAVG

ENERGY: 3000000        22.0138        64.4830        43.6243         2.7802         -52373.3652    -85440.5474         0.0000         0.0000     10729.3862        -126951.6250       296.6226   -137681.0112   -126791.3361       296.8172           -303.5571      -299.7335    183831.6082        85.4128        86.7606

WRITING EXTENDED SYSTEM TO RESTART FILE AT STEP 3000000
WRITING COORDINATES TO DCD FILE ../output/02_eq_3_CLKWW.0.dcd AT STEP 3000000
WRITING COORDINATES TO RESTART FILE AT STEP 3000000
FINISHED WRITING RESTART COORDINATES
WRITING VELOCITIES TO RESTART FILE AT STEP 3000000
FINISHED WRITING RESTART VELOCITIES
PRESSURE: 3010000 1886.67 -116.791 -316.08 -116.792 -1894.02 57.6357 -316.082 57.6348 725.632
GPRESSURE: 3010000 1916.31 -80.774 -242.485 -177.245 -1934.67 19.7498 -318.46 111.794 742.718
PRESSAVG: 3010000 1998.85 14.2289 -55.8783 14.2289 -1827.32 -19.2307 -55.8783 -19.2307 152.267
GPRESSAVG: 3010000 2008.25 36.2253 -63.3333 7.95011 -1822.55 -38.844 -47.1696 -17.5272 141.675
TIMING: 3010000  CPU: 2707.26, 0.00089819/step  Wall: 2707.69, 0.000898416/step, 384.677 ns/days, 0.496625 hours remaining, 0.000000 MB of memory in use.
PERFORMANCE: 3010000  averaging 384.189 ns/day, 0.000899558 sec/step with standard deviation 1.79886e-06
ENERGY: 3010000        15.6872        56.4864        38.6603         2.8294         -52523.7799    -85134.4144         0.0000         0.0000     10663.0341        -126881.4970       294.7882   -137544.5311   -126797.9096       296.6644            239.4265       241.4533    184831.5581       107.9316       109.1261

WRITING EXTENDED SYSTEM TO RESTART FILE AT STEP 3010000
WRITING COORDINATES TO DCD FILE ../output/02_eq_3_CLKWW.0.dcd AT STEP 3010000
WRITING COORDINATES TO RESTART FILE AT STEP 3010000
FINISHED WRITING RESTART COORDINATES
WRITING VELOCITIES TO RESTART FILE AT STEP 3010000
FINISHED WRITING RESTART VELOCITIES
PRESSURE: 3020000 2024.41 -250.433 42.0844 -250.433 -1836.56 -262.433 42.0841 -262.433 7.49292
GPRESSURE: 3020000 2039.08 -256.913 141.671 -164.328 -1851.81 -224.189 12.3824 -183.01 8.53349
PRESSAVG: 3020000 1985.44 -1.45292 -58.261 -1.45292 -1846.18 -33.0049 -58.261 -33.0049 121.107
GPRESSAVG: 3020000 1996.43 25.4076 -60.9179 -5.29513 -1841.85 -53.5195 -53.8102 -23.3925 108.977
TIMING: 3020000  CPU: 2716.26, 0.000900397/step  Wall: 2716.7, 0.0009006/step, 383.744 ns/days, 0.49533 hours remaining, 0.000000 MB of memory in use.
PERFORMANCE: 3020000  averaging 384.187 ns/day, 0.000899561 sec/step with standard deviation 1.79687e-06
ENERGY: 3020000        22.2913        58.0528        46.0925         1.8335         -52243.0149    -85324.7639         0.0000         0.0000     10702.3329        -126737.1758       295.8747   -137439.5087   -126791.7795       296.5008             65.1135        65.2698    183828.2585        86.7881        87.8518

WRITING EXTENDED SYSTEM TO RESTART FILE AT STEP 3020000
WRITING COORDINATES TO DCD FILE ../output/02_eq_3_CLKWW.0.dcd AT STEP 3020000
WRITING COORDINATES TO RESTART FILE AT STEP 3020000
FINISHED WRITING RESTART COORDINATES
WRITING VELOCITIES TO RESTART FILE AT STEP 3020000
FINISHED WRITING RESTART VELOCITIES
PRESSURE: 3030000 1454.16 -287.699 -128.293 -287.7 -2191.18 -57.0037 -128.293 -57.0026 -805.772
GPRESSURE: 3030000 1444.28 -333.695 -76.4773 -253.534 -2228.69 -44.9905 -43.5308 -27.025 -763.419
PRESSAVG: 3030000 1953.82 -26.0107 -55.2639 -26.0107 -1858.45 -46.2273 -55.2639 -46.2273 97.993
GPRESSAVG: 3030000 1964.39 -2.99286 -53.0613 -27.8607 -1857.45 -60.5229 -47.3782 -35.245 88.8328
TIMING: 3030000  CPU: 2725.27, 0.000900836/step  Wall: 2725.71, 0.000901065/step, 383.546 ns/days, 0.493083 hours remaining, 0.000000 MB of memory in use.
PERFORMANCE: 3030000  averaging 384.185 ns/day, 0.000899566 sec/step with standard deviation 1.79597e-06
ENERGY: 3030000        19.9963        80.1532        48.5925         1.4661         -52352.1860    -85329.4441         0.0000         0.0000     10851.8919        -126679.5301       300.0094   -137531.4220   -126795.7844       296.6148           -514.2638      -515.9456    184339.4985        64.4556        65.2593

WRITING EXTENDED SYSTEM TO RESTART FILE AT STEP 3030000
WRITING COORDINATES TO DCD FILE ../output/02_eq_3_CLKWW.0.dcd AT STEP 3030000
WRITING COORDINATES TO RESTART FILE AT STEP 3030000
FINISHED WRITING RESTART COORDINATES
WRITING VELOCITIES TO RESTART FILE AT STEP 3030000
FINISHED WRITING RESTART VELOCITIES
PRESSURE: 3040000 1965.93 -78.4693 -218.653 -78.4687 -1844.87 98.0504 -218.654 98.0504 -226.307
GPRESSURE: 3040000 1954.26 52.653 -197.971 -276.048 -1882.48 -1.68789 -243.673 178.417 -182.124
PRESSAVG: 3040000 1958.08 -35.1634 -75.5799 -35.1634 -1853.22 -32.063 -75.5799 -32.063 60.4004
GPRESSAVG: 3040000 1968.05 -8.76825 -67.3267 -44.4603 -1856.08 -49.1889 -70.1776 -8.87629 55.0574
TIMING: 3040000  CPU: 2734.25, 0.000898126/step  Wall: 2734.69, 0.000898215/step, 384.763 ns/days, 0.489028 hours remaining, 0.000000 MB of memory in use.
PERFORMANCE: 3040000  averaging 384.187 ns/day, 0.000899562 sec/step with standard deviation 1.79468e-06
ENERGY: 3040000        21.0267        58.2167        38.3216         1.5658         -52446.5183    -85217.2725         0.0000         0.0000     10669.2368        -126875.4231       294.9597   -137544.6599   -126799.6257       296.6001            -35.0801       -36.7831    184883.7798        55.0863        55.6780

WRITING EXTENDED SYSTEM TO RESTART FILE AT STEP 3040000
WRITING COORDINATES TO DCD FILE ../output/02_eq_3_CLKWW.0.dcd AT STEP 3040000
WRITING COORDINATES TO RESTART FILE AT STEP 3040000
FINISHED WRITING RESTART COORDINATES
WRITING VELOCITIES TO RESTART FILE AT STEP 3040000
FINISHED WRITING RESTART VELOCITIES
PRESSURE: 3050000 1809.11 -48.4311 -244.52 -48.4317 -1630.13 -105.475 -244.522 -105.476 -12.9279
GPRESSURE: 3050000 1840.69 -32.936 -186.763 -46.1806 -1603.87 -216.338 -222.125 14.0988 -52.5414
PRESSAVG: 3050000 1963.97 -31.4772 -89.8511 -31.4772 -1841.05 -61.6347 -89.8511 -61.6347 93.3414
GPRESSAVG: 3050000 1975.82 -6.12757 -76.8093 -39.4247 -1843.66 -81.1795 -84.8806 -37.3453 86.3522
TIMING: 3050000  CPU: 2743.25, 0.000900022/step  Wall: 2743.69, 0.000900268/step, 383.886 ns/days, 0.487645 hours remaining, 0.000000 MB of memory in use.
PERFORMANCE: 3050000  averaging 384.186 ns/day, 0.000899564 sec/step with standard deviation 1.79218e-06
ENERGY: 3050000        21.7171        62.1810        44.7445         1.8699         -52281.4492    -85296.0609         0.0000         0.0000     10775.2412        -126671.7564       297.8903   -137446.9975   -126791.5602       296.6920             55.3491        61.4269    185174.6495        72.0858        72.8389

WRITING EXTENDED SYSTEM TO RESTART FILE AT STEP 3050000
WRITING COORDINATES TO DCD FILE ../output/02_eq_3_CLKWW.0.dcd AT STEP 3050000
WRITING COORDINATES TO RESTART FILE AT STEP 3050000
FINISHED WRITING RESTART COORDINATES
WRITING VELOCITIES TO RESTART FILE AT STEP 3050000
FINISHED WRITING RESTART VELOCITIES
PRESSURE: 3060000 1045.63 74.427 255.275 74.428 -2475.3 268.566 255.275 268.565 -975.593
GPRESSURE: 3060000 1024.77 27.3838 226.363 227.989 -2415.96 241.809 258.6 250.852 -1005.39
PRESSAVG: 3060000 1889.02 -16.0743 -65.6467 -16.0743 -1880.76 -40.3381 -65.6467 -40.3381 33.9724
GPRESSAVG: 3060000 1897.98 3.85231 -55.8286 -18.7878 -1881.71 -59.2539 -60.6458 -18.2024 28.3194
TIMING: 3060000  CPU: 2752.24, 0.000898639/step  Wall: 2752.68, 0.000898746/step, 384.536 ns/days, 0.484324 hours remaining, 0.000000 MB of memory in use.
PERFORMANCE: 3060000  averaging 384.187 ns/day, 0.000899561 sec/step with standard deviation 1.78985e-06
ENERGY: 3060000        25.6435        50.8741        47.6296         3.5854         -52250.7216    -85323.7345         0.0000         0.0000     10833.2984        -126613.4250       299.4953   -137446.7234   -126790.7799       296.7253           -801.7541      -798.8608    185276.6645        14.0770        14.8626

WRITING EXTENDED SYSTEM TO RESTART FILE AT STEP 3060000
WRITING COORDINATES TO DCD FILE ../output/02_eq_3_CLKWW.0.dcd AT STEP 3060000
WRITING COORDINATES TO RESTART FILE AT STEP 3060000
FINISHED WRITING RESTART COORDINATES
WRITING VELOCITIES TO RESTART FILE AT STEP 3060000
FINISHED WRITING RESTART VELOCITIES
PRESSURE: 3070000 1862.92 -84.8944 -99.1693 -84.8953 -1876.68 -43.98 -99.169 -43.9817 -200.532
GPRESSURE: 3070000 1957.42 -15.0856 -10.7576 -107.637 -1925.63 -56.1297 -151.708 -43.2195 -233.68
PRESSAVG: 3070000 1860.19 -24.1709 -65.5833 -24.1709 -1892.59 -54.2659 -65.5833 -54.2659 -3.06534
GPRESSAVG: 3070000 1874.82 -5.41808 -52.0351 -28.6256 -1895.19 -69.4982 -58.7755 -34.3423 -11.4059
TIMING: 3070000  CPU: 2761.23, 0.000898907/step  Wall: 2761.67, 0.00089915/step, 384.363 ns/days, 0.482044 hours remaining, 0.000000 MB of memory in use.
PERFORMANCE: 3070000  averaging 384.188 ns/day, 0.00089956 sec/step with standard deviation 1.78708e-06
ENERGY: 3070000        28.1059        68.5357        45.2482         1.3703         -52375.6359    -85231.6951         0.0000         0.0000     10636.7484        -126827.3224       294.0615   -137464.0708   -126796.6149       296.6160            -71.4295       -67.2949    185202.6072       -11.8224       -10.5924

WRITING EXTENDED SYSTEM TO RESTART FILE AT STEP 3070000
WRITING COORDINATES TO DCD FILE ../output/02_eq_3_CLKWW.0.dcd AT STEP 3070000
WRITING COORDINATES TO RESTART FILE AT STEP 3070000
FINISHED WRITING RESTART COORDINATES
WRITING VELOCITIES TO RESTART FILE AT STEP 3070000
FINISHED WRITING RESTART VELOCITIES
PRESSURE: 3080000 2049.49 -45.9221 -133.701 -45.9217 -2338.7 309.385 -133.7 309.384 -308.342
GPRESSURE: 3080000 2068.44 -44.0781 -128.767 -128.713 -2381.86 277.436 -83.959 331.443 -281.847
PRESSAVG: 3080000 1919.29 -37.7145 -84.1189 -37.7145 -1867.56 -11.3422 -84.1189 -11.3422 -13.1814
GPRESSAVG: 3080000 1934.45 -22.8747 -62.6106 -48.3184 -1868.67 -25.7528 -75.3803 6.30044 -23.2056
TIMING: 3080000  CPU: 2770.21, 0.000898281/step  Wall: 2770.65, 0.000898238/step, 384.753 ns/days, 0.479061 hours remaining, 0.000000 MB of memory in use.
PERFORMANCE: 3080000  averaging 384.19 ns/day, 0.000899556 sec/step with standard deviation 1.78576e-06
ENERGY: 3080000        20.5761        56.0907        42.3091         4.2423         -52342.9972    -85314.0353         0.0000         0.0000     10702.4933        -126831.3209       295.8791   -137533.8142   -126798.2960       296.6730           -199.1834      -198.4227    183827.8838        12.8480        14.1899

WRITING EXTENDED SYSTEM TO RESTART FILE AT STEP 3080000
WRITING COORDINATES TO DCD FILE ../output/02_eq_3_CLKWW.0.dcd AT STEP 3080000
WRITING COORDINATES TO RESTART FILE AT STEP 3080000
FINISHED WRITING RESTART COORDINATES
WRITING VELOCITIES TO RESTART FILE AT STEP 3080000
FINISHED WRITING RESTART VELOCITIES
PRESSURE: 3090000 2144.67 -21.4618 -54.2594 -21.4623 -1517.25 -76.5648 -54.26 -76.5679 331.023
GPRESSURE: 3090000 2176.57 -8.82263 -137.858 50.4207 -1560.46 -66.0686 -56.0977 -84.9755 358.526
PRESSAVG: 3090000 1941.75 -26.0314 -65.0002 -26.0314 -1856.01 0.914946 -65.0002 0.914946 20.5008
GPRESSAVG: 3090000 1956.33 -13.7294 -50.5086 -27.6134 -1859.22 -14.0068 -57.7389 16.2844 13.2959
TIMING: 3090000  CPU: 2779.19, 0.000898535/step  Wall: 2779.64, 0.0008987/step, 384.556 ns/days, 0.47681 hours remaining, 0.000000 MB of memory in use.
PERFORMANCE: 3090000  averaging 384.191 ns/day, 0.000899553 sec/step with standard deviation 1.78352e-06
ENERGY: 3090000        19.4978        52.7950        38.9718         1.5072         -52044.1776    -85519.7392         0.0000         0.0000     10699.5935        -126751.5516       295.7989   -137451.1451   -126792.1348       296.6143            319.4823       324.8772    185192.9720        35.4129        36.8014

WRITING EXTENDED SYSTEM TO RESTART FILE AT STEP 3090000
WRITING COORDINATES TO DCD FILE ../output/02_eq_3_CLKWW.0.dcd AT STEP 3090000
WRITING COORDINATES TO RESTART FILE AT STEP 3090000
FINISHED WRITING RESTART COORDINATES
WRITING VELOCITIES TO RESTART FILE AT STEP 3090000
FINISHED WRITING RESTART VELOCITIES
PRESSURE: 3100000 2477.29 -89.203 308.573 -89.2027 -1170.82 -121.39 308.571 -121.392 -614.67
GPRESSURE: 3100000 2499.97 -83.6536 323.192 -92.0286 -1221.52 -174.386 248.917 -18.9601 -597.538
PRESSAVG: 3100000 1917.43 -23.3384 -28.3458 -23.3384 -1846.21 -6.56015 -28.3458 -6.56015 -47.7635
GPRESSAVG: 3100000 1932.08 -8.95025 -10.8247 -20.6683 -1853.45 -22.5649 -27.5514 14.7096 -51.4808
TIMING: 3100000  CPU: 2788.18, 0.00089824/step  Wall: 2788.62, 0.000898478/step, 384.651 ns/days, 0.474197 hours remaining, 0.000000 MB of memory in use.
PERFORMANCE: 3100000  averaging 384.192 ns/day, 0.000899549 sec/step with standard deviation 1.78168e-06
ETITLE:      TS           BOND          ANGLE          DIHED          IMPRP               ELECT            VDW       BOUNDARY           MISC        KINETIC               TOTAL           TEMP      POTENTIAL       TOTALAVG        TEMPAVG            PRESSURE      GPRESSURE         VOLUME       PRESSAVG      GPRESSAVG

ENERGY: 3100000        24.2014        45.8296        37.6212         1.9305         -52525.0159    -85192.2594         0.0000         0.0000     10906.8999        -126700.7927       301.5301   -137607.6926   -126786.0912       296.8831            230.5978       226.9721    185732.0096         7.8215         9.0483

WRITING EXTENDED SYSTEM TO RESTART FILE AT STEP 3100000
WRITING COORDINATES TO DCD FILE ../output/02_eq_3_CLKWW.0.dcd AT STEP 3100000
WRITING COORDINATES TO RESTART FILE AT STEP 3100000
FINISHED WRITING RESTART COORDINATES
WRITING VELOCITIES TO RESTART FILE AT STEP 3100000
FINISHED WRITING RESTART VELOCITIES
PRESSURE: 3110000 1285.58 9.01459 17.5635 9.0164 -2609.23 -380.383 17.562 -380.382 228.673
GPRESSURE: 3110000 1299.53 -60.0797 93.2702 49.965 -2632.02 -325.569 -45.6528 -408.869 227.763
PRESSAVG: 3110000 1856.2 -24.3865 -22.5997 -24.3865 -1912.09 -36.0412 -22.5997 -36.0412 -24.4289
GPRESSAVG: 3110000 1869.74 -9.97814 1.57176 -18.4192 -1917.95 -45.3855 -22.0732 -21.6071 -28.7589
TIMING: 3110000  CPU: 2797.16, 0.000898834/step  Wall: 2797.61, 0.000898925/step, 384.459 ns/days, 0.471935 hours remaining, 0.000000 MB of memory in use.
PERFORMANCE: 3110000  averaging 384.193 ns/day, 0.000899547 sec/step with standard deviation 1.77916e-06
ENERGY: 3110000        25.8449        60.9013        43.6043         1.2663         -52458.9142    -85283.4189         0.0000         0.0000     10651.9228        -126958.7935       294.4811   -137610.7163   -126787.2357       296.8878           -364.9934      -368.2414    184148.1257       -26.7724       -25.6554

WRITING EXTENDED SYSTEM TO RESTART FILE AT STEP 3110000
WRITING COORDINATES TO DCD FILE ../output/02_eq_3_CLKWW.0.dcd AT STEP 3110000
WRITING COORDINATES TO RESTART FILE AT STEP 3110000
FINISHED WRITING RESTART COORDINATES
WRITING VELOCITIES TO RESTART FILE AT STEP 3110000
FINISHED WRITING RESTART VELOCITIES
PRESSURE: 3120000 2381.34 88.4417 136.37 88.4411 -1851.4 -141.702 136.372 -141.702 -259.032
GPRESSURE: 3120000 2339.19 148.038 119.576 -10.1073 -1839.34 -165.625 225.817 -166.908 -223.12
PRESSAVG: 3120000 1928.29 -15.3731 -8.74004 -15.3731 -1886.09 -43.3908 -8.74004 -43.3908 -22.4938
GPRESSAVG: 3120000 1941.41 -5.09872 14.461 -6.83508 -1891.6 -57.1584 0.317148 -27.3695 -26.1421
TIMING: 3120000  CPU: 2806.14, 0.000897663/step  Wall: 2806.59, 0.000897734/step, 384.969 ns/days, 0.468817 hours remaining, 0.000000 MB of memory in use.
PERFORMANCE: 3120000  averaging 384.196 ns/day, 0.000899542 sec/step with standard deviation 1.77926e-06
ENERGY: 3120000        21.8315        57.3609        43.6790         2.2702         -52430.0465    -85207.8985         0.0000         0.0000     10773.0467        -126739.7567       297.8296   -137512.8034   -126782.9217       296.9910             90.3035        92.2409    184812.8528         6.5674         7.8914

WRITING EXTENDED SYSTEM TO RESTART FILE AT STEP 3120000
WRITING COORDINATES TO DCD FILE ../output/02_eq_3_CLKWW.0.dcd AT STEP 3120000
WRITING COORDINATES TO RESTART FILE AT STEP 3120000
FINISHED WRITING RESTART COORDINATES
WRITING VELOCITIES TO RESTART FILE AT STEP 3120000
FINISHED WRITING RESTART VELOCITIES
PRESSURE: 3130000 2049.6 -8.92166 -29.9374 -8.92284 -2472.64 166.57 -29.9359 166.57 137.674
GPRESSURE: 3130000 2055.67 21.0765 -36.706 -67.9935 -2498.94 306.332 -17.393 95.0745 140.955
PRESSAVG: 3130000 1906.41 -23.6973 -3.61402 -23.6973 -1933.21 -31.7444 -3.61402 -31.7444 3.60083
GPRESSAVG: 3130000 1914.82 -13.4557 16.6338 -15.9015 -1938.34 -39.4579 2.69039 -24.192 2.66686
TIMING: 3130000  CPU: 2815.11, 0.000897235/step  Wall: 2815.56, 0.000897374/step, 385.124 ns/days, 0.466136 hours remaining, 0.000000 MB of memory in use.
PERFORMANCE: 3130000  averaging 384.199 ns/day, 0.000899535 sec/step with standard deviation 1.78062e-06
ENERGY: 3130000        31.4045        65.4936        45.8737         4.5714         -52329.4601    -85302.6999         0.0000         0.0000     10758.8001        -126726.0167       297.4358   -137484.8168   -126764.7206       297.0996            -95.1224      -100.7729    185155.3260        -7.7352        -6.9508

WRITING EXTENDED SYSTEM TO RESTART FILE AT STEP 3130000
WRITING COORDINATES TO DCD FILE ../output/02_eq_3_CLKWW.0.dcd AT STEP 3130000
WRITING COORDINATES TO RESTART FILE AT STEP 3130000
FINISHED WRITING RESTART COORDINATES
WRITING VELOCITIES TO RESTART FILE AT STEP 3130000
FINISHED WRITING RESTART VELOCITIES
PRESSURE: 3140000 1915.56 130.848 27.7089 130.849 -1940.56 73.7472 27.7108 73.7481 -724.896
GPRESSURE: 3140000 1761.26 73.5302 88.9837 85.4244 -1835.45 82.0542 27.7719 84.6302 -672.916
PRESSAVG: 3140000 1904.83 -9.31889 1.3393 -9.31889 -1924.39 -40.9598 1.3393 -40.9598 -63.3276
GPRESSAVG: 3140000 1908.62 -2.7022 21.9947 -7.67493 -1927.8 -46.0216 14.0398 -31.0647 -62.2719
TIMING: 3140000  CPU: 2824.11, 0.000899126/step  Wall: 2824.56, 0.000899311/step, 384.294 ns/days, 0.464644 hours remaining, 0.000000 MB of memory in use.
PERFORMANCE: 3140000  averaging 384.199 ns/day, 0.000899534 sec/step with standard deviation 1.77782e-06
ENERGY: 3140000        19.9275        63.4461        52.6763         2.8803         -52398.2980    -85274.2176         0.0000         0.0000     10758.0965        -126775.4888       297.4163   -137533.5854   -126758.2680       297.0953           -249.9648      -249.0362    184702.4315       -27.6271       -27.1487

WRITING EXTENDED SYSTEM TO RESTART FILE AT STEP 3140000
WRITING COORDINATES TO DCD FILE ../output/02_eq_3_CLKWW.0.dcd AT STEP 3140000
WRITING COORDINATES TO RESTART FILE AT STEP 3140000
FINISHED WRITING RESTART COORDINATES
WRITING VELOCITIES TO RESTART FILE AT STEP 3140000
FINISHED WRITING RESTART VELOCITIES
PRESSURE: 3150000 2084.15 -253.395 -103.869 -253.399 -2087.35 239.666 -103.869 239.664 -1066.33
GPRESSURE: 3150000 2061.56 -354.477 -100.068 -193.128 -2099.59 273.66 -140.508 149.924 -1024.79
PRESSAVG: 3150000 1894.06 -17.0934 2.19354 -17.0934 -1961.63 -13.9162 2.19354 -13.9162 -128.16
GPRESSAVG: 3150000 1898.29 -15.9922 24.3211 -14.4202 -1968.99 -14.1498 10.2111 -6.9375 -123.288
TIMING: 3150000  CPU: 2833.11, 0.000900464/step  Wall: 2833.56, 0.00090055/step, 383.765 ns/days, 0.462783 hours remaining, 0.000000 MB of memory in use.
PERFORMANCE: 3150000  averaging 384.198 ns/day, 0.000899537 sec/step with standard deviation 1.77591e-06
ENERGY: 3150000        25.4785        64.3989        43.2960         3.4112         -52499.8477    -85072.7241         0.0000         0.0000     10650.3572        -126785.6300       294.4378   -137435.9872   -126756.6355       297.0183           -356.5108      -354.2753    185209.5783       -65.2459       -64.6613

WRITING EXTENDED SYSTEM TO RESTART FILE AT STEP 3150000
WRITING COORDINATES TO DCD FILE ../output/02_eq_3_CLKWW.0.dcd AT STEP 3150000
WRITING COORDINATES TO RESTART FILE AT STEP 3150000
FINISHED WRITING RESTART COORDINATES
WRITING VELOCITIES TO RESTART FILE AT STEP 3150000
FINISHED WRITING RESTART VELOCITIES
PRESSURE: 3160000 1582.74 -134.434 -62.6186 -134.43 -2435.28 -218.18 -62.6195 -218.178 -211.842
GPRESSURE: 3160000 1612.03 -236.775 -17.6916 -127.05 -2418.16 -157.563 -10.598 -75.2517 -272.958
PRESSAVG: 3160000 1865.75 -25.6493 2.58026 -25.6493 -2008.7 -15.2017 2.58026 -15.2017 -165.662
GPRESSAVG: 3160000 1871.23 -31.1335 23.655 -23.1205 -2015.07 -11.2501 12.2288 -3.34484 -162.962
TIMING: 3160000  CPU: 2842.09, 0.000898407/step  Wall: 2842.55, 0.000898546/step, 384.621 ns/days, 0.459257 hours remaining, 0.000000 MB of memory in use.
PERFORMANCE: 3160000  averaging 384.199 ns/day, 0.000899534 sec/step with standard deviation 1.77397e-06
ENERGY: 3160000        29.7478        54.8529        41.3857         3.7527         -52308.9781    -85282.3196         0.0000         0.0000     10657.4336        -126804.1251       294.6334   -137461.5587   -126768.6359       296.7552           -354.7936      -359.6981    185676.9934      -102.8704      -102.2676

WRITING EXTENDED SYSTEM TO RESTART FILE AT STEP 3160000
WRITING COORDINATES TO DCD FILE ../output/02_eq_3_CLKWW.0.dcd AT STEP 3160000
WRITING COORDINATES TO RESTART FILE AT STEP 3160000
FINISHED WRITING RESTART COORDINATES
WRITING VELOCITIES TO RESTART FILE AT STEP 3160000
FINISHED WRITING RESTART VELOCITIES
PRESSURE: 3170000 1503.07 57.4353 -28.9567 57.4371 -2242.85 -117.777 -28.9549 -117.779 -157.616
GPRESSURE: 3170000 1494.39 96.8315 -55.7399 -12.6516 -2212.28 34.1642 -0.316013 -203.058 -168.384
PRESSAVG: 3170000 1856.02 -27.323 -7.19444 -27.323 -2022.78 -25.2238 -7.19444 -25.2238 -179.24
GPRESSAVG: 3170000 1859.34 -33.2426 15.6043 -30.8761 -2024.62 -5.24517 2.7969 -19.455 -178.462
TIMING: 3170000  CPU: 2851.09, 0.000899597/step  Wall: 2851.55, 0.000899832/step, 384.072 ns/days, 0.457414 hours remaining, 0.000000 MB of memory in use.
PERFORMANCE: 3170000  averaging 384.198 ns/day, 0.000899535 sec/step with standard deviation 1.77124e-06
ENERGY: 3170000        21.3066        58.2625        41.7132         2.5652         -52213.0853    -85488.6494         0.0000         0.0000     10796.9094        -126780.9777       298.4893   -137577.8871   -126771.1928       296.9413           -299.1295      -295.4247    185221.0438      -115.3339      -114.5795

WRITING EXTENDED SYSTEM TO RESTART FILE AT STEP 3170000
WRITING COORDINATES TO DCD FILE ../output/02_eq_3_CLKWW.0.dcd AT STEP 3170000
WRITING COORDINATES TO RESTART FILE AT STEP 3170000
FINISHED WRITING RESTART COORDINATES
WRITING VELOCITIES TO RESTART FILE AT STEP 3170000
FINISHED WRITING RESTART VELOCITIES
PRESSURE: 3180000 2380 -26.7257 510.148 -26.7267 -1665.69 -100.042 510.148 -100.042 -528.936
GPRESSURE: 3180000 2335.73 -70.7048 480.933 -80.7585 -1611.98 -86.4955 409.374 -176.574 -547.396
PRESSAVG: 3180000 1872.78 -29.3331 19.6448 -29.3331 -2006.97 -34.4946 19.6448 -34.4946 -219.81
GPRESSAVG: 3180000 1871.22 -34.7563 42.373 -36.8639 -2005.1 -23.8485 19.923 -25.4935 -218.248
TIMING: 3180000  CPU: 2860.06, 0.000897495/step  Wall: 2860.52, 0.000897658/step, 385.002 ns/days, 0.453816 hours remaining, 0.000000 MB of memory in use.
PERFORMANCE: 3180000  averaging 384.201 ns/day, 0.000899529 sec/step with standard deviation 1.77157e-06
ENERGY: 3180000        21.9574        61.2235        44.5424         0.9918         -52491.3961    -85319.1554         0.0000         0.0000     10750.1650        -126931.6714       297.1970   -137681.8364   -126783.4987       296.8677             61.7900        58.7856    184703.8243      -117.9999      -117.3760

WRITING EXTENDED SYSTEM TO RESTART FILE AT STEP 3180000
WRITING COORDINATES TO DCD FILE ../output/02_eq_3_CLKWW.0.dcd AT STEP 3180000
WRITING COORDINATES TO RESTART FILE AT STEP 3180000
FINISHED WRITING RESTART COORDINATES
WRITING VELOCITIES TO RESTART FILE AT STEP 3180000
FINISHED WRITING RESTART VELOCITIES
PRESSURE: 3190000 2004.34 118.542 31.481 118.541 -1549.6 -14.245 31.4796 -14.2441 -98.1214
GPRESSURE: 3190000 2019.5 25.0744 59.7434 263.897 -1541.54 -42.8802 89.5246 -7.8019 -110.369
PRESSAVG: 3190000 1885.55 -29.738 23.9231 -29.738 -1993.6 -21.3227 23.9231 -21.3227 -261.671
GPRESSAVG: 3190000 1885.39 -40.5243 47.2795 -30.3989 -1993.12 -12.4824 23.8331 -8.74353 -259.902
TIMING: 3190000  CPU: 2869.07, 0.000900084/step  Wall: 2869.53, 0.00090031/step, 383.868 ns/days, 0.452656 hours remaining, 0.000000 MB of memory in use.
PERFORMANCE: 3190000  averaging 384.2 ns/day, 0.000899532 sec/step with standard deviation 1.76932e-06
ENERGY: 3190000        23.7479        65.0193        37.9542         2.5155         -52406.1051    -85217.2508         0.0000         0.0000     10673.5748        -126820.5442       295.0796   -137494.1189   -126792.2212       296.6955            118.8716       122.5325    184612.9609      -123.2424      -122.5465

WRITING EXTENDED SYSTEM TO RESTART FILE AT STEP 3190000
WRITING COORDINATES TO DCD FILE ../output/02_eq_3_CLKWW.0.dcd AT STEP 3190000
WRITING COORDINATES TO RESTART FILE AT STEP 3190000
FINISHED WRITING RESTART COORDINATES
WRITING VELOCITIES TO RESTART FILE AT STEP 3190000
FINISHED WRITING RESTART VELOCITIES
PRESSURE: 3200000 1910.09 118.021 51.8077 118.022 -1431.73 -247.173 51.8091 -247.172 -352.756
GPRESSURE: 3200000 1928.02 176.816 33.1236 112.1 -1454.28 -208.042 14.5775 -361.113 -342.575
PRESSAVG: 3200000 1890.84 -42.5026 -1.95239 -42.5026 -1953.09 -33.6368 -1.95239 -33.6368 -255.659
GPRESSAVG: 3200000 1891.43 -47.8296 18.7786 -47.3804 -1957.53 -26.738 -2.35282 -27.0266 -250.028
TIMING: 3200000  CPU: 2878.03, 0.000896741/step  Wall: 2878.5, 0.000896877/step, 385.337 ns/days, 0.448439 hours remaining, 0.000000 MB of memory in use.
PERFORMANCE: 3200000  averaging 384.204 ns/day, 0.000899523 sec/step with standard deviation 1.77277e-06
ETITLE:      TS           BOND          ANGLE          DIHED          IMPRP               ELECT            VDW       BOUNDARY           MISC        KINETIC               TOTAL           TEMP      POTENTIAL       TOTALAVG        TEMPAVG            PRESSURE      GPRESSURE         VOLUME       PRESSAVG      GPRESSAVG

ENERGY: 3200000        23.0647        61.4202        44.6904         2.5398         -52446.3236    -85242.1453         0.0000         0.0000     10750.8625        -126805.8913       297.2163   -137556.7538   -126784.9345       296.7252             41.8672        43.7190    184397.6705      -105.9712      -105.3739

WRITING EXTENDED SYSTEM TO RESTART FILE AT STEP 3200000
WRITING COORDINATES TO DCD FILE ../output/02_eq_3_CLKWW.0.dcd AT STEP 3200000
WRITING COORDINATES TO RESTART FILE AT STEP 3200000
FINISHED WRITING RESTART COORDINATES
WRITING VELOCITIES TO RESTART FILE AT STEP 3200000
FINISHED WRITING RESTART VELOCITIES
PRESSURE: 3210000 2018.57 -155.874 29.1274 -155.872 -1709.84 112.827 29.1264 112.827 324.717
GPRESSURE: 3210000 2055.32 -242.839 23.8447 -94.4538 -1739.22 219.124 -55.7327 -1.51658 311.335
PRESSAVG: 3210000 1897.43 -44.4566 15.308 -44.4566 -1943.88 -30.8772 15.308 -30.8772 -275.705
GPRESSAVG: 3210000 1898.38 -55.9328 32.0951 -43.2408 -1947.75 -16.7693 10.7835 -32.6921 -271.597
TIMING: 3210000  CPU: 2887, 0.000896271/step  Wall: 2887.46, 0.00089634/step, 385.568 ns/days, 0.44568 hours remaining, 0.000000 MB of memory in use.
PERFORMANCE: 3210000  averaging 384.208 ns/day, 0.000899513 sec/step with standard deviation 1.77889e-06
ENERGY: 3210000        24.6657        62.1264        40.4793         1.4167         -52497.0049    -85139.5847         0.0000         0.0000     10817.4113        -126690.4903       299.0561   -137507.9015   -126775.3842       296.9386            211.1492       209.1453    185353.4751      -107.3851      -106.9893

WRITING EXTENDED SYSTEM TO RESTART FILE AT STEP 3210000
WRITING COORDINATES TO DCD FILE ../output/02_eq_3_CLKWW.0.dcd AT STEP 3210000
WRITING COORDINATES TO RESTART FILE AT STEP 3210000
FINISHED WRITING RESTART COORDINATES
WRITING VELOCITIES TO RESTART FILE AT STEP 3210000
FINISHED WRITING RESTART VELOCITIES
PRESSURE: 3220000 2462.31 79.353 370.512 79.354 -1358.7 168.362 370.514 168.361 856.747
GPRESSURE: 3220000 2516.22 24.531 293.311 82.2792 -1353.81 130.006 378.661 206.044 800.224
PRESSAVG: 3220000 1919.33 -27.9672 31.7295 -27.9672 -1919.99 -9.3375 31.7295 -9.3375 -233.242
GPRESSAVG: 3220000 1922.24 -41.8606 39.6771 -30.9104 -1922.85 0.940451 29.0975 -13.2394 -232.012
TIMING: 3220000  CPU: 2895.97, 0.000897324/step  Wall: 2896.43, 0.000897544/step, 385.051 ns/days, 0.443786 hours remaining, 0.000000 MB of memory in use.
PERFORMANCE: 3220000  averaging 384.21 ns/day, 0.000899507 sec/step with standard deviation 1.77951e-06
ENERGY: 3220000        16.6481        50.8308        42.6947         2.9911         -52665.2610    -85224.5683         0.0000         0.0000     10847.6312        -126929.0334       299.8916   -137776.6646   -126784.9771       297.1394            653.4512       654.2115    184041.6549       -77.9682       -77.5422

WRITING EXTENDED SYSTEM TO RESTART FILE AT STEP 3220000
WRITING COORDINATES TO DCD FILE ../output/02_eq_3_CLKWW.0.dcd AT STEP 3220000
WRITING COORDINATES TO RESTART FILE AT STEP 3220000
FINISHED WRITING RESTART COORDINATES
WRITING VELOCITIES TO RESTART FILE AT STEP 3220000
FINISHED WRITING RESTART VELOCITIES
PRESSURE: 3230000 2696.83 -1.57555 -134.52 -1.57561 -1525.24 -91.7545 -134.519 -91.7516 335.254
GPRESSURE: 3230000 2702.26 20.1959 -245.551 63.7602 -1568.3 -32.2233 -42.1227 -61.9991 368.989
PRESSAVG: 3230000 1981.46 -13.661 31.4183 -13.661 -1886.69 -11.0749 31.4183 -11.0749 -176.191
GPRESSAVG: 3230000 1985.14 -24.1661 31.2234 -15.0457 -1889.83 1.57881 29.1679 -14.9881 -175.392
TIMING: 3230000  CPU: 2904.95, 0.000897788/step  Wall: 2905.41, 0.000897997/step, 384.856 ns/days, 0.441515 hours remaining, 0.000000 MB of memory in use.
PERFORMANCE: 3230000  averaging 384.212 ns/day, 0.000899503 sec/step with standard deviation 1.77873e-06
ENERGY: 3230000        21.9770        65.7998        41.6500         2.4750         -52224.5683    -85502.4507         0.0000         0.0000     10765.9749        -126829.1423       297.6341   -137595.1172   -126792.4577       297.0207            502.2819       500.9817    184875.9943       -27.1409       -26.6959

WRITING EXTENDED SYSTEM TO RESTART FILE AT STEP 3230000
WRITING COORDINATES TO DCD FILE ../output/02_eq_3_CLKWW.0.dcd AT STEP 3230000
WRITING COORDINATES TO RESTART FILE AT STEP 3230000
FINISHED WRITING RESTART COORDINATES
WRITING VELOCITIES TO RESTART FILE AT STEP 3230000
FINISHED WRITING RESTART VELOCITIES
PRESSURE: 3240000 2062.68 -394.824 -86.5688 -394.822 -1872.37 -43.7703 -86.569 -43.7718 494.065
GPRESSURE: 3240000 2109.71 -474.154 56.4321 -296.583 -1882.17 -18.1551 -91.5778 45.6726 458.673
PRESSAVG: 3240000 1986.3 -29.4787 38.0225 -29.4787 -1888.07 -18.1661 38.0225 -18.1661 -140.172
GPRESSAVG: 3240000 1992.91 -50.5064 43.9435 -16.0725 -1889.82 0.755447 36.7727 -21.6254 -143.352
TIMING: 3240000  CPU: 2913.92, 0.00089717/step  Wall: 2914.39, 0.000897116/step, 385.235 ns/days, 0.43859 hours remaining, 0.000000 MB of memory in use.
PERFORMANCE: 3240000  averaging 384.215 ns/day, 0.000899495 sec/step with standard deviation 1.78091e-06
ENERGY: 3240000        15.3072        69.3463        44.2170         5.6274         -52457.4436    -85239.6142         0.0000         0.0000     10831.6764        -126730.8834       299.4505   -137562.5598   -126785.2307       297.2452            228.1268       228.7364    184898.1329       -13.9805       -13.4199

WRITING EXTENDED SYSTEM TO RESTART FILE AT STEP 3240000
WRITING COORDINATES TO DCD FILE ../output/02_eq_3_CLKWW.0.dcd AT STEP 3240000
WRITING COORDINATES TO RESTART FILE AT STEP 3240000
FINISHED WRITING RESTART COORDINATES
WRITING VELOCITIES TO RESTART FILE AT STEP 3240000
FINISHED WRITING RESTART VELOCITIES
PRESSURE: 3250000 1686.2 66.386 160.314 66.387 -2515.62 -34.3266 160.315 -34.3256 -323.385
GPRESSURE: 3250000 1635.36 58.125 149.815 20.3408 -2510.17 -35.8988 34.0751 -4.96694 -281.004
PRESSAVG: 3250000 1980.15 -23.7377 58.2644 -23.7377 -1932.34 -14.6085 58.2644 -14.6085 -155.695
GPRESSAVG: 3250000 1982.65 -45.9534 60.7724 -12.7464 -1935.13 9.77743 49.5826 -22.5786 -154.775
TIMING: 3250000  CPU: 2922.89, 0.000896987/step  Wall: 2923.36, 0.000897215/step, 385.192 ns/days, 0.436146 hours remaining, 0.000000 MB of memory in use.
PERFORMANCE: 3250000  averaging 384.218 ns/day, 0.000899488 sec/step with standard deviation 1.78266e-06
ENERGY: 3250000        24.4373        66.3973        42.4566         3.7220         -52476.4325    -85341.3208         0.0000         0.0000     10831.4756        -126849.2644       299.4449   -137680.7401   -126794.1061       297.3229           -384.2682      -385.2698    185017.3345       -35.9614       -35.7547

WRITING EXTENDED SYSTEM TO RESTART FILE AT STEP 3250000
WRITING COORDINATES TO DCD FILE ../output/02_eq_3_CLKWW.0.dcd AT STEP 3250000
WRITING COORDINATES TO RESTART FILE AT STEP 3250000
FINISHED WRITING RESTART COORDINATES
WRITING VELOCITIES TO RESTART FILE AT STEP 3250000
FINISHED WRITING RESTART VELOCITIES
PRESSURE: 3260000 2155.42 43.5123 -341.126 43.5101 -1630.01 -27.3162 -341.128 -27.3183 301.748
GPRESSURE: 3260000 2146.03 119.612 -386.677 -41.2348 -1603.34 -42.7153 -280.701 -8.58801 289.003
PRESSAVG: 3260000 2035.64 -25.2836 28.4442 -25.2836 -1890.08 -29.4027 28.4442 -29.4027 -91.8278
GPRESSAVG: 3260000 2038.71 -41.3419 30.1203 -26.2076 -1894.5 -4.44879 22.6176 -35.5506 -90.0556
TIMING: 3260000  CPU: 2931.85, 0.000896587/step  Wall: 2932.33, 0.000896876/step, 385.337 ns/days, 0.43349 hours remaining, 0.000000 MB of memory in use.
PERFORMANCE: 3260000  averaging 384.222 ns/day, 0.00089948 sec/step with standard deviation 1.78578e-06
ENERGY: 3260000        27.3530        61.1479        45.1482         0.8172         -52490.7120    -85200.3868         0.0000         0.0000     10698.9518        -126857.6808       295.7812   -137556.6326   -126806.3189       297.1372            275.7197       277.2317    184826.0459        17.9123        18.0499

WRITING EXTENDED SYSTEM TO RESTART FILE AT STEP 3260000
WRITING COORDINATES TO DCD FILE ../output/02_eq_3_CLKWW.0.dcd AT STEP 3260000
WRITING COORDINATES TO RESTART FILE AT STEP 3260000
FINISHED WRITING RESTART COORDINATES
WRITING VELOCITIES TO RESTART FILE AT STEP 3260000
FINISHED WRITING RESTART VELOCITIES
PRESSURE: 3270000 1959.8 246.718 165.847 246.718 -2284.65 131.24 165.849 131.241 -193.075
GPRESSURE: 3270000 1935.67 300.978 168.229 266.511 -2311.75 176.033 132.34 168.783 -136.203
PRESSAVG: 3270000 2040.49 -8.70294 41.6951 -8.70294 -1910.48 -20.6416 41.6951 -20.6416 -91.455
GPRESSAVG: 3270000 2037.62 -25.5388 39.0696 -7.50021 -1913.81 7.15934 36.8199 -24.9505 -85.1817
TIMING: 3270000  CPU: 2940.83, 0.000897727/step  Wall: 2941.31, 0.000897855/step, 384.917 ns/days, 0.431469 hours remaining, 0.000000 MB of memory in use.
PERFORMANCE: 3270000  averaging 384.224 ns/day, 0.000899475 sec/step with standard deviation 1.7853e-06
ENERGY: 3270000        25.4894        68.1900        44.2339         1.9751         -52543.4130    -85237.5149         0.0000         0.0000     10712.8184        -126928.2211       296.1646   -137641.0395   -126811.3638       297.2424           -172.6406      -170.7589    185176.5043        12.8517        12.8767

WRITING EXTENDED SYSTEM TO RESTART FILE AT STEP 3270000
WRITING COORDINATES TO DCD FILE ../output/02_eq_3_CLKWW.0.dcd AT STEP 3270000
WRITING COORDINATES TO RESTART FILE AT STEP 3270000
FINISHED WRITING RESTART COORDINATES
WRITING VELOCITIES TO RESTART FILE AT STEP 3270000
FINISHED WRITING RESTART VELOCITIES
PRESSURE: 3280000 2277.28 -317.26 -340.656 -317.257 -1267.59 -100.987 -340.654 -100.987 -115.156
GPRESSURE: 3280000 2279.44 -430.49 -237.278 -162.984 -1273.75 -248.624 -516.026 -28.2932 -110.93
PRESSAVG: 3280000 2051.88 -22.2697 31.3474 -22.2697 -1856.92 -41.1601 31.3474 -41.1601 -81.7957
GPRESSAVG: 3280000 2048.17 -44.8594 33.6441 -9.21377 -1858.4 -19.1437 15.2166 -42.9373 -76.6359
TIMING: 3280000  CPU: 2949.8, 0.000896741/step  Wall: 2950.27, 0.000896856/step, 385.346 ns/days, 0.428498 hours remaining, 0.000000 MB of memory in use.
PERFORMANCE: 3280000  averaging 384.227 ns/day, 0.000899467 sec/step with standard deviation 1.78843e-06
ENERGY: 3280000        17.4475        55.7973        46.0451         3.3676         -52567.0081    -85385.8266         0.0000         0.0000     10643.2454        -127186.9319       294.2412   -137830.1773   -126829.1444       297.1605            298.1777       298.2537    183773.6741        37.7198        37.7105

WRITING EXTENDED SYSTEM TO RESTART FILE AT STEP 3280000
WRITING COORDINATES TO DCD FILE ../output/02_eq_3_CLKWW.0.dcd AT STEP 3280000
WRITING COORDINATES TO RESTART FILE AT STEP 3280000
FINISHED WRITING RESTART COORDINATES
WRITING VELOCITIES TO RESTART FILE AT STEP 3280000
FINISHED WRITING RESTART VELOCITIES
PRESSURE: 3290000 1667.98 -259.55 -253.639 -259.551 -2004.56 38.2039 -253.638 38.2027 132.569
GPRESSURE: 3290000 1587.11 -251.227 -273.441 -66.7023 -1988.19 -2.62116 -332.512 -18.1801 189.879
PRESSAVG: 3290000 2028.04 -34.1742 21.3784 -34.1742 -1881.29 -35.4216 21.3784 -35.4216 -91.7184
GPRESSAVG: 3290000 2018.7 -56.9796 26.865 -15.0699 -1879.79 -15.9713 1.39591 -39.5975 -85.0682
TIMING: 3290000  CPU: 2958.77, 0.000897469/step  Wall: 2959.25, 0.000897526/step, 385.058 ns/days, 0.426325 hours remaining, 0.000000 MB of memory in use.
PERFORMANCE: 3290000  averaging 384.23 ns/day, 0.000899461 sec/step with standard deviation 1.7889e-06
ENERGY: 3290000        27.3034        68.8461        47.1517         1.8927         -52483.3413    -85153.8188         0.0000         0.0000     10860.3093        -126631.6569       300.2421   -137491.9662   -126823.1496       297.3826            -68.0033       -70.4017    184761.3085        18.3455        17.9466

WRITING EXTENDED SYSTEM TO RESTART FILE AT STEP 3290000
WRITING COORDINATES TO DCD FILE ../output/02_eq_3_CLKWW.0.dcd AT STEP 3290000
WRITING COORDINATES TO RESTART FILE AT STEP 3290000
FINISHED WRITING RESTART COORDINATES
WRITING VELOCITIES TO RESTART FILE AT STEP 3290000
FINISHED WRITING RESTART VELOCITIES
PRESSURE: 3300000 2355.45 -262.224 -183.661 -262.225 -1662.93 154.474 -183.66 154.471 307.69
GPRESSURE: 3300000 2286.29 -148.686 -162.144 -305.277 -1628.67 185.215 -155.273 209.548 342.602
PRESSAVG: 3300000 2021.95 -42.8253 -3.23311 -42.8253 -1905.89 -21.6284 -3.23311 -21.6284 -45.6004
GPRESSAVG: 3300000 2008.01 -60.2312 2.59819 -25.7324 -1900.15 2.00876 -18.8136 -28.1721 -38.0612
TIMING: 3300000  CPU: 2967.76, 0.000898271/step  Wall: 2968.23, 0.000898283/step, 384.734 ns/days, 0.424189 hours remaining, 0.000000 MB of memory in use.
PERFORMANCE: 3300000  averaging 384.231 ns/day, 0.000899458 sec/step with standard deviation 1.78736e-06
ETITLE:      TS           BOND          ANGLE          DIHED          IMPRP               ELECT            VDW       BOUNDARY           MISC        KINETIC               TOTAL           TEMP      POTENTIAL       TOTALAVG        TEMPAVG            PRESSURE      GPRESSURE         VOLUME       PRESSAVG      GPRESSAVG

ENERGY: 3300000        22.0641        73.9002        44.4775         2.5498         -52600.2840    -85153.2217         0.0000         0.0000     10826.1814        -126784.3326       299.2986   -137610.5141   -126827.3266       297.2711            333.4045       333.4096    184669.6749        23.4858        23.2684

WRITING EXTENDED SYSTEM TO RESTART FILE AT STEP 3300000
WRITING COORDINATES TO DCD FILE ../output/02_eq_3_CLKWW.0.dcd AT STEP 3300000
WRITING COORDINATES TO RESTART FILE AT STEP 3300000
FINISHED WRITING RESTART COORDINATES
WRITING VELOCITIES TO RESTART FILE AT STEP 3300000
FINISHED WRITING RESTART VELOCITIES
PRESSURE: 3310000 2431.19 100.171 -65.2073 100.174 -1516.2 226.951 -65.2052 226.951 -53.5274
GPRESSURE: 3310000 2396.83 13.73 35.9772 156.487 -1508.47 190.533 -162.886 214.63 -24.5325
PRESSAVG: 3310000 2079.23 -38.2674 -7.37146 -38.2674 -1851.24 8.73826 -7.37146 8.73826 -59.7104
GPRESSAVG: 3310000 2062.88 -56.5408 -0.266466 -20.4062 -1843.97 27.8139 -24.6753 3.00283 -50.676
TIMING: 3310000  CPU: 2976.76, 0.00090014/step  Wall: 2977.23, 0.000900312/step, 383.867 ns/days, 0.422646 hours remaining, 0.000000 MB of memory in use.
PERFORMANCE: 3310000  averaging 384.23 ns/day, 0.00089946 sec/step with standard deviation 1.78527e-06
ENERGY: 3310000        25.4183        65.4339        43.7469         2.7402         -52408.4144    -85212.2314         0.0000         0.0000     10844.4917        -126638.8148       299.8048   -137483.3065   -126811.3277       297.5372            287.1542       287.9431    184442.6433        56.0932        56.0777

WRITING EXTENDED SYSTEM TO RESTART FILE AT STEP 3310000
WRITING COORDINATES TO DCD FILE ../output/02_eq_3_CLKWW.0.dcd AT STEP 3310000
WRITING COORDINATES TO RESTART FILE AT STEP 3310000
FINISHED WRITING RESTART COORDINATES
WRITING VELOCITIES TO RESTART FILE AT STEP 3310000
FINISHED WRITING RESTART VELOCITIES
PRESSURE: 3320000 1876.89 -177.133 -2.02837 -177.133 -1898.96 173.055 -2.03166 173.055 586.93
GPRESSURE: 3320000 1864.82 -19.3853 56.4744 -287.376 -1870.07 279.703 13.61 172.395 575.173
PRESSAVG: 3320000 2054.01 -51.5461 -14.2916 -51.5461 -1853.62 24.4761 -14.2916 24.4761 -17.4124
GPRESSAVG: 3320000 2039.16 -64.9119 -3.42157 -34.2697 -1845.51 50.0802 -35.2856 19.968 -10.7613
TIMING: 3320000  CPU: 2985.76, 0.000900096/step  Wall: 2986.24, 0.000900308/step, 383.869 ns/days, 0.420144 hours remaining, 0.000000 MB of memory in use.
PERFORMANCE: 3320000  averaging 384.229 ns/day, 0.000899463 sec/step with standard deviation 1.78317e-06
ENERGY: 3320000        25.0460        62.5174        47.1312         5.7691         -52335.1993    -85357.5755         0.0000         0.0000     10709.5629        -126842.7481       296.0746   -137552.3110   -126816.4773       297.4495            188.2860       189.9736    184417.3375        60.9923        60.9643

WRITING EXTENDED SYSTEM TO RESTART FILE AT STEP 3320000
WRITING COORDINATES TO DCD FILE ../output/02_eq_3_CLKWW.0.dcd AT STEP 3320000
WRITING COORDINATES TO RESTART FILE AT STEP 3320000
FINISHED WRITING RESTART COORDINATES
WRITING VELOCITIES TO RESTART FILE AT STEP 3320000
FINISHED WRITING RESTART VELOCITIES
PRESSURE: 3330000 1359.94 240.182 -123.592 240.182 -2564.32 -135.444 -123.593 -135.444 -511.062
GPRESSURE: 3330000 1307.91 304.798 -93.5383 214.269 -2643.63 -106.776 -236.221 -270.62 -377.498
PRESSAVG: 3330000 2019.53 -39.0909 -18.9745 -39.0909 -1858.2 9.37537 -18.9745 9.37537 -49.8492
GPRESSAVG: 3330000 2001.77 -50.7259 -6.26318 -20.1565 -1852.74 29.4248 -46.227 1.68329 -36.684
TIMING: 3330000  CPU: 2994.77, 0.000901305/step  Wall: 2995.25, 0.000901548/step, 383.341 ns/days, 0.418218 hours remaining, 0.000000 MB of memory in use.
PERFORMANCE: 3330000  averaging 384.227 ns/day, 0.000899469 sec/step with standard deviation 1.78415e-06
ENERGY: 3330000        26.8929        55.6699        42.7469         4.3738         -52346.4679    -85377.9756         0.0000         0.0000     10677.2551        -126917.5050       295.1814   -137594.7601   -126826.0517       297.3368           -571.8130      -571.0723    184665.2876        37.1578        37.4493

WRITING EXTENDED SYSTEM TO RESTART FILE AT STEP 3330000
WRITING COORDINATES TO DCD FILE ../output/02_eq_3_CLKWW.0.dcd AT STEP 3330000
WRITING COORDINATES TO RESTART FILE AT STEP 3330000
FINISHED WRITING RESTART COORDINATES
WRITING VELOCITIES TO RESTART FILE AT STEP 3330000
FINISHED WRITING RESTART VELOCITIES
PRESSURE: 3340000 1835.61 6.663 -29.1085 6.66397 -2331.61 -112.177 -29.11 -112.177 -214.043
GPRESSURE: 3340000 1800.65 -0.485353 -15.5587 18.1028 -2335.07 -72.1529 -12.5958 -142.461 -182.765
PRESSAVG: 3340000 2015.53 -45.3001 -21.8155 -45.3001 -1877.76 0.0791117 -21.8155 0.0791117 -24.3065
GPRESSAVG: 3340000 2003.74 -54.4266 -11.4903 -23.5226 -1877.72 21.7144 -48.2454 -9.67125 -12.1764
TIMING: 3340000  CPU: 3003.76, 0.000898841/step  Wall: 3004.24, 0.000898933/step, 384.456 ns/days, 0.414508 hours remaining, 0.000000 MB of memory in use.
PERFORMANCE: 3340000  averaging 384.227 ns/day, 0.000899468 sec/step with standard deviation 1.78171e-06
ENERGY: 3340000        26.2481        62.3320        44.9236         2.4332         -52151.7758    -85464.4832         0.0000         0.0000     10901.7361        -126578.5860       301.3873   -137480.3220   -126816.2065       297.5353           -236.6819      -239.0584    184735.1436        37.8220        37.9482

WRITING EXTENDED SYSTEM TO RESTART FILE AT STEP 3340000
WRITING COORDINATES TO DCD FILE ../output/02_eq_3_CLKWW.0.dcd AT STEP 3340000
WRITING COORDINATES TO RESTART FILE AT STEP 3340000
FINISHED WRITING RESTART COORDINATES
WRITING VELOCITIES TO RESTART FILE AT STEP 3340000
FINISHED WRITING RESTART VELOCITIES
PRESSURE: 3350000 1386.63 269.371 153.026 269.369 -1894.23 -285.332 153.028 -285.332 412.2
GPRESSURE: 3350000 1443.94 377.138 52.6065 220.124 -1905.54 -216.029 250.785 -388.473 360.574
PRESSAVG: 3350000 1980.65 -19.1617 -8.97066 -19.1617 -1868.1 -26.1707 -8.97066 -26.1707 49.6199
GPRESSAVG: 3350000 1972.86 -17.8459 -3.85658 -2.86004 -1868.02 -2.76998 -28.6808 -36.5911 57.0918
TIMING: 3350000  CPU: 3012.73, 0.000896638/step  Wall: 3013.21, 0.000896802/step, 385.369 ns/days, 0.411034 hours remaining, 0.000000 MB of memory in use.
PERFORMANCE: 3350000  averaging 384.231 ns/day, 0.00089946 sec/step with standard deviation 1.78499e-06
ENERGY: 3350000        24.1484        57.9429        45.1196         2.7149         -52380.0003    -85166.1630         0.0000         0.0000     10906.5400        -126509.6976       301.5202   -137416.2377   -126802.4099       297.8894            -31.8010       -33.6749    185215.4343        54.0574        53.9782

WRITING EXTENDED SYSTEM TO RESTART FILE AT STEP 3350000
WRITING COORDINATES TO DCD FILE ../output/02_eq_3_CLKWW.0.dcd AT STEP 3350000
WRITING COORDINATES TO RESTART FILE AT STEP 3350000
FINISHED WRITING RESTART COORDINATES
WRITING VELOCITIES TO RESTART FILE AT STEP 3350000
FINISHED WRITING RESTART VELOCITIES
PRESSURE: 3360000 2189.1 -198.981 -22.8602 -198.982 -1817.54 -681.803 -22.8612 -681.803 987.124
GPRESSURE: 3360000 2162.68 -200.325 -42.1985 -232.229 -1845.4 -694.345 -74.7221 -523.325 1043.17
PRESSAVG: 3360000 2010.97 -22.3892 -6.98274 -22.3892 -1837.21 -49.3519 -6.98274 -49.3519 109.568
GPRESSAVG: 3360000 2000.39 -16.0233 -5.08192 -8.11899 -1839.38 -29.6091 -31.887 -58.9948 122.898
TIMING: 3360000  CPU: 3021.7, 0.000897482/step  Wall: 3022.19, 0.000897533/step, 385.056 ns/days, 0.408876 hours remaining, 0.000000 MB of memory in use.
PERFORMANCE: 3360000  averaging 384.233 ns/day, 0.000899454 sec/step with standard deviation 1.78542e-06
ENERGY: 3360000        25.0485        62.6919        49.4718         2.3042         -52373.9059    -85225.5387         0.0000         0.0000     10816.8364        -126643.0919       299.0402   -137459.9283   -126794.3583       298.1098            452.8941       453.4837    185451.0899        94.4418        94.6373

WRITING EXTENDED SYSTEM TO RESTART FILE AT STEP 3360000
WRITING COORDINATES TO DCD FILE ../output/02_eq_3_CLKWW.0.dcd AT STEP 3360000
WRITING COORDINATES TO RESTART FILE AT STEP 3360000
FINISHED WRITING RESTART COORDINATES
WRITING VELOCITIES TO RESTART FILE AT STEP 3360000
FINISHED WRITING RESTART VELOCITIES
PRESSURE: 3370000 2221.71 82.051 283.866 82.0513 -2290.18 345.637 283.866 345.639 319.422
GPRESSURE: 3370000 2267.99 107.577 194.479 225.745 -2276.34 378.295 382.926 336.767 257.934
PRESSAVG: 3370000 2046.9 -21.1585 8.65833 -21.1585 -1839.58 -26.181 8.65833 -26.181 133.42
GPRESSAVG: 3370000 2039.07 -15.4861 7.42901 3.80084 -1842.58 -12.4025 -12.7249 -32.0035 144.214
TIMING: 3370000  CPU: 3030.68, 0.000898269/step  Wall: 3031.17, 0.000898293/step, 384.73 ns/days, 0.406727 hours remaining, 0.000000 MB of memory in use.
PERFORMANCE: 3370000  averaging 384.235 ns/day, 0.00089945 sec/step with standard deviation 1.78388e-06
ENERGY: 3370000        26.2253        56.5911        51.2188         1.1141         -52669.5136    -85051.5752         0.0000         0.0000     10782.9982        -126802.9413       298.1047   -137585.9395   -126795.4564       298.0905             83.6501        83.1966    185022.1514       113.5808       113.5684

WRITING EXTENDED SYSTEM TO RESTART FILE AT STEP 3370000
WRITING COORDINATES TO DCD FILE ../output/02_eq_3_CLKWW.0.dcd AT STEP 3370000
WRITING COORDINATES TO RESTART FILE AT STEP 3370000
FINISHED WRITING RESTART COORDINATES
WRITING VELOCITIES TO RESTART FILE AT STEP 3370000
FINISHED WRITING RESTART VELOCITIES
PRESSURE: 3380000 1856.72 154.311 310.53 154.309 -1728.81 133.533 310.529 133.534 767.224
GPRESSURE: 3380000 1770.53 -35.9927 251.092 320.315 -1669.52 49.6754 316.265 286.749 802.693
PRESSAVG: 3380000 2020.74 -12.1068 -1.32262 -12.1068 -1842.73 -14.5022 -1.32262 -14.5022 198.228
GPRESSAVG: 3380000 2010.81 -13.7505 -4.06302 23.8545 -1845.46 -5.59397 -17.3803 -8.83739 211.719
TIMING: 3380000  CPU: 3039.65, 0.000896534/step  Wall: 3040.14, 0.000896673/step, 385.425 ns/days, 0.403503 hours remaining, 0.000000 MB of memory in use.
PERFORMANCE: 3380000  averaging 384.238 ns/day, 0.000899442 sec/step with standard deviation 1.78763e-06
ENERGY: 3380000        29.4576        47.9393        45.5763         1.0959         -52303.8086    -85274.3497         0.0000         0.0000     10934.7764        -126519.3127       302.3008   -137454.0891   -126774.8385       298.3457            298.3780       301.2317    184596.1507       125.4102       125.6907

WRITING EXTENDED SYSTEM TO RESTART FILE AT STEP 3380000
WRITING COORDINATES TO DCD FILE ../output/02_eq_3_CLKWW.0.dcd AT STEP 3380000
WRITING COORDINATES TO RESTART FILE AT STEP 3380000
FINISHED WRITING RESTART COORDINATES
WRITING VELOCITIES TO RESTART FILE AT STEP 3380000
FINISHED WRITING RESTART VELOCITIES
PRESSURE: 3390000 1561.47 -59.2242 -424.138 -59.2242 -2300.93 16.5252 -424.138 16.5233 4.52096
GPRESSURE: 3390000 1541.07 26.3108 -444.408 -33.6807 -2328.2 -12.6585 -379.368 -10.0642 46.6347
PRESSAVG: 3390000 1998.59 -20.995 -24.1035 -20.995 -1880.3 -12.9638 -24.1035 -12.9638 203.36
GPRESSAVG: 3390000 1986.89 -13.6886 -29.2706 8.97563 -1884.79 -4.08288 -40.8249 -8.9505 219.569
TIMING: 3390000  CPU: 3048.62, 0.000897135/step  Wall: 3049.11, 0.000897288/step, 385.161 ns/days, 0.401287 hours remaining, 0.000000 MB of memory in use.
PERFORMANCE: 3390000  averaging 384.241 ns/day, 0.000899436 sec/step with standard deviation 1.78881e-06
ENERGY: 3390000        17.5904        61.7312        44.3464         3.1513         -52361.3930    -85297.0720         0.0000         0.0000     10672.7338        -126858.9119       295.0564   -137531.6457   -126776.7569       298.3446           -244.9797      -246.8314    184459.9162       107.2176       107.2225

WRITING EXTENDED SYSTEM TO RESTART FILE AT STEP 3390000
WRITING COORDINATES TO DCD FILE ../output/02_eq_3_CLKWW.0.dcd AT STEP 3390000
WRITING COORDINATES TO RESTART FILE AT STEP 3390000
FINISHED WRITING RESTART COORDINATES
WRITING VELOCITIES TO RESTART FILE AT STEP 3390000
FINISHED WRITING RESTART VELOCITIES
PRESSURE: 3400000 2013.47 -202.255 -158.562 -202.257 -1881.59 68.1758 -158.561 68.1751 131.314
GPRESSURE: 3400000 2014.94 -162.32 22.3757 -289.617 -1879.41 -91.6249 -236.065 193.609 115.513
PRESSAVG: 3400000 2003.76 -37.009 -34.622 -37.009 -1902.79 2.80354 -34.622 2.80354 227.564
GPRESSAVG: 3400000 1991.24 -30.6454 -29.808 -11.1102 -1906.05 1.73796 -53.3571 18.7856 242.473
TIMING: 3400000  CPU: 3057.61, 0.00089906/step  Wall: 3058.1, 0.000899185/step, 384.348 ns/days, 0.399638 hours remaining, 0.000000 MB of memory in use.
PERFORMANCE: 3400000  averaging 384.241 ns/day, 0.000899435 sec/step with standard deviation 1.78623e-06
ETITLE:      TS           BOND          ANGLE          DIHED          IMPRP               ELECT            VDW       BOUNDARY           MISC        KINETIC               TOTAL           TEMP      POTENTIAL       TOTALAVG        TEMPAVG            PRESSURE      GPRESSURE         VOLUME       PRESSAVG      GPRESSAVG

ENERGY: 3400000        20.7595        61.6379        40.3137         0.9489         -52277.2763    -85294.2003         0.0000         0.0000     10746.6193        -126701.1973       297.0990   -137447.8166   -126771.5222       298.3387             87.7296        83.6816    185175.2356       109.5108       109.2206

WRITING EXTENDED SYSTEM TO RESTART FILE AT STEP 3400000
WRITING COORDINATES TO DCD FILE ../output/02_eq_3_CLKWW.0.dcd AT STEP 3400000
WRITING COORDINATES TO RESTART FILE AT STEP 3400000
FINISHED WRITING RESTART COORDINATES
WRITING VELOCITIES TO RESTART FILE AT STEP 3400000
FINISHED WRITING RESTART VELOCITIES
PRESSURE: 3410000 1712.58 -145.426 -369.787 -145.426 -1272.76 -300.979 -369.787 -300.978 -957.88
GPRESSURE: 3410000 1659.65 -72.3692 -312.984 -276.915 -1335.3 -431.893 -532.8 -361.359 -860.238
PRESSAVG: 3410000 1988.46 -36.4867 -54.5676 -36.4867 -1880.94 -17.8867 -54.5676 -17.8867 163.434
GPRESSAVG: 3410000 1971.45 -22.1219 -46.6494 -20.2332 -1885.85 -30.8129 -77.2104 0.793458 183.895
TIMING: 3410000  CPU: 3066.59, 0.000898304/step  Wall: 3067.09, 0.000898475/step, 384.652 ns/days, 0.396827 hours remaining, 0.000000 MB of memory in use.
PERFORMANCE: 3410000  averaging 384.242 ns/day, 0.000899432 sec/step with standard deviation 1.78435e-06
ENERGY: 3410000        23.9529        60.1111        43.0414         1.7143         -52078.2687    -85433.1186         0.0000         0.0000     10740.5608        -126642.0068       296.9315   -137382.5675   -126769.0980       298.2325           -172.6845      -178.6289    185618.0292        90.3191        89.8319

WRITING EXTENDED SYSTEM TO RESTART FILE AT STEP 3410000
WRITING COORDINATES TO DCD FILE ../output/02_eq_3_CLKWW.0.dcd AT STEP 3410000
WRITING COORDINATES TO RESTART FILE AT STEP 3410000
FINISHED WRITING RESTART COORDINATES
WRITING VELOCITIES TO RESTART FILE AT STEP 3410000
FINISHED WRITING RESTART VELOCITIES
PRESSURE: 3420000 2280 -101.225 38.7422 -101.222 -2217.55 67.0224 38.7399 67.0224 507.041
GPRESSURE: 3420000 2385.39 -111.26 86.4347 -46.7114 -2315.33 78.7425 34.1607 -10.8319 479.507
PRESSAVG: 3420000 1979.35 -45.5155 -71.1564 -45.5155 -1923.88 -22.9536 -71.1564 -22.9536 145.949
GPRESSAVG: 3420000 1964.91 -28.9115 -56.9932 -26.6828 -1933.93 -33.376 -94.4355 -10.0504 167.859
TIMING: 3420000  CPU: 3075.59, 0.000899551/step  Wall: 3076.08, 0.000899622/step, 384.162 ns/days, 0.394834 hours remaining, 0.000000 MB of memory in use.
PERFORMANCE: 3420000  averaging 384.242 ns/day, 0.000899433 sec/step with standard deviation 1.78176e-06
ENERGY: 3420000        20.1554        59.1759        38.8108         1.8267         -52505.4971    -85144.6937         0.0000         0.0000     10783.7539        -126746.4681       298.1256   -137530.2221   -126759.9697       298.1442            189.8327       183.1908    184709.0186        67.1382        66.2809

WRITING EXTENDED SYSTEM TO RESTART FILE AT STEP 3420000
WRITING COORDINATES TO DCD FILE ../output/02_eq_3_CLKWW.0.dcd AT STEP 3420000
WRITING COORDINATES TO RESTART FILE AT STEP 3420000
FINISHED WRITING RESTART COORDINATES
WRITING VELOCITIES TO RESTART FILE AT STEP 3420000
FINISHED WRITING RESTART VELOCITIES
PRESSURE: 3430000 2320.63 148.036 42.1537 148.035 -2008.27 46.2583 42.155 46.2556 -363.318
GPRESSURE: 3430000 2398.78 155.125 130.72 147.552 -2049.74 119.961 75.458 149.975 -384.959
PRESSAVG: 3430000 1960.54 -38.0349 -62.3227 -38.0349 -1948.03 -16.0533 -62.3227 -16.0533 111.02
GPRESSAVG: 3430000 1949.74 -22.165 -38.1796 -22.4932 -1958 -25.7668 -88.5564 0.548352 130.161
TIMING: 3430000  CPU: 3084.59, 0.000900043/step  Wall: 3085.08, 0.000900205/step, 383.912 ns/days, 0.39259 hours remaining, 0.000000 MB of memory in use.
PERFORMANCE: 3430000  averaging 384.241 ns/day, 0.000899435 sec/step with standard deviation 1.77965e-06
ENERGY: 3430000        24.1252        55.4277        45.7201         1.2042         -52556.1232    -85244.4728         0.0000         0.0000     10804.4064        -126869.7124       298.6966   -137674.1188   -126761.9983       298.1973            -16.9882       -11.9723    184523.9724        41.1747        40.6332

WRITING EXTENDED SYSTEM TO RESTART FILE AT STEP 3430000
WRITING COORDINATES TO DCD FILE ../output/02_eq_3_CLKWW.0.dcd AT STEP 3430000
WRITING COORDINATES TO RESTART FILE AT STEP 3430000
FINISHED WRITING RESTART COORDINATES
WRITING VELOCITIES TO RESTART FILE AT STEP 3430000
FINISHED WRITING RESTART VELOCITIES
PRESSURE: 3440000 2218.49 197.338 25.0036 197.334 -1959.15 -80.5394 25.0039 -80.5405 -651.999
GPRESSURE: 3440000 2261.31 157.661 102.85 260.105 -2009.62 -22.1932 10.1838 -149.728 -638.948
PRESSAVG: 3440000 1968.33 -8.42715 -56.744 -8.42715 -1952.37 -17.8917 -56.744 -17.8917 53.7168
GPRESSAVG: 3440000 1957.32 9.42571 -35.8588 5.34121 -1964.37 -25.9687 -83.4683 -9.22168 75.2804
TIMING: 3440000  CPU: 3093.6, 0.000900495/step  Wall: 3094.09, 0.000900498/step, 383.788 ns/days, 0.390216 hours remaining, 0.000000 MB of memory in use.
PERFORMANCE: 3440000  averaging 384.24 ns/day, 0.000899438 sec/step with standard deviation 1.77797e-06
ENERGY: 3440000        28.0059        69.4376        41.5213         1.1299         -52005.1691    -85413.6362         0.0000         0.0000     10741.6626        -126537.0479       296.9620   -137278.7105   -126752.3065       298.0729           -130.8865      -129.0851    183898.5165        23.2240        22.7421

WRITING EXTENDED SYSTEM TO RESTART FILE AT STEP 3440000
WRITING COORDINATES TO DCD FILE ../output/02_eq_3_CLKWW.0.dcd AT STEP 3440000
WRITING COORDINATES TO RESTART FILE AT STEP 3440000
FINISHED WRITING RESTART COORDINATES
WRITING VELOCITIES TO RESTART FILE AT STEP 3440000
FINISHED WRITING RESTART VELOCITIES
PRESSURE: 3450000 1596.27 76.8954 -89.3364 76.8958 -2389.52 -95.5989 -89.3373 -95.5992 -577.707
GPRESSURE: 3450000 1504.52 -39.1027 -125.084 75.048 -2306.42 -202.596 -104.314 -9.53502 -579.932
PRESSAVG: 3450000 1963.83 -7.90171 -69.2267 -7.90171 -1946.07 -20.9554 -69.2267 -20.9554 41.0007
GPRESSAVG: 3450000 1950.78 4.56432 -49.6037 8.07657 -1954.19 -34.3036 -90.3878 -9.45009 60.334
TIMING: 3450000  CPU: 3102.61, 0.000901244/step  Wall: 3103.1, 0.000901347/step, 383.426 ns/days, 0.38808 hours remaining, 0.000000 MB of memory in use.
PERFORMANCE: 3450000  averaging 384.237 ns/day, 0.000899444 sec/step with standard deviation 1.77836e-06
ENERGY: 3450000        26.5584        58.4184        42.0657         1.0252         -52415.7352    -85368.6648         0.0000         0.0000     10877.4780        -126778.8544       300.7167   -137656.3324   -126748.7860       298.1365           -456.9868      -460.6093    184421.6326        19.5881        18.9751

WRITING EXTENDED SYSTEM TO RESTART FILE AT STEP 3450000
WRITING COORDINATES TO DCD FILE ../output/02_eq_3_CLKWW.0.dcd AT STEP 3450000
WRITING COORDINATES TO RESTART FILE AT STEP 3450000
FINISHED WRITING RESTART COORDINATES
WRITING VELOCITIES TO RESTART FILE AT STEP 3450000
FINISHED WRITING RESTART VELOCITIES
PRESSURE: 3460000 1586.45 79.3601 -114.324 79.3603 -1650.91 -86.5256 -114.324 -86.5252 -327.693
GPRESSURE: 3460000 1501.43 -12.7043 -182.897 32.4189 -1568.27 -59.4408 -103.086 -161.765 -319.101
PRESSAVG: 3460000 1935.38 -6.1092 -57.8865 -6.1092 -1947.11 -23.9157 -57.8865 -23.9157 9.52871
GPRESSAVG: 3460000 1918.55 -2.05149 -39.4147 11.7593 -1952.43 -35.1399 -81.507 -17.109 29.9288
TIMING: 3460000  CPU: 3111.62, 0.00090101/step  Wall: 3112.11, 0.000901214/step, 383.483 ns/days, 0.385519 hours remaining, 0.000000 MB of memory in use.
PERFORMANCE: 3460000  averaging 384.235 ns/day, 0.000899449 sec/step with standard deviation 1.77833e-06
ENERGY: 3460000        22.2350        52.3102        44.6574         0.5743         -52746.7077    -85218.4348         0.0000         0.0000     10691.8375        -127153.5281       295.5845   -137845.3656   -126763.5783       298.1266           -130.7177      -128.6494    184589.2408        -0.7338        -1.3189

WRITING EXTENDED SYSTEM TO RESTART FILE AT STEP 3460000
WRITING COORDINATES TO DCD FILE ../output/02_eq_3_CLKWW.0.dcd AT STEP 3460000
WRITING COORDINATES TO RESTART FILE AT STEP 3460000
FINISHED WRITING RESTART COORDINATES
WRITING VELOCITIES TO RESTART FILE AT STEP 3460000
FINISHED WRITING RESTART VELOCITIES
PRESSURE: 3470000 1892.53 -332.037 -109.128 -332.037 -1839.01 368.678 -109.131 368.675 -439.91
GPRESSURE: 3470000 1849.79 -263.448 -83.0016 -370.877 -1811.63 354.158 -109.086 363.914 -421.955
PRESSAVG: 3470000 1932.02 -35.047 -71.6355 -35.047 -1924.83 -12.044 -71.6355 -12.044 -2.813
GPRESSAVG: 3470000 1914.25 -30.2728 -51.9762 -20.1101 -1927.43 -26.2336 -93.5783 -7.35244 15.6412
TIMING: 3470000  CPU: 3120.63, 0.00090074/step  Wall: 3121.12, 0.000900918/step, 383.609 ns/days, 0.38289 hours remaining, 0.000000 MB of memory in use.
PERFORMANCE: 3470000  averaging 384.234 ns/day, 0.000899453 sec/step with standard deviation 1.77751e-06
ENERGY: 3470000        15.9392        60.6212        45.3842         1.4556         -52256.6387    -85301.5225         0.0000         0.0000     10743.1052        -126691.6559       297.0019   -137434.7611   -126751.7501       298.1685           -128.7966      -127.9321    185729.1776         1.4584         0.8224

WRITING EXTENDED SYSTEM TO RESTART FILE AT STEP 3470000
WRITING COORDINATES TO DCD FILE ../output/02_eq_3_CLKWW.0.dcd AT STEP 3470000
WRITING COORDINATES TO RESTART FILE AT STEP 3470000
FINISHED WRITING RESTART COORDINATES
WRITING VELOCITIES TO RESTART FILE AT STEP 3470000
FINISHED WRITING RESTART VELOCITIES
PRESSURE: 3480000 1918.28 -245.009 -53.8914 -245.008 -1560.69 0.608239 -53.8909 0.608615 37.1276
GPRESSURE: 3480000 1897.41 -241.284 -130.737 -276.532 -1590.28 -157.684 21.5513 80.6042 89.8807
PRESSAVG: 3480000 1914.07 -31.4345 -57.2973 -31.4345 -1939.49 -6.96427 -57.2973 -6.96427 4.80119
GPRESSAVG: 3480000 1895.15 -20.8125 -46.6491 -25.7875 -1943.25 -21.6866 -66.6994 -1.90757 25.6817
TIMING: 3480000  CPU: 3129.65, 0.000902306/step  Wall: 3130.15, 0.000902466/step, 382.951 ns/days, 0.381041 hours remaining, 0.000000 MB of memory in use.
PERFORMANCE: 3480000  averaging 384.23 ns/day, 0.000899462 sec/step with standard deviation 1.78228e-06
ENERGY: 3480000        19.5884        55.0129        42.0965         3.9403         -52525.9971    -85070.4552         0.0000         0.0000     10769.9518        -126705.8625       297.7441   -137475.8142   -126727.6966       298.3436            131.5744       132.3358    184864.2488        -6.8718        -7.4735

WRITING EXTENDED SYSTEM TO RESTART FILE AT STEP 3480000
WRITING COORDINATES TO DCD FILE ../output/02_eq_3_CLKWW.0.dcd AT STEP 3480000
WRITING COORDINATES TO RESTART FILE AT STEP 3480000
FINISHED WRITING RESTART COORDINATES
WRITING VELOCITIES TO RESTART FILE AT STEP 3480000
FINISHED WRITING RESTART VELOCITIES
PRESSURE: 3490000 1852.64 12.0435 -403.713 12.0464 -2289.01 132.507 -403.714 132.507 -33.6772
GPRESSURE: 3490000 1814.35 -63.5193 -445.722 59.6975 -2253.71 110.618 -310.926 169.404 -39.0051
PRESSAVG: 3490000 1923.3 -17.8546 -64.8011 -17.8546 -1953.71 -2.24906 -64.8011 -2.24906 -3.51111
GPRESSAVG: 3490000 1906.51 -11.4271 -55.2631 -19.4675 -1956.53 -16.0246 -65.6201 7.47162 14.2375
TIMING: 3490000  CPU: 3138.64, 0.000899149/step  Wall: 3139.14, 0.000899305/step, 384.297 ns/days, 0.377208 hours remaining, 0.000000 MB of memory in use.
PERFORMANCE: 3490000  averaging 384.23 ns/day, 0.000899461 sec/step with standard deviation 1.77973e-06
ENERGY: 3490000        19.2765        77.1371        43.9679         2.0223         -52544.6350    -85185.1948         0.0000         0.0000     10753.7363        -126833.6896       297.2958   -137587.4260   -126737.7982       298.1963           -156.6812      -159.4556    184482.3084       -11.3057       -11.9262

WRITING EXTENDED SYSTEM TO RESTART FILE AT STEP 3490000
WRITING COORDINATES TO DCD FILE ../output/02_eq_3_CLKWW.0.dcd AT STEP 3490000
WRITING COORDINATES TO RESTART FILE AT STEP 3490000
FINISHED WRITING RESTART COORDINATES
WRITING VELOCITIES TO RESTART FILE AT STEP 3490000
FINISHED WRITING RESTART VELOCITIES
PRESSURE: 3500000 959.138 -173.16 87.2076 -173.158 -2246.7 -368.209 87.2068 -368.209 -702.497
GPRESSURE: 3500000 1055.06 -148.308 200.204 -135.103 -2337.93 -458.027 83.7298 -388.341 -694.277
PRESSAVG: 3500000 1853.49 -13.4013 -51.2577 -13.4013 -1982.9 -28.3831 -51.2577 -28.3831 -54.0204
GPRESSAVG: 3500000 1844.95 -11.4082 -37.1457 -10.9588 -1991.99 -48.1867 -53.67 -22.4228 -37.6064
TIMING: 3500000  CPU: 3147.65, 0.000901279/step  Wall: 3148.15, 0.000901297/step, 383.448 ns/days, 0.37554 hours remaining, 0.000000 MB of memory in use.
PERFORMANCE: 3500000  averaging 384.228 ns/day, 0.000899467 sec/step with standard deviation 1.77989e-06
ETITLE:      TS           BOND          ANGLE          DIHED          IMPRP               ELECT            VDW       BOUNDARY           MISC        KINETIC               TOTAL           TEMP      POTENTIAL       TOTALAVG        TEMPAVG            PRESSURE      GPRESSURE         VOLUME       PRESSAVG      GPRESSAVG

ENERGY: 3500000        18.5527        57.2642        43.4013         1.8355         -52192.7622    -85454.1629         0.0000         0.0000     10797.8989        -126727.9725       298.5167   -137525.8714   -126734.9802       298.1572           -663.3539      -659.0477    185592.4948       -61.1436       -61.5490

WRITING EXTENDED SYSTEM TO RESTART FILE AT STEP 3500000
WRITING COORDINATES TO DCD FILE ../output/02_eq_3_CLKWW.0.dcd AT STEP 3500000
WRITING COORDINATES TO RESTART FILE AT STEP 3500000
FINISHED WRITING RESTART COORDINATES
WRITING VELOCITIES TO RESTART FILE AT STEP 3500000
FINISHED WRITING RESTART VELOCITIES
PRESSURE: 3510000 1157.72 -40.0943 -48.5528 -40.0938 -2525.05 91.3744 -48.5554 91.3731 -316.01
GPRESSURE: 3510000 1177.4 -96.2556 -96.8782 74.6221 -2482.69 212.514 -76.1303 -104.857 -379.227
PRESSAVG: 3510000 1789.81 -20.4147 -50.4252 -20.4147 -2033.34 -35.162 -50.4252 -35.162 -67.1446
GPRESSAVG: 3510000 1783.98 -16.9075 -43.7885 -15.0521 -2040.7 -47.0877 -49.3322 -38.3972 -55.3411
TIMING: 3510000  CPU: 3156.66, 0.000901008/step  Wall: 3157.17, 0.000901192/step, 383.492 ns/days, 0.372993 hours remaining, 0.000000 MB of memory in use.
PERFORMANCE: 3510000  averaging 384.226 ns/day, 0.000899471 sec/step with standard deviation 1.77973e-06
ENERGY: 3510000        24.3294        62.3338        43.8874         2.3483         -52112.5030    -85362.0838         0.0000         0.0000     10761.8555        -126579.8323       297.5202   -137341.6879   -126732.0311       298.0430           -561.1144      -561.5066    185880.8521      -103.5570      -104.0215

WRITING EXTENDED SYSTEM TO RESTART FILE AT STEP 3510000
WRITING COORDINATES TO DCD FILE ../output/02_eq_3_CLKWW.0.dcd AT STEP 3510000
WRITING COORDINATES TO RESTART FILE AT STEP 3510000
FINISHED WRITING RESTART COORDINATES
WRITING VELOCITIES TO RESTART FILE AT STEP 3510000
FINISHED WRITING RESTART VELOCITIES
PRESSURE: 3520000 1949.71 -1.89857 156.112 -1.89874 -1859.35 52.339 156.11 52.3384 371
GPRESSURE: 3520000 1893.74 -12.1409 197.423 -9.7985 -1812.68 66.0117 39.887 28.8777 375.843
PRESSAVG: 3520000 1793.45 -11.653 -42.5182 -11.653 -2031.36 -41.1978 -42.5182 -41.1978 -77.941
GPRESSAVG: 3520000 1785.43 -16.5452 -36.7411 -1.17319 -2037.83 -57.7722 -48.0184 -45.573 -65.3077
TIMING: 3520000  CPU: 3165.66, 0.000899446/step  Wall: 3166.16, 0.000899578/step, 384.18 ns/days, 0.369826 hours remaining, 0.000000 MB of memory in use.
PERFORMANCE: 3520000  averaging 384.226 ns/day, 0.000899472 sec/step with standard deviation 1.7772e-06
ENERGY: 3520000        20.3306        55.2061        45.2469         4.8010         -52295.6212    -85295.6322         0.0000         0.0000     10885.7603        -126579.9086       300.9457   -137465.6689   -126718.8891       298.2866            153.7882       152.3001    184674.9450      -105.2819      -105.9052

WRITING EXTENDED SYSTEM TO RESTART FILE AT STEP 3520000
WRITING COORDINATES TO DCD FILE ../output/02_eq_3_CLKWW.0.dcd AT STEP 3520000
WRITING COORDINATES TO RESTART FILE AT STEP 3520000
FINISHED WRITING RESTART COORDINATES
WRITING VELOCITIES TO RESTART FILE AT STEP 3520000
FINISHED WRITING RESTART VELOCITIES
PRESSURE: 3530000 1873.39 30.23 -225.787 30.229 -1985.49 -174.944 -225.79 -174.945 -154.101
GPRESSURE: 3530000 1842.76 157.72 -204.837 -35.7538 -1995.93 -145.142 -221.193 -193.795 -121.668
PRESSAVG: 3530000 1819.13 -22.1506 -47.628 -22.1506 -2002.42 -43.1728 -47.628 -43.1728 -60.093
GPRESSAVG: 3530000 1812.17 -23.8992 -42.306 -13.6743 -2005.45 -59.6905 -47.267 -41.7318 -52.5162
TIMING: 3530000  CPU: 3174.64, 0.000898199/step  Wall: 3175.15, 0.000898423/step, 384.674 ns/days, 0.366856 hours remaining, 0.000000 MB of memory in use.
PERFORMANCE: 3530000  averaging 384.227 ns/day, 0.000899469 sec/step with standard deviation 1.77555e-06
ENERGY: 3530000        22.8346        69.8666        44.6957         0.8796         -52327.0000    -85335.8927         0.0000         0.0000     10671.8567        -126852.7595       295.0321   -137524.6162   -126715.6519       298.2791            -88.7343       -91.6118    185268.4214       -81.1280       -81.9322

WRITING EXTENDED SYSTEM TO RESTART FILE AT STEP 3530000
WRITING COORDINATES TO DCD FILE ../output/02_eq_3_CLKWW.0.dcd AT STEP 3530000
WRITING COORDINATES TO RESTART FILE AT STEP 3530000
FINISHED WRITING RESTART COORDINATES
WRITING VELOCITIES TO RESTART FILE AT STEP 3530000
FINISHED WRITING RESTART VELOCITIES
PRESSURE: 3540000 1834.39 -121.039 -156.732 -121.038 -1958.56 126.212 -156.732 126.213 -577.601
GPRESSURE: 3540000 1772.33 -115.172 -158.648 -141.682 -1931.98 194.15 -215.756 86.0881 -533.752
PRESSAVG: 3540000 1819.07 -28.5357 -54.0091 -28.5357 -1983.76 -31.2533 -54.0091 -31.2533 -78.2709
GPRESSAVG: 3540000 1810.75 -29.6335 -49.4605 -21.6636 -1985.3 -46.3753 -57.425 -30.3044 -70.0656
TIMING: 3540000  CPU: 3183.62, 0.000898031/step  Wall: 3184.13, 0.000898176/step, 384.78 ns/days, 0.36426 hours remaining, 0.000000 MB of memory in use.
PERFORMANCE: 3540000  averaging 384.228 ns/day, 0.000899465 sec/step with standard deviation 1.77436e-06
ENERGY: 3540000        27.4489        70.2379        41.2272         1.4172         -52136.9904    -85410.7477         0.0000         0.0000     10761.2593        -126646.1476       297.5037   -137407.4069   -126719.0299       298.0849           -233.9225      -231.1335    185287.6533       -80.9900       -81.5359

WRITING EXTENDED SYSTEM TO RESTART FILE AT STEP 3540000
WRITING COORDINATES TO DCD FILE ../output/02_eq_3_CLKWW.0.dcd AT STEP 3540000
WRITING COORDINATES TO RESTART FILE AT STEP 3540000
FINISHED WRITING RESTART COORDINATES
WRITING VELOCITIES TO RESTART FILE AT STEP 3540000
FINISHED WRITING RESTART VELOCITIES
PRESSURE: 3550000 1940.76 -75.378 -194.548 -75.3769 -1890.86 125.439 -194.549 125.438 -676.63
GPRESSURE: 3550000 1947.53 -64.0521 -133.553 -48.5729 -1934.31 106.239 -207.602 107.021 -623.678
PRESSAVG: 3550000 1846.77 -45.773 -71.388 -45.773 -1983.6 -10.7149 -71.388 -10.7149 -132.712
GPRESSAVG: 3550000 1835.93 -51.693 -58.7685 -35.0984 -1986.73 -30.2619 -80.3443 -5.52968 -119.278
TIMING: 3550000  CPU: 3192.61, 0.000899148/step  Wall: 3193.12, 0.000899318/step, 384.291 ns/days, 0.362225 hours remaining, 0.000000 MB of memory in use.
PERFORMANCE: 3550000  averaging 384.229 ns/day, 0.000899465 sec/step with standard deviation 1.77187e-06
ENERGY: 3550000        18.8773        54.4801        41.6449         1.9304         -52401.8584    -85251.6046         0.0000         0.0000     10846.5766        -126689.9536       299.8624   -137536.5302   -126728.0427       298.0020           -208.9111      -203.4864    185871.8829       -89.8455       -90.0265

WRITING EXTENDED SYSTEM TO RESTART FILE AT STEP 3550000
WRITING COORDINATES TO DCD FILE ../output/02_eq_3_CLKWW.0.dcd AT STEP 3550000
WRITING COORDINATES TO RESTART FILE AT STEP 3550000
FINISHED WRITING RESTART COORDINATES
WRITING VELOCITIES TO RESTART FILE AT STEP 3550000
FINISHED WRITING RESTART VELOCITIES
PRESSURE: 3560000 2115.03 48.728 135.613 48.7266 -1717.98 -412.444 135.613 -412.446 320.756
GPRESSURE: 3560000 2182.92 145.137 88.7968 -63.2814 -1699.1 -316.751 236.252 -321.458 233.754
PRESSAVG: 3560000 1843.07 -33.3876 -63.4643 -33.3876 -1978.62 2.75297 -63.4643 2.75297 -166.031
GPRESSAVG: 3560000 1836.95 -34.4199 -52.2187 -26.651 -1979.42 -11.3823 -64.7956 4.56367 -159.749
TIMING: 3560000  CPU: 3201.59, 0.000897645/step  Wall: 3202.1, 0.000897829/step, 384.929 ns/days, 0.359132 hours remaining, 0.000000 MB of memory in use.
PERFORMANCE: 3560000  averaging 384.23 ns/day, 0.00089946 sec/step with standard deviation 1.7715e-06
ENERGY: 3560000        28.5654        65.0547        46.7398         1.2835         -52541.9073    -85085.7009         0.0000         0.0000     10689.6835        -126796.2813       295.5250   -137485.9648   -126735.7022       297.8263            239.2672       239.1918    185614.9783      -100.5269      -100.7411

WRITING EXTENDED SYSTEM TO RESTART FILE AT STEP 3560000
WRITING COORDINATES TO DCD FILE ../output/02_eq_3_CLKWW.0.dcd AT STEP 3560000
WRITING COORDINATES TO RESTART FILE AT STEP 3560000
FINISHED WRITING RESTART COORDINATES
WRITING VELOCITIES TO RESTART FILE AT STEP 3560000
FINISHED WRITING RESTART VELOCITIES
PRESSURE: 3570000 1717.51 -24.7945 215.426 -24.7959 -2295.37 -300.302 215.43 -300.3 -522.663
GPRESSURE: 3570000 1672.25 -11.1663 281.774 -95.1456 -2282.39 -261.94 181.097 -406.927 -477.971
PRESSAVG: 3570000 1817.86 -38.73 -66.8861 -38.73 -1978.88 -29.544 -66.8861 -29.544 -208.135
GPRESSAVG: 3570000 1807.16 -40.3571 -47.854 -42.6955 -1979.72 -43.3941 -74.887 -32.6211 -196.544
TIMING: 3570000  CPU: 3210.58, 0.000899106/step  Wall: 3211.09, 0.000899248/step, 384.321 ns/days, 0.357201 hours remaining, 0.000000 MB of memory in use.
PERFORMANCE: 3570000  averaging 384.231 ns/day, 0.00089946 sec/step with standard deviation 1.76904e-06
ENERGY: 3570000        22.0165        58.8619        37.8305         1.6465         -52158.1859    -85245.7757         0.0000         0.0000     10616.3337        -126667.2727       293.4972   -137283.6063   -126728.9188       297.5959           -366.8410      -362.7038    186170.5627      -123.0514      -123.0361

WRITING EXTENDED SYSTEM TO RESTART FILE AT STEP 3570000
WRITING COORDINATES TO DCD FILE ../output/02_eq_3_CLKWW.0.dcd AT STEP 3570000
WRITING COORDINATES TO RESTART FILE AT STEP 3570000
FINISHED WRITING RESTART COORDINATES
WRITING VELOCITIES TO RESTART FILE AT STEP 3570000
FINISHED WRITING RESTART VELOCITIES
PRESSURE: 3580000 1948.67 82.0465 258.02 82.0458 -1726.99 24.0409 258.022 24.044 -97.0439
GPRESSURE: 3580000 2006.5 34.6067 317.404 91.5222 -1798.32 29.9704 185.287 10.5249 -91.1793
PRESSAVG: 3580000 1822.46 -42.3431 -69.5114 -42.3431 -1978.79 -35.0185 -69.5114 -35.0185 -251.348
GPRESSAVG: 3580000 1818.96 -36.8271 -44.5384 -54.1352 -1986.16 -44.3793 -81.4359 -46.4323 -241.238
TIMING: 3580000  CPU: 3219.61, 0.000902845/step  Wall: 3220.12, 0.000903044/step, 382.705 ns/days, 0.356201 hours remaining, 0.000000 MB of memory in use.
PERFORMANCE: 3580000  averaging 384.226 ns/day, 0.00089947 sec/step with standard deviation 1.7767e-06
ENERGY: 3580000        20.0900        56.7856        46.0550         1.1567         -52523.6315    -85311.0034         0.0000         0.0000     10750.2278        -126960.3197       297.1988   -137710.5475   -126750.9691       297.3408             41.5437        39.0005    183533.7728      -135.8931      -136.1477

WRITING EXTENDED SYSTEM TO RESTART FILE AT STEP 3580000
WRITING COORDINATES TO DCD FILE ../output/02_eq_3_CLKWW.0.dcd AT STEP 3580000
WRITING COORDINATES TO RESTART FILE AT STEP 3580000
FINISHED WRITING RESTART COORDINATES
WRITING VELOCITIES TO RESTART FILE AT STEP 3580000
FINISHED WRITING RESTART VELOCITIES
PRESSURE: 3590000 1649.42 -399.984 -264.681 -399.984 -2047.96 -81.1594 -264.682 -81.16 -161.77
GPRESSURE: 3590000 1644.56 -490.421 -372.007 -227.034 -2056.38 11.4211 -293.896 -85.387 -144.284
PRESSAVG: 3590000 1826.85 -59.3811 -61.5386 -59.3811 -1966.14 -39.9027 -61.5386 -39.9027 -259.663
GPRESSAVG: 3590000 1824.13 -62.6637 -40.9183 -63.8029 -1972.57 -43.1753 -77.1623 -50.1984 -250.784
TIMING: 3590000  CPU: 3228.6, 0.000899737/step  Wall: 3229.12, 0.000899861/step, 384.059 ns/days, 0.352446 hours remaining, 0.000000 MB of memory in use.
PERFORMANCE: 3590000  averaging 384.226 ns/day, 0.000899471 sec/step with standard deviation 1.77433e-06
ENERGY: 3590000        24.6358        62.1390        48.7694         1.6611         -52507.9684    -85105.7967         0.0000         0.0000     10819.9065        -126656.6535       299.1251   -137476.5600   -126740.8562       297.5442           -186.7719      -185.3672    184855.1631      -132.9827      -133.0745

WRITING EXTENDED SYSTEM TO RESTART FILE AT STEP 3590000
WRITING COORDINATES TO DCD FILE ../output/02_eq_3_CLKWW.0.dcd AT STEP 3590000
WRITING COORDINATES TO RESTART FILE AT STEP 3590000
FINISHED WRITING RESTART COORDINATES
WRITING VELOCITIES TO RESTART FILE AT STEP 3590000
FINISHED WRITING RESTART VELOCITIES
PRESSURE: 3600000 1852.52 -120.744 279.638 -120.746 -2070.41 -25.8166 279.637 -25.8177 -385.017
GPRESSURE: 3600000 1844.63 -102.441 254.936 -107.366 -2111.44 -42.7404 261.818 -152.253 -329.381
PRESSAVG: 3600000 1818.81 -55.3056 -39.6287 -55.3056 -1975.58 -44.6023 -39.6287 -44.6023 -285.479
GPRESSAVG: 3600000 1815.62 -59.6698 -29.2903 -54.6903 -1984.17 -40.7311 -52.2681 -67.4915 -273.029
TIMING: 3600000  CPU: 3237.6, 0.00089965/step  Wall: 3238.12, 0.000899881/step, 384.051 ns/days, 0.349954 hours remaining, 0.000000 MB of memory in use.
PERFORMANCE: 3600000  averaging 384.226 ns/day, 0.000899472 sec/step with standard deviation 1.77199e-06
ETITLE:      TS           BOND          ANGLE          DIHED          IMPRP               ELECT            VDW       BOUNDARY           MISC        KINETIC               TOTAL           TEMP      POTENTIAL       TOTALAVG        TEMPAVG            PRESSURE      GPRESSURE         VOLUME       PRESSAVG      GPRESSAVG

ENERGY: 3600000        30.4934        55.8199        47.7787         2.3402         -52122.3107    -85401.5113         0.0000         0.0000     10822.8786        -126564.5113       299.2073   -137387.3898   -126734.0219       297.6496           -200.9687      -198.7325    185131.8470      -147.4177      -147.1952

WRITING EXTENDED SYSTEM TO RESTART FILE AT STEP 3600000
WRITING COORDINATES TO DCD FILE ../output/02_eq_3_CLKWW.0.dcd AT STEP 3600000
WRITING COORDINATES TO RESTART FILE AT STEP 3600000
FINISHED WRITING RESTART COORDINATES
WRITING VELOCITIES TO RESTART FILE AT STEP 3600000
FINISHED WRITING RESTART VELOCITIES
PRESSURE: 3610000 2092.04 135.199 -10.5593 135.2 -1854.5 48.0072 -10.5603 48.0062 30.0133
GPRESSURE: 3610000 2134.66 185.286 13.2445 94.1555 -1843.04 48.1363 -43.5891 51.5994 -30.4972
PRESSAVG: 3610000 1837.78 -41.2743 -21.6674 -41.2743 -2004.67 -27.1531 -21.6674 -27.1531 -236.085
GPRESSAVG: 3610000 1839.37 -46.787 -12.9789 -36.1368 -2009.56 -16.7297 -27.8076 -46.8435 -231.542
TIMING: 3610000  CPU: 3246.66, 0.000906039/step  Wall: 3247.18, 0.000906177/step, 381.383 ns/days, 0.349885 hours remaining, 0.000000 MB of memory in use.
PERFORMANCE: 3610000  averaging 384.218 ns/day, 0.00089949 sec/step with standard deviation 1.80438e-06
ENERGY: 3610000        21.3676        57.2499        44.3624         1.5229         -52186.9351    -85319.3911         0.0000         0.0000     10792.4464        -126589.3769       298.3659   -137381.8234   -126731.3904       297.7214             89.1859        87.0413    185965.2355      -134.3241      -133.9117

WRITING EXTENDED SYSTEM TO RESTART FILE AT STEP 3610000
WRITING COORDINATES TO DCD FILE ../output/02_eq_3_CLKWW.0.dcd AT STEP 3610000
WRITING COORDINATES TO RESTART FILE AT STEP 3610000
FINISHED WRITING RESTART COORDINATES
WRITING VELOCITIES TO RESTART FILE AT STEP 3610000
FINISHED WRITING RESTART VELOCITIES
PRESSURE: 3620000 1479.88 -154.972 341.379 -154.972 -2422.23 295.058 341.378 295.057 -847.15
GPRESSURE: 3620000 1531.23 -131.302 327.559 -219.491 -2507.33 249.111 344.19 250.634 -819.977
PRESSAVG: 3620000 1797.77 -43.9618 -6.53547 -43.9618 -2014.9 -15.7513 -6.53547 -15.7513 -303.794
GPRESSAVG: 3620000 1796.66 -47.7891 -0.922679 -44.7758 -2019.16 -8.21121 -12.3061 -33.7703 -296.516
TIMING: 3620000  CPU: 3255.67, 0.000900741/step  Wall: 3256.19, 0.000900922/step, 383.607 ns/days, 0.345353 hours remaining, 0.000000 MB of memory in use.
PERFORMANCE: 3620000  averaging 384.216 ns/day, 0.000899494 sec/step with standard deviation 1.80345e-06
ENERGY: 3620000        28.0033        58.6738        48.0119         2.7342         -52248.5430    -85429.1952         0.0000         0.0000     10878.5629        -126661.7521       300.7467   -137540.3150   -126727.1546       297.8524           -596.5014      -598.6921    184315.7425      -173.6408      -173.0058

WRITING EXTENDED SYSTEM TO RESTART FILE AT STEP 3620000
WRITING COORDINATES TO DCD FILE ../output/02_eq_3_CLKWW.0.dcd AT STEP 3620000
WRITING COORDINATES TO RESTART FILE AT STEP 3620000
FINISHED WRITING RESTART COORDINATES
WRITING VELOCITIES TO RESTART FILE AT STEP 3620000
FINISHED WRITING RESTART VELOCITIES
PRESSURE: 3630000 1282.23 -353.15 -298.451 -353.15 -3034.7 1.67823 -298.45 1.67727 -359.118
GPRESSURE: 3630000 1263.43 -354.107 -201.462 -328.999 -3016.68 71.0409 -478 49.889 -346.582
PRESSAVG: 3630000 1745.85 -69.0211 -23.5657 -69.0211 -2066.22 -17.9803 -23.5657 -17.9803 -303.584
GPRESSAVG: 3630000 1739.89 -73.2508 -17.5318 -68.6033 -2067.51 -10.6572 -39.979 -38.7746 -294.597
TIMING: 3630000  CPU: 3264.67, 0.000899746/step  Wall: 3265.19, 0.000899909/step, 384.039 ns/days, 0.342466 hours remaining, 0.000000 MB of memory in use.
PERFORMANCE: 3630000  averaging 384.215 ns/day, 0.000899495 sec/step with standard deviation 1.80108e-06
ENERGY: 3630000        27.2565        57.0144        49.0887         2.8104         -52463.6632    -85334.3235         0.0000         0.0000     10811.8999        -126849.9168       298.9038   -137661.8168   -126726.1648       297.8628           -703.8615      -699.9458    185164.8202      -207.9845      -207.4045

WRITING EXTENDED SYSTEM TO RESTART FILE AT STEP 3630000
WRITING COORDINATES TO DCD FILE ../output/02_eq_3_CLKWW.0.dcd AT STEP 3630000
WRITING COORDINATES TO RESTART FILE AT STEP 3630000
FINISHED WRITING RESTART COORDINATES
WRITING VELOCITIES TO RESTART FILE AT STEP 3630000
FINISHED WRITING RESTART VELOCITIES
PRESSURE: 3640000 2275.16 32.0738 214.037 32.0758 -2085.72 461.319 214.04 461.318 -335.048
GPRESSURE: 3640000 2301.27 63.2848 325.181 -24.1018 -2074.93 396.324 260.24 510.868 -361.735
PRESSAVG: 3640000 1748.69 -77.284 -14.1139 -77.284 -2072.55 9.11268 -14.1139 9.11268 -287.737
GPRESSAVG: 3640000 1741.89 -77.9695 -6.41522 -82.8137 -2070.77 10.2686 -27.4762 -5.74476 -280.736
TIMING: 3640000  CPU: 3273.66, 0.000899641/step  Wall: 3274.19, 0.000899735/step, 384.113 ns/days, 0.3399 hours remaining, 0.000000 MB of memory in use.
PERFORMANCE: 3640000  averaging 384.215 ns/day, 0.000899496 sec/step with standard deviation 1.79865e-06
ENERGY: 3640000        19.0250        62.7239        49.9642         2.7817         -52506.8304    -85283.5075         0.0000         0.0000     10705.8945        -126949.9485       295.9731   -137655.8430   -126746.8099       297.8133            -48.5372       -45.1309    185386.2053      -203.8670      -203.2068

WRITING EXTENDED SYSTEM TO RESTART FILE AT STEP 3640000
WRITING COORDINATES TO DCD FILE ../output/02_eq_3_CLKWW.0.dcd AT STEP 3640000
WRITING COORDINATES TO RESTART FILE AT STEP 3640000
FINISHED WRITING RESTART COORDINATES
WRITING VELOCITIES TO RESTART FILE AT STEP 3640000
FINISHED WRITING RESTART VELOCITIES
PRESSURE: 3650000 2147.15 -127.238 137.241 -127.236 -1571.49 81.279 137.242 81.2791 778.319
GPRESSURE: 3650000 2111.41 -70.9258 61.8269 -61.2853 -1561.99 31.0121 223.275 113.693 794.297
PRESSAVG: 3650000 1776.23 -87.4906 -2.78492 -87.4906 -2031.65 17.9566 -2.78492 17.9566 -219.936
GPRESSAVG: 3650000 1772.23 -79.5607 2.93034 -89.6303 -2033.55 21.949 -11.0968 0.416649 -212.025
TIMING: 3650000  CPU: 3282.64, 0.000897553/step  Wall: 3283.16, 0.000897703/step, 384.982 ns/days, 0.336639 hours remaining, 0.000000 MB of memory in use.
PERFORMANCE: 3650000  averaging 384.217 ns/day, 0.000899491 sec/step with standard deviation 1.79862e-06
ENERGY: 3650000        26.4142        57.8024        39.7866         2.2182         -52619.3356    -85178.5631         0.0000         0.0000     10769.6332        -126902.0440       297.7353   -137671.6771   -126752.9694       297.6643            451.3261       447.9056    183734.7522      -158.4514      -157.7810

WRITING EXTENDED SYSTEM TO RESTART FILE AT STEP 3650000
WRITING COORDINATES TO DCD FILE ../output/02_eq_3_CLKWW.0.dcd AT STEP 3650000
WRITING COORDINATES TO RESTART FILE AT STEP 3650000
FINISHED WRITING RESTART COORDINATES
WRITING VELOCITIES TO RESTART FILE AT STEP 3650000
FINISHED WRITING RESTART VELOCITIES
PRESSURE: 3660000 1746.9 223.279 -108.29 223.278 -1938.14 -22.5885 -108.292 -22.5888 -806.898
GPRESSURE: 3660000 1742.76 157.729 -138.405 266.93 -1944.78 -169.111 -20.7145 -50.051 -789.611
PRESSAVG: 3660000 1784.25 -80.2947 -2.48333 -80.2947 -2046.01 21.1534 -2.48333 21.1534 -243.896
GPRESSAVG: 3660000 1784.3 -71.0391 5.15494 -77.9048 -2052.38 16.4655 -6.9782 6.00237 -235.55
TIMING: 3660000  CPU: 3291.62, 0.000897745/step  Wall: 3292.14, 0.000897958/step, 384.873 ns/days, 0.33424 hours remaining, 0.000000 MB of memory in use.
PERFORMANCE: 3660000  averaging 384.219 ns/day, 0.000899487 sec/step with standard deviation 1.79794e-06
ENERGY: 3660000        20.9793        47.2844        41.4914         0.7277         -52137.7380    -85481.9063         0.0000         0.0000     10673.3000        -126835.8616       295.0720   -137509.1616   -126737.0860       297.6386           -332.7131      -330.5433    184698.6299      -168.5512      -167.8757

WRITING EXTENDED SYSTEM TO RESTART FILE AT STEP 3660000
WRITING COORDINATES TO DCD FILE ../output/02_eq_3_CLKWW.0.dcd AT STEP 3660000
WRITING COORDINATES TO RESTART FILE AT STEP 3660000
FINISHED WRITING RESTART COORDINATES
WRITING VELOCITIES TO RESTART FILE AT STEP 3660000
FINISHED WRITING RESTART VELOCITIES
PRESSURE: 3670000 1666.9 120.133 -2.32049 120.132 -2137.8 -395.818 -2.32071 -395.819 -208.673
GPRESSURE: 3670000 1675.75 22.7356 -12.4964 221.614 -2146.31 -357.456 131.559 -378.385 -213.732
PRESSAVG: 3670000 1772.97 -57.6862 2.85717 -57.6862 -2060.95 -17.0713 2.85717 -17.0713 -232.334
GPRESSAVG: 3670000 1775.6 -56.7298 8.6802 -48.2802 -2069.11 -19.1152 5.05401 -31.1126 -225.139
TIMING: 3670000  CPU: 3300.63, 0.000901526/step  Wall: 3301.16, 0.000901646/step, 383.299 ns/days, 0.333108 hours remaining, 0.000000 MB of memory in use.
PERFORMANCE: 3670000  averaging 384.217 ns/day, 0.000899493 sec/step with standard deviation 1.79902e-06
ENERGY: 3670000        20.1299        60.3267        45.1352         6.1193         -52305.2747    -85417.8666         0.0000         0.0000     10775.7136        -126815.7167       297.9034   -137591.4302   -126743.2891       297.6837           -226.5250      -228.0984    184764.3480      -173.4376      -172.8840

WRITING EXTENDED SYSTEM TO RESTART FILE AT STEP 3670000
WRITING COORDINATES TO DCD FILE ../output/02_eq_3_CLKWW.0.dcd AT STEP 3670000
WRITING COORDINATES TO RESTART FILE AT STEP 3670000
FINISHED WRITING RESTART COORDINATES
WRITING VELOCITIES TO RESTART FILE AT STEP 3670000
FINISHED WRITING RESTART VELOCITIES
PRESSURE: 3680000 2126.47 -224.455 292.537 -224.456 -1804.1 123.415 292.537 123.415 573.619
GPRESSURE: 3680000 2158.98 -100.422 416.993 -304.215 -1824.13 166.342 132.234 10.5179 561.979
PRESSAVG: 3680000 1783.38 -56.6586 20.1786 -56.6586 -2073.12 -10.931 20.1786 -10.931 -205.509
GPRESSAVG: 3680000 1788.68 -49.6868 36.0667 -49.6644 -2080.8 -2.91391 10.5882 -34.6169 -201.534
TIMING: 3680000  CPU: 3309.61, 0.000898346/step  Wall: 3310.14, 0.000898502/step, 384.64 ns/days, 0.329451 hours remaining, 0.000000 MB of memory in use.
PERFORMANCE: 3680000  averaging 384.218 ns/day, 0.00089949 sec/step with standard deviation 1.79731e-06
ENERGY: 3680000        22.3402        59.6199        42.5076         0.8270         -52463.4383    -85238.0004         0.0000         0.0000     10748.9553        -126827.1887       297.1636   -137576.1439   -126749.3554       297.6547            298.6630       298.9442    184682.9458      -165.0832      -164.5536

WRITING EXTENDED SYSTEM TO RESTART FILE AT STEP 3680000
WRITING COORDINATES TO DCD FILE ../output/02_eq_3_CLKWW.0.dcd AT STEP 3680000
WRITING COORDINATES TO RESTART FILE AT STEP 3680000
FINISHED WRITING RESTART COORDINATES
WRITING VELOCITIES TO RESTART FILE AT STEP 3680000
FINISHED WRITING RESTART VELOCITIES
PRESSURE: 3690000 2703.32 132.074 334.56 132.074 -1433.7 -125.285 334.561 -125.285 56.739
GPRESSURE: 3690000 2686.57 126.154 343.927 170.749 -1411.49 -115.456 400.395 -104.153 46.6887
PRESSAVG: 3690000 1825.92 -50.6572 57.0923 -50.6572 -2030.36 -23.8206 57.0923 -23.8206 -200.989
GPRESSAVG: 3690000 1832.29 -40.2031 75.5491 -44.1118 -2038.69 -14.2176 46.1542 -48.2947 -197.25
TIMING: 3690000  CPU: 3318.59, 0.00089775/step  Wall: 3319.12, 0.000897885/step, 384.904 ns/days, 0.32673 hours remaining, 0.000000 MB of memory in use.
PERFORMANCE: 3690000  averaging 384.22 ns/day, 0.000899486 sec/step with standard deviation 1.79681e-06
ENERGY: 3690000        20.1509        48.5287        43.5901         2.0880         -52183.7938    -85336.0915         0.0000         0.0000     10833.6325        -126571.8951       299.5046   -137405.5277   -126736.2656       297.7651            442.1218       440.5899    184695.5463      -135.1430      -134.5513

WRITING EXTENDED SYSTEM TO RESTART FILE AT STEP 3690000
WRITING COORDINATES TO DCD FILE ../output/02_eq_3_CLKWW.0.dcd AT STEP 3690000
WRITING COORDINATES TO RESTART FILE AT STEP 3690000
FINISHED WRITING RESTART COORDINATES
WRITING VELOCITIES TO RESTART FILE AT STEP 3690000
FINISHED WRITING RESTART VELOCITIES
PRESSURE: 3700000 2180.8 39.4139 -56.9283 39.416 -2470.23 69.2495 -56.9293 69.2492 442.699
GPRESSURE: 3700000 2215.8 68.8588 -155.805 38.1694 -2529.05 159.486 -21.6797 84.2621 479.056
PRESSAVG: 3700000 1887 -40.0285 49.8855 -40.0285 -2041.53 -1.94766 49.8855 -1.94766 -143.729
GPRESSAVG: 3700000 1890.32 -29.3447 57.7487 -35.4482 -2048.25 16.658 40.8837 -24.6646 -138.583
TIMING: 3700000  CPU: 3327.59, 0.000899928/step  Wall: 3328.12, 0.000900106/step, 383.955 ns/days, 0.325038 hours remaining, 0.000000 MB of memory in use.
PERFORMANCE: 3700000  averaging 384.219 ns/day, 0.000899487 sec/step with standard deviation 1.79466e-06
ETITLE:      TS           BOND          ANGLE          DIHED          IMPRP               ELECT            VDW       BOUNDARY           MISC        KINETIC               TOTAL           TEMP      POTENTIAL       TOTALAVG        TEMPAVG            PRESSURE      GPRESSURE         VOLUME       PRESSAVG      GPRESSAVG

ENERGY: 3700000        21.1511        69.5159        45.7423         4.2189         -52496.1956    -85163.9873         0.0000         0.0000     10790.7740        -126728.7808       298.3197   -137519.5548   -126736.3061       297.7553             51.0885        55.2684    184177.0178       -99.4209       -98.8355

WRITING EXTENDED SYSTEM TO RESTART FILE AT STEP 3700000
WRITING COORDINATES TO DCD FILE ../output/02_eq_3_CLKWW.0.dcd AT STEP 3700000
WRITING COORDINATES TO RESTART FILE AT STEP 3700000
FINISHED WRITING RESTART COORDINATES
WRITING VELOCITIES TO RESTART FILE AT STEP 3700000
FINISHED WRITING RESTART VELOCITIES
PRESSURE: 3710000 2471.59 -207.154 -3.77946 -207.153 -1198.86 119.543 -3.77914 119.544 693.089
GPRESSURE: 3710000 2510.9 -266.121 -84.5678 -125.203 -1265.54 195.452 42.0056 147.794 732.232
PRESSAVG: 3710000 1952.69 -48.3815 52.1243 -48.3815 -1975.22 -0.539103 52.1243 -0.539103 -93.2738
GPRESSAVG: 3710000 1957 -37.838 58.3642 -45.4395 -1987.39 15.805 46.7905 -12.032 -83.0099
TIMING: 3710000  CPU: 3336.58, 0.000898435/step  Wall: 3337.11, 0.00089864/step, 384.581 ns/days, 0.322013 hours remaining, 0.000000 MB of memory in use.
PERFORMANCE: 3710000  averaging 384.22 ns/day, 0.000899485 sec/step with standard deviation 1.79278e-06
ENERGY: 3710000        24.0209        51.4408        44.5369         3.9811         -52665.8457    -85090.4422         0.0000         0.0000     10820.5577        -126811.7504       299.1431   -137632.3081   -126747.9020       297.8364            655.2725       659.1958    183744.2999       -38.6016       -37.8004

WRITING EXTENDED SYSTEM TO RESTART FILE AT STEP 3710000
WRITING COORDINATES TO DCD FILE ../output/02_eq_3_CLKWW.0.dcd AT STEP 3710000
WRITING COORDINATES TO RESTART FILE AT STEP 3710000
FINISHED WRITING RESTART COORDINATES
WRITING VELOCITIES TO RESTART FILE AT STEP 3710000
FINISHED WRITING RESTART VELOCITIES
PRESSURE: 3720000 2201.08 -203.121 -88.0896 -203.121 -1486.48 -209.011 -88.0872 -209.007 -635.049
GPRESSURE: 3720000 2233.88 -252.223 -153.624 -218.094 -1520.96 -116.588 -138.381 -289.565 -644.705
PRESSAVG: 3720000 1965.26 -58.4426 39.9145 -58.4426 -1956.58 -13.6064 39.9145 -13.6064 -143.576
GPRESSAVG: 3720000 1974.01 -49.8421 40.8118 -55.8542 -1972.81 6.67497 37.8771 -27.9541 -134.037
TIMING: 3720000  CPU: 3345.57, 0.000898994/step  Wall: 3346.1, 0.000899199/step, 384.342 ns/days, 0.319715 hours remaining, 0.000000 MB of memory in use.
PERFORMANCE: 3720000  averaging 384.22 ns/day, 0.000899484 sec/step with standard deviation 1.79042e-06
ENERGY: 3720000        21.5681        61.1070        39.7075         0.8341         -52328.3792    -85284.2440         0.0000         0.0000     10685.0033        -126804.4032       295.3956   -137489.4065   -126759.1267       297.5589             26.5151        22.7367    185376.8122       -44.9652       -44.2786

WRITING EXTENDED SYSTEM TO RESTART FILE AT STEP 3720000
WRITING COORDINATES TO DCD FILE ../output/02_eq_3_CLKWW.0.dcd AT STEP 3720000
WRITING COORDINATES TO RESTART FILE AT STEP 3720000
FINISHED WRITING RESTART COORDINATES
WRITING VELOCITIES TO RESTART FILE AT STEP 3720000
FINISHED WRITING RESTART VELOCITIES
PRESSURE: 3730000 2146.19 -58.6772 -390.917 -58.6756 -2255.4 359.521 -390.918 359.521 -155.624
GPRESSURE: 3730000 2088.47 -162.543 -202.213 -71.7774 -2184.63 432.009 -489.817 367.675 -177.216
PRESSAVG: 3730000 1978.9 -62.8878 31.6581 -62.8878 -1970.07 13.1169 31.6581 13.1169 -143.652
GPRESSAVG: 3730000 1986.29 -65.8552 40.943 -57.6554 -1982.24 35.5325 24.4459 0.119397 -136.815
TIMING: 3730000  CPU: 3354.55, 0.00089819/step  Wall: 3355.09, 0.000898414/step, 384.678 ns/days, 0.31694 hours remaining, 0.000000 MB of memory in use.
PERFORMANCE: 3730000  averaging 384.221 ns/day, 0.000899482 sec/step with standard deviation 1.78887e-06
ENERGY: 3730000        20.6039        69.9395        41.1035         1.8042         -52558.0710    -85205.3214         0.0000         0.0000     10907.6516        -126722.2899       301.5509   -137629.9414   -126752.6032       297.8849            -88.2784       -91.1283    185167.0884       -44.9424       -44.2544

WRITING EXTENDED SYSTEM TO RESTART FILE AT STEP 3730000
WRITING COORDINATES TO DCD FILE ../output/02_eq_3_CLKWW.0.dcd AT STEP 3730000
WRITING COORDINATES TO RESTART FILE AT STEP 3730000
FINISHED WRITING RESTART COORDINATES
WRITING VELOCITIES TO RESTART FILE AT STEP 3730000
FINISHED WRITING RESTART VELOCITIES
PRESSURE: 3740000 1340.14 335.065 -68.0241 335.065 -2302.3 -141.87 -68.024 -141.867 -200.321
GPRESSURE: 3740000 1316.63 324.176 24.4013 382.354 -2311.86 -230.496 -153.512 -110.097 -162.027
PRESSAVG: 3740000 1954.19 -40.0827 36.0935 -40.0827 -1987.26 -0.287069 36.0935 -0.287069 -124.788
GPRESSAVG: 3740000 1963.51 -43.8879 50.0955 -31.4536 -2001.23 14.3002 27.5581 -9.68985 -118.228
TIMING: 3740000  CPU: 3363.53, 0.00089859/step  Wall: 3364.07, 0.000898566/step, 384.613 ns/days, 0.314498 hours remaining, 0.000000 MB of memory in use.
PERFORMANCE: 3740000  averaging 384.222 ns/day, 0.000899479 sec/step with standard deviation 1.7871e-06
ENERGY: 3740000        24.0586        59.0997        38.8859         1.7457         -52397.5765    -85265.8801         0.0000         0.0000     10719.2651        -126820.4016       296.3428   -137539.6667   -126761.3159       297.8268           -387.4920      -385.7514    185124.8501       -52.6209       -51.9853

WRITING EXTENDED SYSTEM TO RESTART FILE AT STEP 3740000
WRITING COORDINATES TO DCD FILE ../output/02_eq_3_CLKWW.0.dcd AT STEP 3740000
WRITING COORDINATES TO RESTART FILE AT STEP 3740000
FINISHED WRITING RESTART COORDINATES
WRITING VELOCITIES TO RESTART FILE AT STEP 3740000
FINISHED WRITING RESTART VELOCITIES
PRESSURE: 3750000 1989.53 -116.752 -92.282 -116.754 -1745.79 -202.413 -92.2816 -202.414 664.819
GPRESSURE: 3750000 1924.59 -128.507 -139.964 -19.5563 -1734.64 -67.3131 -70.3861 -175.817 706.077
PRESSAVG: 3750000 1956.63 -42.1515 41.2069 -42.1515 -1980.01 -16.6796 41.2069 -16.6796 -57.716
GPRESSAVG: 3750000 1962.36 -47.1106 49.7749 -30.0028 -1991.25 5.62259 34.4189 -23.8318 -51.7407
TIMING: 3750000  CPU: 3372.52, 0.000898374/step  Wall: 3373.06, 0.000898373/step, 384.695 ns/days, 0.311935 hours remaining, 0.000000 MB of memory in use.
PERFORMANCE: 3750000  averaging 384.224 ns/day, 0.000899476 sec/step with standard deviation 1.78562e-06
ENERGY: 3750000        24.0467        61.2795        53.3800         0.9723         -52471.9770    -85200.8199         0.0000         0.0000     10742.3102        -126790.8082       296.9799   -137533.1184   -126766.3586       297.6827            302.8530       298.6772    184563.0161       -27.0327       -26.8771

WRITING EXTENDED SYSTEM TO RESTART FILE AT STEP 3750000
WRITING COORDINATES TO DCD FILE ../output/02_eq_3_CLKWW.0.dcd AT STEP 3750000
WRITING COORDINATES TO RESTART FILE AT STEP 3750000
FINISHED WRITING RESTART COORDINATES
WRITING VELOCITIES TO RESTART FILE AT STEP 3750000
FINISHED WRITING RESTART VELOCITIES
PRESSURE: 3760000 600.639 114.644 324.291 114.646 -2565.88 -312.252 324.29 -312.254 321.902
GPRESSURE: 3760000 706.696 189.077 400.423 88.3296 -2675.72 -393.174 258.633 -379.111 319.17
PRESSAVG: 3760000 1880.91 -38.8556 50.6407 -38.8556 -2022.4 -11.67 50.6407 -11.67 -57.6587
GPRESSAVG: 3760000 1888.55 -44.9136 65.3562 -22.4223 -2040.08 1.80147 35.5379 -26.7144 -47.4699
TIMING: 3760000  CPU: 3381.51, 0.000899441/step  Wall: 3382.05, 0.000899591/step, 384.174 ns/days, 0.309859 hours remaining, 0.000000 MB of memory in use.
PERFORMANCE: 3760000  averaging 384.223 ns/day, 0.000899476 sec/step with standard deviation 1.78325e-06
ENERGY: 3760000        24.6800        58.6526        41.7425         1.2017         -52244.1207    -85347.4503         0.0000         0.0000     10675.9799        -126789.3144       295.1461   -137465.2944   -126766.0103       297.6637           -547.7796      -549.9526    185062.1425       -66.3850       -66.3343

WRITING EXTENDED SYSTEM TO RESTART FILE AT STEP 3760000
WRITING COORDINATES TO DCD FILE ../output/02_eq_3_CLKWW.0.dcd AT STEP 3760000
WRITING COORDINATES TO RESTART FILE AT STEP 3760000
FINISHED WRITING RESTART COORDINATES
WRITING VELOCITIES TO RESTART FILE AT STEP 3760000
FINISHED WRITING RESTART VELOCITIES
PRESSURE: 3770000 2263.56 -54.9468 -104.939 -54.9451 -1970.52 -38.6225 -104.937 -38.6225 -27.9454
GPRESSURE: 3770000 2334.48 93.7082 -78.5695 -12.3928 -2002.22 22.6823 -24.8547 18.2815 -62.0899
PRESSAVG: 3770000 1908.21 -40.363 34.6223 -40.363 -2006.16 1.41386 34.6223 1.41386 -32.9228
GPRESSAVG: 3770000 1921.66 -39.6699 47.3391 -18.2846 -2026.07 16.0326 25.2403 -5.45395 -26.6759
TIMING: 3770000  CPU: 3390.52, 0.000900743/step  Wall: 3391.06, 0.000900919/step, 383.608 ns/days, 0.307814 hours remaining, 0.000000 MB of memory in use.
PERFORMANCE: 3770000  averaging 384.222 ns/day, 0.00089948 sec/step with standard deviation 1.78242e-06
ENERGY: 3770000        25.9370        59.5327        43.1933         1.9148         -52472.1565    -85356.0384         0.0000         0.0000     10855.4777        -126842.1394       300.1085   -137697.6171   -126774.7536       297.9943             88.3652        90.0598    184461.3403       -43.6247       -43.6961

WRITING EXTENDED SYSTEM TO RESTART FILE AT STEP 3770000
WRITING COORDINATES TO DCD FILE ../output/02_eq_3_CLKWW.0.dcd AT STEP 3770000
WRITING COORDINATES TO RESTART FILE AT STEP 3770000
FINISHED WRITING RESTART COORDINATES
WRITING VELOCITIES TO RESTART FILE AT STEP 3770000
FINISHED WRITING RESTART VELOCITIES
PRESSURE: 3780000 2569.53 82.9772 108.254 82.9776 -1602.17 140.191 108.256 140.189 -203.82
GPRESSURE: 3780000 2606.55 49.6349 131.784 171.39 -1661.29 206.715 -44.0861 108.805 -170.047
PRESSAVG: 3780000 1939.25 -40.3165 27.134 -40.3165 -1999.92 7.22112 27.134 7.22112 -38.2616
GPRESSAVG: 3780000 1951.66 -38.9185 38.058 -14.2912 -2019.22 24.8698 13.7717 -0.539961 -30.6193
TIMING: 3780000  CPU: 3399.53, 0.000901551/step  Wall: 3400.08, 0.000901704/step, 383.274 ns/days, 0.305577 hours remaining, 0.000000 MB of memory in use.
PERFORMANCE: 3780000  averaging 384.219 ns/day, 0.000899486 sec/step with standard deviation 1.78373e-06
ENERGY: 3780000        21.8811        66.1594        42.7739         3.3715         -52137.9777    -85475.3497         0.0000         0.0000     10849.6419        -126629.4996       299.9472   -137479.1414   -126758.2126       298.1317            254.5139       258.4055    184987.6934       -32.9762       -32.7259

WRITING EXTENDED SYSTEM TO RESTART FILE AT STEP 3780000
WRITING COORDINATES TO DCD FILE ../output/02_eq_3_CLKWW.0.dcd AT STEP 3780000
WRITING COORDINATES TO RESTART FILE AT STEP 3780000
FINISHED WRITING RESTART COORDINATES
WRITING VELOCITIES TO RESTART FILE AT STEP 3780000
FINISHED WRITING RESTART VELOCITIES
PRESSURE: 3790000 1836.68 -124.955 -83.2125 -124.956 -1955.53 24.0204 -83.212 24.0211 84.9945
GPRESSURE: 3790000 1844.77 -126.425 26.271 -80.2638 -1978.23 90.2178 -58.1902 -116.19 110.194
PRESSAVG: 3790000 1948.62 -26.565 36.2075 -26.565 -1995.3 12.4802 36.2075 12.4802 -25.9234
GPRESSAVG: 3790000 1961.67 -20.7186 57.972 -6.95267 -2015.31 28.8096 25.5569 -2.08011 -17.8954
TIMING: 3790000  CPU: 3408.52, 0.00089908/step  Wall: 3409.07, 0.000899076/step, 384.395 ns/days, 0.302189 hours remaining, 0.000000 MB of memory in use.
PERFORMANCE: 3790000  averaging 384.22 ns/day, 0.000899485 sec/step with standard deviation 1.78149e-06
ENERGY: 3790000        23.4582        64.0370        48.7981         2.5704         -52420.6663    -85347.7346         0.0000         0.0000     10881.8079        -126747.7293       300.8364   -137629.5373   -126762.7664       298.2173            -11.2853        -7.7561    185862.0175       -24.2019       -23.8453

WRITING EXTENDED SYSTEM TO RESTART FILE AT STEP 3790000
WRITING COORDINATES TO DCD FILE ../output/02_eq_3_CLKWW.0.dcd AT STEP 3790000
WRITING COORDINATES TO RESTART FILE AT STEP 3790000
FINISHED WRITING RESTART COORDINATES
WRITING VELOCITIES TO RESTART FILE AT STEP 3790000
FINISHED WRITING RESTART VELOCITIES
PRESSURE: 3800000 1182.88 -165.034 -252.633 -165.033 -2011.4 -151.726 -252.633 -151.725 -839.115
GPRESSURE: 3800000 1175.53 -215.609 -217.1 -84.2461 -2068.43 -200.007 -302.54 -206.797 -776.136
PRESSAVG: 3800000 1915.13 -28.7794 9.59398 -28.7794 -1992.35 6.18484 9.59398 6.18484 -48.6283
GPRESSAVG: 3800000 1928.22 -26.377 34.3701 -5.79667 -2013.16 20.9463 -2.66095 -4.80735 -40.2331
TIMING: 3800000  CPU: 3417.51, 0.000898691/step  Wall: 3418.06, 0.00089872/step, 384.547 ns/days, 0.299573 hours remaining, 0.000000 MB of memory in use.
PERFORMANCE: 3800000  averaging 384.221 ns/day, 0.000899483 sec/step with standard deviation 1.77957e-06
ETITLE:      TS           BOND          ANGLE          DIHED          IMPRP               ELECT            VDW       BOUNDARY           MISC        KINETIC               TOTAL           TEMP      POTENTIAL       TOTALAVG        TEMPAVG            PRESSURE      GPRESSURE         VOLUME       PRESSAVG      GPRESSAVG

ENERGY: 3800000        26.4228        66.0672        44.1464         3.1849         -52363.1531    -85189.8593         0.0000         0.0000     10542.3520        -126870.8391       291.4519   -137413.1911   -126778.0828       297.8295           -555.8784      -556.3446    184092.2875       -41.9474       -41.7259

WRITING EXTENDED SYSTEM TO RESTART FILE AT STEP 3800000
WRITING COORDINATES TO DCD FILE ../output/02_eq_3_CLKWW.0.dcd AT STEP 3800000
WRITING COORDINATES TO RESTART FILE AT STEP 3800000
FINISHED WRITING RESTART COORDINATES
WRITING VELOCITIES TO RESTART FILE AT STEP 3800000
FINISHED WRITING RESTART VELOCITIES
PRESSURE: 3810000 2871.16 145.931 -113.414 145.93 -1513.3 128.5 -113.412 128.502 53.8953
GPRESSURE: 3810000 2835.53 85.1225 -97.8613 167.096 -1416.16 -83.1665 -11.8421 138.267 -5.18947
PRESSAVG: 3810000 1954.09 -28.2428 4.45138 -28.2428 -1975.29 10.2096 4.45138 10.2096 -47.4342
GPRESSAVG: 3810000 1963.26 -31.3851 28.8149 -2.14963 -1991.82 14.3812 -1.0736 -0.473953 -38.9677
TIMING: 3810000  CPU: 3426.5, 0.000898344/step  Wall: 3427.04, 0.000898562/step, 384.614 ns/days, 0.297025 hours remaining, 0.000000 MB of memory in use.
PERFORMANCE: 3810000  averaging 384.222 ns/day, 0.000899481 sec/step with standard deviation 1.77786e-06
ENERGY: 3810000        21.8801        66.6853        44.7971         0.6996         -52454.1975    -85159.5119         0.0000         0.0000     10695.2552        -126784.3922       295.6790   -137479.6474   -126787.8336       297.6952            470.5849       471.3929    185700.2509       -22.8774       -22.5084

WRITING EXTENDED SYSTEM TO RESTART FILE AT STEP 3810000
WRITING COORDINATES TO DCD FILE ../output/02_eq_3_CLKWW.0.dcd AT STEP 3810000
WRITING COORDINATES TO RESTART FILE AT STEP 3810000
FINISHED WRITING RESTART COORDINATES
WRITING VELOCITIES TO RESTART FILE AT STEP 3810000
FINISHED WRITING RESTART VELOCITIES
PRESSURE: 3820000 1782.97 -26.8195 -291.517 -26.8197 -2340.4 -215.622 -291.519 -215.623 -173.541
GPRESSURE: 3820000 1808.81 -195.75 -313.335 0.374042 -2282.96 -203.476 -177.065 -168.842 -275.206
PRESSAVG: 3820000 1969.24 -21.8352 -27.1935 -21.8352 -1971.2 -15.3244 -27.1935 -15.3244 -13.7537
GPRESSAVG: 3820000 1977.14 -34.6076 -3.22986 8.84361 -1980.6 -8.24823 -27.1364 -21.4477 -11.7292
TIMING: 3820000  CPU: 3435.48, 0.000898546/step  Wall: 3436.03, 0.000898656/step, 384.574 ns/days, 0.29456 hours remaining, 0.000000 MB of memory in use.
PERFORMANCE: 3820000  averaging 384.223 ns/day, 0.000899479 sec/step with standard deviation 1.77602e-06
ENERGY: 3820000        22.8570        64.1307        42.0376         1.5258         -52359.8885    -85390.6461         0.0000         0.0000     10670.4498        -126949.5338       294.9932   -137619.9836   -126802.2227       297.4075           -243.6569      -249.7839    184225.5884        -5.2352        -5.0629

WRITING EXTENDED SYSTEM TO RESTART FILE AT STEP 3820000
WRITING COORDINATES TO DCD FILE ../output/02_eq_3_CLKWW.0.dcd AT STEP 3820000
WRITING COORDINATES TO RESTART FILE AT STEP 3820000
FINISHED WRITING RESTART COORDINATES
WRITING VELOCITIES TO RESTART FILE AT STEP 3820000
FINISHED WRITING RESTART VELOCITIES
PRESSURE: 3830000 1891.01 0.825822 132.949 0.82644 -2298.21 -127.717 132.951 -127.716 -63.3842
GPRESSURE: 3830000 1908.47 -66.5533 213.804 1.90306 -2295.96 -123.731 46.361 -230.429 -85.3449
PRESSAVG: 3830000 1999.68 -4.13642 -5.62345 -4.13642 -1934.37 -21.7941 -5.62345 -21.7941 1.03297
GPRESSAVG: 3830000 2009.39 -20.2299 17.5334 25.3887 -1944.56 -17.9868 -0.918333 -35.4636 1.3327
TIMING: 3830000  CPU: 3444.46, 0.000898142/step  Wall: 3445.01, 0.000898264/step, 384.742 ns/days, 0.291936 hours remaining, 0.000000 MB of memory in use.
PERFORMANCE: 3830000  averaging 384.224 ns/day, 0.000899475 sec/step with standard deviation 1.77478e-06
ENERGY: 3830000        19.0023        60.4546        45.9198         2.1125         -52282.7141    -85239.0081         0.0000         0.0000     10696.5972        -126697.6358       295.7161   -137394.2330   -126794.6086       297.2481           -156.8619      -157.6109    185206.1448        22.1148        22.0538

WRITING EXTENDED SYSTEM TO RESTART FILE AT STEP 3830000
WRITING COORDINATES TO DCD FILE ../output/02_eq_3_CLKWW.0.dcd AT STEP 3830000
WRITING COORDINATES TO RESTART FILE AT STEP 3830000
FINISHED WRITING RESTART COORDINATES
WRITING VELOCITIES TO RESTART FILE AT STEP 3830000
FINISHED WRITING RESTART VELOCITIES
PRESSURE: 3840000 1818.13 84.7629 388.746 84.7636 -2096.27 -34.0558 388.746 -34.0554 330.063
GPRESSURE: 3840000 1830.63 96.1297 362.482 162.024 -2126.68 -138.852 314.353 -27.3723 328.817
PRESSAVG: 3840000 1976.83 -1.50203 3.11185 -1.50203 -1934.9 -46.5627 3.11185 -46.5627 34.2885
GPRESSAVG: 3840000 1985.86 -18.5876 19.3985 34.695 -1947.15 -44.7456 1.78734 -62.3756 35.8603
TIMING: 3840000  CPU: 3453.43, 0.000896963/step  Wall: 3453.98, 0.000897062/step, 385.258 ns/days, 0.289053 hours remaining, 0.000000 MB of memory in use.
PERFORMANCE: 3840000  averaging 384.227 ns/day, 0.000899469 sec/step with standard deviation 1.77674e-06
ENERGY: 3840000        25.1342        63.8132        42.1950         1.8319         -52376.3696    -85354.1389         0.0000         0.0000     10686.8665        -126910.6677       295.4471   -137597.5342   -126792.6446       297.2218             17.3106        10.9234    184806.4636        25.4072        24.8565

WRITING EXTENDED SYSTEM TO RESTART FILE AT STEP 3840000
WRITING COORDINATES TO DCD FILE ../output/02_eq_3_CLKWW.0.dcd AT STEP 3840000
WRITING COORDINATES TO RESTART FILE AT STEP 3840000
FINISHED WRITING RESTART COORDINATES
WRITING VELOCITIES TO RESTART FILE AT STEP 3840000
FINISHED WRITING RESTART VELOCITIES
PRESSURE: 3850000 2322.28 75.9318 -252.668 75.932 -1489.52 289.834 -252.666 289.835 273.936
GPRESSURE: 3850000 2303.62 42.4751 -221.213 17.822 -1474.97 328.234 -367.903 180.064 282.106
PRESSAVG: 3850000 1985.59 8.65636 -16.3836 8.65636 -1930.8 -36.135 -16.3836 -36.135 9.0694
GPRESSAVG: 3850000 1995.47 -12.9176 5.24651 38.6503 -1942.8 -29.8845 -27.7716 -59.0571 10.2508
TIMING: 3850000  CPU: 3462.41, 0.00089789/step  Wall: 3462.96, 0.000897846/step, 384.921 ns/days, 0.286812 hours remaining, 0.000000 MB of memory in use.
PERFORMANCE: 3850000  averaging 384.228 ns/day, 0.000899465 sec/step with standard deviation 1.77635e-06
ENERGY: 3850000        22.5058        68.7617        46.0616         2.8688         -52530.7029    -85196.6024         0.0000         0.0000     10710.4244        -126876.6829       296.0984   -137587.1073   -126791.3765       297.1400            368.8990       370.2540    184468.3851        21.2858        20.9739

WRITING EXTENDED SYSTEM TO RESTART FILE AT STEP 3850000
WRITING COORDINATES TO DCD FILE ../output/02_eq_3_CLKWW.0.dcd AT STEP 3850000
WRITING COORDINATES TO RESTART FILE AT STEP 3850000
FINISHED WRITING RESTART COORDINATES
WRITING VELOCITIES TO RESTART FILE AT STEP 3850000
FINISHED WRITING RESTART VELOCITIES
PRESSURE: 3860000 1082.52 -106.869 -141.338 -106.866 -2310.11 -255.11 -141.337 -255.112 -474.74
GPRESSURE: 3860000 1088.5 -52.5348 -51.7754 -206.444 -2284.9 -201.396 -96.9619 -327.072 -489.878
PRESSAVG: 3860000 1952.37 -7.85087 -18.0358 -7.85087 -1949.4 -47.7611 -18.0358 -47.7611 25.6773
GPRESSAVG: 3860000 1962.76 -23.4307 9.57799 14.9816 -1959.81 -31.4988 -31.5839 -72.9081 25.2374
TIMING: 3860000  CPU: 3471.41, 0.000899543/step  Wall: 3471.96, 0.000899743/step, 384.11 ns/days, 0.284919 hours remaining, 0.000000 MB of memory in use.
PERFORMANCE: 3860000  averaging 384.228 ns/day, 0.000899466 sec/step with standard deviation 1.7741e-06
ENERGY: 3860000        20.2997        55.8516        47.2753         2.4947         -52357.8645    -85394.9968         0.0000         0.0000     10695.7048        -126931.2353       295.6914   -137626.9401   -126796.1452       297.1709           -567.4435      -562.0924    184992.9693         9.5493         9.3965

WRITING EXTENDED SYSTEM TO RESTART FILE AT STEP 3860000
WRITING COORDINATES TO DCD FILE ../output/02_eq_3_CLKWW.0.dcd AT STEP 3860000
WRITING COORDINATES TO RESTART FILE AT STEP 3860000
FINISHED WRITING RESTART COORDINATES
WRITING VELOCITIES TO RESTART FILE AT STEP 3860000
FINISHED WRITING RESTART VELOCITIES
PRESSURE: 3870000 1787.37 -304.961 -370.686 -304.959 -1496.69 5.32637 -370.686 5.32722 483.63
GPRESSURE: 3870000 1719.37 -374.868 -326.04 -229.11 -1456.39 80.1267 -554.708 -0.869828 514.93
PRESSAVG: 3870000 1958.39 -29.1054 -36.454 -29.1054 -1917.34 -27.7038 -36.454 -27.7038 60.2924
GPRESSAVG: 3870000 1964.94 -43.3109 -6.09917 -7.55457 -1925.31 -9.61962 -65.8973 -54.0324 61.6705
TIMING: 3870000  CPU: 3480.4, 0.000899722/step  Wall: 3480.96, 0.000899853/step, 384.063 ns/days, 0.282454 hours remaining, 0.000000 MB of memory in use.
PERFORMANCE: 3870000  averaging 384.228 ns/day, 0.000899467 sec/step with standard deviation 1.77191e-06
ENERGY: 3870000        25.4940        57.8498        37.6950         2.6821         -52326.5323    -85389.3369         0.0000         0.0000     10886.7634        -126705.3850       300.9734   -137592.1483   -126790.6286       297.3244            258.1033       259.3065    183623.5610        33.7807        33.7667

WRITING EXTENDED SYSTEM TO RESTART FILE AT STEP 3870000
WRITING COORDINATES TO DCD FILE ../output/02_eq_3_CLKWW.0.dcd AT STEP 3870000
WRITING COORDINATES TO RESTART FILE AT STEP 3870000
FINISHED WRITING RESTART COORDINATES
WRITING VELOCITIES TO RESTART FILE AT STEP 3870000
FINISHED WRITING RESTART VELOCITIES
PRESSURE: 3880000 2072.43 -104.032 -39.2421 -104.031 -1768.58 -157.255 -39.2419 -157.255 420.844
GPRESSURE: 3880000 2161.84 -48.2537 -123.071 -90.2685 -1738.39 -91.2062 -51.171 -210.735 309.706
PRESSAVG: 3880000 1955.69 -23.0842 -53.043 -23.0842 -1915.57 -41.7373 -53.043 -41.7373 52.6536
GPRESSAVG: 3880000 1965.08 -40.7025 -33.1024 3.14275 -1921.02 -22.497 -75.0675 -65.095 49.0569
TIMING: 3880000  CPU: 3489.39, 0.00089905/step  Wall: 3489.95, 0.000899192/step, 384.345 ns/days, 0.279749 hours remaining, 0.000000 MB of memory in use.
PERFORMANCE: 3880000  averaging 384.228 ns/day, 0.000899466 sec/step with standard deviation 1.76967e-06
ENERGY: 3880000        33.3014        63.0701        35.4364         1.1928         -52403.2070    -85318.1290         0.0000         0.0000     10750.3749        -126837.9605       297.2028   -137588.3354   -126791.1672       297.3264            241.5665       244.3870    185069.1274        30.9259        31.0389

WRITING EXTENDED SYSTEM TO RESTART FILE AT STEP 3880000
WRITING COORDINATES TO DCD FILE ../output/02_eq_3_CLKWW.0.dcd AT STEP 3880000
WRITING COORDINATES TO RESTART FILE AT STEP 3880000
FINISHED WRITING RESTART COORDINATES
WRITING VELOCITIES TO RESTART FILE AT STEP 3880000
FINISHED WRITING RESTART VELOCITIES
PRESSURE: 3890000 2053.6 -139.878 -362.595 -139.876 -2055.85 -166.327 -362.595 -166.328 -371.324
GPRESSURE: 3890000 2071.7 -175.723 -432.996 -100.528 -2082.09 7.4984 -229.248 -266.479 -374.923
PRESSAVG: 3890000 1923.2 -36.6817 -87.9008 -36.6817 -1946.67 -43.7894 -87.9008 -43.7894 31.2505
GPRESSAVG: 3890000 1934.34 -55.7964 -71.9485 -10.4211 -1954.55 -16.3493 -106.55 -73.2114 27.9763
TIMING: 3890000  CPU: 3498.38, 0.000899047/step  Wall: 3498.94, 0.000899243/step, 384.323 ns/days, 0.277266 hours remaining, 0.000000 MB of memory in use.
PERFORMANCE: 3890000  averaging 384.228 ns/day, 0.000899465 sec/step with standard deviation 1.76743e-06
ENERGY: 3890000        20.7450        62.1424        51.4348         0.8713         -52351.6763    -85318.5987         0.0000         0.0000     10844.4703        -126690.6112       299.8042   -137535.0815   -126797.1030       297.3414           -124.5252      -128.4381    184856.4508         2.5936         2.5875

WRITING EXTENDED SYSTEM TO RESTART FILE AT STEP 3890000
WRITING COORDINATES TO DCD FILE ../output/02_eq_3_CLKWW.0.dcd AT STEP 3890000
WRITING COORDINATES TO RESTART FILE AT STEP 3890000
FINISHED WRITING RESTART COORDINATES
WRITING VELOCITIES TO RESTART FILE AT STEP 3890000
FINISHED WRITING RESTART VELOCITIES
PRESSURE: 3900000 1429.71 373.157 649.285 373.158 -2355.87 -96.8786 649.285 -96.8772 2.77069
GPRESSURE: 3900000 1467.93 314.847 542.237 442.384 -2372.56 -74.7747 716.782 -141.353 -13.1061
PRESSAVG: 3900000 1885.65 -19.9945 -52.5901 -19.9945 -1940.96 -52.0958 -52.5901 -52.0958 9.25409
GPRESSAVG: 3900000 1896.95 -43.497 -37.0465 9.78964 -1946.73 -28.0623 -69.6266 -84.4921 3.36821
TIMING: 3900000  CPU: 3507.39, 0.000900642/step  Wall: 3507.95, 0.000900745/step, 383.683 ns/days, 0.275228 hours remaining, 0.000000 MB of memory in use.
PERFORMANCE: 3900000  averaging 384.227 ns/day, 0.000899469 sec/step with standard deviation 1.76634e-06
ETITLE:      TS           BOND          ANGLE          DIHED          IMPRP               ELECT            VDW       BOUNDARY           MISC        KINETIC               TOTAL           TEMP      POTENTIAL       TOTALAVG        TEMPAVG            PRESSURE      GPRESSURE         VOLUME       PRESSAVG      GPRESSAVG

ENERGY: 3900000        20.4945        63.3300        39.8854         1.7740         -52334.2304    -85382.1882         0.0000         0.0000     10812.1614        -126778.7734       298.9110   -137590.9348   -126799.6026       297.3710           -307.7969      -305.9113    185081.5536       -15.3507       -15.4715

WRITING EXTENDED SYSTEM TO RESTART FILE AT STEP 3900000
WRITING COORDINATES TO DCD FILE ../output/02_eq_3_CLKWW.0.dcd AT STEP 3900000
WRITING COORDINATES TO RESTART FILE AT STEP 3900000
FINISHED WRITING RESTART COORDINATES
WRITING VELOCITIES TO RESTART FILE AT STEP 3900000
FINISHED WRITING RESTART VELOCITIES
PRESSURE: 3910000 2510.67 -14.023 360.216 -14.0222 -1332.17 97.0083 360.219 97.0084 712.381
GPRESSURE: 3910000 2484.26 -210.28 426.295 106.497 -1324.22 62.5829 364.352 159.717 716.187
PRESSAVG: 3910000 1887.6 -10.338 -34.3902 -10.338 -1947.62 -53.2226 -34.3902 -53.2226 10.2187
GPRESSAVG: 3910000 1895.61 -40.7049 -11.5033 21.3747 -1949.66 -34.7058 -53.5092 -83.896 2.56595
TIMING: 3910000  CPU: 3516.4, 0.000901045/step  Wall: 3516.96, 0.000901209/step, 383.485 ns/days, 0.272866 hours remaining, 0.000000 MB of memory in use.
PERFORMANCE: 3910000  averaging 384.225 ns/day, 0.000899473 sec/step with standard deviation 1.76627e-06
ENERGY: 3910000        24.6418        58.3300        40.8600         4.3072         -52586.1554    -85120.3110         0.0000         0.0000     10726.5203        -126851.8071       296.5434   -137578.3273   -126801.6055       297.2410            630.2932       625.4085    184398.5329       -16.5997       -17.1609

WRITING EXTENDED SYSTEM TO RESTART FILE AT STEP 3910000
WRITING COORDINATES TO DCD FILE ../output/02_eq_3_CLKWW.0.dcd AT STEP 3910000
WRITING COORDINATES TO RESTART FILE AT STEP 3910000
FINISHED WRITING RESTART COORDINATES
WRITING VELOCITIES TO RESTART FILE AT STEP 3910000
FINISHED WRITING RESTART VELOCITIES
PRESSURE: 3920000 2101.27 160.92 311.304 160.922 -1988.89 -48.7265 311.307 -48.7266 856.968
GPRESSURE: 3920000 2081.75 192.821 340.725 97.9291 -2005.28 -86.2495 329.155 -17.545 906.437
PRESSAVG: 3920000 1882.61 7.86418 -14.4204 7.86418 -1972.74 -45.2086 -14.4204 -45.2086 84.8196
GPRESSAVG: 3920000 1888.01 -18.4527 13.2141 37.1758 -1973.88 -33.1889 -30.1324 -70.295 80.1231
TIMING: 3920000  CPU: 3525.39, 0.000899347/step  Wall: 3525.96, 0.000899531/step, 384.2 ns/days, 0.269859 hours remaining, 0.000000 MB of memory in use.
PERFORMANCE: 3920000  averaging 384.225 ns/day, 0.000899473 sec/step with standard deviation 1.76401e-06
ENERGY: 3920000        29.1302        71.6678        51.2082         2.7344         -52372.7519    -85113.3386         0.0000         0.0000     10900.6737        -126430.6763       301.3580   -137331.3499   -126782.9191       297.5391            323.1133       327.6378    185511.0709        -1.7698        -1.9158

WRITING EXTENDED SYSTEM TO RESTART FILE AT STEP 3920000
WRITING COORDINATES TO DCD FILE ../output/02_eq_3_CLKWW.0.dcd AT STEP 3920000
WRITING COORDINATES TO RESTART FILE AT STEP 3920000
FINISHED WRITING RESTART COORDINATES
WRITING VELOCITIES TO RESTART FILE AT STEP 3920000
FINISHED WRITING RESTART VELOCITIES
PRESSURE: 3930000 2681.47 -79.6741 -311.007 -79.6732 -1516.33 416.601 -311.005 416.599 566.769
GPRESSURE: 3930000 2769.85 -0.399547 -283.323 -167.362 -1524.03 459.711 -339.581 289.472 484.187
PRESSAVG: 3930000 1909.38 6.8143 -10.4248 6.8143 -1935.79 -42.3547 -10.4248 -42.3547 120.939
GPRESSAVG: 3930000 1922.08 -10.3456 9.15864 32.3966 -1940.85 -31.8038 -22.6207 -74.2051 113.193
TIMING: 3930000  CPU: 3534.39, 0.00089979/step  Wall: 3534.96, 0.000900009/step, 383.996 ns/days, 0.267503 hours remaining, 0.000000 MB of memory in use.
PERFORMANCE: 3930000  averaging 384.224 ns/day, 0.000899475 sec/step with standard deviation 1.76197e-06
ENERGY: 3930000        16.2929        60.9193        47.1183         1.1285         -52453.1250    -85193.5792         0.0000         0.0000     10862.0811        -126659.1641       300.2911   -137521.2452   -126779.7628       297.4761            577.3026       576.6706    184625.5786        31.5093        31.4741

WRITING EXTENDED SYSTEM TO RESTART FILE AT STEP 3930000
WRITING COORDINATES TO DCD FILE ../output/02_eq_3_CLKWW.0.dcd AT STEP 3930000
WRITING COORDINATES TO RESTART FILE AT STEP 3930000
FINISHED WRITING RESTART COORDINATES
WRITING VELOCITIES TO RESTART FILE AT STEP 3930000
FINISHED WRITING RESTART VELOCITIES
PRESSURE: 3940000 2486.41 -2.9606 411.154 -2.96108 -1119.66 189.275 411.153 189.275 514.152
GPRESSURE: 3940000 2458.18 107.95 388.692 65.4782 -1053.5 226.352 410.715 173.459 463.897
PRESSAVG: 3940000 1966.69 -10.087 13.534 -10.087 -1876.66 -25.7975 13.534 -25.7975 156.663
GPRESSAVG: 3940000 1979.16 -21.1569 27.3732 16.5528 -1877.93 -8.9614 5.59068 -60.0273 144.489
TIMING: 3940000  CPU: 3543.4, 0.000900642/step  Wall: 3543.96, 0.00090076/step, 383.676 ns/days, 0.265224 hours remaining, 0.000000 MB of memory in use.
PERFORMANCE: 3940000  averaging 384.223 ns/day, 0.000899478 sec/step with standard deviation 1.76091e-06
ENERGY: 3940000        19.1020        59.3277        42.8975         3.1128         -52331.7243    -85336.0500         0.0000         0.0000     10719.8584        -126823.4760       296.3592   -137543.3344   -126779.9166       297.4769            626.9671       622.8584    184220.9852        82.2322        81.9046

WRITING EXTENDED SYSTEM TO RESTART FILE AT STEP 3940000
WRITING COORDINATES TO DCD FILE ../output/02_eq_3_CLKWW.0.dcd AT STEP 3940000
WRITING COORDINATES TO RESTART FILE AT STEP 3940000
FINISHED WRITING RESTART COORDINATES
WRITING VELOCITIES TO RESTART FILE AT STEP 3940000
FINISHED WRITING RESTART VELOCITIES
PRESSURE: 3950000 1537.57 -172.992 -121.567 -172.991 -1819.68 75.4752 -121.565 75.4761 207.442
GPRESSURE: 3950000 1485.5 -193.97 -148.314 -183.378 -1827.14 42.5754 -229.335 75.5779 259.635
PRESSAVG: 3950000 1944.09 -12.8989 12.0699 -12.8989 -1880.35 -11.903 12.0699 -11.903 133.794
GPRESSAVG: 3950000 1957.2 -24.43 26.9557 8.36173 -1882.56 -3.46697 -2.35678 -47.4576 122.167
TIMING: 3950000  CPU: 3552.4, 0.000899937/step  Wall: 3552.96, 0.000900104/step, 383.956 ns/days, 0.26253 hours remaining, 0.000000 MB of memory in use.
PERFORMANCE: 3950000  averaging 384.222 ns/day, 0.000899479 sec/step with standard deviation 1.75896e-06
ENERGY: 3950000        17.6835        55.9735        45.3060         2.3231         -52179.6058    -85348.1324         0.0000         0.0000     10768.0294        -126638.4228       297.6909   -137406.4521   -126772.2973       297.5125            -24.8890       -27.3358    184608.2018        65.8451        65.6039

WRITING EXTENDED SYSTEM TO RESTART FILE AT STEP 3950000
WRITING COORDINATES TO DCD FILE ../output/02_eq_3_CLKWW.0.dcd AT STEP 3950000
WRITING COORDINATES TO RESTART FILE AT STEP 3950000
FINISHED WRITING RESTART COORDINATES
WRITING VELOCITIES TO RESTART FILE AT STEP 3950000
FINISHED WRITING RESTART VELOCITIES
PRESSURE: 3960000 1799.68 -99.5073 -80.4517 -99.5098 -2052.69 -267.213 -80.4511 -267.213 -51.9015
GPRESSURE: 3960000 1871.84 -79.2829 -162.192 -43.8183 -2049.61 -285.674 -14.6366 -183.499 -113.476
PRESSAVG: 3960000 2004.04 -23.6067 -8.16716 -23.6067 -1854.69 -9.65102 -8.16716 -9.65102 115.104
GPRESSAVG: 3960000 2015.46 -37.848 -1.17505 1.75434 -1851.25 1.90804 -16.0203 -37.677 100.535
TIMING: 3960000  CPU: 3561.4, 0.000900437/step  Wall: 3561.97, 0.000900635/step, 383.729 ns/days, 0.260183 hours remaining, 0.000000 MB of memory in use.
PERFORMANCE: 3960000  averaging 384.221 ns/day, 0.000899482 sec/step with standard deviation 1.75769e-06
ENERGY: 3960000        23.0045        71.5685        41.6118         2.8811         -52550.9748    -85149.6406         0.0000         0.0000     10882.0014        -126679.5482       300.8418   -137561.5495   -126766.8090       297.7972           -101.6358       -97.0820    185331.2733        88.1523        88.2475

WRITING EXTENDED SYSTEM TO RESTART FILE AT STEP 3960000
WRITING COORDINATES TO DCD FILE ../output/02_eq_3_CLKWW.0.dcd AT STEP 3960000
WRITING COORDINATES TO RESTART FILE AT STEP 3960000
FINISHED WRITING RESTART COORDINATES
WRITING VELOCITIES TO RESTART FILE AT STEP 3960000
FINISHED WRITING RESTART VELOCITIES
PRESSURE: 3970000 1759.79 -126.918 171.503 -126.919 -2470.87 265.68 171.501 265.682 -321.161
GPRESSURE: 3970000 1750.66 -21.6861 282.076 -207.264 -2421.08 211.289 200.618 264.458 -371.134
PRESSAVG: 3970000 1978.86 -27.2053 5.65475 -27.2053 -1879.71 5.56419 5.65475 5.56419 100.443
GPRESSAVG: 3970000 1986.27 -43.6177 16.8572 -7.98923 -1872.19 11.3384 -4.74666 -25.3682 85.0828
TIMING: 3970000  CPU: 3570.41, 0.000900537/step  Wall: 3570.98, 0.000900737/step, 383.686 ns/days, 0.257711 hours remaining, 0.000000 MB of memory in use.
PERFORMANCE: 3970000  averaging 384.22 ns/day, 0.000899485 sec/step with standard deviation 1.7566e-06
ENERGY: 3970000        26.6207        59.9181        43.5222         0.4355         -52350.1115    -85310.2849         0.0000         0.0000     10681.4678        -126848.4322       295.2978   -137529.8999   -126767.1236       297.5567           -344.0810      -347.1861    185606.9371        66.5300        66.3852

WRITING EXTENDED SYSTEM TO RESTART FILE AT STEP 3970000
WRITING COORDINATES TO DCD FILE ../output/02_eq_3_CLKWW.0.dcd AT STEP 3970000
WRITING COORDINATES TO RESTART FILE AT STEP 3970000
FINISHED WRITING RESTART COORDINATES
WRITING VELOCITIES TO RESTART FILE AT STEP 3970000
FINISHED WRITING RESTART VELOCITIES
PRESSURE: 3980000 2218.73 -320.547 7.73298 -320.549 -1771.77 376.509 7.73365 376.509 -408.902
GPRESSURE: 3980000 2192.03 -299.221 72.64 -359.128 -1738.89 308.229 -36.9791 416.886 -414.718
PRESSAVG: 3980000 1961.32 -47.3817 0.628644 -47.3817 -1888.19 17.3802 0.628644 17.3802 90.1889
GPRESSAVG: 3980000 1965.54 -61.0605 13.9 -34.5151 -1876.07 16.4141 -4.39131 -9.96413 72.8493
TIMING: 3980000  CPU: 3579.43, 0.000902047/step  Wall: 3580, 0.000902129/step, 383.094 ns/days, 0.255603 hours remaining, 0.000000 MB of memory in use.
PERFORMANCE: 3980000  averaging 384.217 ns/day, 0.000899492 sec/step with standard deviation 1.75938e-06
ENERGY: 3980000        26.5775        60.4455        42.4123         0.5745         -52468.9258    -85279.5576         0.0000         0.0000     10639.5759        -126978.8977       294.1397   -137618.4735   -126784.5935       297.2663             12.6855        12.8066    184368.6101        54.4386        54.1052

WRITING EXTENDED SYSTEM TO RESTART FILE AT STEP 3980000
WRITING COORDINATES TO DCD FILE ../output/02_eq_3_CLKWW.0.dcd AT STEP 3980000
WRITING COORDINATES TO RESTART FILE AT STEP 3980000
FINISHED WRITING RESTART COORDINATES
WRITING VELOCITIES TO RESTART FILE AT STEP 3980000
FINISHED WRITING RESTART VELOCITIES
PRESSURE: 3990000 1449.09 84.7414 127.426 84.7419 -2422.92 -401.758 127.425 -401.757 109.958
GPRESSURE: 3990000 1458.98 -106.358 139.305 209.444 -2434.58 -399.811 173.957 -342.862 107.178
PRESSAVG: 3990000 1941.94 -36.8968 11.1605 -36.8968 -1911.56 -3.90871 11.1605 -3.90871 91.4371
GPRESSAVG: 3990000 1946.25 -60.0572 19.5517 -20.0297 -1898.89 -8.08731 7.21603 -21.2977 72.6985
TIMING: 3990000  CPU: 3588.44, 0.000901522/step  Wall: 3589.02, 0.000901766/step, 383.248 ns/days, 0.252995 hours remaining, 0.000000 MB of memory in use.
PERFORMANCE: 3990000  averaging 384.214 ns/day, 0.000899498 sec/step with standard deviation 1.76086e-06
ENERGY: 3990000        25.1435        67.8193        45.4157         6.8026         -52336.6754    -85307.3307         0.0000         0.0000     10697.0835        -126801.7414       295.7296   -137498.8250   -126787.2941       297.0110           -287.9550      -289.4740    184843.1674        40.6051        40.0193

WRITING EXTENDED SYSTEM TO RESTART FILE AT STEP 3990000
WRITING COORDINATES TO DCD FILE ../output/02_eq_3_CLKWW.0.dcd AT STEP 3990000
WRITING COORDINATES TO RESTART FILE AT STEP 3990000
FINISHED WRITING RESTART COORDINATES
WRITING VELOCITIES TO RESTART FILE AT STEP 3990000
FINISHED WRITING RESTART VELOCITIES
PRESSURE: 4000000 1574.15 -65.397 194.899 -65.3969 -1882.28 -110.416 194.9 -110.417 -871.026
GPRESSURE: 4000000 1587.13 -126.267 198.535 19.6826 -1844.97 -126.75 209.351 -135.053 -916.642
PRESSAVG: 4000000 1961.5 -31.915 33.5371 -31.915 -1905.1 -1.84335 33.5371 -1.84335 89.8415
GPRESSAVG: 4000000 1966.83 -55.5901 40.3335 -14.8333 -1887.72 -4.42443 32.8106 -17.7105 65.6731
TIMING: 4000000  CPU: 3597.48, 0.000903979/step  Wall: 3598.06, 0.000903982/step, 382.309 ns/days, 0.251106 hours remaining, 0.000000 MB of memory in use.
PERFORMANCE: 4000000  averaging 384.21 ns/day, 0.000899509 sec/step with standard deviation 1.77288e-06
ETITLE:      TS           BOND          ANGLE          DIHED          IMPRP               ELECT            VDW       BOUNDARY           MISC        KINETIC               TOTAL           TEMP      POTENTIAL       TOTALAVG        TEMPAVG            PRESSURE      GPRESSURE         VOLUME       PRESSAVG      GPRESSAVG

ENERGY: 4000000        27.7183        59.4091        45.8523         4.4104         -52576.2124    -85231.7848         0.0000         0.0000     10918.9565        -126751.6506       301.8634   -137670.6071   -126781.3347       297.5316           -393.0509      -391.4946    184861.6882        48.7465        48.2618

WRITING EXTENDED SYSTEM TO RESTART FILE AT STEP 4000000
WRITING COORDINATES TO DCD FILE ../output/02_eq_3_CLKWW.0.dcd AT STEP 4000000
WRITING COORDINATES TO RESTART FILE AT STEP 4000000
FINISHED WRITING RESTART COORDINATES
WRITING VELOCITIES TO RESTART FILE AT STEP 4000000
FINISHED WRITING RESTART VELOCITIES
PRESSURE: 4010000 1457.8 40.8243 -112.253 40.8239 -2239.1 -263.155 -112.253 -263.157 194.103
GPRESSURE: 4010000 1558.57 155.938 -112.402 98.9295 -2300.73 -215.104 -68.0646 -260.629 171.773
PRESSAVG: 4010000 1890.83 -37.1703 33.5951 -37.1703 -1941.39 -21.4263 33.5951 -21.4263 96.8519
GPRESSAVG: 4010000 1902.98 -52.0493 39.6065 -18.2416 -1931.95 -11.0213 29.9995 -37.6553 74.5212
TIMING: 4010000  CPU: 3606.53, 0.000904891/step  Wall: 3607.11, 0.000904857/step, 381.939 ns/days, 0.248836 hours remaining, 0.000000 MB of memory in use.
PERFORMANCE: 4010000  averaging 384.204 ns/day, 0.000899522 sec/step with standard deviation 1.79069e-06
ENERGY: 4010000        19.9739        47.7289        48.8345         2.2172         -52361.3799    -85335.9398         0.0000         0.0000     10763.4732        -126815.0920       297.5650   -137578.5652   -126782.8697       297.6259           -195.7330      -190.1287    185682.1413        15.4306        15.1857

WRITING EXTENDED SYSTEM TO RESTART FILE AT STEP 4010000
WRITING COORDINATES TO DCD FILE ../output/02_eq_3_CLKWW.0.dcd AT STEP 4010000
WRITING COORDINATES TO RESTART FILE AT STEP 4010000
FINISHED WRITING RESTART COORDINATES
WRITING VELOCITIES TO RESTART FILE AT STEP 4010000
FINISHED WRITING RESTART VELOCITIES
PRESSURE: 4020000 1806.09 17.7463 106.248 17.7482 -1724.77 -68.4018 106.247 -68.4027 -45.3029
GPRESSURE: 4020000 1836.22 -41.8665 126.065 -29.7775 -1701.37 -93.0987 97.1235 5.7832 -94.9943
PRESSAVG: 4020000 1891.99 -34.9419 53.4834 -34.9419 -1910.61 -14.0653 53.4834 -14.0653 103.264
GPRESSAVG: 4020000 1904.35 -44.3551 61.5765 -19.7492 -1902.87 -5.50242 43.7089 -28.9241 83.5318
TIMING: 4020000  CPU: 3615.54, 0.00090091/step  Wall: 3616.12, 0.000901141/step, 383.514 ns/days, 0.245311 hours remaining, 0.000000 MB of memory in use.
PERFORMANCE: 4020000  averaging 384.202 ns/day, 0.000899526 sec/step with standard deviation 1.79028e-06
ENERGY: 4020000        20.4585        62.2767        47.2971         3.6730         -52273.7376    -85394.9063         0.0000         0.0000     10725.9739        -126808.9647       296.5283   -137534.9386   -126775.8412       297.7026             12.0081        13.2865    184530.6657        28.2139        28.3393

WRITING EXTENDED SYSTEM TO RESTART FILE AT STEP 4020000
WRITING COORDINATES TO DCD FILE ../output/02_eq_3_CLKWW.0.dcd AT STEP 4020000
WRITING COORDINATES TO RESTART FILE AT STEP 4020000
FINISHED WRITING RESTART COORDINATES
WRITING VELOCITIES TO RESTART FILE AT STEP 4020000
FINISHED WRITING RESTART VELOCITIES
PRESSURE: 4030000 1819.88 118.104 122.362 118.106 -2114.68 3.0101 122.363 3.01081 -752.626
GPRESSURE: 4030000 1811.88 170.164 41.1946 -8.30017 -2100.49 -22.3397 64.6625 -123.477 -758.152
PRESSAVG: 4030000 1888.43 -29.0779 52.954 -29.0779 -1901.43 -7.52892 52.954 -7.52892 68.8017
GPRESSAVG: 4030000 1899.52 -32.5193 52.946 -20.2594 -1893.09 -0.432836 44.624 -23.5765 49.8915
TIMING: 4030000  CPU: 3624.56, 0.00090175/step  Wall: 3625.14, 0.000901931/step, 383.178 ns/days, 0.24302 hours remaining, 0.000000 MB of memory in use.
PERFORMANCE: 4030000  averaging 384.2 ns/day, 0.000899532 sec/step with standard deviation 1.79206e-06
ENERGY: 4030000        26.4933        55.6566        44.7386         0.7583         -52393.8597    -85288.8268         0.0000         0.0000     10658.8992        -126896.1405       294.6739   -137555.0397   -126785.7665       297.6505           -349.1426      -348.9203    185652.8879        18.5998        18.7738

WRITING EXTENDED SYSTEM TO RESTART FILE AT STEP 4030000
WRITING COORDINATES TO DCD FILE ../output/02_eq_3_CLKWW.0.dcd AT STEP 4030000
WRITING COORDINATES TO RESTART FILE AT STEP 4030000
FINISHED WRITING RESTART COORDINATES
WRITING VELOCITIES TO RESTART FILE AT STEP 4030000
FINISHED WRITING RESTART VELOCITIES
PRESSURE: 4040000 1969.98 2.50805 -113.336 2.51074 -1550.58 145.638 -113.335 145.636 680.867
GPRESSURE: 4040000 1944.61 10.5615 -57.6669 -19.2587 -1556.92 254.442 -28.7436 73.5562 711.913
PRESSAVG: 4040000 1896.02 -33.1906 27.8499 -33.1906 -1874.15 1.45566 27.8499 1.45566 86.3419
GPRESSAVG: 4040000 1905.22 -36.7977 31.9386 -29.3235 -1864.61 19.2318 27.4692 -18.5301 69.0463
TIMING: 4040000  CPU: 3633.57, 0.000901346/step  Wall: 3634.15, 0.000901459/step, 383.378 ns/days, 0.240389 hours remaining, 0.000000 MB of memory in use.
PERFORMANCE: 4040000  averaging 384.198 ns/day, 0.000899537 sec/step with standard deviation 1.7924e-06
ENERGY: 4040000        23.1239        63.8580        47.8791         1.2290         -52368.5882    -85351.3884         0.0000         0.0000     10764.6319        -126819.2547       297.5970   -137583.8866   -126781.1958       297.7580            366.7552       366.5353    184829.3848        36.0720        36.5544

WRITING EXTENDED SYSTEM TO RESTART FILE AT STEP 4040000
WRITING COORDINATES TO DCD FILE ../output/02_eq_3_CLKWW.0.dcd AT STEP 4040000
WRITING COORDINATES TO RESTART FILE AT STEP 4040000
FINISHED WRITING RESTART COORDINATES
WRITING VELOCITIES TO RESTART FILE AT STEP 4040000
FINISHED WRITING RESTART VELOCITIES
PRESSURE: 4050000 2264.86 63.3424 15.5688 63.3437 -1811.97 226.617 15.5681 226.616 -141.247
GPRESSURE: 4050000 2236.47 30.4044 69.4804 97.8083 -1727.01 253.489 -75.5951 216.325 -193.495
PRESSAVG: 4050000 1893.15 -33.82 41.2616 -33.82 -1890.27 -1.7053 41.2616 -1.7053 65.5828
GPRESSAVG: 4050000 1901.86 -37.4012 46.4732 -25.3242 -1877.21 15.4946 42.0846 -16.7171 45.2662
TIMING: 4050000  CPU: 3642.57, 0.000900188/step  Wall: 3643.15, 0.00090021/step, 383.91 ns/days, 0.237555 hours remaining, 0.000000 MB of memory in use.
PERFORMANCE: 4050000  averaging 384.197 ns/day, 0.000899539 sec/step with standard deviation 1.79049e-06
ENERGY: 4050000        29.1693        59.9784        46.2751         2.0699         -52346.3304    -85146.5237         0.0000         0.0000     10719.2791        -126636.0822       296.3432   -137355.3613   -126769.1658       297.7702            103.8827       105.3225    184952.5532        22.8212        23.3078

WRITING EXTENDED SYSTEM TO RESTART FILE AT STEP 4050000
WRITING COORDINATES TO DCD FILE ../output/02_eq_3_CLKWW.0.dcd AT STEP 4050000
WRITING COORDINATES TO RESTART FILE AT STEP 4050000
FINISHED WRITING RESTART COORDINATES
WRITING VELOCITIES TO RESTART FILE AT STEP 4050000
FINISHED WRITING RESTART VELOCITIES
PRESSURE: 4060000 2366.58 137.121 -13.6004 137.122 -2044.27 75.5441 -13.5963 75.5428 -593.338
GPRESSURE: 4060000 2408.98 130.708 160.299 187.355 -2004.99 134.247 -126.732 -68.4453 -655.404
PRESSAVG: 4060000 1957.36 -21.6206 47.6487 -21.6206 -1876.98 14.8275 47.6487 14.8275 59.6529
GPRESSAVG: 4060000 1967.89 -28.2391 57.0769 -5.63427 -1863.21 32.2768 40.5961 -3.78571 36.9899
TIMING: 4060000  CPU: 3651.56, 0.000898913/step  Wall: 3652.14, 0.00089908/step, 384.393 ns/days, 0.23476 hours remaining, 0.000000 MB of memory in use.
PERFORMANCE: 4060000  averaging 384.197 ns/day, 0.000899538 sec/step with standard deviation 1.78843e-06
ENERGY: 4060000        22.5295        55.2117        44.4339         2.4786         -52132.7497    -85331.7761         0.0000         0.0000     10886.1371        -126453.7348       300.9561   -137339.8720   -126745.2908       298.0335            -90.3424       -83.8053    185499.3835        46.6763        47.2222

WRITING EXTENDED SYSTEM TO RESTART FILE AT STEP 4060000
WRITING COORDINATES TO DCD FILE ../output/02_eq_3_CLKWW.0.dcd AT STEP 4060000
WRITING COORDINATES TO RESTART FILE AT STEP 4060000
FINISHED WRITING RESTART COORDINATES
WRITING VELOCITIES TO RESTART FILE AT STEP 4060000
FINISHED WRITING RESTART VELOCITIES
PRESSURE: 4070000 2037.58 -112.49 -22.3545 -112.49 -1608.96 223.013 -22.3527 223.011 10.6002
GPRESSURE: 4070000 2039.3 -141.11 -40.0418 -94.7531 -1664.25 140.188 26.7092 214.981 47.4835
PRESSAVG: 4070000 1969.87 -11.9971 65.0653 -11.9971 -1882.59 25.7117 65.0653 25.7117 36.0014
GPRESSAVG: 4070000 1983.88 -16.5512 71.3768 1.08356 -1873.61 35.2798 69.6669 7.00685 13.6176
TIMING: 4070000  CPU: 3660.54, 0.000898046/step  Wall: 3661.13, 0.00089821/step, 384.765 ns/days, 0.232038 hours remaining, 0.000000 MB of memory in use.
PERFORMANCE: 4070000  averaging 384.199 ns/day, 0.000899534 sec/step with standard deviation 1.78743e-06
ENERGY: 4070000        22.0228        56.2083        45.2040         1.5781         -52236.4025    -85407.7815         0.0000         0.0000     10759.4748        -126759.6961       297.4544   -137519.1709   -126748.0063       297.8575            146.4059       140.8453    184865.2429        41.0914        41.2991

WRITING EXTENDED SYSTEM TO RESTART FILE AT STEP 4070000
WRITING COORDINATES TO DCD FILE ../output/02_eq_3_CLKWW.0.dcd AT STEP 4070000
WRITING COORDINATES TO RESTART FILE AT STEP 4070000
FINISHED WRITING RESTART COORDINATES
WRITING VELOCITIES TO RESTART FILE AT STEP 4070000
FINISHED WRITING RESTART VELOCITIES
PRESSURE: 4080000 2247.58 -247.284 118.575 -247.281 -1339.33 -237.089 118.575 -237.088 87.9011
GPRESSURE: 4080000 2231.11 -150.483 83.8706 -311.489 -1248.13 -293.047 127.804 -223.672 15.8597
PRESSAVG: 4080000 1978.63 -19.1596 72.9561 -19.1596 -1861.13 21.72 72.9561 21.72 19.3543
GPRESSAVG: 4080000 1987.35 -21.6627 81.7239 -9.97745 -1849.09 25.1878 78.6157 6.36002 -1.07473
TIMING: 4080000  CPU: 3669.54, 0.000899546/step  Wall: 3670.12, 0.000899731/step, 384.115 ns/days, 0.229931 hours remaining, 0.000000 MB of memory in use.
PERFORMANCE: 4080000  averaging 384.199 ns/day, 0.000899535 sec/step with standard deviation 1.78526e-06
ENERGY: 4080000        29.5184        58.5201        43.3101         1.4781         -52418.4623    -85246.4428         0.0000         0.0000     10640.1971        -126891.8814       294.1569   -137532.0784   -126750.7024       297.7052            332.0497       332.9462    184237.3761        45.6156        45.7271

WRITING EXTENDED SYSTEM TO RESTART FILE AT STEP 4080000
WRITING COORDINATES TO DCD FILE ../output/02_eq_3_CLKWW.0.dcd AT STEP 4080000
WRITING COORDINATES TO RESTART FILE AT STEP 4080000
FINISHED WRITING RESTART COORDINATES
WRITING VELOCITIES TO RESTART FILE AT STEP 4080000
FINISHED WRITING RESTART VELOCITIES
PRESSURE: 4090000 2209.3 -260.178 -50.7509 -260.177 -1892.31 -55.9203 -50.7506 -55.9211 78.3857
GPRESSURE: 4090000 2194.04 -250.283 68.2103 -210.873 -1839.01 -39.1651 -136.561 -12.8805 50.0987
PRESSAVG: 4090000 1986.41 -25.1747 88.5484 -25.1747 -1852.96 27.2403 88.5484 27.2403 41.8398
GPRESSAVG: 4090000 1993.47 -25.3907 106.784 -15.4947 -1836.94 22.8546 83.25 19.04 20.1763
TIMING: 4090000  CPU: 3678.52, 0.000898532/step  Wall: 3679.11, 0.00089863/step, 384.585 ns/days, 0.227154 hours remaining, 0.000000 MB of memory in use.
PERFORMANCE: 4090000  averaging 384.2 ns/day, 0.000899533 sec/step with standard deviation 1.78363e-06
ENERGY: 4090000        20.0071        53.4851        43.2963         1.6291         -52147.1248    -85403.2495         0.0000         0.0000     10796.8008        -126635.1559       298.4863   -137431.9567   -126747.9296       297.6393            131.7923       135.0434    184881.7747        58.4314        58.9011

WRITING EXTENDED SYSTEM TO RESTART FILE AT STEP 4090000
WRITING COORDINATES TO DCD FILE ../output/02_eq_3_CLKWW.0.dcd AT STEP 4090000
WRITING COORDINATES TO RESTART FILE AT STEP 4090000
FINISHED WRITING RESTART COORDINATES
WRITING VELOCITIES TO RESTART FILE AT STEP 4090000
FINISHED WRITING RESTART VELOCITIES
PRESSURE: 4100000 1781.63 -79.0038 70.2984 -79.0038 -2127.29 -386.133 70.2979 -386.135 -262.732
GPRESSURE: 4100000 1791.82 -45.5018 -61.6859 -58.8232 -2138.75 -360.399 91.2519 -456.236 -246.472
PRESSAVG: 4100000 2004.01 -47.7828 59.599 -47.7828 -1841.53 12.7774 59.599 12.7774 28.5647
GPRESSAVG: 4100000 2009.66 -43.4081 76.5881 -40.555 -1825.25 8.57341 51.9735 3.29581 8.50803
TIMING: 4100000  CPU: 3687.51, 0.000898797/step  Wall: 3688.1, 0.00089908/step, 384.393 ns/days, 0.22477 hours remaining, 0.000000 MB of memory in use.
PERFORMANCE: 4100000  averaging 384.2 ns/day, 0.000899532 sec/step with standard deviation 1.78159e-06
ETITLE:      TS           BOND          ANGLE          DIHED          IMPRP               ELECT            VDW       BOUNDARY           MISC        KINETIC               TOTAL           TEMP      POTENTIAL       TOTALAVG        TEMPAVG            PRESSURE      GPRESSURE         VOLUME       PRESSAVG      GPRESSAVG

ENERGY: 4100000        28.0128        57.8786        44.9060         2.1227         -52372.2968    -85408.0838         0.0000         0.0000     10847.0361        -126800.4243       299.8751   -137647.4604   -126749.0121       297.6875           -202.7992      -197.8012    184640.0113        63.6813        64.3067

WRITING EXTENDED SYSTEM TO RESTART FILE AT STEP 4100000
WRITING COORDINATES TO DCD FILE ../output/02_eq_3_CLKWW.0.dcd AT STEP 4100000
WRITING COORDINATES TO RESTART FILE AT STEP 4100000
FINISHED WRITING RESTART COORDINATES
WRITING VELOCITIES TO RESTART FILE AT STEP 4100000
FINISHED WRITING RESTART VELOCITIES
PRESSURE: 4110000 684.666 -179.87 222.818 -179.871 -2554.04 -111.203 222.821 -111.203 -942.454
GPRESSURE: 4110000 670.771 -150.416 181.128 -266.062 -2531.76 -88.6507 350.136 -28.5041 -944.634
PRESSAVG: 4110000 1912.71 -56.0752 52.7291 -56.0752 -1902.62 2.36689 52.7291 2.36689 -54.1771
GPRESSAVG: 4110000 1918.99 -40.4149 64.3298 -59.183 -1885.62 1.01173 51.2627 -6.11527 -74.533
TIMING: 4110000  CPU: 3696.51, 0.000899477/step  Wall: 3697.1, 0.000899468/step, 384.227 ns/days, 0.222368 hours remaining, 0.000000 MB of memory in use.
PERFORMANCE: 4110000  averaging 384.2 ns/day, 0.000899531 sec/step with standard deviation 1.77942e-06
ENERGY: 4110000        26.5706        60.1095        44.4423         5.6485         -52430.5342    -85263.2966         0.0000         0.0000     10646.1042        -126910.9558       294.3202   -137557.0600   -126751.9696       297.5764           -937.2746      -935.2088    185069.9537       -14.6971       -13.7242

WRITING EXTENDED SYSTEM TO RESTART FILE AT STEP 4110000
WRITING COORDINATES TO DCD FILE ../output/02_eq_3_CLKWW.0.dcd AT STEP 4110000
WRITING COORDINATES TO RESTART FILE AT STEP 4110000
FINISHED WRITING RESTART COORDINATES
WRITING VELOCITIES TO RESTART FILE AT STEP 4110000
FINISHED WRITING RESTART VELOCITIES
PRESSURE: 4120000 1982.19 204.551 380.936 204.553 -1662.3 331.413 380.934 331.415 -402.666
GPRESSURE: 4120000 2045.52 159.571 368.06 135.56 -1656.87 344.392 424.742 282.817 -478.687
PRESSAVG: 4120000 1906.75 -53.8937 56.2105 -53.8937 -1886.29 21.374 56.2105 21.374 -117.159
GPRESSAVG: 4120000 1917.17 -42.0774 65.6965 -57.3015 -1868.2 22.5438 56.0421 8.90283 -143.789
TIMING: 4120000  CPU: 3705.49, 0.000898532/step  Wall: 3706.08, 0.000898724/step, 384.545 ns/days, 0.219688 hours remaining, 0.000000 MB of memory in use.
PERFORMANCE: 4120000  averaging 384.201 ns/day, 0.000899529 sec/step with standard deviation 1.7777e-06
ENERGY: 4120000        18.4948        61.5391        42.2087         3.4173         -52317.3834    -85263.8736         0.0000         0.0000     10673.6425        -126781.9546       295.0815   -137455.5971   -126769.5335       297.2626            -27.5908       -30.0111    185179.4655       -32.2323       -31.6067

WRITING EXTENDED SYSTEM TO RESTART FILE AT STEP 4120000
WRITING COORDINATES TO DCD FILE ../output/02_eq_3_CLKWW.0.dcd AT STEP 4120000
WRITING COORDINATES TO RESTART FILE AT STEP 4120000
FINISHED WRITING RESTART COORDINATES
WRITING VELOCITIES TO RESTART FILE AT STEP 4120000
FINISHED WRITING RESTART VELOCITIES
PRESSURE: 4130000 1247.4 -102.719 -6.22754 -102.719 -2597.57 49.1104 -6.22787 49.1094 -140.936
GPRESSURE: 4130000 1253.15 -1.63676 51.9695 -173.578 -2602.47 148.327 -119.821 -31.6429 -130.361
PRESSAVG: 4130000 1835.05 -55.0459 71.4493 -55.0459 -1940.35 2.99947 71.4493 2.99947 -152.544
GPRESSAVG: 4130000 1841.34 -42.1393 82.4612 -57.6123 -1922.13 6.97466 67.0301 -7.1529 -174.517
TIMING: 4130000  CPU: 3714.48, 0.000898995/step  Wall: 3715.08, 0.000899425/step, 384.246 ns/days, 0.217361 hours remaining, 0.000000 MB of memory in use.
PERFORMANCE: 4130000  averaging 384.201 ns/day, 0.000899529 sec/step with standard deviation 1.77555e-06
ENERGY: 4130000        23.8582        61.0830        44.9961         3.9285         -52392.3402    -85300.5484         0.0000         0.0000     10923.0568        -126635.9660       301.9768   -137559.0228   -126768.3736       297.3469           -497.0364      -493.2264    185090.7282       -85.9492       -85.1015

WRITING EXTENDED SYSTEM TO RESTART FILE AT STEP 4130000
WRITING COORDINATES TO DCD FILE ../output/02_eq_3_CLKWW.0.dcd AT STEP 4130000
WRITING COORDINATES TO RESTART FILE AT STEP 4130000
FINISHED WRITING RESTART COORDINATES
WRITING VELOCITIES TO RESTART FILE AT STEP 4130000
FINISHED WRITING RESTART VELOCITIES
PRESSURE: 4140000 2890.02 73.2011 205.027 73.2014 -1742.34 380.913 205.029 380.913 71.2692
GPRESSURE: 4140000 2891.77 115.113 67.7665 79.6456 -1739.76 273.939 223.862 228.293 80.3309
PRESSAVG: 4140000 1855.23 -51.2378 61.1431 -51.2378 -1971.49 12.5814 61.1431 12.5814 -174.688
GPRESSAVG: 4140000 1863.02 -41.7811 66.4149 -56.9039 -1956.44 9.35399 57.6874 -4.41122 -193.695
TIMING: 4140000  CPU: 3723.48, 0.000899331/step  Wall: 3724.07, 0.000899509/step, 384.21 ns/days, 0.214883 hours remaining, 0.000000 MB of memory in use.
PERFORMANCE: 4140000  averaging 384.201 ns/day, 0.000899529 sec/step with standard deviation 1.7734e-06
ENERGY: 4140000        15.5214        67.3404        43.8824         1.8187         -52699.7922    -84998.7884         0.0000         0.0000     10750.6689        -126819.3489       297.2110   -137570.0178   -126768.1672       297.3894            406.3151       410.7800    184168.2387       -96.9818       -95.7054

WRITING EXTENDED SYSTEM TO RESTART FILE AT STEP 4140000
WRITING COORDINATES TO DCD FILE ../output/02_eq_3_CLKWW.0.dcd AT STEP 4140000
WRITING COORDINATES TO RESTART FILE AT STEP 4140000
FINISHED WRITING RESTART COORDINATES
WRITING VELOCITIES TO RESTART FILE AT STEP 4140000
FINISHED WRITING RESTART VELOCITIES
PRESSURE: 4150000 1289.8 96.5753 -309.281 96.5785 -2745.46 -216.036 -309.28 -216.036 363.352
GPRESSURE: 4150000 1296 46.599 -361.61 273.825 -2731.6 -169.454 -381.831 -320.484 342.203
PRESSAVG: 4150000 1842.84 -37.7593 51.7574 -37.7593 -2017.78 -1.99423 51.7574 -1.99423 -166.893
GPRESSAVG: 4150000 1853.54 -29.7527 55.7501 -34.0438 -2001.66 -1.2475 50.0626 -24.2143 -189.566
TIMING: 4150000  CPU: 3732.46, 0.000898838/step  Wall: 3733.06, 0.000899025/step, 384.417 ns/days, 0.21227 hours remaining, 0.000000 MB of memory in use.
PERFORMANCE: 4150000  averaging 384.202 ns/day, 0.000899528 sec/step with standard deviation 1.77143e-06
ENERGY: 4150000        19.2626        50.3453        47.4151         3.3929         -52385.9123    -85252.7839         0.0000         0.0000     10831.0495        -126687.2307       299.4332   -137518.2803   -126770.6076       297.4766           -364.1042      -364.4645    184125.0458      -113.9426      -112.5618

WRITING EXTENDED SYSTEM TO RESTART FILE AT STEP 4150000
WRITING COORDINATES TO DCD FILE ../output/02_eq_3_CLKWW.0.dcd AT STEP 4150000
WRITING COORDINATES TO RESTART FILE AT STEP 4150000
FINISHED WRITING RESTART COORDINATES
WRITING VELOCITIES TO RESTART FILE AT STEP 4150000
FINISHED WRITING RESTART VELOCITIES
PRESSURE: 4160000 1549.28 309.711 358.806 309.709 -2386.68 -298.586 358.808 -298.586 67.2061
GPRESSURE: 4160000 1541.5 193.831 426.109 419.737 -2337.22 -235.295 458.718 -251.328 20.9676
PRESSAVG: 4160000 1830.32 -17.2984 73.7203 -17.2984 -2034.48 -3.56284 73.7203 -3.56284 -160.937
GPRESSAVG: 4160000 1837.03 -16.097 85.1651 -10.866 -2016.04 1.27146 73.7304 -27.6057 -182.844
TIMING: 4160000  CPU: 3741.47, 0.00090054/step  Wall: 3742.07, 0.000900666/step, 383.716 ns/days, 0.210155 hours remaining, 0.000000 MB of memory in use.
PERFORMANCE: 4160000  averaging 384.2 ns/day, 0.000899531 sec/step with standard deviation 1.77017e-06
ENERGY: 4160000        24.8510        57.9992        47.9756         1.7816         -52514.4544    -85289.8660         0.0000         0.0000     10938.1577        -126733.5551       302.3943   -137671.7128   -126773.3080       297.5542           -256.7321      -258.2495    185815.1206      -121.6974      -120.6202

WRITING EXTENDED SYSTEM TO RESTART FILE AT STEP 4160000
WRITING COORDINATES TO DCD FILE ../output/02_eq_3_CLKWW.0.dcd AT STEP 4160000
WRITING COORDINATES TO RESTART FILE AT STEP 4160000
FINISHED WRITING RESTART COORDINATES
WRITING VELOCITIES TO RESTART FILE AT STEP 4160000
FINISHED WRITING RESTART VELOCITIES
PRESSURE: 4170000 2236.95 -85.154 -15.9015 -85.1541 -1641.09 -290.317 -15.9015 -290.317 -18.3896
GPRESSURE: 4170000 2186.86 -126.64 -104.799 -57.8695 -1618.87 -368.802 -63.0023 -279.773 6.32669
PRESSAVG: 4170000 1854.18 -15.2101 64.3502 -15.2101 -1992.99 -31.3628 64.3502 -31.3628 -145.799
GPRESSAVG: 4170000 1858.84 -21.3447 65.8214 -3.39628 -1975.93 -27.7331 60.5494 -54.8173 -163.971
TIMING: 4170000  CPU: 3750.46, 0.000898795/step  Wall: 3751.06, 0.000898993/step, 384.43 ns/days, 0.207268 hours remaining, 0.000000 MB of memory in use.
PERFORMANCE: 4170000  averaging 384.201 ns/day, 0.000899529 sec/step with standard deviation 1.76824e-06
ENERGY: 4170000        20.3090        55.6995        43.3511         2.3881         -52413.2355    -85223.0644         0.0000         0.0000     10829.0981        -126685.4540       299.3792   -137514.5521   -126765.1591       297.7582            192.4899       191.4375    184992.2999       -94.8688       -93.6890

WRITING EXTENDED SYSTEM TO RESTART FILE AT STEP 4170000
WRITING COORDINATES TO DCD FILE ../output/02_eq_3_CLKWW.0.dcd AT STEP 4170000
WRITING COORDINATES TO RESTART FILE AT STEP 4170000
FINISHED WRITING RESTART COORDINATES
WRITING VELOCITIES TO RESTART FILE AT STEP 4170000
FINISHED WRITING RESTART VELOCITIES
PRESSURE: 4180000 2243.23 227.339 34.6719 227.344 -1384.86 -102.86 34.6722 -102.861 756.843
GPRESSURE: 4180000 2264.37 360.171 36.2251 226.591 -1396.48 -137.746 100.994 -69.9041 746.52
PRESSAVG: 4180000 1855.4 12.1845 65.6971 12.1845 -1973.64 -55.3313 65.6971 -55.3313 -87.5115
GPRESSAVG: 4180000 1862.45 11.6249 64.0006 25.8896 -1958.81 -50.0319 67.448 -79.1568 -105.909
TIMING: 4180000  CPU: 3759.5, 0.000904385/step  Wall: 3760.11, 0.000904657/step, 382.023 ns/days, 0.206061 hours remaining, 0.000000 MB of memory in use.
PERFORMANCE: 4180000  averaging 384.196 ns/day, 0.000899542 sec/step with standard deviation 1.78384e-06
ENERGY: 4180000        22.9616        55.7538        50.3800         0.7936         -52436.3200    -85264.8591         0.0000         0.0000     10717.7524        -126853.5377       296.3010   -137571.2901   -126758.8911       297.8663            538.4056       538.1389    184752.3547       -68.5828       -67.4224

WRITING EXTENDED SYSTEM TO RESTART FILE AT STEP 4180000
WRITING COORDINATES TO DCD FILE ../output/02_eq_3_CLKWW.0.dcd AT STEP 4180000
WRITING COORDINATES TO RESTART FILE AT STEP 4180000
FINISHED WRITING RESTART COORDINATES
WRITING VELOCITIES TO RESTART FILE AT STEP 4180000
FINISHED WRITING RESTART VELOCITIES
PRESSURE: 4190000 2077.28 77.6504 325.384 77.649 -2176.51 282.316 325.384 282.316 -243.369
GPRESSURE: 4190000 2136.45 27.3446 279.352 118.8 -2231.88 210.389 280.217 297.987 -249.811
PRESSAVG: 4190000 1886.81 11.8298 75.595 11.8298 -1961.32 -21.1276 75.595 -21.1276 -105.178
GPRESSAVG: 4190000 1896.33 18.3101 71.003 21.3574 -1948.68 -19.5219 72.761 -47.1143 -123.759
TIMING: 4190000  CPU: 3768.55, 0.000904547/step  Wall: 3769.15, 0.000904667/step, 382.019 ns/days, 0.20355 hours remaining, 0.000000 MB of memory in use.
PERFORMANCE: 4190000  averaging 384.19 ns/day, 0.000899554 sec/step with standard deviation 1.79921e-06
ENERGY: 4190000        20.8545        56.8159        52.8608         1.3420         -52522.3589    -85228.8657         0.0000         0.0000     10880.5229        -126738.8284       300.8009   -137619.3513   -126755.7454       298.1199           -114.1970      -115.0795    184360.0874       -59.8949       -58.7027

WRITING EXTENDED SYSTEM TO RESTART FILE AT STEP 4190000
WRITING COORDINATES TO DCD FILE ../output/02_eq_3_CLKWW.0.dcd AT STEP 4190000
WRITING COORDINATES TO RESTART FILE AT STEP 4190000
FINISHED WRITING RESTART COORDINATES
WRITING VELOCITIES TO RESTART FILE AT STEP 4190000
FINISHED WRITING RESTART VELOCITIES
PRESSURE: 4200000 1455.25 -49.5571 -133.417 -49.5579 -2244.39 89.817 -133.417 89.8167 311.584
GPRESSURE: 4200000 1373.59 -104.381 -132 9.25905 -2167.64 -45.8224 -96.4638 121.674 294.585
PRESSAVG: 4200000 1880.87 12.6218 59.1792 12.6218 -1979.43 -11.1159 59.1792 -11.1159 -46.0474
GPRESSAVG: 4200000 1885.65 19.4044 54.4763 20.8363 -1964.81 -15.4756 57.4703 -34.278 -63.1974
TIMING: 4200000  CPU: 3777.57, 0.000902017/step  Wall: 3778.17, 0.000902187/step, 383.069 ns/days, 0.200486 hours remaining, 0.000000 MB of memory in use.
PERFORMANCE: 4200000  averaging 384.188 ns/day, 0.00089956 sec/step with standard deviation 1.80165e-06
ETITLE:      TS           BOND          ANGLE          DIHED          IMPRP               ELECT            VDW       BOUNDARY           MISC        KINETIC               TOTAL           TEMP      POTENTIAL       TOTALAVG        TEMPAVG            PRESSURE      GPRESSURE         VOLUME       PRESSAVG      GPRESSAVG

ENERGY: 4200000        18.8674        57.1057        53.4439         1.2910         -52306.2969    -85384.8720         0.0000         0.0000     10748.0904        -126812.3707       297.1397   -137560.4611   -126758.7814       297.8837           -159.1831      -166.4881    185769.4514       -48.2015       -47.4524

WRITING EXTENDED SYSTEM TO RESTART FILE AT STEP 4200000
WRITING COORDINATES TO DCD FILE ../output/02_eq_3_CLKWW.0.dcd AT STEP 4200000
WRITING COORDINATES TO RESTART FILE AT STEP 4200000
FINISHED WRITING RESTART COORDINATES
WRITING VELOCITIES TO RESTART FILE AT STEP 4200000
FINISHED WRITING RESTART VELOCITIES
PRESSURE: 4210000 2076.96 147.286 65.3553 147.285 -1894.1 56.6332 65.3541 56.6346 -638.859
GPRESSURE: 4210000 2105.29 309.857 214.625 63.5872 -1921.85 142.284 11.8339 89.6419 -638.56
PRESSAVG: 4210000 1911.83 17.9448 68.0596 17.9448 -1962.18 4.87365 68.0596 4.87365 -87.6955
GPRESSAVG: 4210000 1912.99 27.1003 70.8276 19.0692 -1945.87 2.39387 61.4652 -16.7644 -103.714
TIMING: 4210000  CPU: 3786.56, 0.00089894/step  Wall: 3787.16, 0.000899106/step, 384.382 ns/days, 0.197304 hours remaining, 0.000000 MB of memory in use.
PERFORMANCE: 4210000  averaging 384.188 ns/day, 0.000899559 sec/step with standard deviation 1.79964e-06
ENERGY: 4210000        21.6123        60.3540        45.4210         1.8428         -52262.4960    -85327.6741         0.0000         0.0000     10842.0041        -126618.9359       299.7360   -137460.9400   -126748.9736       297.9922           -152.0014      -151.7079    184981.9005       -46.0150       -45.5313

WRITING EXTENDED SYSTEM TO RESTART FILE AT STEP 4210000
WRITING COORDINATES TO DCD FILE ../output/02_eq_3_CLKWW.0.dcd AT STEP 4210000
WRITING COORDINATES TO RESTART FILE AT STEP 4210000
FINISHED WRITING RESTART COORDINATES
WRITING VELOCITIES TO RESTART FILE AT STEP 4210000
FINISHED WRITING RESTART VELOCITIES
PRESSURE: 4220000 2180.28 106.655 320.698 106.656 -1619.83 -39.1112 320.701 -39.111 102.983
GPRESSURE: 4220000 2221.4 -17.3774 332.965 237.606 -1661.13 161.9 352.172 -139.718 100.131
PRESSAVG: 4220000 1930.54 22.3903 78.7823 22.3903 -1956.93 6.33824 78.7823 6.33824 -80.2812
GPRESSAVG: 4220000 1932.24 28.3247 81.1726 32.4383 -1943.85 15.1438 74.2176 -24.0395 -93.9578
TIMING: 4220000  CPU: 3795.55, 0.000898884/step  Wall: 3796.15, 0.000898896/step, 384.471 ns/days, 0.194761 hours remaining, 0.000000 MB of memory in use.
PERFORMANCE: 4220000  averaging 384.189 ns/day, 0.000899557 sec/step with standard deviation 1.79779e-06
ENERGY: 4220000        21.6040        64.1965        46.1061         4.2283         -52233.6615    -85431.6305         0.0000         0.0000     10858.2061        -126670.9511       300.1839   -137529.1572   -126742.0729       298.1750            221.1429       220.1323    184903.8922       -35.5582       -35.1891

WRITING EXTENDED SYSTEM TO RESTART FILE AT STEP 4220000
WRITING COORDINATES TO DCD FILE ../output/02_eq_3_CLKWW.0.dcd AT STEP 4220000
WRITING COORDINATES TO RESTART FILE AT STEP 4220000
FINISHED WRITING RESTART COORDINATES
WRITING VELOCITIES TO RESTART FILE AT STEP 4220000
FINISHED WRITING RESTART VELOCITIES
PRESSURE: 4230000 1908.84 -217.916 -386.906 -217.917 -1973.88 276.228 -386.907 276.226 -297.462
GPRESSURE: 4230000 1953.7 -247.905 -359.961 -135.587 -2006.1 205.209 -266.611 403.685 -321.292
PRESSAVG: 4230000 1934.98 5.58911 53.3188 5.58911 -1949.89 19.999 53.3188 19.999 -57.523
GPRESSAVG: 4230000 1939.34 7.42129 61.1149 26.074 -1939.13 26.5212 57.654 2.31865 -72.1148
TIMING: 4230000  CPU: 3804.52, 0.000897489/step  Wall: 3805.13, 0.000897492/step, 385.073 ns/days, 0.191963 hours remaining, 0.000000 MB of memory in use.
PERFORMANCE: 4230000  averaging 384.191 ns/day, 0.000899553 sec/step with standard deviation 1.79847e-06
ENERGY: 4230000        21.3466        63.5849        46.4956         1.9157         -52402.9297    -85325.8901         0.0000         0.0000     10794.1885        -126801.2885       298.4141   -137595.4770   -126737.3303       298.3620           -120.8322      -124.5651    185019.8820       -24.1427       -23.9713

WRITING EXTENDED SYSTEM TO RESTART FILE AT STEP 4230000
WRITING COORDINATES TO DCD FILE ../output/02_eq_3_CLKWW.0.dcd AT STEP 4230000
WRITING COORDINATES TO RESTART FILE AT STEP 4230000
FINISHED WRITING RESTART COORDINATES
WRITING VELOCITIES TO RESTART FILE AT STEP 4230000
FINISHED WRITING RESTART VELOCITIES
PRESSURE: 4240000 1478.43 73.1602 27.787 73.158 -2383.91 -131.548 27.7868 -131.548 -350.139
GPRESSURE: 4240000 1475.05 183.12 56.4092 107.397 -2405.64 -244.42 70.3544 -176.99 -321.647
PRESSAVG: 4240000 1910.41 9.12148 60.3749 9.12148 -1991.56 6.13977 60.3749 6.13977 -109.073
GPRESSAVG: 4240000 1915.86 16.0492 66.8187 32.4068 -1981.57 1.57817 62.6089 -10.2086 -123.793
TIMING: 4240000  CPU: 3813.51, 0.000898988/step  Wall: 3814.12, 0.000899046/step, 384.407 ns/days, 0.189799 hours remaining, 0.000000 MB of memory in use.
PERFORMANCE: 4240000  averaging 384.191 ns/day, 0.000899551 sec/step with standard deviation 1.79651e-06
ENERGY: 4240000        25.2595        57.6136        41.6240         4.6765         -52164.0728    -85409.8618         0.0000         0.0000     10796.8431        -126647.9179       298.4875   -137444.7610   -126728.7635       298.4066           -418.5426      -417.4128    185186.4537       -63.4076       -63.1687

WRITING EXTENDED SYSTEM TO RESTART FILE AT STEP 4240000
WRITING COORDINATES TO DCD FILE ../output/02_eq_3_CLKWW.0.dcd AT STEP 4240000
WRITING COORDINATES TO RESTART FILE AT STEP 4240000
FINISHED WRITING RESTART COORDINATES
WRITING VELOCITIES TO RESTART FILE AT STEP 4240000
FINISHED WRITING RESTART VELOCITIES
PRESSURE: 4250000 1650.88 -7.90369 108.604 -7.90448 -1905.94 361.742 108.605 361.741 -65.8112
GPRESSURE: 4250000 1642.32 32.5012 56.7838 42.3743 -1859.8 295.392 173.775 376.452 -94.4501
PRESSAVG: 4250000 1879.71 5.55907 65.0267 5.55907 -1996.25 12.896 65.0267 12.896 -105.302
GPRESSAVG: 4250000 1886.15 16.1541 66.1838 29.6351 -1988.21 3.67333 75.0774 -2.20231 -118.841
TIMING: 4250000  CPU: 3822.5, 0.000898843/step  Wall: 3823.11, 0.000899006/step, 384.425 ns/days, 0.187293 hours remaining, 0.000000 MB of memory in use.
PERFORMANCE: 4250000  averaging 384.192 ns/day, 0.00089955 sec/step with standard deviation 1.79459e-06
ENERGY: 4250000        23.7986        50.2490        50.1710         1.6855         -52237.4946    -85380.2596         0.0000         0.0000     10671.2915        -126820.5586       295.0165   -137491.8501   -126737.9873       298.3402           -106.9567      -103.9746    184181.9078       -73.9496       -73.6335

WRITING EXTENDED SYSTEM TO RESTART FILE AT STEP 4250000
WRITING COORDINATES TO DCD FILE ../output/02_eq_3_CLKWW.0.dcd AT STEP 4250000
WRITING COORDINATES TO RESTART FILE AT STEP 4250000
FINISHED WRITING RESTART COORDINATES
WRITING VELOCITIES TO RESTART FILE AT STEP 4250000
FINISHED WRITING RESTART VELOCITIES
PRESSURE: 4260000 1366.99 -23.4386 -107.549 -23.4388 -1667.29 -173.144 -107.551 -173.144 -52.4388
GPRESSURE: 4260000 1336.22 -79.7174 8.78489 -1.7812 -1604 -124.269 -131.022 -150.168 -77.3076
PRESSAVG: 4260000 1829.73 -2.46895 60.329 -2.46895 -1977.4 0.461673 60.329 0.461673 -78.2566
GPRESSAVG: 4260000 1832.51 5.6328 58.6081 20.1783 -1968.16 -9.25246 74.8629 -6.28843 -89.9357
TIMING: 4260000  CPU: 3831.48, 0.000897775/step  Wall: 3832.09, 0.000897831/step, 384.928 ns/days, 0.184554 hours remaining, 0.000000 MB of memory in use.
PERFORMANCE: 4260000  averaging 384.194 ns/day, 0.000899546 sec/step with standard deviation 1.79441e-06
ENERGY: 4260000        14.9477        69.0996        40.2156         2.6739         -52430.8721    -85108.0616         0.0000         0.0000     10861.0148        -126550.9821       300.2616   -137411.9969   -126742.8497       298.3055           -117.5791      -115.0288    184325.3800       -75.3114       -75.1947

WRITING EXTENDED SYSTEM TO RESTART FILE AT STEP 4260000
WRITING COORDINATES TO DCD FILE ../output/02_eq_3_CLKWW.0.dcd AT STEP 4260000
WRITING COORDINATES TO RESTART FILE AT STEP 4260000
FINISHED WRITING RESTART COORDINATES
WRITING VELOCITIES TO RESTART FILE AT STEP 4260000
FINISHED WRITING RESTART VELOCITIES
PRESSURE: 4270000 2037.34 -161.671 119.663 -161.671 -1732.77 -0.0847523 119.661 -0.0865545 9.46891
GPRESSURE: 4270000 2074.14 -221.292 217.637 -31.9929 -1739.13 5.81114 127.676 88.3705 -37.8609
PRESSAVG: 4270000 1829.71 -4.92801 67.4297 -4.92801 -1983.59 -10.6932 67.4297 -10.6932 -78.3132
GPRESSAVG: 4270000 1834.25 1.62372 71.4921 23.3163 -1971.9 -15.9713 79.9112 -12.619 -94.203
TIMING: 4270000  CPU: 3840.45, 0.000897134/step  Wall: 3841.06, 0.000897282/step, 385.163 ns/days, 0.181949 hours remaining, 0.000000 MB of memory in use.
PERFORMANCE: 4270000  averaging 384.196 ns/day, 0.000899541 sec/step with standard deviation 1.79565e-06
ENERGY: 4270000        25.0538        60.1041        40.4012         3.3068         -52143.6951    -85408.4182         0.0000         0.0000     10723.8482        -126699.3991       296.4695   -137423.2473   -126739.8348       298.2563            104.6784        99.0482    184862.2115       -77.3978       -77.2846

WRITING EXTENDED SYSTEM TO RESTART FILE AT STEP 4270000
WRITING COORDINATES TO DCD FILE ../output/02_eq_3_CLKWW.0.dcd AT STEP 4270000
WRITING COORDINATES TO RESTART FILE AT STEP 4270000
FINISHED WRITING RESTART COORDINATES
WRITING VELOCITIES TO RESTART FILE AT STEP 4270000
FINISHED WRITING RESTART VELOCITIES
PRESSURE: 4280000 1729.59 135.011 78.0319 135.011 -1966.89 -27.4344 78.0318 -27.4363 -314.487
GPRESSURE: 4280000 1731.54 66.537 203.347 66.1456 -1949.45 -47.7982 11.6884 60.9238 -343.153
PRESSAVG: 4280000 1803.81 14.1866 65.4025 14.1866 -2014.97 -0.210617 65.4025 -0.210617 -98.4326
GPRESSAVG: 4280000 1809.28 12.4747 77.4659 42.198 -2006.97 -3.70887 74.1055 1.61082 -112.154
TIMING: 4280000  CPU: 3849.41, 0.00089663/step  Wall: 3850.03, 0.000896779/step, 385.379 ns/days, 0.179356 hours remaining, 0.000000 MB of memory in use.
PERFORMANCE: 4280000  averaging 384.199 ns/day, 0.000899534 sec/step with standard deviation 1.7985e-06
ENERGY: 4280000        27.6209        48.4896        43.0687         1.8421         -52331.0024    -85221.5519         0.0000         0.0000     10784.7729        -126646.7601       298.1538   -137431.5331   -126727.5788       298.4561           -183.9296      -187.0206    184779.4003      -103.1967      -103.2829

WRITING EXTENDED SYSTEM TO RESTART FILE AT STEP 4280000
WRITING COORDINATES TO DCD FILE ../output/02_eq_3_CLKWW.0.dcd AT STEP 4280000
WRITING COORDINATES TO RESTART FILE AT STEP 4280000
FINISHED WRITING RESTART COORDINATES
WRITING VELOCITIES TO RESTART FILE AT STEP 4280000
FINISHED WRITING RESTART VELOCITIES
PRESSURE: 4290000 1968.31 -168.203 -103.295 -168.2 -1527.34 -119.126 -103.295 -119.125 192.443
GPRESSURE: 4290000 1921.56 -207.857 17.6146 -174.967 -1503.79 -177.884 -140.882 -208.059 206.553
PRESSAVG: 4290000 1791.77 18.7854 62.7753 18.7854 -1996.72 -3.37079 62.7753 -3.37079 -92.7297
GPRESSAVG: 4290000 1795.65 14.596 74.9361 43.9933 -1990.21 -10.6448 73.8894 -8.14809 -104.331
TIMING: 4290000  CPU: 3858.41, 0.000899747/step  Wall: 3859.03, 0.000899873/step, 384.054 ns/days, 0.177475 hours remaining, 0.000000 MB of memory in use.
PERFORMANCE: 4290000  averaging 384.198 ns/day, 0.000899535 sec/step with standard deviation 1.79648e-06
ENERGY: 4290000        23.6405        62.8196        41.8225         0.7423         -52224.6939    -85272.5048         0.0000         0.0000     10767.6739        -126600.4998       297.6811   -137368.1737   -126725.8460       298.4158            211.1401       208.1083    184263.0376       -99.2294       -99.6297

WRITING EXTENDED SYSTEM TO RESTART FILE AT STEP 4290000
WRITING COORDINATES TO DCD FILE ../output/02_eq_3_CLKWW.0.dcd AT STEP 4290000
WRITING COORDINATES TO RESTART FILE AT STEP 4290000
FINISHED WRITING RESTART COORDINATES
WRITING VELOCITIES TO RESTART FILE AT STEP 4290000
FINISHED WRITING RESTART VELOCITIES
PRESSURE: 4300000 1860.86 -340.781 4.01552 -340.782 -2174.22 65.978 4.01692 65.9785 231.63
GPRESSURE: 4300000 1890.8 -189.322 -27.6356 -402.493 -2228.15 -0.746974 80.5513 180.94 245.919
PRESSAVG: 4300000 1795.73 5.69651 59.4613 5.69651 -1999.07 19.2349 59.4613 19.2349 -68.0117
GPRESSAVG: 4300000 1800.6 7.40499 76.6386 26.8098 -1994.68 7.33775 73.3544 23.7107 -79.7113
TIMING: 4300000  CPU: 3867.39, 0.00089754/step  Wall: 3868, 0.000897765/step, 384.956 ns/days, 0.174565 hours remaining, 0.000000 MB of memory in use.
PERFORMANCE: 4300000  averaging 384.2 ns/day, 0.000899531 sec/step with standard deviation 1.79641e-06
ETITLE:      TS           BOND          ANGLE          DIHED          IMPRP               ELECT            VDW       BOUNDARY           MISC        KINETIC               TOTAL           TEMP      POTENTIAL       TOTALAVG        TEMPAVG            PRESSURE      GPRESSURE         VOLUME       PRESSAVG      GPRESSAVG

ENERGY: 4300000        30.0116        58.2920        53.1832         3.7509         -52450.6673    -85278.6985         0.0000         0.0000     10715.6814        -126868.4468       296.2437   -137584.1282   -126729.2471       298.2343            -27.2426       -30.4785    183868.1397       -90.4515       -91.2635

WRITING EXTENDED SYSTEM TO RESTART FILE AT STEP 4300000
WRITING COORDINATES TO DCD FILE ../output/02_eq_3_CLKWW.0.dcd AT STEP 4300000
WRITING COORDINATES TO RESTART FILE AT STEP 4300000
FINISHED WRITING RESTART COORDINATES
WRITING VELOCITIES TO RESTART FILE AT STEP 4300000
FINISHED WRITING RESTART VELOCITIES
PRESSURE: 4310000 2945.99 -105.974 -91.8693 -105.974 -1913.82 310.183 -91.8698 310.183 -392.46
GPRESSURE: 4310000 2878.27 56.2914 -35.3468 -108.574 -1878.77 267.543 -127.522 319.017 -358.945
PRESSAVG: 4310000 1908.79 9.39132 43.7267 9.39132 -1967.06 40.3041 43.7267 40.3041 -40.512
GPRESSAVG: 4310000 1910.98 17.7404 65.8148 34.6842 -1962.03 25.1474 49.4715 41.0868 -50.4269
TIMING: 4310000  CPU: 3876.36, 0.000896835/step  Wall: 3876.97, 0.000896918/step, 385.32 ns/days, 0.171909 hours remaining, 0.000000 MB of memory in use.
PERFORMANCE: 4310000  averaging 384.203 ns/day, 0.000899525 sec/step with standard deviation 1.79873e-06
ENERGY: 4310000        20.9326        66.4582        41.6461         3.1158         -52163.1847    -85260.9291         0.0000         0.0000     10864.1913        -126427.7698       300.3494   -137291.9611   -126705.0878       298.5357            213.2368       213.5189    185275.7821       -32.9260       -33.8272

WRITING EXTENDED SYSTEM TO RESTART FILE AT STEP 4310000
WRITING COORDINATES TO DCD FILE ../output/02_eq_3_CLKWW.0.dcd AT STEP 4310000
WRITING COORDINATES TO RESTART FILE AT STEP 4310000
FINISHED WRITING RESTART COORDINATES
WRITING VELOCITIES TO RESTART FILE AT STEP 4310000
FINISHED WRITING RESTART VELOCITIES
PRESSURE: 4320000 2043.37 -74.6699 40.086 -74.671 -1735.88 223.73 40.0869 223.729 342.773
GPRESSURE: 4320000 2022.46 7.98268 161.163 -171.24 -1754.76 181.814 -70.1762 280.456 378.45
PRESSAVG: 4320000 1911.85 -4.56989 26.6844 -4.56989 -1970.74 34.9199 26.6844 34.9199 -3.24002
GPRESSAVG: 4320000 1909.82 10.1609 55.47 19.3442 -1966.92 17.0186 24.7256 40.9687 -7.57006
TIMING: 4320000  CPU: 3885.35, 0.000899542/step  Wall: 3885.97, 0.000899774/step, 384.096 ns/days, 0.169957 hours remaining, 0.000000 MB of memory in use.
PERFORMANCE: 4320000  averaging 384.203 ns/day, 0.000899526 sec/step with standard deviation 1.79668e-06
ENERGY: 4320000        23.5464        61.0958        46.5519         3.1235         -52693.3036    -85076.2912         0.0000         0.0000     10771.0873        -126864.1900       297.7755   -137635.2773   -126709.1996       298.6704            216.7535       215.3839    184669.4109       -20.7087       -21.5574

WRITING EXTENDED SYSTEM TO RESTART FILE AT STEP 4320000
WRITING COORDINATES TO DCD FILE ../output/02_eq_3_CLKWW.0.dcd AT STEP 4320000
WRITING COORDINATES TO RESTART FILE AT STEP 4320000
FINISHED WRITING RESTART COORDINATES
WRITING VELOCITIES TO RESTART FILE AT STEP 4320000
FINISHED WRITING RESTART VELOCITIES
PRESSURE: 4330000 1236.97 149.345 -164.14 149.343 -2579.13 3.1057 -164.138 3.10658 -563.756
GPRESSURE: 4330000 1253.81 130.899 -79.2658 177.78 -2615.23 165.509 -173.597 -54.7803 -551.654
PRESSAVG: 4330000 1911.33 8.03321 18.7889 8.03321 -1969.82 32.6197 18.7889 32.6197 -24.381
GPRESSAVG: 4330000 1909.85 16.7877 48.9082 36.9121 -1967.56 17.8777 22.0368 39.8118 -28.6347
TIMING: 4330000  CPU: 3894.32, 0.000896437/step  Wall: 3894.94, 0.000896605/step, 385.454 ns/days, 0.166868 hours remaining, 0.000000 MB of memory in use.
PERFORMANCE: 4330000  averaging 384.205 ns/day, 0.000899519 sec/step with standard deviation 1.80008e-06
ENERGY: 4330000        26.4413        62.7290        43.4158         3.3697         -52344.8846    -85251.6408         0.0000         0.0000     10641.6165        -126818.9530       294.1961   -137460.5695   -126718.3489       298.2814           -635.3048      -637.6932    185998.4843       -27.6222       -28.7807

WRITING EXTENDED SYSTEM TO RESTART FILE AT STEP 4330000
WRITING COORDINATES TO DCD FILE ../output/02_eq_3_CLKWW.0.dcd AT STEP 4330000
WRITING COORDINATES TO RESTART FILE AT STEP 4330000
FINISHED WRITING RESTART COORDINATES
WRITING VELOCITIES TO RESTART FILE AT STEP 4330000
FINISHED WRITING RESTART VELOCITIES
PRESSURE: 4340000 2182.68 21.5807 203.036 21.583 -1770.78 -46.2515 203.038 -46.2502 24.6862
GPRESSURE: 4340000 2193.67 1.58049 82.0215 39.3038 -1730.69 43.4198 280.506 -63.2018 -4.8674
PRESSAVG: 4340000 1875.96 5.45229 18.6893 5.45229 -1971.24 11.2615 18.6893 11.2615 -26.7102
GPRESSAVG: 4340000 1874.95 11.1111 49.621 34.895 -1967.11 6.3517 24.869 25.2371 -32.8946
TIMING: 4340000  CPU: 3903.34, 0.000902225/step  Wall: 3903.96, 0.000902332/step, 383.008 ns/days, 0.165427 hours remaining, 0.000000 MB of memory in use.
PERFORMANCE: 4340000  averaging 384.203 ns/day, 0.000899525 sec/step with standard deviation 1.80306e-06
ENERGY: 4340000        28.1994        65.3862        47.0010         1.9306         -52445.4443    -85241.2164         0.0000         0.0000     10765.7765        -126778.3671       297.6286   -137544.1436   -126716.2998       298.3023            145.5283       152.7031    184534.3400       -40.6615       -41.6846

WRITING EXTENDED SYSTEM TO RESTART FILE AT STEP 4340000
WRITING COORDINATES TO DCD FILE ../output/02_eq_3_CLKWW.0.dcd AT STEP 4340000
WRITING COORDINATES TO RESTART FILE AT STEP 4340000
FINISHED WRITING RESTART COORDINATES
WRITING VELOCITIES TO RESTART FILE AT STEP 4340000
FINISHED WRITING RESTART VELOCITIES
PRESSURE: 4350000 2168.6 23.8346 -32.4894 23.8342 -1530.09 -202.911 -32.4908 -202.912 375.388
GPRESSURE: 4350000 2293.18 144.625 -3.02661 40.4038 -1588.95 -137.487 -92.1941 -337.401 297.908
PRESSAVG: 4350000 1919.9 1.81507 32.5287 1.81507 -1910.47 11.9178 32.5287 11.9178 -26.1083
GPRESSAVG: 4350000 1924.81 16.0125 67.5501 23.2239 -1909.98 7.95004 39.3508 24.3912 -35.1094
TIMING: 4350000  CPU: 3912.39, 0.000904892/step  Wall: 3913.01, 0.00090514/step, 381.82 ns/days, 0.163428 hours remaining, 0.000000 MB of memory in use.
PERFORMANCE: 4350000  averaging 384.197 ns/day, 0.000899538 sec/step with standard deviation 1.82099e-06
ENERGY: 4350000        28.5597        62.8935        47.7729         4.0066         -52766.7440    -85045.4073         0.0000         0.0000     10731.8962        -126937.0225       296.6920   -137668.9186   -126728.7894       298.1652            337.9652       334.0455    184391.8379        -5.5580        -6.7591

WRITING EXTENDED SYSTEM TO RESTART FILE AT STEP 4350000
WRITING COORDINATES TO DCD FILE ../output/02_eq_3_CLKWW.0.dcd AT STEP 4350000
WRITING COORDINATES TO RESTART FILE AT STEP 4350000
FINISHED WRITING RESTART COORDINATES
WRITING VELOCITIES TO RESTART FILE AT STEP 4350000
FINISHED WRITING RESTART VELOCITIES
PRESSURE: 4360000 2094.12 100.584 49.3376 100.583 -2287.5 283.718 49.3376 283.717 -123.257
GPRESSURE: 4360000 1991.69 132.142 69.814 42.8449 -2240.33 245.014 127.526 230.393 -62.7702
PRESSAVG: 4360000 1947.15 -8.64122 17.0552 -8.64122 -1905.51 41.0329 17.0552 41.0329 -35.6315
GPRESSAVG: 4360000 1947.32 12.928 49.7354 4.37935 -1905.13 31.9655 22.7912 48.4773 -39.2963
TIMING: 4360000  CPU: 3921.39, 0.000900745/step  Wall: 3922.02, 0.00090094/step, 383.599 ns/days, 0.160167 hours remaining, 0.000000 MB of memory in use.
PERFORMANCE: 4360000  averaging 384.196 ns/day, 0.000899541 sec/step with standard deviation 1.82013e-06
ENERGY: 4360000        25.7699        66.5872        38.8618         1.9151         -52913.9983    -85012.0659         0.0000         0.0000     10823.7951        -126969.1349       299.2326   -137792.9301   -126740.5684       298.0071           -105.5446      -103.8026    184436.0773         2.0014         0.9632

WRITING EXTENDED SYSTEM TO RESTART FILE AT STEP 4360000
WRITING COORDINATES TO DCD FILE ../output/02_eq_3_CLKWW.0.dcd AT STEP 4360000
WRITING COORDINATES TO RESTART FILE AT STEP 4360000
FINISHED WRITING RESTART COORDINATES
WRITING VELOCITIES TO RESTART FILE AT STEP 4360000
FINISHED WRITING RESTART VELOCITIES
PRESSURE: 4370000 2615.18 -277.597 -143.748 -277.595 -1680.79 163.997 -143.75 163.997 168.446
GPRESSURE: 4370000 2661.24 -342.638 -137.297 -235.014 -1716.24 243.858 -195.614 83.2397 153.836
PRESSAVG: 4370000 1966.06 -18.2633 10.6628 -18.2633 -1907.5 63.7486 10.6628 63.7486 -26.2897
GPRESSAVG: 4370000 1971.04 2.12809 48.1105 -4.47788 -1910 62.5985 16.1607 66.6279 -31.9208
TIMING: 4370000  CPU: 3930.36, 0.000897042/step  Wall: 3930.99, 0.000897199/step, 385.199 ns/days, 0.15701 hours remaining, 0.000000 MB of memory in use.
PERFORMANCE: 4370000  averaging 384.198 ns/day, 0.000899536 sec/step with standard deviation 1.82149e-06
ENERGY: 4370000        20.5203        66.8918        46.1061         2.0524         -52396.0803    -85300.0138         0.0000         0.0000     10631.6950        -126928.8285       293.9218   -137560.5234   -126752.7371       297.7343            367.6111       366.2769    185233.0393        10.7574         9.7052

WRITING EXTENDED SYSTEM TO RESTART FILE AT STEP 4370000
WRITING COORDINATES TO DCD FILE ../output/02_eq_3_CLKWW.0.dcd AT STEP 4370000
WRITING COORDINATES TO RESTART FILE AT STEP 4370000
FINISHED WRITING RESTART COORDINATES
WRITING VELOCITIES TO RESTART FILE AT STEP 4370000
FINISHED WRITING RESTART VELOCITIES
PRESSURE: 4380000 2646.66 -107.739 -381.523 -107.742 -1781.8 277.267 -381.524 277.267 550.774
GPRESSURE: 4380000 2702.01 -107.326 -429.07 -79.1534 -1784.57 198.664 -394.007 227.947 493.08
PRESSAVG: 4380000 1986.23 -35.0176 -10.147 -35.0176 -1927.34 82.755 -10.147 82.755 -36.5932
GPRESSAVG: 4380000 1992.92 -21.2468 24.8457 -19.7651 -1929.41 79.419 -8.58936 81.5205 -44.5928
TIMING: 4380000  CPU: 3939.36, 0.000900037/step  Wall: 3939.99, 0.000900111/step, 383.953 ns/days, 0.155019 hours remaining, 0.000000 MB of memory in use.
PERFORMANCE: 4380000  averaging 384.198 ns/day, 0.000899537 sec/step with standard deviation 1.81962e-06
ENERGY: 4380000        20.6774        55.7713        41.1408         3.9390         -52081.4898    -85457.2327         0.0000         0.0000     10881.7309        -126535.4630       300.8343   -137417.1940   -126736.8334       297.9609            471.8779       470.1725    185084.9427         7.4310         6.3069

WRITING EXTENDED SYSTEM TO RESTART FILE AT STEP 4380000
WRITING COORDINATES TO DCD FILE ../output/02_eq_3_CLKWW.0.dcd AT STEP 4380000
WRITING COORDINATES TO RESTART FILE AT STEP 4380000
FINISHED WRITING RESTART COORDINATES
WRITING VELOCITIES TO RESTART FILE AT STEP 4380000
FINISHED WRITING RESTART VELOCITIES
PRESSURE: 4390000 1708.33 -67.6943 -45.9113 -67.6969 -2101.85 286.576 -45.9125 286.576 -417.173
GPRESSURE: 4390000 1668.84 63.3459 25.2726 -148.806 -2089.7 203.121 -112.679 261.309 -388.544
PRESSAVG: 4390000 1967.78 -42.2849 -28.7118 -42.2849 -1923.61 82.968 -28.7118 82.968 -45.2833
GPRESSAVG: 4390000 1969.54 -19.4467 12.1417 -33.1454 -1922.3 79.0556 -28.2342 79.6866 -51.5294
TIMING: 4390000  CPU: 3948.38, 0.000901629/step  Wall: 3949.01, 0.000901882/step, 383.199 ns/days, 0.152819 hours remaining, 0.000000 MB of memory in use.
PERFORMANCE: 4390000  averaging 384.195 ns/day, 0.000899543 sec/step with standard deviation 1.82098e-06
ENERGY: 4390000        23.3387        52.6401        46.6634         2.5834         -52446.5189    -85189.3720         0.0000         0.0000     10762.5311        -126748.1341       297.5389   -137510.6653   -126737.2987       297.7978           -270.2300      -269.8011    184328.4195        -0.3706        -1.4292

WRITING EXTENDED SYSTEM TO RESTART FILE AT STEP 4390000
WRITING COORDINATES TO DCD FILE ../output/02_eq_3_CLKWW.0.dcd AT STEP 4390000
WRITING COORDINATES TO RESTART FILE AT STEP 4390000
FINISHED WRITING RESTART COORDINATES
WRITING VELOCITIES TO RESTART FILE AT STEP 4390000
FINISHED WRITING RESTART VELOCITIES
PRESSURE: 4400000 1788.69 25.2936 155.47 25.2922 -2105.33 93.3198 155.469 93.3209 -201.19
GPRESSURE: 4400000 1822.22 85.5178 237.585 -41.7316 -2122.98 60.943 207.81 86.3174 -212.386
PRESSAVG: 4400000 1984.45 -38.5424 -14.2675 -38.5424 -1916.66 83.1432 -14.2675 83.1432 -70.922
GPRESSAVG: 4400000 1991.97 -9.95176 30.621 -35.6949 -1920.06 84.3938 -13.0205 77.9188 -76.878
TIMING: 4400000  CPU: 3957.37, 0.000898692/step  Wall: 3958, 0.000898847/step, 384.492 ns/days, 0.149808 hours remaining, 0.000000 MB of memory in use.
PERFORMANCE: 4400000  averaging 384.196 ns/day, 0.000899541 sec/step with standard deviation 1.81921e-06
ETITLE:      TS           BOND          ANGLE          DIHED          IMPRP               ELECT            VDW       BOUNDARY           MISC        KINETIC               TOTAL           TEMP      POTENTIAL       TOTALAVG        TEMPAVG            PRESSURE      GPRESSURE         VOLUME       PRESSAVG      GPRESSAVG

ENERGY: 4400000        20.8838        51.4361        42.3397         1.1166         -52391.9138    -85327.2135         0.0000         0.0000     10727.4584        -126875.8926       296.5693   -137603.3510   -126740.4748       297.7693           -172.6105      -171.0511    184908.6270        -1.0420        -1.6573

WRITING EXTENDED SYSTEM TO RESTART FILE AT STEP 4400000
WRITING COORDINATES TO DCD FILE ../output/02_eq_3_CLKWW.0.dcd AT STEP 4400000
WRITING COORDINATES TO RESTART FILE AT STEP 4400000
FINISHED WRITING RESTART COORDINATES
WRITING VELOCITIES TO RESTART FILE AT STEP 4400000
FINISHED WRITING RESTART VELOCITIES
PRESSURE: 4410000 2667.3 72.0724 145.037 72.0728 -1258.23 -151.064 145.039 -151.064 144.57
GPRESSURE: 4410000 2615.09 140.683 135.804 73.4104 -1207.29 -136.891 209.105 -114.064 157.21
PRESSAVG: 4410000 2013.97 -42.303 -10.2833 -42.303 -1884.86 72.7583 -10.2833 72.7583 -31.7506
GPRESSAVG: 4410000 2017.46 -18.4104 26.68 -35.2037 -1884.34 70.4351 -3.15693 67.7335 -37.0895
TIMING: 4410000  CPU: 3966.36, 0.000899536/step  Wall: 3967, 0.000899753/step, 384.105 ns/days, 0.14746 hours remaining, 0.000000 MB of memory in use.
PERFORMANCE: 4410000  averaging 384.196 ns/day, 0.000899542 sec/step with standard deviation 1.81717e-06
ENERGY: 4410000        16.7858        59.7097        43.8067         1.4012         -52825.3959    -85114.0223         0.0000         0.0000     10752.1847        -127065.5302       297.2529   -137817.7148   -126762.8045       297.6452            517.8806       521.6729    183701.6473        32.4521        32.0117

WRITING EXTENDED SYSTEM TO RESTART FILE AT STEP 4410000
WRITING COORDINATES TO DCD FILE ../output/02_eq_3_CLKWW.0.dcd AT STEP 4410000
WRITING COORDINATES TO RESTART FILE AT STEP 4410000
FINISHED WRITING RESTART COORDINATES
WRITING VELOCITIES TO RESTART FILE AT STEP 4410000
FINISHED WRITING RESTART VELOCITIES
PRESSURE: 4420000 1627.26 -156.873 125.362 -156.871 -2089 103.814 125.363 103.811 -979.053
GPRESSURE: 4420000 1610.72 -153.081 138.15 -186.76 -2120.28 62.4687 139.26 190.345 -941.324
PRESSAVG: 4420000 1986.32 -55.4793 -20.0501 -55.4793 -1908.32 79.9044 -20.0501 79.9044 -85.8524
GPRESSAVG: 4420000 1986.93 -25.1956 16.9392 -56.422 -1907.29 65.4635 -13.8025 84.2366 -89.1623
TIMING: 4420000  CPU: 3975.34, 0.000897205/step  Wall: 3975.97, 0.000897365/step, 385.128 ns/days, 0.144575 hours remaining, 0.000000 MB of memory in use.
PERFORMANCE: 4420000  averaging 384.198 ns/day, 0.000899537 sec/step with standard deviation 1.81806e-06
ENERGY: 4420000        25.6177        77.8583        45.0828         1.0992         -52453.4399    -85162.4239         0.0000         0.0000     10830.6126        -126635.5932       299.4211   -137466.2058   -126761.0366       297.6070           -480.2637      -483.6269    185230.3755        -2.6182        -3.1763

WRITING EXTENDED SYSTEM TO RESTART FILE AT STEP 4420000
WRITING COORDINATES TO DCD FILE ../output/02_eq_3_CLKWW.0.dcd AT STEP 4420000
WRITING COORDINATES TO RESTART FILE AT STEP 4420000
FINISHED WRITING RESTART COORDINATES
WRITING VELOCITIES TO RESTART FILE AT STEP 4420000
FINISHED WRITING RESTART VELOCITIES
PRESSURE: 4430000 2226.33 -188.432 -109.976 -188.429 -1461.22 -123.764 -109.978 -123.766 257.184
GPRESSURE: 4430000 2269.31 -116.034 -123.556 -261.095 -1490 -104.699 -239.815 -111.089 243.991
PRESSAVG: 4430000 2002.19 -54.0049 -6.20368 -54.0049 -1882.69 59.9048 -6.20368 59.9048 -58.12
GPRESSAVG: 4430000 2002.71 -18.6021 28.7595 -62.6974 -1881.49 49.9682 -12.4628 58.4979 -60.8982
TIMING: 4430000  CPU: 3984.32, 0.000898328/step  Wall: 3984.96, 0.000898514/step, 384.635 ns/days, 0.142265 hours remaining, 0.000000 MB of memory in use.
PERFORMANCE: 4430000  averaging 384.199 ns/day, 0.000899534 sec/step with standard deviation 1.81665e-06
ENERGY: 4430000        26.5795        62.4709        38.4894         1.4898         -52479.7246    -85048.1554         0.0000         0.0000     10760.9389        -126637.9116       297.4949   -137398.8505   -126752.8678       297.5611            340.7655       341.1007    184889.2274        20.4617        20.1070

WRITING EXTENDED SYSTEM TO RESTART FILE AT STEP 4430000
WRITING COORDINATES TO DCD FILE ../output/02_eq_3_CLKWW.0.dcd AT STEP 4430000
WRITING COORDINATES TO RESTART FILE AT STEP 4430000
FINISHED WRITING RESTART COORDINATES
WRITING VELOCITIES TO RESTART FILE AT STEP 4430000
FINISHED WRITING RESTART VELOCITIES
PRESSURE: 4440000 1098.36 -152.244 -225.652 -152.247 -2642.8 -8.94056 -225.653 -8.94058 -513.485
GPRESSURE: 4440000 1107.7 -114.23 -257.265 -129.302 -2575.53 -97.2377 -157.863 66.5543 -592.672
PRESSAVG: 4440000 1983.19 -65.2751 -18.8757 -65.2751 -1895.63 66.0352 -18.8757 66.0352 -66.2874
GPRESSAVG: 4440000 1984.34 -33.4696 13.0757 -74.5324 -1889.98 57.3273 -23.8736 70.6751 -74.4494
TIMING: 4440000  CPU: 3993.32, 0.000900029/step  Wall: 3993.96, 0.000900183/step, 383.922 ns/days, 0.140028 hours remaining, 0.000000 MB of memory in use.
PERFORMANCE: 4440000  averaging 384.198 ns/day, 0.000899536 sec/step with standard deviation 1.81486e-06
ENERGY: 4440000        33.6407        55.7419        45.9808         2.4758         -52202.7976    -85488.0200         0.0000         0.0000     10781.3059        -126771.6726       298.0580   -137552.9784   -126759.0555       297.5396           -685.9746      -686.8324    185082.5638         7.0901         6.6360

WRITING EXTENDED SYSTEM TO RESTART FILE AT STEP 4440000
WRITING COORDINATES TO DCD FILE ../output/02_eq_3_CLKWW.0.dcd AT STEP 4440000
WRITING COORDINATES TO RESTART FILE AT STEP 4440000
FINISHED WRITING RESTART COORDINATES
WRITING VELOCITIES TO RESTART FILE AT STEP 4440000
FINISHED WRITING RESTART VELOCITIES
PRESSURE: 4450000 2191.75 -70.192 -164.943 -70.1916 -2311.4 -168.363 -164.942 -168.363 362.342
GPRESSURE: 4450000 2241.65 -52.0302 -127.144 -190.115 -2287.67 -147.143 -110.593 -169.19 285.199
PRESSAVG: 4450000 2010.23 -68.3895 -32.553 -68.3895 -1915.91 39.5299 -32.553 39.5299 -44.8797
GPRESSAVG: 4450000 2014.31 -37.6962 3.87937 -86.1568 -1911.37 35.2005 -38.0921 43.393 -55.467
TIMING: 4450000  CPU: 4002.36, 0.000904228/step  Wall: 4003, 0.000904366/step, 382.146 ns/days, 0.138167 hours remaining, 0.000000 MB of memory in use.
PERFORMANCE: 4450000  averaging 384.194 ns/day, 0.000899547 sec/step with standard deviation 1.82722e-06
ENERGY: 4450000        23.6014        63.4863        43.6932         1.0883         -52278.1452    -85374.1081         0.0000         0.0000     10732.5707        -126787.8133       296.7106   -137520.3840   -126757.4182       297.6243             80.8964        79.7258    184561.2094        16.4827        15.8211

WRITING EXTENDED SYSTEM TO RESTART FILE AT STEP 4450000
WRITING COORDINATES TO DCD FILE ../output/02_eq_3_CLKWW.0.dcd AT STEP 4450000
WRITING COORDINATES TO RESTART FILE AT STEP 4450000
FINISHED WRITING RESTART COORDINATES
WRITING VELOCITIES TO RESTART FILE AT STEP 4450000
FINISHED WRITING RESTART VELOCITIES
PRESSURE: 4460000 1834.54 -228.933 -434.38 -228.932 -1917.73 43.0099 -434.38 43.0104 309.013
GPRESSURE: 4460000 1750.13 -296.254 -366.827 -208.255 -1949.46 71.9251 -328.698 -5.90994 413.473
PRESSAVG: 4460000 2033.61 -78.6642 -48.8945 -78.6642 -1928.43 50.3377 -48.8945 50.3377 -26.8072
GPRESSAVG: 4460000 2035 -48.523 -14.9012 -96.4805 -1928.65 45.0102 -47.9759 50.6059 -30.9279
TIMING: 4460000  CPU: 4011.38, 0.000901731/step  Wall: 4012.02, 0.000901895/step, 383.193 ns/days, 0.135284 hours remaining, 0.000000 MB of memory in use.
PERFORMANCE: 4460000  averaging 384.191 ns/day, 0.000899552 sec/step with standard deviation 1.82855e-06
ENERGY: 4460000        36.2495        60.6523        42.4586         1.1917         -52381.8980    -85263.7290         0.0000         0.0000     10731.3509        -126773.7239       296.6769   -137505.0749   -126768.5553       297.4450             75.2758        71.3815    185024.9626        26.1255        25.1416

WRITING EXTENDED SYSTEM TO RESTART FILE AT STEP 4460000
WRITING COORDINATES TO DCD FILE ../output/02_eq_3_CLKWW.0.dcd AT STEP 4460000
WRITING COORDINATES TO RESTART FILE AT STEP 4460000
FINISHED WRITING RESTART COORDINATES
WRITING VELOCITIES TO RESTART FILE AT STEP 4460000
FINISHED WRITING RESTART VELOCITIES
PRESSURE: 4470000 2299.64 117.438 360.596 117.439 -1565.55 -263.25 360.594 -263.253 136.712
GPRESSURE: 4470000 2330.48 145.212 342.803 18.4859 -1600.23 -286.401 475.819 -239.112 136.003
PRESSAVG: 4470000 2046.73 -64.7087 -36.8478 -64.7087 -1920.07 37.1794 -36.8478 37.1794 -20.445
GPRESSAVG: 4470000 2047.82 -30.1978 -8.64288 -93.9566 -1921.7 30.3996 -30.5688 34.2317 -22.2348
TIMING: 4470000  CPU: 4020.37, 0.000898947/step  Wall: 4021.01, 0.000899095/step, 384.387 ns/days, 0.132367 hours remaining, 0.000000 MB of memory in use.
PERFORMANCE: 4470000  averaging 384.192 ns/day, 0.000899551 sec/step with standard deviation 1.82663e-06
ENERGY: 4470000        21.9090        61.7320        42.2875         1.4828         -52438.1079    -85187.0294         0.0000         0.0000     10752.4938        -126745.2322       297.2614   -137497.7261   -126770.8470       297.4846            290.2674       288.7511    184178.2495        35.4049        34.6267

WRITING EXTENDED SYSTEM TO RESTART FILE AT STEP 4470000
WRITING COORDINATES TO DCD FILE ../output/02_eq_3_CLKWW.0.dcd AT STEP 4470000
WRITING COORDINATES TO RESTART FILE AT STEP 4470000
FINISHED WRITING RESTART COORDINATES
WRITING VELOCITIES TO RESTART FILE AT STEP 4470000
FINISHED WRITING RESTART VELOCITIES
PRESSURE: 4480000 1489.81 137.704 47.1002 137.706 -1943.3 59.3418 47.1026 59.3412 -595.023
GPRESSURE: 4480000 1497.83 28.9327 162.674 190.98 -1907.85 62.9907 -127.596 18.67 -656.483
PRESSAVG: 4480000 2034.74 -64.574 -38.3943 -64.574 -1918.89 41.5183 -38.3943 41.5183 -34.4718
GPRESSAVG: 4480000 2036.13 -32.078 -10.6765 -87.7149 -1919.62 35.939 -37.533 32.119 -37.9013
TIMING: 4480000  CPU: 4029.39, 0.000902708/step  Wall: 4030.04, 0.000902951/step, 382.745 ns/days, 0.130426 hours remaining, 0.000000 MB of memory in use.
PERFORMANCE: 4480000  averaging 384.188 ns/day, 0.000899558 sec/step with standard deviation 1.83164e-06
ENERGY: 4480000        23.0491        55.6273        47.7697         1.1924         -52236.5797    -85291.4987         0.0000         0.0000     10752.4246        -126648.0152       297.2595   -137400.4399   -126770.9097       297.4399           -349.5048      -355.5020    185942.9440        27.1261        26.2027

WRITING EXTENDED SYSTEM TO RESTART FILE AT STEP 4480000
WRITING COORDINATES TO DCD FILE ../output/02_eq_3_CLKWW.0.dcd AT STEP 4480000
WRITING COORDINATES TO RESTART FILE AT STEP 4480000
FINISHED WRITING RESTART COORDINATES
WRITING VELOCITIES TO RESTART FILE AT STEP 4480000
FINISHED WRITING RESTART VELOCITIES
PRESSURE: 4490000 1305.06 153.245 573.586 153.245 -1733.01 -12.3475 573.585 -12.3466 -389.759
GPRESSURE: 4490000 1265.14 127.623 592.95 186.966 -1757.81 13.433 527.085 -65.694 -315.398
PRESSAVG: 4490000 2001.58 -48.5017 -4.55027 -48.5017 -1929.17 46.8572 -4.55027 46.8572 -63.5819
GPRESSAVG: 4490000 2003.31 -15.304 18.0902 -69.6182 -1932.32 45.5049 -4.13466 39.2373 -63.9988
TIMING: 4490000  CPU: 4038.47, 0.000907442/step  Wall: 4039.12, 0.000907551/step, 380.805 ns/days, 0.12857 hours remaining, 0.000000 MB of memory in use.
PERFORMANCE: 4490000  averaging 384.181 ns/day, 0.000899576 sec/step with standard deviation 1.86807e-06
ENERGY: 4490000        20.6222        61.8348        42.1775         4.3555         -52324.3042    -85376.1453         0.0000         0.0000     10716.5922        -126854.8672       296.2689   -137571.4594   -126783.6281       297.3693           -272.5699      -269.3569    185232.5013         2.9406         2.3294

WRITING EXTENDED SYSTEM TO RESTART FILE AT STEP 4490000
WRITING COORDINATES TO DCD FILE ../output/02_eq_3_CLKWW.0.dcd AT STEP 4490000
WRITING COORDINATES TO RESTART FILE AT STEP 4490000
FINISHED WRITING RESTART COORDINATES
WRITING VELOCITIES TO RESTART FILE AT STEP 4490000
FINISHED WRITING RESTART VELOCITIES
PRESSURE: 4500000 2087.45 17.6122 -90.0189 17.6122 -1342.86 -616.145 -90.0207 -616.146 670.89
GPRESSURE: 4500000 2029.5 27.9265 -74.2222 49.9664 -1310.58 -651.187 -98.339 -692.33 673.833
PRESSAVG: 4500000 2012.91 -30.582 -9.25216 -30.582 -1887.6 12.7509 -9.25216 12.7509 -41.6188
GPRESSAVG: 4500000 2010.25 -4.44154 15.7609 -46.9952 -1886.45 12.9829 -13.0792 -4.42626 -42.6031
TIMING: 4500000  CPU: 4047.5, 0.000903052/step  Wall: 4048.15, 0.000903184/step, 382.646 ns/days, 0.125442 hours remaining, 0.000000 MB of memory in use.
PERFORMANCE: 4500000  averaging 384.177 ns/day, 0.000899584 sec/step with standard deviation 1.87372e-06
ETITLE:      TS           BOND          ANGLE          DIHED          IMPRP               ELECT            VDW       BOUNDARY           MISC        KINETIC               TOTAL           TEMP      POTENTIAL       TOTALAVG        TEMPAVG            PRESSURE      GPRESSURE         VOLUME       PRESSAVG      GPRESSAVG

ENERGY: 4500000        17.5409        52.3889        45.0901         3.1257         -52223.3687    -85278.5733         0.0000         0.0000     10853.8524        -126529.9440       300.0636   -137383.7964   -126766.7029       297.5603            471.8269       464.2533    184438.9657        27.8941        27.0660

WRITING EXTENDED SYSTEM TO RESTART FILE AT STEP 4500000
WRITING COORDINATES TO DCD FILE ../output/02_eq_3_CLKWW.0.dcd AT STEP 4500000
WRITING COORDINATES TO RESTART FILE AT STEP 4500000
FINISHED WRITING RESTART COORDINATES
WRITING VELOCITIES TO RESTART FILE AT STEP 4500000
FINISHED WRITING RESTART VELOCITIES
PRESSURE: 4510000 2316.72 27.4671 -149.534 27.4666 -1981.04 -84.3946 -149.533 -84.3949 174.342
GPRESSURE: 4510000 2282.91 -68.7743 -115.806 76.9284 -1971.49 -210.198 -187.93 -107.534 199.198
PRESSAVG: 4510000 1981.44 -23.9099 -12.1353 -23.9099 -1890.97 -6.97793 -12.1353 -6.97793 -13.2787
GPRESSAVG: 4510000 1980.48 -10.6948 11.738 -37.7201 -1891.08 -10.9041 -16.0996 -25.7538 -14.696
TIMING: 4510000  CPU: 4056.56, 0.000905844/step  Wall: 4057.21, 0.000905933/step, 381.485 ns/days, 0.123308 hours remaining, 0.000000 MB of memory in use.
PERFORMANCE: 4510000  averaging 384.171 ns/day, 0.000899598 sec/step with standard deviation 1.89536e-06
ENERGY: 4510000        26.3307        59.0187        43.9613         1.2688         -52260.5296    -85502.7586         0.0000         0.0000     10839.0629        -126793.6457       299.6547   -137632.7087   -126784.9967       297.5256            170.0053       170.2060    183583.1653        25.7325        24.9003

WRITING EXTENDED SYSTEM TO RESTART FILE AT STEP 4510000
WRITING COORDINATES TO DCD FILE ../output/02_eq_3_CLKWW.0.dcd AT STEP 4510000
WRITING COORDINATES TO RESTART FILE AT STEP 4510000
FINISHED WRITING RESTART COORDINATES
WRITING VELOCITIES TO RESTART FILE AT STEP 4510000
FINISHED WRITING RESTART VELOCITIES
PRESSURE: 4520000 2026.89 -82.8413 -137.388 -82.8394 -1861.76 -85.2454 -137.39 -85.2457 -186.121
GPRESSURE: 4520000 2068.56 -117.158 -119.692 -95.85 -1953.49 -167.657 -112.892 -98.3692 -129.262
PRESSAVG: 4520000 1980.62 -24.3183 -21.0092 -24.3183 -1897.26 -22.4267 -21.0092 -22.4267 -39.7235
GPRESSAVG: 4520000 1982.78 -16.9519 -2.30482 -33.9506 -1901.02 -28.3777 -18.2354 -44.695 -40.0816
TIMING: 4520000  CPU: 4065.61, 0.000904942/step  Wall: 4066.26, 0.000905077/step, 381.846 ns/days, 0.120677 hours remaining, 0.000000 MB of memory in use.
PERFORMANCE: 4520000  averaging 384.166 ns/day, 0.000899611 sec/step with standard deviation 1.91072e-06
ENERGY: 4520000        16.9876        53.8211        44.7095         1.1332         -52274.9856    -85228.0501         0.0000         0.0000     10715.1644        -126671.2201       296.2294   -137386.3844   -126775.3482       297.4483             -6.9982        -4.7305    185281.7468        14.5450        13.8946

WRITING EXTENDED SYSTEM TO RESTART FILE AT STEP 4520000
WRITING COORDINATES TO DCD FILE ../output/02_eq_3_CLKWW.0.dcd AT STEP 4520000
WRITING COORDINATES TO RESTART FILE AT STEP 4520000
FINISHED WRITING RESTART COORDINATES
WRITING VELOCITIES TO RESTART FILE AT STEP 4520000
FINISHED WRITING RESTART VELOCITIES
PRESSURE: 4530000 1983.34 155.4 -119.189 155.4 -1392.03 -84.3893 -119.188 -84.3883 267.893
GPRESSURE: 4530000 2018.85 125.175 -14.0882 206.72 -1368.91 -71.1852 -169.389 -150.248 231.502
PRESSAVG: 4530000 2017.94 -24.0155 -18.7616 -24.0155 -1837.9 -26.8014 -18.7616 -26.8014 1.859
GPRESSAVG: 4530000 2021.04 -17.2381 0.954063 -32.5036 -1838.7 -40.2124 -18.025 -49.4684 -0.923722
TIMING: 4530000  CPU: 4074.66, 0.000904972/step  Wall: 4075.31, 0.000905041/step, 381.861 ns/days, 0.118158 hours remaining, 0.000000 MB of memory in use.
PERFORMANCE: 4530000  averaging 384.161 ns/day, 0.000899622 sec/step with standard deviation 1.92558e-06
ENERGY: 4530000        20.6038        61.1425        47.6848         0.6791         -52421.5979    -85283.3040         0.0000         0.0000     10727.4568        -126847.3348       296.5693   -137574.7917   -126776.7673       297.5669            286.4004       293.8132    183589.1050        60.6302        60.4699

WRITING EXTENDED SYSTEM TO RESTART FILE AT STEP 4530000
WRITING COORDINATES TO DCD FILE ../output/02_eq_3_CLKWW.0.dcd AT STEP 4530000
WRITING COORDINATES TO RESTART FILE AT STEP 4530000
FINISHED WRITING RESTART COORDINATES
WRITING VELOCITIES TO RESTART FILE AT STEP 4530000
FINISHED WRITING RESTART VELOCITIES
PRESSURE: 4540000 1520.37 35.6122 404.793 35.61 -2010.89 -278.664 404.793 -278.665 -249.473
GPRESSURE: 4540000 1481.04 254.112 401.723 -177.465 -1983.27 -227.318 492.246 -244.071 -225.11
PRESSAVG: 4540000 1984.82 -23.3141 -8.67387 -23.3141 -1849.91 -38.4222 -8.67387 -38.4222 -11.849
GPRESSAVG: 4540000 1985.4 -4.61155 16.9392 -43.342 -1851.33 -53.7493 -7.43796 -58.5119 -11.9359
TIMING: 4540000  CPU: 4083.68, 0.000902542/step  Wall: 4084.34, 0.000902682/step, 382.859 ns/days, 0.115343 hours remaining, 0.000000 MB of memory in use.
PERFORMANCE: 4540000  averaging 384.158 ns/day, 0.000899629 sec/step with standard deviation 1.92881e-06
ENERGY: 4540000        25.4811        60.2753        44.0689         2.0108         -52321.0881    -85372.2937         0.0000         0.0000     10850.8266        -126710.7192       299.9799   -137561.5458   -126773.3849       297.6845           -246.6625      -242.4462    185292.1022        41.0207        40.7125

WRITING EXTENDED SYSTEM TO RESTART FILE AT STEP 4540000
WRITING COORDINATES TO DCD FILE ../output/02_eq_3_CLKWW.0.dcd AT STEP 4540000
WRITING COORDINATES TO RESTART FILE AT STEP 4540000
FINISHED WRITING RESTART COORDINATES
WRITING VELOCITIES TO RESTART FILE AT STEP 4540000
FINISHED WRITING RESTART VELOCITIES
PRESSURE: 4550000 2769.09 88.7352 -46.2163 88.7353 -1641.99 338.327 -46.2147 338.326 492.44
GPRESSURE: 4550000 2760.68 35.8044 -48.1838 74.284 -1648.07 326.08 -6.74471 214.608 494.969
PRESSAVG: 4550000 2014.85 -20.0691 -9.36007 -20.0691 -1855.5 -11.3603 -9.36007 -11.3603 -5.99634
GPRESSAVG: 4550000 2008.78 -10.0526 14.6813 -41.648 -1854.29 -30.5709 -3.16549 -30.9114 -2.08282
TIMING: 4550000  CPU: 4092.68, 0.000899911/step  Wall: 4093.34, 0.000900085/step, 383.964 ns/days, 0.112511 hours remaining, 0.000000 MB of memory in use.
PERFORMANCE: 4550000  averaging 384.158 ns/day, 0.00089963 sec/step with standard deviation 1.92681e-06
ENERGY: 4550000        20.0116        49.6893        43.3539         1.1374         -52501.7957    -85153.8515         0.0000         0.0000     10830.8233        -126710.6316       299.4269   -137541.4549   -126762.0654       297.8212            539.8471       535.8586    185084.1500        51.1148        50.8031

WRITING EXTENDED SYSTEM TO RESTART FILE AT STEP 4550000
WRITING COORDINATES TO DCD FILE ../output/02_eq_3_CLKWW.0.dcd AT STEP 4550000
WRITING COORDINATES TO RESTART FILE AT STEP 4550000
FINISHED WRITING RESTART COORDINATES
WRITING VELOCITIES TO RESTART FILE AT STEP 4550000
FINISHED WRITING RESTART VELOCITIES
PRESSURE: 4560000 1923.3 226.636 169.906 226.636 -2065.5 60.2978 169.904 60.2993 439.844
GPRESSURE: 4560000 1980.88 273.937 198.516 275.373 -2134.12 95.8527 157.794 64.0579 454.937
PRESSAVG: 4560000 2006.3 -13.7665 -3.33175 -13.7665 -1844.4 -22.5312 -3.33175 -22.5312 22.1587
GPRESSAVG: 4560000 2008.24 -2.96286 21.1164 -30.0216 -1848.98 -38.029 -1.65212 -39.2282 23.8025
TIMING: 4560000  CPU: 4101.72, 0.000903387/step  Wall: 4102.37, 0.000903411/step, 382.55 ns/days, 0.110417 hours remaining, 0.000000 MB of memory in use.
PERFORMANCE: 4560000  averaging 384.154 ns/day, 0.000899639 sec/step with standard deviation 1.93281e-06
ENERGY: 4560000        33.2863        62.0053        49.2745         1.4538         -52414.8320    -85259.6345         0.0000         0.0000     10889.3091        -126639.1375       301.0438   -137528.4466   -126745.5655       297.9118             99.2142       100.5665    184896.3931        61.3527        61.0216

WRITING EXTENDED SYSTEM TO RESTART FILE AT STEP 4560000
WRITING COORDINATES TO DCD FILE ../output/02_eq_3_CLKWW.0.dcd AT STEP 4560000
WRITING COORDINATES TO RESTART FILE AT STEP 4560000
FINISHED WRITING RESTART COORDINATES
WRITING VELOCITIES TO RESTART FILE AT STEP 4560000
FINISHED WRITING RESTART VELOCITIES
PRESSURE: 4570000 2272.31 165.357 -55.5417 165.358 -1531.35 -77.2557 -55.539 -77.2551 290.433
GPRESSURE: 4570000 2292.78 220.204 -41.093 95.1774 -1518.83 -24.1105 -39.0127 -45.7023 254.746
PRESSAVG: 4570000 1989.16 8.38119 1.07878 8.38119 -1836.93 -34.5938 1.07878 -34.5938 28.2581
GPRESSAVG: 4570000 1989.82 25.1793 25.9266 -13.5121 -1839.11 -51.4274 6.17794 -45.6753 28.848
TIMING: 4570000  CPU: 4110.77, 0.000905624/step  Wall: 4111.43, 0.000905861/step, 381.516 ns/days, 0.1082 hours remaining, 0.000000 MB of memory in use.
PERFORMANCE: 4570000  averaging 384.148 ns/day, 0.000899652 sec/step with standard deviation 1.95251e-06
ENERGY: 4570000        17.7887        63.5125        45.8697         1.0933         -52526.4611    -85121.4947         0.0000         0.0000     10706.8250        -126812.8668       295.9989   -137519.6917   -126739.7674       298.0157            343.7963       342.8969    185108.4641        60.1620        59.8526

WRITING EXTENDED SYSTEM TO RESTART FILE AT STEP 4570000
WRITING COORDINATES TO DCD FILE ../output/02_eq_3_CLKWW.0.dcd AT STEP 4570000
WRITING COORDINATES TO RESTART FILE AT STEP 4570000
FINISHED WRITING RESTART COORDINATES
WRITING VELOCITIES TO RESTART FILE AT STEP 4570000
FINISHED WRITING RESTART VELOCITIES
PRESSURE: 4580000 1775.47 -47.5301 182.941 -47.532 -2069.4 -11.8463 182.942 -11.8453 -117.624
GPRESSURE: 4580000 1801.09 -95.0237 16.1795 -125.662 -2080.35 -31.1106 268.783 -47.7084 -133.035
PRESSAVG: 4580000 1945.6 11.3917 29.3021 11.3917 -1851.31 -49.0494 29.3021 -49.0494 -5.16186
GPRESSAVG: 4580000 1944.77 25.7944 48.1891 -15.8375 -1853.9 -62.9161 39.3174 -59.4581 -2.45773
TIMING: 4580000  CPU: 4119.77, 0.000899595/step  Wall: 4120.43, 0.0008998/step, 384.086 ns/days, 0.104977 hours remaining, 0.000000 MB of memory in use.
PERFORMANCE: 4580000  averaging 384.148 ns/day, 0.000899652 sec/step with standard deviation 1.95038e-06
ENERGY: 4580000        26.8989        62.3566        43.8417         1.5572         -52192.0429    -85529.8003         0.0000         0.0000     10735.7598        -126851.4291       296.7988   -137587.1889   -126755.5657       297.8139           -137.1848      -137.4336    184254.2631        29.7088        29.4723

WRITING EXTENDED SYSTEM TO RESTART FILE AT STEP 4580000
WRITING COORDINATES TO DCD FILE ../output/02_eq_3_CLKWW.0.dcd AT STEP 4580000
WRITING COORDINATES TO RESTART FILE AT STEP 4580000
FINISHED WRITING RESTART COORDINATES
WRITING VELOCITIES TO RESTART FILE AT STEP 4580000
FINISHED WRITING RESTART VELOCITIES
PRESSURE: 4590000 1125.37 -6.87037 107.434 -6.86963 -1968.86 38.8899 107.432 38.8903 -297.021
GPRESSURE: 4590000 1106.44 -25.779 241.541 127.42 -1980.89 85.1296 16.9065 -82.1833 -256.249
PRESSAVG: 4590000 1916.45 14.4331 36.9693 14.4331 -1844.66 -61.4337 36.9693 -61.4337 0.845716
GPRESSAVG: 4590000 1916.65 21.3382 59.0025 -2.02624 -1848.45 -68.8157 45.7967 -76.6327 4.15702
TIMING: 4590000  CPU: 4128.76, 0.000898805/step  Wall: 4129.42, 0.000898983/step, 384.434 ns/days, 0.102384 hours remaining, 0.000000 MB of memory in use.
PERFORMANCE: 4590000  averaging 384.149 ns/day, 0.000899651 sec/step with standard deviation 1.9485e-06
ENERGY: 4590000        27.3316        52.4269        50.1794         2.7770         -52268.7761    -85363.3665         0.0000         0.0000     10716.7735        -126782.6543       296.2739   -137499.4278   -126757.2918       297.7506           -380.1697      -376.8967    184592.2917        24.2118        24.1175

WRITING EXTENDED SYSTEM TO RESTART FILE AT STEP 4590000
WRITING COORDINATES TO DCD FILE ../output/02_eq_3_CLKWW.0.dcd AT STEP 4590000
WRITING COORDINATES TO RESTART FILE AT STEP 4590000
FINISHED WRITING RESTART COORDINATES
WRITING VELOCITIES TO RESTART FILE AT STEP 4590000
FINISHED WRITING RESTART VELOCITIES
PRESSURE: 4600000 1974.21 256.136 32.6238 256.134 -1891.03 -83.0984 32.624 -83.097 130.222
GPRESSURE: 4600000 2020.87 193.142 73.3914 338.193 -1862.68 -55.356 -5.8531 -199.718 66.1643
PRESSAVG: 4600000 1925.73 25.9751 30.827 25.9751 -1833.95 -70.2546 30.827 -70.2546 17.4163
GPRESSAVG: 4600000 1926.58 26.7194 50.7928 16.97 -1835.44 -74.6306 35.1135 -90.9345 18.0845
TIMING: 4600000  CPU: 4137.78, 0.000902195/step  Wall: 4138.44, 0.00090235/step, 383 ns/days, 0.100261 hours remaining, 0.000000 MB of memory in use.
PERFORMANCE: 4600000  averaging 384.146 ns/day, 0.000899657 sec/step with standard deviation 1.95044e-06
ETITLE:      TS           BOND          ANGLE          DIHED          IMPRP               ELECT            VDW       BOUNDARY           MISC        KINETIC               TOTAL           TEMP      POTENTIAL       TOTALAVG        TEMPAVG            PRESSURE      GPRESSURE         VOLUME       PRESSAVG      GPRESSAVG

ENERGY: 4600000        22.3808        57.4692        43.8583         1.1106         -52300.0140    -85369.4832         0.0000         0.0000     10688.7239        -126855.9545       295.4985   -137544.6784   -126756.2948       297.6971             71.1338        74.7837    184356.9013        36.3991        36.4092

WRITING EXTENDED SYSTEM TO RESTART FILE AT STEP 4600000
WRITING COORDINATES TO DCD FILE ../output/02_eq_3_CLKWW.0.dcd AT STEP 4600000
WRITING COORDINATES TO RESTART FILE AT STEP 4600000
FINISHED WRITING RESTART COORDINATES
WRITING VELOCITIES TO RESTART FILE AT STEP 4600000
FINISHED WRITING RESTART VELOCITIES
PRESSURE: 4610000 2414.29 -95.4538 6.91479 -95.4559 -1804.78 101.625 6.91395 101.625 596.038
GPRESSURE: 4610000 2389.98 -91.5218 -43.1342 40.1843 -1779.11 78.8024 72.3764 128.893 579.603
PRESSAVG: 4610000 1913.08 17.5987 23.9208 17.5987 -1861.28 -57.6201 23.9208 -57.6201 39.9897
GPRESSAVG: 4610000 1915.33 15.1091 41.8459 15.3087 -1864.03 -63.846 28.2771 -78.7866 39.2042
TIMING: 4610000  CPU: 4146.78, 0.000900236/step  Wall: 4147.45, 0.000900425/step, 383.819 ns/days, 0.097546 hours remaining, 0.000000 MB of memory in use.
PERFORMANCE: 4610000  averaging 384.146 ns/day, 0.000899659 sec/step with standard deviation 1.94865e-06
ENERGY: 4610000        30.5669        66.3215        42.8851         0.9378         -52220.3370    -85303.5606         0.0000         0.0000     10823.5478        -126559.6385       299.2258   -137383.1863   -126731.0003       297.7957            401.8507       396.8253    185485.2081        30.5976        30.1669

WRITING EXTENDED SYSTEM TO RESTART FILE AT STEP 4610000
WRITING COORDINATES TO DCD FILE ../output/02_eq_3_CLKWW.0.dcd AT STEP 4610000
WRITING COORDINATES TO RESTART FILE AT STEP 4610000
FINISHED WRITING RESTART COORDINATES
WRITING VELOCITIES TO RESTART FILE AT STEP 4610000
FINISHED WRITING RESTART VELOCITIES
PRESSURE: 4620000 1940.85 -6.05748 130.594 -6.05565 -1815.58 46.4759 130.597 46.4769 177.291
GPRESSURE: 4620000 1985.34 -18.8533 -40.0037 -9.5587 -1814.7 56.195 69.7511 109.584 140.125
PRESSAVG: 4620000 1928.76 25.1394 24.1825 25.1394 -1847.6 -60.4868 24.1825 -60.4868 97.8069
GPRESSAVG: 4620000 1934.06 21.8205 32.9382 24.1687 -1848.75 -64.1597 24.8016 -82.8246 93.2767
TIMING: 4620000  CPU: 4155.84, 0.000905943/step  Wall: 4156.51, 0.000906072/step, 381.427 ns/days, 0.095641 hours remaining, 0.000000 MB of memory in use.
PERFORMANCE: 4620000  averaging 384.14 ns/day, 0.000899672 sec/step with standard deviation 1.96927e-06
ENERGY: 4620000        16.9485        59.2973        42.7941         2.1829         -52178.9459    -85321.0031         0.0000         0.0000     10724.5681        -126654.1581       296.4894   -137378.7262   -126731.9285       297.6491            100.8528       103.5893    184846.2114        59.6534        59.5277

WRITING EXTENDED SYSTEM TO RESTART FILE AT STEP 4620000
WRITING COORDINATES TO DCD FILE ../output/02_eq_3_CLKWW.0.dcd AT STEP 4620000
WRITING COORDINATES TO RESTART FILE AT STEP 4620000
FINISHED WRITING RESTART COORDINATES
WRITING VELOCITIES TO RESTART FILE AT STEP 4620000
FINISHED WRITING RESTART VELOCITIES
PRESSURE: 4630000 1878.3 325.828 305.754 325.826 -1658.48 279.059 305.752 279.059 235.3
GPRESSURE: 4630000 1909.64 310.721 346.766 326.187 -1642.83 287.677 304.936 252.525 183.49
PRESSAVG: 4630000 1911.36 50.8522 44.9689 50.8522 -1857.47 -40.3456 44.9689 -40.3456 96.7127
GPRESSAVG: 4630000 1916.07 43.1582 56.4543 53.5328 -1856.39 -44.5409 52.0392 -64.6439 90.2516
TIMING: 4630000  CPU: 4164.91, 0.000906535/step  Wall: 4165.58, 0.00090676/step, 381.137 ns/days, 0.0931948 hours remaining, 0.000000 MB of memory in use.
PERFORMANCE: 4630000  averaging 384.133 ns/day, 0.000899688 sec/step with standard deviation 1.99453e-06
ENERGY: 4630000        26.2803        58.7452        45.8944         1.7008         -52431.9636    -85135.1737         0.0000         0.0000     10753.4476        -126681.0691       297.2878   -137434.5167   -126734.0864       297.6388            151.7066       150.0999    184300.2902        50.2005        49.9776

WRITING EXTENDED SYSTEM TO RESTART FILE AT STEP 4630000
WRITING COORDINATES TO DCD FILE ../output/02_eq_3_CLKWW.0.dcd AT STEP 4630000
WRITING COORDINATES TO RESTART FILE AT STEP 4630000
FINISHED WRITING RESTART COORDINATES
WRITING VELOCITIES TO RESTART FILE AT STEP 4630000
FINISHED WRITING RESTART VELOCITIES
PRESSURE: 4640000 3140.43 -171.211 112.27 -171.21 -1552.39 508.03 112.269 508.031 693.843
GPRESSURE: 4640000 3136.41 -206.421 186.66 -147.988 -1519.67 393.208 -8.84034 605.35 655.076
PRESSAVG: 4640000 2013.46 49.904 61.8651 49.904 -1802.95 -14.497 61.8651 -14.497 157.079
GPRESSAVG: 4640000 2017.51 38.5487 78.6506 52.5985 -1803.6 -20.0186 59.4904 -37.7041 152.639
TIMING: 4640000  CPU: 4173.92, 0.00090173/step  Wall: 4174.59, 0.00090185/step, 383.212 ns/days, 0.090185 hours remaining, 0.000000 MB of memory in use.
PERFORMANCE: 4640000  averaging 384.131 ns/day, 0.000899692 sec/step with standard deviation 1.9949e-06
ENERGY: 4640000        23.8585        58.0257        40.4156         0.7463         -52473.3528    -85243.9151         0.0000         0.0000     10805.5603        -126788.6616       298.7285   -137594.2219   -126734.9358       297.6723            760.6295       757.2739    184075.3744       122.5307       122.1830

WRITING EXTENDED SYSTEM TO RESTART FILE AT STEP 4640000
WRITING COORDINATES TO DCD FILE ../output/02_eq_3_CLKWW.0.dcd AT STEP 4640000
WRITING COORDINATES TO RESTART FILE AT STEP 4640000
FINISHED WRITING RESTART COORDINATES
WRITING VELOCITIES TO RESTART FILE AT STEP 4640000
FINISHED WRITING RESTART VELOCITIES
PRESSURE: 4650000 1483.58 78.5366 -130.083 78.5354 -2796.09 -146.198 -130.082 -146.201 -406.804
GPRESSURE: 4650000 1429.72 199.983 -83.5396 -48.5885 -2771.49 -160.177 -158.518 -148.166 -366.911
PRESSAVG: 4650000 1978.05 57.3404 63.608 57.3404 -1827.18 -13.3889 63.608 -13.3889 118.622
GPRESSAVG: 4650000 1976.91 51.1494 80.8308 59.6748 -1827.79 -20.6703 57.0941 -36.6529 120.034
TIMING: 4650000  CPU: 4182.9, 0.000898236/step  Wall: 4183.58, 0.000898457/step, 384.66 ns/days, 0.08735 hours remaining, 0.000000 MB of memory in use.
PERFORMANCE: 4650000  averaging 384.132 ns/day, 0.00089969 sec/step with standard deviation 1.99357e-06
ENERGY: 4650000        24.9087        60.7719        39.5558         1.8640         -52361.5511    -85258.8348         0.0000         0.0000     10862.7849        -126630.5007       300.3105   -137493.2856   -126727.0702       297.8523           -573.1039      -569.5587    185075.2637        89.8306        89.7187

WRITING EXTENDED SYSTEM TO RESTART FILE AT STEP 4650000
WRITING COORDINATES TO DCD FILE ../output/02_eq_3_CLKWW.0.dcd AT STEP 4650000
WRITING COORDINATES TO RESTART FILE AT STEP 4650000
FINISHED WRITING RESTART COORDINATES
WRITING VELOCITIES TO RESTART FILE AT STEP 4650000
FINISHED WRITING RESTART VELOCITIES
PRESSURE: 4660000 1161.72 17.4445 57.1028 17.4465 -2743.6 331.718 57.1026 331.719 -600.906
GPRESSURE: 4660000 1249.03 77.9629 93.3842 -2.5765 -2802.21 333.857 -13.1606 349.833 -643.232
PRESSAVG: 4660000 1944.41 69.6593 88.1822 69.6593 -1868.47 1.04656 88.1822 1.04656 73.1259
GPRESSAVG: 4660000 1951.86 69.8602 103.841 69.9587 -1870.43 -7.57367 72.871 -18.8657 67.1983
TIMING: 4660000  CPU: 4191.89, 0.000898225/step  Wall: 4192.56, 0.000898359/step, 384.702 ns/days, 0.084845 hours remaining, 0.000000 MB of memory in use.
PERFORMANCE: 4660000  averaging 384.134 ns/day, 0.000899687 sec/step with standard deviation 1.99238e-06
ENERGY: 4660000        18.6320        57.5381        37.8678         1.6235         -52141.1631    -85513.6908         0.0000         0.0000     10690.9151        -126848.2773       295.5590   -137539.1924   -126730.7979       297.7964           -727.5977      -732.1367    184821.2165        49.6870        49.5428

WRITING EXTENDED SYSTEM TO RESTART FILE AT STEP 4660000
WRITING COORDINATES TO DCD FILE ../output/02_eq_3_CLKWW.0.dcd AT STEP 4660000
WRITING COORDINATES TO RESTART FILE AT STEP 4660000
FINISHED WRITING RESTART COORDINATES
WRITING VELOCITIES TO RESTART FILE AT STEP 4660000
FINISHED WRITING RESTART VELOCITIES
PRESSURE: 4670000 1752.63 218.997 -119 218.998 -2116.19 -111.92 -118.999 -111.92 97.4313
GPRESSURE: 4670000 1761.18 213.347 -250.619 283.717 -2179.94 -152.333 37.7009 -150.807 140.854
PRESSAVG: 4670000 1917.06 74.7373 64.2025 74.7373 -1896.01 8.6132 64.2025 8.6132 71.1618
GPRESSAVG: 4670000 1923.39 73.2669 74.1702 83.2202 -1899.41 -0.870291 50.9651 -14.4505 67.4408
TIMING: 4670000  CPU: 4200.88, 0.000899443/step  Wall: 4201.56, 0.000899631/step, 384.157 ns/days, 0.0824662 hours remaining, 0.000000 MB of memory in use.
PERFORMANCE: 4670000  averaging 384.134 ns/day, 0.000899687 sec/step with standard deviation 1.99024e-06
ENERGY: 4670000        16.4842        54.5198        46.1637         1.0698         -52368.2780    -85295.5243         0.0000         0.0000     10671.8585        -126873.7064       295.0322   -137545.5649   -126737.2216       297.6850            -88.7083       -92.6376    185195.7657        30.7382        30.4734

WRITING EXTENDED SYSTEM TO RESTART FILE AT STEP 4670000
WRITING COORDINATES TO DCD FILE ../output/02_eq_3_CLKWW.0.dcd AT STEP 4670000
WRITING COORDINATES TO RESTART FILE AT STEP 4670000
FINISHED WRITING RESTART COORDINATES
WRITING VELOCITIES TO RESTART FILE AT STEP 4670000
FINISHED WRITING RESTART VELOCITIES
PRESSURE: 4680000 2370.16 -11.8929 -82.9827 -11.8924 -1494.26 -128.722 -82.9824 -128.721 441.222
GPRESSURE: 4680000 2332.38 -49.8737 -96.92 1.04023 -1488.3 -45.7274 -190.069 -131.823 488.405
PRESSAVG: 4680000 1961.08 67.2574 57.6983 67.2574 -1873.55 -0.789898 57.6983 -0.789898 122.974
GPRESSAVG: 4680000 1965.12 69.3266 61.1905 73.7233 -1878.44 -6.30619 47.8415 -21.9752 124.685
TIMING: 4680000  CPU: 4209.88, 0.000899422/step  Wall: 4210.55, 0.000899599/step, 384.171 ns/days, 0.0799644 hours remaining, 0.000000 MB of memory in use.
PERFORMANCE: 4680000  averaging 384.134 ns/day, 0.000899687 sec/step with standard deviation 1.98812e-06
ENERGY: 4680000        19.9928        63.7946        42.3666         2.6781         -52209.3459    -85253.2099         0.0000         0.0000     10673.7585        -126659.9653       295.0847   -137333.7238   -126737.8191       297.5762            439.0429       444.1588    185398.0006        70.1656        70.4564

WRITING EXTENDED SYSTEM TO RESTART FILE AT STEP 4680000
WRITING COORDINATES TO DCD FILE ../output/02_eq_3_CLKWW.0.dcd AT STEP 4680000
WRITING COORDINATES TO RESTART FILE AT STEP 4680000
FINISHED WRITING RESTART COORDINATES
WRITING VELOCITIES TO RESTART FILE AT STEP 4680000
FINISHED WRITING RESTART VELOCITIES
PRESSURE: 4690000 1291.94 137.023 280.972 137.022 -2182.94 -96.8146 280.971 -96.8142 71.5773
GPRESSURE: 4690000 1303.2 130.709 318.755 137.909 -2191.97 -94.6155 337.783 -150.668 69.3917
PRESSAVG: 4690000 1960.42 66.4462 43.0675 66.4462 -1896.05 -5.01328 43.0675 -5.01328 146.041
GPRESSAVG: 4690000 1967.02 69.4809 47.4807 71.2704 -1900.14 -11.7086 38.3764 -26.2239 143.925
TIMING: 4690000  CPU: 4218.85, 0.000897539/step  Wall: 4219.53, 0.000897667/step, 384.998 ns/days, 0.0772991 hours remaining, 0.000000 MB of memory in use.
PERFORMANCE: 4690000  averaging 384.136 ns/day, 0.000899682 sec/step with standard deviation 1.98818e-06
ENERGY: 4690000        24.6058        58.0438        42.3685         1.4172         -52500.2600    -85218.5640         0.0000         0.0000     10809.3492        -126783.0393       298.8332   -137592.3886   -126734.2277       297.7044           -273.1395      -273.1262    185296.9569        70.1371        70.2680

WRITING EXTENDED SYSTEM TO RESTART FILE AT STEP 4690000
WRITING COORDINATES TO DCD FILE ../output/02_eq_3_CLKWW.0.dcd AT STEP 4690000
WRITING COORDINATES TO RESTART FILE AT STEP 4690000
FINISHED WRITING RESTART COORDINATES
WRITING VELOCITIES TO RESTART FILE AT STEP 4690000
FINISHED WRITING RESTART VELOCITIES
PRESSURE: 4700000 1839.07 152.534 100.756 152.537 -2429.13 386.107 100.756 386.107 235.766
GPRESSURE: 4700000 1834.65 272.271 81.407 193.099 -2464.8 348.323 -40.8686 235.651 255.727
PRESSAVG: 4700000 1948 73.1925 52.6064 73.1925 -1950.36 45.0994 52.6064 45.0994 124.285
GPRESSAVG: 4700000 1957.28 81.6981 55.2622 78.427 -1957.86 38.2669 41.2499 20.1752 123.019
TIMING: 4700000  CPU: 4227.82, 0.000897316/step  Wall: 4228.51, 0.000897472/step, 385.082 ns/days, 0.0747893 hours remaining, 0.000000 MB of memory in use.
PERFORMANCE: 4700000  averaging 384.138 ns/day, 0.000899678 sec/step with standard deviation 1.98867e-06
ETITLE:      TS           BOND          ANGLE          DIHED          IMPRP               ELECT            VDW       BOUNDARY           MISC        KINETIC               TOTAL           TEMP      POTENTIAL       TOTALAVG        TEMPAVG            PRESSURE      GPRESSURE         VOLUME       PRESSAVG      GPRESSAVG

ENERGY: 4700000        23.5901        57.7561        45.3508         0.7884         -52102.9862    -85453.7861         0.0000         0.0000     10782.3310        -126646.9559       298.0863   -137429.2869   -126740.0783       297.6056           -118.0975      -124.8078    185253.7738        40.6409        40.8149

WRITING EXTENDED SYSTEM TO RESTART FILE AT STEP 4700000
WRITING COORDINATES TO DCD FILE ../output/02_eq_3_CLKWW.0.dcd AT STEP 4700000
WRITING COORDINATES TO RESTART FILE AT STEP 4700000
FINISHED WRITING RESTART COORDINATES
WRITING VELOCITIES TO RESTART FILE AT STEP 4700000
FINISHED WRITING RESTART VELOCITIES
PRESSURE: 4710000 1328.59 -143.992 -339.341 -143.992 -2570.12 27.4134 -339.342 27.4142 -10.6117
GPRESSURE: 4710000 1316.95 -169.628 -370.045 -192.489 -2566.1 75.8857 -326.744 34.7722 7.95774
PRESSAVG: 4710000 1898.6 64.6196 43.1159 64.6196 -1979.82 50.6898 43.1159 50.6898 115.037
GPRESSAVG: 4710000 1908.98 76.6554 42.5502 64.9561 -1987.59 52.571 34.3092 27.2905 113.457
TIMING: 4710000  CPU: 4236.83, 0.000900282/step  Wall: 4237.51, 0.00090034/step, 383.855 ns/days, 0.0725274 hours remaining, 0.000000 MB of memory in use.
PERFORMANCE: 4710000  averaging 384.137 ns/day, 0.000899679 sec/step with standard deviation 1.98679e-06
ENERGY: 4710000        27.6694        50.4354        43.8759         1.4502         -52216.8509    -85390.3397         0.0000         0.0000     10950.0883        -126533.6714       302.7241   -137483.7597   -126727.0796       297.7590           -417.3814      -413.7336    185656.0826        11.2715        11.6179

WRITING EXTENDED SYSTEM TO RESTART FILE AT STEP 4710000
WRITING COORDINATES TO DCD FILE ../output/02_eq_3_CLKWW.0.dcd AT STEP 4710000
WRITING COORDINATES TO RESTART FILE AT STEP 4710000
FINISHED WRITING RESTART COORDINATES
WRITING VELOCITIES TO RESTART FILE AT STEP 4710000
FINISHED WRITING RESTART VELOCITIES
PRESSURE: 4720000 2296.06 -159.477 -188.755 -159.475 -1543.73 -36.8928 -188.755 -36.8907 -126.169
GPRESSURE: 4720000 2325.76 -158.454 -147.312 -141.039 -1495.4 -73.2008 -78.098 -59.6286 -208.403
PRESSAVG: 4720000 1912.05 60.7878 40.5477 60.7878 -1963.92 53.1076 40.5477 53.1076 118.035
GPRESSAVG: 4720000 1921.84 74.5906 41.1693 62.6967 -1964.68 57.2938 36.0489 29.2275 109.5
TIMING: 4720000  CPU: 4245.83, 0.000899948/step  Wall: 4246.51, 0.000900107/step, 383.954 ns/days, 0.0700083 hours remaining, 0.000000 MB of memory in use.
PERFORMANCE: 4720000  averaging 384.137 ns/day, 0.00089968 sec/step with standard deviation 1.98478e-06
ENERGY: 4720000        21.9429        58.2121        45.1869         1.4392         -52460.7011    -85287.3577         0.0000         0.0000     10857.6192        -126763.6584       300.1677   -137621.2776   -126731.7015       297.9560            208.7213       207.3184    184714.2946        22.0575        22.2204

WRITING EXTENDED SYSTEM TO RESTART FILE AT STEP 4720000
WRITING COORDINATES TO DCD FILE ../output/02_eq_3_CLKWW.0.dcd AT STEP 4720000
WRITING COORDINATES TO RESTART FILE AT STEP 4720000
FINISHED WRITING RESTART COORDINATES
WRITING VELOCITIES TO RESTART FILE AT STEP 4720000
FINISHED WRITING RESTART VELOCITIES
PRESSURE: 4730000 1797.94 -273.769 25.0008 -273.771 -2207.84 199.044 24.9979 199.043 -120.653
GPRESSURE: 4730000 1865.37 -213.392 -156.968 -281.433 -2267.12 131.203 141.721 217.853 -133.449
PRESSAVG: 4730000 1902.78 39.3293 47.757 39.3293 -2004.71 67.2792 47.757 67.2792 98.6073
GPRESSAVG: 4730000 1914.17 57.6623 34.0253 38.289 -2009.59 67.4132 51.6044 47.6326 91.2528
TIMING: 4730000  CPU: 4254.82, 0.000899034/step  Wall: 4255.5, 0.000899165/step, 384.356 ns/days, 0.0674374 hours remaining, 0.000000 MB of memory in use.
PERFORMANCE: 4730000  averaging 384.137 ns/day, 0.000899679 sec/step with standard deviation 1.98282e-06
ENERGY: 4730000        22.7859        64.3460        39.6239         3.1133         -52208.9998    -85354.0858         0.0000         0.0000     10848.0006        -126585.2159       299.9018   -137433.2164   -126718.5955       298.1226           -176.8515      -178.3991    184876.9150        -1.1051        -1.3903

WRITING EXTENDED SYSTEM TO RESTART FILE AT STEP 4730000
WRITING COORDINATES TO DCD FILE ../output/02_eq_3_CLKWW.0.dcd AT STEP 4730000
WRITING COORDINATES TO RESTART FILE AT STEP 4730000
FINISHED WRITING RESTART COORDINATES
WRITING VELOCITIES TO RESTART FILE AT STEP 4730000
FINISHED WRITING RESTART VELOCITIES
PRESSURE: 4740000 2232.04 -87.474 65.0679 -87.4769 -1595.43 -106.409 65.0677 -106.408 131.518
GPRESSURE: 4740000 2218.78 -26.4392 59.9983 -206.681 -1577.47 -171.436 50.7531 -99.7281 129.047
PRESSAVG: 4740000 1938.37 33.1749 30.7707 33.1749 -1983.93 75.892 30.7707 75.892 117.657
GPRESSAVG: 4740000 1951.06 43.6347 16.939 36.8282 -1989.3 70.2073 29.5298 54.8497 108.961
TIMING: 4740000  CPU: 4263.82, 0.000900293/step  Wall: 4264.51, 0.000900535/step, 383.772 ns/days, 0.0650386 hours remaining, 0.000000 MB of memory in use.
PERFORMANCE: 4740000  averaging 384.136 ns/day, 0.000899681 sec/step with standard deviation 1.98111e-06
ENERGY: 4740000        24.2367        67.1037        43.6054         4.0261         -52489.9286    -85345.1565         0.0000         0.0000     10770.7637        -126925.3494       297.7665   -137696.1131   -126729.3270       298.0119            256.0450       256.7849    184199.3318        24.0303        23.5713

WRITING EXTENDED SYSTEM TO RESTART FILE AT STEP 4740000
WRITING COORDINATES TO DCD FILE ../output/02_eq_3_CLKWW.0.dcd AT STEP 4740000
WRITING COORDINATES TO RESTART FILE AT STEP 4740000
FINISHED WRITING RESTART COORDINATES
WRITING VELOCITIES TO RESTART FILE AT STEP 4740000
FINISHED WRITING RESTART VELOCITIES
PRESSURE: 4750000 1539.46 -31.1272 -282.795 -31.1277 -2254.85 76.0394 -282.796 76.0404 20.2944
GPRESSURE: 4750000 1544.1 59.4154 -333.364 -8.22934 -2243.94 63.3098 -266.111 112.358 10.9844
PRESSAVG: 4750000 1876.89 27.1818 18.9417 27.1818 -2014.58 62.7777 18.9417 62.7777 94.0495
GPRESSAVG: 4750000 1890.23 44.8153 2.68004 32.7025 -2019.1 57.0688 16.5615 49.7372 84.7614
TIMING: 4750000  CPU: 4272.82, 0.000900183/step  Wall: 4273.51, 0.000900435/step, 383.815 ns/days, 0.0625302 hours remaining, 0.000000 MB of memory in use.
PERFORMANCE: 4750000  averaging 384.136 ns/day, 0.000899682 sec/step with standard deviation 1.97932e-06
ENERGY: 4750000        29.2323        55.7122        43.6892         4.3912         -51840.8532    -85572.5141         0.0000         0.0000     10718.0662        -126562.2761       296.3096   -137280.3423   -126721.9093       297.8560           -231.7002      -229.6190    185231.3361       -14.5471       -14.7026

WRITING EXTENDED SYSTEM TO RESTART FILE AT STEP 4750000
WRITING COORDINATES TO DCD FILE ../output/02_eq_3_CLKWW.0.dcd AT STEP 4750000
WRITING COORDINATES TO RESTART FILE AT STEP 4750000
FINISHED WRITING RESTART COORDINATES
WRITING VELOCITIES TO RESTART FILE AT STEP 4750000
FINISHED WRITING RESTART VELOCITIES
PRESSURE: 4760000 1794.21 118.414 152.127 118.415 -2270.66 -67.8868 152.127 -67.8891 -331.4
GPRESSURE: 4760000 1776.43 -45.5905 174.444 190.485 -2264.27 -121.645 160.19 -23.9442 -305.646
PRESSAVG: 4760000 1870.43 21.7707 18.0528 21.7707 -2024.84 56.3683 18.0528 56.3683 55.4873
GPRESSAVG: 4760000 1880 28.8389 1.47644 28.4582 -2025.6 46.1939 16.6813 45.3371 46.7323
TIMING: 4760000  CPU: 4281.82, 0.000899998/step  Wall: 4282.51, 0.000900192/step, 383.918 ns/days, 0.0600128 hours remaining, 0.000000 MB of memory in use.
PERFORMANCE: 4760000  averaging 384.135 ns/day, 0.000899683 sec/step with standard deviation 1.97737e-06
ENERGY: 4760000        18.0406        65.2349        39.4637         1.6032         -52246.5860    -85179.0198         0.0000         0.0000     10730.0979        -126571.1655       296.6423   -137301.2634   -126718.5107       297.6360           -269.2847      -264.4942    185392.3339       -32.9720       -32.9556

WRITING EXTENDED SYSTEM TO RESTART FILE AT STEP 4760000
WRITING COORDINATES TO DCD FILE ../output/02_eq_3_CLKWW.0.dcd AT STEP 4760000
WRITING COORDINATES TO RESTART FILE AT STEP 4760000
FINISHED WRITING RESTART COORDINATES
WRITING VELOCITIES TO RESTART FILE AT STEP 4760000
FINISHED WRITING RESTART VELOCITIES
PRESSURE: 4770000 1974.42 39.5254 239.226 39.5269 -1922.27 -241.649 239.226 -241.649 25.9675
GPRESSURE: 4770000 1930.1 65.3203 237.599 -26.5508 -1873.49 -293.322 138.04 -242.264 41.5132
PRESSAVG: 4770000 1855.54 15.4792 32.791 15.4792 -2044.38 48.1486 32.791 48.1486 42.264
GPRESSAVG: 4770000 1861.87 21.0947 15.4111 22.3718 -2043.34 32.7333 25.5339 35.509 36.0706
TIMING: 4770000  CPU: 4290.84, 0.000901979/step  Wall: 4291.53, 0.000901975/step, 383.159 ns/days, 0.0576262 hours remaining, 0.000000 MB of memory in use.
PERFORMANCE: 4770000  averaging 384.133 ns/day, 0.000899688 sec/step with standard deviation 1.97808e-06
ENERGY: 4770000        21.9175        54.3023        44.8300         2.0794         -52392.4127    -85414.3698         0.0000         0.0000     10772.3700        -126911.2832       297.8109   -137683.6532   -126723.4315       297.7266             26.0372        32.7079    184907.3074       -48.8600       -48.4651

WRITING EXTENDED SYSTEM TO RESTART FILE AT STEP 4770000
WRITING COORDINATES TO DCD FILE ../output/02_eq_3_CLKWW.0.dcd AT STEP 4770000
WRITING COORDINATES TO RESTART FILE AT STEP 4770000
FINISHED WRITING RESTART COORDINATES
WRITING VELOCITIES TO RESTART FILE AT STEP 4770000
FINISHED WRITING RESTART VELOCITIES
PRESSURE: 4780000 1092.13 -98.6736 -280.698 -98.6712 -2292.67 154.331 -280.699 154.332 -290.025
GPRESSURE: 4780000 1144.25 -134.286 -185.554 -34.0712 -2283.4 151.942 -303.903 185.486 -330.716
PRESSAVG: 4780000 1821.37 12.9222 9.609 12.9222 -2055.55 56.4575 9.609 56.4575 33.644
GPRESSAVG: 4780000 1829.03 19.1316 5.32439 26.9513 -2053.49 41.8859 -3.1004 47.1687 26.1866
TIMING: 4780000  CPU: 4299.86, 0.000901635/step  Wall: 4300.55, 0.00090178/step, 383.242 ns/days, 0.0551088 hours remaining, 0.000000 MB of memory in use.
PERFORMANCE: 4780000  averaging 384.131 ns/day, 0.000899692 sec/step with standard deviation 1.97832e-06
ENERGY: 4780000        23.8456        64.4049        43.6000         2.3242         -52586.5126    -85174.8563         0.0000         0.0000     10901.6614        -126725.5330       301.3853   -137627.1944   -126717.1367       297.9559           -496.8545      -489.9561    184807.4799       -66.8435       -66.0912

WRITING EXTENDED SYSTEM TO RESTART FILE AT STEP 4780000
WRITING COORDINATES TO DCD FILE ../output/02_eq_3_CLKWW.0.dcd AT STEP 4780000
WRITING COORDINATES TO RESTART FILE AT STEP 4780000
FINISHED WRITING RESTART COORDINATES
WRITING VELOCITIES TO RESTART FILE AT STEP 4780000
FINISHED WRITING RESTART VELOCITIES
PRESSURE: 4790000 1348.91 87.6439 -26.9677 87.6455 -2307.12 -120.963 -26.9685 -120.963 549.153
GPRESSURE: 4790000 1417.98 112.289 66.5476 110.125 -2363.83 -156.478 -67.654 -146.868 531.574
PRESSAVG: 4790000 1832.55 17.648 2.88899 17.648 -2072.46 48.4648 2.88899 48.4648 75.9527
GPRESSAVG: 4790000 1844.6 26.035 -3.42527 26.0866 -2072.64 29.8055 -7.32842 43.9345 65.5777
TIMING: 4790000  CPU: 4308.87, 0.000900932/step  Wall: 4309.56, 0.000901073/step, 383.543 ns/days, 0.0525626 hours remaining, 0.000000 MB of memory in use.
PERFORMANCE: 4790000  averaging 384.13 ns/day, 0.000899695 sec/step with standard deviation 1.97726e-06
ENERGY: 4790000        27.4638        56.2848        44.8640         3.2498         -52244.9210    -85369.3458         0.0000         0.0000     10824.0111        -126658.3933       299.2386   -137482.4044   -126710.9236       298.1041           -136.3515      -138.0944    184640.6209       -54.6525       -54.1511

WRITING EXTENDED SYSTEM TO RESTART FILE AT STEP 4790000
WRITING COORDINATES TO DCD FILE ../output/02_eq_3_CLKWW.0.dcd AT STEP 4790000
WRITING COORDINATES TO RESTART FILE AT STEP 4790000
FINISHED WRITING RESTART COORDINATES
WRITING VELOCITIES TO RESTART FILE AT STEP 4790000
FINISHED WRITING RESTART VELOCITIES
PRESSURE: 4800000 2783.73 -232.701 -56.4788 -232.701 -1518.3 102.304 -56.4801 102.306 -517.635
GPRESSURE: 4800000 2830.95 -84.173 -62.6644 -382.734 -1554 114.455 -134.196 28.2664 -537.234
PRESSAVG: 4800000 1873.02 -6.79375 -1.56621 -6.79375 -2053.82 57.735 -1.56621 57.735 43.5598
GPRESSAVG: 4800000 1885.11 12.1692 -10.2281 -9.95973 -2057.2 38.2961 -13.7456 55.3337 35.4078
TIMING: 4800000  CPU: 4317.88, 0.000901736/step  Wall: 4318.58, 0.000901984/step, 383.155 ns/days, 0.0501102 hours remaining, 0.000000 MB of memory in use.
PERFORMANCE: 4800000  averaging 384.128 ns/day, 0.0008997 sec/step with standard deviation 1.97795e-06
ETITLE:      TS           BOND          ANGLE          DIHED          IMPRP               ELECT            VDW       BOUNDARY           MISC        KINETIC               TOTAL           TEMP      POTENTIAL       TOTALAVG        TEMPAVG            PRESSURE      GPRESSURE         VOLUME       PRESSAVG      GPRESSAVG

ENERGY: 4800000        24.5652        56.7856        42.7254         0.6769         -52397.7814    -85228.8064         0.0000         0.0000     10701.9804        -126799.8543       295.8649   -137501.8347   -126708.1186       298.1225            249.2656       246.5719    184415.0219       -45.7460       -45.5617

WRITING EXTENDED SYSTEM TO RESTART FILE AT STEP 4800000
WRITING COORDINATES TO DCD FILE ../output/02_eq_3_CLKWW.0.dcd AT STEP 4800000
WRITING COORDINATES TO RESTART FILE AT STEP 4800000
FINISHED WRITING RESTART COORDINATES
WRITING VELOCITIES TO RESTART FILE AT STEP 4800000
FINISHED WRITING RESTART VELOCITIES
PRESSURE: 4810000 1307.98 -23.3673 32.5261 -23.366 -2526.03 115.916 32.5271 115.915 -926.876
GPRESSURE: 4810000 1386.67 -11.1184 62.5717 -74.0723 -2519.55 177.205 8.69934 203.187 -1012.8
PRESSAVG: 4810000 1817.71 -3.18925 -0.285556 -3.18925 -2089.88 58.4494 -0.285556 58.4494 -32.5859
GPRESSAVG: 4810000 1834.94 16.1894 -4.94277 -15.6726 -2094.22 43.2162 -16.9294 59.0484 -44.2125
TIMING: 4810000  CPU: 4326.89, 0.000900237/step  Wall: 4327.58, 0.00090032/step, 383.863 ns/days, 0.0475169 hours remaining, 0.000000 MB of memory in use.
PERFORMANCE: 4810000  averaging 384.127 ns/day, 0.000899701 sec/step with standard deviation 1.97609e-06
ENERGY: 4810000        22.2250        55.4074        43.6269         2.1487         -51986.7467    -85454.3141         0.0000         0.0000     10830.7897        -126486.8631       299.4260   -137317.6528   -126704.4799       298.1325           -714.9773      -715.2271    185096.5102      -101.5874      -101.1643

WRITING EXTENDED SYSTEM TO RESTART FILE AT STEP 4810000
WRITING COORDINATES TO DCD FILE ../output/02_eq_3_CLKWW.0.dcd AT STEP 4810000
WRITING COORDINATES TO RESTART FILE AT STEP 4810000
FINISHED WRITING RESTART COORDINATES
WRITING VELOCITIES TO RESTART FILE AT STEP 4810000
FINISHED WRITING RESTART VELOCITIES
PRESSURE: 4820000 2517.53 43.6999 -65.5707 43.6984 -1250.84 -102.675 -65.571 -102.674 -26.4823
GPRESSURE: 4820000 2578.66 26.8232 24.6861 42.5168 -1319.06 -31.3743 -101.493 -82.2398 -3.96661
PRESSAVG: 4820000 1846.54 -0.70155 -10.094 -0.70155 -2061.65 50.9919 -10.094 50.9919 -42.7745
GPRESSAVG: 4820000 1864.61 18.4732 -1.70828 -13.0688 -2069.44 38.8377 -25.4916 49.4572 -51.4171
TIMING: 4820000  CPU: 4335.88, 0.000899374/step  Wall: 4336.58, 0.000899448/step, 384.236 ns/days, 0.0449724 hours remaining, 0.000000 MB of memory in use.
PERFORMANCE: 4820000  averaging 384.128 ns/day, 0.000899701 sec/step with standard deviation 1.97407e-06
ENERGY: 4820000        18.5423        55.4311        42.2171         1.3456         -52171.4131    -85358.2478         0.0000         0.0000     10649.1094        -126763.0155       294.4033   -137412.1249   -126709.9227       298.0282            413.4044       418.5457    185112.0201       -85.9598       -85.4165

WRITING EXTENDED SYSTEM TO RESTART FILE AT STEP 4820000
WRITING COORDINATES TO DCD FILE ../output/02_eq_3_CLKWW.0.dcd AT STEP 4820000
WRITING COORDINATES TO RESTART FILE AT STEP 4820000
FINISHED WRITING RESTART COORDINATES
WRITING VELOCITIES TO RESTART FILE AT STEP 4820000
FINISHED WRITING RESTART VELOCITIES
PRESSURE: 4830000 1644.59 103.87 78.3761 103.868 -2384.2 15.4769 78.3777 15.4791 -188.825
GPRESSURE: 4830000 1580.35 12.0972 229.076 125.782 -2358.84 67.2328 -104.884 -33.857 -163.238
PRESSAVG: 4830000 1834.86 -11.7995 -21.4627 -11.7995 -2097.93 37.8129 -21.4627 37.8129 -63.9808
GPRESSAVG: 4830000 1848.15 3.54208 -7.5928 -23.089 -2105.24 27.8155 -45.9826 35.1381 -68.7535
TIMING: 4830000  CPU: 4344.88, 0.000899636/step  Wall: 4345.58, 0.000899786/step, 384.091 ns/days, 0.0424899 hours remaining, 0.000000 MB of memory in use.
PERFORMANCE: 4830000  averaging 384.128 ns/day, 0.000899701 sec/step with standard deviation 1.97203e-06
ENERGY: 4830000        25.3519        63.0059        46.6469         2.5969         -52296.7433    -85329.5156         0.0000         0.0000     10779.1520        -126709.5054       297.9984   -137488.6573   -126711.3445       298.0637           -309.4798      -313.9073    185351.0394      -109.0191      -108.6168

WRITING EXTENDED SYSTEM TO RESTART FILE AT STEP 4830000
WRITING COORDINATES TO DCD FILE ../output/02_eq_3_CLKWW.0.dcd AT STEP 4830000
WRITING COORDINATES TO RESTART FILE AT STEP 4830000
FINISHED WRITING RESTART COORDINATES
WRITING VELOCITIES TO RESTART FILE AT STEP 4830000
FINISHED WRITING RESTART VELOCITIES
PRESSURE: 4840000 1827.87 97.421 -87.0495 97.42 -1718.48 -41.5745 -87.0514 -41.5752 399.442
GPRESSURE: 4840000 1906.82 197.526 24.4526 90.5919 -1778.3 -61.0951 -176.103 -36.0324 381.1
PRESSAVG: 4840000 1769.23 1.63204 -31.4287 1.63204 -2106.24 10.3325 -31.4287 10.3325 -78.7008
GPRESSAVG: 4840000 1786.67 23.7394 -15.7032 -11.16 -2118.17 5.10038 -54.3458 3.06899 -82.4523
TIMING: 4840000  CPU: 4353.87, 0.000898903/step  Wall: 4354.57, 0.000899135/step, 384.369 ns/days, 0.0399616 hours remaining, 0.000000 MB of memory in use.
PERFORMANCE: 4840000  averaging 384.128 ns/day, 0.0008997 sec/step with standard deviation 1.97015e-06
ENERGY: 4840000        26.8287        55.3164        43.3676         3.3175         -52546.3696    -85185.7328         0.0000         0.0000     10790.3337        -126812.9385       298.3075   -137603.2722   -126712.5584       298.0426            169.6098       169.8743    184134.4109      -138.5701      -137.9868

WRITING EXTENDED SYSTEM TO RESTART FILE AT STEP 4840000
WRITING COORDINATES TO DCD FILE ../output/02_eq_3_CLKWW.0.dcd AT STEP 4840000
WRITING COORDINATES TO RESTART FILE AT STEP 4840000
FINISHED WRITING RESTART COORDINATES
WRITING VELOCITIES TO RESTART FILE AT STEP 4840000
FINISHED WRITING RESTART VELOCITIES
PRESSURE: 4850000 1881.36 -209.381 79.3046 -209.381 -2030.73 -45.9109 79.3042 -45.9131 316.128
GPRESSURE: 4850000 1820.43 -144.39 62.6436 -326.956 -1937.42 -140.827 75.2377 19.2923 291.323
PRESSAVG: 4850000 1789.12 -12.7638 -20.9594 -12.7638 -2067.97 15.3469 -20.9594 15.3469 -42.5542
GPRESSAVG: 4850000 1806.2 6.52077 -8.39403 -25.0784 -2076.47 6.06784 -42.658 11.4419 -49.5406
TIMING: 4850000  CPU: 4362.89, 0.000901904/step  Wall: 4363.59, 0.000902066/step, 383.12 ns/days, 0.0375861 hours remaining, 0.000000 MB of memory in use.
PERFORMANCE: 4850000  averaging 384.126 ns/day, 0.000899705 sec/step with standard deviation 1.97105e-06
ENERGY: 4850000        20.9412        48.8277        46.5561         1.4327         -52435.6611    -85272.1912         0.0000         0.0000     10771.4346        -126818.6601       297.7851   -137590.0947   -126721.9664       297.9164             55.5841        58.1109    183818.2203      -107.1357      -106.6033

WRITING EXTENDED SYSTEM TO RESTART FILE AT STEP 4850000
WRITING COORDINATES TO DCD FILE ../output/02_eq_3_CLKWW.0.dcd AT STEP 4850000
WRITING COORDINATES TO RESTART FILE AT STEP 4850000
FINISHED WRITING RESTART COORDINATES
WRITING VELOCITIES TO RESTART FILE AT STEP 4850000
FINISHED WRITING RESTART VELOCITIES
PRESSURE: 4860000 1732.46 258.204 9.74644 258.207 -2105.25 -263.893 9.74525 -263.895 -80.8875
GPRESSURE: 4860000 1718.35 24.8905 -9.00707 368.989 -2162.3 -291.561 30.6066 -269.699 -23.3624
PRESSAVG: 4860000 1817.65 -0.725786 -23.3273 -0.725786 -2036.05 -14.4338 -23.3273 -14.4338 -16.5533
GPRESSAVG: 4860000 1829.67 3.86715 -13.5136 -6.50011 -2044.48 -25.2031 -40.4696 -19.5347 -18.5471
TIMING: 4860000  CPU: 4371.89, 0.000900025/step  Wall: 4372.59, 0.000900151/step, 383.935 ns/days, 0.0350059 hours remaining, 0.000000 MB of memory in use.
PERFORMANCE: 4860000  averaging 384.126 ns/day, 0.000899706 sec/step with standard deviation 1.96912e-06
ENERGY: 4860000        25.5155        58.2694        45.1493         3.5011         -52357.9166    -85226.1727         0.0000         0.0000     10577.1087        -126874.5451       292.4128   -137451.6538   -126723.2797       297.7591           -151.2256      -155.7691    184562.4297       -78.3171       -77.7849

WRITING EXTENDED SYSTEM TO RESTART FILE AT STEP 4860000
WRITING COORDINATES TO DCD FILE ../output/02_eq_3_CLKWW.0.dcd AT STEP 4860000
WRITING COORDINATES TO RESTART FILE AT STEP 4860000
FINISHED WRITING RESTART COORDINATES
WRITING VELOCITIES TO RESTART FILE AT STEP 4860000
FINISHED WRITING RESTART VELOCITIES
PRESSURE: 4870000 1959.88 356.672 354.771 356.674 -2103.57 -276.247 354.771 -276.246 9.13923
GPRESSURE: 4870000 1988.18 321.272 263.534 387.997 -2161.23 -247.383 584.263 -322.691 30.5667
PRESSAVG: 4870000 1828.02 6.15798 0.361249 6.15798 -2035.42 -22.6501 0.361249 -22.6501 -20.9679
GPRESSAVG: 4870000 1841.02 9.26343 12.194 -1.28608 -2043.54 -29.9556 -13.1415 -28.1289 -24.0615
TIMING: 4870000  CPU: 4380.87, 0.000898414/step  Wall: 4381.58, 0.000898611/step, 384.593 ns/days, 0.0324499 hours remaining, 0.000000 MB of memory in use.
PERFORMANCE: 4870000  averaging 384.127 ns/day, 0.000899703 sec/step with standard deviation 1.96772e-06
ENERGY: 4870000        25.1624        55.1760        49.4914         4.8305         -52324.7742    -85307.8908         0.0000         0.0000     10597.8740        -126900.1306       292.9868   -137498.0046   -126724.6010       297.6568            -44.8508       -47.4952    183978.7297       -76.1242       -75.5278

WRITING EXTENDED SYSTEM TO RESTART FILE AT STEP 4870000
WRITING COORDINATES TO DCD FILE ../output/02_eq_3_CLKWW.0.dcd AT STEP 4870000
WRITING COORDINATES TO RESTART FILE AT STEP 4870000
FINISHED WRITING RESTART COORDINATES
WRITING VELOCITIES TO RESTART FILE AT STEP 4870000
FINISHED WRITING RESTART VELOCITIES
PRESSURE: 4880000 1703.73 -13.5709 291.497 -13.5715 -1327.2 -514.038 291.494 -514.037 247.589
GPRESSURE: 4880000 1639.21 73.4068 291.354 -4.89234 -1270.94 -498.271 256.821 -496.494 267.162
PRESSAVG: 4880000 1794.69 6.07402 19.0851 6.07402 -2027.07 -41.9159 19.0851 -41.9159 -30.6496
GPRESSAVG: 4880000 1806.36 15.4275 31.6078 -1.58271 -2032.67 -52.5828 9.20297 -46.3625 -35.1237
TIMING: 4880000  CPU: 4389.86, 0.000899006/step  Wall: 4390.57, 0.000899196/step, 384.343 ns/days, 0.0299732 hours remaining, 0.000000 MB of memory in use.
PERFORMANCE: 4880000  averaging 384.127 ns/day, 0.000899702 sec/step with standard deviation 1.96583e-06
ENERGY: 4880000        20.7145        56.0603        42.9198         1.9628         -52427.0657    -85263.4114         0.0000         0.0000     10779.8493        -126788.9703       298.0177   -137568.8196   -126731.0512       297.8034            208.0380       211.8106    184367.3755       -87.6745       -87.1452

WRITING EXTENDED SYSTEM TO RESTART FILE AT STEP 4880000
WRITING COORDINATES TO DCD FILE ../output/02_eq_3_CLKWW.0.dcd AT STEP 4880000
WRITING COORDINATES TO RESTART FILE AT STEP 4880000
FINISHED WRITING RESTART COORDINATES
WRITING VELOCITIES TO RESTART FILE AT STEP 4880000
FINISHED WRITING RESTART VELOCITIES
PRESSURE: 4890000 1493.09 70.4094 21.1153 70.4105 -2259.59 -286.442 21.113 -286.442 51.7867
GPRESSURE: 4890000 1527.64 82.5316 53.1867 -32.4375 -2229.25 -193.777 -53.3381 -324.284 -19.3593
PRESSAVG: 4890000 1804.75 2.74345 6.09217 2.74345 -2030.9 -51.3973 6.09217 -51.3973 -31.6391
GPRESSAVG: 4890000 1817.58 13.0186 18.3294 -10.1 -2034.54 -57.5408 -10.3531 -55.0432 -39.5612
TIMING: 4890000  CPU: 4398.85, 0.000898974/step  Wall: 4399.56, 0.000899037/step, 384.411 ns/days, 0.0274706 hours remaining, 0.000000 MB of memory in use.
PERFORMANCE: 4890000  averaging 384.128 ns/day, 0.000899701 sec/step with standard deviation 1.96404e-06
ENERGY: 4890000        27.1187        55.1465        39.0942         2.1345         -52219.7504    -85301.3415         0.0000         0.0000     10894.4710        -126503.1270       301.1865   -137397.5980   -126717.0556       297.9211           -238.2374      -240.3228    185190.0049       -85.9293       -85.5050

WRITING EXTENDED SYSTEM TO RESTART FILE AT STEP 4890000
WRITING COORDINATES TO DCD FILE ../output/02_eq_3_CLKWW.0.dcd AT STEP 4890000
WRITING COORDINATES TO RESTART FILE AT STEP 4890000
FINISHED WRITING RESTART COORDINATES
WRITING VELOCITIES TO RESTART FILE AT STEP 4890000
FINISHED WRITING RESTART VELOCITIES
PRESSURE: 4900000 1962.86 59.4132 56.3664 59.413 -1949.43 -83.815 56.3698 -83.8167 227.588
GPRESSURE: 4900000 1932.91 76.3925 -18.8299 69.245 -1884.7 -201.336 90.664 -67.7994 197.046
PRESSAVG: 4900000 1810.94 -1.91277 3.87284 -1.91277 -2006.92 -74.8935 3.87284 -74.8935 -32.048
GPRESSAVG: 4900000 1822.49 3.22464 13.3175 -16.2927 -2005.53 -85.0237 -3.77646 -70.2158 -42.4952
TIMING: 4900000  CPU: 4407.83, 0.000898205/step  Wall: 4408.54, 0.000898361/step, 384.701 ns/days, 0.0249545 hours remaining, 0.000000 MB of memory in use.
PERFORMANCE: 4900000  averaging 384.129 ns/day, 0.000899698 sec/step with standard deviation 1.96297e-06
ETITLE:      TS           BOND          ANGLE          DIHED          IMPRP               ELECT            VDW       BOUNDARY           MISC        KINETIC               TOTAL           TEMP      POTENTIAL       TOTALAVG        TEMPAVG            PRESSURE      GPRESSURE         VOLUME       PRESSAVG      GPRESSAVG

ENERGY: 4900000        16.6489        61.4053        37.9808         1.5957         -52350.2602    -85308.1071         0.0000         0.0000     10726.5811        -126814.1554       296.5450   -137540.7364   -126725.4156       297.8440             80.3404        81.7505    185293.9354       -76.0074       -75.1771

WRITING EXTENDED SYSTEM TO RESTART FILE AT STEP 4900000
WRITING COORDINATES TO DCD FILE ../output/02_eq_3_CLKWW.0.dcd AT STEP 4900000
WRITING COORDINATES TO RESTART FILE AT STEP 4900000
FINISHED WRITING RESTART COORDINATES
WRITING VELOCITIES TO RESTART FILE AT STEP 4900000
FINISHED WRITING RESTART VELOCITIES
PRESSURE: 4910000 2092 -280.104 -155.511 -280.105 -1935.46 -45.4347 -155.507 -45.4358 608.078
GPRESSURE: 4910000 2113.01 -391.339 -248.194 -199.591 -1955.9 9.66729 -117.088 10.7088 608.993
PRESSAVG: 4910000 1849.11 -8.71841 13.0646 -8.71841 -1975.18 -78.536 13.0646 -78.536 -1.11351
GPRESSAVG: 4910000 1862.3 -7.8609 19.41 -16.6478 -1975.02 -88.3347 6.70635 -71.4189 -12.4435
TIMING: 4910000  CPU: 4416.82, 0.000899129/step  Wall: 4417.54, 0.000899333/step, 384.285 ns/days, 0.0224833 hours remaining, 0.000000 MB of memory in use.
PERFORMANCE: 4910000  averaging 384.129 ns/day, 0.000899698 sec/step with standard deviation 1.96103e-06
ENERGY: 4910000        25.2106        63.9270        44.0692         2.8963         -52299.1976    -85345.0434         0.0000         0.0000     10666.3397        -126841.7982       294.8796   -137508.1379   -126740.8219       297.4518            254.8738       255.3670    185246.8920       -42.3947       -41.7221

WRITING EXTENDED SYSTEM TO RESTART FILE AT STEP 4910000
WRITING COORDINATES TO DCD FILE ../output/02_eq_3_CLKWW.0.dcd AT STEP 4910000
WRITING COORDINATES TO RESTART FILE AT STEP 4910000
FINISHED WRITING RESTART COORDINATES
WRITING VELOCITIES TO RESTART FILE AT STEP 4910000
FINISHED WRITING RESTART VELOCITIES
PRESSURE: 4920000 2235.93 -211.699 -165.049 -211.698 -1779.6 96.8331 -165.05 96.8319 73.9091
GPRESSURE: 4920000 2248.07 -87.823 -200.642 -299.322 -1731.06 3.22659 -166.227 102.858 23.7188
PRESSAVG: 4920000 1846.1 -11.3296 14.2499 -11.3296 -1986.98 -71.8499 14.2499 -71.8499 8.89041
GPRESSAVG: 4920000 1858.41 -4.32933 16.7435 -24.562 -1986.8 -84.5133 2.29991 -63.2946 -0.837393
TIMING: 4920000  CPU: 4425.8, 0.0008982/step  Wall: 4426.52, 0.000898446/step, 384.664 ns/days, 0.0199655 hours remaining, 0.000000 MB of memory in use.
PERFORMANCE: 4920000  averaging 384.13 ns/day, 0.000899695 sec/step with standard deviation 1.95985e-06
ENERGY: 4920000        24.0295        61.0559        43.0361         2.7704         -52322.7682    -85320.0450         0.0000         0.0000     10620.3687        -126891.5528       293.6087   -137511.9215   -126747.2166       297.1239            176.7441       180.2428    184694.1224       -43.9935       -43.0759

WRITING EXTENDED SYSTEM TO RESTART FILE AT STEP 4920000
WRITING COORDINATES TO DCD FILE ../output/02_eq_3_CLKWW.0.dcd AT STEP 4920000
WRITING COORDINATES TO RESTART FILE AT STEP 4920000
FINISHED WRITING RESTART COORDINATES
WRITING VELOCITIES TO RESTART FILE AT STEP 4920000
FINISHED WRITING RESTART VELOCITIES
PRESSURE: 4930000 2109.86 -206.668 -4.52203 -206.67 -1934.76 239.537 -4.52195 239.538 360.388
GPRESSURE: 4930000 2159.5 -214.863 19.8878 -192.832 -1993.83 193.881 6.56958 236.607 355.074
PRESSAVG: 4930000 1861.7 -7.97453 12.7739 -7.97453 -1973.32 -69.8251 12.7739 -69.8251 32.9425
GPRESSAVG: 4930000 1873.12 -4.40286 25.5863 -20.1319 -1973.14 -81.3793 -4.45766 -62.3569 23.5888
TIMING: 4930000  CPU: 4434.79, 0.0008988/step  Wall: 4435.51, 0.000898918/step, 384.462 ns/days, 0.017479 hours remaining, 0.000000 MB of memory in use.
PERFORMANCE: 4930000  averaging 384.131 ns/day, 0.000899693 sec/step with standard deviation 1.95817e-06
ENERGY: 4930000        26.9997        63.3687        41.3603         2.8026         -52542.7847    -85230.9075         0.0000         0.0000     10688.7712        -126950.3898       295.4998   -137639.1610   -126765.4753       296.9038            178.4944       173.5798    184250.3797       -26.2263       -25.4769

WRITING EXTENDED SYSTEM TO RESTART FILE AT STEP 4930000
WRITING COORDINATES TO DCD FILE ../output/02_eq_3_CLKWW.0.dcd AT STEP 4930000
WRITING COORDINATES TO RESTART FILE AT STEP 4930000
FINISHED WRITING RESTART COORDINATES
WRITING VELOCITIES TO RESTART FILE AT STEP 4930000
FINISHED WRITING RESTART VELOCITIES
PRESSURE: 4940000 1855.42 11.3606 30.0827 11.3606 -2080.95 -10.9643 30.0836 -10.9636 332.492
GPRESSURE: 4940000 1875.15 -44.8596 -17.7365 -58.3662 -2127.11 54.9462 108.823 -46.9786 361.043
PRESSAVG: 4940000 1842.87 -3.03266 11.0247 -3.03266 -1997.6 -65.053 11.0247 -65.053 42.9912
GPRESSAVG: 4940000 1855.94 -5.32388 21.6996 -12.7161 -2000.62 -70.0602 -1.55418 -59.7194 35.1885
TIMING: 4940000  CPU: 4443.77, 0.000898236/step  Wall: 4444.49, 0.000898495/step, 384.643 ns/days, 0.0149749 hours remaining, 0.000000 MB of memory in use.
PERFORMANCE: 4940000  averaging 384.132 ns/day, 0.000899691 sec/step with standard deviation 1.95692e-06
ENERGY: 4940000        24.0384        63.4904        44.2552         3.4801         -52065.1330    -85389.9213         0.0000         0.0000     10808.3409        -126511.4492       298.8054   -137319.7901   -126744.7803       296.9557             35.6532        36.3612    185215.5863       -37.2458       -36.4981

WRITING EXTENDED SYSTEM TO RESTART FILE AT STEP 4940000
WRITING COORDINATES TO DCD FILE ../output/02_eq_3_CLKWW.0.dcd AT STEP 4940000
WRITING COORDINATES TO RESTART FILE AT STEP 4940000
FINISHED WRITING RESTART COORDINATES
WRITING VELOCITIES TO RESTART FILE AT STEP 4940000
FINISHED WRITING RESTART VELOCITIES
PRESSURE: 4950000 2513.93 -440.363 -458.886 -440.364 -1308.74 -26.9613 -458.886 -26.9613 70.7362
GPRESSURE: 4950000 2502.34 -547.728 -393.761 -207.541 -1295.01 -12.0224 -445.001 -23.9821 68.4012
PRESSAVG: 4950000 1891.59 -23.4945 2.22017 -23.4945 -1950.29 -70.203 2.22017 -70.203 45.5133
GPRESSAVG: 4950000 1903.85 -35.6811 18.6797 -22.6817 -1953.17 -73.8268 -10.4987 -66.5364 38.0594
TIMING: 4950000  CPU: 4452.76, 0.000898036/step  Wall: 4453.48, 0.00089811/step, 384.808 ns/days, 0.0124737 hours remaining, 0.000000 MB of memory in use.
PERFORMANCE: 4950000  averaging 384.133 ns/day, 0.000899688 sec/step with standard deviation 1.95623e-06
ENERGY: 4950000        24.3390        61.3270        46.3039         2.8650         -52062.4685    -85297.4394         0.0000         0.0000     10739.7804        -126485.2928       296.9099   -137225.0732   -126740.9312       296.9857            425.3084       425.2448    185448.4697        -4.3954        -3.7549

WRITING EXTENDED SYSTEM TO RESTART FILE AT STEP 4950000
WRITING COORDINATES TO DCD FILE ../output/02_eq_3_CLKWW.0.dcd AT STEP 4950000
WRITING COORDINATES TO RESTART FILE AT STEP 4950000
FINISHED WRITING RESTART COORDINATES
WRITING VELOCITIES TO RESTART FILE AT STEP 4950000
FINISHED WRITING RESTART VELOCITIES
PRESSURE: 4960000 1499.43 -124.84 -68.0047 -124.841 -2722.98 269.554 -68.0056 269.555 -282.517
GPRESSURE: 4960000 1528.95 -18.6126 -13.3916 -166.625 -2753.69 300.136 -127.04 157.357 -284.912
PRESSAVG: 4960000 1876.85 -35.6572 -8.78644 -35.6572 -1972.91 -53.3308 -8.78644 -53.3308 47.9574
GPRESSAVG: 4960000 1891.48 -34.3322 9.28793 -40.5372 -1977.65 -52.7378 -24.8602 -57.4713 39.0961
TIMING: 4960000  CPU: 4461.79, 0.000903228/step  Wall: 4462.51, 0.000903469/step, 382.526 ns/days, 0.0100385 hours remaining, 0.000000 MB of memory in use.
PERFORMANCE: 4960000  averaging 384.13 ns/day, 0.000899695 sec/step with standard deviation 1.96162e-06
ENERGY: 4960000        25.2622        59.7202        41.1023         1.3184         -52115.2161    -85494.8272         0.0000         0.0000     10807.9673        -126674.6728       298.7950   -137482.6401   -126746.1065       297.0934           -502.0224      -503.2155    185443.2194       -16.0323       -15.6910

WRITING EXTENDED SYSTEM TO RESTART FILE AT STEP 4960000
WRITING COORDINATES TO DCD FILE ../output/02_eq_3_CLKWW.0.dcd AT STEP 4960000
WRITING COORDINATES TO RESTART FILE AT STEP 4960000
FINISHED WRITING RESTART COORDINATES
WRITING VELOCITIES TO RESTART FILE AT STEP 4960000
FINISHED WRITING RESTART VELOCITIES
PRESSURE: 4970000 1480.95 100.471 80.3186 100.471 -2086.25 -191.05 80.3197 -191.048 -785.973
GPRESSURE: 4970000 1545.62 130.556 132.941 85.4889 -2057.9 6.42777 64.4811 -281.732 -885.855
PRESSAVG: 4970000 1852.18 -32.61 -16.7318 -32.61 -1981.11 -50.8008 -16.7318 -50.8008 7.36041
GPRESSAVG: 4970000 1872.25 -31.0704 4.05501 -34.9352 -1986.87 -37.7503 -28.5381 -59.4447 -7.27231
TIMING: 4970000  CPU: 4470.78, 0.000898826/step  Wall: 4471.5, 0.000898908/step, 384.466 ns/days, 0.0074909 hours remaining, 0.000000 MB of memory in use.
PERFORMANCE: 4970000  averaging 384.131 ns/day, 0.000899694 sec/step with standard deviation 1.95996e-06
ENERGY: 4970000        25.7234        57.2407        39.4440         1.5906         -52469.9344    -85311.4036         0.0000         0.0000     10751.6632        -126905.6760       297.2385   -137657.3392   -126745.8262       297.0647           -463.7584      -466.0430    183880.4461       -40.5221       -40.6285

WRITING EXTENDED SYSTEM TO RESTART FILE AT STEP 4970000
WRITING COORDINATES TO DCD FILE ../output/02_eq_3_CLKWW.0.dcd AT STEP 4970000
WRITING COORDINATES TO RESTART FILE AT STEP 4970000
FINISHED WRITING RESTART COORDINATES
WRITING VELOCITIES TO RESTART FILE AT STEP 4970000
FINISHED WRITING RESTART VELOCITIES
PRESSURE: 4980000 2334.94 153.623 206.258 153.622 -2061.24 518.231 206.258 518.232 -253.981
GPRESSURE: 4980000 2366.33 227.431 99.2146 146.272 -2073.06 523.232 157.05 551.749 -282.356
PRESSAVG: 4980000 1914.32 -19.9953 7.61611 -19.9953 -1969.54 -32.6058 7.61611 -32.6058 9.16263
GPRESSAVG: 4980000 1933.36 -12.9845 18.2934 -25.9181 -1976.35 -19.1857 -5.49047 -41.1315 -4.85428
TIMING: 4980000  CPU: 4479.76, 0.000898228/step  Wall: 4480.48, 0.00089838/step, 384.692 ns/days, 0.004991 hours remaining, 0.000000 MB of memory in use.
PERFORMANCE: 4980000  averaging 384.132 ns/day, 0.000899691 sec/step with standard deviation 1.95887e-06
ENERGY: 4980000        18.8814        57.6138        47.3547         1.1812         -52461.7828    -85303.4928         0.0000         0.0000     10814.2913        -126825.9533       298.9699   -137640.2445   -126750.8472       296.9440              6.5732         3.6388    184820.3391       -15.3507       -15.9488

WRITING EXTENDED SYSTEM TO RESTART FILE AT STEP 4980000
WRITING COORDINATES TO DCD FILE ../output/02_eq_3_CLKWW.0.dcd AT STEP 4980000
WRITING COORDINATES TO RESTART FILE AT STEP 4980000
FINISHED WRITING RESTART COORDINATES
WRITING VELOCITIES TO RESTART FILE AT STEP 4980000
FINISHED WRITING RESTART VELOCITIES
PRESSURE: 4990000 1635.72 233.195 -239.065 233.195 -2419.58 79.2819 -239.065 79.2817 -195.718
GPRESSURE: 4990000 1612.95 245.492 -276.673 232.994 -2414.63 196.085 -286.567 12.3659 -187.356
PRESSAVG: 4990000 1928.66 -12.7179 -2.98873 -12.7179 -1975.16 -22.5935 -2.98873 -22.5935 -28.0809
GPRESSAVG: 4990000 1943.11 -6.32437 1.13242 -19.7746 -1978.89 -1.55757 -16.4361 -33.1699 -40.8007
TIMING: 4990000  CPU: 4488.78, 0.000901943/step  Wall: 4489.5, 0.000902044/step, 383.13 ns/days, 0.00250568 hours remaining, 0.000000 MB of memory in use.
PERFORMANCE: 4990000  averaging 384.13 ns/day, 0.000899696 sec/step with standard deviation 1.95973e-06
ENERGY: 4990000        17.7801        60.2762        46.5127         1.4389         -52280.6537    -85330.0851         0.0000         0.0000     10765.2552        -126719.4758       297.6142   -137484.7309   -126753.9013       296.8627           -326.5276      -329.6775    185200.0567       -24.8595       -25.5280

WRITING EXTENDED SYSTEM TO RESTART FILE AT STEP 4990000
WRITING COORDINATES TO DCD FILE ../output/02_eq_3_CLKWW.0.dcd AT STEP 4990000
WRITING COORDINATES TO RESTART FILE AT STEP 4990000
FINISHED WRITING RESTART COORDINATES
WRITING VELOCITIES TO RESTART FILE AT STEP 4990000
FINISHED WRITING RESTART VELOCITIES
PRESSURE: 5000000 1550.36 64.3942 -49.6787 64.3948 -2368.36 369.585 -49.6796 369.587 -10.8313
GPRESSURE: 5000000 1575.53 52.4808 -138.973 0.445208 -2376.55 395.153 2.58006 340.763 -45.9297
PRESSAVG: 5000000 1866.99 2.13691 -2.6487 2.13691 -2017.66 -9.22949 -2.6487 -9.22949 -2.74074
GPRESSAVG: 5000000 1880.33 0.50832 -2.68302 -0.615655 -2020.02 12.4773 -9.59732 -17.545 -16.2355
TIMING: 5000000  CPU: 4497.82, 0.000903877/step  Wall: 4498.54, 0.000903962/step, 382.317 ns/days, 0 hours remaining, 0.000000 MB of memory in use.
PERFORMANCE: 5000000  averaging 384.126 ns/day, 0.000899704 sec/step with standard deviation 1.96704e-06
ETITLE:      TS           BOND          ANGLE          DIHED          IMPRP               ELECT            VDW       BOUNDARY           MISC        KINETIC               TOTAL           TEMP      POTENTIAL       TOTALAVG        TEMPAVG            PRESSURE      GPRESSURE         VOLUME       PRESSAVG      GPRESSAVG

ENERGY: 5000000        26.7006        58.1946        41.2209         2.0642         -52146.3310    -85528.8872         0.0000         0.0000     10707.2169        -126839.8210       296.0097   -137547.0379   -126755.8996       296.8700           -276.2769      -282.3159    184432.3251       -51.1366       -51.9723

WRITING EXTENDED SYSTEM TO RESTART FILE AT STEP 5000000
WRITING COORDINATES TO DCD FILE ../output/02_eq_3_CLKWW.0.dcd AT STEP 5000000
WRITING COORDINATES TO RESTART FILE AT STEP 5000000
FINISHED WRITING RESTART COORDINATES
WRITING VELOCITIES TO RESTART FILE AT STEP 5000000
FINISHED WRITING RESTART VELOCITIES
WRITING EXTENDED SYSTEM TO OUTPUT FILE AT STEP 5000000
CLOSING EXTENDED SYSTEM TRAJECTORY FILE
WRITING COORDINATES TO OUTPUT FILE AT STEP 5000000
CLOSING COORDINATE DCD FILE ../output/02_eq_3_CLKWW.0.dcd
WRITING VELOCITIES TO OUTPUT FILE AT STEP 5000000
====================================================

WallClock: 4500.710449  CPUTime: 4499.613770  Memory: 0.000000 MB
[Partition 0][Node 0] End of program
