Charm++: standalone mode (not using charmrun)
Charm++> Running in Multicore mode: 8 threads (PEs)
Charm++> Using recursive bisection (scheme 3) for topology aware partitions
Converse/Charm++ Commit ID: 
CharmLB> Load balancer assumes all CPUs are same.
Charm++> cpu affinity enabled. 
Charm++> Running on 1 hosts (1 sockets x 12 cores x 1 PUs = 20-way SMP)
Charm++> cpu topology info is gathered in 0.000 seconds.
Info: Built with CUDA version 11080
Pe 3 physical rank 3 will use CUDA device of pe 4
Pe 6 physical rank 6 will use CUDA device of pe 4
Pe 2 physical rank 2 will use CUDA device of pe 4
Pe 5 physical rank 5 will use CUDA device of pe 4
Pe 7 physical rank 7 will use CUDA device of pe 4
Pe 1 physical rank 1 will use CUDA device of pe 4
Pe 0 physical rank 0 will use CUDA device of pe 4
Pe 4 physical rank 4 binding to CUDA device 0 on greedo: 'NVIDIA GeForce RTX 3060'  Mem: 12015MB  Rev: 8.6  PCI: 0:1:0
CharmLB> Load balancing instrumentation for communication is off.
Info: NAMD 3.0.2 for Linux-x86_64-multicore-CUDA
Info: 
Info: Please visit http://www.ks.uiuc.edu/Research/namd/
Info: for updates, documentation, and support information.
Info: 
Info: Please cite Phillips et al., J. Chem. Phys. 153:044130 (2020) doi:10.1063/5.0014475
Info: in all publications reporting results obtained with NAMD.
Info: 
Info: Based on Charm++/Converse 80000 for multicore-linux-x86_64-gcc
Info: Built Wed Aug 27 15:48:11 CDT 2025 by dhardy on athine.ks.uiuc.edu
Info: 1 NAMD  3.0.2  Linux-x86_64-multicore-CUDA  8    greedo  gespinoza
Info: Running on 8 processors, 1 nodes, 1 physical nodes.
Info: CPU topology information available.
Info: Charm++/Converse parallel runtime startup completed at 0.0600406 s
CkLoopLib is used in SMP with simple dynamic scheduling (converse-level notification)
Info: 0 MB of memory in use based on /proc/self/stat
Info: Configuration file is eq_pamam_3_CLKWW.0.namd
Info: Working in the current directory /mnt/data/Londro/CLK-peptids/3_CLKWW/namd
TCL: Suspending until startup complete.
Info: EXTENDED SYSTEM FILE   ../output/3_CLKWW.0.restart.xsc
Info: Tuning parameters to improve GPU-resident performance
Warning: The Langevin gamma parameters differ over the particles,
Warning: requiring extra work per step to constrain rigid bonds.
Warning: Disabling lonepair support due to incompatability with GPU-resident.
Info: Running with GPU-resident mode
Warning: Always using force tables for GPU nonbonded kernel due to unsupported config parameters.
Info: SIMULATION PARAMETERS:
Info: TIMESTEP               4
Info: NUMBER OF STEPS        2500000
Info: STEPS PER CYCLE        10
Info: PERIODIC CELL BASIS 1  50.463 0 0
Info: PERIODIC CELL BASIS 2  0 54.107 0
Info: PERIODIC CELL BASIS 3  0 0 63.605
Info: PERIODIC CELL CENTER   0 0 0
Info: WRAPPING ALL CLUSTERS AROUND PERIODIC BOUNDARIES ON OUTPUT.
Info: WRAPPING TO IMAGE NEAREST TO PERIODIC CELL CENTER.
Info: LOAD BALANCER  Centralized
Info: LOAD BALANCING STRATEGY  New Load Balancers -- DEFAULT
Info: LDB PERIOD             2000 steps
Info: FIRST LDB TIMESTEP     50
Info: LAST LDB TIMESTEP     -1
Info: LDB BACKGROUND SCALING 1
Info: HOM BACKGROUND SCALING 1
Info: PME BACKGROUND SCALING 1
Info: MIN ATOMS PER PATCH    40
Info: EMPTY PATCH LOAD       40 ATOMS
Info: VELOCITY FILE          ../output/3_CLKWW.0.restart.vel
Info: CENTER OF MASS MOVING INITIALLY? YES
Info: DIELECTRIC             1
Info: EXCLUDE                SCALED ONE-FOUR
Info: 1-4 ELECTROSTATICS SCALED BY 1
Info: MODIFIED 1-4 VDW PARAMETERS WILL BE USED
Info: DCD FILENAME           ../output/3_CLKWW.1.dcd
Info: DCD FREQUENCY          10000
Info: DCD FIRST STEP         10000
Info: DCD FILE WILL CONTAIN UNIT CELL DATA
Info: XST FILENAME           ../output/3_CLKWW.1.xst
Info: XST FREQUENCY          10000
Info: NO VELOCITY DCD OUTPUT
Info: NO FORCE DCD OUTPUT
Info: OUTPUT FILENAME        ../output/3_CLKWW.1
Info: BINARY OUTPUT FILES WILL BE USED
Info: RESTART FILENAME       ../output/3_CLKWW.1.restart
Info: RESTART FREQUENCY      10000
Info: BINARY RESTART FILES WILL BE USED
Info: SWITCHING ACTIVE
Info: VDW FORCE SWITCHING ACTIVE
Info: SWITCHING ON           8
Info: SWITCHING OFF          9
Info: PAIRLIST DISTANCE      11
Info: PAIRLIST SHRINK RATE   0.01
Info: PAIRLIST GROW RATE     0.01
Info: PAIRLIST TRIGGER       0.3
Info: PAIRLISTS PER CYCLE    2
Info: PAIRLISTS ENABLED
Info: MARGIN                 4
Info: HYDROGEN GROUP CUTOFF  2.5
Info: PATCH DIMENSION        17.5
Info: ENERGY OUTPUT STEPS    10000
Info: ENERGY EVALUATION STEPS    10000
Info: OUTPUT ENERGY PRECISION 4
Info: CROSSTERM ENERGY INCLUDED IN DIHEDRAL
Info: TIMING OUTPUT STEPS    10000
Info: PRESSURE OUTPUT STEPS  10000
Info: LANGEVIN DYNAMICS ACTIVE
Info: LANGEVIN TEMPERATURE   300
Info: LANGEVIN USING BBK INTEGRATOR
Info: LANGEVIN DAMPING COEFFICIENT IS 1 INVERSE PS
Info: LANGEVIN DYNAMICS NOT APPLIED TO HYDROGENS
Info: LANGEVIN PISTON PRESSURE CONTROL ACTIVE
Info:        TARGET PRESSURE IS 1.01325 BAR
Info:     OSCILLATION PERIOD IS 400 FS
Info:             DECAY TIME IS 300 FS
Info:     PISTON TEMPERATURE IS 300 K
Info:       PRESSURE CONTROL IS GROUP-BASED
Info:    INITIAL STRAIN RATE IS 0 0 0
Info:       CELL FLUCTUATION IS ANISOTROPIC
Info:     SHAPE OF CELL IS CONSTRAINED IN X-Y PLANE
Info: PARTICLE MESH EWALD (PME) ACTIVE
Info: PME TOLERANCE               1e-06
Info: PME EWALD COEFFICIENT       0.348832
Info: PME INTERPOLATION ORDER     4
Info: PME GRID DIMENSIONS         44 48 54
Info: PME MAXIMUM GRID SPACING    1.2
Info: PME CALCULATION WILL BE PERFORMED ON GPU
Info: FULL ELECTROSTATIC EVALUATION FREQUENCY      1
Info: USING VERLET I (r-RESPA) MTS SCHEME.
Info: C1 SPLITTING OF LONG RANGE ELECTROSTATICS
Info: PLACING ATOMS IN PATCHES BY HYDROGEN GROUPS
Info: RIGID BONDS TO HYDROGEN : ALL
Info:         ERROR TOLERANCE : 1e-08
Info:          MAX ITERATIONS : 100
Info: RIGID WATER USING SETTLE ALGORITHM
Info: RANDOM NUMBER SEED     1768057141
Info: USE HYDROGEN BONDS?    NO
Info: COORDINATE PDB         ../build/final-sist-3_CLKWW_ion.pdb
Info: STRUCTURE FILE         ../build/repart_3_CLKWW.psf
Info: PARAMETER file: CHARMM format! 
Info: PARAMETERS             ../parameters/par_all36_prot_lipid_water_ions.prm
Info: PARAMETERS             ../parameters/par_all36_prot_lipid_water_ions_hyp.prm
Info: PARAMETERS             ../parameters/par_all36_cgenff.prm
Info: PARAMETERS             ../parameters/par_all36_prot.prm
Info: PARAMETERS             ../parameters/toppar_water_ions_cgenff.str
Info: PARAMETERS             ../parameters/par_interface.prm
Info: PARAMETERS             ../parameters/par_all36_carb.prm
Info: PARAMETERS             ../parameters/par_all36_na.prm
Info: PARAMETERS             ../parameters/par_all36_cgenff_edit_gold.prm
Info: USING ARITHMETIC MEAN TO COMBINE L-J SIGMA PARAMETERS
Info: BINARY COORDINATES     ../output/3_CLKWW.0.restart.coor
Info: SKIPPING rtf SECTION IN STREAM FILE

Warning: DUPLICATE BOND ENTRY FOR CG2O7-OG2D5
PREVIOUS VALUES  k=986  x0=1.16
   USING VALUES  k=986  x0=1.17

Warning: DUPLICATE BOND ENTRY FOR CG331-NG2S3
PREVIOUS VALUES  k=261  x0=1.49
   USING VALUES  k=266  x0=1.46

Warning: DUPLICATE DIHEDRAL ENTRY FOR CG2R61-CG2R61-OG301-CG331
PREVIOUS VALUES MULTIPLICITY: 1
  k=1.74  n=2  delta=180
Warning: IDENTICAL PERIODICITY! REPLACING OLD VALUES BY: 
  k=1.58  n=2  delta=180
Warning: DUPLICATE vdW ENTRY FOR CG1T1
PREVIOUS VALUES  sigma=3.33196 epsilon=0.17 sigma14=3.33196 epsilon14=0.17
   USING VALUES  sigma=3.27851 epsilon=0.167 sigma14=3.27851 epsilon14=0.167
Warning: DUPLICATE vdW ENTRY FOR CLGR1
PREVIOUS VALUES  sigma=3.43887 epsilon=0.32 sigma14=3.43887 epsilon14=0.32
   USING VALUES  sigma=3.31414 epsilon=0.23 sigma14=3.31414 epsilon14=0.23
Warning: DUPLICATE vdW ENTRY FOR BRGR1
PREVIOUS VALUES  sigma=3.68832 epsilon=0.42 sigma14=3.68832 epsilon14=0.42
   USING VALUES  sigma=3.52796 epsilon=0.32 sigma14=3.52796 epsilon14=0.32
Warning: DUPLICATE vdW ENTRY FOR IGR1
PREVIOUS VALUES  sigma=3.90214 epsilon=0.55 sigma14=3.90214 epsilon14=0.55
   USING VALUES  sigma=3.99123 epsilon=0.52 sigma14=3.99123 epsilon14=0.52
Info: SUMMARY OF PARAMETERS:
Info: 2648 BONDS
Info: 10579 ANGLES
Info: 37618 DIHEDRAL
Info: 737 IMPROPER
Info: 18 CROSSTERM
Info: 802 VDW
Info: 77 VDW_PAIRS
Info: 0 NBTHOLE_PAIRS
Info: TIME FOR READING PSF FILE: 0.0654578
Info: Reading pdb file ../build/final-sist-3_CLKWW_ion.pdb
Info: TIME FOR READING PDB FILE: 0.00836753
Info: 
Info: ****************************
Info: STRUCTURE SUMMARY:
Info: 14246 ATOMS
Info: 7950 BONDS
Info: 4112 ANGLES
Info: 282 DIHEDRALS
Info: 9 IMPROPERS
Info: 3 CROSSTERMS
Info: 0 EXCLUSIONS
Info: 11817 RIGID BONDS
Info: 30921 DEGREES OF FREEDOM
Info: 6351 HYDROGEN GROUPS
Info: 4 ATOMS IN LARGEST HYDROGEN GROUP
Info: 6351 MIGRATION GROUPS
Info: 4 ATOMS IN LARGEST MIGRATION GROUP
Info: TOTAL MASS = 539419 amu
Info: TOTAL CHARGE = 1.86265e-08 e
Info: MASS DENSITY = 5.15784 g/cm^3
Info: ATOM DENSITY = 0.0820305 atoms/A^3
Info: *****************************
Info: Reading from binary file ../output/3_CLKWW.0.restart.coor
Info: 
Info: Entering startup at 2.02906 s, 0 MB of memory in use
Info: Startup phase 0 took 4.6166e-05 s, 0 MB of memory in use
Info: ADDED 12328 IMPLICIT EXCLUSIONS
Info: Startup phase 1 took 0.00872178 s, 0 MB of memory in use
Info: NONBONDED TABLE R-SQUARED SPACING: 0.0625
Info: NONBONDED TABLE SIZE: 705 POINTS
Info: INCONSISTENCY IN FAST TABLE ENERGY VS FORCE: 0.000290481 AT 0.251946
Info: INCONSISTENCY IN SCOR TABLE ENERGY VS FORCE: 0.000238233 AT 8.9687
Info: INCONSISTENCY IN VDWA TABLE ENERGY VS FORCE: 0.0040507 AT 0.251946
Info: ABSOLUTE IMPRECISION IN VDWB TABLE ENERGY: 2.06795e-25 AT 8.99653
Info: RELATIVE IMPRECISION IN VDWB TABLE ENERGY: 1.11702e-16 AT 8.99653
Info: INCONSISTENCY IN VDWB TABLE ENERGY VS FORCE: 0.00150189 AT 0.251946
Info: Startup phase 2 took 0.00283637 s, 0 MB of memory in use
Info: Startup phase 3 took 3.0432e-05 s, 0 MB of memory in use
Info: Startup phase 4 took 7.9616e-05 s, 0 MB of memory in use
Info: Startup phase 5 took 3.1126e-05 s, 0 MB of memory in use
Info: PATCH GRID IS 2 (PERIODIC) BY 3 (PERIODIC) BY 3 (PERIODIC)
Info: PATCH GRID IS 1-AWAY BY 1-AWAY BY 1-AWAY
Info: Reading from binary file ../output/3_CLKWW.0.restart.vel
Info: LARGEST PATCH (17) HAS 933 ATOMS
Info: TORUS A SIZE 1 USING 0
Info: TORUS B SIZE 1 USING 0
Info: TORUS C SIZE 1 USING 0
Info: TORUS MINIMAL MESH SIZE IS 1 BY 1 BY 1
Info: Placed 100% of base nodes on same physical node as patch
Info: Startup phase 6 took 0.00360851 s, 0 MB of memory in use
Info: Use 3D box decompostion in PME FFT.
Info: PME using 1 x 1 x 1 pencil grid for FFT and reciprocal sum.
Info: Startup phase 7 took 0.000110745 s, 0 MB of memory in use
Info: Updated CUDA force table with 4096 elements.
Info: Updated CUDA LJ table with 484 x 484 elements.
Info: Startup phase 8 took 0.00200909 s, 0 MB of memory in use
Info: Startup phase 9 took 3.9789e-05 s, 0 MB of memory in use
Info: Startup phase 10 took 2.4365e-05 s, 0 MB of memory in use
Info: Startup phase 11 took 0.00176065 s, 0 MB of memory in use
LDB: Central LB being created...
Info: Startup phase 12 took 0.00120495 s, 0 MB of memory in use
Info: CREATING 442 COMPUTE OBJECTS
Info: Found 66 unique exclusion lists needing 172 bytes
Info: useSync: 0 useProxySync: 0
Info: Startup phase 13 took 0.00985179 s, 0 MB of memory in use
Info: Startup phase 14 took 4.0166e-05 s, 0 MB of memory in use
Info: Startup phase 15 took 9.588e-06 s, 0 MB of memory in use
Info: Finished startup at 2.05947 s, 0 MB of memory in use

PRESSURE: 0 18283.1 -47.8896 -10.756 -47.8879 11565.1 -26.596 -10.755 -26.5945 -5166.9
GPRESSURE: 0 18282.9 -47.8416 -10.5397 -48.1221 11565.2 -26.4999 -10.8539 -26.6878 -5166.89
ETITLE:      TS           BOND          ANGLE          DIHED          IMPRP               ELECT            VDW       BOUNDARY           MISC        KINETIC               TOTAL           TEMP      POTENTIAL       TOTALAVG        TEMPAVG            PRESSURE      GPRESSURE         VOLUME       PRESSAVG      GPRESSAVG

ENERGY:       0         6.5948        24.2443        37.7708         0.3940         -52886.9698    -85340.1682         0.0000         0.0000         0.0000        -138158.1341         0.0000   -138158.1341   -138158.1341         0.0000           8227.0967      8227.0590    173667.1900      8227.0967      8227.0590

OPENING EXTENDED SYSTEM TRAJECTORY FILE
Info: Initial time: 8 CPUs 0.000913997 s/step 378.119 ns/day 0 MB memory
Info: Initial time: 8 CPUs 0.000882166 s/step 391.763 ns/day 0 MB memory
Info: Initial time: 8 CPUs 0.000879909 s/step 392.768 ns/day 0 MB memory
Info: Benchmark time: 8 CPUs 0.000882244 s/step 391.728 ns/day 0 MB memory
Info: Benchmark time: 8 CPUs 0.000911172 s/step 379.292 ns/day 0 MB memory
Info: Benchmark time: 8 CPUs 0.000891649 s/step 387.596 ns/day 0 MB memory
Info: Benchmark time: 8 CPUs 0.000897769 s/step 384.954 ns/day 0 MB memory
Info: Benchmark time: 8 CPUs 0.000888592 s/step 388.93 ns/day 0 MB memory
Info: Benchmark time: 8 CPUs 0.000890209 s/step 388.223 ns/day 0 MB memory
PRESSURE: 10000 2506.13 -188.639 120.293 -188.64 -2146.2 -23.7106 120.294 -23.71 857.967
GPRESSURE: 10000 2527.97 -231.012 220.588 -140.425 -2141.4 -14.4256 47.3223 40.9474 842.124
PRESSAVG: 10000 10394.6 -118.264 54.7696 -118.264 4709.44 -25.1522 54.7696 -25.1522 -2154.47
GPRESSAVG: 10000 10405.4 -139.427 105.024 -94.2738 4711.89 -20.4627 18.2342 7.1298 -2162.38
TIMING: 10000  CPU: 8.58119, 0.000856325/step  Wall: 8.58203, 0.000856278/step, 403.607 ns/days, 0.592259 hours remaining, 0.000000 MB of memory in use.
PERFORMANCE: 10000  averaging 403.607 ns/day, 0.000856278 sec/step with standard deviation 0
ENERGY:   10000        29.0547        52.7314        46.2921         2.3505         -42630.2099    -86302.7359         0.0000         0.0000      9127.1850        -119675.3322       297.0802   -128802.5172   -128916.7332       148.5401            405.9674       409.5638    156702.0834      4316.5320      4318.3114

WRITING EXTENDED SYSTEM TO RESTART FILE AT STEP 10000
OPENING COORDINATE DCD FILE
WRITING COORDINATES TO DCD FILE ../output/3_CLKWW.1.dcd AT STEP 10000
WRITING COORDINATES TO RESTART FILE AT STEP 10000
FINISHED WRITING RESTART COORDINATES
The last position output (seq=10000) takes 0.001 seconds, 0.000 MB of memory in use
WRITING VELOCITIES TO RESTART FILE AT STEP 10000
FINISHED WRITING RESTART VELOCITIES
The last velocity output (seq=10000) takes 0.000 seconds, 0.000 MB of memory in use
PRESSURE: 20000 2152.36 -186.058 -148.16 -186.058 -2814.05 154.732 -148.16 154.732 -494.532
GPRESSURE: 20000 2200.86 -200.502 -193.9 -258.705 -2863.47 174.311 -124.803 93.8728 -487.689
PRESSAVG: 20000 7647.2 -140.862 -12.8736 -140.862 2201.61 34.809 -12.8736 34.809 -1601.15
GPRESSAVG: 20000 7670.57 -159.785 5.38282 -149.084 2186.77 44.4617 -29.4448 36.0441 -1604.15
TIMING: 20000  CPU: 17.1707, 0.000858946/step  Wall: 17.1744, 0.000859237/step, 402.218 ns/days, 0.591918 hours remaining, 0.000000 MB of memory in use.
PERFORMANCE: 20000  averaging 402.911 ns/day, 0.000857757 sec/step with standard deviation 2.0922e-06
ENERGY:   20000        24.9489        60.9749        45.1715         1.1077         -42610.8906    -86309.9322         0.0000         0.0000      9147.1660        -119641.4538       297.7306   -128788.6198   -125824.9734       198.2703           -385.4073      -383.4336    157909.3903      2749.2189      2751.0631

WRITING EXTENDED SYSTEM TO RESTART FILE AT STEP 20000
WRITING COORDINATES TO DCD FILE ../output/3_CLKWW.1.dcd AT STEP 20000
WRITING COORDINATES TO RESTART FILE AT STEP 20000
FINISHED WRITING RESTART COORDINATES
The last position output (seq=20000) takes 0.001 seconds, 0.000 MB of memory in use
WRITING VELOCITIES TO RESTART FILE AT STEP 20000
FINISHED WRITING RESTART VELOCITIES
The last velocity output (seq=20000) takes 0.000 seconds, 0.000 MB of memory in use
PRESSURE: 30000 2068.6 208.532 111.598 208.532 -2532.9 124.241 111.599 124.239 -248.508
GPRESSURE: 30000 2189.79 221.768 140.933 173.43 -2538.43 197.324 94.7398 110.975 -346
PRESSAVG: 30000 6252.55 -53.5133 18.2445 -53.5133 1017.98 57.1665 18.2445 57.1665 -1262.99
GPRESSAVG: 30000 6300.38 -64.3967 39.2704 -68.4557 1005.47 82.6774 1.60132 54.7767 -1289.61
TIMING: 30000  CPU: 25.8214, 0.000865075/step  Wall: 25.8248, 0.000865038/step, 399.52 ns/days, 0.593512 hours remaining, 0.000000 MB of memory in use.
PERFORMANCE: 30000  averaging 401.775 ns/day, 0.000860184 sec/step with standard deviation 4.45611e-06
ENERGY:   30000        27.8148        73.6811        47.8801         0.9637         -42475.4590    -86382.0338         0.0000         0.0000      9232.8171        -119474.3359       300.5184   -128707.1530   -124237.3140       223.8323           -237.6049      -231.5444    158090.7105      2002.5130      2005.4112

WRITING EXTENDED SYSTEM TO RESTART FILE AT STEP 30000
WRITING COORDINATES TO DCD FILE ../output/3_CLKWW.1.dcd AT STEP 30000
WRITING COORDINATES TO RESTART FILE AT STEP 30000
FINISHED WRITING RESTART COORDINATES
The last position output (seq=30000) takes 0.001 seconds, 0.000 MB of memory in use
WRITING VELOCITIES TO RESTART FILE AT STEP 30000
FINISHED WRITING RESTART VELOCITIES
The last velocity output (seq=30000) takes 0.000 seconds, 0.000 MB of memory in use
PRESSURE: 40000 2152.3 -129.028 90.7335 -129.027 -2251.69 131.866 90.7344 131.867 -50.5791
GPRESSURE: 40000 2220.95 -259.964 100.467 -71.2712 -2307.62 158.092 -38.5547 29.3189 -67.7366
PRESSAVG: 40000 5432.5 -68.6161 32.7425 -68.6161 364.047 72.1066 32.7425 72.1066 -1020.51
GPRESSAVG: 40000 5484.49 -103.51 51.5098 -69.0188 342.853 97.7604 -6.4299 49.6852 -1045.24
TIMING: 40000  CPU: 34.4275, 0.000860614/step  Wall: 34.4323, 0.000860755/step, 401.508 ns/days, 0.588183 hours remaining, 0.000000 MB of memory in use.
PERFORMANCE: 40000  averaging 401.708 ns/day, 0.000860327 sec/step with standard deviation 3.6496e-06
ENERGY:   40000        31.3834        64.6375        48.6710         2.0479         -42615.0027    -86216.6448         0.0000         0.0000      9097.5322        -119587.3755       296.1150   -128684.9077   -123307.3263       238.2888            -49.9885       -51.4672    158156.7966      1592.0127      1594.0355

WRITING EXTENDED SYSTEM TO RESTART FILE AT STEP 40000
WRITING COORDINATES TO DCD FILE ../output/3_CLKWW.1.dcd AT STEP 40000
WRITING COORDINATES TO RESTART FILE AT STEP 40000
FINISHED WRITING RESTART COORDINATES
The last position output (seq=40000) takes 0.001 seconds, 0.000 MB of memory in use
WRITING VELOCITIES TO RESTART FILE AT STEP 40000
FINISHED WRITING RESTART VELOCITIES
The last velocity output (seq=40000) takes 0.000 seconds, 0.000 MB of memory in use
PRESSURE: 50000 2616.65 -442.936 7.03658 -442.937 -2370.04 -216.337 7.03412 -216.335 258.482
GPRESSURE: 50000 2611.21 -302.046 -20.2404 -490.888 -2355.65 -243.195 -37.293 -209.125 281.379
PRESSAVG: 50000 4963.19 -131.003 28.4578 -131.003 -91.6346 24.033 28.4578 24.033 -807.344
GPRESSAVG: 50000 5005.61 -136.6 39.5514 -139.33 -106.897 40.9346 -11.5737 6.55019 -824.136
TIMING: 50000  CPU: 43.0411, 0.000861354/step  Wall: 43.0473, 0.000861494/step, 401.164 ns/days, 0.586295 hours remaining, 0.000000 MB of memory in use.
PERFORMANCE: 50000  averaging 401.599 ns/day, 0.00086056 sec/step with standard deviation 3.20346e-06
ENERGY:   50000        17.7321        62.0350        46.8143         1.0397         -42517.2375    -86367.9481         0.0000         0.0000      9116.6898        -119640.8747       296.7386   -128757.5645   -122696.2510       248.0305            168.3642       178.9801    157144.1160      1354.7379      1358.1930

WRITING EXTENDED SYSTEM TO RESTART FILE AT STEP 50000
WRITING COORDINATES TO DCD FILE ../output/3_CLKWW.1.dcd AT STEP 50000
WRITING COORDINATES TO RESTART FILE AT STEP 50000
FINISHED WRITING RESTART COORDINATES
The last position output (seq=50000) takes 0.001 seconds, 0.000 MB of memory in use
WRITING VELOCITIES TO RESTART FILE AT STEP 50000
FINISHED WRITING RESTART VELOCITIES
The last velocity output (seq=50000) takes 0.000 seconds, 0.000 MB of memory in use
PRESSURE: 60000 3287.14 -69.8475 1.27175 -69.8473 -1726.11 507.99 1.26978 507.989 380.567
GPRESSURE: 60000 3172.4 -26.3578 62.0851 -4.55521 -1766.64 446.654 128.721 568.46 533.31
PRESSAVG: 60000 4723.76 -122.266 24.5738 -122.266 -325.131 93.1695 24.5738 93.1695 -637.643
GPRESSAVG: 60000 4743.72 -120.851 42.7705 -120.077 -344.003 98.8945 8.46838 86.823 -630.215
TIMING: 60000  CPU: 51.7039, 0.000866282/step  Wall: 51.7098, 0.000866249/step, 398.961 ns/days, 0.587124 hours remaining, 0.000000 MB of memory in use.
PERFORMANCE: 60000  averaging 401.157 ns/day, 0.000861508 sec/step with standard deviation 3.68832e-06
ENERGY:   60000        25.2409        64.3219        45.3730         2.0871         -42479.5635    -86294.5958         0.0000         0.0000      9128.4658        -119508.6706       297.1219   -128637.1364   -122240.8824       255.0435            647.1999       646.3568    157794.3293      1253.6611      1256.5021

WRITING EXTENDED SYSTEM TO RESTART FILE AT STEP 60000
WRITING COORDINATES TO DCD FILE ../output/3_CLKWW.1.dcd AT STEP 60000
WRITING COORDINATES TO RESTART FILE AT STEP 60000
FINISHED WRITING RESTART COORDINATES
The last position output (seq=60000) takes 0.001 seconds, 0.000 MB of memory in use
WRITING VELOCITIES TO RESTART FILE AT STEP 60000
FINISHED WRITING RESTART VELOCITIES
PRESSURE: 70000 2281.38 -70.0848 78.5941 -70.0853 -1911.6 195.357 78.5948 195.359 -446.564
GPRESSURE: 70000 2283.22 -173.825 17.909 7.89674 -1909.97 134.449 125.291 83.0186 -467.096
PRESSAVG: 70000 4418.46 -115.744 31.3264 -115.744 -523.439 105.943 31.3264 105.943 -613.758
GPRESSAVG: 70000 4436.16 -127.473 39.6628 -104.08 -539.748 103.339 23.0712 86.3475 -609.825
TIMING: 70000  CPU: 60.3667, 0.000866276/step  Wall: 60.3728, 0.000866307/step, 398.935 ns/days, 0.584757 hours remaining, 0.000000 MB of memory in use.
PERFORMANCE: 70000  averaging 400.838 ns/day, 0.000862194 sec/step with standard deviation 3.82442e-06
ENERGY:   70000        28.0593        63.8898        51.9978         0.9851         -42507.4426    -86379.1495         0.0000         0.0000      9223.2703        -119518.3898       300.2077   -128741.6601   -121900.5708       260.6890            -25.5953       -31.2818    156543.6638      1093.7540      1095.5291

WRITING EXTENDED SYSTEM TO RESTART FILE AT STEP 70000
WRITING COORDINATES TO DCD FILE ../output/3_CLKWW.1.dcd AT STEP 70000
WRITING COORDINATES TO RESTART FILE AT STEP 70000
FINISHED WRITING RESTART COORDINATES
The last position output (seq=70000) takes 0.001 seconds, 0.000 MB of memory in use
WRITING VELOCITIES TO RESTART FILE AT STEP 70000
FINISHED WRITING RESTART VELOCITIES
PRESSURE: 80000 2119 -239.581 -257.442 -239.581 -2755.88 -38.4943 -257.441 -38.4963 156.436
GPRESSURE: 80000 2039.63 -124.41 -190.619 -282.243 -2739.75 46.3001 -383.546 0.00846659 213.378
PRESSAVG: 80000 4162.96 -129.504 -0.758874 -129.504 -771.489 89.8943 -0.758874 89.8943 -528.181
GPRESSAVG: 80000 4169.88 -127.132 14.076 -123.876 -784.193 97.0012 -22.1085 76.7542 -518.358
TIMING: 80000  CPU: 69.1165, 0.000874979/step  Wall: 69.1236, 0.000875074/step, 394.938 ns/days, 0.588244 hours remaining, 0.000000 MB of memory in use.
PERFORMANCE: 80000  averaging 400.091 ns/day, 0.000863804 sec/step with standard deviation 5.76823e-06
ENERGY:   80000        26.9430        61.5886        43.6915         1.7444         -42420.4690    -86374.3466         0.0000         0.0000      9181.0946        -119479.7535       298.8349   -128660.8481   -121631.5911       264.9275           -160.1508      -162.2486    156930.3504       954.4313       955.7760

WRITING EXTENDED SYSTEM TO RESTART FILE AT STEP 80000
WRITING COORDINATES TO DCD FILE ../output/3_CLKWW.1.dcd AT STEP 80000
WRITING COORDINATES TO RESTART FILE AT STEP 80000
FINISHED WRITING RESTART COORDINATES
The last position output (seq=80000) takes 0.001 seconds, 0.000 MB of memory in use
WRITING VELOCITIES TO RESTART FILE AT STEP 80000
FINISHED WRITING RESTART VELOCITIES
PRESSURE: 90000 1777.59 383.567 284.413 383.567 -2192.17 -248.137 284.411 -248.137 -172.973
GPRESSURE: 90000 1862 390.172 448.422 398.072 -2191.42 -327.433 163.118 -198.797 -255.132
PRESSAVG: 90000 3924.43 -78.1964 27.7582 -78.1964 -913.557 56.0912 27.7582 56.0912 -492.66
GPRESSAVG: 90000 3939.09 -75.4019 57.5105 -71.6812 -924.915 54.5578 -3.58587 49.1991 -492.035
TIMING: 90000  CPU: 77.9272, 0.000881077/step  Wall: 77.9342, 0.000881066/step, 392.252 ns/days, 0.589824 hours remaining, 0.000000 MB of memory in use.
PERFORMANCE: 90000  averaging 399.204 ns/day, 0.000865722 sec/step with standard deviation 7.88803e-06
ENERGY:   90000        24.3429        62.5900        48.7831         1.0080         -42386.3224    -86411.3268         0.0000         0.0000      9292.0770        -119368.8482       302.4473   -128660.9252   -121405.3168       268.6795           -195.8522      -194.8495    157766.2349       839.4029       840.7135

WRITING EXTENDED SYSTEM TO RESTART FILE AT STEP 90000
WRITING COORDINATES TO DCD FILE ../output/3_CLKWW.1.dcd AT STEP 90000
WRITING COORDINATES TO RESTART FILE AT STEP 90000
FINISHED WRITING RESTART COORDINATES
The last position output (seq=90000) takes 0.001 seconds, 0.000 MB of memory in use
WRITING VELOCITIES TO RESTART FILE AT STEP 90000
FINISHED WRITING RESTART VELOCITIES
PRESSURE: 100000 2572.63 -106.753 7.2853 -106.754 -2215.41 19.3395 7.28459 19.3382 -39.5744
GPRESSURE: 100000 2542.29 -160.983 56.1628 58.4376 -2172.69 17.8873 -47.3125 -30.6213 -42.5873
PRESSAVG: 100000 3801.53 -80.7926 25.8969 -80.7926 -1031.91 52.7501 25.8969 52.7501 -451.47
GPRESSAVG: 100000 3812.11 -83.182 57.388 -59.8522 -1038.35 51.2241 -7.56102 41.9427 -451.177
TIMING: 100000  CPU: 86.805, 0.000887781/step  Wall: 86.8119, 0.000887764/step, 389.293 ns/days, 0.591842 hours remaining, 0.000000 MB of memory in use.
PERFORMANCE: 100000  averaging 398.191 ns/day, 0.000867926 sec/step with standard deviation 1.01927e-05
ETITLE:      TS           BOND          ANGLE          DIHED          IMPRP               ELECT            VDW       BOUNDARY           MISC        KINETIC               TOTAL           TEMP      POTENTIAL       TOTALAVG        TEMPAVG            PRESSURE      GPRESSURE         VOLUME       PRESSAVG      GPRESSAVG

ENERGY:  100000        32.6221        54.5421        48.3544         2.1086         -42535.1115    -86221.0360         0.0000         0.0000      9153.4914        -119465.0289       297.9364   -128618.5202   -121228.9270       271.3392            105.8810       109.0046    157305.9246       772.7191       774.1945

WRITING EXTENDED SYSTEM TO RESTART FILE AT STEP 100000
WRITING COORDINATES TO DCD FILE ../output/3_CLKWW.1.dcd AT STEP 100000
WRITING COORDINATES TO RESTART FILE AT STEP 100000
FINISHED WRITING RESTART COORDINATES
The last position output (seq=100000) takes 0.001 seconds, 0.000 MB of memory in use
WRITING VELOCITIES TO RESTART FILE AT STEP 100000
FINISHED WRITING RESTART VELOCITIES
PRESSURE: 110000 3211.64 59.5625 -6.16919 59.5624 -1457.43 37.0015 -6.16848 37.0009 -73.1276
GPRESSURE: 110000 3135.8 187.767 -27.3684 -125.702 -1444.42 94.9988 54.4161 42.3662 -18.779
PRESSAVG: 110000 3752.38 -69.0964 23.2248 -69.0964 -1067.37 51.4376 23.2248 51.4376 -419.942
GPRESSAVG: 110000 3755.75 -60.6029 50.325 -65.3397 -1072.19 54.872 -2.39626 41.978 -415.143
TIMING: 110000  CPU: 95.6628, 0.00088578/step  Wall: 95.6697, 0.000885787/step, 390.162 ns/days, 0.588064 hours remaining, 0.000000 MB of memory in use.
PERFORMANCE: 110000  averaging 397.447 ns/day, 0.00086955 sec/step with standard deviation 1.10681e-05
ENERGY:  110000        25.1402        57.1618        49.9514         1.7236         -42671.6474    -86212.3584         0.0000         0.0000      9190.9789        -119559.0498       299.1566   -128750.0287   -121089.7706       273.6573            560.3599       557.5321    157558.4819       755.0225       756.1393

WRITING EXTENDED SYSTEM TO RESTART FILE AT STEP 110000
WRITING COORDINATES TO DCD FILE ../output/3_CLKWW.1.dcd AT STEP 110000
WRITING COORDINATES TO RESTART FILE AT STEP 110000
FINISHED WRITING RESTART COORDINATES
WRITING VELOCITIES TO RESTART FILE AT STEP 110000
FINISHED WRITING RESTART VELOCITIES
PRESSURE: 120000 1948.69 56.4249 253.649 56.4231 -2664.69 -166.78 253.648 -166.778 -556.453
GPRESSURE: 120000 1969.13 -15.6104 246.821 283.372 -2689.43 -197.014 340.217 -78.0081 -569.103
PRESSAVG: 120000 3613.63 -59.441 40.9497 -59.441 -1190.24 34.6518 40.9497 34.6518 -430.443
GPRESSAVG: 120000 3618.32 -57.142 65.4401 -38.5157 -1196.59 35.4961 23.9586 32.7483 -426.986
TIMING: 120000  CPU: 104.525, 0.000886176/step  Wall: 104.532, 0.000886188/step, 389.985 ns/days, 0.585869 hours remaining, 0.000000 MB of memory in use.
PERFORMANCE: 120000  averaging 396.814 ns/day, 0.000870936 sec/step with standard deviation 1.15946e-05
ENERGY:  120000        23.2504        65.3387        52.1767         5.1059         -42224.1060    -86374.6938         0.0000         0.0000      9224.4050        -119228.5232       300.2446   -128452.9281   -120946.5977       275.7025           -424.1496      -429.8022    158293.5984       664.3170       664.9130

WRITING EXTENDED SYSTEM TO RESTART FILE AT STEP 120000
WRITING COORDINATES TO DCD FILE ../output/3_CLKWW.1.dcd AT STEP 120000
WRITING COORDINATES TO RESTART FILE AT STEP 120000
FINISHED WRITING RESTART COORDINATES
WRITING VELOCITIES TO RESTART FILE AT STEP 120000
FINISHED WRITING RESTART VELOCITIES
PRESSURE: 130000 2598.3 -168.312 -142.659 -168.308 -1736.69 -186.416 -142.662 -186.414 -178.834
GPRESSURE: 130000 2592.76 -32.1095 -257.407 -298.411 -1692.67 -261.125 -39.4144 -147.441 -221.201
PRESSAVG: 130000 3541.11 -67.2173 27.8345 -67.2173 -1229.27 18.8614 27.8345 18.8614 -412.471
GPRESSAVG: 130000 3545.06 -55.3539 42.3796 -57.0797 -1232.03 14.3089 19.432 19.8776 -412.287
TIMING: 130000  CPU: 113.358, 0.000883367/step  Wall: 113.367, 0.000883496/step, 391.173 ns/days, 0.581635 hours remaining, 0.000000 MB of memory in use.
PERFORMANCE: 130000  averaging 396.375 ns/day, 0.000871902 sec/step with standard deviation 1.16347e-05
ENERGY:  130000        20.6710        66.9900        50.9302         5.3543         -42818.5655    -86139.6431         0.0000         0.0000      9147.6691        -119666.5939       297.7469   -128814.2630   -120855.1689       277.2771            227.5916       226.2984    156929.8989       633.1223       633.5834

WRITING EXTENDED SYSTEM TO RESTART FILE AT STEP 130000
WRITING COORDINATES TO DCD FILE ../output/3_CLKWW.1.dcd AT STEP 130000
WRITING COORDINATES TO RESTART FILE AT STEP 130000
FINISHED WRITING RESTART COORDINATES
WRITING VELOCITIES TO RESTART FILE AT STEP 130000
FINISHED WRITING RESTART VELOCITIES
PRESSURE: 140000 1758.92 20.091 -132.875 20.0933 -2402.3 -196.479 -132.873 -196.477 -667.35
GPRESSURE: 140000 1785.77 42.4661 -99.9538 -31.386 -2417.87 -128.736 -39.2843 -152.485 -677.514
PRESSAVG: 140000 3422.3 -61.3966 17.1207 -61.3966 -1307.47 4.5055 17.1207 4.5055 -429.463
GPRESSAVG: 140000 3427.78 -48.8326 32.8907 -55.3668 -1311.08 4.77262 15.5176 8.38678 -429.969
TIMING: 140000  CPU: 122.145, 0.000878677/step  Wall: 122.153, 0.000878632/step, 393.339 ns/days, 0.575992 hours remaining, 0.000000 MB of memory in use.
PERFORMANCE: 140000  averaging 396.156 ns/day, 0.000872383 sec/step with standard deviation 1.1322e-05
ENERGY:  140000        19.6973        54.9813        51.4119         3.1981         -42441.6728    -86443.1224         0.0000         0.0000      9213.3861        -119542.1206       299.8860   -128755.5066   -120767.6323       278.7843           -436.9100      -436.5375    157212.4537       561.7868       562.2420

WRITING EXTENDED SYSTEM TO RESTART FILE AT STEP 140000
WRITING COORDINATES TO DCD FILE ../output/3_CLKWW.1.dcd AT STEP 140000
WRITING COORDINATES TO RESTART FILE AT STEP 140000
FINISHED WRITING RESTART COORDINATES
WRITING VELOCITIES TO RESTART FILE AT STEP 140000
FINISHED WRITING RESTART VELOCITIES
PRESSURE: 150000 1084.33 -4.57038 -40.7866 -4.57059 -3231.03 -284.85 -40.7873 -284.849 -986.373
GPRESSURE: 150000 1073.23 -110.611 -92.9704 73.8769 -3265.05 -315.177 -8.52824 -147.61 -934.649
PRESSAVG: 150000 3276.17 -57.8449 13.5014 -57.8449 -1427.7 -13.5792 13.5014 -13.5792 -464.27
GPRESSAVG: 150000 3280.62 -52.6937 25.0244 -47.2891 -1433.21 -15.2243 14.0147 -1.363 -461.512
TIMING: 150000  CPU: 130.923, 0.000877777/step  Wall: 130.931, 0.000877825/step, 393.7 ns/days, 0.573025 hours remaining, 0.000000 MB of memory in use.
PERFORMANCE: 150000  averaging 395.992 ns/day, 0.000872746 sec/step with standard deviation 1.10003e-05
ENERGY:  150000        35.8205        57.8939        51.1970         1.7921         -42157.6316    -86534.3759         0.0000         0.0000      9172.2139        -119373.0900       298.5458   -128545.3039   -120680.4734       280.0194          -1044.3579     -1042.1571    157145.6581       461.4028       461.9671

WRITING EXTENDED SYSTEM TO RESTART FILE AT STEP 150000
WRITING COORDINATES TO DCD FILE ../output/3_CLKWW.1.dcd AT STEP 150000
WRITING COORDINATES TO RESTART FILE AT STEP 150000
FINISHED WRITING RESTART COORDINATES
WRITING VELOCITIES TO RESTART FILE AT STEP 150000
FINISHED WRITING RESTART VELOCITIES
PRESSURE: 160000 2030.47 -283.59 119.377 -283.592 -2487.07 -253.102 119.381 -253.104 182.262
GPRESSURE: 160000 2025.56 -307.185 52.2656 -333.571 -2475.02 -221.5 37.0082 -142.227 162.434
PRESSAVG: 160000 3202.9 -71.1242 19.7297 -71.1242 -1490.01 -27.6689 19.7297 -27.6689 -426.238
GPRESSAVG: 160000 3206.79 -67.6638 26.6268 -64.1292 -1494.49 -27.3581 15.3673 -9.64911 -424.809
TIMING: 160000  CPU: 139.664, 0.00087408/step  Wall: 139.672, 0.000874068/step, 395.393 ns/days, 0.568144 hours remaining, 0.000000 MB of memory in use.
PERFORMANCE: 160000  averaging 395.954 ns/day, 0.000872828 sec/step with standard deviation 1.06324e-05
ENERGY:  160000        30.1833        63.8998        45.7415         1.6010         -42715.4096    -86200.3215         0.0000         0.0000      9137.2897        -119637.0157       297.4091   -128774.3054   -120619.0935       281.0424            -91.4454       -95.6750    157028.1255       428.8823       429.1646

WRITING EXTENDED SYSTEM TO RESTART FILE AT STEP 160000
WRITING COORDINATES TO DCD FILE ../output/3_CLKWW.1.dcd AT STEP 160000
WRITING COORDINATES TO RESTART FILE AT STEP 160000
FINISHED WRITING RESTART COORDINATES
WRITING VELOCITIES TO RESTART FILE AT STEP 160000
FINISHED WRITING RESTART VELOCITIES
PRESSURE: 170000 1303.85 -295.246 -95.1157 -295.246 -2683.89 -162.629 -95.1162 -162.629 -282.184
GPRESSURE: 170000 1341.27 -403.215 -192.534 -291.313 -2652.54 -177.258 -119.804 -106.229 -361.879
PRESSAVG: 170000 3097.39 -83.5754 13.3493 -83.5754 -1556.34 -35.1666 13.3493 -35.1666 -418.235
GPRESSAVG: 170000 3103.15 -86.3055 14.4512 -76.7505 -1558.83 -35.6859 7.85775 -15.0146 -421.313
TIMING: 170000  CPU: 148.495, 0.000883156/step  Wall: 148.504, 0.000883215/step, 391.298 ns/days, 0.571636 hours remaining, 0.000000 MB of memory in use.
PERFORMANCE: 170000  averaging 395.677 ns/day, 0.000873439 sec/step with standard deviation 1.05985e-05
ENERGY:  170000        26.2621        63.4824        41.6981         0.9149         -42447.2061    -86380.6673         0.0000         0.0000      9051.6434        -119643.8725       294.6214   -128695.5159   -120564.9146       281.7967           -554.0753      -557.7170    157110.9005       374.2735       374.3378

WRITING EXTENDED SYSTEM TO RESTART FILE AT STEP 170000
WRITING COORDINATES TO DCD FILE ../output/3_CLKWW.1.dcd AT STEP 170000
WRITING COORDINATES TO RESTART FILE AT STEP 170000
FINISHED WRITING RESTART COORDINATES
WRITING VELOCITIES TO RESTART FILE AT STEP 170000
FINISHED WRITING RESTART VELOCITIES
PRESSURE: 180000 2150.36 -133.333 238.446 -133.332 -1537.7 -425.326 238.447 -425.326 275.741
GPRESSURE: 180000 2119.78 -269.248 217.123 -46.9845 -1487.26 -527.266 207.204 -335.325 261.949
PRESSAVG: 180000 3047.55 -86.1941 25.1966 -86.1941 -1555.36 -55.7013 25.1966 -55.7013 -381.71
GPRESSAVG: 180000 3051.4 -95.934 25.1182 -75.1839 -1555.06 -61.5585 18.3497 -31.8731 -385.352
TIMING: 180000  CPU: 157.263, 0.000876754/step  Wall: 157.272, 0.000876797/step, 394.162 ns/days, 0.565047 hours remaining, 0.000000 MB of memory in use.
PERFORMANCE: 180000  averaging 395.593 ns/day, 0.000873626 sec/step with standard deviation 1.03125e-05
ENERGY:  180000        19.7425        69.3292        56.7421         3.8819         -42480.9911    -86454.2416         0.0000         0.0000      8978.6737        -119806.8634       292.2463   -128785.5370   -120525.0172       282.3467            296.1361       298.1577    156577.1278       370.1610       370.3283

WRITING EXTENDED SYSTEM TO RESTART FILE AT STEP 180000
WRITING COORDINATES TO DCD FILE ../output/3_CLKWW.1.dcd AT STEP 180000
WRITING COORDINATES TO RESTART FILE AT STEP 180000
FINISHED WRITING RESTART COORDINATES
WRITING VELOCITIES TO RESTART FILE AT STEP 180000
FINISHED WRITING RESTART VELOCITIES
PRESSURE: 190000 2520.54 -279.353 -227.115 -279.353 -2319.98 -289.788 -227.113 -289.789 -140.949
GPRESSURE: 190000 2475.96 -211.346 -147.454 -164.088 -2246.43 -279.682 -354.248 -130.894 -173.208
PRESSAVG: 190000 3021.2 -95.8521 12.5811 -95.8521 -1593.59 -67.4057 12.5811 -67.4057 -369.672
GPRESSAVG: 190000 3022.62 -101.705 16.4896 -79.6291 -1589.63 -72.4647 -0.280233 -36.8242 -374.744
TIMING: 190000  CPU: 166.023, 0.000876055/step  Wall: 166.033, 0.000876096/step, 394.477 ns/days, 0.562161 hours remaining, 0.000000 MB of memory in use.
PERFORMANCE: 190000  averaging 395.534 ns/day, 0.000873756 sec/step with standard deviation 1.00379e-05
ENERGY:  190000        22.0724        71.0060        46.8322         1.9668         -42494.6928    -86357.4426         0.0000         0.0000      9170.1554        -119540.1027       298.4788   -128710.2580   -120475.7714       283.1533             19.8692        18.7738    157334.4572       352.6464       352.7506

WRITING EXTENDED SYSTEM TO RESTART FILE AT STEP 190000
WRITING COORDINATES TO DCD FILE ../output/3_CLKWW.1.dcd AT STEP 190000
WRITING COORDINATES TO RESTART FILE AT STEP 190000
FINISHED WRITING RESTART COORDINATES
WRITING VELOCITIES TO RESTART FILE AT STEP 190000
FINISHED WRITING RESTART VELOCITIES
PRESSURE: 200000 2081.12 -69.688 504.407 -69.6881 -1920.07 -238.267 504.407 -238.266 12.7295
GPRESSURE: 200000 2114.74 -159.577 598.429 -75.6941 -1955.62 -133.603 428.776 -196.566 19.7297
PRESSAVG: 200000 2211.1 -96.9421 38.3392 -96.9421 -2267.85 -77.9893 38.3392 -77.9893 -110.691
GPRESSAVG: 200000 2214.22 -107.291 46.938 -81.0077 -2265.67 -77.8199 21.7013 -45.318 -115.413
TIMING: 200000  CPU: 174.786, 0.000876315/step  Wall: 174.798, 0.000876513/step, 394.29 ns/days, 0.559995 hours remaining, 0.000000 MB of memory in use.
PERFORMANCE: 200000  averaging 395.471 ns/day, 0.000873894 sec/step with standard deviation 9.78964e-06
ETITLE:      TS           BOND          ANGLE          DIHED          IMPRP               ELECT            VDW       BOUNDARY           MISC        KINETIC               TOTAL           TEMP      POTENTIAL       TOTALAVG        TEMPAVG            PRESSURE      GPRESSURE         VOLUME       PRESSAVG      GPRESSAVG

ENERGY:  200000        28.2612        67.5153        47.8868         1.2341         -42383.2016    -86457.9684         0.0000         0.0000      9097.9512        -119598.3215       296.1287   -128696.2727   -119547.7808       297.9598             57.9264        59.6146    156597.9835       -55.8121       -55.6216

WRITING EXTENDED SYSTEM TO RESTART FILE AT STEP 200000
WRITING COORDINATES TO DCD FILE ../output/3_CLKWW.1.dcd AT STEP 200000
WRITING COORDINATES TO RESTART FILE AT STEP 200000
FINISHED WRITING RESTART COORDINATES
WRITING VELOCITIES TO RESTART FILE AT STEP 200000
FINISHED WRITING RESTART VELOCITIES
PRESSURE: 210000 2990.9 121.961 -86.3381 121.956 -1775.71 -53.4112 -86.3379 -53.4132 -420.827
GPRESSURE: 210000 3057.16 147.208 -79.7264 -1.28641 -1841.04 -83.8218 -83.7508 -103.283 -436.379
PRESSAVG: 210000 2235.34 -81.4123 28.0076 -81.4123 -2249.32 -79.4745 28.0076 -79.4745 -174.631
GPRESSAVG: 210000 2240.68 -88.3804 31.9223 -74.0507 -2250.65 -81.2897 15.1476 -52.5296 -179.339
TIMING: 210000  CPU: 183.529, 0.000874247/step  Wall: 183.542, 0.000874354/step, 395.263 ns/days, 0.556187 hours remaining, 0.000000 MB of memory in use.
PERFORMANCE: 210000  averaging 395.461 ns/day, 0.000873916 sec/step with standard deviation 9.54229e-06
ENERGY:  210000        18.1041        58.5580        46.6687         1.3911         -42575.6817    -86352.5868         0.0000         0.0000      9083.3746        -119720.1719       295.6542   -128803.5465   -119550.0228       297.8885            264.7875       259.9133    157266.1778       -62.8711       -63.1041

WRITING EXTENDED SYSTEM TO RESTART FILE AT STEP 210000
WRITING COORDINATES TO DCD FILE ../output/3_CLKWW.1.dcd AT STEP 210000
WRITING COORDINATES TO RESTART FILE AT STEP 210000
FINISHED WRITING RESTART COORDINATES
WRITING VELOCITIES TO RESTART FILE AT STEP 210000
FINISHED WRITING RESTART VELOCITIES
PRESSURE: 220000 2349.24 86.8992 146.24 86.9006 -1857.93 446.71 146.243 446.711 -329.339
GPRESSURE: 220000 2343.31 290.665 62.8857 22.001 -1958.43 312.444 167.179 477.582 -240.139
PRESSAVG: 220000 2245.18 -67.7644 42.7277 -67.7644 -2201.51 -64.8755 42.7277 -64.8755 -166.371
GPRESSAVG: 220000 2247.8 -63.8221 44.7615 -60.0154 -2205.4 -74.383 29.7467 -33.3441 -166.961
TIMING: 220000  CPU: 192.169, 0.000864031/step  Wall: 192.183, 0.00086419/step, 399.912 ns/days, 0.54732 hours remaining, 0.000000 MB of memory in use.
PERFORMANCE: 220000  averaging 395.662 ns/day, 0.000873474 sec/step with standard deviation 9.5404e-06
ENERGY:  220000        22.9340        56.2771        49.2724         1.8592         -42550.4035    -86242.8997         0.0000         0.0000      9047.9886        -119614.9720       294.5024   -128662.9606   -119548.6987       297.7271             53.9900        48.2456    156623.7834       -40.9012       -41.5202

WRITING EXTENDED SYSTEM TO RESTART FILE AT STEP 220000
WRITING COORDINATES TO DCD FILE ../output/3_CLKWW.1.dcd AT STEP 220000
WRITING COORDINATES TO RESTART FILE AT STEP 220000
FINISHED WRITING RESTART COORDINATES
WRITING VELOCITIES TO RESTART FILE AT STEP 220000
FINISHED WRITING RESTART VELOCITIES
PRESSURE: 230000 2228.99 247.639 135.965 247.639 -2436.7 78.5894 135.964 78.5896 -308.679
GPRESSURE: 230000 2268.72 406.937 308.725 179.306 -2449.19 116.811 59.3195 8.1029 -326.531
PRESSAVG: 230000 2253.2 -65.8091 43.946 -65.8091 -2196.7 -67.158 43.946 -67.158 -169.38
GPRESSAVG: 230000 2251.74 -54.5637 53.1511 -59.7216 -2200.94 -78.4087 27.9757 -38.4877 -165.988
TIMING: 230000  CPU: 200.869, 0.000869974/step  Wall: 200.883, 0.000869946/step, 397.266 ns/days, 0.548549 hours remaining, 0.000000 MB of memory in use.
PERFORMANCE: 230000  averaging 395.731 ns/day, 0.00087332 sec/step with standard deviation 9.35003e-06
ENERGY:  230000        28.0230        60.6915        49.9010         2.1087         -42456.4740    -86373.0266         0.0000         0.0000      9164.7270        -119524.0494       298.3022   -128688.7764   -119551.1844       297.6162           -172.1306      -168.9980    156902.8160       -37.6275       -38.3928

WRITING EXTENDED SYSTEM TO RESTART FILE AT STEP 230000
WRITING COORDINATES TO DCD FILE ../output/3_CLKWW.1.dcd AT STEP 230000
WRITING COORDINATES TO RESTART FILE AT STEP 230000
FINISHED WRITING RESTART COORDINATES
WRITING VELOCITIES TO RESTART FILE AT STEP 230000
FINISHED WRITING RESTART VELOCITIES
PRESSURE: 240000 1983.2 114.75 53.0207 114.751 -2412.13 -123.58 53.0211 -123.578 -789.278
GPRESSURE: 240000 2080.3 190.59 65.949 43.2055 -2520.92 -114.479 -19.3968 -164.977 -757.082
PRESSAVG: 240000 2244.75 -53.6201 42.0603 -53.6201 -2204.73 -79.9302 42.0603 -79.9302 -206.314
GPRESSAVG: 240000 2244.71 -32.0359 51.4252 -53.9978 -2211.6 -92.0372 28.9336 -48.2025 -200.455
TIMING: 240000  CPU: 209.701, 0.000883176/step  Wall: 209.715, 0.000883194/step, 391.307 ns/days, 0.55445 hours remaining, 0.000000 MB of memory in use.
PERFORMANCE: 240000  averaging 395.545 ns/day, 0.000873732 sec/step with standard deviation 9.364e-06
ENERGY:  240000        31.8903        61.1866        42.1833         1.3315         -42419.7319    -86351.7803         0.0000         0.0000      9217.6813        -119417.2392       300.0258   -128634.9205   -119542.6776       297.8118           -406.0714      -399.2340    157422.3795       -55.4316       -55.7812

WRITING EXTENDED SYSTEM TO RESTART FILE AT STEP 240000
WRITING COORDINATES TO DCD FILE ../output/3_CLKWW.1.dcd AT STEP 240000
WRITING COORDINATES TO RESTART FILE AT STEP 240000
FINISHED WRITING RESTART COORDINATES
WRITING VELOCITIES TO RESTART FILE AT STEP 240000
FINISHED WRITING RESTART VELOCITIES
PRESSURE: 250000 1699.97 -39.8336 -92.8778 -39.8351 -2654.36 10.1456 -92.8797 10.1453 108.857
GPRESSURE: 250000 1767.66 -52.6115 -155.118 3.85014 -2627.38 -69.2763 90.2533 -87.7286 26.272
PRESSAVG: 250000 2198.91 -33.465 37.0646 -33.465 -2218.94 -68.6062 37.0646 -68.6062 -213.796
GPRESSAVG: 250000 2202.53 -19.5642 44.6813 -29.2609 -2225.19 -83.3413 35.3109 -42.1327 -213.21
TIMING: 250000  CPU: 218.575, 0.000887477/step  Wall: 218.607, 0.000889232/step, 388.65 ns/days, 0.55577 hours remaining, 0.000000 MB of memory in use.
PERFORMANCE: 250000  averaging 395.264 ns/day, 0.000874352 sec/step with standard deviation 9.67685e-06
ENERGY:  250000        21.2212        54.9508        44.2331         5.7598         -42352.2445    -86499.8072         0.0000         0.0000      9137.7285        -119588.1584       297.4234   -128725.8869   -119540.0417       297.8460           -281.8448      -277.8134    157422.8950       -77.9421       -78.6209

WRITING EXTENDED SYSTEM TO RESTART FILE AT STEP 250000
WRITING COORDINATES TO DCD FILE ../output/3_CLKWW.1.dcd AT STEP 250000
WRITING COORDINATES TO RESTART FILE AT STEP 250000
FINISHED WRITING RESTART COORDINATES
WRITING VELOCITIES TO RESTART FILE AT STEP 250000
FINISHED WRITING RESTART VELOCITIES
PRESSURE: 260000 2738.1 162.937 -50.0849 162.938 -1849.05 278.595 -50.0855 278.597 1049.34
GPRESSURE: 260000 2787.27 163.009 -39.5537 179.105 -1878.27 317.223 -108.695 99.4747 1024.57
PRESSAVG: 260000 2171.46 -21.8257 34.4969 -21.8257 -2225.09 -80.0758 34.4969 -80.0758 -180.357
GPRESSAVG: 260000 2183.28 -10.0959 39.5994 -20.0779 -2230.77 -89.8129 23.4401 -65.582 -188.647
TIMING: 260000  CPU: 227.444, 0.000886879/step  Wall: 227.476, 0.000886851/step, 389.694 ns/days, 0.551818 hours remaining, 0.000000 MB of memory in use.
PERFORMANCE: 260000  averaging 395.047 ns/day, 0.000874832 sec/step with standard deviation 9.79308e-06
ENERGY:  260000        34.6486        55.6651        47.4664         2.9860         -42522.0700    -86204.5248         0.0000         0.0000      9127.3242        -119458.5045       297.0847   -128585.8286   -119537.5334       297.8442            646.1316       644.5253    157452.0864       -77.9955       -78.7124

WRITING EXTENDED SYSTEM TO RESTART FILE AT STEP 260000
WRITING COORDINATES TO DCD FILE ../output/3_CLKWW.1.dcd AT STEP 260000
WRITING COORDINATES TO RESTART FILE AT STEP 260000
FINISHED WRITING RESTART COORDINATES
WRITING VELOCITIES TO RESTART FILE AT STEP 260000
FINISHED WRITING RESTART VELOCITIES
PRESSURE: 270000 3411.86 66.744 210.056 66.7437 -1050.43 365.051 210.054 365.051 390.749
GPRESSURE: 270000 3355.44 115.447 236.383 42.1748 -1009.38 339.434 196.909 333.609 390.877
PRESSAVG: 270000 2227.98 -14.9843 41.0698 -14.9843 -2182.03 -71.5912 41.0698 -71.5912 -138.491
GPRESSAVG: 270000 2236.89 4.36778 50.5231 -18.364 -2185.74 -79.5637 27.021 -53.0525 -145.749
TIMING: 270000  CPU: 236.297, 0.000885273/step  Wall: 236.329, 0.000885296/step, 390.378 ns/days, 0.548392 hours remaining, 0.000000 MB of memory in use.
PERFORMANCE: 270000  averaging 394.872 ns/day, 0.00087522 sec/step with standard deviation 9.81178e-06
ENERGY:  270000        23.8276        64.8484        46.6475         1.6359         -42534.0997    -86383.0805         0.0000         0.0000      9234.8338        -119545.3871       300.5841   -128780.2210   -119538.8833       297.8630            917.3917       912.3110    156385.5413       -30.8461       -31.5328

WRITING EXTENDED SYSTEM TO RESTART FILE AT STEP 270000
WRITING COORDINATES TO DCD FILE ../output/3_CLKWW.1.dcd AT STEP 270000
WRITING COORDINATES TO RESTART FILE AT STEP 270000
FINISHED WRITING RESTART COORDINATES
WRITING VELOCITIES TO RESTART FILE AT STEP 270000
FINISHED WRITING RESTART VELOCITIES
PRESSURE: 280000 2387.04 211.594 -11.3033 211.592 -1670.75 -163.274 -11.3022 -163.276 88.6891
GPRESSURE: 280000 2363.68 234.599 75.2098 84.4881 -1587.56 -141.522 -96.1536 -206.499 31.2024
PRESSAVG: 280000 2241.39 7.5744 53.3768 7.5744 -2127.78 -77.8301 53.3768 -77.8301 -141.878
GPRESSAVG: 280000 2253.09 22.3182 63.8145 -0.0273937 -2128.13 -88.9548 41.3906 -63.3779 -154.857
TIMING: 280000  CPU: 245.156, 0.000885878/step  Wall: 245.188, 0.000885959/step, 390.086 ns/days, 0.546342 hours remaining, 0.000000 MB of memory in use.
PERFORMANCE: 280000  averaging 394.699 ns/day, 0.000875603 sec/step with standard deviation 9.83994e-06
ENERGY:  280000        17.2024        64.7087        42.9915         3.0043         -42705.8758    -86110.4357         0.0000         0.0000      9089.7910        -119598.6138       295.8631   -128688.4047   -119544.8263       297.7144            268.3269       269.1087    157345.5956        -9.4223        -9.9649

WRITING EXTENDED SYSTEM TO RESTART FILE AT STEP 280000
WRITING COORDINATES TO DCD FILE ../output/3_CLKWW.1.dcd AT STEP 280000
WRITING COORDINATES TO RESTART FILE AT STEP 280000
FINISHED WRITING RESTART COORDINATES
WRITING VELOCITIES TO RESTART FILE AT STEP 280000
FINISHED WRITING RESTART VELOCITIES
PRESSURE: 290000 1656.51 -196.498 135.517 -196.497 -2892.04 52.8205 135.518 52.8201 -129.041
GPRESSURE: 290000 1660.46 -167.532 128.51 -196.643 -2873.9 -77.9364 95.3555 189.83 -155.522
PRESSAVG: 290000 2235.33 -21.4288 45.9321 -21.4288 -2162.77 -62.7823 45.9321 -62.7823 -139.682
GPRESSAVG: 290000 2243.01 -5.56693 47.819 -29.7631 -2162.25 -76.4799 38.0025 -43.9466 -149.877
TIMING: 290000  CPU: 254.013, 0.00088568/step  Wall: 254.045, 0.000885639/step, 390.227 ns/days, 0.543684 hours remaining, 0.000000 MB of memory in use.
PERFORMANCE: 290000  averaging 394.543 ns/day, 0.00087595 sec/step with standard deviation 9.84068e-06
ENERGY:  290000        19.7543        57.3249        49.5093         2.9786         -42493.4453    -86232.5855         0.0000         0.0000      9180.5519        -119415.9117       298.8172   -128596.4636   -119547.1795       297.5329           -454.8576      -456.3195    157843.3293       -22.3725       -23.0384

WRITING EXTENDED SYSTEM TO RESTART FILE AT STEP 290000
WRITING COORDINATES TO DCD FILE ../output/3_CLKWW.1.dcd AT STEP 290000
WRITING COORDINATES TO RESTART FILE AT STEP 290000
FINISHED WRITING RESTART COORDINATES
WRITING VELOCITIES TO RESTART FILE AT STEP 290000
FINISHED WRITING RESTART VELOCITIES
PRESSURE: 300000 2189.74 -141.733 -317.851 -141.732 -2806.05 193.785 -317.851 193.784 299.712
GPRESSURE: 300000 2156.91 -111.459 -302.922 -141.59 -2806.16 249.875 -344.626 189.541 334.501
PRESSAVG: 300000 2216.19 -23.1777 29.6753 -23.1777 -2192.3 -54.06 29.6753 -54.06 -122.718
GPRESSAVG: 300000 2223.75 -3.0907 29.8647 -39.7645 -2193.93 -64.8805 23.1369 -32.9385 -131.022
TIMING: 300000  CPU: 262.833, 0.00088208/step  Wall: 262.866, 0.000882148/step, 391.771 ns/days, 0.53909 hours remaining, 0.000000 MB of memory in use.
PERFORMANCE: 300000  averaging 394.45 ns/day, 0.000876156 sec/step with standard deviation 9.73552e-06
ETITLE:      TS           BOND          ANGLE          DIHED          IMPRP               ELECT            VDW       BOUNDARY           MISC        KINETIC               TOTAL           TEMP      POTENTIAL       TOTALAVG        TEMPAVG            PRESSURE      GPRESSURE         VOLUME       PRESSAVG      GPRESSAVG

ENERGY:  300000        19.2045        59.9485        43.9256         1.8120         -42374.4611    -86354.3975         0.0000         0.0000      9064.9761        -119538.9920       295.0554   -128603.9681   -119550.8777       297.3888           -105.5302      -104.9178    156967.2804       -32.9431       -33.7346

WRITING EXTENDED SYSTEM TO RESTART FILE AT STEP 300000
WRITING COORDINATES TO DCD FILE ../output/3_CLKWW.1.dcd AT STEP 300000
WRITING COORDINATES TO RESTART FILE AT STEP 300000
FINISHED WRITING RESTART COORDINATES
WRITING VELOCITIES TO RESTART FILE AT STEP 300000
FINISHED WRITING RESTART VELOCITIES
PRESSURE: 310000 1445.09 -673.587 -619.923 -673.588 -2818.01 -38.6916 -619.924 -38.6921 -97.1752
GPRESSURE: 310000 1388.6 -638.409 -475.254 -756.155 -2855.53 24.487 -633.922 -144.086 -17.6678
PRESSAVG: 310000 2127.86 -59.8352 -1.01245 -59.8352 -2260.33 -57.8447 -1.01245 -57.8447 -123.92
GPRESSAVG: 310000 2136.39 -44.3995 7.47042 -71.2872 -2264.48 -68.4061 -11.28 -42.2611 -130.967
TIMING: 310000  CPU: 271.647, 0.000881374/step  Wall: 271.68, 0.000881383/step, 392.111 ns/days, 0.536175 hours remaining, 0.000000 MB of memory in use.
PERFORMANCE: 310000  averaging 394.374 ns/day, 0.000876325 sec/step with standard deviation 9.61782e-06
ENERGY:  310000        17.6651        66.4359        44.4841         2.1397         -42715.5942    -86331.0224         0.0000         0.0000      9169.7706        -119746.1213       298.4663   -128915.8919   -119560.2312       297.3543           -490.0313      -494.8686    157595.8581       -85.4627       -86.3546

WRITING EXTENDED SYSTEM TO RESTART FILE AT STEP 310000
WRITING COORDINATES TO DCD FILE ../output/3_CLKWW.1.dcd AT STEP 310000
WRITING COORDINATES TO RESTART FILE AT STEP 310000
FINISHED WRITING RESTART COORDINATES
WRITING VELOCITIES TO RESTART FILE AT STEP 310000
FINISHED WRITING RESTART VELOCITIES
PRESSURE: 320000 2259.92 -141.013 -229.375 -141.011 -2775.56 307.311 -229.376 307.309 -5.33595
GPRESSURE: 320000 2275.06 -247.812 -174.681 52.5476 -2706 289.171 -312.856 284.969 -82.0817
PRESSAVG: 320000 2143.42 -69.7069 -25.1637 -69.7069 -2265.87 -34.1403 -25.1637 -34.1403 -96.3641
GPRESSAVG: 320000 2151.68 -56.0096 -13.6047 -82.8284 -2265.31 -44.0969 -43.9337 -24.1122 -106.616
TIMING: 320000  CPU: 280.479, 0.000883158/step  Wall: 280.512, 0.000883227/step, 391.292 ns/days, 0.534843 hours remaining, 0.000000 MB of memory in use.
PERFORMANCE: 320000  averaging 394.277 ns/day, 0.00087654 sec/step with standard deviation 9.53977e-06
ENERGY:  320000        25.4732        64.0700        48.1852         2.1990         -42383.9021    -86441.0161         0.0000         0.0000      9272.2635        -119412.7273       301.8024   -128684.9908   -119569.4414       297.4322           -173.6574      -171.0101    157001.0373       -72.9380       -73.4150

WRITING EXTENDED SYSTEM TO RESTART FILE AT STEP 320000
WRITING COORDINATES TO DCD FILE ../output/3_CLKWW.1.dcd AT STEP 320000
WRITING COORDINATES TO RESTART FILE AT STEP 320000
FINISHED WRITING RESTART COORDINATES
WRITING VELOCITIES TO RESTART FILE AT STEP 320000
FINISHED WRITING RESTART VELOCITIES
PRESSURE: 330000 2333.17 -52.4016 21.3945 -52.4015 -2065.7 -52.4345 21.3959 -52.4365 548.574
GPRESSURE: 330000 2295.18 -66.4983 -15.3095 -176.266 -2067.71 -75.4512 31.8168 -68.0685 606.234
PRESSAVG: 330000 2130.17 -63.9115 -16.9608 -63.9115 -2282.32 -27.4414 -16.9608 -27.4414 -59.9937
GPRESSAVG: 330000 2136.8 -57.729 -1.49985 -76.7211 -2284.06 -34.8132 -40.3721 -20.1435 -65.2441
TIMING: 330000  CPU: 289.322, 0.000884353/step  Wall: 289.356, 0.000884345/step, 390.798 ns/days, 0.533064 hours remaining, 0.000000 MB of memory in use.
PERFORMANCE: 330000  averaging 394.171 ns/day, 0.000876777 sec/step with standard deviation 9.48731e-06
ENERGY:  330000        23.0673        61.1757        42.0303         1.6289         -42422.8787    -86329.2505         0.0000         0.0000      9193.1312        -119431.0959       299.2267   -128624.2270   -119557.6665       297.5062            272.0144       277.8992    157579.8829       -70.7169       -70.8349

WRITING EXTENDED SYSTEM TO RESTART FILE AT STEP 330000
WRITING COORDINATES TO DCD FILE ../output/3_CLKWW.1.dcd AT STEP 330000
WRITING COORDINATES TO RESTART FILE AT STEP 330000
FINISHED WRITING RESTART COORDINATES
WRITING VELOCITIES TO RESTART FILE AT STEP 330000
FINISHED WRITING RESTART VELOCITIES
PRESSURE: 340000 1709.58 -14.2119 138.527 -14.2118 -2494.72 -63.5002 138.526 -63.4989 40.2775
GPRESSURE: 340000 1698.5 -45.4484 131.798 13.3299 -2509.14 -207.821 136.457 -196.784 70.2229
PRESSAVG: 340000 2127.7 -65.6268 -3.3908 -65.6268 -2286.94 -20.7925 -3.3908 -20.7925 -24.6123
GPRESSAVG: 340000 2132.44 -62.1248 10.0878 -74.4854 -2288.63 -38.7674 -31.5851 -22.3585 -27.8572
TIMING: 340000  CPU: 298.16, 0.000883829/step  Wall: 298.196, 0.000884008/step, 390.947 ns/days, 0.530405 hours remaining, 0.000000 MB of memory in use.
PERFORMANCE: 340000  averaging 394.075 ns/day, 0.00087699 sec/step with standard deviation 9.4244e-06
ENERGY:  340000        24.3583        56.0100        45.2419         3.0184         -42583.8257    -86245.5085         0.0000         0.0000      9155.2182        -119545.4874       297.9926   -128700.7056   -119557.8349       297.4115           -248.2877      -246.8075    157404.7645       -61.2858       -61.3484

WRITING EXTENDED SYSTEM TO RESTART FILE AT STEP 340000
WRITING COORDINATES TO DCD FILE ../output/3_CLKWW.1.dcd AT STEP 340000
WRITING COORDINATES TO RESTART FILE AT STEP 340000
FINISHED WRITING RESTART COORDINATES
WRITING VELOCITIES TO RESTART FILE AT STEP 340000
FINISHED WRITING RESTART VELOCITIES
PRESSURE: 350000 2922.02 272.956 28.2808 272.955 -1974.33 672.238 28.2823 672.237 856.332
GPRESSURE: 350000 2989.3 253.126 -51.6456 227.826 -2049.28 714.842 88.2513 593.575 856.349
PRESSAVG: 350000 2219.58 -51.7505 0.0626773 -51.7505 -2224.11 27.0618 0.0626773 27.0618 67.523
GPRESSAVG: 350000 2228.24 -43.9379 12.154 -66.7879 -2227.84 12.7335 -26.7461 14.7008 61.6927
TIMING: 350000  CPU: 307.021, 0.000886055/step  Wall: 307.057, 0.000886122/step, 390.014 ns/days, 0.529212 hours remaining, 0.000000 MB of memory in use.
PERFORMANCE: 350000  averaging 393.958 ns/day, 0.000877251 sec/step with standard deviation 9.41223e-06
ENERGY:  350000        25.8077        59.3287        45.3270         2.2266         -42452.5927    -86328.1352         0.0000         0.0000      9195.0597        -119452.9781       299.2894   -128648.0378   -119561.8293       297.4487            601.3432       598.7911    156656.0774        20.9993        20.6990

WRITING EXTENDED SYSTEM TO RESTART FILE AT STEP 350000
WRITING COORDINATES TO DCD FILE ../output/3_CLKWW.1.dcd AT STEP 350000
WRITING COORDINATES TO RESTART FILE AT STEP 350000
FINISHED WRITING RESTART COORDINATES
WRITING VELOCITIES TO RESTART FILE AT STEP 350000
FINISHED WRITING RESTART VELOCITIES
PRESSURE: 360000 2338.79 49.0758 127.938 49.0752 -2114.53 -103.351 127.94 -103.352 713.133
GPRESSURE: 360000 2347.69 103.886 203.441 -17.8667 -2135.34 -115.65 152.194 -14.1829 717.643
PRESSAVG: 360000 2235 -35.1172 0.490606 -35.1172 -2205.48 34.5494 0.490606 34.5494 94.0665
GPRESSAVG: 360000 2244.35 -23.3844 19.7127 -51.0027 -2210.85 18.026 -20.9868 21.103 89.4531
TIMING: 360000  CPU: 315.897, 0.000887551/step  Wall: 315.933, 0.000887564/step, 389.38 ns/days, 0.527608 hours remaining, 0.000000 MB of memory in use.
PERFORMANCE: 360000  averaging 393.83 ns/day, 0.000877537 sec/step with standard deviation 9.43471e-06
ENERGY:  360000        23.8471        76.2642        43.1596         0.6685         -42468.0254    -86346.0682         0.0000         0.0000      9241.8509        -119428.3034       300.8125   -128670.1543   -119551.3937       297.6189            312.4656       309.9980    157022.2700        41.1948        40.9826

WRITING EXTENDED SYSTEM TO RESTART FILE AT STEP 360000
WRITING COORDINATES TO DCD FILE ../output/3_CLKWW.1.dcd AT STEP 360000
WRITING COORDINATES TO RESTART FILE AT STEP 360000
FINISHED WRITING RESTART COORDINATES
WRITING VELOCITIES TO RESTART FILE AT STEP 360000
FINISHED WRITING RESTART VELOCITIES
PRESSURE: 370000 1935.77 -148.636 -77.5299 -148.636 -2346.94 16.4479 -77.5291 16.4481 243.875
GPRESSURE: 370000 1919.88 -213.227 -113.596 -176.314 -2278.41 9.29575 -17.5164 32.9584 191.11
PRESSAVG: 370000 2266.6 -27.7867 1.36996 -27.7867 -2188.63 43.5032 1.36996 43.5032 120.369
GPRESSAVG: 370000 2273.28 -13.885 23.6597 -45.2528 -2192.15 27.3537 -15.8724 28.0623 117.103
TIMING: 370000  CPU: 324.707, 0.000881065/step  Wall: 324.744, 0.000881154/step, 392.213 ns/days, 0.52135 hours remaining, 0.000000 MB of memory in use.
PERFORMANCE: 370000  averaging 393.786 ns/day, 0.000877635 sec/step with standard deviation 9.32173e-06
ENERGY:  370000        34.9348        53.5902        49.1192         3.1524         -42758.5618    -86272.4427         0.0000         0.0000      9135.2637        -119754.9441       297.3432   -128890.2079   -119556.9472       297.7550            -55.7644       -55.8061    157131.2062        66.1104        66.0782

WRITING EXTENDED SYSTEM TO RESTART FILE AT STEP 370000
WRITING COORDINATES TO DCD FILE ../output/3_CLKWW.1.dcd AT STEP 370000
WRITING COORDINATES TO RESTART FILE AT STEP 370000
FINISHED WRITING RESTART COORDINATES
WRITING VELOCITIES TO RESTART FILE AT STEP 370000
FINISHED WRITING RESTART VELOCITIES
PRESSURE: 380000 2745.52 135.211 319.272 135.214 -1927.56 332.299 319.273 332.303 771.207
GPRESSURE: 380000 2744.25 78.0925 299.863 190.083 -1994.92 199.723 146.216 338.109 860.845
PRESSAVG: 380000 2296.35 -14.3594 5.41127 -14.3594 -2208.13 81.3847 5.41127 81.3847 145.143
GPRESSAVG: 380000 2304.5 3.482 27.7966 -33.3994 -2217.53 63.7031 -18.9218 61.734 147.047
TIMING: 380000  CPU: 333.504, 0.000879674/step  Wall: 333.541, 0.000879703/step, 392.86 ns/days, 0.518047 hours remaining, 0.000000 MB of memory in use.
PERFORMANCE: 380000  averaging 393.761 ns/day, 0.000877689 sec/step with standard deviation 9.20102e-06
ENERGY:  380000        28.5230        65.0653        48.3471         1.3658         -42600.8738    -86237.5276         0.0000         0.0000      9114.4763        -119580.6239       296.6665   -128695.1003   -119545.6353       297.9760            529.7214       536.7263    156995.9760        77.7896        78.0066

WRITING EXTENDED SYSTEM TO RESTART FILE AT STEP 380000
WRITING COORDINATES TO DCD FILE ../output/3_CLKWW.1.dcd AT STEP 380000
WRITING COORDINATES TO RESTART FILE AT STEP 380000
FINISHED WRITING RESTART COORDINATES
WRITING VELOCITIES TO RESTART FILE AT STEP 380000
FINISHED WRITING RESTART VELOCITIES
PRESSURE: 390000 2186.21 -217.418 -25.1579 -217.417 -2139.99 326.55 -25.1582 326.551 -83.5153
GPRESSURE: 390000 2202.32 -236.827 -8.34921 -278.608 -2165.19 244.816 -114.005 328.088 -69.9541
PRESSAVG: 390000 2279.64 -11.2626 15.509 -11.2626 -2199.13 112.202 15.509 112.202 148.014
GPRESSAVG: 390000 2290.82 2.20792 34.7519 -39.1254 -2213.47 89.9281 -6.9097 84.6831 152.21
TIMING: 390000  CPU: 342.328, 0.00088236/step  Wall: 342.366, 0.000882481/step, 391.623 ns/days, 0.517232 hours remaining, 0.000000 MB of memory in use.
PERFORMANCE: 390000  averaging 393.706 ns/day, 0.000877812 sec/step with standard deviation 9.11151e-06
ENERGY:  390000        24.6070        62.2204        48.9839         0.7225         -42555.6470    -86346.1397         0.0000         0.0000      9039.6656        -119725.5873       294.2315   -128765.2529   -119554.9095       297.7636            -12.4317       -10.9418    157323.7927        76.1746        76.5208

WRITING EXTENDED SYSTEM TO RESTART FILE AT STEP 390000
WRITING COORDINATES TO DCD FILE ../output/3_CLKWW.1.dcd AT STEP 390000
WRITING COORDINATES TO RESTART FILE AT STEP 390000
FINISHED WRITING RESTART COORDINATES
WRITING VELOCITIES TO RESTART FILE AT STEP 390000
FINISHED WRITING RESTART VELOCITIES
PRESSURE: 400000 2376.08 183.645 167.867 183.644 -1573.15 -83.8443 167.866 -83.8444 124.359
GPRESSURE: 400000 2474.28 39.0201 236.65 187.417 -1654.98 -84.1082 183.696 -235.595 112.073
PRESSAVG: 400000 2294.39 1.40398 -1.31804 1.40398 -2181.78 119.923 -1.31804 119.923 153.596
GPRESSAVG: 400000 2308.8 12.1378 16.6629 -25.9698 -2198.44 92.4028 -19.1637 82.7317 156.827
TIMING: 400000  CPU: 351.153, 0.000882576/step  Wall: 351.192, 0.000882603/step, 391.569 ns/days, 0.514852 hours remaining, 0.000000 MB of memory in use.
PERFORMANCE: 400000  averaging 393.652 ns/day, 0.000877932 sec/step with standard deviation 9.02578e-06
ETITLE:      TS           BOND          ANGLE          DIHED          IMPRP               ELECT            VDW       BOUNDARY           MISC        KINETIC               TOTAL           TEMP      POTENTIAL       TOTALAVG        TEMPAVG            PRESSURE      GPRESSURE         VOLUME       PRESSAVG      GPRESSAVG

ENERGY:  400000        19.8087        65.0520        43.4366         1.6974         -42493.7096    -86263.2732         0.0000         0.0000      9150.2319        -119476.7563       297.8304   -128626.9882   -119548.8312       297.8487            309.0984       310.4593    157175.7302        88.7332        89.0631

WRITING EXTENDED SYSTEM TO RESTART FILE AT STEP 400000
WRITING COORDINATES TO DCD FILE ../output/3_CLKWW.1.dcd AT STEP 400000
WRITING COORDINATES TO RESTART FILE AT STEP 400000
FINISHED WRITING RESTART COORDINATES
WRITING VELOCITIES TO RESTART FILE AT STEP 400000
FINISHED WRITING RESTART VELOCITIES
PRESSURE: 410000 2763.77 202.575 323.318 202.577 -2138.91 -118.77 323.32 -118.769 127.463
GPRESSURE: 410000 2784.09 256.125 299.789 202.809 -2110 -91.5171 377.651 -248.045 73.2196
PRESSAVG: 410000 2283.03 5.43503 19.1648 5.43503 -2199.94 116.655 19.1648 116.655 181.01
GPRESSAVG: 410000 2295.15 17.5836 35.6387 -15.7651 -2211.88 92.018 3.90642 75.4936 182.307
TIMING: 410000  CPU: 359.974, 0.000882028/step  Wall: 360.014, 0.000882228/step, 391.735 ns/days, 0.512182 hours remaining, 0.000000 MB of memory in use.
PERFORMANCE: 410000  averaging 393.605 ns/day, 0.000878037 sec/step with standard deviation 8.93747e-06
ENERGY:  410000        25.7310        75.4901        45.6504         1.4164         -42623.6070    -86279.5754         0.0000         0.0000      9009.7790        -119745.1154       293.2588   -128754.8944   -119550.0784       297.7289            250.7731       249.1045    157321.1969        88.0325        88.5226

WRITING EXTENDED SYSTEM TO RESTART FILE AT STEP 410000
WRITING COORDINATES TO DCD FILE ../output/3_CLKWW.1.dcd AT STEP 410000
WRITING COORDINATES TO RESTART FILE AT STEP 410000
FINISHED WRITING RESTART COORDINATES
WRITING VELOCITIES TO RESTART FILE AT STEP 410000
FINISHED WRITING RESTART VELOCITIES
PRESSURE: 420000 2593.53 -60.1424 -246.524 -60.1413 -1557.31 -298.833 -246.522 -298.832 44.0967
GPRESSURE: 420000 2640.49 -198.481 -239.41 8.91643 -1638.23 -399.643 -217.049 -349.524 93.3096
PRESSAVG: 420000 2295.24 -1.91706 -0.473431 -1.91706 -2184.91 79.3778 -0.473431 79.3778 199.682
GPRESSAVG: 420000 2310 -6.87364 20.5239 -16.4193 -2195.87 56.4137 -15.305 34.1383 198.98
TIMING: 420000  CPU: 368.824, 0.000885044/step  Wall: 368.866, 0.000885158/step, 390.439 ns/days, 0.511425 hours remaining, 0.000000 MB of memory in use.
PERFORMANCE: 420000  averaging 393.529 ns/day, 0.000878206 sec/step with standard deviation 8.89593e-06
ENERGY:  420000        26.1353        53.5248        45.4128         0.8653         -42664.5866    -86289.1213         0.0000         0.0000      9089.5192        -119738.2506       295.8542   -128827.7698   -119556.2424       297.7965            360.1066       365.1884    156785.8997       103.3383       104.3698

WRITING EXTENDED SYSTEM TO RESTART FILE AT STEP 420000
WRITING COORDINATES TO DCD FILE ../output/3_CLKWW.1.dcd AT STEP 420000
WRITING COORDINATES TO RESTART FILE AT STEP 420000
FINISHED WRITING RESTART COORDINATES
WRITING VELOCITIES TO RESTART FILE AT STEP 420000
FINISHED WRITING RESTART VELOCITIES
PRESSURE: 430000 3123.99 -73.58 104.606 -73.5797 -2168.69 75.1061 104.606 75.1067 744.342
GPRESSURE: 430000 3083.39 -125.401 59.8901 -62.3171 -2174.11 179.165 133.747 -26.5573 787.667
PRESSAVG: 430000 2339.99 -17.978 -2.04132 -17.978 -2171.51 79.2036 -2.04132 79.2036 252.333
GPRESSAVG: 430000 2350.74 -33.4905 8.08217 -28.5004 -2182.12 59.5314 -11.5836 32.4053 254.689
TIMING: 430000  CPU: 377.662, 0.00088378/step  Wall: 377.704, 0.000883782/step, 391.047 ns/days, 0.508175 hours remaining, 0.000000 MB of memory in use.
PERFORMANCE: 430000  averaging 393.471 ns/day, 0.000878336 sec/step with standard deviation 8.83042e-06
ENERGY:  430000        28.4322        72.4957        46.8855         1.3700         -42432.0148    -86210.9976         0.0000         0.0000      9093.7366        -119400.0924       295.9915   -128493.8289   -119550.0445       297.6810            566.5457       565.6511    157520.8434       140.2721       141.1022

WRITING EXTENDED SYSTEM TO RESTART FILE AT STEP 430000
WRITING COORDINATES TO DCD FILE ../output/3_CLKWW.1.dcd AT STEP 430000
WRITING COORDINATES TO RESTART FILE AT STEP 430000
FINISHED WRITING RESTART COORDINATES
WRITING VELOCITIES TO RESTART FILE AT STEP 430000
FINISHED WRITING RESTART VELOCITIES
PRESSURE: 440000 2516.86 16.2414 -259.15 16.2425 -2319.12 -103.83 -259.151 -103.83 438.619
GPRESSURE: 440000 2511.52 -35.1391 -88.6644 131.7 -2302.08 -121.66 -449.168 -145.455 406.638
PRESSAVG: 440000 2366.68 -22.9034 -17.6499 -22.9034 -2166.86 80.191 -17.6499 80.191 313.728
GPRESSAVG: 440000 2372.3 -44.777 0.351504 -24.0757 -2171.18 59.1724 -33.0722 33.3814 312.875
TIMING: 440000  CPU: 386.505, 0.000884279/step  Wall: 386.547, 0.000884314/step, 390.812 ns/days, 0.506024 hours remaining, 0.000000 MB of memory in use.
PERFORMANCE: 440000  averaging 393.41 ns/day, 0.000878472 sec/step with standard deviation 8.77354e-06
ENERGY:  440000        24.8710        65.9295        46.3271         2.1530         -42491.1766    -86301.5460         0.0000         0.0000      9117.5721        -119535.8697       296.7673   -128653.4419   -119555.9760       297.5181            212.1210       205.3576    157453.1143       171.1817       171.3318

WRITING EXTENDED SYSTEM TO RESTART FILE AT STEP 440000
WRITING COORDINATES TO DCD FILE ../output/3_CLKWW.1.dcd AT STEP 440000
WRITING COORDINATES TO RESTART FILE AT STEP 440000
FINISHED WRITING RESTART COORDINATES
WRITING VELOCITIES TO RESTART FILE AT STEP 440000
FINISHED WRITING RESTART VELOCITIES
PRESSURE: 450000 2596.48 -270.316 -184.1 -270.315 -2548.35 113.832 -184.102 113.832 -113.701
GPRESSURE: 450000 2585.7 -174.561 -190.337 -325.659 -2492.08 45.6633 -164.051 15.2179 -165.276
PRESSAVG: 450000 2411.5 -34.4274 -22.211 -34.4274 -2161.56 85.3754 -22.211 85.3754 302.6
GPRESSAVG: 450000 2413.2 -50.8745 -1.40943 -40.5512 -2164.41 64.9193 -45.7874 38.5287 303.298
TIMING: 450000  CPU: 395.324, 0.000881978/step  Wall: 395.367, 0.000882019/step, 391.828 ns/days, 0.502261 hours remaining, 0.000000 MB of memory in use.
PERFORMANCE: 450000  averaging 393.375 ns/day, 0.000878551 sec/step with standard deviation 8.68938e-06
ENERGY:  450000        27.5649        60.3446        46.9389         4.1516         -42499.9982    -86445.3684         0.0000         0.0000      9107.8229        -119698.5436       296.4500   -128806.3666   -119561.4953       297.4694            -21.8569       -23.8834    157306.9738       184.1811       184.0283

WRITING EXTENDED SYSTEM TO RESTART FILE AT STEP 450000
WRITING COORDINATES TO DCD FILE ../output/3_CLKWW.1.dcd AT STEP 450000
WRITING COORDINATES TO RESTART FILE AT STEP 450000
FINISHED WRITING RESTART COORDINATES
WRITING VELOCITIES TO RESTART FILE AT STEP 450000
FINISHED WRITING RESTART VELOCITIES
PRESSURE: 460000 3044.8 -84.4083 8.81802 -84.4087 -1969.92 -15.7062 8.81622 -15.7037 -106.862
GPRESSURE: 460000 3009.56 -131.222 4.76859 -49.8648 -1870.19 80.9523 127.444 -99.2205 -191.584
PRESSAVG: 460000 2426.84 -46.7948 -19.266 -46.7948 -2167.6 70.6603 -19.266 70.6603 244.79
GPRESSAVG: 460000 2424.31 -65.586 0.806684 -51.9996 -2164.01 53.1058 -33.9804 28.594 242.49
TIMING: 460000  CPU: 404.175, 0.000885082/step  Wall: 404.218, 0.000885135/step, 390.449 ns/days, 0.501577 hours remaining, 0.000000 MB of memory in use.
PERFORMANCE: 460000  averaging 393.311 ns/day, 0.000878694 sec/step with standard deviation 8.64696e-06
ENERGY:  460000        21.4129        54.5323        54.1086         2.0552         -42434.8705    -86288.8370         0.0000         0.0000      9153.4997        -119438.0988       297.9367   -128591.5985   -119560.4750       297.5120            322.6722       315.9290    157358.7175       168.0081       167.5985

WRITING EXTENDED SYSTEM TO RESTART FILE AT STEP 460000
WRITING COORDINATES TO DCD FILE ../output/3_CLKWW.1.dcd AT STEP 460000
WRITING COORDINATES TO RESTART FILE AT STEP 460000
FINISHED WRITING RESTART COORDINATES
WRITING VELOCITIES TO RESTART FILE AT STEP 460000
FINISHED WRITING RESTART VELOCITIES
PRESSURE: 470000 1738.68 -94.0765 -247.99 -94.0741 -3211.74 -28.6002 -247.99 -28.6007 -951.357
GPRESSURE: 470000 1728.48 -295.105 -214.98 -74.3471 -3229.93 37.241 -269.191 -49.6738 -926.635
PRESSAVG: 470000 2343.18 -54.8357 -42.1682 -54.8357 -2275.67 50.9777 -42.1682 50.9777 177.685
GPRESSAVG: 470000 2342.97 -86.1136 -21.7615 -57.8257 -2275.04 37.9962 -57.2854 9.42984 176.615
TIMING: 470000  CPU: 413.031, 0.000885579/step  Wall: 413.074, 0.000885598/step, 390.245 ns/days, 0.499379 hours remaining, 0.000000 MB of memory in use.
PERFORMANCE: 470000  averaging 393.245 ns/day, 0.000878841 sec/step with standard deviation 8.61154e-06
ENERGY:  470000        26.8572        50.3136        49.5296         3.5963         -42403.6414    -86418.2281         0.0000         0.0000      9261.0211        -119430.5516       301.4364   -128691.5728   -119554.7332       297.5546           -808.1373      -809.3616    157440.7825        81.7317        81.5148

WRITING EXTENDED SYSTEM TO RESTART FILE AT STEP 470000
WRITING COORDINATES TO DCD FILE ../output/3_CLKWW.1.dcd AT STEP 470000
WRITING COORDINATES TO RESTART FILE AT STEP 470000
FINISHED WRITING RESTART COORDINATES
WRITING VELOCITIES TO RESTART FILE AT STEP 470000
FINISHED WRITING RESTART VELOCITIES
PRESSURE: 480000 2430.83 96.3861 310.052 96.386 -2163.54 25.3463 310.05 25.3458 318.659
GPRESSURE: 480000 2401.5 64.9393 350.586 166.004 -2134.75 35.8557 125.557 10.8504 327.646
PRESSAVG: 480000 2345.37 -60.596 -26.1006 -60.596 -2300.31 60.4088 -26.1006 60.4088 189.183
GPRESSAVG: 480000 2344.86 -94.5966 -7.99263 -53.75 -2302.4 46.865 -46.1999 20.2973 191.437
TIMING: 480000  CPU: 421.866, 0.000883476/step  Wall: 421.909, 0.000883434/step, 391.201 ns/days, 0.495705 hours remaining, 0.000000 MB of memory in use.
PERFORMANCE: 480000  averaging 393.203 ns/day, 0.000878936 sec/step with standard deviation 8.54519e-06
ENERGY:  480000        23.3999        57.7577        55.2787         0.8596         -42754.5510    -86274.0185         0.0000         0.0000      9127.8996        -119763.3740       297.1035   -128891.2736   -119562.9712       297.6166            195.3179       198.1299    156897.1323        78.0812        77.9659

WRITING EXTENDED SYSTEM TO RESTART FILE AT STEP 480000
WRITING COORDINATES TO DCD FILE ../output/3_CLKWW.1.dcd AT STEP 480000
WRITING COORDINATES TO RESTART FILE AT STEP 480000
FINISHED WRITING RESTART COORDINATES
WRITING VELOCITIES TO RESTART FILE AT STEP 480000
FINISHED WRITING RESTART VELOCITIES
PRESSURE: 490000 2253.75 -80.9039 -335.296 -80.9035 -2636.19 340.842 -335.295 340.844 450.155
GPRESSURE: 490000 2243.36 -222.928 -223.287 19.0295 -2580.08 276.095 -417.513 276.163 405.995
PRESSAVG: 490000 2375.23 -54.8163 -49.6412 -54.8163 -2287.52 74.81 -49.6412 74.81 218.143
GPRESSAVG: 490000 2374 -97.3664 -25.5825 -42.9663 -2287.71 64.5666 -71.8434 24.614 219.513
TIMING: 490000  CPU: 430.723, 0.00088568/step  Wall: 430.767, 0.000885786/step, 390.162 ns/days, 0.494564 hours remaining, 0.000000 MB of memory in use.
PERFORMANCE: 490000  averaging 393.14 ns/day, 0.000879076 sec/step with standard deviation 8.51214e-06
ENERGY:  490000        18.0044        51.5223        50.8356         2.1397         -42512.2480    -86349.9680         0.0000         0.0000      9140.3401        -119599.3739       297.5084   -128739.7140   -119572.1444       297.5512             22.5704        23.0887    157368.8455       101.9526       101.9363

WRITING EXTENDED SYSTEM TO RESTART FILE AT STEP 490000
WRITING COORDINATES TO DCD FILE ../output/3_CLKWW.1.dcd AT STEP 490000
WRITING COORDINATES TO RESTART FILE AT STEP 490000
FINISHED WRITING RESTART COORDINATES
WRITING VELOCITIES TO RESTART FILE AT STEP 490000
FINISHED WRITING RESTART VELOCITIES
PRESSURE: 500000 2706.71 381.924 255.095 381.923 -1598.31 -219.468 255.098 -219.467 88.1595
GPRESSURE: 500000 2691.59 452.703 272.617 297.498 -1536.68 -265.206 232.113 -91.3829 40.3392
PRESSAVG: 500000 2401.08 -28.6336 -20.9937 -28.6336 -2227.13 54.1474 -20.9937 54.1474 207.565
GPRESSAVG: 500000 2400.74 -69.1583 3.19447 -21.0119 -2224.23 38.8126 -43.0064 10.5678 204.805
TIMING: 500000  CPU: 439.535, 0.000881283/step  Wall: 439.579, 0.000881273/step, 392.16 ns/days, 0.489596 hours remaining, 0.000000 MB of memory in use.
PERFORMANCE: 500000  averaging 393.12 ns/day, 0.00087912 sec/step with standard deviation 8.43056e-06
ETITLE:      TS           BOND          ANGLE          DIHED          IMPRP               ELECT            VDW       BOUNDARY           MISC        KINETIC               TOTAL           TEMP      POTENTIAL       TOTALAVG        TEMPAVG            PRESSURE      GPRESSURE         VOLUME       PRESSAVG      GPRESSAVG

ENERGY:  500000        24.2217        63.6796        49.0786         1.7156         -42596.2936    -86260.9541         0.0000         0.0000      9062.3711        -119656.1811       294.9706   -128718.5522   -119578.0038       297.5469            398.8557       398.4147    157539.5043       127.1719       127.1029

WRITING EXTENDED SYSTEM TO RESTART FILE AT STEP 500000
WRITING COORDINATES TO DCD FILE ../output/3_CLKWW.1.dcd AT STEP 500000
WRITING COORDINATES TO RESTART FILE AT STEP 500000
FINISHED WRITING RESTART COORDINATES
WRITING VELOCITIES TO RESTART FILE AT STEP 500000
FINISHED WRITING RESTART VELOCITIES
PRESSURE: 510000 2708.01 352.243 -189.536 352.242 -2260.07 4.62855 -189.535 4.62824 441.743
GPRESSURE: 510000 2672.91 271.225 -107.315 270.922 -2254.78 75.6465 -173.857 -18.4437 452.714
PRESSAVG: 510000 2464.22 22.6579 0.525696 22.6579 -2199.23 56.3135 0.525696 56.3135 234.511
GPRESSAVG: 510000 2464.95 -23.6766 21.5914 30.3419 -2194.19 41.3705 -20.0032 16.8499 228.324
TIMING: 510000  CPU: 448.305, 0.000876934/step  Wall: 448.35, 0.000877066/step, 394.041 ns/days, 0.484822 hours remaining, 0.000000 MB of memory in use.
PERFORMANCE: 510000  averaging 393.138 ns/day, 0.00087908 sec/step with standard deviation 8.35078e-06
ENERGY:  510000        25.4602        66.1408        42.2084         3.2124         -42621.9020    -86320.4157         0.0000         0.0000      9231.1729        -119574.1230       300.4649   -128805.2959   -119569.4039       297.6469            296.5587       290.2831    157283.4607       166.5014       166.3605

WRITING EXTENDED SYSTEM TO RESTART FILE AT STEP 510000
WRITING COORDINATES TO DCD FILE ../output/3_CLKWW.1.dcd AT STEP 510000
WRITING COORDINATES TO RESTART FILE AT STEP 510000
FINISHED WRITING RESTART COORDINATES
WRITING VELOCITIES TO RESTART FILE AT STEP 510000
FINISHED WRITING RESTART VELOCITIES
PRESSURE: 520000 1172.81 -496.969 -211.774 -496.972 -2663.05 -167.854 -211.772 -167.855 -807.039
GPRESSURE: 520000 1138.81 -409.142 -171.839 -548.059 -2636.91 -49.804 -280.978 -337.978 -799.403
PRESSAVG: 520000 2409.87 4.85988 1.40593 4.85988 -2193.61 32.5552 1.40593 32.5552 194.426
GPRESSAVG: 520000 2408.14 -31.7431 21.7335 0.311615 -2190.74 24.4218 -18.4093 -14.2975 192.458
TIMING: 520000  CPU: 457.16, 0.000885573/step  Wall: 457.206, 0.000885652/step, 390.221 ns/days, 0.487109 hours remaining, 0.000000 MB of memory in use.
PERFORMANCE: 520000  averaging 393.082 ns/day, 0.000879206 sec/step with standard deviation 8.31859e-06
ENERGY:  520000        17.2540        64.6944        48.2025         1.6893         -42367.5596    -86386.1748         0.0000         0.0000      9095.0791        -119526.8151       296.0352   -128621.8942   -119575.1083       297.3585           -765.7595      -765.8364    157651.7928       136.8963       136.6192

WRITING EXTENDED SYSTEM TO RESTART FILE AT STEP 520000
WRITING COORDINATES TO DCD FILE ../output/3_CLKWW.1.dcd AT STEP 520000
WRITING COORDINATES TO RESTART FILE AT STEP 520000
FINISHED WRITING RESTART COORDINATES
WRITING VELOCITIES TO RESTART FILE AT STEP 520000
FINISHED WRITING RESTART VELOCITIES
PRESSURE: 530000 1570.76 219.209 17.1112 219.209 -3093.95 93.5319 17.108 93.5329 -1170.2
GPRESSURE: 530000 1660.15 241.891 37.1987 166.952 -3132.91 30.1209 108.216 186.536 -1208.28
PRESSAVG: 530000 2371.75 18.4404 1.19153 18.4404 -2245.02 39.8537 1.19153 39.8537 108.488
GPRESSAVG: 530000 2376.39 -16.3236 24.3589 17.4725 -2244 29.7004 -14.5893 -1.56727 101.732
TIMING: 530000  CPU: 466.007, 0.000884676/step  Wall: 466.053, 0.000884665/step, 390.656 ns/days, 0.484109 hours remaining, 0.000000 MB of memory in use.
PERFORMANCE: 530000  averaging 393.036 ns/day, 0.000879309 sec/step with standard deviation 8.27227e-06
ENERGY:  530000        15.9503        51.9295        49.7898         2.0065         -42358.1744    -86487.4617         0.0000         0.0000      9168.3030        -119557.6570       298.4185   -128725.9600   -119581.4363       297.3181           -897.7949      -893.6820    157624.4525        78.4059        78.0402

WRITING EXTENDED SYSTEM TO RESTART FILE AT STEP 530000
WRITING COORDINATES TO DCD FILE ../output/3_CLKWW.1.dcd AT STEP 530000
WRITING COORDINATES TO RESTART FILE AT STEP 530000
FINISHED WRITING RESTART COORDINATES
WRITING VELOCITIES TO RESTART FILE AT STEP 530000
FINISHED WRITING RESTART VELOCITIES
PRESSURE: 540000 1134.35 17.4667 177.964 17.4671 -2954.13 -95.5007 177.963 -95.5012 -668.35
GPRESSURE: 540000 1224.69 69.525 350.684 -59.0625 -2970.95 -18.8224 177.339 -116.351 -744.524
PRESSAVG: 540000 2342.99 20.0244 3.16336 20.0244 -2267.99 38.2536 3.16336 38.2536 73.0562
GPRESSAVG: 540000 2352.7 -10.5749 35.3032 13.8529 -2267.09 39.1503 -12.5453 2.4544 60.9945
TIMING: 540000  CPU: 474.86, 0.000885272/step  Wall: 474.906, 0.000885334/step, 390.361 ns/days, 0.482015 hours remaining, 0.000000 MB of memory in use.
PERFORMANCE: 540000  averaging 392.986 ns/day, 0.000879421 sec/step with standard deviation 8.23477e-06
ENERGY:  540000        15.1583        56.4583        50.5015         1.8590         -42279.1531    -86413.3114         0.0000         0.0000      9156.4568        -119412.0307       298.0330   -128568.4874   -119574.7635       297.3201           -829.3777      -830.2623    158089.1719        49.3514        48.8674

WRITING EXTENDED SYSTEM TO RESTART FILE AT STEP 540000
WRITING COORDINATES TO DCD FILE ../output/3_CLKWW.1.dcd AT STEP 540000
WRITING COORDINATES TO RESTART FILE AT STEP 540000
FINISHED WRITING RESTART COORDINATES
WRITING VELOCITIES TO RESTART FILE AT STEP 540000
FINISHED WRITING RESTART VELOCITIES
PRESSURE: 550000 2860.26 -301.799 -137.686 -301.8 -2175.95 408.277 -137.691 408.275 1.82474
GPRESSURE: 550000 2845.46 -338.655 -54.4674 -253.032 -2127.99 414.203 -77.6311 364.882 -39.9508
PRESSAVG: 550000 2339.9 -8.71339 -5.13529 -8.71339 -2278.07 25.0555 -5.13529 25.0555 30.3308
GPRESSAVG: 550000 2345.51 -40.164 35.1621 -10.19 -2271.03 24.1184 -20.8394 -8.98025 16.1795
TIMING: 550000  CPU: 483.725, 0.000886477/step  Wall: 483.771, 0.000886461/step, 389.865 ns/days, 0.480166 hours remaining, 0.000000 MB of memory in use.
PERFORMANCE: 550000  averaging 392.929 ns/day, 0.000879549 sec/step with standard deviation 8.21321e-06
ENERGY:  550000        21.2007        66.5165        50.9875         1.2254         -42476.1576    -86309.3225         0.0000         0.0000      9167.6238        -119477.9262       298.3964   -128645.5500   -119576.0109       297.2755            228.7096       225.8402    157323.3827        30.7197        30.2199

WRITING EXTENDED SYSTEM TO RESTART FILE AT STEP 550000
WRITING COORDINATES TO DCD FILE ../output/3_CLKWW.1.dcd AT STEP 550000
WRITING COORDINATES TO RESTART FILE AT STEP 550000
FINISHED WRITING RESTART COORDINATES
WRITING VELOCITIES TO RESTART FILE AT STEP 550000
FINISHED WRITING RESTART VELOCITIES
PRESSURE: 560000 2406.36 -146.588 -228.476 -146.586 -1792.36 14.2141 -228.475 14.2138 273.657
GPRESSURE: 560000 2427.01 -164.377 -156.725 -32.9134 -1806.09 56.9074 -197.101 -11.1525 251.589
PRESSAVG: 560000 2343.28 -18.4965 -22.956 -18.4965 -2261.96 30.9338 -22.956 30.9338 8.357
GPRESSAVG: 560000 2349.47 -53.5771 17.1538 -10.9423 -2254.56 32.7462 -38.3041 -8.82873 -7.12318
TIMING: 560000  CPU: 492.558, 0.000883346/step  Wall: 492.606, 0.000883507/step, 391.169 ns/days, 0.476112 hours remaining, 0.000000 MB of memory in use.
PERFORMANCE: 560000  averaging 392.897 ns/day, 0.000879619 sec/step with standard deviation 8.15537e-06
ENERGY:  560000        27.4140        65.9610        48.6679         1.8892         -42456.9628    -86345.1413         0.0000         0.0000      9136.3163        -119521.8558       297.3774   -128658.1721   -119580.6885       297.1037            295.8851       290.8355    157559.8647        29.8907        29.2617

WRITING EXTENDED SYSTEM TO RESTART FILE AT STEP 560000
WRITING COORDINATES TO DCD FILE ../output/3_CLKWW.1.dcd AT STEP 560000
WRITING COORDINATES TO RESTART FILE AT STEP 560000
FINISHED WRITING RESTART COORDINATES
WRITING VELOCITIES TO RESTART FILE AT STEP 560000
FINISHED WRITING RESTART VELOCITIES
PRESSURE: 570000 2132.42 -166.247 85.5284 -166.245 -2298.71 119.267 85.5263 119.268 -408.899
GPRESSURE: 570000 2205.17 -240.376 83.5804 -103.98 -2346.58 98.5425 73.4939 261.107 -414.029
PRESSAVG: 570000 2353.11 -19.3769 -14.8032 -19.3769 -2259.55 36.0748 -14.8032 36.0748 -24.2817
GPRESSAVG: 570000 2363.74 -54.9346 27.0127 -7.3256 -2257.97 37.2086 -33.7536 2.57871 -37.3801
TIMING: 570000  CPU: 501.41, 0.000885175/step  Wall: 501.458, 0.000885224/step, 390.409 ns/days, 0.474579 hours remaining, 0.000000 MB of memory in use.
PERFORMANCE: 570000  averaging 392.853 ns/day, 0.000879718 sec/step with standard deviation 8.11625e-06
ENERGY:  570000        32.4523        58.6404        41.0999         3.0146         -42733.6988    -86314.7440         0.0000         0.0000      9018.7039        -119894.5318       293.5493   -128913.2357   -119587.6679       296.9140           -191.7326      -185.1473    157334.0109        23.0923        22.7947

WRITING EXTENDED SYSTEM TO RESTART FILE AT STEP 570000
WRITING COORDINATES TO DCD FILE ../output/3_CLKWW.1.dcd AT STEP 570000
WRITING COORDINATES TO RESTART FILE AT STEP 570000
FINISHED WRITING RESTART COORDINATES
WRITING VELOCITIES TO RESTART FILE AT STEP 570000
FINISHED WRITING RESTART VELOCITIES
PRESSURE: 580000 2498.25 279.582 118.703 279.581 -2473.43 425.786 118.701 425.785 357.391
GPRESSURE: 580000 2482.33 297.333 121.948 208.272 -2380.69 397.029 99.2984 358.934 287.766
PRESSAVG: 580000 2340.75 -12.1585 -24.8319 -12.1585 -2286.84 40.7489 -24.8319 40.7489 -44.9725
GPRESSAVG: 580000 2350.64 -43.9726 18.1169 -6.41617 -2277.26 47.0739 -36.0994 3.61993 -66.0341
TIMING: 580000  CPU: 510.247, 0.000883668/step  Wall: 510.295, 0.000883709/step, 391.079 ns/days, 0.471312 hours remaining, 0.000000 MB of memory in use.
PERFORMANCE: 580000  averaging 392.823 ns/day, 0.000879787 sec/step with standard deviation 8.06179e-06
ENERGY:  580000        24.7920        54.6109        44.4402         1.1876         -42625.7090    -86275.1057         0.0000         0.0000      9057.8307        -119717.9533       294.8228   -128775.7840   -119594.5344       296.8218            127.4040       129.8049    157191.9947         2.9764         2.4486

WRITING EXTENDED SYSTEM TO RESTART FILE AT STEP 580000
WRITING COORDINATES TO DCD FILE ../output/3_CLKWW.1.dcd AT STEP 580000
WRITING COORDINATES TO RESTART FILE AT STEP 580000
FINISHED WRITING RESTART COORDINATES
WRITING VELOCITIES TO RESTART FILE AT STEP 580000
FINISHED WRITING RESTART VELOCITIES
PRESSURE: 590000 1721.07 47.5725 27.6993 47.572 -2532.34 -181.379 27.6977 -181.379 -568.828
GPRESSURE: 590000 1784.35 72.9802 -23.8839 90.1383 -2557.25 -117.761 106.204 -105.211 -607.747
PRESSAVG: 590000 2317.49 1.09094 -22.1891 1.09094 -2306.46 15.3524 -22.1891 15.3524 -69.2381
GPRESSAVG: 590000 2329.74 -28.4822 17.3402 12.0211 -2296.86 28.9451 -25.089 -18.045 -92.9237
TIMING: 590000  CPU: 518.952, 0.000870575/step  Wall: 519.002, 0.000870611/step, 396.963 ns/days, 0.461907 hours remaining, 0.000000 MB of memory in use.
PERFORMANCE: 590000  averaging 392.892 ns/day, 0.000879631 sec/step with standard deviation 8.08078e-06
ENERGY:  590000        24.6939        64.1118        50.8389         1.2393         -42410.8597    -86360.8772         0.0000         0.0000      9152.0461        -119478.8069       297.8894   -128630.8529   -119582.1954       297.0047           -460.0312      -460.2176    157076.1384       -19.4036       -20.0152

WRITING EXTENDED SYSTEM TO RESTART FILE AT STEP 590000
WRITING COORDINATES TO DCD FILE ../output/3_CLKWW.1.dcd AT STEP 590000
WRITING COORDINATES TO RESTART FILE AT STEP 590000
FINISHED WRITING RESTART COORDINATES
WRITING VELOCITIES TO RESTART FILE AT STEP 590000
FINISHED WRITING RESTART VELOCITIES
PRESSURE: 600000 1696.92 -97.7 -42.8439 -97.7014 -2653.49 -356.657 -42.8447 -356.657 369.711
GPRESSURE: 600000 1758.84 -13.7764 -72.9511 -122.142 -2672.22 -360.508 26.483 -498.722 337.914
PRESSAVG: 600000 2283.53 -12.9763 -32.7246 -12.9763 -2360.48 1.71176 -32.7246 1.71176 -56.9705
GPRESSAVG: 600000 2293.97 -31.122 1.86013 -3.45681 -2347.73 15.1251 -32.9497 -31.2013 -81.6317
TIMING: 600000  CPU: 527.566, 0.000861372/step  Wall: 527.615, 0.000861352/step, 401.23 ns/days, 0.454603 hours remaining, 0.000000 MB of memory in use.
PERFORMANCE: 600000  averaging 393.028 ns/day, 0.000879326 sec/step with standard deviation 8.35229e-06
ETITLE:      TS           BOND          ANGLE          DIHED          IMPRP               ELECT            VDW       BOUNDARY           MISC        KINETIC               TOTAL           TEMP      POTENTIAL       TOTALAVG        TEMPAVG            PRESSURE      GPRESSURE         VOLUME       PRESSAVG      GPRESSAVG

ENERGY:  600000        23.3443        72.7522        49.1261         1.5808         -42397.9908    -86402.9622         0.0000         0.0000      9171.0926        -119483.0569       298.5093   -128654.1495   -119582.5104       297.0387           -195.6198      -191.8216    157303.9719       -44.6395       -45.1292

WRITING EXTENDED SYSTEM TO RESTART FILE AT STEP 600000
WRITING COORDINATES TO DCD FILE ../output/3_CLKWW.1.dcd AT STEP 600000
WRITING COORDINATES TO RESTART FILE AT STEP 600000
FINISHED WRITING RESTART COORDINATES
WRITING VELOCITIES TO RESTART FILE AT STEP 600000
FINISHED WRITING RESTART VELOCITIES
PRESSURE: 610000 1748.27 -89.1725 340.099 -89.1727 -2250.8 72.6845 340.099 72.6844 435.691
GPRESSURE: 610000 1713.23 -223.331 242.965 -52.6374 -2255.81 34.7163 476.06 6.62342 489.342
PRESSAVG: 610000 2232.76 -27.5638 -31.8856 -27.5638 -2366.07 11.2844 -31.8856 11.2844 -41.5591
GPRESSAVG: 610000 2240.43 -55.0948 -0.981039 -16.2291 -2355.02 21.4367 -28.0292 -18.4679 -60.8256
TIMING: 610000  CPU: 536.172, 0.000860569/step  Wall: 536.221, 0.00086062/step, 401.571 ns/days, 0.451825 hours remaining, 0.000000 MB of memory in use.
PERFORMANCE: 610000  averaging 393.165 ns/day, 0.00087902 sec/step with standard deviation 8.62176e-06
ENERGY:  610000        23.7987        62.8595        49.2130         4.3126         -42616.6208    -86214.8767         0.0000         0.0000      9199.7237        -119491.5900       299.4413   -128691.3137   -119569.8341       297.3478            -22.2778       -17.7449    157313.4182       -58.2920       -58.4717

WRITING EXTENDED SYSTEM TO RESTART FILE AT STEP 610000
WRITING COORDINATES TO DCD FILE ../output/3_CLKWW.1.dcd AT STEP 610000
WRITING COORDINATES TO RESTART FILE AT STEP 610000
FINISHED WRITING RESTART COORDINATES
WRITING VELOCITIES TO RESTART FILE AT STEP 610000
FINISHED WRITING RESTART VELOCITIES
PRESSURE: 620000 2975.22 -66.6226 41.1044 -66.6206 -2006.33 73.8184 41.1054 73.8184 -195.19
GPRESSURE: 620000 2957.96 -154.393 -55.3724 21.9454 -1965.64 -17.4105 38.2581 154.469 -214.421
PRESSAVG: 620000 2251.84 -27.8878 -17.5042 -27.8878 -2388.52 29.917 -17.5042 29.917 -53.5235
GPRESSAVG: 620000 2256.3 -52.8905 8.22082 -15.5777 -2371.39 40.5484 -15.2638 6.73175 -76.2121
TIMING: 620000  CPU: 544.795, 0.000862275/step  Wall: 544.844, 0.00086225/step, 400.812 ns/days, 0.450286 hours remaining, 0.000000 MB of memory in use.
PERFORMANCE: 620000  averaging 393.286 ns/day, 0.000878749 sec/step with standard deviation 8.81203e-06
ENERGY:  620000        27.8621        63.0498        49.9676         1.4960         -42593.6667    -86146.7128         0.0000         0.0000      9090.0673        -119507.9366       295.8721   -128598.0039   -119558.3184       297.3487            257.9018       259.2990    157154.4502       -63.4023       -63.7662

WRITING EXTENDED SYSTEM TO RESTART FILE AT STEP 620000
WRITING COORDINATES TO DCD FILE ../output/3_CLKWW.1.dcd AT STEP 620000
WRITING COORDINATES TO RESTART FILE AT STEP 620000
FINISHED WRITING RESTART COORDINATES
WRITING VELOCITIES TO RESTART FILE AT STEP 620000
FINISHED WRITING RESTART VELOCITIES
PRESSURE: 630000 2789.71 90.3775 163.693 90.3761 -1878.67 302.872 163.692 302.872 498.237
GPRESSURE: 630000 2780.99 58.0144 250.611 82.9583 -1830.29 437.043 114.439 211.001 465.982
PRESSAVG: 630000 2235.13 -19.69 -14.55 -19.69 -2374.02 41.3052 -14.55 41.3052 -65.8287
GPRESSAVG: 630000 2241.18 -43.7197 17.7568 -8.3139 -2354.2 53.4423 -16.2293 18.6096 -92.2964
TIMING: 630000  CPU: 553.426, 0.000863114/step  Wall: 553.477, 0.000863316/step, 400.317 ns/days, 0.448444 hours remaining, 0.000000 MB of memory in use.
PERFORMANCE: 630000  averaging 393.396 ns/day, 0.000878504 sec/step with standard deviation 8.95435e-06
ENERGY:  630000        29.1484        61.6848        48.1223         2.8967         -42644.9006    -86254.3405         0.0000         0.0000      9112.1195        -119645.2694       296.5898   -128757.3889   -119570.5773       297.3786            469.7607       472.2260    156262.3229       -68.2415       -68.4374

WRITING EXTENDED SYSTEM TO RESTART FILE AT STEP 630000
WRITING COORDINATES TO DCD FILE ../output/3_CLKWW.1.dcd AT STEP 630000
WRITING COORDINATES TO RESTART FILE AT STEP 630000
FINISHED WRITING RESTART COORDINATES
WRITING VELOCITIES TO RESTART FILE AT STEP 630000
FINISHED WRITING RESTART VELOCITIES
PRESSURE: 640000 2250.28 60.9038 -62.9054 60.9041 -2207.51 38.7313 -62.9028 38.7324 -705.112
GPRESSURE: 640000 2257.83 97.5905 -14.939 77.2344 -2274.96 4.29673 26.3366 21.8256 -644.756
PRESSAVG: 640000 2221.8 -17.4569 -4.73757 -17.4569 -2368.44 48.4334 -4.73757 48.4334 -123.015
GPRESSAVG: 640000 2228.5 -37.0832 21.4431 -11.0372 -2352.84 59.7401 7.54596 26.9737 -144.866
TIMING: 640000  CPU: 562.099, 0.000867376/step  Wall: 562.151, 0.000867456/step, 398.407 ns/days, 0.448185 hours remaining, 0.000000 MB of memory in use.
PERFORMANCE: 640000  averaging 393.473 ns/day, 0.000878332 sec/step with standard deviation 8.98972e-06
ENERGY:  640000        24.5087        47.8679        51.1749         1.1431         -42536.1203    -86400.2520         0.0000         0.0000      9095.2792        -119716.3984       296.0417   -128811.6777   -119579.6037       297.3423           -220.7813      -220.6280    158052.4631       -89.8867       -89.7367

WRITING EXTENDED SYSTEM TO RESTART FILE AT STEP 640000
WRITING COORDINATES TO DCD FILE ../output/3_CLKWW.1.dcd AT STEP 640000
WRITING COORDINATES TO RESTART FILE AT STEP 640000
FINISHED WRITING RESTART COORDINATES
WRITING VELOCITIES TO RESTART FILE AT STEP 640000
FINISHED WRITING RESTART VELOCITIES
PRESSURE: 650000 2174.62 271.937 -11.7516 271.935 -2718.8 415.663 -11.7498 415.663 265.13
GPRESSURE: 650000 2200.55 252.112 73.8192 288.133 -2776.54 455.198 -94.4281 329.484 297.523
PRESSAVG: 650000 2200.7 9.65557 3.88006 9.65557 -2376.96 63.5249 3.88006 63.5249 -104.074
GPRESSAVG: 650000 2209.24 -15.7496 34.6509 19.6524 -2367.06 80.2169 11.0271 42.687 -121.726
TIMING: 650000  CPU: 570.919, 0.000881976/step  Wall: 570.971, 0.000881947/step, 391.86 ns/days, 0.453223 hours remaining, 0.000000 MB of memory in use.
PERFORMANCE: 650000  averaging 393.448 ns/day, 0.000878387 sec/step with standard deviation 8.93047e-06
ENERGY:  650000        20.8720        64.9212        45.3085         1.8791         -42584.7356    -86227.4649         0.0000         0.0000      9146.8221        -119532.3975       297.7194   -128679.2196   -119571.2964       297.4058            -93.0158       -92.8228    157940.2342       -93.4446       -93.1837

WRITING EXTENDED SYSTEM TO RESTART FILE AT STEP 650000
WRITING COORDINATES TO DCD FILE ../output/3_CLKWW.1.dcd AT STEP 650000
WRITING COORDINATES TO RESTART FILE AT STEP 650000
FINISHED WRITING RESTART COORDINATES
WRITING VELOCITIES TO RESTART FILE AT STEP 650000
FINISHED WRITING RESTART VELOCITIES
PRESSURE: 660000 2110.52 -30.5391 193.226 -30.542 -2965.47 239.458 193.227 239.456 127.846
GPRESSURE: 660000 2224.36 -99.0392 198.393 138.777 -3055.46 237.525 244.956 232.355 104.43
PRESSAVG: 660000 2153.99 12.3489 13.1006 12.3489 -2426.74 76.2829 13.1006 76.2829 -92.3383
GPRESSAVG: 660000 2169.98 -14.1404 44.3321 29.0845 -2426.33 88.0455 16.9027 59.2658 -106.925
TIMING: 660000  CPU: 579.763, 0.000884378/step  Wall: 579.815, 0.000884387/step, 390.779 ns/days, 0.45202 hours remaining, 0.000000 MB of memory in use.
PERFORMANCE: 660000  averaging 393.408 ns/day, 0.000878478 sec/step with standard deviation 8.89224e-06
ENERGY:  660000        21.8020        57.8244        46.4373         2.1802         -42398.2168    -86362.9469         0.0000         0.0000      9248.3322        -119384.5877       301.0234   -128632.9199   -119568.6209       297.5601           -242.3658      -242.2233    157539.3874      -121.6965      -121.0913

WRITING EXTENDED SYSTEM TO RESTART FILE AT STEP 660000
WRITING COORDINATES TO DCD FILE ../output/3_CLKWW.1.dcd AT STEP 660000
WRITING COORDINATES TO RESTART FILE AT STEP 660000
FINISHED WRITING RESTART COORDINATES
WRITING VELOCITIES TO RESTART FILE AT STEP 660000
FINISHED WRITING RESTART VELOCITIES
PRESSURE: 670000 2007.57 -52.0092 204.016 -52.01 -2361.79 -95.1335 204.015 -95.1326 -293.463
GPRESSURE: 670000 1960.09 -25.938 239.546 -68.5182 -2393.34 -94.0336 226.377 -121.656 -210.055
PRESSAVG: 670000 2167.43 14.4521 35.7009 14.4521 -2384.24 72.9563 35.7009 72.9563 -59.4437
GPRESSAVG: 670000 2181.56 -0.682091 67.0584 29.376 -2384.5 81.4818 41.6811 55.6666 -71.0964
TIMING: 670000  CPU: 588.592, 0.000882874/step  Wall: 588.644, 0.000882917/step, 391.43 ns/days, 0.448816 hours remaining, 0.000000 MB of memory in use.
PERFORMANCE: 670000  averaging 393.378 ns/day, 0.000878544 sec/step with standard deviation 8.84126e-06
ENERGY:  670000        24.6431        48.7431        48.7231         1.1940         -42207.7336    -86409.3600         0.0000         0.0000      9164.4892        -119329.3011       298.2944   -128493.7903   -119563.5583       297.4030           -215.8917      -214.4355    157749.2803       -92.0842       -91.3450

WRITING EXTENDED SYSTEM TO RESTART FILE AT STEP 670000
WRITING COORDINATES TO DCD FILE ../output/3_CLKWW.1.dcd AT STEP 670000
WRITING COORDINATES TO RESTART FILE AT STEP 670000
FINISHED WRITING RESTART COORDINATES
WRITING VELOCITIES TO RESTART FILE AT STEP 670000
FINISHED WRITING RESTART VELOCITIES
PRESSURE: 680000 2151.2 -2.1645 482.44 -2.16172 -2650.73 -192.697 482.442 -192.698 22.5577
GPRESSURE: 680000 2064.78 -61.2235 607.406 -1.6352 -2565.57 -270.444 504.41 -111.62 19.1679
PRESSAVG: 680000 2153.45 9.52474 44.3205 9.52474 -2408.6 62.0541 44.3205 62.0541 -74.2488
GPRESSAVG: 680000 2164.72 -6.99023 79.8994 20.994 -2406.04 66.1668 60.6237 49.5431 -86.5203
TIMING: 680000  CPU: 597.407, 0.000881578/step  Wall: 597.46, 0.000881642/step, 391.996 ns/days, 0.445719 hours remaining, 0.000000 MB of memory in use.
PERFORMANCE: 680000  averaging 393.358 ns/day, 0.00087859 sec/step with standard deviation 8.78307e-06
ENERGY:  680000        23.2231        55.4529        45.6004         0.8291         -42558.4570    -86379.2225         0.0000         0.0000      9164.9246        -119647.6495       298.3086   -128812.5740   -119557.7721       297.4633           -158.9894      -160.5420    157451.7167      -109.7996      -109.2786

WRITING EXTENDED SYSTEM TO RESTART FILE AT STEP 680000
WRITING COORDINATES TO DCD FILE ../output/3_CLKWW.1.dcd AT STEP 680000
WRITING COORDINATES TO RESTART FILE AT STEP 680000
FINISHED WRITING RESTART COORDINATES
WRITING VELOCITIES TO RESTART FILE AT STEP 680000
FINISHED WRITING RESTART VELOCITIES
PRESSURE: 690000 1791.99 152.293 167.104 152.288 -2542.22 -108.231 167.108 -108.231 319.74
GPRESSURE: 690000 1804.74 -2.87114 80.0801 237.291 -2609.3 -206.509 311.564 50.5066 383.399
PRESSAVG: 690000 2130.37 21.1843 69.4406 21.1843 -2403.9 39.6004 69.4406 39.6004 -80.7695
GPRESSAVG: 690000 2142.79 4.0126 95.0678 31.9071 -2407.5 42.0366 97.0776 38.2603 -87.6501
TIMING: 690000  CPU: 606.226, 0.000881879/step  Wall: 606.279, 0.000881848/step, 391.904 ns/days, 0.443373 hours remaining, 0.000000 MB of memory in use.
PERFORMANCE: 690000  averaging 393.336 ns/day, 0.000878637 sec/step with standard deviation 8.72707e-06
ENERGY:  690000        24.9228        56.1157        43.4467         3.5371         -42367.0742    -86241.8224         0.0000         0.0000      9103.1284        -119377.7459       296.2972   -128480.8743   -119546.6907       297.4027           -143.4973      -140.3889    157922.2808      -118.1030      -117.4525

WRITING EXTENDED SYSTEM TO RESTART FILE AT STEP 690000
WRITING COORDINATES TO DCD FILE ../output/3_CLKWW.1.dcd AT STEP 690000
WRITING COORDINATES TO RESTART FILE AT STEP 690000
FINISHED WRITING RESTART COORDINATES
WRITING VELOCITIES TO RESTART FILE AT STEP 690000
FINISHED WRITING RESTART VELOCITIES
PRESSURE: 700000 1639.57 -35.0068 -161.706 -35.0089 -2739.5 -285.549 -161.703 -285.55 -256.263
GPRESSURE: 700000 1515.27 -9.69774 -99.5235 22.4268 -2678.46 -151.049 -265.206 -206.153 -202.577
PRESSAVG: 700000 2077.01 0.337723 48.6005 0.337723 -2460.96 36.2962 48.6005 36.2962 -97.9907
GPRESSAVG: 700000 2083.97 -19.1074 76.4608 18.1535 -2464.59 47.7445 72.2117 32.5218 -99.7959
TIMING: 700000  CPU: 615.064, 0.000883773/step  Wall: 615.117, 0.000883846/step, 391.018 ns/days, 0.441923 hours remaining, 0.000000 MB of memory in use.
PERFORMANCE: 700000  averaging 393.303 ns/day, 0.000878712 sec/step with standard deviation 8.68594e-06
ETITLE:      TS           BOND          ANGLE          DIHED          IMPRP               ELECT            VDW       BOUNDARY           MISC        KINETIC               TOTAL           TEMP      POTENTIAL       TOTALAVG        TEMPAVG            PRESSURE      GPRESSURE         VOLUME       PRESSAVG      GPRESSAVG

ENERGY:  700000        28.4479        61.7985        52.3730         2.1344         -42489.3333    -86431.9680         0.0000         0.0000      9186.8776        -119589.6699       299.0231   -128776.5475   -119543.3651       297.6054           -452.0639      -455.2582    157430.1060      -160.6490      -160.1361

WRITING EXTENDED SYSTEM TO RESTART FILE AT STEP 700000
WRITING COORDINATES TO DCD FILE ../output/3_CLKWW.1.dcd AT STEP 700000
WRITING COORDINATES TO RESTART FILE AT STEP 700000
FINISHED WRITING RESTART COORDINATES
WRITING VELOCITIES TO RESTART FILE AT STEP 700000
FINISHED WRITING RESTART VELOCITIES
PRESSURE: 710000 2249.97 70.3084 346.4 70.3083 -2470.51 -223.115 346.402 -223.117 -141.974
GPRESSURE: 710000 2211.15 142.09 294.794 71.1411 -2415.03 -255.438 405.403 -172.701 -150.956
PRESSAVG: 710000 2054.11 -13.759 75.3974 -13.759 -2471.49 24.909 75.3974 24.909 -127.176
GPRESSAVG: 710000 2060.89 -25.5642 96.5662 8.16452 -2472.6 31.1903 101.175 24.809 -129.979
TIMING: 710000  CPU: 623.854, 0.00087898/step  Wall: 623.907, 0.000878964/step, 393.19 ns/days, 0.437041 hours remaining, 0.000000 MB of memory in use.
PERFORMANCE: 710000  averaging 393.302 ns/day, 0.000878715 sec/step with standard deviation 8.62373e-06
ENERGY:  710000        26.8525        61.7552        48.8520         1.3708         -42592.1399    -86443.5188         0.0000         0.0000      9142.1677        -119754.6605       297.5679   -128896.8281   -119552.3920       297.4605           -120.8381      -118.2800    156348.8771      -181.5188      -180.5643

WRITING EXTENDED SYSTEM TO RESTART FILE AT STEP 710000
WRITING COORDINATES TO DCD FILE ../output/3_CLKWW.1.dcd AT STEP 710000
WRITING COORDINATES TO RESTART FILE AT STEP 710000
FINISHED WRITING RESTART COORDINATES
WRITING VELOCITIES TO RESTART FILE AT STEP 710000
FINISHED WRITING RESTART VELOCITIES
PRESSURE: 720000 2631.77 3.16953 40.7582 3.17008 -2156.37 121.252 40.7571 121.25 -488.679
GPRESSURE: 720000 2594.78 -15.6401 -55.3457 47.5549 -2126.85 -14.1738 123.555 206.659 -494.354
PRESSAVG: 720000 2127.05 11.2481 88.0238 11.2481 -2446.15 39.3643 88.0238 39.3643 -111.259
GPRESSAVG: 720000 2133.69 -5.88912 102.391 37.9452 -2447.1 32.9718 121.401 52.0408 -114.727
TIMING: 720000  CPU: 632.599, 0.000874515/step  Wall: 632.654, 0.000874688/step, 395.112 ns/days, 0.432485 hours remaining, 0.000000 MB of memory in use.
PERFORMANCE: 720000  averaging 393.327 ns/day, 0.000878659 sec/step with standard deviation 8.57592e-06
ENERGY:  720000        30.8029        67.2661        42.6836         0.7172         -42679.1935    -86034.9733         0.0000         0.0000      9242.9229        -119329.7740       300.8473   -128572.6969   -119542.5400       297.7011             -4.4256        -8.8081    157827.7548      -143.4521      -142.7128

WRITING EXTENDED SYSTEM TO RESTART FILE AT STEP 720000
WRITING COORDINATES TO DCD FILE ../output/3_CLKWW.1.dcd AT STEP 720000
WRITING COORDINATES TO RESTART FILE AT STEP 720000
FINISHED WRITING RESTART COORDINATES
WRITING VELOCITIES TO RESTART FILE AT STEP 720000
FINISHED WRITING RESTART VELOCITIES
PRESSURE: 730000 2415.14 -67.9881 -64.5172 -67.9899 -2035.09 20.7163 -64.519 20.716 -66.7879
GPRESSURE: 730000 2438.15 -164.309 -144.568 -34.9989 -2071.35 83.4123 -3.88457 10.4968 -68.3063
PRESSAVG: 730000 2169.27 -3.11181 83.9425 -3.11181 -2393.21 35.7234 83.9425 35.7234 -56.0881
GPRESSAVG: 730000 2172.59 -26.1991 93.3026 27.8477 -2394.02 35.6364 115.796 43.2389 -57.7282
TIMING: 730000  CPU: 641.332, 0.000873274/step  Wall: 641.387, 0.000873292/step, 395.744 ns/days, 0.429369 hours remaining, 0.000000 MB of memory in use.
PERFORMANCE: 730000  averaging 393.359 ns/day, 0.000878586 sec/step with standard deviation 8.53929e-06
ENERGY:  730000        20.9875        54.1954        50.0988         3.2521         -42468.4979    -86239.5545         0.0000         0.0000      9369.0294        -119210.4893       304.9520   -128579.5187   -119525.1816       298.0278            104.4194        99.4962    157553.1121       -93.3414       -93.0539

WRITING EXTENDED SYSTEM TO RESTART FILE AT STEP 730000
WRITING COORDINATES TO DCD FILE ../output/3_CLKWW.1.dcd AT STEP 730000
WRITING COORDINATES TO RESTART FILE AT STEP 730000
FINISHED WRITING RESTART COORDINATES
WRITING VELOCITIES TO RESTART FILE AT STEP 730000
FINISHED WRITING RESTART VELOCITIES
PRESSURE: 740000 2412.25 -220.322 -259.983 -220.323 -2778.18 237.068 -259.985 237.071 371.952
GPRESSURE: 740000 2331.04 -90.4735 -210.168 -259.144 -2703.23 204.619 -295.297 257.768 371.22
PRESSAVG: 740000 2233.17 -15.0013 62.0451 -15.0013 -2384.41 52.352 62.0451 52.352 -4.07302
GPRESSAVG: 740000 2227.9 -34.1991 65.2599 17.8436 -2380.63 46.8084 92.1645 61.9448 -1.94099
TIMING: 740000  CPU: 650.093, 0.000876179/step  Wall: 650.149, 0.000876238/step, 394.413 ns/days, 0.428383 hours remaining, 0.000000 MB of memory in use.
PERFORMANCE: 740000  averaging 393.374 ns/day, 0.000878554 sec/step with standard deviation 8.48499e-06
ENERGY:  740000        19.9557        53.0298        56.1912         1.3697         -42682.7518    -86260.3362         0.0000         0.0000      9230.8389        -119581.7026       300.4540   -128812.5415   -119533.6652       298.1488              2.0077        -0.3243    157748.3146       -51.7721       -51.5570

WRITING EXTENDED SYSTEM TO RESTART FILE AT STEP 740000
WRITING COORDINATES TO DCD FILE ../output/3_CLKWW.1.dcd AT STEP 740000
WRITING COORDINATES TO RESTART FILE AT STEP 740000
FINISHED WRITING RESTART COORDINATES
WRITING VELOCITIES TO RESTART FILE AT STEP 740000
FINISHED WRITING RESTART VELOCITIES
PRESSURE: 750000 2110.46 204.67 371.418 204.669 -2856.62 258.445 371.418 258.445 134.081
GPRESSURE: 750000 2038.49 127.397 371.789 227.675 -2773.85 306.607 397.329 266.604 118.204
PRESSAVG: 750000 2195.68 10.3221 87.5005 10.3221 -2418.44 44.8605 87.5005 44.8605 2.53981
GPRESSAVG: 750000 2187.55 -10.8965 86.5728 41.8789 -2412.93 41.4286 115.913 57.0309 5.96674
TIMING: 750000  CPU: 658.87, 0.000877678/step  Wall: 658.926, 0.000877666/step, 393.772 ns/days, 0.426643 hours remaining, 0.000000 MB of memory in use.
PERFORMANCE: 750000  averaging 393.379 ns/day, 0.000878542 sec/step with standard deviation 8.42809e-06
ENERGY:  750000        18.7176        63.9595        44.0829         2.3319         -42462.1511    -86313.3364         0.0000         0.0000      9220.5331        -119425.8625       300.1186   -128646.3956   -119531.0620       298.2349           -204.0259      -205.7170    156872.6239       -73.4089       -73.1349

WRITING EXTENDED SYSTEM TO RESTART FILE AT STEP 750000
WRITING COORDINATES TO DCD FILE ../output/3_CLKWW.1.dcd AT STEP 750000
WRITING COORDINATES TO RESTART FILE AT STEP 750000
FINISHED WRITING RESTART COORDINATES
WRITING VELOCITIES TO RESTART FILE AT STEP 750000
FINISHED WRITING RESTART VELOCITIES
PRESSURE: 760000 2715.34 206.926 357.787 206.927 -1886.45 -46.5323 357.786 -46.5321 352.762
GPRESSURE: 760000 2655.59 245.134 333.841 242.531 -1833.96 -67.2659 443.678 -108.251 355.016
PRESSAVG: 760000 2211.13 27.9978 116.814 27.9978 -2423.15 41.8232 116.814 41.8232 6.49507
GPRESSAVG: 760000 2198.98 9.57907 111.101 55.6511 -2414.32 35.22 147.951 52.176 11.1381
TIMING: 760000  CPU: 667.535, 0.000866474/step  Wall: 667.591, 0.000866551/step, 398.822 ns/days, 0.418833 hours remaining, 0.000000 MB of memory in use.
PERFORMANCE: 760000  averaging 393.45 ns/day, 0.000878384 sec/step with standard deviation 8.48395e-06
ENERGY:  760000        27.2080        64.4028        48.2245         3.9526         -42714.6394    -86272.2661         0.0000         0.0000      9149.4806        -119693.6370       297.8059   -128843.1176   -119539.6510       298.2564            393.8835       392.2132    156801.9457       -68.5090       -68.0660

WRITING EXTENDED SYSTEM TO RESTART FILE AT STEP 760000
WRITING COORDINATES TO DCD FILE ../output/3_CLKWW.1.dcd AT STEP 760000
WRITING COORDINATES TO RESTART FILE AT STEP 760000
FINISHED WRITING RESTART COORDINATES
WRITING VELOCITIES TO RESTART FILE AT STEP 760000
FINISHED WRITING RESTART VELOCITIES
PRESSURE: 770000 2195.06 -95.3988 -264.116 -95.4 -2593.45 255.249 -264.118 255.249 -392.019
GPRESSURE: 770000 2185.35 -143.942 -131.394 -31.8648 -2629.52 192.098 -385.21 226.298 -344.135
PRESSAVG: 770000 2214.26 31.54 99.3313 31.54 -2437.89 48.6223 99.3313 48.6223 7.33911
GPRESSAVG: 770000 2197.99 14.4008 100.352 59.2569 -2428.47 39.8977 125.016 50.4355 14.6328
TIMING: 770000  CPU: 676.155, 0.000861964/step  Wall: 676.211, 0.000861966/step, 400.944 ns/days, 0.414222 hours remaining, 0.000000 MB of memory in use.
PERFORMANCE: 770000  averaging 393.545 ns/day, 0.000878171 sec/step with standard deviation 8.63316e-06
ENERGY:  770000        24.8165        67.5551        48.5729         2.4733         -42555.5840    -86297.9201         0.0000         0.0000      9255.4611        -119454.6252       301.2554   -128710.0863   -119517.6557       298.6417           -263.4717      -262.7681    156716.8756       -72.0959       -71.9471

WRITING EXTENDED SYSTEM TO RESTART FILE AT STEP 770000
WRITING COORDINATES TO DCD FILE ../output/3_CLKWW.1.dcd AT STEP 770000
WRITING COORDINATES TO RESTART FILE AT STEP 770000
FINISHED WRITING RESTART COORDINATES
WRITING VELOCITIES TO RESTART FILE AT STEP 770000
FINISHED WRITING RESTART VELOCITIES
PRESSURE: 780000 2198.75 97.7124 218.719 97.7125 -2201.91 70.7364 218.716 70.7357 -226.413
GPRESSURE: 780000 2258.46 42.1342 171.263 193.226 -2260.32 360.482 267.072 -156.625 -234.383
PRESSAVG: 780000 2199.28 22.4466 104.332 22.4466 -2424.31 30.8699 104.332 30.8699 -21.8511
GPRESSAVG: 780000 2186.8 1.6408 102.818 58.5046 -2422.45 38.0704 133.405 24.6576 -11.4746
TIMING: 780000  CPU: 684.749, 0.00085948/step  Wall: 684.806, 0.000859485/step, 402.101 ns/days, 0.410643 hours remaining, 0.000000 MB of memory in use.
PERFORMANCE: 780000  averaging 393.653 ns/day, 0.000877932 sec/step with standard deviation 8.83403e-06
ENERGY:  780000        27.2732        60.4222        44.1016         3.4604         -42606.6291    -86305.3059         0.0000         0.0000      9193.7935        -119582.8841       299.2482   -128776.6775   -119510.9023       298.8630            -76.5222       -78.7492    156898.0392       -82.2922       -82.3748

WRITING EXTENDED SYSTEM TO RESTART FILE AT STEP 780000
WRITING COORDINATES TO DCD FILE ../output/3_CLKWW.1.dcd AT STEP 780000
WRITING COORDINATES TO RESTART FILE AT STEP 780000
FINISHED WRITING RESTART COORDINATES
WRITING VELOCITIES TO RESTART FILE AT STEP 780000
FINISHED WRITING RESTART VELOCITIES
PRESSURE: 790000 1949.67 -44.5793 -145.033 -44.5815 -2195.5 114.182 -145.032 114.179 679.747
GPRESSURE: 790000 1959.5 -97.9574 -274.696 -37.7727 -2235.32 178.322 88.7957 74.0405 706.318
PRESSAVG: 790000 2210.71 17.8389 95.6956 17.8389 -2407.47 45.6477 95.6956 45.6477 40.5777
GPRESSAVG: 790000 2195.56 -6.90608 90.2775 52.109 -2406.35 52.8745 132.535 33.6201 54.2287
TIMING: 790000  CPU: 693.347, 0.000859779/step  Wall: 693.404, 0.000859845/step, 401.933 ns/days, 0.408426 hours remaining, 0.000000 MB of memory in use.
PERFORMANCE: 790000  averaging 393.755 ns/day, 0.000877703 sec/step with standard deviation 9.01001e-06
ENERGY:  790000        24.8549        66.3088        50.5418         1.7586         -42612.8118    -86245.2071         0.0000         0.0000      9146.2638        -119568.2912       297.7012   -128714.5550   -119515.3765       298.8535            144.6395       143.4990    156902.3274       -52.0587       -52.1889

WRITING EXTENDED SYSTEM TO RESTART FILE AT STEP 790000
WRITING COORDINATES TO DCD FILE ../output/3_CLKWW.1.dcd AT STEP 790000
WRITING COORDINATES TO RESTART FILE AT STEP 790000
FINISHED WRITING RESTART COORDINATES
WRITING VELOCITIES TO RESTART FILE AT STEP 790000
FINISHED WRITING RESTART VELOCITIES
PRESSURE: 800000 2640.45 -58.0533 392.226 -58.0536 -2151.73 -99.3172 392.225 -99.3185 -772.52
GPRESSURE: 800000 2594.34 -4.25326 453.079 -130.786 -2134.34 -85.3202 367.487 -112.475 -736.757
PRESSAVG: 800000 2257.89 19.8213 117.449 19.8213 -2382.38 58.5147 117.449 58.5147 -16.5339
GPRESSAVG: 800000 2237.33 -6.42992 116.579 51.6768 -2379.46 66.6339 149.585 52.9325 0.495113
TIMING: 800000  CPU: 701.942, 0.000859432/step  Wall: 702, 0.000859587/step, 402.054 ns/days, 0.405916 hours remaining, 0.000000 MB of memory in use.
PERFORMANCE: 800000  averaging 393.857 ns/day, 0.000877476 sec/step with standard deviation 9.17905e-06
ETITLE:      TS           BOND          ANGLE          DIHED          IMPRP               ELECT            VDW       BOUNDARY           MISC        KINETIC               TOTAL           TEMP      POTENTIAL       TOTALAVG        TEMPAVG            PRESSURE      GPRESSURE         VOLUME       PRESSAVG      GPRESSAVG

ENERGY:  800000        19.6455        54.6298        50.9816         4.0383         -42569.1033    -86217.2326         0.0000         0.0000      9056.4576        -119600.5829       294.7781   -128657.0405   -119521.2528       298.6670            -94.6000       -92.2532    157793.2807       -47.0077       -47.2105

WRITING EXTENDED SYSTEM TO RESTART FILE AT STEP 800000
WRITING COORDINATES TO DCD FILE ../output/3_CLKWW.1.dcd AT STEP 800000
WRITING COORDINATES TO RESTART FILE AT STEP 800000
FINISHED WRITING RESTART COORDINATES
WRITING VELOCITIES TO RESTART FILE AT STEP 800000
FINISHED WRITING RESTART VELOCITIES
PRESSURE: 810000 2489.04 158.871 492.571 158.872 -2189.82 -401.137 492.572 -401.134 370.643
GPRESSURE: 810000 2487.06 89.3559 480.35 199.297 -2214.99 -283.076 496.91 -479.192 394.12
PRESSAVG: 810000 2294.93 32.2235 125.073 32.2235 -2379.33 34.8238 125.073 34.8238 -19.7863
GPRESSAVG: 810000 2276.02 9.20443 128.448 64.2736 -2377.42 50.7443 150.627 28.6417 -4.26599
TIMING: 810000  CPU: 710.741, 0.00087998/step  Wall: 710.8, 0.000879986/step, 392.734 ns/days, 0.413104 hours remaining, 0.000000 MB of memory in use.
PERFORMANCE: 810000  averaging 393.843 ns/day, 0.000877507 sec/step with standard deviation 9.12577e-06
ENERGY:  810000        22.5278        60.1678        43.3775         0.7943         -42408.7079    -86246.1109         0.0000         0.0000      9242.1740        -119285.7774       300.8230   -128527.9514   -119510.9621       298.7361            223.2902       222.0639    158053.0543       -34.7293       -35.2201

WRITING EXTENDED SYSTEM TO RESTART FILE AT STEP 810000
WRITING COORDINATES TO DCD FILE ../output/3_CLKWW.1.dcd AT STEP 810000
WRITING COORDINATES TO RESTART FILE AT STEP 810000
FINISHED WRITING RESTART COORDINATES
WRITING VELOCITIES TO RESTART FILE AT STEP 810000
FINISHED WRITING RESTART VELOCITIES
PRESSURE: 820000 2445.7 41.9132 262.633 41.9126 -2073.7 -24.3689 262.634 -24.3684 -11.4914
GPRESSURE: 820000 2377.3 132.207 259.938 51.7677 -2074.58 -42.8614 295.476 -10.1807 59.0758
PRESSAVG: 820000 2268.45 37.6502 136.149 37.6502 -2382.7 29.9144 136.149 29.9144 -10.6013
GPRESSAVG: 820000 2246.99 23.5344 144.214 65.7647 -2382.86 49.4717 163.488 20.4093 9.40886
TIMING: 820000  CPU: 719.571, 0.000882978/step  Wall: 719.63, 0.000883014/step, 391.387 ns/days, 0.412073 hours remaining, 0.000000 MB of memory in use.
PERFORMANCE: 820000  averaging 393.813 ns/day, 0.000877574 sec/step with standard deviation 9.08963e-06
ENERGY:  820000        21.2964        62.3503        43.2936         1.5607         -42358.5864    -86330.2331         0.0000         0.0000      9113.2296        -119447.0887       296.6260   -128560.3184   -119507.9197       298.7738            120.1718       120.6012    157379.4358       -41.6158       -42.1550

WRITING EXTENDED SYSTEM TO RESTART FILE AT STEP 820000
WRITING COORDINATES TO DCD FILE ../output/3_CLKWW.1.dcd AT STEP 820000
WRITING COORDINATES TO RESTART FILE AT STEP 820000
FINISHED WRITING RESTART COORDINATES
WRITING VELOCITIES TO RESTART FILE AT STEP 820000
FINISHED WRITING RESTART VELOCITIES
PRESSURE: 830000 2189.88 -87.2053 -38.3833 -87.2029 -2860.68 -72.6203 -38.3855 -72.6201 740.271
GPRESSURE: 830000 2186.12 -295.802 -95.636 47.6495 -2762.64 -59.9947 79.6064 -63.3652 651.414
PRESSAVG: 830000 2238.46 28.7712 126.045 28.7712 -2431.8 11.1398 126.045 11.1398 1.5004
GPRESSAVG: 830000 2217.25 5.84359 126.901 63.9992 -2429.48 24.6198 161.746 6.69097 18.6805
TIMING: 830000  CPU: 728.406, 0.00088348/step  Wall: 728.466, 0.000883536/step, 391.156 ns/days, 0.409862 hours remaining, 0.000000 MB of memory in use.
PERFORMANCE: 830000  averaging 393.781 ns/day, 0.000877646 sec/step with standard deviation 9.0577e-06
ENERGY:  830000        24.8741        59.2383        44.1774         1.8636         -42617.5025    -86408.3680         0.0000         0.0000      9012.6199        -119883.0971       293.3512   -128895.7170   -119519.8111       298.6118             23.1578        24.9659    156330.1998       -63.9460       -64.5180

WRITING EXTENDED SYSTEM TO RESTART FILE AT STEP 830000
WRITING COORDINATES TO DCD FILE ../output/3_CLKWW.1.dcd AT STEP 830000
WRITING COORDINATES TO RESTART FILE AT STEP 830000
FINISHED WRITING RESTART COORDINATES
WRITING VELOCITIES TO RESTART FILE AT STEP 830000
FINISHED WRITING RESTART VELOCITIES
PRESSURE: 840000 2296.86 79.8199 61.0193 79.8212 -2731.07 320.424 61.0193 320.425 48.4009
GPRESSURE: 840000 2267.82 -16.3938 143.935 184.493 -2752.91 344.924 95.7515 381.279 99.6031
PRESSAVG: 840000 2240.79 29.7171 132.241 29.7171 -2457.98 25.2245 132.241 25.2245 39.176
GPRESSAVG: 840000 2217.75 0.14438 134.845 69.3622 -2453.38 41.6512 165.217 24.6636 55.8984
TIMING: 840000  CPU: 737.208, 0.00088018/step  Wall: 737.267, 0.000880192/step, 392.642 ns/days, 0.405866 hours remaining, 0.000000 MB of memory in use.
PERFORMANCE: 840000  averaging 393.767 ns/day, 0.000877676 sec/step with standard deviation 9.00725e-06
ENERGY:  840000        17.0521        58.2957        44.5198         1.8992         -42732.3226    -86252.8081         0.0000         0.0000      9099.2472        -119764.1169       296.1709   -128863.3641   -119522.1970       298.6183           -128.6044      -128.4967    158153.1927       -59.3371       -59.9114

WRITING EXTENDED SYSTEM TO RESTART FILE AT STEP 840000
WRITING COORDINATES TO DCD FILE ../output/3_CLKWW.1.dcd AT STEP 840000
WRITING COORDINATES TO RESTART FILE AT STEP 840000
FINISHED WRITING RESTART COORDINATES
WRITING VELOCITIES TO RESTART FILE AT STEP 840000
FINISHED WRITING RESTART VELOCITIES
PRESSURE: 850000 1988.2 -39.9322 -97.7606 -39.9328 -3276.82 -43.7074 -97.76 -43.7083 141.542
GPRESSURE: 850000 1913.18 -150.549 -67.4071 48.7956 -3213.14 25.7651 -186.715 -171.617 161.804
PRESSAVG: 850000 2231.47 14.1237 127.941 14.1237 -2485.88 2.2559 127.941 2.2559 32.9967
GPRESSAVG: 850000 2203.38 -19.9887 127.784 57.3953 -2475.21 20.1795 160.603 -0.391415 49.1125
TIMING: 850000  CPU: 746.021, 0.000881373/step  Wall: 746.082, 0.000881411/step, 392.099 ns/days, 0.40398 hours remaining, 0.000000 MB of memory in use.
PERFORMANCE: 850000  averaging 393.747 ns/day, 0.00087772 sec/step with standard deviation 8.96263e-06
ENERGY:  850000        25.5805        63.1676        48.5107         2.0319         -42665.0388    -86223.1391         0.0000         0.0000      9117.8114        -119631.0757       296.7751   -128748.8871   -119527.1310       298.5711           -382.3568      -379.3837    157356.6500       -73.8042       -74.2394

WRITING EXTENDED SYSTEM TO RESTART FILE AT STEP 850000
WRITING COORDINATES TO DCD FILE ../output/3_CLKWW.1.dcd AT STEP 850000
WRITING COORDINATES TO RESTART FILE AT STEP 850000
FINISHED WRITING RESTART COORDINATES
WRITING VELOCITIES TO RESTART FILE AT STEP 850000
FINISHED WRITING RESTART VELOCITIES
PRESSURE: 860000 2408.24 131.196 -139.199 131.197 -2393.07 -27.6816 -139.196 -27.6807 -582.901
GPRESSURE: 860000 2396.66 27.0477 -156.72 121.334 -2395.81 -155.632 -96.3188 -45.1512 -584.443
PRESSAVG: 860000 2246.36 22.2106 111.32 22.2106 -2457.26 -11.101 111.32 -11.101 -2.54064
GPRESSAVG: 860000 2211.99 -13.6843 110.028 56.5231 -2442.23 0.521641 143.539 -14.2667 14.6688
TIMING: 860000  CPU: 754.853, 0.000883155/step  Wall: 754.915, 0.000883297/step, 391.261 ns/days, 0.402391 hours remaining, 0.000000 MB of memory in use.
PERFORMANCE: 860000  averaging 393.718 ns/day, 0.000877785 sec/step with standard deviation 8.93003e-06
ENERGY:  860000        19.3358        61.2464        55.0276         1.9078         -42510.4872    -86436.6291         0.0000         0.0000      9096.5597        -119713.0391       296.0834   -128809.5988   -119543.5535       298.3241           -189.2419      -194.5304    156927.2683       -71.1480       -71.8548

WRITING EXTENDED SYSTEM TO RESTART FILE AT STEP 860000
WRITING COORDINATES TO DCD FILE ../output/3_CLKWW.1.dcd AT STEP 860000
WRITING COORDINATES TO RESTART FILE AT STEP 860000
FINISHED WRITING RESTART COORDINATES
WRITING VELOCITIES TO RESTART FILE AT STEP 860000
FINISHED WRITING RESTART VELOCITIES
PRESSURE: 870000 1655.82 188.867 219.122 188.866 -2141.41 152.73 219.12 152.73 712.554
GPRESSURE: 870000 1739.25 63.5898 195.261 236.35 -2080.62 151.319 252.699 224.686 565.988
PRESSAVG: 870000 2228.77 34.2545 112.075 34.2545 -2446.24 1.29216 112.075 1.29216 47.7602
GPRESSAVG: 870000 2200.95 -9.20794 107.814 71.7665 -2426.59 12.7892 144.855 3.05043 53.4709
TIMING: 870000  CPU: 763.644, 0.000879081/step  Wall: 763.705, 0.000879086/step, 393.136 ns/days, 0.39803 hours remaining, 0.000000 MB of memory in use.
PERFORMANCE: 870000  averaging 393.711 ns/day, 0.0008778 sec/step with standard deviation 8.87905e-06
ENERGY:  870000        29.1498        48.7168        44.5634         3.6500         -42543.8334    -86304.5434         0.0000         0.0000      9061.6921        -119660.6047       294.9485   -128722.2968   -119560.1187       298.1568             75.6554        74.8728    157415.5539       -56.5706       -57.3894

WRITING EXTENDED SYSTEM TO RESTART FILE AT STEP 870000
WRITING COORDINATES TO DCD FILE ../output/3_CLKWW.1.dcd AT STEP 870000
WRITING COORDINATES TO RESTART FILE AT STEP 870000
FINISHED WRITING RESTART COORDINATES
WRITING VELOCITIES TO RESTART FILE AT STEP 870000
FINISHED WRITING RESTART VELOCITIES
PRESSURE: 880000 2659.36 26.7688 191.615 26.7718 -1865.93 337.484 191.617 337.484 -165.867
GPRESSURE: 880000 2709.81 47.1242 168.354 88.816 -1951.19 452.544 125.485 294.159 -125.519
PRESSAVG: 880000 2254.18 35.7011 97.5336 35.7011 -2407 27.8013 97.5336 27.8013 38.339
GPRESSAVG: 880000 2233.2 -3.79056 85.8612 76.2891 -2395.87 48.9386 125.909 23.3394 46.2366
TIMING: 880000  CPU: 772.436, 0.000879173/step  Wall: 772.497, 0.000879182/step, 393.093 ns/days, 0.395632 hours remaining, 0.000000 MB of memory in use.
PERFORMANCE: 880000  averaging 393.704 ns/day, 0.000877816 sec/step with standard deviation 8.82911e-06
ENERGY:  880000        21.1869        68.4328        46.0640         1.7732         -42659.5561    -86247.5188         0.0000         0.0000      9091.2799        -119678.3381       295.9115   -128769.6179   -119561.6531       298.0369            209.1859       211.0357    156874.6533       -38.1618       -38.8105

WRITING EXTENDED SYSTEM TO RESTART FILE AT STEP 880000
WRITING COORDINATES TO DCD FILE ../output/3_CLKWW.1.dcd AT STEP 880000
WRITING COORDINATES TO RESTART FILE AT STEP 880000
FINISHED WRITING RESTART COORDINATES
WRITING VELOCITIES TO RESTART FILE AT STEP 880000
FINISHED WRITING RESTART VELOCITIES
PRESSURE: 890000 1950.89 -418.67 -315.024 -418.67 -2309.73 263.054 -315.026 263.054 282.641
GPRESSURE: 890000 1932.34 -543.846 -278.101 -370.449 -2280.94 213.144 -268.283 195.326 287.054
PRESSAVG: 890000 2262.12 7.15321 73.4269 7.15321 -2395.38 46.3655 73.4269 46.3655 36.484
GPRESSAVG: 890000 2239.58 -30.8393 67.9521 45.9021 -2379.45 69.9213 96.9166 30.5803 41.4193
TIMING: 890000  CPU: 781.245, 0.000880979/step  Wall: 781.307, 0.000881002/step, 392.281 ns/days, 0.394004 hours remaining, 0.000000 MB of memory in use.
PERFORMANCE: 890000  averaging 393.688 ns/day, 0.000877852 sec/step with standard deviation 8.78529e-06
ENERGY:  890000        25.3242        51.2052        48.2404         2.4207         -42680.0983    -86217.5543         0.0000         0.0000      9306.8557        -119463.6062       302.9283   -128770.4619   -119565.9462       298.3685            -25.3990       -20.5164    157528.9885       -32.2569       -32.8169

WRITING EXTENDED SYSTEM TO RESTART FILE AT STEP 890000
WRITING COORDINATES TO DCD FILE ../output/3_CLKWW.1.dcd AT STEP 890000
WRITING COORDINATES TO RESTART FILE AT STEP 890000
FINISHED WRITING RESTART COORDINATES
WRITING VELOCITIES TO RESTART FILE AT STEP 890000
FINISHED WRITING RESTART VELOCITIES
PRESSURE: 900000 2093.33 -124.822 -671.511 -124.823 -2544.21 27.5801 -671.513 27.5797 216.104
GPRESSURE: 900000 2077.5 -104.544 -609.974 30.9122 -2561.75 63.9722 -625.597 109.433 240.865
PRESSAVG: 900000 2284.81 2.66253 47.9365 2.66253 -2385.61 62.022 47.9365 62.022 60.1024
GPRESSAVG: 900000 2267.69 -35.5816 42.4296 46.3264 -2373.62 80.6723 78.897 46.3596 63.5915
TIMING: 900000  CPU: 790.077, 0.000883179/step  Wall: 790.139, 0.000883194/step, 391.307 ns/days, 0.392531 hours remaining, 0.000000 MB of memory in use.
PERFORMANCE: 900000  averaging 393.662 ns/day, 0.000877911 sec/step with standard deviation 8.75393e-06
ETITLE:      TS           BOND          ANGLE          DIHED          IMPRP               ELECT            VDW       BOUNDARY           MISC        KINETIC               TOTAL           TEMP      POTENTIAL       TOTALAVG        TEMPAVG            PRESSURE      GPRESSURE         VOLUME       PRESSAVG      GPRESSAVG

ENERGY:  900000        21.2593        54.7704        43.9684         1.0461         -42739.7575    -86250.3777         0.0000         0.0000      9168.8492        -119700.2418       298.4363   -128869.0910   -119571.4748       298.3391            -78.2585       -81.1308    157118.7362       -13.5667       -14.1105

WRITING EXTENDED SYSTEM TO RESTART FILE AT STEP 900000
WRITING COORDINATES TO DCD FILE ../output/3_CLKWW.1.dcd AT STEP 900000
WRITING COORDINATES TO RESTART FILE AT STEP 900000
FINISHED WRITING RESTART COORDINATES
WRITING VELOCITIES TO RESTART FILE AT STEP 900000
FINISHED WRITING RESTART VELOCITIES
PRESSURE: 910000 2283.04 148.103 -1.32154 148.106 -2594.81 320.665 -1.3218 320.666 -199.83
GPRESSURE: 910000 2306.22 216.931 32.3128 177.699 -2601.95 336.012 63.0785 277.282 -223.545
PRESSAVG: 910000 2286.46 6.55239 30.5503 6.55239 -2391.83 89.2112 30.5503 89.2112 57.2096
GPRESSAVG: 910000 2272.45 -31.8396 29.3055 51.6543 -2382.96 110.245 61.7808 68.8587 59.962
TIMING: 910000  CPU: 798.903, 0.000882579/step  Wall: 798.965, 0.000882543/step, 391.596 ns/days, 0.38979 hours remaining, 0.000000 MB of memory in use.
PERFORMANCE: 910000  averaging 393.639 ns/day, 0.000877962 sec/step with standard deviation 8.71869e-06
ENERGY:  910000        23.5785        59.6223        46.2454         2.9228         -42438.9313    -86441.3313         0.0000         0.0000      9060.3319        -119687.5618       294.9042   -128747.8937   -119568.1198       298.2060           -170.5344      -173.0908    157799.7880       -16.0515       -16.8510

WRITING EXTENDED SYSTEM TO RESTART FILE AT STEP 910000
WRITING COORDINATES TO DCD FILE ../output/3_CLKWW.1.dcd AT STEP 910000
WRITING COORDINATES TO RESTART FILE AT STEP 910000
FINISHED WRITING RESTART COORDINATES
WRITING VELOCITIES TO RESTART FILE AT STEP 910000
FINISHED WRITING RESTART VELOCITIES
PRESSURE: 920000 1928.41 109.19 -184.391 109.188 -2526.4 22.8952 -184.39 22.8958 -118.154
GPRESSURE: 920000 1862.5 128.493 -259.299 50.954 -2490.52 69.7126 -84.7124 -83.3782 -108.469
PRESSAVG: 920000 2251.29 11.8533 19.2929 11.8533 -2410.33 84.2935 19.2929 84.2935 75.7358
GPRESSAVG: 920000 2235.83 -24.6329 19.1079 51.8242 -2401.15 114.439 51.3674 54.3569 79.2563
TIMING: 920000  CPU: 807.757, 0.000885459/step  Wall: 807.82, 0.000885549/step, 390.266 ns/days, 0.388658 hours remaining, 0.000000 MB of memory in use.
PERFORMANCE: 920000  averaging 393.602 ns/day, 0.000878044 sec/step with standard deviation 8.70666e-06
ENERGY:  920000        22.7890        55.7653        47.1744         0.7109         -42570.4146    -86382.0893         0.0000         0.0000      9181.9780        -119644.0863       298.8637   -128826.0643   -119583.8354       298.1068           -238.7143      -245.4944    157404.3983       -27.7659       -28.6854

WRITING EXTENDED SYSTEM TO RESTART FILE AT STEP 920000
WRITING COORDINATES TO DCD FILE ../output/3_CLKWW.1.dcd AT STEP 920000
WRITING COORDINATES TO RESTART FILE AT STEP 920000
FINISHED WRITING RESTART COORDINATES
WRITING VELOCITIES TO RESTART FILE AT STEP 920000
FINISHED WRITING RESTART VELOCITIES
PRESSURE: 930000 3306.46 197.131 -167.268 197.133 -1485.55 -66.8248 -167.268 -66.8238 255.715
GPRESSURE: 930000 3285.64 123.204 -146.737 246.005 -1540.02 -105.587 -142.496 24.3961 339.97
PRESSAVG: 930000 2295.86 25.1094 14.1555 25.1094 -2382.85 79.9165 14.1555 79.9165 91.8609
GPRESSAVG: 930000 2278.21 -10.2573 18.9994 65.8745 -2374.58 104.989 44.4368 55.0518 99.6701
TIMING: 930000  CPU: 816.589, 0.000883184/step  Wall: 816.652, 0.000883204/step, 391.303 ns/days, 0.385175 hours remaining, 0.000000 MB of memory in use.
PERFORMANCE: 930000  averaging 393.577 ns/day, 0.0008781 sec/step with standard deviation 8.67572e-06
ENERGY:  930000        25.9185        59.9166        41.9078         1.5841         -42631.0014    -86331.7376         0.0000         0.0000      9092.7540        -119740.6580       295.9595   -128833.4120   -119610.3439       297.6571            692.2073       695.1964    157492.9280         1.6235         1.0997

WRITING EXTENDED SYSTEM TO RESTART FILE AT STEP 930000
WRITING COORDINATES TO DCD FILE ../output/3_CLKWW.1.dcd AT STEP 930000
WRITING COORDINATES TO RESTART FILE AT STEP 930000
FINISHED WRITING RESTART COORDINATES
WRITING VELOCITIES TO RESTART FILE AT STEP 930000
FINISHED WRITING RESTART VELOCITIES
PRESSURE: 940000 1877.4 -261.231 -125.859 -261.231 -2273.9 -306.699 -125.859 -306.698 -365.093
GPRESSURE: 940000 1955.39 -204.574 -235.151 -186.378 -2341.48 -331.991 -20.8676 -345.428 -375.384
PRESSAVG: 940000 2269.12 23.064 20.8618 23.064 -2357.64 52.728 20.8618 52.728 55.0087
GPRESSAVG: 940000 2259.43 -15.9623 17.7503 69.5127 -2356.49 78.1586 58.1583 24.8921 62.3399
TIMING: 940000  CPU: 825.406, 0.00088168/step  Wall: 825.469, 0.000881711/step, 391.965 ns/days, 0.382075 hours remaining, 0.000000 MB of memory in use.
PERFORMANCE: 940000  averaging 393.56 ns/day, 0.000878138 sec/step with standard deviation 8.63699e-06
ENERGY:  940000        29.1705        67.1831        43.2613         3.9781         -42346.7022    -86484.7871         0.0000         0.0000      9122.5088        -119565.3876       296.9280   -128687.8964   -119609.5281       297.4808           -253.8664      -253.8253    157121.7871       -11.1702       -11.5754

WRITING EXTENDED SYSTEM TO RESTART FILE AT STEP 940000
WRITING COORDINATES TO DCD FILE ../output/3_CLKWW.1.dcd AT STEP 940000
WRITING COORDINATES TO RESTART FILE AT STEP 940000
FINISHED WRITING RESTART COORDINATES
WRITING VELOCITIES TO RESTART FILE AT STEP 940000
FINISHED WRITING RESTART VELOCITIES
PRESSURE: 950000 2476.93 214.034 -51.4402 214.034 -2688.19 295.188 -51.4385 295.188 114.229
GPRESSURE: 950000 2517.61 341.821 -71.7599 106.471 -2708.6 424.657 81.3166 239.093 97.843
PRESSAVG: 950000 2287.44 23.5322 -0.281002 23.5322 -2349.22 54.5652 -0.281002 54.5652 54.0161
GPRESSAVG: 950000 2283.38 -5.24106 -4.42713 63.4526 -2353.23 84.0611 42.3577 23.5165 61.3218
TIMING: 950000  CPU: 834.251, 0.000884477/step  Wall: 834.314, 0.000884437/step, 390.757 ns/days, 0.380799 hours remaining, 0.000000 MB of memory in use.
PERFORMANCE: 950000  averaging 393.53 ns/day, 0.000878205 sec/step with standard deviation 8.6152e-06
ENERGY:  950000        25.8107        59.9451        43.6786         2.7825         -42441.5572    -86245.5941         0.0000         0.0000      9105.7648        -119449.1696       296.3830   -128554.9344   -119610.6935       297.2941            -32.3432       -31.0464    157074.1439        -2.5861        -2.8419

WRITING EXTENDED SYSTEM TO RESTART FILE AT STEP 950000
WRITING COORDINATES TO DCD FILE ../output/3_CLKWW.1.dcd AT STEP 950000
WRITING COORDINATES TO RESTART FILE AT STEP 950000
FINISHED WRITING RESTART COORDINATES
WRITING VELOCITIES TO RESTART FILE AT STEP 950000
FINISHED WRITING RESTART VELOCITIES
PRESSURE: 960000 1919.28 -77.7184 -194.849 -77.7179 -2798.36 390.495 -194.847 390.496 -1205.81
GPRESSURE: 960000 1866.9 -17.1702 -324.237 -42.8857 -2743.89 364.597 -236.917 406.733 -1212.53
PRESSAVG: 960000 2247.64 9.3 -27.9126 9.3 -2394.81 76.4166 -27.9126 76.4166 -23.9124
GPRESSAVG: 960000 2243.95 -18.3563 -37.331 49.1817 -2398.73 105.654 8.32799 49.2656 -17.0552
TIMING: 960000  CPU: 843.089, 0.000883781/step  Wall: 843.152, 0.000883832/step, 391.024 ns/days, 0.378084 hours remaining, 0.000000 MB of memory in use.
PERFORMANCE: 960000  averaging 393.504 ns/day, 0.000878263 sec/step with standard deviation 8.58896e-06
ENERGY:  960000        19.8291        70.9035        44.8131         5.0861         -42378.4705    -86366.5465         0.0000         0.0000      9198.8445        -119405.5409       299.4126   -128604.3854   -119596.2887       297.3744           -694.9627      -696.5070    157510.9636       -57.0284       -57.2779

WRITING EXTENDED SYSTEM TO RESTART FILE AT STEP 960000
WRITING COORDINATES TO DCD FILE ../output/3_CLKWW.1.dcd AT STEP 960000
WRITING COORDINATES TO RESTART FILE AT STEP 960000
FINISHED WRITING RESTART COORDINATES
WRITING VELOCITIES TO RESTART FILE AT STEP 960000
FINISHED WRITING RESTART VELOCITIES
PRESSURE: 970000 2089.46 -99.4857 -273.852 -99.4874 -2353.09 98.6735 -273.854 98.6736 -374.098
GPRESSURE: 970000 2054.31 -196.151 -229.086 -4.55225 -2360.7 90.8751 -395.498 58.2205 -340.487
PRESSAVG: 970000 2242.36 9.09562 -28.3994 9.09562 -2382.79 68.5878 -28.3994 68.5878 -23.0163
GPRESSAVG: 970000 2237.4 -20.9667 -42.2156 50.5474 -2385.29 100.593 7.81358 40.8618 -16.8729
TIMING: 970000  CPU: 851.925, 0.000883677/step  Wall: 851.989, 0.000883753/step, 391.06 ns/days, 0.375595 hours remaining, 0.000000 MB of memory in use.
PERFORMANCE: 970000  averaging 393.479 ns/day, 0.00087832 sec/step with standard deviation 8.56227e-06
ENERGY:  970000        38.0639        74.6207        44.3393         2.0998         -42607.0791    -86389.4092         0.0000         0.0000      9143.5089        -119693.8556       297.6115   -128837.3645   -119608.2502       297.1922           -212.5785      -215.6268    156345.1564       -54.4837       -54.9208

WRITING EXTENDED SYSTEM TO RESTART FILE AT STEP 970000
WRITING COORDINATES TO DCD FILE ../output/3_CLKWW.1.dcd AT STEP 970000
WRITING COORDINATES TO RESTART FILE AT STEP 970000
FINISHED WRITING RESTART COORDINATES
WRITING VELOCITIES TO RESTART FILE AT STEP 970000
FINISHED WRITING RESTART VELOCITIES
PRESSURE: 980000 1968.56 -161.421 -133.574 -161.422 -1522.32 -285.827 -133.571 -285.828 -1.95579
GPRESSURE: 980000 1988.49 -7.28773 -267.613 -229.78 -1488.66 -275.572 -34.789 -299.028 -27.7237
PRESSAVG: 980000 2230.85 -3.86111 -46.0138 -3.86111 -2348.81 50.7596 -46.0138 50.7596 -11.7935
GPRESSAVG: 980000 2223.9 -23.4378 -64.1594 29.3971 -2346.7 68.7904 -7.27949 33.7416 -6.53989
TIMING: 980000  CPU: 860.756, 0.000883071/step  Wall: 860.82, 0.000883076/step, 391.359 ns/days, 0.372854 hours remaining, 0.000000 MB of memory in use.
PERFORMANCE: 980000  averaging 393.457 ns/day, 0.000878368 sec/step with standard deviation 8.53156e-06
ENERGY:  980000        22.5478        64.7839        39.5320         2.0522         -42686.7792    -86167.7333         0.0000         0.0000      9155.2462        -119570.3504       297.9936   -128725.5966   -119607.6235       297.1295            148.0943       157.3695    157780.1351       -43.2529       -43.1149

WRITING EXTENDED SYSTEM TO RESTART FILE AT STEP 980000
WRITING COORDINATES TO DCD FILE ../output/3_CLKWW.1.dcd AT STEP 980000
WRITING COORDINATES TO RESTART FILE AT STEP 980000
FINISHED WRITING RESTART COORDINATES
WRITING VELOCITIES TO RESTART FILE AT STEP 980000
FINISHED WRITING RESTART VELOCITIES
PRESSURE: 990000 2245.85 247.266 53.7086 247.263 -2030.39 244.018 53.7068 244.018 301.76
GPRESSURE: 990000 2250.85 195.374 138.112 352.216 -2028.8 197.618 68.2366 119.441 304.993
PRESSAVG: 990000 2245.66 10.7311 -36.0768 10.7311 -2340.56 57.2516 -36.0768 57.2516 -30.6928
GPRESSAVG: 990000 2238.47 -8.77121 -43.519 48.8965 -2336.38 69.7553 -8.30744 36.0116 -26.6062
TIMING: 990000  CPU: 869.574, 0.000881776/step  Wall: 869.638, 0.000881807/step, 391.923 ns/days, 0.369869 hours remaining, 0.000000 MB of memory in use.
PERFORMANCE: 990000  averaging 393.441 ns/day, 0.000878403 sec/step with standard deviation 8.49495e-06
ENERGY:  990000        21.8791        54.7661        48.9636         1.9700         -42541.3985    -86303.7922         0.0000         0.0000      8983.4644        -119734.1474       292.4022   -128717.6119   -119615.9163       296.8645            172.4088       175.6814    157377.2509       -41.8644       -41.5058

WRITING EXTENDED SYSTEM TO RESTART FILE AT STEP 990000
WRITING COORDINATES TO DCD FILE ../output/3_CLKWW.1.dcd AT STEP 990000
WRITING COORDINATES TO RESTART FILE AT STEP 990000
FINISHED WRITING RESTART COORDINATES
WRITING VELOCITIES TO RESTART FILE AT STEP 990000
FINISHED WRITING RESTART VELOCITIES
PRESSURE: 1000000 2546.94 274.939 270.279 274.94 -2599.23 -138.105 270.281 -138.105 -848.018
GPRESSURE: 1000000 2531.3 172.786 255 377.823 -2568.21 -181.976 356.471 -123.283 -865.253
PRESSAVG: 1000000 2240.98 27.3808 -42.174 27.3808 -2362.93 55.3122 -42.174 55.3122 -34.4677
GPRESSAVG: 1000000 2235.31 0.0807638 -53.4229 74.327 -2358.07 64.9225 -8.85823 35.4712 -33.031
TIMING: 1000000  CPU: 878.337, 0.000876281/step  Wall: 878.401, 0.0008763/step, 394.385 ns/days, 0.365125 hours remaining, 0.000000 MB of memory in use.
PERFORMANCE: 1000000  averaging 393.451 ns/day, 0.000878382 sec/step with standard deviation 8.45455e-06
ETITLE:      TS           BOND          ANGLE          DIHED          IMPRP               ELECT            VDW       BOUNDARY           MISC        KINETIC               TOTAL           TEMP      POTENTIAL       TOTALAVG        TEMPAVG            PRESSURE      GPRESSURE         VOLUME       PRESSAVG      GPRESSAVG

ENERGY: 1000000        22.3220        62.8422        50.2415         2.8759         -42283.6635    -86501.8071         0.0000         0.0000      9085.3512        -119561.8378       295.7186   -128647.1890   -119613.9791       296.9115           -300.1002      -300.7198    157067.8098       -52.1394       -51.9291

WRITING EXTENDED SYSTEM TO RESTART FILE AT STEP 1000000
WRITING COORDINATES TO DCD FILE ../output/3_CLKWW.1.dcd AT STEP 1000000
WRITING COORDINATES TO RESTART FILE AT STEP 1000000
FINISHED WRITING RESTART COORDINATES
WRITING VELOCITIES TO RESTART FILE AT STEP 1000000
FINISHED WRITING RESTART VELOCITIES
PRESSURE: 1010000 2703.65 -176.585 -9.04822 -176.582 -1666.06 -22.6774 -9.04731 -22.677 176.118
GPRESSURE: 1010000 2733.67 -162.073 9.71021 -194.979 -1637.92 -31.8432 50.4874 4.71333 135.749
PRESSAVG: 1010000 2251.71 10.6081 -67.255 10.6081 -2336.75 74.2351 -67.255 74.2351 -44.194
GPRESSAVG: 1010000 2247.64 -12.4907 -76.9549 54.6132 -2329.22 77.4841 -31.1794 59.6665 -45.9495
TIMING: 1010000  CPU: 886.972, 0.000863579/step  Wall: 887.037, 0.000863613/step, 400.179 ns/days, 0.35744 hours remaining, 0.000000 MB of memory in use.
PERFORMANCE: 1010000  averaging 393.516 ns/day, 0.000878236 sec/step with standard deviation 8.53957e-06
ENERGY: 1010000        20.5552        65.5555        51.8752         2.6321         -42381.6238    -86341.3910         0.0000         0.0000      9060.7067        -119521.6903       294.9164   -128582.3969   -119625.7747       296.6162            404.5698       410.4974    157221.7372       -43.0755       -42.5074

WRITING EXTENDED SYSTEM TO RESTART FILE AT STEP 1010000
WRITING COORDINATES TO DCD FILE ../output/3_CLKWW.1.dcd AT STEP 1010000
WRITING COORDINATES TO RESTART FILE AT STEP 1010000
FINISHED WRITING RESTART COORDINATES
WRITING VELOCITIES TO RESTART FILE AT STEP 1010000
FINISHED WRITING RESTART VELOCITIES
PRESSURE: 1020000 2070.94 197.947 -12.3059 197.944 -2146.29 -137.298 -12.3053 -137.3 391.88
GPRESSURE: 1020000 2092.77 152.525 -128.717 137.471 -2170.14 -98.1152 -98.4505 -221.191 406.183
PRESSAVG: 1020000 2232.97 18.4096 -81.0019 18.4096 -2340.38 68.5885 -81.0019 68.5885 -24.0254
GPRESSAVG: 1020000 2233.42 -11.4748 -96.3876 58.8983 -2333.99 74.7214 -50.8757 49.116 -28.5941
TIMING: 1020000  CPU: 895.619, 0.000864664/step  Wall: 895.685, 0.000864764/step, 399.647 ns/days, 0.355514 hours remaining, 0.000000 MB of memory in use.
PERFORMANCE: 1020000  averaging 393.575 ns/day, 0.000878104 sec/step with standard deviation 8.60125e-06
ENERGY: 1020000        24.7538        54.7343        43.6679         3.8159         -42446.2208    -86287.4721         0.0000         0.0000      9110.9110        -119495.8099       296.5505   -128606.7209   -119628.2108       296.6124            105.5104       109.6040    157858.3286       -43.8085       -43.0573

WRITING EXTENDED SYSTEM TO RESTART FILE AT STEP 1020000
WRITING COORDINATES TO DCD FILE ../output/3_CLKWW.1.dcd AT STEP 1020000
WRITING COORDINATES TO RESTART FILE AT STEP 1020000
FINISHED WRITING RESTART COORDINATES
WRITING VELOCITIES TO RESTART FILE AT STEP 1020000
FINISHED WRITING RESTART VELOCITIES
PRESSURE: 1030000 2966.8 177.685 455.826 177.683 -1587.07 51.4122 455.825 51.4133 269.374
GPRESSURE: 1030000 2918 319.57 468.175 -14.8352 -1587.77 32.5999 426.836 29.7896 310.574
PRESSAVG: 1030000 2271.82 31.6539 -56.2914 31.6539 -2276.69 74.7902 -56.2914 74.7902 -47.5703
GPRESSAVG: 1030000 2270.01 19.2939 -68.197 55.7741 -2275.25 79.3511 -33.5142 53.7737 -45.6361
TIMING: 1030000  CPU: 904.248, 0.000862872/step  Wall: 904.314, 0.00086286/step, 400.528 ns/days, 0.352335 hours remaining, 0.000000 MB of memory in use.
PERFORMANCE: 1030000  averaging 393.642 ns/day, 0.000877956 sec/step with standard deviation 8.68977e-06
ENERGY: 1030000        27.1523        69.0871        50.0605         2.7171         -42587.5874    -86312.8649         0.0000         0.0000      9156.0726        -119595.3627       298.0205   -128751.4353   -119613.8240       296.8459            549.7044       546.9344    156760.2846       -17.4812       -16.9588

WRITING EXTENDED SYSTEM TO RESTART FILE AT STEP 1030000
WRITING COORDINATES TO DCD FILE ../output/3_CLKWW.1.dcd AT STEP 1030000
WRITING COORDINATES TO RESTART FILE AT STEP 1030000
FINISHED WRITING RESTART COORDINATES
WRITING VELOCITIES TO RESTART FILE AT STEP 1030000
FINISHED WRITING RESTART VELOCITIES
PRESSURE: 1040000 2082.63 37.8484 -320.419 37.8464 -2415.15 147.865 -320.42 147.864 172.591
GPRESSURE: 1040000 2155.91 231.946 -276.425 -151.663 -2437.94 45.4109 -369.868 262.354 128.036
PRESSAVG: 1040000 2261.11 29.5552 -75.3634 29.5552 -2260.9 66.1621 -75.3634 66.1621 -41.3608
GPRESSAVG: 1040000 2264.42 31.7109 -89.215 38.9663 -2259.5 64.3755 -56.7952 47.8275 -44.2145
TIMING: 1040000  CPU: 912.85, 0.000860228/step  Wall: 912.918, 0.000860429/step, 401.66 ns/days, 0.348952 hours remaining, 0.000000 MB of memory in use.
PERFORMANCE: 1040000  averaging 393.717 ns/day, 0.000877787 sec/step with standard deviation 8.81661e-06
ENERGY: 1040000        18.8008        55.2757        47.6326         1.1094         -42433.2889    -86300.2897         0.0000         0.0000      9063.3390        -119547.4210       295.0021   -128610.7600   -119602.9892       296.7875            -53.3105       -51.3324    157358.3409       -13.7165       -13.1006

WRITING EXTENDED SYSTEM TO RESTART FILE AT STEP 1040000
WRITING COORDINATES TO DCD FILE ../output/3_CLKWW.1.dcd AT STEP 1040000
WRITING COORDINATES TO RESTART FILE AT STEP 1040000
FINISHED WRITING RESTART COORDINATES
WRITING VELOCITIES TO RESTART FILE AT STEP 1040000
FINISHED WRITING RESTART VELOCITIES
PRESSURE: 1050000 2619.23 239.575 -74.4107 239.576 -2150.44 -129.428 -74.4102 -129.428 158.241
GPRESSURE: 1050000 2738.52 156.955 58.3639 144.727 -2200.16 -157.345 9.26139 -155.504 75.5705
PRESSAVG: 1050000 2292.66 43.5306 -74.1959 43.5306 -2204.58 61.8762 -74.1959 61.8762 -40.5259
GPRESSAVG: 1050000 2305.68 47.0861 -82.9265 43.7629 -2208.85 55.2199 -46.9963 48.6332 -48.5262
TIMING: 1050000  CPU: 921.487, 0.00086368/step  Wall: 921.555, 0.000863746/step, 400.118 ns/days, 0.347898 hours remaining, 0.000000 MB of memory in use.
PERFORMANCE: 1050000  averaging 393.777 ns/day, 0.000877653 sec/step with standard deviation 8.88048e-06
ENERGY: 1050000        26.8834        66.4718        45.1296         2.3449         -42624.3837    -86128.4834         0.0000         0.0000      9161.1391        -119450.8983       298.1854   -128612.0374   -119593.9804       296.8580            209.0087       204.6440    157331.7167        15.8518        16.1008

WRITING EXTENDED SYSTEM TO RESTART FILE AT STEP 1050000
WRITING COORDINATES TO DCD FILE ../output/3_CLKWW.1.dcd AT STEP 1050000
WRITING COORDINATES TO RESTART FILE AT STEP 1050000
FINISHED WRITING RESTART COORDINATES
WRITING VELOCITIES TO RESTART FILE AT STEP 1050000
FINISHED WRITING RESTART VELOCITIES
PRESSURE: 1060000 2858.84 -251.401 8.44024 -251.402 -1993.35 102.042 8.44209 102.042 -415.895
GPRESSURE: 1060000 2850.87 -234.091 -58.2362 -239.336 -1977.76 42.5576 44.7713 178.48 -408.041
PRESSAVG: 1060000 2315.19 24.4007 -66.814 24.4007 -2184.59 68.3623 -66.814 68.3623 -32.1756
GPRESSAVG: 1060000 2328.39 34.0291 -78.0023 25.7294 -2187.95 65.1294 -39.9418 59.8147 -39.7061
TIMING: 1060000  CPU: 930.094, 0.000860662/step  Wall: 930.162, 0.000860659/step, 401.553 ns/days, 0.344264 hours remaining, 0.000000 MB of memory in use.
PERFORMANCE: 1060000  averaging 393.849 ns/day, 0.000877493 sec/step with standard deviation 8.99091e-06
ENERGY: 1060000        21.5650        55.3282        46.7140         1.2890         -42541.6844    -86361.2643         0.0000         0.0000      9312.3332        -119465.7193       303.1066   -128778.0525   -119581.6144       297.2091            149.8656       155.0249    157851.4512        32.8071        33.5785

WRITING EXTENDED SYSTEM TO RESTART FILE AT STEP 1060000
WRITING COORDINATES TO DCD FILE ../output/3_CLKWW.1.dcd AT STEP 1060000
WRITING COORDINATES TO RESTART FILE AT STEP 1060000
FINISHED WRITING RESTART COORDINATES
WRITING VELOCITIES TO RESTART FILE AT STEP 1060000
FINISHED WRITING RESTART VELOCITIES
PRESSURE: 1070000 2363.75 20.4398 -126.48 20.4405 -2191.19 241.058 -126.481 241.055 -38.4393
GPRESSURE: 1070000 2343.72 93.5419 -134.039 -114.879 -2206.06 166.559 -186.108 321.48 9.4082
PRESSAVG: 1070000 2350.59 15.9794 -84.094 15.9794 -2187.08 72.7786 -84.094 72.7786 -69.7252
GPRESSAVG: 1070000 2358.62 35.5267 -94.4672 8.16796 -2194.22 65.8914 -61.8821 64.6544 -67.535
TIMING: 1070000  CPU: 938.701, 0.000860779/step  Wall: 938.771, 0.000860855/step, 401.461 ns/days, 0.341951 hours remaining, 0.000000 MB of memory in use.
PERFORMANCE: 1070000  averaging 393.919 ns/day, 0.000877338 sec/step with standard deviation 9.09181e-06
ENERGY: 1070000        22.0938        53.1753        47.8944         2.9079         -42569.4027    -86206.0503         0.0000         0.0000      9258.7833        -119390.5984       301.3636   -128649.3817   -119568.1141       297.5299             44.7068        49.0243    156586.4227        31.2597        32.2861

WRITING EXTENDED SYSTEM TO RESTART FILE AT STEP 1070000
WRITING COORDINATES TO DCD FILE ../output/3_CLKWW.1.dcd AT STEP 1070000
WRITING COORDINATES TO RESTART FILE AT STEP 1070000
FINISHED WRITING RESTART COORDINATES
WRITING VELOCITIES TO RESTART FILE AT STEP 1070000
FINISHED WRITING RESTART VELOCITIES
PRESSURE: 1080000 2104.71 105.313 187.455 105.309 -2274.37 -104.904 187.458 -104.904 -46.6422
GPRESSURE: 1080000 2140.96 151.603 407.749 143.419 -2312.49 -112.774 24.8564 -49.096 -23.4787
PRESSAVG: 1080000 2322.86 19.9063 -84.302 19.9063 -2207.51 50.6592 -84.302 50.6592 -63.764
GPRESSAVG: 1080000 2330.17 40.7507 -82.4975 10.8981 -2212.29 37.6255 -66.9136 47.4917 -62.433
TIMING: 1080000  CPU: 947.352, 0.000865077/step  Wall: 947.421, 0.000865094/step, 399.494 ns/days, 0.341231 hours remaining, 0.000000 MB of memory in use.
PERFORMANCE: 1080000  averaging 393.97 ns/day, 0.000877224 sec/step with standard deviation 9.12559e-06
ENERGY: 1080000        28.9305        57.7327        49.6193         1.4497         -42635.9258    -86374.0131         0.0000         0.0000      9290.7804        -119581.4263       302.4051   -128872.2067   -119563.2685       297.8546            -72.1004       -65.0042    156764.4633        17.1954        18.4841

WRITING EXTENDED SYSTEM TO RESTART FILE AT STEP 1080000
WRITING COORDINATES TO DCD FILE ../output/3_CLKWW.1.dcd AT STEP 1080000
WRITING COORDINATES TO RESTART FILE AT STEP 1080000
FINISHED WRITING RESTART COORDINATES
WRITING VELOCITIES TO RESTART FILE AT STEP 1080000
FINISHED WRITING RESTART VELOCITIES
PRESSURE: 1090000 2711.84 370.779 193.356 370.779 -1746.52 34.9501 193.355 34.9491 -44.8064
GPRESSURE: 1090000 2762.16 414.523 119.801 396.139 -1738.54 19.7912 181.21 113.154 -97.9527
PRESSAVG: 1090000 2360.9 59.3787 -58.8829 59.3787 -2179.35 39.2539 -58.8829 39.2539 -80.1364
GPRESSAVG: 1090000 2371.66 88.6692 -62.6024 49.2275 -2185.17 27.9579 -44.4389 43.383 -81.6834
TIMING: 1090000  CPU: 956.004, 0.000865177/step  Wall: 956.073, 0.000865186/step, 399.452 ns/days, 0.338865 hours remaining, 0.000000 MB of memory in use.
PERFORMANCE: 1090000  averaging 394.02 ns/day, 0.000877114 sec/step with standard deviation 9.15614e-06
ENERGY: 1090000        22.1418        61.5123        44.4076         1.8352         -42624.1467    -86305.0916         0.0000         0.0000      9117.5050        -119681.8363       296.7651   -128799.3413   -119574.1800       297.5464            306.8354       308.5561    157259.6616        33.8071        34.9377

WRITING EXTENDED SYSTEM TO RESTART FILE AT STEP 1090000
WRITING COORDINATES TO DCD FILE ../output/3_CLKWW.1.dcd AT STEP 1090000
WRITING COORDINATES TO RESTART FILE AT STEP 1090000
FINISHED WRITING RESTART COORDINATES
WRITING VELOCITIES TO RESTART FILE AT STEP 1090000
FINISHED WRITING RESTART VELOCITIES
PRESSURE: 1100000 2070.1 174.787 2.23177 174.788 -2296.12 -65.6684 2.23199 -65.6688 -426.782
GPRESSURE: 1100000 2023.63 207.244 31.1312 211.655 -2302.87 -141.909 31.7088 -63.6246 -379.739
PRESSAVG: 1100000 2359.74 74.3593 -25.1957 74.3593 -2166.94 34.5915 -25.1957 34.5915 -112.281
GPRESSAVG: 1100000 2368.97 104.259 -30.5472 58.2646 -2172.22 17.6638 -11.5736 34.7302 -112.714
TIMING: 1100000  CPU: 964.796, 0.00087925/step  Wall: 964.867, 0.000879397/step, 392.997 ns/days, 0.341988 hours remaining, 0.000000 MB of memory in use.
PERFORMANCE: 1100000  averaging 394.01 ns/day, 0.000877135 sec/step with standard deviation 9.11664e-06
ETITLE:      TS           BOND          ANGLE          DIHED          IMPRP               ELECT            VDW       BOUNDARY           MISC        KINETIC               TOTAL           TEMP      POTENTIAL       TOTALAVG        TEMPAVG            PRESSURE      GPRESSURE         VOLUME       PRESSAVG      GPRESSAVG

ENERGY: 1100000        29.3109        63.6175        44.7179         2.8199         -42568.9860    -86363.0878         0.0000         0.0000      9080.7595        -119710.8482       295.5691   -128791.6076   -119574.7103       297.4031           -217.6028      -219.6568    157644.6990        26.8399        28.0114

WRITING EXTENDED SYSTEM TO RESTART FILE AT STEP 1100000
WRITING COORDINATES TO DCD FILE ../output/3_CLKWW.1.dcd AT STEP 1100000
WRITING COORDINATES TO RESTART FILE AT STEP 1100000
FINISHED WRITING RESTART COORDINATES
WRITING VELOCITIES TO RESTART FILE AT STEP 1100000
FINISHED WRITING RESTART VELOCITIES
PRESSURE: 1110000 2500.2 21.4992 254.024 21.5022 -2187.87 -84.3095 254.024 -84.308 -531.639
GPRESSURE: 1110000 2432.21 43.3976 211.632 73.7959 -2088.15 -102.807 276.009 -134.148 -568.691
PRESSAVG: 1110000 2370.6 68.0291 -12.4284 68.0291 -2146.59 14.3428 -12.4284 14.3428 -128.871
GPRESSAVG: 1110000 2375.27 95.5819 -21.5812 53.0694 -2146.53 -4.27713 -0.927059 14.1587 -129.971
TIMING: 1110000  CPU: 973.624, 0.000882769/step  Wall: 973.697, 0.000882923/step, 391.427 ns/days, 0.340906 hours remaining, 0.000000 MB of memory in use.
PERFORMANCE: 1110000  averaging 393.987 ns/day, 0.000877187 sec/step with standard deviation 9.09172e-06
ENERGY: 1110000        23.5877        61.7131        46.7427         2.5993         -42424.1375    -86362.8388         0.0000         0.0000      9168.5759        -119483.7576       298.4274   -128652.3334   -119564.5201       297.5792            -73.1019       -74.8743    157802.0221        31.7115        32.9223

WRITING EXTENDED SYSTEM TO RESTART FILE AT STEP 1110000
WRITING COORDINATES TO DCD FILE ../output/3_CLKWW.1.dcd AT STEP 1110000
WRITING COORDINATES TO RESTART FILE AT STEP 1110000
FINISHED WRITING RESTART COORDINATES
WRITING VELOCITIES TO RESTART FILE AT STEP 1110000
FINISHED WRITING RESTART VELOCITIES
PRESSURE: 1120000 2395.51 -44.216 266.042 -44.217 -2292.43 20.7822 266.043 20.7838 216.944
GPRESSURE: 1120000 2424.2 -159.589 318.135 -12.3686 -2318.7 -32.2147 170.623 144.869 204.367
PRESSAVG: 1120000 2393.95 60.3589 10.0932 60.3589 -2134.89 14.2372 10.0932 14.2372 -112.116
GPRESSAVG: 1120000 2403.36 81.1778 7.29048 49.9033 -2137.94 -9.37349 11.8397 25.571 -114.329
TIMING: 1120000  CPU: 982.503, 0.000887875/step  Wall: 982.575, 0.000887894/step, 389.236 ns/days, 0.340359 hours remaining, 0.000000 MB of memory in use.
PERFORMANCE: 1120000  averaging 393.944 ns/day, 0.000877282 sec/step with standard deviation 9.10705e-06
ENERGY: 1120000        24.1601        64.0140        48.3876         1.5901         -42547.4433    -86314.9921         0.0000         0.0000      9056.5144        -119667.7693       294.7799   -128724.2837   -119565.7042       297.3750            106.6769       103.2866    157276.9351        48.9811        50.3613

WRITING EXTENDED SYSTEM TO RESTART FILE AT STEP 1120000
WRITING COORDINATES TO DCD FILE ../output/3_CLKWW.1.dcd AT STEP 1120000
WRITING COORDINATES TO RESTART FILE AT STEP 1120000
FINISHED WRITING RESTART COORDINATES
WRITING VELOCITIES TO RESTART FILE AT STEP 1120000
FINISHED WRITING RESTART VELOCITIES
PRESSURE: 1130000 2432.52 -16.3399 -560.659 -16.3402 -2549.45 -116.148 -560.659 -116.147 60.3532
GPRESSURE: 1130000 2417.42 -2.14769 -406.966 60.4328 -2556.45 -181.175 -672.42 -2.73027 78.8079
PRESSAVG: 1130000 2350.26 49.6852 -9.57628 49.6852 -2188.09 11.7711 -9.57628 11.7711 -121.884
GPRESSAVG: 1130000 2359.94 74.9103 -5.72094 40.6247 -2188.76 -13.1529 -14.6565 24.2147 -127.387
TIMING: 1130000  CPU: 991.367, 0.00088638/step  Wall: 991.439, 0.000886373/step, 389.904 ns/days, 0.337314 hours remaining, 0.000000 MB of memory in use.
PERFORMANCE: 1130000  averaging 393.908 ns/day, 0.000877363 sec/step with standard deviation 9.10654e-06
ENERGY: 1130000        26.4844        65.6702        48.5311         1.8600         -42475.6273    -86321.9660         0.0000         0.0000      9206.8338        -119448.2138       299.6727   -128655.0477   -119551.0820       297.5607            -18.8598       -20.0748    158159.9433        13.4277        14.5977

WRITING EXTENDED SYSTEM TO RESTART FILE AT STEP 1130000
WRITING COORDINATES TO DCD FILE ../output/3_CLKWW.1.dcd AT STEP 1130000
WRITING COORDINATES TO RESTART FILE AT STEP 1130000
FINISHED WRITING RESTART COORDINATES
WRITING VELOCITIES TO RESTART FILE AT STEP 1130000
FINISHED WRITING RESTART VELOCITIES
PRESSURE: 1140000 1588.08 -177.794 -79.7637 -177.793 -2819.15 -16.2401 -79.7634 -16.2397 167.854
GPRESSURE: 1140000 1610.42 -187.927 -27.0147 -194.459 -2843.96 8.22788 34.8049 -12.1511 162.657
PRESSAVG: 1140000 2335.79 53.8571 -7.27151 53.8571 -2215.35 26.294 -7.27151 26.294 -95.2369
GPRESSAVG: 1140000 2342.7 75.7426 4.68585 40.2207 -2213.89 3.85806 -11.8729 40.8785 -100.485
TIMING: 1140000  CPU: 1000.24, 0.000887179/step  Wall: 1000.31, 0.000887167/step, 389.555 ns/days, 0.335152 hours remaining, 0.000000 MB of memory in use.
PERFORMANCE: 1140000  averaging 393.869 ns/day, 0.000877449 sec/step with standard deviation 9.11254e-06
ENERGY: 1140000        23.3185        55.8430        54.3116         1.4584         -42387.7761    -86383.3753         0.0000         0.0000      9126.9826        -119509.2372       297.0736   -128636.2198   -119548.2745       297.5680           -354.4067      -356.9600    157871.8335         8.4007         9.4410

WRITING EXTENDED SYSTEM TO RESTART FILE AT STEP 1140000
WRITING COORDINATES TO DCD FILE ../output/3_CLKWW.1.dcd AT STEP 1140000
WRITING COORDINATES TO RESTART FILE AT STEP 1140000
FINISHED WRITING RESTART COORDINATES
WRITING VELOCITIES TO RESTART FILE AT STEP 1140000
FINISHED WRITING RESTART VELOCITIES
PRESSURE: 1150000 2806.34 118.859 -225.881 118.86 -2073.95 127.391 -225.88 127.393 -45.7087
GPRESSURE: 1150000 2814.3 33.0185 -101.51 107.208 -2110.85 110.536 -264.57 51.0831 -31.2868
PRESSAVG: 1150000 2352.26 49.0984 -15.9936 49.0984 -2184.64 17.9042 -15.9936 17.9042 -103.234
GPRESSAVG: 1150000 2357.53 60.3025 3.19835 40.2575 -2184 -11.848 -29.1672 31.478 -106.942
TIMING: 1150000  CPU: 1009.1, 0.000885778/step  Wall: 1009.17, 0.000885802/step, 390.155 ns/days, 0.332176 hours remaining, 0.000000 MB of memory in use.
PERFORMANCE: 1150000  averaging 393.837 ns/day, 0.000877521 sec/step with standard deviation 9.10586e-06
ENERGY: 1150000        22.7329        57.2699        51.2027         1.6959         -42617.6274    -86221.7236         0.0000         0.0000      9074.8495        -119631.6001       295.3767   -128706.4496   -119557.3960       297.5177            228.8924       224.0560    157573.6065        21.4625        22.1961

WRITING EXTENDED SYSTEM TO RESTART FILE AT STEP 1150000
WRITING COORDINATES TO DCD FILE ../output/3_CLKWW.1.dcd AT STEP 1150000
WRITING COORDINATES TO RESTART FILE AT STEP 1150000
FINISHED WRITING RESTART COORDINATES
WRITING VELOCITIES TO RESTART FILE AT STEP 1150000
FINISHED WRITING RESTART VELOCITIES
PRESSURE: 1160000 2071.36 -37.596 -146.432 -37.5955 -2442.37 79.5277 -146.43 79.5271 483.425
GPRESSURE: 1160000 2104.73 10.9644 -132.314 -23.431 -2406.64 -20.511 -125.194 -34.7361 403.043
PRESSAVG: 1160000 2359.87 51.1045 -13.5727 51.1045 -2166.84 2.35574 -13.5727 2.35574 -18.7722
GPRESSAVG: 1160000 2369.42 61.7092 12.7945 41.2302 -2167.14 -31.1034 -23.581 9.4046 -26.1632
TIMING: 1160000  CPU: 1017.95, 0.000885179/step  Wall: 1018.02, 0.000885229/step, 390.408 ns/days, 0.329502 hours remaining, 0.000000 MB of memory in use.
PERFORMANCE: 1160000  averaging 393.807 ns/day, 0.000877588 sec/step with standard deviation 9.09438e-06
ENERGY: 1160000        23.1123        66.0230        49.0601         6.7304         -42694.3383    -86250.2535         0.0000         0.0000      9216.2237        -119583.4423       299.9783   -128799.6660   -119566.2911       297.5459             37.4722        33.7125    157109.8261        58.0842        58.7071

WRITING EXTENDED SYSTEM TO RESTART FILE AT STEP 1160000
WRITING COORDINATES TO DCD FILE ../output/3_CLKWW.1.dcd AT STEP 1160000
WRITING COORDINATES TO RESTART FILE AT STEP 1160000
FINISHED WRITING RESTART COORDINATES
WRITING VELOCITIES TO RESTART FILE AT STEP 1160000
FINISHED WRITING RESTART VELOCITIES
PRESSURE: 1170000 2108.08 227.405 -36.3911 227.406 -1985.92 -2.3372 -36.3907 -2.33545 133.422
GPRESSURE: 1170000 2061.27 332.716 -63.1474 224.111 -1998.9 -32.0692 97.0803 -87.9537 199.105
PRESSAVG: 1170000 2360.8 67.4492 -1.69958 67.4492 -2148.48 -2.69471 -1.69958 -2.69471 6.60384
GPRESSAVG: 1170000 2369.77 88.1526 21.0914 52.6634 -2149.05 -37.2506 1.04792 2.09589 0.816348
TIMING: 1170000  CPU: 1026.82, 0.000886878/step  Wall: 1026.89, 0.000886856/step, 389.691 ns/days, 0.327644 hours remaining, 0.000000 MB of memory in use.
PERFORMANCE: 1170000  averaging 393.771 ns/day, 0.000877667 sec/step with standard deviation 9.09555e-06
ENERGY: 1170000        20.8475        65.1681        45.2224         2.1751         -42546.0471    -86318.9365         0.0000         0.0000      9128.0340        -119603.5366       297.1078   -128731.5705   -119561.7752       297.5208             85.1946        87.1599    157143.3018        72.9729        73.8464

WRITING EXTENDED SYSTEM TO RESTART FILE AT STEP 1170000
WRITING COORDINATES TO DCD FILE ../output/3_CLKWW.1.dcd AT STEP 1170000
WRITING COORDINATES TO RESTART FILE AT STEP 1170000
FINISHED WRITING RESTART COORDINATES
WRITING VELOCITIES TO RESTART FILE AT STEP 1170000
FINISHED WRITING RESTART VELOCITIES
PRESSURE: 1180000 2447.4 458.722 263.052 458.72 -2522.95 209.275 263.05 209.274 -924.392
GPRESSURE: 1180000 2436.29 557.311 215.975 428.683 -2578.8 164.104 273.578 305.96 -873.467
PRESSAVG: 1180000 2384.74 98.4563 18.1315 98.4563 -2198.51 22.0604 18.1315 22.0604 -39.518
GPRESSAVG: 1180000 2392.16 116.383 45.2708 85.5865 -2203.55 -15.2668 16.4663 32.3453 -41.4708
TIMING: 1180000  CPU: 1035.66, 0.000884577/step  Wall: 1035.74, 0.000884679/step, 390.65 ns/days, 0.324382 hours remaining, 0.000000 MB of memory in use.
PERFORMANCE: 1180000  averaging 393.745 ns/day, 0.000877727 sec/step with standard deviation 9.07957e-06
ENERGY: 1180000        29.6316        67.5354        47.4742         1.8956         -42180.7260    -86438.5609         0.0000         0.0000      9175.4163        -119297.3338       298.6501   -128472.7501   -119548.1243       297.5536           -333.3120      -338.6603    157562.2248        48.9026        49.0450

WRITING EXTENDED SYSTEM TO RESTART FILE AT STEP 1180000
WRITING COORDINATES TO DCD FILE ../output/3_CLKWW.1.dcd AT STEP 1180000
WRITING COORDINATES TO RESTART FILE AT STEP 1180000
FINISHED WRITING RESTART COORDINATES
WRITING VELOCITIES TO RESTART FILE AT STEP 1180000
FINISHED WRITING RESTART VELOCITIES
PRESSURE: 1190000 2111.06 81.4061 149.606 81.408 -2061.45 -313.943 149.608 -313.945 -101.499
GPRESSURE: 1190000 2111.63 161.813 2.80474 -32.6037 -1971.46 -341.931 167.277 -328.593 -188.551
PRESSAVG: 1190000 2378 90.1636 22.9265 90.1636 -2200.07 -5.83778 22.9265 -5.83778 -59.6809
GPRESSAVG: 1190000 2385.2 114.704 38.5055 66.3455 -2200.69 -42.2442 21.4183 9.94364 -66.148
TIMING: 1190000  CPU: 1044.51, 0.000884977/step  Wall: 1044.59, 0.000884943/step, 390.534 ns/days, 0.322021 hours remaining, 0.000000 MB of memory in use.
PERFORMANCE: 1190000  averaging 393.717 ns/day, 0.000877787 sec/step with standard deviation 9.06518e-06
ENERGY: 1190000        18.9654        68.5022        49.1011         1.3071         -42513.8586    -86312.4472         0.0000         0.0000      9109.1911        -119579.2389       296.4945   -128688.4299   -119540.3789       297.7582            -17.2982       -16.1263    157701.0961        39.4172        39.4546

WRITING EXTENDED SYSTEM TO RESTART FILE AT STEP 1190000
WRITING COORDINATES TO DCD FILE ../output/3_CLKWW.1.dcd AT STEP 1190000
WRITING COORDINATES TO RESTART FILE AT STEP 1190000
FINISHED WRITING RESTART COORDINATES
WRITING VELOCITIES TO RESTART FILE AT STEP 1190000
FINISHED WRITING RESTART VELOCITIES
PRESSURE: 1200000 2020.5 -58.2877 -327.919 -58.2856 -2560.77 214.063 -327.918 214.064 -1383.08
GPRESSURE: 1200000 2072.72 -51.1237 -89.6931 -108.334 -2640.55 209.83 -427.257 87.6013 -1361.48
PRESSAVG: 1200000 2351.68 73.5023 -6.98346 73.5023 -2198.14 11.7707 -6.98346 11.7707 -86.4342
GPRESSAVG: 1200000 2362.27 103.509 21.2708 42.0377 -2204.3 -22.6539 -17.7681 20.4878 -90.9594
TIMING: 1200000  CPU: 1053.36, 0.000885173/step  Wall: 1053.44, 0.000885165/step, 390.436 ns/days, 0.319643 hours remaining, 0.000000 MB of memory in use.
PERFORMANCE: 1200000  averaging 393.69 ns/day, 0.000877849 sec/step with standard deviation 9.0521e-06
ETITLE:      TS           BOND          ANGLE          DIHED          IMPRP               ELECT            VDW       BOUNDARY           MISC        KINETIC               TOTAL           TEMP      POTENTIAL       TOTALAVG        TEMPAVG            PRESSURE      GPRESSURE         VOLUME       PRESSAVG      GPRESSAVG

ENERGY: 1200000        18.6875        62.3930        47.9551         3.3452         -42425.3977    -86298.5108         0.0000         0.0000      9176.3626        -119415.1652       298.6809   -128591.5278   -119533.0453       297.9063           -641.1192      -643.1017    158137.3698        22.3663        22.3355

WRITING EXTENDED SYSTEM TO RESTART FILE AT STEP 1200000
WRITING COORDINATES TO DCD FILE ../output/3_CLKWW.1.dcd AT STEP 1200000
WRITING COORDINATES TO RESTART FILE AT STEP 1200000
FINISHED WRITING RESTART COORDINATES
WRITING VELOCITIES TO RESTART FILE AT STEP 1200000
FINISHED WRITING RESTART VELOCITIES
PRESSURE: 1210000 1822.76 -307.652 -181.99 -307.653 -2508.17 -70.9486 -181.989 -70.948 -454.91
GPRESSURE: 1210000 1767.34 -277.692 -112.336 -302.844 -2490.47 -63.2698 -236.364 -61.6873 -402.54
PRESSAVG: 1210000 2307.63 66.9488 -15.6305 66.9488 -2240.25 9.35711 -15.6305 9.35711 -117.986
GPRESSAVG: 1210000 2313.95 97.7281 15.1685 36.6444 -2246.93 -24.2252 -32.1107 17.1678 -117.874
TIMING: 1210000  CPU: 1062.22, 0.000885766/step  Wall: 1062.3, 0.000885877/step, 390.122 ns/days, 0.317439 hours remaining, 0.000000 MB of memory in use.
PERFORMANCE: 1210000  averaging 393.66 ns/day, 0.000877915 sec/step with standard deviation 9.0438e-06
ENERGY: 1210000        24.1586        68.9557        50.6376         1.6443         -42773.0763    -86327.3348         0.0000         0.0000      9206.3213        -119748.6936       299.6560   -128955.0148   -119544.3954       298.1433           -380.1046      -375.2253    157965.3299       -16.8674       -16.9507

WRITING EXTENDED SYSTEM TO RESTART FILE AT STEP 1210000
WRITING COORDINATES TO DCD FILE ../output/3_CLKWW.1.dcd AT STEP 1210000
WRITING COORDINATES TO RESTART FILE AT STEP 1210000
FINISHED WRITING RESTART COORDINATES
WRITING VELOCITIES TO RESTART FILE AT STEP 1210000
FINISHED WRITING RESTART VELOCITIES
PRESSURE: 1220000 2140.41 82.9881 207.233 82.9877 -2166.67 -92.6017 207.236 -92.6022 353.824
GPRESSURE: 1220000 2138.71 111.081 182.222 27.6745 -2092.19 65.3276 152.748 -151.569 280.275
PRESSAVG: 1220000 2311.11 61.201 -4.6535 61.201 -2241.27 11.592 -4.6535 11.592 -119.888
GPRESSAVG: 1220000 2316.25 95.6558 30.7154 31.1546 -2243.03 -16.0531 -19.5508 20.6489 -124.169
TIMING: 1220000  CPU: 1071.07, 0.000884978/step  Wall: 1071.15, 0.000884993/step, 390.512 ns/days, 0.314664 hours remaining, 0.000000 MB of memory in use.
PERFORMANCE: 1220000  averaging 393.634 ns/day, 0.000877973 sec/step with standard deviation 9.02912e-06
ENERGY: 1220000        14.5728        52.0511        49.8244         3.2526         -42439.7609    -86365.3446         0.0000         0.0000      9211.6172        -119473.7873       299.8284   -128685.4045   -119543.2943       298.3072            109.1883       108.9335    157055.4441       -16.6835       -16.9842

WRITING EXTENDED SYSTEM TO RESTART FILE AT STEP 1220000
WRITING COORDINATES TO DCD FILE ../output/3_CLKWW.1.dcd AT STEP 1220000
WRITING COORDINATES TO RESTART FILE AT STEP 1220000
FINISHED WRITING RESTART COORDINATES
WRITING VELOCITIES TO RESTART FILE AT STEP 1220000
FINISHED WRITING RESTART VELOCITIES
PRESSURE: 1230000 1757 -170.745 -10.204 -170.742 -2902.95 5.30265 -10.2054 5.3017 -113.866
GPRESSURE: 1230000 1759.72 -232.542 146.061 -120.193 -2847.16 66.7182 41.0108 58.7569 -180.597
PRESSAVG: 1230000 2250.62 43.7797 -27.955 43.7797 -2307.06 9.28642 -27.955 9.28642 -139.05
GPRESSAVG: 1230000 2258.34 68.0502 14.6097 25.8867 -2306 -14.3472 -38.842 22.0973 -148.728
TIMING: 1230000  CPU: 1079.9, 0.000882976/step  Wall: 1079.98, 0.000883004/step, 391.391 ns/days, 0.311504 hours remaining, 0.000000 MB of memory in use.
PERFORMANCE: 1230000  averaging 393.616 ns/day, 0.000878014 sec/step with standard deviation 9.00348e-06
ENERGY: 1230000        15.1515        64.5494        53.1777         1.4566         -42559.5779    -86376.5741         0.0000         0.0000      9108.9361        -119692.8807       296.4862   -128801.8168   -119548.1702       298.2305           -419.9418      -422.6799    157618.8825       -65.1659       -65.4649

WRITING EXTENDED SYSTEM TO RESTART FILE AT STEP 1230000
WRITING COORDINATES TO DCD FILE ../output/3_CLKWW.1.dcd AT STEP 1230000
WRITING COORDINATES TO RESTART FILE AT STEP 1230000
FINISHED WRITING RESTART COORDINATES
WRITING VELOCITIES TO RESTART FILE AT STEP 1230000
FINISHED WRITING RESTART VELOCITIES
PRESSURE: 1240000 2001.77 139.576 73.8228 139.576 -2417.93 -154.936 73.8204 -154.935 -92.9762
GPRESSURE: 1240000 1997.88 205.878 76.188 95.9356 -2479.46 -55.7685 4.41213 -193.148 -28.3293
PRESSAVG: 1240000 2246.57 48.8662 -8.24299 48.8662 -2307.2 -5.85354 -8.24299 -5.85354 -152.329
GPRESSAVG: 1240000 2250.44 66.7468 32.2404 38.2666 -2308.08 -19.4061 -20.1281 -0.677846 -156.546
TIMING: 1240000  CPU: 1088.72, 0.000882278/step  Wall: 1088.8, 0.000882319/step, 391.695 ns/days, 0.308812 hours remaining, 0.000000 MB of memory in use.
PERFORMANCE: 1240000  averaging 393.6 ns/day, 0.000878049 sec/step with standard deviation 8.97513e-06
ENERGY: 1240000        27.1143        67.3982        48.0289         1.2219         -42393.8876    -86344.3057         0.0000         0.0000      9221.5967        -119372.8332       300.1532   -128594.4299   -119539.4408       298.4880           -169.7125      -169.9709    157618.5952       -70.9859       -71.3968

WRITING EXTENDED SYSTEM TO RESTART FILE AT STEP 1240000
WRITING COORDINATES TO DCD FILE ../output/3_CLKWW.1.dcd AT STEP 1240000
WRITING COORDINATES TO RESTART FILE AT STEP 1240000
FINISHED WRITING RESTART COORDINATES
WRITING VELOCITIES TO RESTART FILE AT STEP 1240000
FINISHED WRITING RESTART VELOCITIES
PRESSURE: 1250000 2082.99 -122.242 90.4351 -122.24 -1917.76 -208.583 90.4343 -208.582 -685.795
GPRESSURE: 1250000 2077.23 -132.631 108.479 -226.692 -1877.39 -237.236 114.89 -301.605 -729.36
PRESSAVG: 1250000 2219.76 30.7754 -0.000760798 30.7754 -2295.57 -9.81124 -0.000760798 -9.81124 -194.531
GPRESSAVG: 1250000 2217.37 52.2675 34.7461 19.6957 -2291.94 -23.4007 -14.8466 -7.98292 -196.793
TIMING: 1250000  CPU: 1097.48, 0.000875964/step  Wall: 1097.56, 0.000876084/step, 394.483 ns/days, 0.304196 hours remaining, 0.000000 MB of memory in use.
PERFORMANCE: 1250000  averaging 393.607 ns/day, 0.000878033 sec/step with standard deviation 8.9406e-06
ENERGY: 1250000        27.0258        62.2170        41.1908         3.0088         -42676.3489    -86296.4455         0.0000         0.0000      9097.9629        -119741.3892       296.1291   -128839.3520   -119553.9654       298.3852           -173.5222      -176.5055    156835.1987       -90.1125       -90.4543

WRITING EXTENDED SYSTEM TO RESTART FILE AT STEP 1250000
WRITING COORDINATES TO DCD FILE ../output/3_CLKWW.1.dcd AT STEP 1250000
WRITING COORDINATES TO RESTART FILE AT STEP 1250000
FINISHED WRITING RESTART COORDINATES
WRITING VELOCITIES TO RESTART FILE AT STEP 1250000
FINISHED WRITING RESTART VELOCITIES
PRESSURE: 1260000 1215.9 36.7669 64.8668 36.7688 -2541.06 -128.681 64.8652 -128.681 -513.45
GPRESSURE: 1260000 1302.73 12.8329 49.6968 52.8634 -2608.48 -41.616 23.7478 -71.0636 -533.616
PRESSAVG: 1260000 2137.61 45.1839 2.8204 45.1839 -2322.95 -21.3474 2.8204 -21.3474 -199.408
GPRESSAVG: 1260000 2139.96 64.6137 40.1428 34.3057 -2323.48 -27.6094 -15.8978 -20.4601 -203.071
TIMING: 1260000  CPU: 1106.25, 0.000876975/step  Wall: 1106.33, 0.000876996/step, 394.072 ns/days, 0.302077 hours remaining, 0.000000 MB of memory in use.
PERFORMANCE: 1260000  averaging 393.611 ns/day, 0.000878025 sec/step with standard deviation 8.90524e-06
ENERGY: 1260000        20.6848        63.1251        47.1613         3.2497         -42486.5182    -86290.6301         0.0000         0.0000      9193.3791        -119449.5483       299.2347   -128642.9275   -119553.1568       298.1916           -612.8678      -613.1214    157129.9504      -128.2492      -128.8616

WRITING EXTENDED SYSTEM TO RESTART FILE AT STEP 1260000
WRITING COORDINATES TO DCD FILE ../output/3_CLKWW.1.dcd AT STEP 1260000
WRITING COORDINATES TO RESTART FILE AT STEP 1260000
FINISHED WRITING RESTART COORDINATES
WRITING VELOCITIES TO RESTART FILE AT STEP 1260000
FINISHED WRITING RESTART VELOCITIES
PRESSURE: 1270000 1848.83 225.968 249.173 225.967 -2144.3 -268.707 249.176 -268.707 779.716
GPRESSURE: 1270000 1842.78 265.141 150.842 218.655 -2147.16 -284.556 313.402 -208.793 790.272
PRESSAVG: 1270000 2111.87 55.4603 21.6032 55.4603 -2320.61 -46.8355 21.6032 -46.8355 -158.501
GPRESSAVG: 1270000 2114.92 73.1937 54.3868 50.9824 -2320.53 -50.1651 9.07771 -46.9738 -164.028
TIMING: 1270000  CPU: 1115.11, 0.000885753/step  Wall: 1115.19, 0.000885835/step, 390.141 ns/days, 0.30266 hours remaining, 0.000000 MB of memory in use.
PERFORMANCE: 1270000  averaging 393.583 ns/day, 0.000878086 sec/step with standard deviation 8.89687e-06
ENERGY: 1270000        21.2812        54.4583        46.6184         3.0188         -42496.3715    -86244.3990         0.0000         0.0000      9063.8980        -119551.4958       295.0203   -128615.3939   -119561.2017       297.8745            161.4146       161.9663    157553.9757      -122.4138      -123.2145

WRITING EXTENDED SYSTEM TO RESTART FILE AT STEP 1270000
WRITING COORDINATES TO DCD FILE ../output/3_CLKWW.1.dcd AT STEP 1270000
WRITING COORDINATES TO RESTART FILE AT STEP 1270000
FINISHED WRITING RESTART COORDINATES
WRITING VELOCITIES TO RESTART FILE AT STEP 1270000
FINISHED WRITING RESTART VELOCITIES
PRESSURE: 1280000 2574.9 -545.112 -248.96 -545.11 -1715.98 290.09 -248.96 290.089 655.413
GPRESSURE: 1280000 2674.89 -520.963 -237.888 -444.803 -1769.99 364.552 -275.742 353.911 618.987
PRESSAVG: 1280000 2135.38 22.9393 -0.217659 22.9393 -2292.69 -27.0859 -0.217659 -27.0859 -123.398
GPRESSAVG: 1280000 2141.61 39.5654 22.105 21.5713 -2293.41 -26.2988 -5.95221 -26.8234 -131.905
TIMING: 1280000  CPU: 1123.97, 0.000886266/step  Wall: 1124.05, 0.000886311/step, 389.931 ns/days, 0.300361 hours remaining, 0.000000 MB of memory in use.
PERFORMANCE: 1280000  averaging 393.554 ns/day, 0.00087815 sec/step with standard deviation 8.89154e-06
ENERGY: 1280000        24.3359        52.1737        47.2712         1.1559         -42736.4462    -86235.9307         0.0000         0.0000      9106.4368        -119741.0034       296.4049   -128847.4402   -119569.1805       297.5744            504.7778       507.9631    156910.1958       -93.5699       -94.5662

WRITING EXTENDED SYSTEM TO RESTART FILE AT STEP 1280000
WRITING COORDINATES TO DCD FILE ../output/3_CLKWW.1.dcd AT STEP 1280000
WRITING COORDINATES TO RESTART FILE AT STEP 1280000
FINISHED WRITING RESTART COORDINATES
WRITING VELOCITIES TO RESTART FILE AT STEP 1280000
FINISHED WRITING RESTART VELOCITIES
PRESSURE: 1290000 1553.97 -26.0768 -141.859 -26.0762 -2687.39 244.161 -141.857 244.162 609.948
GPRESSURE: 1290000 1514.06 2.54282 -93.843 61.2975 -2683.91 307.463 -220.993 218.822 662.885
PRESSAVG: 1290000 2077.48 3.09653 -16.9783 3.09653 -2339.73 -16.6252 -16.9783 -16.6252 -90.6601
GPRESSAVG: 1290000 2079.21 18.9664 11.4228 4.82923 -2340.68 -11.9152 -26.0624 -21.54 -93.863
TIMING: 1290000  CPU: 1132.82, 0.000884319/step  Wall: 1132.9, 0.000884502/step, 390.728 ns/days, 0.297291 hours remaining, 0.000000 MB of memory in use.
PERFORMANCE: 1290000  averaging 393.532 ns/day, 0.0008782 sec/step with standard deviation 8.87438e-06
ENERGY: 1290000        28.9151        71.2655        48.9110         2.5593         -42543.3299    -86254.8398         0.0000         0.0000      9237.6437        -119408.8752       300.6755   -128646.5189   -119555.5325       297.7700           -174.4917      -168.9876    156851.9619      -117.6362      -118.4433

WRITING EXTENDED SYSTEM TO RESTART FILE AT STEP 1290000
WRITING COORDINATES TO DCD FILE ../output/3_CLKWW.1.dcd AT STEP 1290000
WRITING COORDINATES TO RESTART FILE AT STEP 1290000
FINISHED WRITING RESTART COORDINATES
WRITING VELOCITIES TO RESTART FILE AT STEP 1290000
FINISHED WRITING RESTART VELOCITIES
PRESSURE: 1300000 2437.63 -364.581 35.6113 -364.581 -1925.1 297.096 35.6115 297.094 -496.439
GPRESSURE: 1300000 2501.05 -367.916 3.87566 -240.581 -1904.65 218.523 60.8728 328.271 -561.274
PRESSAVG: 1300000 2095.86 -23.872 -15.3093 -23.872 -2321.18 1.51292 -15.3093 1.51292 -94.143
GPRESSAVG: 1300000 2103.08 -9.79167 10.06 -17.7825 -2320.77 6.10646 -24.6042 -1.94524 -102.94
TIMING: 1300000  CPU: 1141.67, 0.000885178/step  Wall: 1141.75, 0.000885229/step, 390.408 ns/days, 0.295076 hours remaining, 0.000000 MB of memory in use.
PERFORMANCE: 1300000  averaging 393.508 ns/day, 0.000878254 sec/step with standard deviation 8.86138e-06
ETITLE:      TS           BOND          ANGLE          DIHED          IMPRP               ELECT            VDW       BOUNDARY           MISC        KINETIC               TOTAL           TEMP      POTENTIAL       TOTALAVG        TEMPAVG            PRESSURE      GPRESSURE         VOLUME       PRESSAVG      GPRESSAVG

ENERGY: 1300000        20.3945        59.7748        46.0646         1.0833         -42523.4737    -86285.2460         0.0000         0.0000      9281.6332        -119399.7693       302.1073   -128681.4025   -119539.9785       298.0969              5.3634        11.7078    157224.5716      -106.4879      -106.8751

WRITING EXTENDED SYSTEM TO RESTART FILE AT STEP 1300000
WRITING COORDINATES TO DCD FILE ../output/3_CLKWW.1.dcd AT STEP 1300000
WRITING COORDINATES TO RESTART FILE AT STEP 1300000
FINISHED WRITING RESTART COORDINATES
WRITING VELOCITIES TO RESTART FILE AT STEP 1300000
FINISHED WRITING RESTART VELOCITIES
PRESSURE: 1310000 2592.25 45.1303 -133.858 45.1273 -2691.96 366.056 -133.862 366.056 -271.988
GPRESSURE: 1310000 2547.66 34.6762 -203.149 40.831 -2610.22 394.557 -253.039 322.344 -315.777
PRESSAVG: 1310000 2100.46 -22.6907 -34.7036 -22.6907 -2346.39 24.0311 -34.7036 24.0311 -81.1604
GPRESSAVG: 1310000 2108.85 -10.2277 -10.679 -19.4308 -2346.87 30.9747 -51.0566 20.8794 -90.294
TIMING: 1310000  CPU: 1150.51, 0.00088428/step  Wall: 1150.59, 0.00088431/step, 390.813 ns/days, 0.292313 hours remaining, 0.000000 MB of memory in use.
PERFORMANCE: 1310000  averaging 393.487 ns/day, 0.0008783 sec/step with standard deviation 8.84308e-06
ENERGY: 1310000        20.1620        49.8755        44.4209         0.6036         -42182.2075    -86494.9583         0.0000         0.0000      9164.3248        -119397.7791       298.2891   -128562.1039   -119535.6796       298.0900           -123.9009      -126.1150    157452.2073      -109.0278      -109.4372

WRITING EXTENDED SYSTEM TO RESTART FILE AT STEP 1310000
WRITING COORDINATES TO DCD FILE ../output/3_CLKWW.1.dcd AT STEP 1310000
WRITING COORDINATES TO RESTART FILE AT STEP 1310000
FINISHED WRITING RESTART COORDINATES
WRITING VELOCITIES TO RESTART FILE AT STEP 1310000
FINISHED WRITING RESTART VELOCITIES
PRESSURE: 1320000 2098.84 94.5713 -553.891 94.5692 -2384.98 -115.406 -553.89 -115.406 220.148
GPRESSURE: 1320000 2227.09 75.2178 -662.569 131.878 -2444.26 -1.84405 -467.523 -227.267 152.807
PRESSAVG: 1320000 2085.63 -15.7514 -75.7003 -15.7514 -2351.01 17.2216 -75.7003 17.2216 -81.0002
GPRESSAVG: 1320000 2099 1.51259 -59.7143 -12.2185 -2353.15 32.4932 -82.9639 2.27261 -92.8721
TIMING: 1320000  CPU: 1159.32, 0.00088118/step  Wall: 1159.4, 0.00088121/step, 392.188 ns/days, 0.288841 hours remaining, 0.000000 MB of memory in use.
PERFORMANCE: 1320000  averaging 393.478 ns/day, 0.000878322 sec/step with standard deviation 8.8129e-06
ENERGY: 1320000        23.0892        61.6317        46.9433         2.2648         -42217.8911    -86563.1730         0.0000         0.0000      9280.8199        -119366.3151       302.0809   -128647.1350   -119520.6069       298.4550            -21.9961       -21.4527    156594.0882      -115.4615      -115.6741

WRITING EXTENDED SYSTEM TO RESTART FILE AT STEP 1320000
WRITING COORDINATES TO DCD FILE ../output/3_CLKWW.1.dcd AT STEP 1320000
WRITING COORDINATES TO RESTART FILE AT STEP 1320000
FINISHED WRITING RESTART COORDINATES
WRITING VELOCITIES TO RESTART FILE AT STEP 1320000
FINISHED WRITING RESTART VELOCITIES
PRESSURE: 1330000 2116.37 -214.249 -224.955 -214.25 -2325.66 -98.5011 -224.956 -98.5006 -181.571
GPRESSURE: 1330000 2086.1 -151.587 -215.825 -167.466 -2288.25 -112.563 -187.701 -143.939 -199.334
PRESSAVG: 1330000 2069.82 -25.6469 -58.9151 -25.6469 -2339.82 18.1039 -58.9151 18.1039 -93.0964
GPRESSAVG: 1330000 2082.43 -5.9594 -50.1572 -23.6134 -2339.74 35.9238 -58.7279 -4.78784 -106.779
TIMING: 1330000  CPU: 1168.15, 0.000882935/step  Wall: 1168.24, 0.000883125/step, 391.338 ns/days, 0.287016 hours remaining, 0.000000 MB of memory in use.
PERFORMANCE: 1330000  averaging 393.461 ns/day, 0.000878358 sec/step with standard deviation 8.78933e-06
ENERGY: 1330000        21.9295        59.6198        51.1865         1.3096         -42441.1257    -86363.1199         0.0000         0.0000      9146.3942        -119523.8060       297.7054   -128670.2003   -119524.3865       298.3566           -130.2867      -133.8301    157191.6240      -121.0328      -121.3619

WRITING EXTENDED SYSTEM TO RESTART FILE AT STEP 1330000
WRITING COORDINATES TO DCD FILE ../output/3_CLKWW.1.dcd AT STEP 1330000
WRITING COORDINATES TO RESTART FILE AT STEP 1330000
FINISHED WRITING RESTART COORDINATES
WRITING VELOCITIES TO RESTART FILE AT STEP 1330000
FINISHED WRITING RESTART VELOCITIES
PRESSURE: 1340000 2758.15 81.6318 523.49 81.6317 -1764.39 39.525 523.488 39.5227 138.336
GPRESSURE: 1340000 2769.65 210.916 384.455 22.9435 -1870.22 -60.5433 506.284 98.2915 232.835
PRESSAVG: 1340000 2128.33 -12.6756 -28.7525 -12.6756 -2287.09 20.8921 -28.7525 20.8921 -94.5723
GPRESSAVG: 1340000 2140.39 13.9827 -29.5837 -12.7433 -2291.05 32.4852 -35.154 0.734288 -103.27
TIMING: 1340000  CPU: 1176.98, 0.000882678/step  Wall: 1177.06, 0.000882692/step, 391.53 ns/days, 0.284423 hours remaining, 0.000000 MB of memory in use.
PERFORMANCE: 1340000  averaging 393.447 ns/day, 0.00087839 sec/step with standard deviation 8.76422e-06
ENERGY: 1340000        29.3470        62.7487        42.3913         3.4998         -42579.1929    -86294.0444         0.0000         0.0000      9252.3838        -119482.8667       301.1553   -128735.2505   -119523.0680       298.5607            377.3657       377.4226    157229.0106       -84.4442       -84.6428

WRITING EXTENDED SYSTEM TO RESTART FILE AT STEP 1340000
WRITING COORDINATES TO DCD FILE ../output/3_CLKWW.1.dcd AT STEP 1340000
WRITING COORDINATES TO RESTART FILE AT STEP 1340000
FINISHED WRITING RESTART COORDINATES
WRITING VELOCITIES TO RESTART FILE AT STEP 1340000
FINISHED WRITING RESTART VELOCITIES
PRESSURE: 1350000 1777.92 -399.224 -279.004 -399.223 -2490.93 -83.5825 -279.001 -83.5832 -985.533
GPRESSURE: 1350000 1704.84 -368.353 -241.95 -252.559 -2491.56 -42.8222 -308.587 -72.0751 -945.487
PRESSAVG: 1350000 2076.9 -38.5797 -31.4086 -38.5797 -2307.93 10.3433 -31.4086 10.3433 -141.564
GPRESSAVG: 1350000 2084.92 -6.08585 -36.6057 -30.7316 -2310.09 24.8173 -37.3548 -5.42362 -148.98
TIMING: 1350000  CPU: 1185.82, 0.000883876/step  Wall: 1185.9, 0.000883855/step, 391.014 ns/days, 0.282343 hours remaining, 0.000000 MB of memory in use.
PERFORMANCE: 1350000  averaging 393.429 ns/day, 0.000878431 sec/step with standard deviation 8.74412e-06
ENERGY: 1350000        24.8974        72.7130        50.6612         3.7536         -42511.0133    -86344.1685         0.0000         0.0000      9072.7313        -119630.4254       295.3078   -128703.1567   -119523.0092       298.5573           -566.1824      -577.4031    157204.0267      -124.1980      -124.7157

WRITING EXTENDED SYSTEM TO RESTART FILE AT STEP 1350000
WRITING COORDINATES TO DCD FILE ../output/3_CLKWW.1.dcd AT STEP 1350000
WRITING COORDINATES TO RESTART FILE AT STEP 1350000
FINISHED WRITING RESTART COORDINATES
WRITING VELOCITIES TO RESTART FILE AT STEP 1350000
FINISHED WRITING RESTART VELOCITIES
PRESSURE: 1360000 1850.14 -121.794 -146.806 -121.792 -2944.53 -241.806 -146.806 -241.809 -275.605
GPRESSURE: 1360000 1856.03 -103.174 -132.984 -113.302 -2971.67 -265.144 -176.195 -364.082 -261.932
PRESSAVG: 1360000 2065.84 -42.7895 -31.4274 -42.7895 -2333.04 -5.72351 -31.4274 -5.72351 -179.515
GPRESSAVG: 1360000 2072.48 -11.7928 -36.6392 -35.2252 -2338.34 12.5857 -39.9049 -21.8909 -182.229
TIMING: 1360000  CPU: 1194.65, 0.000883678/step  Wall: 1194.74, 0.000883745/step, 391.063 ns/days, 0.279853 hours remaining, 0.000000 MB of memory in use.
PERFORMANCE: 1360000  averaging 393.411 ns/day, 0.00087847 sec/step with standard deviation 8.72358e-06
ENERGY: 1360000        18.3302        61.4847        43.4582         2.0558         -42307.5319    -86313.6062         0.0000         0.0000      9153.2041        -119342.6051       297.9271   -128495.8092   -119510.9674       298.4547           -456.6649      -459.1908    157526.4886      -148.9048      -149.3609

WRITING EXTENDED SYSTEM TO RESTART FILE AT STEP 1360000
WRITING COORDINATES TO DCD FILE ../output/3_CLKWW.1.dcd AT STEP 1360000
WRITING COORDINATES TO RESTART FILE AT STEP 1360000
FINISHED WRITING RESTART COORDINATES
WRITING VELOCITIES TO RESTART FILE AT STEP 1360000
FINISHED WRITING RESTART VELOCITIES
PRESSURE: 1370000 2266.34 231.151 176.425 231.153 -2596.32 -72.8403 176.426 -72.8438 28.8753
GPRESSURE: 1370000 2229.63 295.565 52.1689 191.59 -2611.17 -72.8791 197.594 -113.563 79.9764
PRESSAVG: 1370000 2073.76 -42.6022 -20.7865 -42.6022 -2363.56 -9.24893 -20.7865 -9.24893 -184.742
GPRESSAVG: 1370000 2080.9 -13.6504 -30.8734 -36.8512 -2368.95 10.5452 -34.8792 -23.1714 -188.185
TIMING: 1370000  CPU: 1203.5, 0.000884379/step  Wall: 1203.58, 0.000884385/step, 390.78 ns/days, 0.277599 hours remaining, 0.000000 MB of memory in use.
PERFORMANCE: 1370000  averaging 393.392 ns/day, 0.000878513 sec/step with standard deviation 8.70613e-06
ENERGY: 1370000        22.1402        64.5690        44.6038         2.3257         -42737.1161    -86278.8600         0.0000         0.0000      9148.2413        -119734.0960       297.7656   -128882.3373   -119517.4954       298.4876           -100.3683      -100.5189    156807.0315      -158.1830      -158.7448

WRITING EXTENDED SYSTEM TO RESTART FILE AT STEP 1370000
WRITING COORDINATES TO DCD FILE ../output/3_CLKWW.1.dcd AT STEP 1370000
WRITING COORDINATES TO RESTART FILE AT STEP 1370000
FINISHED WRITING RESTART COORDINATES
WRITING VELOCITIES TO RESTART FILE AT STEP 1370000
FINISHED WRITING RESTART VELOCITIES
PRESSURE: 1380000 2402.57 -69.1442 -508.127 -69.1455 -2470.06 66.2971 -508.131 66.2979 721.031
GPRESSURE: 1380000 2450.7 -82.7059 -526.277 33.4595 -2508.89 212.378 -528.314 169.277 739.083
PRESSAVG: 1380000 2071.51 -68.9954 -59.3456 -68.9954 -2360.92 -16.3977 -59.3456 -16.3977 -102.471
GPRESSAVG: 1380000 2081.62 -45.6512 -67.986 -56.6124 -2365.46 12.9589 -74.9739 -30.0056 -107.558
TIMING: 1380000  CPU: 1212.34, 0.000883969/step  Wall: 1212.42, 0.000884071/step, 390.919 ns/days, 0.275044 hours remaining, 0.000000 MB of memory in use.
PERFORMANCE: 1380000  averaging 393.374 ns/day, 0.000878553 sec/step with standard deviation 8.68719e-06
ENERGY: 1380000        25.0430        66.6449        44.3933         1.9791         -42437.7560    -86293.9203         0.0000         0.0000      9154.0915        -119439.5246       297.9560   -128593.6161   -119524.6049       298.4529            217.8494       226.9656    157621.5170      -130.6249      -130.4635

WRITING EXTENDED SYSTEM TO RESTART FILE AT STEP 1380000
WRITING COORDINATES TO DCD FILE ../output/3_CLKWW.1.dcd AT STEP 1380000
WRITING COORDINATES TO RESTART FILE AT STEP 1380000
FINISHED WRITING RESTART COORDINATES
WRITING VELOCITIES TO RESTART FILE AT STEP 1380000
FINISHED WRITING RESTART VELOCITIES
PRESSURE: 1390000 2276.79 -185.273 171.76 -185.273 -1870.41 -52.2633 171.759 -52.2659 -640.429
GPRESSURE: 1390000 2305 -244.257 118.92 -164.336 -1959.14 -17.1981 138.13 -106.176 -573.573
PRESSAVG: 1390000 2079.8 -82.3295 -58.238 -82.3295 -2351.37 -3.31378 -58.238 -3.31378 -129.418
GPRESSAVG: 1390000 2091.29 -65.9547 -62.1803 -63.199 -2364.84 29.1955 -76.4312 -18.8847 -126.809
TIMING: 1390000  CPU: 1221.17, 0.00088348/step  Wall: 1221.26, 0.00088351/step, 391.167 ns/days, 0.272416 hours remaining, 0.000000 MB of memory in use.
PERFORMANCE: 1390000  averaging 393.358 ns/day, 0.000878589 sec/step with standard deviation 8.66586e-06
ENERGY: 1390000        24.7825        56.3854        46.9235         1.1801         -42492.5807    -86388.5994         0.0000         0.0000      9120.0071        -119631.9015       296.8466   -128751.9086   -119527.2380       298.4705            -78.0162       -75.9062    156944.4604      -133.6608      -133.4525

WRITING EXTENDED SYSTEM TO RESTART FILE AT STEP 1390000
WRITING COORDINATES TO DCD FILE ../output/3_CLKWW.1.dcd AT STEP 1390000
WRITING COORDINATES TO RESTART FILE AT STEP 1390000
FINISHED WRITING RESTART COORDINATES
WRITING VELOCITIES TO RESTART FILE AT STEP 1390000
FINISHED WRITING RESTART VELOCITIES
PRESSURE: 1400000 2523.82 -58.7253 126.251 -58.7272 -2327.12 307.602 126.252 307.601 -891.098
GPRESSURE: 1400000 2510.61 -46.9142 143.323 -31.9873 -2386.9 258.943 211.043 380.859 -807.012
PRESSAVG: 1400000 2104.97 -82.3516 -35.5295 -82.3516 -2339.68 1.36308 -35.5295 1.36308 -104.818
GPRESSAVG: 1400000 2113.19 -65.7443 -50.5294 -59.3817 -2352.16 31.6512 -44.5162 -4.22185 -99.0856
TIMING: 1400000  CPU: 1229.96, 0.000878578/step  Wall: 1230.04, 0.000878605/step, 393.351 ns/days, 0.268463 hours remaining, 0.000000 MB of memory in use.
PERFORMANCE: 1400000  averaging 393.358 ns/day, 0.000878589 sec/step with standard deviation 8.63463e-06
ETITLE:      TS           BOND          ANGLE          DIHED          IMPRP               ELECT            VDW       BOUNDARY           MISC        KINETIC               TOTAL           TEMP      POTENTIAL       TOTALAVG        TEMPAVG            PRESSURE      GPRESSURE         VOLUME       PRESSAVG      GPRESSAVG

ENERGY: 1400000        26.4760        57.6959        46.9146         1.3680         -42318.8185    -86370.0275         0.0000         0.0000      9275.5272        -119280.8643       301.9086   -128556.3915   -119520.5230       298.6319           -231.4641      -227.7676    156491.5068      -113.1780      -112.6858

WRITING EXTENDED SYSTEM TO RESTART FILE AT STEP 1400000
WRITING COORDINATES TO DCD FILE ../output/3_CLKWW.1.dcd AT STEP 1400000
WRITING COORDINATES TO RESTART FILE AT STEP 1400000
FINISHED WRITING RESTART COORDINATES
WRITING VELOCITIES TO RESTART FILE AT STEP 1400000
FINISHED WRITING RESTART VELOCITIES
PRESSURE: 1410000 1645.51 277.334 123.538 277.336 -3036.63 -89.4269 123.537 -89.4263 -14.4353
GPRESSURE: 1410000 1712.56 241.258 61.0322 330.514 -3072.78 -167.686 110.416 -84.9459 -36.8548
PRESSAVG: 1410000 2096.11 -53.1021 -20.2532 -53.1021 -2366.11 0.439166 -20.2532 0.439166 -82.7947
GPRESSAVG: 1410000 2110.45 -39.7968 -41.861 -27.7138 -2381.27 26.4304 -27.1772 -5.38477 -80.8013
TIMING: 1410000  CPU: 1238.78, 0.000881775/step  Wall: 1238.86, 0.000881778/step, 391.935 ns/days, 0.266983 hours remaining, 0.000000 MB of memory in use.
PERFORMANCE: 1410000  averaging 393.348 ns/day, 0.000878612 sec/step with standard deviation 8.60793e-06
ENERGY: 1410000        23.0125        58.0787        48.9212         2.7185         -42771.8469    -86128.4013         0.0000         0.0000      9071.1733        -119696.3441       295.2571   -128767.5174   -119517.9055       298.4119           -468.5180      -465.6911    158206.0050      -117.5987      -117.2091

WRITING EXTENDED SYSTEM TO RESTART FILE AT STEP 1410000
WRITING COORDINATES TO DCD FILE ../output/3_CLKWW.1.dcd AT STEP 1410000
WRITING COORDINATES TO RESTART FILE AT STEP 1410000
FINISHED WRITING RESTART COORDINATES
WRITING VELOCITIES TO RESTART FILE AT STEP 1410000
FINISHED WRITING RESTART VELOCITIES
PRESSURE: 1420000 2225.24 69.0889 376.734 69.0891 -2414.73 142.102 376.734 142.102 118.794
GPRESSURE: 1420000 2257.8 27.2701 429.001 134.678 -2417.93 239.632 335.789 87.7741 79.7372
PRESSAVG: 1420000 2100.35 -53.7971 -11.7783 -53.7971 -2378.51 12.1744 -11.7783 12.1744 -94.5462
GPRESSAVG: 1420000 2116.4 -43.9873 -29.5221 -22.3637 -2397.56 35.1456 -18.0251 6.58237 -90.8282
TIMING: 1420000  CPU: 1247.62, 0.000883877/step  Wall: 1247.7, 0.000883947/step, 390.974 ns/days, 0.265184 hours remaining, 0.000000 MB of memory in use.
PERFORMANCE: 1420000  averaging 393.331 ns/day, 0.000878649 sec/step with standard deviation 8.58903e-06
ENERGY: 1420000        28.0120        70.5091        45.7953         2.6872         -42505.8130    -86395.1774         0.0000         0.0000      9162.2288        -119591.7580       298.2208   -128753.9868   -119523.8040       298.3316            -23.5665       -26.7992    157213.2256      -124.2364      -123.9957

WRITING EXTENDED SYSTEM TO RESTART FILE AT STEP 1420000
WRITING COORDINATES TO DCD FILE ../output/3_CLKWW.1.dcd AT STEP 1420000
WRITING COORDINATES TO RESTART FILE AT STEP 1420000
FINISHED WRITING RESTART COORDINATES
WRITING VELOCITIES TO RESTART FILE AT STEP 1420000
FINISHED WRITING RESTART VELOCITIES
PRESSURE: 1430000 2189.91 -205.56 -204.414 -205.563 -2136.37 155.467 -204.416 155.464 162.83
GPRESSURE: 1430000 2175.3 -242.557 -73.4104 -236.966 -2113.95 193.528 -214.738 85.4178 136.515
PRESSAVG: 1430000 2121.99 -55.5381 -21.4888 -55.5381 -2340.18 19.6825 -21.4888 19.6825 -80.7113
GPRESSAVG: 1430000 2137.18 -44.488 -40.4956 -28.2023 -2360.9 41.4861 -30.8125 7.91541 -74.9726
TIMING: 1430000  CPU: 1256.47, 0.000885378/step  Wall: 1256.56, 0.000885368/step, 390.346 ns/days, 0.263151 hours remaining, 0.000000 MB of memory in use.
PERFORMANCE: 1430000  averaging 393.31 ns/day, 0.000878696 sec/step with standard deviation 8.57715e-06
ENERGY: 1430000        25.0232        67.0371        46.9434         1.6537         -42487.9683    -86268.3334         0.0000         0.0000      9197.5781        -119418.0662       299.3714   -128615.6444   -119510.0633       298.4758             72.1251        65.9553    157571.1503       -99.6331       -99.5640

WRITING EXTENDED SYSTEM TO RESTART FILE AT STEP 1430000
WRITING COORDINATES TO DCD FILE ../output/3_CLKWW.1.dcd AT STEP 1430000
WRITING COORDINATES TO RESTART FILE AT STEP 1430000
FINISHED WRITING RESTART COORDINATES
WRITING VELOCITIES TO RESTART FILE AT STEP 1430000
FINISHED WRITING RESTART VELOCITIES
PRESSURE: 1440000 2111.58 84.167 -40.4309 84.1656 -2414.4 260.014 -40.4312 260.013 -652.573
GPRESSURE: 1440000 2212.5 -38.5124 4.1419 161.894 -2446.24 366.68 27.9074 182.633 -713.314
PRESSAVG: 1440000 2127.48 -58.3087 -27.2014 -58.3087 -2340 40.4299 -27.2014 40.4299 -108.691
GPRESSAVG: 1440000 2147.91 -56.7076 -44.0979 -24.9044 -2359.24 62.6085 -29.6378 26.7045 -109.222
TIMING: 1440000  CPU: 1265.28, 0.000881368/step  Wall: 1265.37, 0.000881494/step, 392.062 ns/days, 0.259551 hours remaining, 0.000000 MB of memory in use.
PERFORMANCE: 1440000  averaging 393.301 ns/day, 0.000878716 sec/step with standard deviation 8.55029e-06
ENERGY: 1440000        25.3877        65.9273        43.5822         1.0795         -42200.3856    -86533.9612         0.0000         0.0000      9176.2928        -119422.0773       298.6786   -128598.3701   -119512.5255       298.4021           -318.4633      -315.6842    158413.8762      -107.0706      -106.8496

WRITING EXTENDED SYSTEM TO RESTART FILE AT STEP 1440000
WRITING COORDINATES TO DCD FILE ../output/3_CLKWW.1.dcd AT STEP 1440000
WRITING COORDINATES TO RESTART FILE AT STEP 1440000
FINISHED WRITING RESTART COORDINATES
WRITING VELOCITIES TO RESTART FILE AT STEP 1440000
FINISHED WRITING RESTART VELOCITIES
PRESSURE: 1450000 3565.88 328.338 289.005 328.337 -1266.19 0.261727 289.004 0.263246 610.566
GPRESSURE: 1450000 3541.25 241.088 316.846 365.315 -1276.54 -121.928 278.843 97.5357 652.172
PRESSAVG: 1450000 2201.63 -35.7798 -17.2729 -35.7798 -2307.43 50.8721 -17.2729 50.8721 -43.8731
GPRESSAVG: 1450000 2221.11 -38.0216 -33.6796 4.69591 -2329.2 68.3739 -21.4401 46.6615 -40.1452
TIMING: 1450000  CPU: 1274.09, 0.00088078/step  Wall: 1274.18, 0.000880787/step, 392.377 ns/days, 0.256896 hours remaining, 0.000000 MB of memory in use.
PERFORMANCE: 1450000  averaging 393.295 ns/day, 0.00087873 sec/step with standard deviation 8.52228e-06
ENERGY: 1450000        23.5082        60.0746        50.2343         1.2373         -42372.1907    -86435.3922         0.0000         0.0000      9177.0723        -119495.4561       298.7040   -128672.5284   -119500.2289       298.5308            970.0854       972.2920    157238.7427       -49.8903       -49.4098

WRITING EXTENDED SYSTEM TO RESTART FILE AT STEP 1450000
WRITING COORDINATES TO DCD FILE ../output/3_CLKWW.1.dcd AT STEP 1450000
WRITING COORDINATES TO RESTART FILE AT STEP 1450000
FINISHED WRITING RESTART COORDINATES
WRITING VELOCITIES TO RESTART FILE AT STEP 1450000
FINISHED WRITING RESTART VELOCITIES
PRESSURE: 1460000 1952.5 0.198343 -260.098 0.198081 -2322.68 -263.546 -260.097 -263.549 463.405
GPRESSURE: 1460000 2003.63 73.8502 -304.101 -77.0401 -2352.86 -319.124 -244.413 -261.635 431.351
PRESSAVG: 1460000 2238.46 -37.6083 -33.521 -37.6083 -2296.51 44.1288 -33.521 44.1288 4.96964
GPRESSAVG: 1460000 2256.16 -34.9707 -51.3695 -1.79926 -2316.41 54.4985 -34.8482 37.1329 8.10309
TIMING: 1460000  CPU: 1282.9, 0.00088108/step  Wall: 1282.99, 0.000881126/step, 392.226 ns/days, 0.254547 hours remaining, 0.000000 MB of memory in use.
PERFORMANCE: 1460000  averaging 393.287 ns/day, 0.000878747 sec/step with standard deviation 8.49516e-06
ENERGY: 1460000        21.9985        61.3189        51.4405         1.1632         -42749.2410    -86280.7409         0.0000         0.0000      9144.1624        -119749.8985       297.6328   -128894.0608   -119515.2464       298.4507             31.0740        27.3732    156219.9709       -17.6932       -17.3850

WRITING EXTENDED SYSTEM TO RESTART FILE AT STEP 1460000
WRITING COORDINATES TO DCD FILE ../output/3_CLKWW.1.dcd AT STEP 1460000
WRITING COORDINATES TO RESTART FILE AT STEP 1460000
FINISHED WRITING RESTART COORDINATES
WRITING VELOCITIES TO RESTART FILE AT STEP 1460000
FINISHED WRITING RESTART VELOCITIES
PRESSURE: 1470000 2390.63 -17.7516 -161.904 -17.7518 -1702.71 -60.5462 -161.903 -60.5462 221.922
GPRESSURE: 1470000 2391 142.188 -165.185 -20.0108 -1743.89 11.5367 -178.675 -50.3354 234.494
PRESSAVG: 1470000 2265.55 -49.7943 -54.0749 -49.7943 -2274.43 54.5368 -54.0749 54.5368 -22.9201
GPRESSAVG: 1470000 2283.57 -41.1184 -67.1708 -13.7326 -2296.25 69.3031 -59.452 45.0558 -19.6858
TIMING: 1470000  CPU: 1291.72, 0.000882279/step  Wall: 1291.81, 0.000882294/step, 391.706 ns/days, 0.252434 hours remaining, 0.000000 MB of memory in use.
PERFORMANCE: 1470000  averaging 393.277 ns/day, 0.000878771 sec/step with standard deviation 8.47107e-06
ENERGY: 1470000        14.6643        61.9806        47.8047         1.7143         -42603.1385    -86351.6614         0.0000         0.0000      9166.5747        -119662.0614       298.3623   -128828.6361   -119520.7747       298.6178            303.2805       293.8696    157427.6903       -10.5999       -10.7899

WRITING EXTENDED SYSTEM TO RESTART FILE AT STEP 1470000
WRITING COORDINATES TO DCD FILE ../output/3_CLKWW.1.dcd AT STEP 1470000
WRITING COORDINATES TO RESTART FILE AT STEP 1470000
FINISHED WRITING RESTART COORDINATES
WRITING VELOCITIES TO RESTART FILE AT STEP 1470000
FINISHED WRITING RESTART VELOCITIES
PRESSURE: 1480000 3425.2 -278.314 -305.113 -278.316 -1335.1 95.0812 -305.112 95.0804 434.788
GPRESSURE: 1480000 3493.47 -352.983 -322.441 -175.934 -1368.79 111.208 -310.019 163.118 421.001
PRESSAVG: 1480000 2308.06 -36.4546 -56.8825 -36.4546 -2255.38 44.7863 -56.8825 44.7863 -33.9513
GPRESSAVG: 1480000 2324.5 -32.7194 -71.3985 -0.289125 -2276.19 56.6359 -61.1659 35.5162 -29.5851
TIMING: 1480000  CPU: 1300.53, 0.000880977/step  Wall: 1300.62, 0.000881036/step, 392.265 ns/days, 0.249627 hours remaining, 0.000000 MB of memory in use.
PERFORMANCE: 1480000  averaging 393.27 ns/day, 0.000878786 sec/step with standard deviation 8.44426e-06
ENERGY: 1480000        21.8413        63.5355        45.9384         1.7602         -42613.2275    -86306.6590         0.0000         0.0000      9164.0665        -119622.7447       298.2807   -128786.8112   -119514.8617       298.7116            841.6316       848.5613    156623.7542         6.2428         6.2400

WRITING EXTENDED SYSTEM TO RESTART FILE AT STEP 1480000
WRITING COORDINATES TO DCD FILE ../output/3_CLKWW.1.dcd AT STEP 1480000
WRITING COORDINATES TO RESTART FILE AT STEP 1480000
FINISHED WRITING RESTART COORDINATES
WRITING VELOCITIES TO RESTART FILE AT STEP 1480000
FINISHED WRITING RESTART VELOCITIES
PRESSURE: 1490000 3434.4 -74.4212 93.5272 -74.4186 -1631.29 -165.118 93.526 -165.118 580.729
GPRESSURE: 1490000 3457.98 -121.046 160.636 -61.5731 -1641.8 -17.16 39.7975 -177.039 570.549
PRESSAVG: 1490000 2402.08 -38.8717 -45.1134 -38.8717 -2202.58 24.3223 -45.1134 24.3223 -35.4123
GPRESSAVG: 1490000 2421.69 -38.8989 -58.6745 -6.43265 -2224.09 40.4048 -48.1264 15.7232 -34.2018
TIMING: 1490000  CPU: 1309.36, 0.000882378/step  Wall: 1309.45, 0.000882359/step, 391.677 ns/days, 0.247551 hours remaining, 0.000000 MB of memory in use.
PERFORMANCE: 1490000  averaging 393.259 ns/day, 0.00087881 sec/step with standard deviation 8.42077e-06
ENERGY: 1490000        27.7926        61.2790        46.6106         2.3495         -42753.4682    -86161.0010         0.0000         0.0000      9165.4551        -119610.9823       298.3259   -128776.4374   -119524.9671       298.5942            794.6132       795.5761    157155.3054        54.6980        54.4682

WRITING EXTENDED SYSTEM TO RESTART FILE AT STEP 1490000
WRITING COORDINATES TO DCD FILE ../output/3_CLKWW.1.dcd AT STEP 1490000
WRITING COORDINATES TO RESTART FILE AT STEP 1490000
FINISHED WRITING RESTART COORDINATES
WRITING VELOCITIES TO RESTART FILE AT STEP 1490000
FINISHED WRITING RESTART VELOCITIES
PRESSURE: 1500000 2428.41 119.195 -469.602 119.195 -2196.41 -286.321 -469.603 -286.321 587.633
GPRESSURE: 1500000 2342.05 112.978 -468.986 108.589 -2138.07 -276.784 -453.732 -310.119 594.855
PRESSAVG: 1500000 2401.62 -14.6829 -70.3741 -14.6829 -2216.14 -4.84844 -70.3741 -4.84844 18.7914
GPRESSAVG: 1500000 2413.74 -14.8542 -82.3176 11.0259 -2235.76 15.6394 -73.8566 -16.1963 23.6046
TIMING: 1500000  CPU: 1318.19, 0.000882878/step  Wall: 1318.27, 0.000882869/step, 391.451 ns/days, 0.245241 hours remaining, 0.000000 MB of memory in use.
PERFORMANCE: 1500000  averaging 393.247 ns/day, 0.000878837 sec/step with standard deviation 8.39901e-06
ETITLE:      TS           BOND          ANGLE          DIHED          IMPRP               ELECT            VDW       BOUNDARY           MISC        KINETIC               TOTAL           TEMP      POTENTIAL       TOTALAVG        TEMPAVG            PRESSURE      GPRESSURE         VOLUME       PRESSAVG      GPRESSAVG

ENERGY: 1500000        28.9376        64.4222        49.4029         1.0620         -42471.5028    -86270.2491         0.0000         0.0000      9111.7646        -119486.1626       296.5783   -128597.9272   -119529.2867       298.3177            273.2131       266.2774    158125.2594        68.0905        67.1967

WRITING EXTENDED SYSTEM TO RESTART FILE AT STEP 1500000
WRITING COORDINATES TO DCD FILE ../output/3_CLKWW.1.dcd AT STEP 1500000
WRITING COORDINATES TO RESTART FILE AT STEP 1500000
FINISHED WRITING RESTART COORDINATES
WRITING VELOCITIES TO RESTART FILE AT STEP 1500000
FINISHED WRITING RESTART VELOCITIES
PRESSURE: 1510000 1689.47 169.373 308.023 169.371 -2497.35 134.634 308.023 134.632 -126.035
GPRESSURE: 1510000 1803.41 196.929 320.441 153.763 -2557.34 92.9286 299.805 102.442 -180.176
PRESSAVG: 1510000 2356.48 -8.47069 -48.2798 -8.47069 -2206.41 -16.4196 -48.2798 -16.4196 26.089
GPRESSAVG: 1510000 2376.53 -6.74151 -56.1381 16.6725 -2233.11 0.557978 -46.2144 -27.1914 30.3847
TIMING: 1510000  CPU: 1327.03, 0.000884175/step  Wall: 1327.12, 0.000884204/step, 390.86 ns/days, 0.243156 hours remaining, 0.000000 MB of memory in use.
PERFORMANCE: 1510000  averaging 393.231 ns/day, 0.000878873 sec/step with standard deviation 8.38235e-06
ENERGY: 1510000        22.4541        62.4252        53.4446         1.2049         -42436.1157    -86459.5864         0.0000         0.0000      9052.3198        -119703.8536       294.6434   -128756.1734   -119544.5905       298.1354           -311.3068      -311.3700    157531.8286        58.7202        57.9340

WRITING EXTENDED SYSTEM TO RESTART FILE AT STEP 1510000
WRITING COORDINATES TO DCD FILE ../output/3_CLKWW.1.dcd AT STEP 1510000
WRITING COORDINATES TO RESTART FILE AT STEP 1510000
FINISHED WRITING RESTART COORDINATES
WRITING VELOCITIES TO RESTART FILE AT STEP 1510000
FINISHED WRITING RESTART VELOCITIES
PRESSURE: 1520000 2237.11 -112.493 98.4836 -112.494 -2175.8 324.823 98.484 324.825 718.532
GPRESSURE: 1520000 2270.39 -23.9986 22.268 -262.679 -2218.07 388.4 113.677 360.996 730.64
PRESSAVG: 1520000 2363.4 -18.8238 -15.6611 -18.8238 -2195.95 5.59189 -15.6611 5.59189 51.0082
GPRESSAVG: 1520000 2378.69 -11.7023 -21.8963 -3.05537 -2221.8 20.0702 -17.1544 2.22175 59.2763
TIMING: 1520000  CPU: 1335.9, 0.000887579/step  Wall: 1335.99, 0.000887637/step, 389.348 ns/days, 0.241635 hours remaining, 0.000000 MB of memory in use.
PERFORMANCE: 1520000  averaging 393.205 ns/day, 0.00087893 sec/step with standard deviation 8.38474e-06
ENERGY: 1520000        18.8735        56.9117        53.0131         2.1629         -42563.9544    -86304.4194         0.0000         0.0000      9104.9593        -119632.4533       296.3568   -128737.4126   -119557.8974       297.8492            259.9469       260.9873    157166.4634        72.8174        72.0560

WRITING EXTENDED SYSTEM TO RESTART FILE AT STEP 1520000
WRITING COORDINATES TO DCD FILE ../output/3_CLKWW.1.dcd AT STEP 1520000
WRITING COORDINATES TO RESTART FILE AT STEP 1520000
FINISHED WRITING RESTART COORDINATES
WRITING VELOCITIES TO RESTART FILE AT STEP 1520000
FINISHED WRITING RESTART VELOCITIES
PRESSURE: 1530000 1729.37 -424.031 -141.897 -424.035 -3245.02 518.739 -141.896 518.74 -38.0287
GPRESSURE: 1530000 1766.62 -325.131 -74.1805 -488.903 -3241.31 481.023 -78.7166 644.755 -62.2575
PRESSAVG: 1530000 2344.05 -29.3131 -11.5081 -29.3131 -2241.92 36.4539 -11.5081 36.4539 58.1853
GPRESSAVG: 1530000 2362.72 -20.3795 -14.814 -19.1272 -2269.46 49.7495 -11.7052 41.6565 66.1301
TIMING: 1530000  CPU: 1344.79, 0.000888872/step  Wall: 1344.88, 0.000888862/step, 388.812 ns/days, 0.239499 hours remaining, 0.000000 MB of memory in use.
PERFORMANCE: 1530000  averaging 393.176 ns/day, 0.000878995 sec/step with standard deviation 8.3956e-06
ENERGY: 1530000        21.2274        55.3643        47.0083         0.9215         -42381.5502    -86371.1651         0.0000         0.0000      9177.5376        -119450.6561       298.7191   -128628.1937   -119554.2399       297.8999           -517.8928      -512.3158    157738.5404        53.4371        53.1317

WRITING EXTENDED SYSTEM TO RESTART FILE AT STEP 1530000
WRITING COORDINATES TO DCD FILE ../output/3_CLKWW.1.dcd AT STEP 1530000
WRITING COORDINATES TO RESTART FILE AT STEP 1530000
FINISHED WRITING RESTART COORDINATES
WRITING VELOCITIES TO RESTART FILE AT STEP 1530000
FINISHED WRITING RESTART VELOCITIES
PRESSURE: 1540000 2448.49 145.027 123.078 145.03 -1988.04 73.2133 123.078 73.2133 349.573
GPRESSURE: 1540000 2520.68 179.856 157.081 225.61 -2035.05 125.244 222.124 128.11 314.444
PRESSAVG: 1540000 2328.56 -26.1432 -31.5286 -26.1432 -2253.1 38.1384 -31.5286 38.1384 68.7472
GPRESSAVG: 1540000 2350.27 -21.9325 -26.1827 -8.99386 -2277.7 59.0389 -25.9132 43.1474 70.2106
TIMING: 1540000  CPU: 1353.65, 0.000885977/step  Wall: 1353.74, 0.00088603/step, 390.055 ns/days, 0.236275 hours remaining, 0.000000 MB of memory in use.
PERFORMANCE: 1540000  averaging 393.156 ns/day, 0.000879041 sec/step with standard deviation 8.3873e-06
ENERGY: 1540000        34.3406        54.1849        43.6579         2.3612         -42269.8807    -86462.7178         0.0000         0.0000      9232.2438        -119365.8102       300.4998   -128598.0539   -119548.3871       297.8671            270.0066       266.6918    157724.5350        48.0691        47.5951

WRITING EXTENDED SYSTEM TO RESTART FILE AT STEP 1540000
WRITING COORDINATES TO DCD FILE ../output/3_CLKWW.1.dcd AT STEP 1540000
WRITING COORDINATES TO RESTART FILE AT STEP 1540000
FINISHED WRITING RESTART COORDINATES
WRITING VELOCITIES TO RESTART FILE AT STEP 1540000
FINISHED WRITING RESTART VELOCITIES
PRESSURE: 1550000 1906.02 64.5109 522.174 64.5097 -1968.64 321.364 522.172 321.363 1.71642
GPRESSURE: 1550000 1916.49 207.843 527.042 58.8374 -2047.31 261.744 527.052 419.254 86.3999
PRESSAVG: 1550000 2334.97 -2.95655 8.53003 -2.95655 -2226.99 58.3857 8.53003 58.3857 118.11
GPRESSAVG: 1550000 2360.85 6.87734 12.2668 6.57596 -2255.48 74.2672 15.8688 67.7138 121.805
TIMING: 1550000  CPU: 1362.46, 0.000880475/step  Wall: 1362.55, 0.00088053/step, 392.491 ns/days, 0.232362 hours remaining, 0.000000 MB of memory in use.
PERFORMANCE: 1550000  averaging 393.152 ns/day, 0.00087905 sec/step with standard deviation 8.36088e-06
ENERGY: 1550000        17.8793        54.4553        46.2840         2.4961         -42471.6533    -86415.8993         0.0000         0.0000      9203.8096        -119562.6284       299.5742   -128766.4379   -119544.9972       298.0804            -20.3007       -14.8050    157507.1253        75.3632        75.7250

WRITING EXTENDED SYSTEM TO RESTART FILE AT STEP 1550000
WRITING COORDINATES TO DCD FILE ../output/3_CLKWW.1.dcd AT STEP 1550000
WRITING COORDINATES TO RESTART FILE AT STEP 1550000
FINISHED WRITING RESTART COORDINATES
WRITING VELOCITIES TO RESTART FILE AT STEP 1550000
FINISHED WRITING RESTART VELOCITIES
PRESSURE: 1560000 2056.75 -228.862 -18.9459 -228.859 -2395.03 -45.4367 -18.9475 -45.4351 613.074
GPRESSURE: 1560000 2059.71 -230.345 -81.5938 -272.476 -2284.43 -135.048 -5.91347 53.086 506.104
PRESSAVG: 1560000 2345.3 -8.30992 14.9229 -8.30992 -2199.51 68.2044 14.9229 68.2044 162.544
GPRESSAVG: 1560000 2371.04 0.518791 14.8363 -1.38272 -2221.12 80.772 24.3829 88.5723 160.207
TIMING: 1560000  CPU: 1371.27, 0.000881479/step  Wall: 1371.36, 0.000881464/step, 392.075 ns/days, 0.23016 hours remaining, 0.000000 MB of memory in use.
PERFORMANCE: 1560000  averaging 393.145 ns/day, 0.000879066 sec/step with standard deviation 8.3361e-06
ENERGY: 1560000        26.5825        70.7343        46.7682         1.0064         -42255.6464    -86356.4091         0.0000         0.0000      9149.5350        -119317.4291       297.8077   -128466.9641   -119543.7384       298.0745             91.5974        93.7965    157954.5239       102.7763       103.3744

WRITING EXTENDED SYSTEM TO RESTART FILE AT STEP 1560000
WRITING COORDINATES TO DCD FILE ../output/3_CLKWW.1.dcd AT STEP 1560000
WRITING COORDINATES TO RESTART FILE AT STEP 1560000
FINISHED WRITING RESTART COORDINATES
WRITING VELOCITIES TO RESTART FILE AT STEP 1560000
FINISHED WRITING RESTART VELOCITIES
PRESSURE: 1570000 2067.43 60.4188 332.893 60.4179 -2355.46 333.95 332.894 333.951 -514.386
GPRESSURE: 1570000 2164.73 44.0157 286.339 164.044 -2460.72 466.023 319.755 361.085 -482.962
PRESSAVG: 1570000 2335.35 -16.8467 22.7463 -16.8467 -2187.47 88.5441 22.7463 88.5441 135.38
GPRESSAVG: 1570000 2367.79 -12.0587 26.5448 -2.76003 -2213.6 107.717 30.4909 112.305 132.06
TIMING: 1570000  CPU: 1380.08, 0.000880375/step  Wall: 1380.17, 0.000880422/step, 392.539 ns/days, 0.227442 hours remaining, 0.000000 MB of memory in use.
PERFORMANCE: 1570000  averaging 393.141 ns/day, 0.000879075 sec/step with standard deviation 8.31005e-06
ENERGY: 1570000        26.2734        57.9393        46.0480         3.1806         -42250.8125    -86429.6596         0.0000         0.0000      9190.1175        -119356.9133       299.1286   -128547.0308   -119524.8793       298.1426           -267.4725      -259.6500    157847.8602        94.4211        95.4178

WRITING EXTENDED SYSTEM TO RESTART FILE AT STEP 1570000
WRITING COORDINATES TO DCD FILE ../output/3_CLKWW.1.dcd AT STEP 1570000
WRITING COORDINATES TO RESTART FILE AT STEP 1570000
FINISHED WRITING RESTART COORDINATES
WRITING VELOCITIES TO RESTART FILE AT STEP 1570000
FINISHED WRITING RESTART VELOCITIES
PRESSURE: 1580000 2218.31 -79.615 29.2945 -79.6135 -2145.43 106.012 29.2941 106.011 180.835
GPRESSURE: 1580000 2195.25 -106.693 -24.2571 -58.0425 -2126.19 100.362 125.806 107.389 180.775
PRESSAVG: 1580000 2326.14 -17.3701 49.6176 -17.3701 -2171.24 90.5298 49.6176 90.5298 108.371
GPRESSAVG: 1580000 2355.02 -13.258 51.6458 -7.33514 -2194.46 102.116 63.1969 109.21 104.144
TIMING: 1580000  CPU: 1388.86, 0.00087868/step  Wall: 1388.95, 0.000878714/step, 393.302 ns/days, 0.22456 hours remaining, 0.000000 MB of memory in use.
PERFORMANCE: 1580000  averaging 393.142 ns/day, 0.000879072 sec/step with standard deviation 8.28359e-06
ENERGY: 1580000        21.6494        64.5306        48.6340         2.7929         -42685.3521    -86173.2150         0.0000         0.0000      9135.4547        -119585.5055       297.3494   -128720.9602   -119532.1783       298.1123             84.5746        83.2785    157694.0768        87.7574        88.2335

WRITING EXTENDED SYSTEM TO RESTART FILE AT STEP 1580000
WRITING COORDINATES TO DCD FILE ../output/3_CLKWW.1.dcd AT STEP 1580000
WRITING COORDINATES TO RESTART FILE AT STEP 1580000
FINISHED WRITING RESTART COORDINATES
WRITING VELOCITIES TO RESTART FILE AT STEP 1580000
FINISHED WRITING RESTART VELOCITIES
PRESSURE: 1590000 1925.82 124.85 293.723 124.849 -2795.53 245.439 293.722 245.439 87.5187
GPRESSURE: 1590000 1963.2 144.783 340.518 81.3154 -2714.75 135.02 225.232 355.474 -26.3463
PRESSAVG: 1590000 2308.59 -1.86401 55.7158 -1.86401 -2217.5 105.415 55.7158 105.415 144.768
GPRESSAVG: 1590000 2337.93 6.19395 62.7257 4.94742 -2232.24 109.727 67.552 132.293 131.506
TIMING: 1590000  CPU: 1397.69, 0.000882569/step  Wall: 1397.78, 0.000882532/step, 391.6 ns/days, 0.223085 hours remaining, 0.000000 MB of memory in use.
PERFORMANCE: 1590000  averaging 393.132 ns/day, 0.000879094 sec/step with standard deviation 8.26189e-06
ENERGY: 1590000        21.9091        52.8599        47.0037         2.5950         -42412.4208    -86422.1065         0.0000         0.0000      9158.5884        -119551.5711       298.1023   -128710.1595   -119528.1618       298.1751           -260.7322      -259.2976    157091.3234        78.6216        79.0639

WRITING EXTENDED SYSTEM TO RESTART FILE AT STEP 1590000
WRITING COORDINATES TO DCD FILE ../output/3_CLKWW.1.dcd AT STEP 1590000
WRITING COORDINATES TO RESTART FILE AT STEP 1590000
FINISHED WRITING RESTART COORDINATES
WRITING VELOCITIES TO RESTART FILE AT STEP 1590000
FINISHED WRITING RESTART VELOCITIES
PRESSURE: 1600000 2343.6 284.584 47.1973 284.585 -2581.75 137.488 47.1988 137.486 355.013
GPRESSURE: 1600000 2359.25 318.193 118.86 251.299 -2592.16 134.432 -51.2953 86.4989 353.486
PRESSAVG: 1600000 2299.58 15.3016 51.7631 15.3016 -2230.23 96.9093 51.7631 96.9093 207.074
GPRESSAVG: 1600000 2330.36 24.4493 61.5026 19.1117 -2242.51 103.502 54.4351 117.575 189.531
TIMING: 1600000  CPU: 1406.48, 0.000879177/step  Wall: 1406.57, 0.000879269/step, 393.054 ns/days, 0.219817 hours remaining, 0.000000 MB of memory in use.
PERFORMANCE: 1600000  averaging 393.132 ns/day, 0.000879095 sec/step with standard deviation 8.23588e-06
ETITLE:      TS           BOND          ANGLE          DIHED          IMPRP               ELECT            VDW       BOUNDARY           MISC        KINETIC               TOTAL           TEMP      POTENTIAL       TOTALAVG        TEMPAVG            PRESSURE      GPRESSURE         VOLUME       PRESSAVG      GPRESSAVG

ENERGY: 1600000        20.9578        59.7419        53.0033         3.0995         -42349.1748    -86378.3398         0.0000         0.0000      9131.3971        -119459.3150       297.2173   -128590.7120   -119537.0843       297.9405             38.9563        40.1922    157145.1583        92.1426        92.4619

WRITING EXTENDED SYSTEM TO RESTART FILE AT STEP 1600000
WRITING COORDINATES TO DCD FILE ../output/3_CLKWW.1.dcd AT STEP 1600000
WRITING COORDINATES TO RESTART FILE AT STEP 1600000
FINISHED WRITING RESTART COORDINATES
WRITING VELOCITIES TO RESTART FILE AT STEP 1600000
FINISHED WRITING RESTART VELOCITIES
PRESSURE: 1610000 2111.55 -133.911 -18.6733 -133.91 -2116.81 87.624 -18.6746 87.6235 283.64
GPRESSURE: 1610000 2043.34 -71.2751 8.36662 -142.573 -2080.04 180.84 -41.124 -1.80195 327.339
PRESSAVG: 1610000 2322.88 -5.26068 44.6525 -5.26068 -2184.24 105.762 44.6525 105.762 221.977
GPRESSAVG: 1610000 2346.9 8.82265 58.8693 -4.54261 -2192.87 120.928 46.8581 121.732 207.74
TIMING: 1610000  CPU: 1415.26, 0.000877778/step  Wall: 1415.35, 0.000877728/step, 393.744 ns/days, 0.216994 hours remaining, 0.000000 MB of memory in use.
PERFORMANCE: 1610000  averaging 393.135 ns/day, 0.000879087 sec/step with standard deviation 8.21081e-06
ENERGY: 1610000        18.1542        61.0143        55.6874         2.6005         -42592.1497    -86251.9344         0.0000         0.0000      9152.1804        -119554.4473       297.8938   -128706.6277   -119529.9895       298.0724             92.7928        96.8771    157125.3466       120.2081       120.5903

WRITING EXTENDED SYSTEM TO RESTART FILE AT STEP 1610000
WRITING COORDINATES TO DCD FILE ../output/3_CLKWW.1.dcd AT STEP 1610000
WRITING COORDINATES TO RESTART FILE AT STEP 1610000
FINISHED WRITING RESTART COORDINATES
WRITING VELOCITIES TO RESTART FILE AT STEP 1610000
FINISHED WRITING RESTART VELOCITIES
PRESSURE: 1620000 2451.06 65.4003 -291.202 65.4002 -2567.55 -270.732 -291.201 -270.73 -770.685
GPRESSURE: 1620000 2417.75 50.7011 -270.496 69.2024 -2540.17 -309.463 -148.046 -56.1917 -744.339
PRESSAVG: 1620000 2334.18 -5.44513 11.2558 -5.44513 -2191.88 85.1202 11.2558 85.1202 177.503
GPRESSAVG: 1620000 2354.9 9.9942 23.8945 -7.81636 -2198.98 93.4732 22.6663 114.534 166.536
TIMING: 1620000  CPU: 1424.05, 0.000879672/step  Wall: 1424.15, 0.000879782/step, 392.825 ns/days, 0.215058 hours remaining, 0.000000 MB of memory in use.
PERFORMANCE: 1620000  averaging 393.133 ns/day, 0.000879091 sec/step with standard deviation 8.18545e-06
ENERGY: 1620000        26.6455        68.9335        52.3844         1.9169         -42542.4658    -86383.0151         0.0000         0.0000      9198.8472        -119576.7535       299.4127   -128775.6007   -119529.2393       298.1319           -295.7251      -288.9195    157140.6990       106.6002       107.4843

WRITING EXTENDED SYSTEM TO RESTART FILE AT STEP 1620000
WRITING COORDINATES TO DCD FILE ../output/3_CLKWW.1.dcd AT STEP 1620000
WRITING COORDINATES TO RESTART FILE AT STEP 1620000
FINISHED WRITING RESTART COORDINATES
WRITING VELOCITIES TO RESTART FILE AT STEP 1620000
FINISHED WRITING RESTART VELOCITIES
PRESSURE: 1630000 2607.31 -175.627 -155.059 -175.625 -2235.2 -3.95814 -155.06 -3.95775 266.831
GPRESSURE: 1630000 2656.81 -108.912 -131.845 -183.857 -2267.02 33.2053 -102.968 -199.366 266.663
PRESSAVG: 1630000 2355.04 -3.94819 13.7236 -3.94819 -2196.82 77.1491 13.7236 77.1491 182.703
GPRESSAVG: 1630000 2378.98 16.6764 20.9727 -5.1609 -2206.64 85.4571 28.2548 100.294 173.044
TIMING: 1630000  CPU: 1432.85, 0.000879581/step  Wall: 1432.94, 0.000879519/step, 392.942 ns/days, 0.21255 hours remaining, 0.000000 MB of memory in use.
PERFORMANCE: 1630000  averaging 393.132 ns/day, 0.000879094 sec/step with standard deviation 8.16022e-06
ENERGY: 1630000        23.1414        52.2778        53.8913         1.2828         -42487.3872    -86331.5810         0.0000         0.0000      9225.0670        -119463.3080       300.2662   -128688.3749   -119531.5014       298.1767            212.9794       218.8179    157970.8299       113.6429       115.1274

WRITING EXTENDED SYSTEM TO RESTART FILE AT STEP 1630000
WRITING COORDINATES TO DCD FILE ../output/3_CLKWW.1.dcd AT STEP 1630000
WRITING COORDINATES TO RESTART FILE AT STEP 1630000
FINISHED WRITING RESTART COORDINATES
WRITING VELOCITIES TO RESTART FILE AT STEP 1630000
FINISHED WRITING RESTART VELOCITIES
PRESSURE: 1640000 1894.56 91.8276 181.571 91.8285 -2242 -157.835 181.571 -157.835 -401.851
GPRESSURE: 1640000 1825.09 65.0237 202.85 256.414 -2185.25 -168.99 174.36 -133.361 -384.724
PRESSAVG: 1640000 2344.19 -3.56504 24.8237 -3.56504 -2188.2 56.2568 24.8237 56.2568 195.24
GPRESSAVG: 1640000 2359.6 21.8532 30.9081 -0.434877 -2193.59 58.6736 35.5775 84.4948 189.473
TIMING: 1640000  CPU: 1441.63, 0.000878379/step  Wall: 1441.73, 0.000878451/step, 393.42 ns/days, 0.209852 hours remaining, 0.000000 MB of memory in use.
PERFORMANCE: 1640000  averaging 393.134 ns/day, 0.00087909 sec/step with standard deviation 8.13531e-06
ENERGY: 1640000        21.3776        70.7975        51.3593         0.7409         -42392.6941    -86361.2035         0.0000         0.0000      9227.9344        -119381.6879       300.3595   -128609.6223   -119529.4819       298.2607           -249.7638      -248.2944    158055.7525       117.0779       118.4969

WRITING EXTENDED SYSTEM TO RESTART FILE AT STEP 1640000
WRITING COORDINATES TO DCD FILE ../output/3_CLKWW.1.dcd AT STEP 1640000
WRITING COORDINATES TO RESTART FILE AT STEP 1640000
FINISHED WRITING RESTART COORDINATES
WRITING VELOCITIES TO RESTART FILE AT STEP 1640000
FINISHED WRITING RESTART VELOCITIES
PRESSURE: 1650000 2721.72 -35.7767 -97.4854 -35.7764 -1590.44 -23.4424 -97.4873 -23.4459 440.546
GPRESSURE: 1650000 2748.21 -176.729 -121.179 32.5847 -1572.86 23.7985 -31.4453 -12.5069 417.794
PRESSAVG: 1650000 2301.99 -21.7707 5.49913 -21.7707 -2204.41 55.0713 5.49913 55.0713 186.739
GPRESSAVG: 1650000 2319.95 0.96238 9.00689 -17.0714 -2208.4 65.9599 20.063 78.9927 177.754
TIMING: 1650000  CPU: 1450.39, 0.000875477/step  Wall: 1450.48, 0.000875439/step, 394.773 ns/days, 0.206701 hours remaining, 0.000000 MB of memory in use.
PERFORMANCE: 1650000  averaging 393.144 ns/day, 0.000879067 sec/step with standard deviation 8.11544e-06
ENERGY: 1650000        28.3615        63.2930        50.2384         2.0755         -42426.4378    -86384.1725         0.0000         0.0000      9035.3429        -119631.2989       294.0908   -128666.6419   -119536.2740       298.0301            523.9422       531.0475    157556.7023        94.7707        96.4347

WRITING EXTENDED SYSTEM TO RESTART FILE AT STEP 1650000
WRITING COORDINATES TO DCD FILE ../output/3_CLKWW.1.dcd AT STEP 1650000
WRITING COORDINATES TO RESTART FILE AT STEP 1650000
FINISHED WRITING RESTART COORDINATES
WRITING VELOCITIES TO RESTART FILE AT STEP 1650000
FINISHED WRITING RESTART VELOCITIES
PRESSURE: 1660000 2394.97 -233.788 -290.612 -233.79 -1856.33 -250.054 -290.613 -250.053 181.188
GPRESSURE: 1660000 2412.21 -290.148 -320.433 -156.889 -1788.6 -165.013 -359.299 -334.685 103.657
PRESSAVG: 1660000 2324.11 -33.4701 3.97333 -33.4701 -2181.09 55.7461 3.97333 55.7461 172.628
GPRESSAVG: 1660000 2340.38 -17.2375 8.1903 -21.0638 -2180.19 73.6655 14.3188 75.3401 161.37
TIMING: 1660000  CPU: 1459.17, 0.000877679/step  Wall: 1459.26, 0.000877768/step, 393.726 ns/days, 0.204812 hours remaining, 0.000000 MB of memory in use.
PERFORMANCE: 1660000  averaging 393.147 ns/day, 0.00087906 sec/step with standard deviation 8.09144e-06
ENERGY: 1660000        28.3119        65.5149        41.4154         1.8417         -42424.0611    -86371.5630         0.0000         0.0000      9074.7128        -119583.8275       295.3723   -128658.5403   -119527.9705       297.9170            239.9437       242.4218    156685.3610       105.2142       107.1871

WRITING EXTENDED SYSTEM TO RESTART FILE AT STEP 1660000
WRITING COORDINATES TO DCD FILE ../output/3_CLKWW.1.dcd AT STEP 1660000
WRITING COORDINATES TO RESTART FILE AT STEP 1660000
FINISHED WRITING RESTART COORDINATES
WRITING VELOCITIES TO RESTART FILE AT STEP 1660000
FINISHED WRITING RESTART VELOCITIES
PRESSURE: 1670000 1787.92 -328.745 -347.738 -328.746 -2232.26 -383.002 -347.735 -383 -736.705
GPRESSURE: 1670000 1843.34 -249.297 -388.517 -269.619 -2202.72 -303.483 -321.066 -383.688 -834.723
PRESSAVG: 1670000 2293.97 -49.0198 -5.31826 -49.0198 -2207.57 39.6234 -5.31826 39.6234 124.696
GPRESSAVG: 1670000 2313 -36.8118 -2.97633 -33.5442 -2203.13 57.9145 7.19922 58.6725 107.909
TIMING: 1670000  CPU: 1467.94, 0.000877376/step  Wall: 1468.03, 0.000877408/step, 393.887 ns/days, 0.202291 hours remaining, 0.000000 MB of memory in use.
PERFORMANCE: 1670000  averaging 393.152 ns/day, 0.00087905 sec/step with standard deviation 8.06804e-06
ENERGY: 1670000        25.4842        59.7331        43.4175         1.2702         -42450.0694    -86382.6967         0.0000         0.0000      9200.6145        -119502.2465       299.4703   -128702.8610   -119519.9797       297.9724           -393.6815      -398.0327    157915.2929        70.3661        72.5920

WRITING EXTENDED SYSTEM TO RESTART FILE AT STEP 1670000
WRITING COORDINATES TO DCD FILE ../output/3_CLKWW.1.dcd AT STEP 1670000
WRITING COORDINATES TO RESTART FILE AT STEP 1670000
FINISHED WRITING RESTART COORDINATES
WRITING VELOCITIES TO RESTART FILE AT STEP 1670000
FINISHED WRITING RESTART VELOCITIES
PRESSURE: 1680000 2839.45 -111.008 -254.79 -111.007 -2068.04 -378.655 -254.79 -378.655 651.621
GPRESSURE: 1680000 2821.63 -27.1008 -243.57 -166.679 -2022.9 -535.697 -306.67 -243.772 635.971
PRESSAVG: 1680000 2264.69 -40.6544 -2.80217 -40.6544 -2244.22 15.9366 -2.80217 15.9366 135.538
GPRESSAVG: 1680000 2279.41 -20.5177 0.9672 -33.0815 -2235.84 25.5692 7.36666 38.328 118.657
TIMING: 1680000  CPU: 1476.69, 0.00087498/step  Wall: 1476.78, 0.000874951/step, 394.994 ns/days, 0.199294 hours remaining, 0.000000 MB of memory in use.
PERFORMANCE: 1680000  averaging 393.163 ns/day, 0.000879025 sec/step with standard deviation 8.05007e-06
ENERGY: 1680000        16.6487        64.9550        49.3032         1.4824         -42634.4295    -86227.3283         0.0000         0.0000      9034.7841        -119694.5843       294.0726   -128729.3685   -119523.5717       297.7620            474.3417       478.2335    157442.7120        52.0016        54.0756

WRITING EXTENDED SYSTEM TO RESTART FILE AT STEP 1680000
WRITING COORDINATES TO DCD FILE ../output/3_CLKWW.1.dcd AT STEP 1680000
WRITING COORDINATES TO RESTART FILE AT STEP 1680000
FINISHED WRITING RESTART COORDINATES
WRITING VELOCITIES TO RESTART FILE AT STEP 1680000
FINISHED WRITING RESTART VELOCITIES
PRESSURE: 1690000 2504.83 459.663 35.2285 459.662 -2883.35 685.512 35.2288 685.512 357.817
GPRESSURE: 1690000 2562.32 619.862 35.7514 398.439 -2849.87 712.275 -31.0037 689.206 269.95
PRESSAVG: 1690000 2218.21 -13.9503 -5.71703 -13.9503 -2306.82 58.4682 -5.71703 58.4682 124.392
GPRESSAVG: 1690000 2234.62 16.5277 -5.27703 -10.0809 -2296.24 62.0409 3.8266 81.6402 103.628
TIMING: 1690000  CPU: 1485.43, 0.000874175/step  Wall: 1485.52, 0.000874196/step, 395.335 ns/days, 0.196694 hours remaining, 0.000000 MB of memory in use.
PERFORMANCE: 1690000  averaging 393.175 ns/day, 0.000878997 sec/step with standard deviation 8.03466e-06
ENERGY: 1690000        26.3649        68.4682        45.1216         1.5473         -42385.0812    -86405.0207         0.0000         0.0000      9237.8572        -119410.7427       300.6825   -128648.5999   -119513.5597       297.8799             -6.9008        -5.8691    158112.5836        11.9259        14.0034

WRITING EXTENDED SYSTEM TO RESTART FILE AT STEP 1690000
WRITING COORDINATES TO DCD FILE ../output/3_CLKWW.1.dcd AT STEP 1690000
WRITING COORDINATES TO RESTART FILE AT STEP 1690000
FINISHED WRITING RESTART COORDINATES
WRITING VELOCITIES TO RESTART FILE AT STEP 1690000
FINISHED WRITING RESTART VELOCITIES
PRESSURE: 1700000 1775.86 -174.067 -96.7927 -174.067 -2870.68 -120.799 -96.7939 -120.797 -47.8543
GPRESSURE: 1700000 1765.82 -171.776 -258.551 -105.77 -2906.77 -168.079 111.355 -197.782 -19.7716
PRESSAVG: 1700000 2185.58 -28.6135 12.9234 -28.6135 -2340.54 66.7444 12.9234 66.7444 92.618
GPRESSAVG: 1700000 2205.81 2.29004 5.24472 -20.7988 -2334.68 67.4762 32.0809 87.257 72.8962
TIMING: 1700000  CPU: 1494.16, 0.000873328/step  Wall: 1494.26, 0.000873806/step, 395.511 ns/days, 0.194179 hours remaining, 0.000000 MB of memory in use.
PERFORMANCE: 1700000  averaging 393.189 ns/day, 0.000878966 sec/step with standard deviation 8.02074e-06
ETITLE:      TS           BOND          ANGLE          DIHED          IMPRP               ELECT            VDW       BOUNDARY           MISC        KINETIC               TOTAL           TEMP      POTENTIAL       TOTALAVG        TEMPAVG            PRESSURE      GPRESSURE         VOLUME       PRESSAVG      GPRESSAVG

ENERGY: 1700000        24.6944        60.3134        48.6702         2.5255         -42465.1466    -86393.6288         0.0000         0.0000      9117.0282        -119605.5437       296.7496   -128722.5719   -119519.5288       297.8884           -380.8907      -386.9074    157799.9307       -20.7793       -18.6559

WRITING EXTENDED SYSTEM TO RESTART FILE AT STEP 1700000
WRITING COORDINATES TO DCD FILE ../output/3_CLKWW.1.dcd AT STEP 1700000
WRITING COORDINATES TO RESTART FILE AT STEP 1700000
FINISHED WRITING RESTART COORDINATES
WRITING VELOCITIES TO RESTART FILE AT STEP 1700000
FINISHED WRITING RESTART VELOCITIES
PRESSURE: 1710000 1898 -263.978 65.9674 -263.977 -2741.97 296.796 65.9686 296.795 -227.908
GPRESSURE: 1710000 1880.74 -190.831 -45.3613 -250.877 -2715.23 216.893 79.2422 252.542 -247.293
PRESSAVG: 1710000 2196.01 -50.2808 0.820702 -50.2808 -2352.77 74.8525 0.820702 74.8525 87.5244
GPRESSAVG: 1710000 2209.68 -17.098 -13.0454 -41.0308 -2342.57 73.6744 21.0528 94.762 69.5403
TIMING: 1710000  CPU: 1502.92, 0.000875842/step  Wall: 1503.02, 0.00087599/step, 394.525 ns/days, 0.192231 hours remaining, 0.000000 MB of memory in use.
PERFORMANCE: 1710000  averaging 393.197 ns/day, 0.000878949 sec/step with standard deviation 8.00035e-06
ENERGY: 1710000        28.5808        62.0602        47.6410         2.1586         -42545.2599    -86341.3433         0.0000         0.0000      9087.2800        -119658.8826       295.7813   -128746.1625   -119517.2802       297.9453           -357.2912      -360.5961    157083.5218       -23.0785       -21.1172

WRITING EXTENDED SYSTEM TO RESTART FILE AT STEP 1710000
WRITING COORDINATES TO DCD FILE ../output/3_CLKWW.1.dcd AT STEP 1710000
WRITING COORDINATES TO RESTART FILE AT STEP 1710000
FINISHED WRITING RESTART COORDINATES
WRITING VELOCITIES TO RESTART FILE AT STEP 1710000
FINISHED WRITING RESTART VELOCITIES
PRESSURE: 1720000 2158.51 101.813 -345.417 101.812 -2200.55 -74.407 -345.415 -74.4073 548.287
GPRESSURE: 1720000 2140.8 189.872 -392.495 32.7262 -2219.68 -172.071 -376.351 -3.62228 570.57
PRESSAVG: 1720000 2192.08 -39.5656 -21.3742 -39.5656 -2354 54.8909 -21.3742 54.8909 79.0121
GPRESSAVG: 1720000 2203.2 -6.40446 -33.7835 -26.2606 -2342.65 45.6508 -3.44862 76.5311 61.5369
TIMING: 1720000  CPU: 1511.68, 0.000875679/step  Wall: 1511.78, 0.000875745/step, 394.636 ns/days, 0.189745 hours remaining, 0.000000 MB of memory in use.
PERFORMANCE: 1720000  averaging 393.205 ns/day, 0.00087893 sec/step with standard deviation 7.98067e-06
ENERGY: 1720000        13.2041        62.0412        51.5431         3.1347         -42500.2473    -86235.8309         0.0000         0.0000      9037.7050        -119568.4501       294.1677   -128606.1551   -119514.0801       297.8359            168.7490       163.8953    157272.9031       -27.6384       -25.9718

WRITING EXTENDED SYSTEM TO RESTART FILE AT STEP 1720000
WRITING COORDINATES TO DCD FILE ../output/3_CLKWW.1.dcd AT STEP 1720000
WRITING COORDINATES TO RESTART FILE AT STEP 1720000
FINISHED WRITING RESTART COORDINATES
WRITING VELOCITIES TO RESTART FILE AT STEP 1720000
FINISHED WRITING RESTART VELOCITIES
PRESSURE: 1730000 2485 29.5758 -205.458 29.5773 -1672.38 -255.737 -205.456 -255.737 149.979
GPRESSURE: 1730000 2444.56 -18.6657 -238.408 181.374 -1648.62 -257.485 -166.652 -254.001 178.207
PRESSAVG: 1730000 2229.86 -16.885 -24.5522 -16.885 -2275.37 16.1671 -24.5522 16.1671 88.4125
GPRESSAVG: 1730000 2237.1 8.91881 -41.9949 7.25328 -2263.02 8.72541 -7.84539 31.5933 73.5601
TIMING: 1730000  CPU: 1520.43, 0.000875381/step  Wall: 1520.53, 0.000875403/step, 394.789 ns/days, 0.187239 hours remaining, 0.000000 MB of memory in use.
PERFORMANCE: 1730000  averaging 393.214 ns/day, 0.00087891 sec/step with standard deviation 7.96195e-06
ENERGY: 1730000        24.1991        68.4656        43.9077         1.6678         -42595.1013    -86136.1475         0.0000         0.0000      9225.8499        -119367.1588       300.2916   -128593.0086   -119509.9052       297.9145            320.8650       324.7148    156831.6314        14.2995        15.8798

WRITING EXTENDED SYSTEM TO RESTART FILE AT STEP 1730000
WRITING COORDINATES TO DCD FILE ../output/3_CLKWW.1.dcd AT STEP 1730000
WRITING COORDINATES TO RESTART FILE AT STEP 1730000
FINISHED WRITING RESTART COORDINATES
WRITING VELOCITIES TO RESTART FILE AT STEP 1730000
FINISHED WRITING RESTART VELOCITIES
PRESSURE: 1740000 2141.71 -329.987 -265.543 -329.988 -2323.6 192.204 -265.544 192.201 131.398
GPRESSURE: 1740000 2085.4 -396.098 -258.836 -225.529 -2230.91 90.3494 -234.883 265.505 107.679
PRESSAVG: 1740000 2214.52 -40.6359 -43.9833 -40.6359 -2292.15 22.1165 -43.9833 22.1165 77.5037
GPRESSAVG: 1740000 2215.33 -19.8789 -62.7908 -15.3037 -2272.81 6.98068 -30.6957 38.463 63.2218
TIMING: 1740000  CPU: 1529.2, 0.000877079/step  Wall: 1529.3, 0.000877079/step, 394.035 ns/days, 0.185161 hours remaining, 0.000000 MB of memory in use.
PERFORMANCE: 1740000  averaging 393.219 ns/day, 0.000878899 sec/step with standard deviation 7.94012e-06
ENERGY: 1740000        24.1907        60.0416        46.8227         0.8119         -42524.1933    -86399.5221         0.0000         0.0000      9088.6367        -119703.2118       295.8255   -128791.8484   -119526.7753       297.6808            -16.8289       -12.6115    156304.8426        -0.0423         1.9146

WRITING EXTENDED SYSTEM TO RESTART FILE AT STEP 1740000
WRITING COORDINATES TO DCD FILE ../output/3_CLKWW.1.dcd AT STEP 1740000
WRITING COORDINATES TO RESTART FILE AT STEP 1740000
FINISHED WRITING RESTART COORDINATES
WRITING VELOCITIES TO RESTART FILE AT STEP 1740000
FINISHED WRITING RESTART VELOCITIES
PRESSURE: 1750000 2549.03 292.734 508.694 292.734 -1640.13 207.881 508.694 207.883 214.232
GPRESSURE: 1750000 2557.62 304.927 412.731 399.097 -1651.99 110.695 602.194 257.563 209.04
PRESSAVG: 1750000 2246.67 -29.2247 -44.6573 -29.2247 -2275.72 16.4424 -44.6573 16.4424 88.1295
GPRESSAVG: 1750000 2247.39 -15.0247 -68.5063 1.70932 -2253.04 -0.571799 -26.9386 30.3785 69.3538
TIMING: 1750000  CPU: 1537.97, 0.000876779/step  Wall: 1538.07, 0.000876782/step, 394.169 ns/days, 0.182663 hours remaining, 0.000000 MB of memory in use.
PERFORMANCE: 1750000  averaging 393.225 ns/day, 0.000878887 sec/step with standard deviation 7.91889e-06
ENERGY: 1750000        24.2933        55.4349        47.3923         2.4069         -42661.9946    -86135.3309         0.0000         0.0000      9122.4113        -119545.3869       296.9248   -128667.7982   -119525.9132       297.5483            374.3785       371.5576    158038.9979        19.6917        21.2327

WRITING EXTENDED SYSTEM TO RESTART FILE AT STEP 1750000
WRITING COORDINATES TO DCD FILE ../output/3_CLKWW.1.dcd AT STEP 1750000
WRITING COORDINATES TO RESTART FILE AT STEP 1750000
FINISHED WRITING RESTART COORDINATES
WRITING VELOCITIES TO RESTART FILE AT STEP 1750000
FINISHED WRITING RESTART VELOCITIES
PRESSURE: 1760000 2461 51.2044 -126.323 51.2026 -1963.03 -77.8114 -126.324 -77.8136 384.469
GPRESSURE: 1760000 2385.73 35.7069 -224.261 -38.8011 -1958.83 -166.665 -42.5862 -133.371 436.205
PRESSAVG: 1760000 2266.88 -15.2216 -50.0261 -15.2216 -2254.12 14.8235 -50.0261 14.8235 76.6993
GPRESSAVG: 1760000 2263.69 -1.72212 -75.6396 13.393 -2236.76 -2.15267 -28.7723 21.0557 65.8589
TIMING: 1760000  CPU: 1546.73, 0.000875478/step  Wall: 1546.83, 0.000875488/step, 394.751 ns/days, 0.179961 hours remaining, 0.000000 MB of memory in use.
PERFORMANCE: 1760000  averaging 393.233 ns/day, 0.000878868 sec/step with standard deviation 7.90039e-06
ENERGY: 1760000        17.7317        56.3590        42.8842         1.4285         -42725.6609    -86105.7665         0.0000         0.0000      9074.7981        -119638.2258       295.3751   -128713.0239   -119541.9531       297.4267            294.1442       287.7036    156586.1956        29.8190        30.9281

WRITING EXTENDED SYSTEM TO RESTART FILE AT STEP 1760000
WRITING COORDINATES TO DCD FILE ../output/3_CLKWW.1.dcd AT STEP 1760000
WRITING COORDINATES TO RESTART FILE AT STEP 1760000
FINISHED WRITING RESTART COORDINATES
WRITING VELOCITIES TO RESTART FILE AT STEP 1760000
FINISHED WRITING RESTART VELOCITIES
PRESSURE: 1770000 2315.33 -147.04 -99.461 -147.039 -2383.1 -176.437 -99.4601 -176.437 508.37
GPRESSURE: 1770000 2381.61 -46.1235 -206.267 -129.941 -2359.36 -126.374 117.118 -133.196 411.274
PRESSAVG: 1770000 2279.28 -25.5944 -71.6438 -25.5944 -2255.51 -10.6959 -71.6438 -10.6959 127.837
GPRESSAVG: 1770000 2274.53 -6.22908 -100.27 -1.30621 -2231.7 -31.7725 -38.9041 -3.65836 110.571
TIMING: 1770000  CPU: 1555.5, 0.000877758/step  Wall: 1555.61, 0.000877922/step, 393.657 ns/days, 0.178023 hours remaining, 0.000000 MB of memory in use.
PERFORMANCE: 1770000  averaging 393.236 ns/day, 0.000878863 sec/step with standard deviation 7.87823e-06
ENERGY: 1770000        29.3616        59.9592        44.7376         4.0080         -42289.0161    -86249.2016         0.0000         0.0000      9115.7214        -119284.4298       296.7071   -128400.1513   -119538.3289       297.3056            146.8654       144.5079    156712.4062        50.5359        51.1360

WRITING EXTENDED SYSTEM TO RESTART FILE AT STEP 1770000
WRITING COORDINATES TO DCD FILE ../output/3_CLKWW.1.dcd AT STEP 1770000
WRITING COORDINATES TO RESTART FILE AT STEP 1770000
FINISHED WRITING RESTART COORDINATES
WRITING VELOCITIES TO RESTART FILE AT STEP 1770000
FINISHED WRITING RESTART VELOCITIES
PRESSURE: 1780000 1482.06 216.605 -213.554 216.607 -2686.58 -107.202 -213.555 -107.203 -142.646
GPRESSURE: 1780000 1461.52 389.91 -150.312 45.9648 -2620.17 -216.61 -292.077 -133.206 -194.343
PRESSAVG: 1780000 2242.46 -10.7834 -83.7862 -10.7834 -2282.56 -21.3566 -83.7862 -21.3566 111.663
GPRESSAVG: 1780000 2237.85 18.6011 -106.573 3.89416 -2256.4 -47.6211 -59.7983 -15.6881 91.8148
TIMING: 1780000  CPU: 1564.31, 0.000880178/step  Wall: 1564.41, 0.000880206/step, 392.636 ns/days, 0.176041 hours remaining, 0.000000 MB of memory in use.
PERFORMANCE: 1780000  averaging 393.232 ns/day, 0.00087887 sec/step with standard deviation 7.85659e-06
ENERGY: 1780000        22.1964        57.0257        46.5074         2.4502         -42404.4903    -86396.4876         0.0000         0.0000      9180.8622        -119491.9361       298.8273   -128672.7982   -119533.6504       297.3795           -449.0548      -451.0004    157539.6497        23.8545        24.4220

WRITING EXTENDED SYSTEM TO RESTART FILE AT STEP 1780000
WRITING COORDINATES TO DCD FILE ../output/3_CLKWW.1.dcd AT STEP 1780000
WRITING COORDINATES TO RESTART FILE AT STEP 1780000
FINISHED WRITING RESTART COORDINATES
WRITING VELOCITIES TO RESTART FILE AT STEP 1780000
FINISHED WRITING RESTART VELOCITIES
PRESSURE: 1790000 1886.82 -166.419 86.0626 -166.418 -2569.15 176.248 86.0607 176.248 -820.592
GPRESSURE: 1790000 1880.2 -78.1705 157.56 -212.795 -2565.34 187.171 41.6784 178.391 -813.762
PRESSAVG: 1790000 2240.51 -25.3468 -94.1693 -25.3468 -2271.24 -24.8161 -94.1693 -24.8161 66.2574
GPRESSAVG: 1790000 2233.7 7.45343 -115.721 -10.8114 -2248.93 -45.0136 -68.9759 -24.5422 52.4441
TIMING: 1790000  CPU: 1573.11, 0.000879978/step  Wall: 1573.21, 0.000880019/step, 392.719 ns/days, 0.173559 hours remaining, 0.000000 MB of memory in use.
PERFORMANCE: 1790000  averaging 393.229 ns/day, 0.000878877 sec/step with standard deviation 7.83496e-06
ENERGY: 1790000        21.6655        58.6204        45.0106         0.4586         -42449.2192    -86339.2937         0.0000         0.0000      9016.4586        -119646.2992       293.4762   -128662.7578   -119538.3868       297.1482           -500.9771      -499.6359    157869.4544        11.8422        12.4051

WRITING EXTENDED SYSTEM TO RESTART FILE AT STEP 1790000
WRITING COORDINATES TO DCD FILE ../output/3_CLKWW.1.dcd AT STEP 1790000
WRITING COORDINATES TO RESTART FILE AT STEP 1790000
FINISHED WRITING RESTART COORDINATES
WRITING VELOCITIES TO RESTART FILE AT STEP 1790000
FINISHED WRITING RESTART VELOCITIES
PRESSURE: 1800000 2785.06 3.60888 -500 3.60787 -935.935 -398.174 -499.999 -398.174 1256.37
GPRESSURE: 1800000 2785.59 -172.006 -500.304 153.317 -944.287 -323.028 -386.917 -504.929 1258.91
PRESSAVG: 1800000 2262.59 -39.3956 -121.529 -39.3956 -2188.95 -51.5991 -121.529 -51.5991 111.325
GPRESSAVG: 1800000 2255.01 -17.0565 -146.679 -15.7105 -2166.53 -67.8866 -85.757 -54.1137 97.7152
TIMING: 1800000  CPU: 1581.9, 0.000879566/step  Wall: 1582.01, 0.00088009/step, 392.687 ns/days, 0.171129 hours remaining, 0.000000 MB of memory in use.
PERFORMANCE: 1800000  averaging 393.226 ns/day, 0.000878883 sec/step with standard deviation 7.81357e-06
ETITLE:      TS           BOND          ANGLE          DIHED          IMPRP               ELECT            VDW       BOUNDARY           MISC        KINETIC               TOTAL           TEMP      POTENTIAL       TOTALAVG        TEMPAVG            PRESSURE      GPRESSURE         VOLUME       PRESSAVG      GPRESSAVG

ENERGY: 1800000        15.3456        56.3825        46.8650         1.4322         -42548.2061    -86252.6759         0.0000         0.0000      9282.2962        -119398.5605       302.1289   -128680.8567   -119535.3491       297.3938           1035.1645      1033.4046    157844.3157        61.6526        62.0657

WRITING EXTENDED SYSTEM TO RESTART FILE AT STEP 1800000
WRITING COORDINATES TO DCD FILE ../output/3_CLKWW.1.dcd AT STEP 1800000
WRITING COORDINATES TO RESTART FILE AT STEP 1800000
FINISHED WRITING RESTART COORDINATES
WRITING VELOCITIES TO RESTART FILE AT STEP 1800000
FINISHED WRITING RESTART VELOCITIES
PRESSURE: 1810000 1964.32 -15.7777 -328.076 -15.7787 -3057.44 -145.041 -328.076 -145.043 -262.554
GPRESSURE: 1810000 1936.57 7.18661 -380.22 -32.5407 -3068.48 -225.924 -276.833 -68.332 -219.766
PRESSAVG: 1810000 2255.23 -33.4891 -136.999 -33.4891 -2235.99 -63.2324 -136.999 -63.2324 84.0153
GPRESSAVG: 1810000 2249.68 -13.1335 -166.108 -10.2088 -2215.95 -88.2248 -97.5425 -57.4402 70.3599
TIMING: 1810000  CPU: 1590.66, 0.00087538/step  Wall: 1590.76, 0.000875416/step, 394.784 ns/days, 0.167788 hours remaining, 0.000000 MB of memory in use.
PERFORMANCE: 1810000  averaging 393.235 ns/day, 0.000878864 sec/step with standard deviation 7.79609e-06
ENERGY: 1810000        25.0268        73.4479        49.5049         3.2475         -42537.9996    -86371.6212         0.0000         0.0000      9169.7228        -119588.6709       298.4648   -128758.3937   -119537.0603       297.4223           -451.8903      -450.5589    157781.5526        34.4185        34.6939

WRITING EXTENDED SYSTEM TO RESTART FILE AT STEP 1810000
WRITING COORDINATES TO DCD FILE ../output/3_CLKWW.1.dcd AT STEP 1810000
WRITING COORDINATES TO RESTART FILE AT STEP 1810000
FINISHED WRITING RESTART COORDINATES
WRITING VELOCITIES TO RESTART FILE AT STEP 1810000
FINISHED WRITING RESTART VELOCITIES
PRESSURE: 1820000 2449.93 -12.3594 108.841 -12.3603 -2871.56 566.75 108.841 566.75 338.012
GPRESSURE: 1820000 2427.37 84.9953 110.07 -1.65046 -2855.3 642.814 200.494 482.96 371.321
PRESSAVG: 1820000 2255.17 -37.3771 -116.997 -37.3771 -2251.19 -21.3584 -116.997 -21.3584 139.45
GPRESSAVG: 1820000 2250.16 -11.4187 -147.08 -13.7515 -2231.71 -40.6109 -80.1155 -30.4826 126.143
TIMING: 1820000  CPU: 1599.35, 0.000869761/step  Wall: 1599.46, 0.000869842/step, 397.314 ns/days, 0.164303 hours remaining, 0.000000 MB of memory in use.
PERFORMANCE: 1820000  averaging 393.257 ns/day, 0.000878815 sec/step with standard deviation 7.80324e-06
ENERGY: 1820000        23.0616        59.2381        44.6915         1.0074         -42450.9532    -86353.8805         0.0000         0.0000      9261.0255        -119415.8096       301.4366   -128676.8351   -119529.0131       297.5235            -27.8737       -18.8685    156725.8599        47.8110        48.1965

WRITING EXTENDED SYSTEM TO RESTART FILE AT STEP 1820000
WRITING COORDINATES TO DCD FILE ../output/3_CLKWW.1.dcd AT STEP 1820000
WRITING COORDINATES TO RESTART FILE AT STEP 1820000
FINISHED WRITING RESTART COORDINATES
WRITING VELOCITIES TO RESTART FILE AT STEP 1820000
FINISHED WRITING RESTART VELOCITIES
PRESSURE: 1830000 1988.27 -100.152 84.1528 -100.153 -2749.71 226.639 84.1501 226.639 -20.7127
GPRESSURE: 1830000 1934.23 -192.958 92.484 -46.7514 -2732.12 115.1 108.596 334.191 21.9549
PRESSAVG: 1830000 2224.22 -33.6035 -105.037 -33.6035 -2276.91 -9.82856 -105.037 -9.82856 125.073
GPRESSAVG: 1830000 2214.03 -15.6211 -135.863 -6.89622 -2254.97 -36.5162 -69.5373 -3.80468 113.908
TIMING: 1830000  CPU: 1608.06, 0.000870748/step  Wall: 1608.17, 0.000870966/step, 396.801 ns/days, 0.162096 hours remaining, 0.000000 MB of memory in use.
PERFORMANCE: 1830000  averaging 393.276 ns/day, 0.000878772 sec/step with standard deviation 7.80337e-06
ENERGY: 1830000        23.2514        56.8384        45.3775         1.9922         -42688.6854    -86332.0361         0.0000         0.0000      9270.5372        -119622.7248       301.7462   -128893.2621   -119536.9839       297.5975           -260.7192      -258.6445    157669.7644        24.1261        24.3234

WRITING EXTENDED SYSTEM TO RESTART FILE AT STEP 1830000
WRITING COORDINATES TO DCD FILE ../output/3_CLKWW.1.dcd AT STEP 1830000
WRITING COORDINATES TO RESTART FILE AT STEP 1830000
FINISHED WRITING RESTART COORDINATES
WRITING VELOCITIES TO RESTART FILE AT STEP 1830000
FINISHED WRITING RESTART VELOCITIES
PRESSURE: 1840000 2129.23 127.763 -12.5488 127.762 -2646.6 31.5191 -12.5513 31.5195 -166.808
GPRESSURE: 1840000 2045.05 137.384 39.5486 85.4434 -2639.63 29.3865 -63.7466 55.0669 -104.505
PRESSAVG: 1840000 2235.95 -31.8068 -114.743 -31.8068 -2297.14 -0.360859 -114.743 -0.360859 136.825
GPRESSAVG: 1840000 2225.03 -12.003 -144.028 -15.4448 -2277.68 -26.5974 -81.4426 5.6167 127.918
TIMING: 1840000  CPU: 1616.79, 0.000872944/step  Wall: 1616.9, 0.000873117/step, 395.823 ns/days, 0.160071 hours remaining, 0.000000 MB of memory in use.
PERFORMANCE: 1840000  averaging 393.29 ns/day, 0.000878741 sec/step with standard deviation 7.79318e-06
ENERGY: 1840000        28.0113        59.3218        55.8325         2.2054         -42483.7932    -86282.8739         0.0000         0.0000      9143.4397        -119477.8563       297.6093   -128621.2960   -119541.7923       297.4600           -228.0578      -233.0293    156750.3678        25.2114        25.0866

WRITING EXTENDED SYSTEM TO RESTART FILE AT STEP 1840000
WRITING COORDINATES TO DCD FILE ../output/3_CLKWW.1.dcd AT STEP 1840000
WRITING COORDINATES TO RESTART FILE AT STEP 1840000
FINISHED WRITING RESTART COORDINATES
WRITING VELOCITIES TO RESTART FILE AT STEP 1840000
FINISHED WRITING RESTART VELOCITIES
PRESSURE: 1850000 2825.21 0.866824 -29.7563 0.868837 -2062.93 121.699 -29.7529 121.698 -566.461
GPRESSURE: 1850000 2879.34 12.2979 34.1746 -125.667 -2081.83 113.787 -244.601 154.254 -593.377
PRESSAVG: 1850000 2241.13 -29.9746 -111.356 -29.9746 -2320.77 6.89636 -111.356 6.89636 86.4748
GPRESSAVG: 1850000 2231.58 -2.55168 -136.261 -23.3573 -2303.13 -22.0979 -92.1004 13.9547 77.3599
TIMING: 1850000  CPU: 1625.53, 0.000874381/step  Wall: 1625.65, 0.000874304/step, 395.286 ns/days, 0.15786 hours remaining, 0.000000 MB of memory in use.
PERFORMANCE: 1850000  averaging 393.301 ns/day, 0.000878717 sec/step with standard deviation 7.77881e-06
ENERGY: 1850000        21.4364        62.8867        42.2564         1.6684         -42654.5471    -86176.9229         0.0000         0.0000      9122.4669        -119580.7553       296.9266   -128703.2222   -119539.2652       297.6018             65.2729        68.0441    157052.0137         2.2780         1.9364

WRITING EXTENDED SYSTEM TO RESTART FILE AT STEP 1850000
WRITING COORDINATES TO DCD FILE ../output/3_CLKWW.1.dcd AT STEP 1850000
WRITING COORDINATES TO RESTART FILE AT STEP 1850000
FINISHED WRITING RESTART COORDINATES
WRITING VELOCITIES TO RESTART FILE AT STEP 1850000
FINISHED WRITING RESTART VELOCITIES
PRESSURE: 1860000 2017.4 101.237 411.579 101.234 -2136.42 -171.979 411.581 -171.979 -594.885
GPRESSURE: 1860000 1994.09 89.1218 350.008 60.4314 -2139.97 -66.1273 528.764 -198.637 -577.828
PRESSAVG: 1860000 2222.25 -13.2234 -76.2464 -13.2234 -2334.77 10.8001 -76.2464 10.8001 47.6712
GPRESSAVG: 1860000 2210.68 16.4118 -102.739 -12.4913 -2320.7 -17.1536 -47.6973 20.7571 43.2856
TIMING: 1860000  CPU: 1634.28, 0.000874378/step  Wall: 1634.39, 0.000874416/step, 395.235 ns/days, 0.155452 hours remaining, 0.000000 MB of memory in use.
PERFORMANCE: 1860000  averaging 393.311 ns/day, 0.000878694 sec/step with standard deviation 7.76417e-06
ENERGY: 1860000        21.0830        65.6685        52.6969         0.8354         -42682.7763    -86449.8154         0.0000         0.0000      9154.3826        -119837.9252       297.9655   -128992.3078   -119551.9700       297.7315           -237.9684      -241.2379    156875.9136       -21.6177       -22.2465

WRITING EXTENDED SYSTEM TO RESTART FILE AT STEP 1860000
WRITING COORDINATES TO DCD FILE ../output/3_CLKWW.1.dcd AT STEP 1860000
WRITING COORDINATES TO RESTART FILE AT STEP 1860000
FINISHED WRITING RESTART COORDINATES
WRITING VELOCITIES TO RESTART FILE AT STEP 1860000
FINISHED WRITING RESTART VELOCITIES
PRESSURE: 1870000 2429.64 221.685 -412.133 221.687 -1414.76 -233.314 -412.133 -233.314 -244.406
GPRESSURE: 1870000 2479.66 223.598 -343.138 163.708 -1449.58 -224.578 -361.58 -350.669 -269.206
PRESSAVG: 1870000 2254.33 14.2983 -79.4664 14.2983 -2293.9 18.2844 -79.4664 18.2844 72.2861
GPRESSAVG: 1870000 2242.49 40.0566 -100.47 9.17502 -2283.04 -13.2084 -49.723 22.4081 71.5615
TIMING: 1870000  CPU: 1643.02, 0.000874547/step  Wall: 1643.14, 0.00087474/step, 395.089 ns/days, 0.153079 hours remaining, 0.000000 MB of memory in use.
PERFORMANCE: 1870000  averaging 393.321 ns/day, 0.000878673 sec/step with standard deviation 7.74866e-06
ENERGY: 1870000        24.9398        59.5548        47.5265         4.7161         -42754.5425    -86205.4391         0.0000         0.0000      9143.3457        -119679.8986       297.6062   -128823.2444   -119560.8527       297.6383            256.8255       253.6254    156908.7406        10.9077        10.3364

WRITING EXTENDED SYSTEM TO RESTART FILE AT STEP 1870000
WRITING COORDINATES TO DCD FILE ../output/3_CLKWW.1.dcd AT STEP 1870000
WRITING COORDINATES TO RESTART FILE AT STEP 1870000
FINISHED WRITING RESTART COORDINATES
WRITING VELOCITIES TO RESTART FILE AT STEP 1870000
FINISHED WRITING RESTART VELOCITIES
PRESSURE: 1880000 2376.4 356.792 28.8395 356.791 -1885.9 -20.3858 28.8404 -20.3863 44.9261
GPRESSURE: 1880000 2394.62 407.758 -111.158 488.238 -1893 -9.82956 114.456 -84.0827 43.2726
PRESSAVG: 1880000 2231.18 37.6882 -65.2848 37.6882 -2284.79 36.1978 -65.2848 36.1978 41.9514
GPRESSAVG: 1880000 2221.14 61.7995 -93.8492 41.9209 -2276.55 13.0849 -28.6666 30.3926 41.9265
TIMING: 1880000  CPU: 1651.78, 0.000875774/step  Wall: 1651.89, 0.000875777/step, 394.621 ns/days, 0.150828 hours remaining, 0.000000 MB of memory in use.
PERFORMANCE: 1880000  averaging 393.327 ns/day, 0.000878657 sec/step with standard deviation 7.7308e-06
ENERGY: 1880000        23.1277        63.1844        45.4781         1.1137         -42726.9721    -86130.5421         0.0000         0.0000      9199.3668        -119525.2435       299.4296   -128724.6104   -119552.3856       297.9061            178.4771       181.6309    157584.3652        -3.8855        -4.4938

WRITING EXTENDED SYSTEM TO RESTART FILE AT STEP 1880000
WRITING COORDINATES TO DCD FILE ../output/3_CLKWW.1.dcd AT STEP 1880000
WRITING COORDINATES TO RESTART FILE AT STEP 1880000
FINISHED WRITING RESTART COORDINATES
WRITING VELOCITIES TO RESTART FILE AT STEP 1880000
FINISHED WRITING RESTART VELOCITIES
PRESSURE: 1890000 2374.06 6.41639 218.229 6.42048 -1960.47 -173.299 218.231 -173.302 -944.951
GPRESSURE: 1890000 2231.33 -0.442979 328.965 -105.949 -1876.37 -173.164 129.025 -187.466 -890.972
PRESSAVG: 1890000 2224.64 15.0261 -56.1347 15.0261 -2238.64 -6.74285 -56.1347 -6.74285 -23.187
GPRESSAVG: 1890000 2204.59 30.7843 -79.1885 16.7015 -2227.87 -31.187 -20.6652 -13.441 -16.1196
TIMING: 1890000  CPU: 1660.53, 0.000874726/step  Wall: 1660.64, 0.000874909/step, 395.012 ns/days, 0.148249 hours remaining, 0.000000 MB of memory in use.
PERFORMANCE: 1890000  averaging 393.336 ns/day, 0.000878637 sec/step with standard deviation 7.71503e-06
ENERGY: 1890000        29.2288        60.1265        48.5251         3.3839         -42357.9929    -86332.2797         0.0000         0.0000      9070.6348        -119478.3736       295.2395   -128549.0083   -119555.7672       297.6340           -177.1206      -178.6712    158340.1400       -12.3965       -13.1339

WRITING EXTENDED SYSTEM TO RESTART FILE AT STEP 1890000
WRITING COORDINATES TO DCD FILE ../output/3_CLKWW.1.dcd AT STEP 1890000
WRITING COORDINATES TO RESTART FILE AT STEP 1890000
FINISHED WRITING RESTART COORDINATES
WRITING VELOCITIES TO RESTART FILE AT STEP 1890000
FINISHED WRITING RESTART VELOCITIES
PRESSURE: 1900000 1816.88 -114.448 15.8282 -114.448 -2044.09 -134.653 15.8299 -134.655 98.2728
GPRESSURE: 1900000 1859.04 -99.7227 101.539 -107.349 -2102.61 -164.377 -27.4806 -107.494 114.739
PRESSAVG: 1900000 2226.69 18.0071 -50.5035 18.0071 -2197.31 -7.43574 -50.5035 -7.43574 -15.8806
GPRESSAVG: 1900000 2209.25 34.3869 -61.184 16.6225 -2187.67 -31.0019 -27.607 -8.92664 -9.39406
TIMING: 1900000  CPU: 1669.27, 0.000874377/step  Wall: 1669.39, 0.000874386/step, 395.249 ns/days, 0.145731 hours remaining, 0.000000 MB of memory in use.
PERFORMANCE: 1900000  averaging 393.346 ns/day, 0.000878615 sec/step with standard deviation 7.70077e-06
ETITLE:      TS           BOND          ANGLE          DIHED          IMPRP               ELECT            VDW       BOUNDARY           MISC        KINETIC               TOTAL           TEMP      POTENTIAL       TOTALAVG        TEMPAVG            PRESSURE      GPRESSURE         VOLUME       PRESSAVG      GPRESSAVG

ENERGY: 1900000        13.8635        55.9991        46.1198         0.6433         -42228.9608    -86575.6812         0.0000         0.0000      9130.1292        -119557.8870       297.1760   -128688.0163   -119553.3843       297.6553            -42.9799       -42.9451    157816.7694         4.4990         4.0642

WRITING EXTENDED SYSTEM TO RESTART FILE AT STEP 1900000
WRITING COORDINATES TO DCD FILE ../output/3_CLKWW.1.dcd AT STEP 1900000
WRITING COORDINATES TO RESTART FILE AT STEP 1900000
FINISHED WRITING RESTART COORDINATES
WRITING VELOCITIES TO RESTART FILE AT STEP 1900000
FINISHED WRITING RESTART VELOCITIES
PRESSURE: 1910000 2079.56 61.7528 -38.7012 61.754 -2009.59 95.9601 -38.7 95.9635 159.925
GPRESSURE: 1910000 2118.91 100.102 33.82 6.41862 -1993.82 73.6776 -45.9772 39.1686 119.363
PRESSAVG: 1910000 2235.77 34.2936 -55.7369 34.2936 -2160.7 -17.4773 -55.7369 -17.4773 3.511
GPRESSAVG: 1910000 2221.16 48.9336 -57.2249 29.4873 -2151.6 -38.1627 -33.868 -19.5953 8.93871
TIMING: 1910000  CPU: 1678.01, 0.00087342/step  Wall: 1678.12, 0.000873647/step, 395.583 ns/days, 0.143181 hours remaining, 0.000000 MB of memory in use.
PERFORMANCE: 1910000  averaging 393.358 ns/day, 0.000878589 sec/step with standard deviation 7.68889e-06
ENERGY: 1910000        22.0255        72.7890        50.7593         5.5054         -42601.9805    -86249.5916         0.0000         0.0000      9181.9289        -119518.5638       298.8621   -128700.4928   -119546.3684       297.8093             76.6304        81.4871    158074.1126        26.1951        26.1684

WRITING EXTENDED SYSTEM TO RESTART FILE AT STEP 1910000
WRITING COORDINATES TO DCD FILE ../output/3_CLKWW.1.dcd AT STEP 1910000
WRITING COORDINATES TO RESTART FILE AT STEP 1910000
FINISHED WRITING RESTART COORDINATES
WRITING VELOCITIES TO RESTART FILE AT STEP 1910000
FINISHED WRITING RESTART VELOCITIES
PRESSURE: 1920000 1384.57 476.813 289.414 476.814 -2993.13 -151.087 289.413 -151.084 555.991
GPRESSURE: 1920000 1415.13 459.179 186.506 495.141 -3016.41 -133.873 274.835 -149.878 518.336
PRESSAVG: 1920000 2197.07 53.0437 -23.9955 53.0437 -2200.32 -21.3112 -23.9955 -21.3112 3.89621
GPRESSAVG: 1920000 2184.88 62.3989 -28.2749 52.608 -2191.43 -36.2528 -1.30867 -26.9081 6.32699
TIMING: 1920000  CPU: 1686.75, 0.000874769/step  Wall: 1686.87, 0.000874847/step, 395.04 ns/days, 0.140948 hours remaining, 0.000000 MB of memory in use.
PERFORMANCE: 1920000  averaging 393.367 ns/day, 0.00087857 sec/step with standard deviation 7.67349e-06
ENERGY: 1920000        19.9161        64.5247        48.9069         1.2851         -42538.3275    -86296.5339         0.0000         0.0000      9140.9150        -119559.3135       297.5271   -128700.2285   -119545.9116       297.9773           -350.8549      -360.9821    156958.4436         0.2149        -0.0755

WRITING EXTENDED SYSTEM TO RESTART FILE AT STEP 1920000
WRITING COORDINATES TO DCD FILE ../output/3_CLKWW.1.dcd AT STEP 1920000
WRITING COORDINATES TO RESTART FILE AT STEP 1920000
FINISHED WRITING RESTART COORDINATES
WRITING VELOCITIES TO RESTART FILE AT STEP 1920000
FINISHED WRITING RESTART VELOCITIES
PRESSURE: 1930000 1636.13 -29.9672 -246.418 -29.9667 -2739.43 -22.3974 -246.417 -22.3978 -20.4838
GPRESSURE: 1930000 1623.03 -79.2874 -288.26 -8.67521 -2742.76 -143.277 -328.62 134.594 -10.0484
PRESSAVG: 1930000 2154.63 50.0665 -26.0436 50.0665 -2253.68 -9.64421 -26.0436 -9.64421 -4.62693
GPRESSAVG: 1930000 2143.8 59.3679 -30.7675 43.1055 -2246.14 -30.5423 -9.40709 -7.47831 -3.08577
TIMING: 1930000  CPU: 1695.45, 0.00086925/step  Wall: 1695.57, 0.000869465/step, 397.486 ns/days, 0.137665 hours remaining, 0.000000 MB of memory in use.
PERFORMANCE: 1930000  averaging 393.388 ns/day, 0.000878522 sec/step with standard deviation 7.68149e-06
ENERGY: 1930000        19.4377        62.1706        45.3030         1.0356         -42491.9260    -86327.8172         0.0000         0.0000      8959.2435        -119732.5528       291.6139   -128691.7963   -119564.1813       297.5434           -374.5958      -376.5928    157335.6858       -34.5581       -35.1408

WRITING EXTENDED SYSTEM TO RESTART FILE AT STEP 1930000
WRITING COORDINATES TO DCD FILE ../output/3_CLKWW.1.dcd AT STEP 1930000
WRITING COORDINATES TO RESTART FILE AT STEP 1930000
FINISHED WRITING RESTART COORDINATES
WRITING VELOCITIES TO RESTART FILE AT STEP 1930000
FINISHED WRITING RESTART VELOCITIES
PRESSURE: 1940000 2214.3 -269.703 -190.273 -269.706 -2570.79 167.43 -190.274 167.431 -621.068
GPRESSURE: 1940000 2163.9 -168.993 -70.2198 -255.482 -2491.18 242.975 -139.956 78.5468 -659.793
PRESSAVG: 1940000 2158.26 53.0806 -22.2801 53.0806 -2266.04 -10.8827 -22.2801 -10.8827 -42.2502
GPRESSAVG: 1940000 2147.73 70.7231 -21.3367 41.6079 -2259.15 -22.9111 -4.66074 -16.8262 -41.4594
TIMING: 1940000  CPU: 1704.17, 0.000872479/step  Wall: 1704.29, 0.000872506/step, 396.1 ns/days, 0.135723 hours remaining, 0.000000 MB of memory in use.
PERFORMANCE: 1940000  averaging 393.402 ns/day, 0.000878491 sec/step with standard deviation 7.67373e-06
ENERGY: 1940000        28.5776        65.5426        51.1743         2.3202         -42220.7634    -86453.0831         0.0000         0.0000      9152.2547        -119373.9769       297.8962   -128526.2317   -119547.7195       297.6469           -325.8520      -329.0237    157031.9043       -50.0093       -50.9615

WRITING EXTENDED SYSTEM TO RESTART FILE AT STEP 1940000
WRITING COORDINATES TO DCD FILE ../output/3_CLKWW.1.dcd AT STEP 1940000
WRITING COORDINATES TO RESTART FILE AT STEP 1940000
FINISHED WRITING RESTART COORDINATES
WRITING VELOCITIES TO RESTART FILE AT STEP 1940000
FINISHED WRITING RESTART VELOCITIES
PRESSURE: 1950000 3106.48 -82.8149 -175.546 -82.815 -1597.7 -238.098 -175.549 -238.101 956.523
GPRESSURE: 1950000 3164.04 -87.2724 -286.978 -36.3074 -1588.36 -132.189 -53.6141 -314.451 883.464
PRESSAVG: 1950000 2186.13 34.3032 -56.4922 34.3032 -2263.92 -33.1819 -56.4922 -33.1819 -5.13568
GPRESSAVG: 1950000 2178.05 51.1132 -56.3221 19.8376 -2255.97 -35.0553 -37.4512 -45.4269 -7.73817
TIMING: 1950000  CPU: 1712.87, 0.000869861/step  Wall: 1712.99, 0.000869923/step, 397.276 ns/days, 0.132905 hours remaining, 0.000000 MB of memory in use.
PERFORMANCE: 1950000  averaging 393.421 ns/day, 0.000878447 sec/step with standard deviation 7.67848e-06
ENERGY: 1950000        25.7690        74.8269        53.8820         0.7729         -42959.1792    -86090.9550         0.0000         0.0000      9203.6589        -119691.2245       299.5693   -128894.8834   -119555.0114       297.7792            821.7672       819.7127    156834.1556       -27.6399       -28.5537

WRITING EXTENDED SYSTEM TO RESTART FILE AT STEP 1950000
WRITING COORDINATES TO DCD FILE ../output/3_CLKWW.1.dcd AT STEP 1950000
WRITING COORDINATES TO RESTART FILE AT STEP 1950000
FINISHED WRITING RESTART COORDINATES
WRITING VELOCITIES TO RESTART FILE AT STEP 1950000
FINISHED WRITING RESTART VELOCITIES
PRESSURE: 1960000 1859.08 -136.778 -414.299 -136.778 -2228.22 -259.03 -414.299 -259.03 498.98
GPRESSURE: 1960000 1875.27 -193.236 -487.816 -63.863 -2215.88 -203.114 -301.353 -312.543 457.995
PRESSAVG: 1960000 2156.04 24.9041 -70.8909 24.9041 -2277.17 -42.2427 -70.8909 -42.2427 0.589869
GPRESSAVG: 1960000 2152.52 39.666 -69.4999 18.5845 -2268.82 -36.8777 -50.3895 -54.3855 -6.64869
TIMING: 1960000  CPU: 1721.57, 0.000869977/step  Wall: 1721.69, 0.000870068/step, 397.21 ns/days, 0.13051 hours remaining, 0.000000 MB of memory in use.
PERFORMANCE: 1960000  averaging 393.441 ns/day, 0.000878405 sec/step with standard deviation 7.68211e-06
ENERGY: 1960000        26.4928        58.1900        44.8423         1.4924         -42883.9286    -86206.9757         0.0000         0.0000      9234.0425        -119725.8443       300.5583   -128959.8868   -119559.3923       298.0383             43.2787        39.1282    157069.9791       -40.1831       -40.9825

WRITING EXTENDED SYSTEM TO RESTART FILE AT STEP 1960000
WRITING COORDINATES TO DCD FILE ../output/3_CLKWW.1.dcd AT STEP 1960000
WRITING COORDINATES TO RESTART FILE AT STEP 1960000
FINISHED WRITING RESTART COORDINATES
WRITING VELOCITIES TO RESTART FILE AT STEP 1960000
FINISHED WRITING RESTART VELOCITIES
PRESSURE: 1970000 2897.55 184.305 17.8995 184.306 -1543.08 -92.9488 17.903 -92.9504 -44.7862
GPRESSURE: 1970000 2952.84 308.012 94.7168 151.144 -1566.35 -129.841 9.34463 17.4342 -57.6604
PRESSAVG: 1970000 2185.15 41.4714 -65.0228 41.4714 -2235.17 -38.0684 -65.0228 -38.0684 -27.0679
GPRESSAVG: 1970000 2181.09 57.3728 -54.4507 32.6388 -2229.17 -37.0511 -55.7782 -46.854 -30.0954
TIMING: 1970000  CPU: 1730.31, 0.000874471/step  Wall: 1730.44, 0.000874419/step, 395.234 ns/days, 0.128734 hours remaining, 0.000000 MB of memory in use.
PERFORMANCE: 1970000  averaging 393.45 ns/day, 0.000878384 sec/step with standard deviation 7.66775e-06
ENERGY: 1970000        14.9062        67.1213        46.8133         1.5844         -42446.6181    -86350.4240         0.0000         0.0000      9196.0211        -119470.5959       299.3207   -128666.6170   -119568.7006       298.1690            436.5624       442.9409    157010.1853       -25.6983       -26.0608

WRITING EXTENDED SYSTEM TO RESTART FILE AT STEP 1970000
WRITING COORDINATES TO DCD FILE ../output/3_CLKWW.1.dcd AT STEP 1970000
WRITING COORDINATES TO RESTART FILE AT STEP 1970000
FINISHED WRITING RESTART COORDINATES
WRITING VELOCITIES TO RESTART FILE AT STEP 1970000
FINISHED WRITING RESTART VELOCITIES
PRESSURE: 1980000 2299.22 156.597 168.675 156.598 -2797.78 155.082 168.675 155.081 -197.297
GPRESSURE: 1980000 2255.17 202.769 56.7958 99.6424 -2838.97 221.003 271.37 211.417 -93.4245
PRESSAVG: 1980000 2226 38.471 -45.9113 38.471 -2240.73 -24.9542 -45.9113 -24.9542 -29.8005
GPRESSAVG: 1980000 2220.77 48.0157 -44.0953 35.3227 -2240.11 -15.1704 -27.6058 -29.6229 -25.0495
TIMING: 1980000  CPU: 1739.02, 0.000871078/step  Wall: 1739.15, 0.000871095/step, 396.742 ns/days, 0.125825 hours remaining, 0.000000 MB of memory in use.
PERFORMANCE: 1980000  averaging 393.466 ns/day, 0.000878348 sec/step with standard deviation 7.66579e-06
ENERGY: 1980000        19.4743        65.0665        49.1036         1.1272         -42188.1253    -86513.7629         0.0000         0.0000      9106.2294        -119460.8872       296.3981   -128567.1166   -119567.1482       298.0476           -231.9538      -225.7415    157100.5565       -14.8432       -14.7979

WRITING EXTENDED SYSTEM TO RESTART FILE AT STEP 1980000
WRITING COORDINATES TO DCD FILE ../output/3_CLKWW.1.dcd AT STEP 1980000
WRITING COORDINATES TO RESTART FILE AT STEP 1980000
FINISHED WRITING RESTART COORDINATES
WRITING VELOCITIES TO RESTART FILE AT STEP 1980000
FINISHED WRITING RESTART VELOCITIES
PRESSURE: 1990000 1996.52 33.3524 -51.3338 33.3523 -2361.03 -225.514 -51.3352 -225.513 -630.994
GPRESSURE: 1990000 2048.58 22.5932 -60.7041 132.325 -2410.79 -257.596 -141.266 -163.488 -650.341
PRESSAVG: 1990000 2231.49 48.4595 -52.7811 48.4595 -2230.33 -45.0423 -52.7811 -45.0423 -20.3206
GPRESSAVG: 1990000 2229.19 53.0539 -55.0086 52.5787 -2232.39 -37.4087 -36.753 -46.7168 -16.8785
TIMING: 1990000  CPU: 1747.78, 0.000875781/step  Wall: 1747.91, 0.00087583/step, 394.597 ns/days, 0.124076 hours remaining, 0.000000 MB of memory in use.
PERFORMANCE: 1990000  averaging 393.472 ns/day, 0.000878335 sec/step with standard deviation 7.64849e-06
ENERGY: 1990000        18.1366        65.0984        51.4630         2.2842         -42485.4704    -86237.6396         0.0000         0.0000      9095.4761        -119490.6516       296.0481   -128586.1278   -119559.3658       298.1762           -331.8342      -337.5149    157319.7149        -6.3861        -6.6918

WRITING EXTENDED SYSTEM TO RESTART FILE AT STEP 1990000
WRITING COORDINATES TO DCD FILE ../output/3_CLKWW.1.dcd AT STEP 1990000
WRITING COORDINATES TO RESTART FILE AT STEP 1990000
FINISHED WRITING RESTART COORDINATES
WRITING VELOCITIES TO RESTART FILE AT STEP 1990000
FINISHED WRITING RESTART VELOCITIES
PRESSURE: 2000000 1965.39 24.0593 110.291 24.0593 -1862.41 -525.898 110.292 -525.897 204.396
GPRESSURE: 2000000 1988.58 207.545 162.817 -0.313529 -1913.38 -436.641 131.916 -446.8 240.631
PRESSAVG: 2000000 2190.51 49.482 -22.2665 49.482 -2276.65 -51.4285 -22.2665 -51.4285 -72.919
GPRESSAVG: 2000000 2189.34 72.0315 -21.8525 44.8972 -2280.84 -43.0894 -10.8114 -43.8103 -67.7923
TIMING: 2000000  CPU: 1756.51, 0.000873181/step  Wall: 1756.64, 0.000873171/step, 395.799 ns/days, 0.121274 hours remaining, 0.000000 MB of memory in use.
PERFORMANCE: 2000000  averaging 393.483 ns/day, 0.000878309 sec/step with standard deviation 7.63798e-06
ETITLE:      TS           BOND          ANGLE          DIHED          IMPRP               ELECT            VDW       BOUNDARY           MISC        KINETIC               TOTAL           TEMP      POTENTIAL       TOTALAVG        TEMPAVG            PRESSURE      GPRESSURE         VOLUME       PRESSAVG      GPRESSAVG

ENERGY: 2000000        22.2310        63.0741        47.5951         1.2950         -42244.7176    -86508.0983         0.0000         0.0000      9058.5684        -119560.0523       294.8468   -128618.6206   -119567.4404       297.8120            102.4583       105.2756    157569.4120       -53.0214       -53.0983

WRITING EXTENDED SYSTEM TO RESTART FILE AT STEP 2000000
WRITING COORDINATES TO DCD FILE ../output/3_CLKWW.1.dcd AT STEP 2000000
WRITING COORDINATES TO RESTART FILE AT STEP 2000000
FINISHED WRITING RESTART COORDINATES
WRITING VELOCITIES TO RESTART FILE AT STEP 2000000
FINISHED WRITING RESTART VELOCITIES
PRESSURE: 2010000 3486.52 -70.2538 524.282 -70.2543 -1293.73 57.1142 524.28 57.1152 697.742
GPRESSURE: 2010000 3557.17 32.5744 339.068 -56.1625 -1281.03 -125.733 635.959 140.971 634.161
PRESSAVG: 2010000 2266.62 46.7582 20.3513 46.7582 -2188.47 -41.3206 20.3513 -41.3206 -24.9042
GPRESSAVG: 2010000 2270.37 73.3009 14.1119 43.7161 -2191.47 -38.0798 34.8282 -33.3452 -25.096
TIMING: 2010000  CPU: 1765.24, 0.000872679/step  Wall: 1765.36, 0.000872731/step, 395.998 ns/days, 0.118788 hours remaining, 0.000000 MB of memory in use.
PERFORMANCE: 2010000  averaging 393.496 ns/day, 0.000878281 sec/step with standard deviation 7.62901e-06
ENERGY: 2010000        22.6203        68.1377        46.6972         1.3959         -42764.2888    -86197.1648         0.0000         0.0000      9069.4274        -119753.1750       295.2003   -128822.6024   -119575.6656       297.6488            963.5133       970.1015    156662.0878        17.7488        17.9348

WRITING EXTENDED SYSTEM TO RESTART FILE AT STEP 2010000
WRITING COORDINATES TO DCD FILE ../output/3_CLKWW.1.dcd AT STEP 2010000
WRITING COORDINATES TO RESTART FILE AT STEP 2010000
FINISHED WRITING RESTART COORDINATES
WRITING VELOCITIES TO RESTART FILE AT STEP 2010000
FINISHED WRITING RESTART VELOCITIES
PRESSURE: 2020000 2437.59 40.2001 -117.632 40.2016 -1956.06 224.083 -117.631 224.084 -472.604
GPRESSURE: 2020000 2442.76 -132.879 -149.042 136.968 -1983.34 286.193 -71.3963 222.224 -460.008
PRESSAVG: 2020000 2266 49.3863 9.02766 49.3863 -2142.69 -58.4539 9.02766 -58.4539 -65.435
GPRESSAVG: 2020000 2271.14 62.4072 1.15629 50.647 -2147.87 -55.9108 21.2337 -46.382 -66.6624
TIMING: 2020000  CPU: 1773.95, 0.00087128/step  Wall: 1774.08, 0.000871295/step, 396.651 ns/days, 0.116173 hours remaining, 0.000000 MB of memory in use.
PERFORMANCE: 2020000  averaging 393.511 ns/day, 0.000878247 sec/step with standard deviation 7.62587e-06
ENERGY: 2020000        23.6360        60.9084        47.1480         0.5985         -42357.8751    -86363.1683         0.0000         0.0000      9085.1036        -119503.6488       295.7105   -128588.7524   -119580.0576       297.3625              2.9759        -0.1975    157626.1887        19.2913        18.8683

WRITING EXTENDED SYSTEM TO RESTART FILE AT STEP 2020000
WRITING COORDINATES TO DCD FILE ../output/3_CLKWW.1.dcd AT STEP 2020000
WRITING COORDINATES TO RESTART FILE AT STEP 2020000
FINISHED WRITING RESTART COORDINATES
WRITING VELOCITIES TO RESTART FILE AT STEP 2020000
FINISHED WRITING RESTART VELOCITIES
PRESSURE: 2030000 1961.67 -190.863 -193.464 -190.861 -2251.47 -228.059 -193.461 -228.057 -97.6546
GPRESSURE: 2030000 1933.17 -237.752 -63.1481 -192.348 -2189.49 -90.9629 -270.615 -415.282 -132.706
PRESSAVG: 2030000 2264.67 44.8509 -4.85292 44.8509 -2117.78 -81.1887 -4.85292 -81.1887 -69.2821
GPRESSAVG: 2030000 2271.08 60.1675 -6.62532 43.3672 -2120.74 -66.214 2.27318 -83.8557 -74.3955
TIMING: 2030000  CPU: 1782.68, 0.000872378/step  Wall: 1782.8, 0.00087246/step, 396.121 ns/days, 0.113905 hours remaining, 0.000000 MB of memory in use.
PERFORMANCE: 2030000  averaging 393.524 ns/day, 0.000878218 sec/step with standard deviation 7.6178e-06
ENERGY: 2030000        29.5475        57.2621        50.7632         1.9993         -42482.8016    -86201.8769         0.0000         0.0000      9053.5115        -119491.5949       294.6822   -128545.1064   -119573.5011       297.0093           -129.1504      -129.6739    157456.3432        25.8697        25.3168

WRITING EXTENDED SYSTEM TO RESTART FILE AT STEP 2030000
WRITING COORDINATES TO DCD FILE ../output/3_CLKWW.1.dcd AT STEP 2030000
WRITING COORDINATES TO RESTART FILE AT STEP 2030000
FINISHED WRITING RESTART COORDINATES
WRITING VELOCITIES TO RESTART FILE AT STEP 2030000
FINISHED WRITING RESTART VELOCITIES
PRESSURE: 2040000 1907.43 -55.3849 246.884 -55.385 -1930.05 -127.83 246.884 -127.832 -179.787
GPRESSURE: 2040000 1889.45 63.5486 255.179 -77.5674 -1917.35 -64.4604 208.779 -187.242 -168.452
PRESSAVG: 2040000 2253.58 35.6936 8.11887 35.6936 -2081.95 -89.1563 8.11887 -89.1563 -69.9311
GPRESSAVG: 2040000 2263.3 56.4757 4.15618 35.2167 -2084.62 -70.9064 15.8995 -95.9711 -77.5928
TIMING: 2040000  CPU: 1791.39, 0.00087098/step  Wall: 1791.51, 0.00087094/step, 396.812 ns/days, 0.111287 hours remaining, 0.000000 MB of memory in use.
PERFORMANCE: 2040000  averaging 393.54 ns/day, 0.000878183 sec/step with standard deviation 7.61608e-06
ENERGY: 2040000        24.5428        53.3468        49.0085         2.1107         -42599.3745    -86313.9211         0.0000         0.0000      9301.3751        -119482.9117       302.7499   -128784.2867   -119573.7538       297.2664            -67.4665       -65.4518    157297.6334        33.8993        33.6957

WRITING EXTENDED SYSTEM TO RESTART FILE AT STEP 2040000
WRITING COORDINATES TO DCD FILE ../output/3_CLKWW.1.dcd AT STEP 2040000
WRITING COORDINATES TO RESTART FILE AT STEP 2040000
FINISHED WRITING RESTART COORDINATES
WRITING VELOCITIES TO RESTART FILE AT STEP 2040000
FINISHED WRITING RESTART VELOCITIES
PRESSURE: 2050000 3369.65 -28.5168 135.136 -28.5151 -1810.02 221.076 135.139 221.073 504.939
GPRESSURE: 2050000 3304.43 57.5766 68.9173 10.6827 -1711.77 175.257 107.083 214.966 480.702
PRESSAVG: 2050000 2280.8 34.2244 16.3635 34.2244 -2069.31 -84.1876 16.3635 -84.1876 -16.361
GPRESSAVG: 2050000 2284.56 58.7396 5.89332 42.0341 -2066.12 -67.8328 33.4836 -92.9355 -23.8888
TIMING: 2050000  CPU: 1800.1, 0.000870878/step  Wall: 1800.22, 0.000870903/step, 396.83 ns/days, 0.108863 hours remaining, 0.000000 MB of memory in use.
PERFORMANCE: 2050000  averaging 393.556 ns/day, 0.000878147 sec/step with standard deviation 7.61439e-06
ENERGY: 2050000        26.2124        73.3679        50.2548         2.4188         -42573.1874    -86412.7213         0.0000         0.0000      9017.6589        -119815.9960       293.5152   -128833.6548   -119585.5159       297.0958            688.1918       691.1197    157375.2577        65.0452        64.8495

WRITING EXTENDED SYSTEM TO RESTART FILE AT STEP 2050000
WRITING COORDINATES TO DCD FILE ../output/3_CLKWW.1.dcd AT STEP 2050000
WRITING COORDINATES TO RESTART FILE AT STEP 2050000
FINISHED WRITING RESTART COORDINATES
WRITING VELOCITIES TO RESTART FILE AT STEP 2050000
FINISHED WRITING RESTART VELOCITIES
PRESSURE: 2060000 3073.98 -231.313 -62.9164 -231.312 -1784.63 239.527 -62.9162 239.526 639.848
GPRESSURE: 2060000 3101.78 -191.147 -94.8316 -332.74 -1770.2 243.605 -65.9109 165.977 598.812
PRESSAVG: 2060000 2333.63 17.5971 -7.36137 17.5971 -2051.72 -63.6123 -7.36137 -63.6123 45.3756
GPRESSAVG: 2060000 2339.94 44.7262 -16.3486 22.3755 -2047.63 -52.3462 3.74991 -74.7048 34.9431
TIMING: 2060000  CPU: 1808.76, 0.000866581/step  Wall: 1808.89, 0.00086662/step, 398.791 ns/days, 0.10592 hours remaining, 0.000000 MB of memory in use.
PERFORMANCE: 2060000  averaging 393.581 ns/day, 0.000878091 sec/step with standard deviation 7.63814e-06
ENERGY: 2060000        24.6895        55.5277        49.9352         2.4987         -42629.2861    -86221.0049         0.0000         0.0000      9109.1750        -119608.4649       296.4940   -128717.6399   -119574.0428       297.0222            643.0656       643.4648    157132.9240       109.0969       109.0846

WRITING EXTENDED SYSTEM TO RESTART FILE AT STEP 2060000
WRITING COORDINATES TO DCD FILE ../output/3_CLKWW.1.dcd AT STEP 2060000
WRITING COORDINATES TO RESTART FILE AT STEP 2060000
FINISHED WRITING RESTART COORDINATES
WRITING VELOCITIES TO RESTART FILE AT STEP 2060000
FINISHED WRITING RESTART VELOCITIES
PRESSURE: 2070000 2784.54 69.5646 242.561 69.566 -1570.33 -106.28 242.564 -106.279 115.366
GPRESSURE: 2070000 2741.55 39.1874 317.691 74.501 -1591.3 -156.045 153.042 -29.3 163.21
PRESSAVG: 2070000 2351.38 9.99105 25.3735 9.99105 -2059.49 -57.2606 25.3735 -57.2606 63.3642
GPRESSAVG: 2070000 2353.04 35.5057 16.6928 17.9152 -2054.72 -48.9196 29.481 -58.6363 56.564
TIMING: 2070000  CPU: 1817.43, 0.000867035/step  Wall: 1817.56, 0.00086721/step, 398.519 ns/days, 0.103583 hours remaining, 0.000000 MB of memory in use.
PERFORMANCE: 2070000  averaging 393.605 ns/day, 0.000878039 sec/step with standard deviation 7.65702e-06
ENERGY: 2070000        21.5056        58.8697        49.0844         2.9292         -42350.7599    -86365.5187         0.0000         0.0000      9165.8457        -119418.0440       298.3386   -128583.8898   -119560.9501       297.0588            443.1935       437.8170    157411.9658       118.4153       118.2942

WRITING EXTENDED SYSTEM TO RESTART FILE AT STEP 2070000
WRITING COORDINATES TO DCD FILE ../output/3_CLKWW.1.dcd AT STEP 2070000
WRITING COORDINATES TO RESTART FILE AT STEP 2070000
FINISHED WRITING RESTART COORDINATES
WRITING VELOCITIES TO RESTART FILE AT STEP 2070000
FINISHED WRITING RESTART VELOCITIES
PRESSURE: 2080000 2734.27 -28.9915 -239.101 -28.9902 -2027.94 178.559 -239.103 178.561 -97.8825
GPRESSURE: 2080000 2738.41 -85.1071 -222.185 -91.6691 -1980.32 44.1188 -225.739 144.825 -167.451
PRESSAVG: 2080000 2369.27 -9.298 11.9764 -9.298 -2066.6 -47.3132 11.9764 -47.3132 56.2237
GPRESSAVG: 2080000 2370.23 10.8624 11.1415 -11.0802 -2059.08 -46.2221 12.4712 -47.191 46.0278
TIMING: 2080000  CPU: 1826.14, 0.000870443/step  Wall: 1826.26, 0.00087055/step, 396.99 ns/days, 0.101564 hours remaining, 0.000000 MB of memory in use.
PERFORMANCE: 2080000  averaging 393.621 ns/day, 0.000878003 sec/step with standard deviation 7.65613e-06
ENERGY: 2080000        25.4015        72.4397        46.0136         2.1245         -42425.5530    -86307.6058         0.0000         0.0000      9116.8249        -119470.3546       296.7430   -128587.1795   -119558.2057       296.9245            202.8133       196.8787    157417.8073       119.6321       119.0566

WRITING EXTENDED SYSTEM TO RESTART FILE AT STEP 2080000
WRITING COORDINATES TO DCD FILE ../output/3_CLKWW.1.dcd AT STEP 2080000
WRITING COORDINATES TO RESTART FILE AT STEP 2080000
FINISHED WRITING RESTART COORDINATES
WRITING VELOCITIES TO RESTART FILE AT STEP 2080000
FINISHED WRITING RESTART VELOCITIES
PRESSURE: 2090000 2556.16 -47.2205 -230.018 -47.2198 -1560.65 -389.812 -230.018 -389.812 809.086
GPRESSURE: 2090000 2626.26 54.4159 -206.973 -140.504 -1669.48 -320.209 -287.44 -475.778 852.328
PRESSAVG: 2090000 2378.37 -11.98 -10.4361 -11.98 -2046.61 -58.1387 -10.4361 -58.1387 143.926
GPRESSAVG: 2090000 2389.97 13.6053 -15.6555 -12.8079 -2048.74 -53.5744 -8.352 -61.6066 133.193
TIMING: 2090000  CPU: 1834.8, 0.000866446/step  Wall: 1834.93, 0.000866681/step, 398.763 ns/days, 0.0987053 hours remaining, 0.000000 MB of memory in use.
PERFORMANCE: 2090000  averaging 393.645 ns/day, 0.000877948 sec/step with standard deviation 7.67775e-06
ENERGY: 2090000        20.5102        57.6055        49.8921         2.9877         -42799.6476    -86139.0538         0.0000         0.0000      9085.4458        -119722.2601       295.7216   -128807.7059   -119570.4000       296.9486            601.5320       603.0354    157585.4143       158.5647       158.1419

WRITING EXTENDED SYSTEM TO RESTART FILE AT STEP 2090000
WRITING COORDINATES TO DCD FILE ../output/3_CLKWW.1.dcd AT STEP 2090000
WRITING COORDINATES TO RESTART FILE AT STEP 2090000
FINISHED WRITING RESTART COORDINATES
WRITING VELOCITIES TO RESTART FILE AT STEP 2090000
FINISHED WRITING RESTART VELOCITIES
PRESSURE: 2100000 1983.94 -324.603 130.448 -324.604 -1913.43 -17.23 130.447 -17.2281 -14.4691
GPRESSURE: 2100000 2006.9 -457.223 89.3298 -214.562 -1889.8 -0.568058 125.824 -11.543 -69.1031
PRESSAVG: 2100000 2386.73 -22.4878 -4.70526 -22.4878 -2040.07 -52.2674 -4.70526 -52.2674 138.289
GPRESSAVG: 2100000 2397.37 -4.26969 -16.2659 -18.1685 -2038.1 -45.3839 -0.686776 -56.809 124.001
TIMING: 2100000  CPU: 1843.48, 0.000868349/step  Wall: 1843.62, 0.000868478/step, 397.938 ns/days, 0.0964975 hours remaining, 0.000000 MB of memory in use.
PERFORMANCE: 2100000  averaging 393.665 ns/day, 0.000877903 sec/step with standard deviation 7.68719e-06
ETITLE:      TS           BOND          ANGLE          DIHED          IMPRP               ELECT            VDW       BOUNDARY           MISC        KINETIC               TOTAL           TEMP      POTENTIAL       TOTALAVG        TEMPAVG            PRESSURE      GPRESSURE         VOLUME       PRESSAVG      GPRESSAVG

ENERGY: 2100000        21.4586        63.3333        44.9150         1.6146         -42096.1711    -86493.6096         0.0000         0.0000      9078.6628        -119379.7963       295.5009   -128458.4592   -119561.4955       296.8648             18.6794        15.9972    157665.9354       161.6477       161.0890

WRITING EXTENDED SYSTEM TO RESTART FILE AT STEP 2100000
WRITING COORDINATES TO DCD FILE ../output/3_CLKWW.1.dcd AT STEP 2100000
WRITING COORDINATES TO RESTART FILE AT STEP 2100000
FINISHED WRITING RESTART COORDINATES
WRITING VELOCITIES TO RESTART FILE AT STEP 2100000
FINISHED WRITING RESTART VELOCITIES
PRESSURE: 2110000 1383.77 -101.559 107.948 -101.562 -2558.83 -219.744 107.948 -219.743 -151.658
GPRESSURE: 2110000 1350.67 -33.5602 175.675 29.5033 -2466.38 -186.053 131.343 -219.366 -205.105
PRESSAVG: 2110000 2351.94 -30.6536 2.62713 -30.6536 -2067.54 -68.0527 2.62713 -68.0527 122.709
GPRESSAVG: 2110000 2358.95 -10.9528 -9.1732 -17.0143 -2061.73 -58.3704 8.17923 -69.7357 107.777
TIMING: 2110000  CPU: 1852.16, 0.000867351/step  Wall: 1852.29, 0.000867524/step, 398.375 ns/days, 0.0939817 hours remaining, 0.000000 MB of memory in use.
PERFORMANCE: 2110000  averaging 393.687 ns/day, 0.000877854 sec/step with standard deviation 7.70208e-06
ENERGY: 2110000        17.5540        55.9938        55.6855         2.4650         -42345.4474    -86443.5378         0.0000         0.0000      9208.9721        -119448.3148       299.7423   -128657.2870   -119557.9830       296.9088           -442.2390      -440.2698    158000.1825       135.7042       135.0012

WRITING EXTENDED SYSTEM TO RESTART FILE AT STEP 2110000
WRITING COORDINATES TO DCD FILE ../output/3_CLKWW.1.dcd AT STEP 2110000
WRITING COORDINATES TO RESTART FILE AT STEP 2110000
FINISHED WRITING RESTART COORDINATES
WRITING VELOCITIES TO RESTART FILE AT STEP 2110000
FINISHED WRITING RESTART VELOCITIES
PRESSURE: 2120000 3057.39 11.7427 77.8969 11.7418 -1496.77 49.7857 77.8969 49.7876 545.321
GPRESSURE: 2120000 3095.11 -51.6858 168.656 72.3467 -1489.76 103.394 146.502 53.5938 485.98
PRESSAVG: 2120000 2435.58 -53.9072 -7.94869 -53.9072 -1992.72 -58.0092 -7.94869 -58.0092 122.176
GPRESSAVG: 2120000 2442.95 -36.496 -10.0657 -38.154 -1985.39 -46.5071 1.76256 -59.5621 106.159
TIMING: 2120000  CPU: 1860.89, 0.00087308/step  Wall: 1861.02, 0.00087307/step, 395.845 ns/days, 0.0921574 hours remaining, 0.000000 MB of memory in use.
PERFORMANCE: 2120000  averaging 393.697 ns/day, 0.000877832 sec/step with standard deviation 7.69083e-06
ENERGY: 2120000        20.3586        60.4593        50.5708         3.8256         -42581.0263    -86186.4107         0.0000         0.0000      9264.9859        -119367.2368       301.5655   -128632.2227   -119548.3792       297.1108            701.9814       697.1096    157565.8852       188.3460       187.9058

WRITING EXTENDED SYSTEM TO RESTART FILE AT STEP 2120000
WRITING COORDINATES TO DCD FILE ../output/3_CLKWW.1.dcd AT STEP 2120000
WRITING COORDINATES TO RESTART FILE AT STEP 2120000
FINISHED WRITING RESTART COORDINATES
WRITING VELOCITIES TO RESTART FILE AT STEP 2120000
FINISHED WRITING RESTART VELOCITIES
PRESSURE: 2130000 1635.57 -83.0876 -30.4133 -83.0865 -2225.45 -146.792 -30.4154 -146.791 764.982
GPRESSURE: 2130000 1694.4 75.5609 -176.815 -184.698 -2234.59 -47.9384 -46.0539 -189.878 708.465
PRESSAVG: 2130000 2435.55 -56.5632 2.85138 -56.5632 -1967.02 -64.2288 2.85138 -64.2288 161.449
GPRESSAVG: 2130000 2446.52 -28.7536 -4.4934 -46.9552 -1959.99 -41.7402 15.8909 -75.7858 142.085
TIMING: 2130000  CPU: 1869.64, 0.000875077/step  Wall: 1869.77, 0.000875043/step, 394.952 ns/days, 0.0899349 hours remaining, 0.000000 MB of memory in use.
PERFORMANCE: 2130000  averaging 393.703 ns/day, 0.000877818 sec/step with standard deviation 7.67505e-06
ENERGY: 2130000        26.0624        63.0296        48.7973         2.9172         -42502.8170    -86200.5768         0.0000         0.0000      9124.7397        -119437.8478       297.0006   -128562.5875   -119533.6439       297.3801             58.3673        56.0914    157856.4014       209.9942       209.5400

WRITING EXTENDED SYSTEM TO RESTART FILE AT STEP 2130000
WRITING COORDINATES TO DCD FILE ../output/3_CLKWW.1.dcd AT STEP 2130000
WRITING COORDINATES TO RESTART FILE AT STEP 2130000
FINISHED WRITING RESTART COORDINATES
WRITING VELOCITIES TO RESTART FILE AT STEP 2130000
FINISHED WRITING RESTART VELOCITIES
PRESSURE: 2140000 2549.23 -421.647 -33.6683 -421.646 -1836.97 100.83 -33.6712 100.831 -339.671
GPRESSURE: 2140000 2514.37 -408.812 19.6129 -476.732 -1788.98 82.055 16.2627 87.6132 -360.258
PRESSAVG: 2140000 2452.3 -64.1602 10.6815 -64.1602 -1930.33 -67.5588 10.6815 -67.5588 175.519
GPRESSAVG: 2140000 2464.04 -40.7446 -0.00176852 -58.0177 -1924.88 -49.7862 23.7018 -75.3324 157.062
TIMING: 2140000  CPU: 1878.35, 0.000871376/step  Wall: 1878.49, 0.000871457/step, 396.577 ns/days, 0.0871457 hours remaining, 0.000000 MB of memory in use.
PERFORMANCE: 2140000  averaging 393.717 ns/day, 0.000877789 sec/step with standard deviation 7.66935e-06
ENERGY: 2140000        17.6499        52.5154        51.4882         2.4702         -42443.2615    -86346.9487         0.0000         0.0000      9121.5818        -119544.5048       296.8978   -128666.0866   -119542.1703       297.3302            124.1946       121.7094    157191.8822       232.4965       232.0766

WRITING EXTENDED SYSTEM TO RESTART FILE AT STEP 2140000
WRITING COORDINATES TO DCD FILE ../output/3_CLKWW.1.dcd AT STEP 2140000
WRITING COORDINATES TO RESTART FILE AT STEP 2140000
FINISHED WRITING RESTART COORDINATES
WRITING VELOCITIES TO RESTART FILE AT STEP 2140000
FINISHED WRITING RESTART VELOCITIES
PRESSURE: 2150000 2465.51 -40.1821 61.5825 -40.1818 -1852.23 -27.9948 61.5813 -27.997 1170.21
GPRESSURE: 2150000 2493.28 -38.5 147.75 -95.4711 -1873.65 6.66837 -114.989 -57.6502 1138.96
PRESSAVG: 2150000 2420.25 -62.0286 22.538 -62.0286 -1943.05 -57.0536 22.538 -57.0536 186.203
GPRESSAVG: 2150000 2430.51 -38.306 21.7346 -60.9758 -1939.14 -42.8433 20.6331 -62.4924 169.836
TIMING: 2150000  CPU: 1887.05, 0.000869375/step  Wall: 1887.18, 0.000869415/step, 397.509 ns/days, 0.0845264 hours remaining, 0.000000 MB of memory in use.
PERFORMANCE: 2150000  averaging 393.734 ns/day, 0.00087775 sec/step with standard deviation 7.6727e-06
ENERGY: 2150000        24.5613        58.5957        54.5274         2.0159         -42522.8009    -86340.2205         0.0000         0.0000      9205.7651        -119517.5560       299.6379   -128723.3211   -119533.4869       297.3336            594.4937       586.1928    157021.3736       221.1329       220.4006

WRITING EXTENDED SYSTEM TO RESTART FILE AT STEP 2150000
WRITING COORDINATES TO DCD FILE ../output/3_CLKWW.1.dcd AT STEP 2150000
WRITING COORDINATES TO RESTART FILE AT STEP 2150000
FINISHED WRITING RESTART COORDINATES
WRITING VELOCITIES TO RESTART FILE AT STEP 2150000
FINISHED WRITING RESTART VELOCITIES
PRESSURE: 2160000 1917.88 196.206 68.2346 196.203 -2578.35 -90.1272 68.2348 -90.127 492.677
GPRESSURE: 2160000 1968.32 201.505 133.885 265.069 -2631.45 -208.608 228.245 -105.861 479.117
PRESSAVG: 2160000 2423.19 -45.3795 46.6647 -45.3795 -1960.56 -48.6084 46.6647 -48.6084 185.888
GPRESSAVG: 2160000 2435.16 -18.5689 52.8197 -44.5292 -1959.92 -43.118 47.1129 -52.1583 170.893
TIMING: 2160000  CPU: 1895.77, 0.000872376/step  Wall: 1895.9, 0.000872334/step, 396.178 ns/days, 0.0823871 hours remaining, 0.000000 MB of memory in use.
PERFORMANCE: 2160000  averaging 393.745 ns/day, 0.000877725 sec/step with standard deviation 7.6637e-06
ENERGY: 2160000        19.7359        54.9068        45.5896         3.0352         -42594.0757    -86278.2341         0.0000         0.0000      9115.3597        -119633.6827       296.6953   -128749.0424   -119528.8788       297.1405            -55.9336       -61.3364    156947.9423       216.1722       215.3774

WRITING EXTENDED SYSTEM TO RESTART FILE AT STEP 2160000
WRITING COORDINATES TO DCD FILE ../output/3_CLKWW.1.dcd AT STEP 2160000
WRITING COORDINATES TO RESTART FILE AT STEP 2160000
FINISHED WRITING RESTART COORDINATES
WRITING VELOCITIES TO RESTART FILE AT STEP 2160000
FINISHED WRITING RESTART VELOCITIES
PRESSURE: 2170000 1969.23 81.7512 127.03 81.7531 -2687.96 76.9156 127.032 76.9173 -873.925
GPRESSURE: 2170000 1936.45 31.1865 119.589 -47.4282 -2639.34 145.354 169.819 30.5229 -872.999
PRESSAVG: 2170000 2376.77 -50.5071 52.1211 -50.5071 -2017.8 -40.115 52.1211 -40.115 144.431
GPRESSAVG: 2170000 2384.34 -32.4102 54.0633 -54.4578 -2013.57 -29.3582 55.1367 -51.5039 130.126
TIMING: 2170000  CPU: 1904.47, 0.000869676/step  Wall: 1904.6, 0.00086978/step, 397.342 ns/days, 0.0797298 hours remaining, 0.000000 MB of memory in use.
PERFORMANCE: 2170000  averaging 393.762 ns/day, 0.000877688 sec/step with standard deviation 7.66493e-06
ENERGY: 2170000        19.3794        58.3302        49.8672         1.0138         -42483.1888    -86374.3292         0.0000         0.0000      9096.8765        -119632.0508       296.0937   -128728.9274   -119536.9516       296.9791           -530.8851      -525.2948    156884.4360       167.7999       166.9656

WRITING EXTENDED SYSTEM TO RESTART FILE AT STEP 2170000
WRITING COORDINATES TO DCD FILE ../output/3_CLKWW.1.dcd AT STEP 2170000
WRITING COORDINATES TO RESTART FILE AT STEP 2170000
FINISHED WRITING RESTART COORDINATES
WRITING VELOCITIES TO RESTART FILE AT STEP 2170000
FINISHED WRITING RESTART VELOCITIES
PRESSURE: 2180000 2361.41 268.523 -188.019 268.524 -2052.26 -135.996 -188.018 -135.994 157.599
GPRESSURE: 2180000 2397.12 340.122 -178.974 168.051 -2069.07 -110.678 -195.612 -172.185 152.562
PRESSAVG: 2180000 2379.88 -44.9108 34.2865 -44.9108 -1980.53 -54.6688 34.2865 -54.6688 162.176
GPRESSAVG: 2180000 2391.44 -25.5425 42.2748 -51.0374 -1975.07 -45.9423 31.7876 -70.684 142.425
TIMING: 2180000  CPU: 1913.19, 0.000872179/step  Wall: 1913.32, 0.000872164/step, 396.256 ns/days, 0.0775257 hours remaining, 0.000000 MB of memory in use.
PERFORMANCE: 2180000  averaging 393.773 ns/day, 0.000877663 sec/step with standard deviation 7.6564e-06
ENERGY: 2180000        24.3179        60.8199        47.4523         1.4405         -42526.1325    -86348.6354         0.0000         0.0000      9015.4855        -119725.2519       293.4445   -128740.7374   -119550.1698       296.8314            155.5829       160.2035    157515.6877       187.1767       186.2629

WRITING EXTENDED SYSTEM TO RESTART FILE AT STEP 2180000
WRITING COORDINATES TO DCD FILE ../output/3_CLKWW.1.dcd AT STEP 2180000
WRITING COORDINATES TO RESTART FILE AT STEP 2180000
FINISHED WRITING RESTART COORDINATES
WRITING VELOCITIES TO RESTART FILE AT STEP 2180000
FINISHED WRITING RESTART VELOCITIES
PRESSURE: 2190000 2192.34 -183.345 -166.433 -183.346 -2511.73 -226.474 -166.432 -226.474 -275.045
GPRESSURE: 2190000 2180.73 -340.671 -165.955 -145.475 -2425.5 -206.852 -178.247 -310.856 -345.258
PRESSAVG: 2190000 2389.67 -55.7458 28.5316 -55.7458 -1988.06 -54.7168 28.5316 -54.7168 179.974
GPRESSAVG: 2190000 2398.04 -43.7057 37.0123 -64.9274 -1975.81 -43.4052 29.9385 -78.0524 157.679
TIMING: 2190000  CPU: 1921.89, 0.000870279/step  Wall: 1922.03, 0.000870273/step, 397.117 ns/days, 0.0749402 hours remaining, 0.000000 MB of memory in use.
PERFORMANCE: 2190000  averaging 393.788 ns/day, 0.000877629 sec/step with standard deviation 7.65512e-06
ENERGY: 2190000        25.2907        58.3056        50.7077         0.8541         -42559.2016    -86427.8684         0.0000         0.0000      9115.8622        -119736.0497       296.7117   -128851.9119   -119562.4397       296.8646           -198.1444      -196.6782    156505.4619       193.8612       193.3047

WRITING EXTENDED SYSTEM TO RESTART FILE AT STEP 2190000
WRITING COORDINATES TO DCD FILE ../output/3_CLKWW.1.dcd AT STEP 2190000
WRITING COORDINATES TO RESTART FILE AT STEP 2190000
FINISHED WRITING RESTART COORDINATES
WRITING VELOCITIES TO RESTART FILE AT STEP 2190000
FINISHED WRITING RESTART VELOCITIES
PRESSURE: 2200000 3100.83 61.1988 -20.4045 61.1992 -1780.95 360.061 -20.4027 360.063 -132.238
GPRESSURE: 2200000 3077.51 128.296 16.8734 126.321 -1803.38 437.097 -85.6494 283.432 -76.4864
PRESSAVG: 2200000 2446.45 -53.8888 21.9969 -53.8888 -1983.99 -10.4188 21.9969 -10.4188 163.142
GPRESSAVG: 2200000 2452.49 -47.6682 29.7151 -58.5957 -1970.31 0.281755 19.0602 -41.5408 141.823
TIMING: 2200000  CPU: 1930.6, 0.000870372/step  Wall: 1930.73, 0.000870458/step, 397.033 ns/days, 0.0725381 hours remaining, 0.000000 MB of memory in use.
PERFORMANCE: 2200000  averaging 393.803 ns/day, 0.000877596 sec/step with standard deviation 7.65291e-06
ETITLE:      TS           BOND          ANGLE          DIHED          IMPRP               ELECT            VDW       BOUNDARY           MISC        KINETIC               TOTAL           TEMP      POTENTIAL       TOTALAVG        TEMPAVG            PRESSURE      GPRESSURE         VOLUME       PRESSAVG      GPRESSAVG

ENERGY: 2200000        21.4211        54.7227        50.0664         5.0545         -42184.4463    -86444.6028         0.0000         0.0000      9224.3700        -119273.4145       300.2435   -128497.7845   -119548.1078       297.1344            395.8797       399.2130    157694.5225       208.5323       208.0016

WRITING EXTENDED SYSTEM TO RESTART FILE AT STEP 2200000
WRITING COORDINATES TO DCD FILE ../output/3_CLKWW.1.dcd AT STEP 2200000
WRITING COORDINATES TO RESTART FILE AT STEP 2200000
FINISHED WRITING RESTART COORDINATES
WRITING VELOCITIES TO RESTART FILE AT STEP 2200000
FINISHED WRITING RESTART VELOCITIES
PRESSURE: 2210000 3141.09 -265.435 -329.725 -265.437 -1878.86 446.307 -329.722 446.306 195.054
GPRESSURE: 2210000 3068.16 -187.342 -429.276 -346.774 -1913.81 505.724 -224.446 516.096 304.074
PRESSAVG: 2210000 2429.17 -63.6479 -20.7032 -63.6479 -2013.25 9.04071 -20.7032 9.04071 138.007
GPRESSAVG: 2210000 2428.04 -58.664 -8.70209 -73.1263 -2001.95 31.8546 -23.96 -22.7845 125.319
TIMING: 2210000  CPU: 1939.29, 0.000868967/step  Wall: 1939.42, 0.000869074/step, 397.665 ns/days, 0.0700087 hours remaining, 0.000000 MB of memory in use.
PERFORMANCE: 2210000  averaging 393.82 ns/day, 0.000877558 sec/step with standard deviation 7.65699e-06
ENERGY: 2210000        18.6288        53.5179        50.4601         2.7257         -42530.6922    -86221.9568         0.0000         0.0000      9014.7228        -119612.5937       293.4197   -128627.3166   -119541.0787       297.0454            485.7620       486.1420    157183.7986       184.6447       183.8036

WRITING EXTENDED SYSTEM TO RESTART FILE AT STEP 2210000
WRITING COORDINATES TO DCD FILE ../output/3_CLKWW.1.dcd AT STEP 2210000
WRITING COORDINATES TO RESTART FILE AT STEP 2210000
FINISHED WRITING RESTART COORDINATES
WRITING VELOCITIES TO RESTART FILE AT STEP 2210000
FINISHED WRITING RESTART VELOCITIES
PRESSURE: 2220000 2376.7 27.3864 496.472 27.3847 -1920.88 -347.047 496.471 -347.046 362.183
GPRESSURE: 2220000 2412.67 -50.5926 484.928 46.3827 -1970.05 -326.493 471.172 -438.09 387.856
PRESSAVG: 2220000 2426.13 -64.2888 10.0019 -64.2888 -2011.49 -19.5158 10.0019 -19.5158 179.747
GPRESSAVG: 2220000 2426.54 -54.5497 22.9964 -77.6556 -2001.28 1.22029 3.16842 -55.8002 167.712
TIMING: 2220000  CPU: 1948, 0.000871028/step  Wall: 1948.13, 0.000871152/step, 396.716 ns/days, 0.0677563 hours remaining, 0.000000 MB of memory in use.
PERFORMANCE: 2220000  averaging 393.833 ns/day, 0.000877529 sec/step with standard deviation 7.65174e-06
ENERGY: 2220000        27.4214        58.4364        47.9558         1.0982         -42759.9707    -86119.4976         0.0000         0.0000      9235.7452        -119508.8114       300.6137   -128744.5566   -119541.3369       297.2906            272.6680       276.8233    158076.9315       198.1293       197.6546

WRITING EXTENDED SYSTEM TO RESTART FILE AT STEP 2220000
WRITING COORDINATES TO DCD FILE ../output/3_CLKWW.1.dcd AT STEP 2220000
WRITING COORDINATES TO RESTART FILE AT STEP 2220000
FINISHED WRITING RESTART COORDINATES
WRITING VELOCITIES TO RESTART FILE AT STEP 2220000
FINISHED WRITING RESTART VELOCITIES
PRESSURE: 2230000 1879.25 -173.952 -120.534 -173.951 -2649.4 199.581 -120.534 199.581 -368.869
GPRESSURE: 2230000 1890.24 -88.2027 -119.048 -167.793 -2627.52 217.889 -92.2702 248.298 -406.481
PRESSAVG: 2230000 2422.01 -63.4433 13.6483 -63.4433 -2031.38 1.86612 13.6483 1.86612 166.186
GPRESSAVG: 2230000 2424.39 -47.0722 20.2014 -76.4278 -2023.19 16.6629 12.0857 -22.6212 154.023
TIMING: 2230000  CPU: 1956.68, 0.000868684/step  Wall: 1956.82, 0.000868776/step, 397.801 ns/days, 0.0651582 hours remaining, 0.000000 MB of memory in use.
PERFORMANCE: 2230000  averaging 393.851 ns/day, 0.00087749 sec/step with standard deviation 7.65695e-06
ENERGY: 2230000        18.8806        56.1955        52.7351         0.8648         -42378.2482    -86520.5450         0.0000         0.0000      9023.9250        -119746.1922       293.7192   -128770.1171   -119554.0667       297.2424           -379.6732      -381.2547    158217.5000       185.6032       185.0756

WRITING EXTENDED SYSTEM TO RESTART FILE AT STEP 2230000
WRITING COORDINATES TO DCD FILE ../output/3_CLKWW.1.dcd AT STEP 2230000
WRITING COORDINATES TO RESTART FILE AT STEP 2230000
FINISHED WRITING RESTART COORDINATES
WRITING VELOCITIES TO RESTART FILE AT STEP 2230000
FINISHED WRITING RESTART VELOCITIES
PRESSURE: 2240000 2893.4 -110.858 -180.716 -110.858 -2457.46 14.8602 -180.715 14.8609 243.234
GPRESSURE: 2240000 2805.19 -114.303 -226.595 -150.878 -2410.22 -18.8742 -215.451 56.5054 268.774
PRESSAVG: 2240000 2471.31 -66.2169 -7.73173 -66.2169 -2057.75 9.00077 -7.73173 9.00077 187.337
GPRESSAVG: 2240000 2470.18 -55.9648 -3.88727 -80.0934 -2047.83 18.9422 -9.12582 -10.4339 175.885
TIMING: 2240000  CPU: 1965.36, 0.000867974/step  Wall: 1965.5, 0.00086798/step, 398.166 ns/days, 0.0626875 hours remaining, 0.000000 MB of memory in use.
PERFORMANCE: 2240000  averaging 393.87 ns/day, 0.000877447 sec/step with standard deviation 7.66614e-06
ENERGY: 2240000        20.5625        57.3035        52.2101         2.6982         -42653.2602    -86299.6224         0.0000         0.0000      9014.1258        -119805.9826       293.4002   -128820.1084   -119570.2203       296.7749            226.3913       221.2483    156907.9431       200.2961       199.4106

WRITING EXTENDED SYSTEM TO RESTART FILE AT STEP 2240000
WRITING COORDINATES TO DCD FILE ../output/3_CLKWW.1.dcd AT STEP 2240000
WRITING COORDINATES TO RESTART FILE AT STEP 2240000
FINISHED WRITING RESTART COORDINATES
WRITING VELOCITIES TO RESTART FILE AT STEP 2240000
FINISHED WRITING RESTART VELOCITIES
PRESSURE: 2250000 2373.81 -83.681 58.0974 -83.6855 -2722.12 304.734 58.0965 304.735 35.7243
GPRESSURE: 2250000 2315.57 -68.6524 18.4067 -55.0459 -2702.1 273.532 145.113 193.628 70.9447
PRESSAVG: 2250000 2421.51 -68.9755 -11.5839 -68.9755 -2103.36 13.1839 -11.5839 13.1839 163.876
GPRESSAVG: 2250000 2420.73 -62.2763 -6.41281 -83.3798 -2097.35 23.8559 -7.22431 -11.5008 155.397
TIMING: 2250000  CPU: 1974.02, 0.000865575/step  Wall: 1974.16, 0.000865576/step, 399.272 ns/days, 0.0601095 hours remaining, 0.000000 MB of memory in use.
PERFORMANCE: 2250000  averaging 393.893 ns/day, 0.000877395 sec/step with standard deviation 7.68985e-06
ENERGY: 2250000        26.3627        65.9482        50.4580         2.1135         -42326.0824    -86229.3192         0.0000         0.0000      9200.4017        -119210.1176       299.4633   -128410.5192   -119539.9264       297.0723           -104.1957      -105.1936    157948.5940       160.6767       159.5949

WRITING EXTENDED SYSTEM TO RESTART FILE AT STEP 2250000
WRITING COORDINATES TO DCD FILE ../output/3_CLKWW.1.dcd AT STEP 2250000
WRITING COORDINATES TO RESTART FILE AT STEP 2250000
FINISHED WRITING RESTART COORDINATES
WRITING VELOCITIES TO RESTART FILE AT STEP 2250000
FINISHED WRITING RESTART VELOCITIES
PRESSURE: 2260000 2318.27 21.0653 209.947 21.0641 -2465.53 -190.094 209.948 -190.095 1001.7
GPRESSURE: 2260000 2346.7 111.489 259.156 47.4231 -2474.85 -165.021 199.388 -200.048 988.886
PRESSAVG: 2260000 2383.73 -56.3566 2.05935 -56.3566 -2137.41 -8.29718 2.05935 -8.29718 181.969
GPRESSAVG: 2260000 2382.98 -47.1445 11.2866 -64.3716 -2132.58 3.42466 6.04064 -29.802 174.901
TIMING: 2260000  CPU: 1982.65, 0.000862978/step  Wall: 1982.79, 0.00086302/step, 400.454 ns/days, 0.0575347 hours remaining, 0.000000 MB of memory in use.
PERFORMANCE: 2260000  averaging 393.922 ns/day, 0.000877331 sec/step with standard deviation 7.73209e-06
ENERGY: 2260000        20.8800        64.5419        44.3931         2.9209         -42480.1093    -86369.4480         0.0000         0.0000      9178.2764        -119538.5450       298.7432   -128716.8214   -119536.4304       297.1848            284.8147       286.9124    156818.9721       142.7641       141.7673

WRITING EXTENDED SYSTEM TO RESTART FILE AT STEP 2260000
WRITING COORDINATES TO DCD FILE ../output/3_CLKWW.1.dcd AT STEP 2260000
WRITING COORDINATES TO RESTART FILE AT STEP 2260000
FINISHED WRITING RESTART COORDINATES
WRITING VELOCITIES TO RESTART FILE AT STEP 2260000
FINISHED WRITING RESTART VELOCITIES
PRESSURE: 2270000 1844.92 -195.115 -393.345 -195.112 -2719.17 64.2133 -393.344 64.2115 -133.875
GPRESSURE: 2270000 1902.98 -207.601 -423.736 -158.273 -2703.79 44.9983 -404.399 202.542 -198.444
PRESSAVG: 2270000 2336.75 -69.5905 -29.7361 -69.5905 -2194.85 0.227344 -29.7361 0.227344 169.507
GPRESSAVG: 2270000 2341.05 -59.4839 -25.7848 -76.0103 -2188.2 13.4768 -21.8314 -18.2099 156.818
TIMING: 2270000  CPU: 1991.26, 0.00086136/step  Wall: 1991.4, 0.000861496/step, 401.163 ns/days, 0.05504 hours remaining, 0.000000 MB of memory in use.
PERFORMANCE: 2270000  averaging 393.953 ns/day, 0.000877261 sec/step with standard deviation 7.78622e-06
ENERGY: 2270000        32.0947        63.1227        52.0552         1.7968         -42740.6918    -86157.5063         0.0000         0.0000      9138.5625        -119610.5663       297.4505   -128749.1288   -119546.0565       297.1404           -336.0434      -333.0832    157904.5674       103.8023       103.2223

WRITING EXTENDED SYSTEM TO RESTART FILE AT STEP 2270000
WRITING COORDINATES TO DCD FILE ../output/3_CLKWW.1.dcd AT STEP 2270000
WRITING COORDINATES TO RESTART FILE AT STEP 2270000
FINISHED WRITING RESTART COORDINATES
WRITING VELOCITIES TO RESTART FILE AT STEP 2270000
FINISHED WRITING RESTART VELOCITIES
PRESSURE: 2280000 2156.64 -103.062 -178.16 -103.065 -2671.4 31.261 -178.16 31.2585 207.23
GPRESSURE: 2280000 2152.16 -102.614 -163.545 -110.779 -2682.46 74.4714 -143.652 -41.488 204.925
PRESSAVG: 2280000 2307.87 -73.2943 -26.6889 -73.2943 -2227.02 -7.13778 -26.6889 -7.13778 184.762
GPRESSAVG: 2280000 2311.74 -60.3593 -22.8528 -76.9658 -2223.31 14.9944 -17.7271 -27.5256 175.437
TIMING: 2280000  CPU: 1999.92, 0.000865332/step  Wall: 2000.06, 0.00086547/step, 399.32 ns/days, 0.0528899 hours remaining, 0.000000 MB of memory in use.
PERFORMANCE: 2280000  averaging 393.977 ns/day, 0.000877209 sec/step with standard deviation 7.8082e-06
ENERGY: 2280000        20.5354        54.7276        44.6152         4.0050         -42470.7317    -86315.3317         0.0000         0.0000      9192.5476        -119469.6325       299.2077   -128662.1801   -119546.0204       297.2636           -102.5089      -108.4593    157473.3367        88.5362        87.9554

WRITING EXTENDED SYSTEM TO RESTART FILE AT STEP 2280000
WRITING COORDINATES TO DCD FILE ../output/3_CLKWW.1.dcd AT STEP 2280000
WRITING COORDINATES TO RESTART FILE AT STEP 2280000
FINISHED WRITING RESTART COORDINATES
WRITING VELOCITIES TO RESTART FILE AT STEP 2280000
FINISHED WRITING RESTART VELOCITIES
PRESSURE: 2290000 1822.73 38.894 160.027 38.891 -2930.34 344.507 160.029 344.507 308.415
GPRESSURE: 2290000 1791.56 -0.529497 36.5915 139.155 -2900.96 373.529 71.3447 331.476 281.875
PRESSAVG: 2290000 2271.2 -68.9888 -7.18657 -68.9888 -2295.5 29.5782 -7.18657 29.5782 159.729
GPRESSAVG: 2290000 2270 -63.1065 -10.6745 -62.9829 -2284.88 49.6813 0.212197 12.8371 146.914
TIMING: 2290000  CPU: 2008.61, 0.000869075/step  Wall: 2008.75, 0.000869131/step, 397.639 ns/days, 0.0506993 hours remaining, 0.000000 MB of memory in use.
PERFORMANCE: 2290000  averaging 393.992 ns/day, 0.000877174 sec/step with standard deviation 7.80933e-06
ENERGY: 2290000        23.8682        57.3085        45.4231         1.4019         -42687.6674    -86295.5700         0.0000         0.0000      9126.0528        -119729.1829       297.0433   -128855.2357   -119546.3665       297.3297           -266.3956      -275.8428    156718.6592        45.1398        44.0115

WRITING EXTENDED SYSTEM TO RESTART FILE AT STEP 2290000
WRITING COORDINATES TO DCD FILE ../output/3_CLKWW.1.dcd AT STEP 2290000
WRITING COORDINATES TO RESTART FILE AT STEP 2290000
FINISHED WRITING RESTART COORDINATES
WRITING VELOCITIES TO RESTART FILE AT STEP 2290000
FINISHED WRITING RESTART VELOCITIES
PRESSURE: 2300000 1925.04 -53.6298 133.557 -53.6294 -2409.61 -298.221 133.557 -298.22 -142.547
GPRESSURE: 2300000 1953.87 -21.7683 106.004 -65.6465 -2371.53 -305.333 133.625 -157.924 -203.771
PRESSAVG: 2300000 2268.25 -55.44 -7.03106 -55.44 -2320.31 15.5285 -7.03106 15.5285 153.325
GPRESSAVG: 2300000 2267.35 -41.3338 -9.84079 -55.5371 -2308.97 34.4431 0.602266 5.51807 140.181
TIMING: 2300000  CPU: 2017.3, 0.000869172/step  Wall: 2017.44, 0.000869178/step, 397.617 ns/days, 0.0482877 hours remaining, 0.000000 MB of memory in use.
PERFORMANCE: 2300000  averaging 394.008 ns/day, 0.000877139 sec/step with standard deviation 7.81008e-06
ETITLE:      TS           BOND          ANGLE          DIHED          IMPRP               ELECT            VDW       BOUNDARY           MISC        KINETIC               TOTAL           TEMP      POTENTIAL       TOTALAVG        TEMPAVG            PRESSURE      GPRESSURE         VOLUME       PRESSAVG      GPRESSAVG

ENERGY: 2300000        20.8408        63.2821        47.8555         2.3657         -42391.0525    -86270.8245         0.0000         0.0000      9253.2094        -119274.3236       301.1822   -128527.5330   -119541.0929       297.6138           -209.0387      -207.1436    157824.7042        33.7539        32.8545

WRITING EXTENDED SYSTEM TO RESTART FILE AT STEP 2300000
WRITING COORDINATES TO DCD FILE ../output/3_CLKWW.1.dcd AT STEP 2300000
WRITING COORDINATES TO RESTART FILE AT STEP 2300000
FINISHED WRITING RESTART COORDINATES
WRITING VELOCITIES TO RESTART FILE AT STEP 2300000
FINISHED WRITING RESTART VELOCITIES
PRESSURE: 2310000 1652.56 308.836 -1.01809 308.838 -2704.67 -637.98 -1.01955 -637.984 91.1376
GPRESSURE: 2310000 1713.95 347.919 13.9206 216.589 -2738.66 -629.491 38.6843 -582.768 60.7631
PRESSAVG: 2310000 2281.69 -34.9201 -12.4794 -34.9201 -2327.61 -5.38349 -12.4794 -5.38349 165.465
GPRESSAVG: 2310000 2285.52 -22.2598 -17.9285 -46.1828 -2322.58 12.2712 -4.03066 -12.652 153.474
TIMING: 2310000  CPU: 2025.99, 0.000869374/step  Wall: 2026.13, 0.000869363/step, 397.532 ns/days, 0.0458831 hours remaining, 0.000000 MB of memory in use.
PERFORMANCE: 2310000  averaging 394.023 ns/day, 0.000877106 sec/step with standard deviation 7.80986e-06
ENERGY: 2310000        27.8562        48.2897        49.1037         0.4512         -42596.1252    -86422.0023         0.0000         0.0000      9261.9164        -119630.5103       301.4656   -128892.4267   -119550.2027       297.7000           -320.3255      -321.3176    156288.0117        39.8496        38.8021

WRITING EXTENDED SYSTEM TO RESTART FILE AT STEP 2310000
WRITING COORDINATES TO DCD FILE ../output/3_CLKWW.1.dcd AT STEP 2310000
WRITING COORDINATES TO RESTART FILE AT STEP 2310000
FINISHED WRITING RESTART COORDINATES
WRITING VELOCITIES TO RESTART FILE AT STEP 2310000
FINISHED WRITING RESTART VELOCITIES
PRESSURE: 2320000 1518.84 125.62 81.801 125.618 -2741.07 289.915 81.8044 289.917 352.699
GPRESSURE: 2320000 1560.01 62.595 96.061 183.554 -2770.33 140.409 86.3296 285.74 338.081
PRESSAVG: 2320000 2204.76 -29.2263 -12.2841 -29.2263 -2389.82 6.62298 -12.2841 6.62298 155.834
GPRESSAVG: 2320000 2208.76 -16.5458 -21.5583 -40.6224 -2386.61 14.1219 -7.03926 -1.04473 146.079
TIMING: 2320000  CPU: 2034.69, 0.000869774/step  Wall: 2034.83, 0.000869848/step, 397.311 ns/days, 0.0434924 hours remaining, 0.000000 MB of memory in use.
PERFORMANCE: 2320000  averaging 394.037 ns/day, 0.000877074 sec/step with standard deviation 7.80749e-06
ENERGY: 2320000        20.5517        64.1597        48.6287         5.5590         -42579.2017    -86235.1665         0.0000         0.0000      9168.1465        -119507.3226       298.4135   -128675.4692   -119557.2069       297.5424           -289.8456      -290.7471    156964.3118        -9.7418       -10.5908

WRITING EXTENDED SYSTEM TO RESTART FILE AT STEP 2320000
WRITING COORDINATES TO DCD FILE ../output/3_CLKWW.1.dcd AT STEP 2320000
WRITING COORDINATES TO RESTART FILE AT STEP 2320000
FINISHED WRITING RESTART COORDINATES
WRITING VELOCITIES TO RESTART FILE AT STEP 2320000
FINISHED WRITING RESTART VELOCITIES
PRESSURE: 2330000 2464.58 -415.79 -219.82 -415.791 -1988.61 28.5053 -219.82 28.5021 -694.746
GPRESSURE: 2330000 2509.96 -282.409 -343.045 -490.083 -2035.36 40.9357 -287.115 100.151 -704.626
PRESSAVG: 2330000 2246.21 -45.8615 -21.7543 -45.8615 -2377.98 15.3876 -21.7543 15.3876 82.8473
GPRESSAVG: 2330000 2249.54 -34.4443 -29.8698 -55.8917 -2376.65 18.5656 -19.0923 13.4567 75.4245
TIMING: 2330000  CPU: 2043.38, 0.000868777/step  Wall: 2043.52, 0.00086882/step, 397.781 ns/days, 0.0410276 hours remaining, 0.000000 MB of memory in use.
PERFORMANCE: 2330000  averaging 394.053 ns/day, 0.000877039 sec/step with standard deviation 7.80939e-06
ENERGY: 2330000        27.7514        60.1015        55.6535         0.7886         -42456.5860    -86281.9540         0.0000         0.0000      9063.2641        -119530.9809       294.9996   -128594.2451   -119561.8636       297.4423            -72.9237       -76.6773    157131.4913       -16.3063       -17.2292

WRITING EXTENDED SYSTEM TO RESTART FILE AT STEP 2330000
WRITING COORDINATES TO DCD FILE ../output/3_CLKWW.1.dcd AT STEP 2330000
WRITING COORDINATES TO RESTART FILE AT STEP 2330000
FINISHED WRITING RESTART COORDINATES
WRITING VELOCITIES TO RESTART FILE AT STEP 2330000
FINISHED WRITING RESTART VELOCITIES
PRESSURE: 2340000 2170.74 47.412 469.97 47.4146 -1977.79 -81.4569 469.971 -81.4567 -317.462
GPRESSURE: 2340000 2245.82 20.3896 444.785 114.23 -2022.14 -66.7497 528.92 -142.493 -353.103
PRESSAVG: 2340000 2227.29 -22.4085 3.42782 -22.4085 -2385.02 6.27323 3.42782 6.27323 83.9577
GPRESSAVG: 2340000 2236.11 -12.9842 -8.61119 -26.3436 -2388.31 11.1254 6.54056 1.95139 75.7823
TIMING: 2340000  CPU: 2052.09, 0.000870842/step  Wall: 2052.23, 0.000870967/step, 396.801 ns/days, 0.0387096 hours remaining, 0.000000 MB of memory in use.
PERFORMANCE: 2340000  averaging 394.065 ns/day, 0.000877013 sec/step with standard deviation 7.80271e-06
ENERGY: 2340000        20.6061        56.7043        46.8587         5.7214         -42357.3412    -86474.4178         0.0000         0.0000      9129.0504        -119572.8180       297.1409   -128701.8684   -119563.2793       297.4545            -41.5043       -43.1388    156979.8567       -24.5913       -25.4716

WRITING EXTENDED SYSTEM TO RESTART FILE AT STEP 2340000
WRITING COORDINATES TO DCD FILE ../output/3_CLKWW.1.dcd AT STEP 2340000
WRITING COORDINATES TO RESTART FILE AT STEP 2340000
FINISHED WRITING RESTART COORDINATES
WRITING VELOCITIES TO RESTART FILE AT STEP 2340000
FINISHED WRITING RESTART VELOCITIES
PRESSURE: 2350000 1737.9 25.6474 -149.212 25.6458 -2034.37 -257.255 -149.212 -257.253 305.435
GPRESSURE: 2350000 1761.45 -53.0783 -215.031 -7.26769 -2033.53 -254.859 -128.697 -461.623 280.308
PRESSAVG: 2350000 2190.91 -19.1171 -7.11183 -19.1171 -2394.13 -5.18957 -7.11183 -5.18957 40.7189
GPRESSAVG: 2350000 2199.52 -13.7131 -26.7502 -21.9334 -2396.3 -1.95099 5.85514 -18.2473 32.8499
TIMING: 2350000  CPU: 2060.8, 0.000871029/step  Wall: 2060.94, 0.000871255/step, 396.669 ns/days, 0.0363023 hours remaining, 0.000000 MB of memory in use.
PERFORMANCE: 2350000  averaging 394.076 ns/day, 0.000876989 sec/step with standard deviation 7.79508e-06
ENERGY: 2350000        23.1569        50.3618        47.2529         0.4420         -42665.7663    -86322.0325         0.0000         0.0000      8998.7939        -119867.7911       292.9012   -128866.5851   -119580.7910       297.1176              2.9901         2.7402    157556.2691       -54.1664       -54.6442

WRITING EXTENDED SYSTEM TO RESTART FILE AT STEP 2350000
WRITING COORDINATES TO DCD FILE ../output/3_CLKWW.1.dcd AT STEP 2350000
WRITING COORDINATES TO RESTART FILE AT STEP 2350000
FINISHED WRITING RESTART COORDINATES
WRITING VELOCITIES TO RESTART FILE AT STEP 2350000
FINISHED WRITING RESTART VELOCITIES
PRESSURE: 2360000 3207.89 -330.374 -295.715 -330.373 -1515.02 119.545 -295.718 119.544 542.247
GPRESSURE: 2360000 3184.88 -226.744 -242.386 -426.954 -1556.54 145.837 -353.62 25.8233 626.627
PRESSAVG: 2360000 2255.41 -45.4459 -25.3094 -45.4459 -2340.96 5.29399 -25.3094 5.29399 43.1974
GPRESSAVG: 2360000 2260.35 -35.1255 -45.5638 -56.5346 -2342.56 15.7713 -23.2381 -11.663 40.2254
TIMING: 2360000  CPU: 2069.5, 0.000870169/step  Wall: 2069.64, 0.00087015/step, 397.173 ns/days, 0.0338391 hours remaining, 0.000000 MB of memory in use.
PERFORMANCE: 2360000  averaging 394.089 ns/day, 0.00087696 sec/step with standard deviation 7.79121e-06
ENERGY: 2360000        18.9140        54.5568        57.0138         1.9207         -42737.4291    -86256.9022         0.0000         0.0000      9017.7212        -119844.2048       293.5173   -128861.9261   -119591.3171       296.9587            745.0395       751.6554    157045.6494       -14.1178       -13.9946

WRITING EXTENDED SYSTEM TO RESTART FILE AT STEP 2360000
WRITING COORDINATES TO DCD FILE ../output/3_CLKWW.1.dcd AT STEP 2360000
WRITING COORDINATES TO RESTART FILE AT STEP 2360000
FINISHED WRITING RESTART COORDINATES
WRITING VELOCITIES TO RESTART FILE AT STEP 2360000
FINISHED WRITING RESTART VELOCITIES
PRESSURE: 2370000 2871.12 -145.301 -686.316 -145.302 -1286.91 -156.62 -686.316 -156.617 -73.3079
GPRESSURE: 2370000 2878.82 15.8127 -657.47 -258.653 -1186.22 -226.011 -606.084 -169.518 -181.897
PRESSAVG: 2370000 2300.5 -56.7986 -65.9769 -56.7986 -2270.91 -6.38271 -65.9769 -6.38271 83.2283
GPRESSAVG: 2370000 2307.47 -35.8942 -84.4168 -67.0958 -2269.9 -2.79697 -62.0333 -21.6651 74.7805
TIMING: 2370000  CPU: 2078.23, 0.000873572/step  Wall: 2078.38, 0.000873621/step, 395.595 ns/days, 0.0315474 hours remaining, 0.000000 MB of memory in use.
PERFORMANCE: 2370000  averaging 394.095 ns/day, 0.000876946 sec/step with standard deviation 7.77771e-06
ENERGY: 2370000        27.2111        71.2479        51.2428         4.2300         -42694.5163    -86194.4636         0.0000         0.0000      9161.9315        -119573.1166       298.2112   -128735.0481   -119588.3704       297.0646            503.6337       503.5679    156653.1092        37.6082        37.4485

WRITING EXTENDED SYSTEM TO RESTART FILE AT STEP 2370000
WRITING COORDINATES TO DCD FILE ../output/3_CLKWW.1.dcd AT STEP 2370000
WRITING COORDINATES TO RESTART FILE AT STEP 2370000
FINISHED WRITING RESTART COORDINATES
WRITING VELOCITIES TO RESTART FILE AT STEP 2370000
FINISHED WRITING RESTART VELOCITIES
PRESSURE: 2380000 2176.96 143.323 371.949 143.325 -2127.03 19.127 371.95 19.1262 -1057.12
GPRESSURE: 2380000 2118.25 12.6369 397.017 244.747 -2076.56 45.9073 356.111 -51.9947 -1057.8
PRESSAVG: 2380000 2291.28 -63.0586 -37.9784 -63.0586 -2274.65 1.37332 -37.9784 1.37332 22.4924
GPRESSAVG: 2380000 2293.52 -52.2685 -55.6172 -63.261 -2270.28 5.03232 -34.4471 -15.6555 14.2622
TIMING: 2380000  CPU: 2086.98, 0.000874375/step  Wall: 2087.12, 0.000874376/step, 395.253 ns/days, 0.0291459 hours remaining, 0.000000 MB of memory in use.
PERFORMANCE: 2380000  averaging 394.1 ns/day, 0.000876935 sec/step with standard deviation 7.76307e-06
ENERGY: 2380000        25.6514        65.7764        50.9313         1.6552         -42518.8913    -86330.0272         0.0000         0.0000      9114.7497        -119590.1544       296.6754   -128704.9041   -119581.6155       297.2261           -335.7295      -338.7050    157559.8061        13.0425        12.5031

WRITING EXTENDED SYSTEM TO RESTART FILE AT STEP 2380000
WRITING COORDINATES TO DCD FILE ../output/3_CLKWW.1.dcd AT STEP 2380000
WRITING COORDINATES TO RESTART FILE AT STEP 2380000
FINISHED WRITING RESTART COORDINATES
WRITING VELOCITIES TO RESTART FILE AT STEP 2380000
FINISHED WRITING RESTART VELOCITIES
PRESSURE: 2390000 3072.99 57.7602 -200.436 57.7618 -1874.32 187.806 -200.439 187.807 319.554
GPRESSURE: 2390000 3081.98 -63.8467 -101.58 83.9761 -1825.56 131.715 -236.608 160.205 274.21
PRESSAVG: 2390000 2335.31 -51.0032 -39.6787 -51.0032 -2242.78 22.0874 -39.6787 22.0874 52.2224
GPRESSAVG: 2390000 2338.59 -38.4273 -52.3985 -51.7885 -2240.28 21.9607 -37.3652 7.89749 45.2356
TIMING: 2390000  CPU: 2095.71, 0.000873322/step  Wall: 2095.86, 0.00087356/step, 395.623 ns/days, 0.0266921 hours remaining, 0.000000 MB of memory in use.
PERFORMANCE: 2390000  averaging 394.106 ns/day, 0.000876921 sec/step with standard deviation 7.74982e-06
ENERGY: 2390000        22.8080        62.2010        47.6321         1.1338         -42510.0354    -86356.1494         0.0000         0.0000      9067.6124        -119664.7975       295.1412   -128732.4099   -119578.0529       297.1476            506.0767       510.2088    157462.8903        48.2536        47.8474

WRITING EXTENDED SYSTEM TO RESTART FILE AT STEP 2390000
WRITING COORDINATES TO DCD FILE ../output/3_CLKWW.1.dcd AT STEP 2390000
WRITING COORDINATES TO RESTART FILE AT STEP 2390000
FINISHED WRITING RESTART COORDINATES
WRITING VELOCITIES TO RESTART FILE AT STEP 2390000
FINISHED WRITING RESTART VELOCITIES
PRESSURE: 2400000 2105.02 -257.827 300.67 -257.828 -2486.82 -21.4064 300.671 -21.4064 -1028.34
GPRESSURE: 2400000 2186 -257.294 341.369 -259.954 -2540.25 -145.188 272.072 208.626 -1067.62
PRESSAVG: 2400000 2285.52 -66.9545 -23.6251 -66.9545 -2278.07 3.01391 -23.6251 3.01391 7.41704
GPRESSAVG: 2400000 2294.01 -57.7068 -36.1737 -71.1022 -2277.12 -7.15355 -19.4791 4.1572 -4.32121
TIMING: 2400000  CPU: 2104.46, 0.000875264/step  Wall: 2104.61, 0.000875204/step, 394.88 ns/days, 0.0243112 hours remaining, 0.000000 MB of memory in use.
PERFORMANCE: 2400000  averaging 394.11 ns/day, 0.000876913 sec/step with standard deviation 7.73438e-06
ETITLE:      TS           BOND          ANGLE          DIHED          IMPRP               ELECT            VDW       BOUNDARY           MISC        KINETIC               TOTAL           TEMP      POTENTIAL       TOTALAVG        TEMPAVG            PRESSURE      GPRESSURE         VOLUME       PRESSAVG      GPRESSAVG

ENERGY: 2400000        30.1872        65.6690        49.5222         1.1345         -42326.1274    -86450.2010         0.0000         0.0000      9040.5625        -119589.2530       294.2607   -128629.8154   -119593.8449       296.8485           -470.0494      -473.9562    157673.1127         4.9571         4.1890

WRITING EXTENDED SYSTEM TO RESTART FILE AT STEP 2400000
WRITING COORDINATES TO DCD FILE ../output/3_CLKWW.1.dcd AT STEP 2400000
WRITING COORDINATES TO RESTART FILE AT STEP 2400000
FINISHED WRITING RESTART COORDINATES
WRITING VELOCITIES TO RESTART FILE AT STEP 2400000
FINISHED WRITING RESTART VELOCITIES
PRESSURE: 2410000 1388.43 204.107 -220.421 204.107 -2781.6 -482.296 -220.422 -482.294 -757.802
GPRESSURE: 2410000 1427.53 40.7602 -169.538 268.496 -2811.96 -603.748 -289.727 -409.839 -774.458
PRESSAVG: 2410000 2197.89 -43.4773 -18.16 -43.4773 -2323.21 -43.4161 -18.16 -43.4161 -40.2257
GPRESSAVG: 2410000 2211.98 -46.3017 -23.1868 -40.3387 -2322.03 -62.6271 -22.7432 -42.1396 -58.2478
TIMING: 2410000  CPU: 2113.18, 0.000872181/step  Wall: 2113.33, 0.000872211/step, 396.235 ns/days, 0.0218053 hours remaining, 0.000000 MB of memory in use.
PERFORMANCE: 2410000  averaging 394.118 ns/day, 0.000876894 sec/step with standard deviation 7.72419e-06
ENERGY: 2410000        18.0228        62.1332        47.9419         3.3844         -42204.0359    -86427.1937         0.0000         0.0000      9170.6548        -119329.0926       298.4951   -128499.7474   -119579.6698       297.1023           -716.9899      -719.6288    158205.6134       -55.1805       -56.0996

WRITING EXTENDED SYSTEM TO RESTART FILE AT STEP 2410000
WRITING COORDINATES TO DCD FILE ../output/3_CLKWW.1.dcd AT STEP 2410000
WRITING COORDINATES TO RESTART FILE AT STEP 2410000
FINISHED WRITING RESTART COORDINATES
WRITING VELOCITIES TO RESTART FILE AT STEP 2410000
FINISHED WRITING RESTART VELOCITIES
PRESSURE: 2420000 2332 114.488 199.665 114.487 -1990.6 160.128 199.665 160.13 -525.181
GPRESSURE: 2420000 2318.21 96.0367 200.959 116.812 -1952.59 132.142 197.426 215.607 -555.205
PRESSAVG: 2420000 2195.66 -39.1222 -33.0003 -39.1222 -2326.69 -18.0573 -33.0003 -18.0573 -84.5939
GPRESSAVG: 2420000 2207.26 -38.9702 -37.3853 -36.8173 -2321.16 -39.6954 -36.4305 -9.45471 -105.401
TIMING: 2420000  CPU: 2121.92, 0.000873575/step  Wall: 2122.07, 0.000873612/step, 395.599 ns/days, 0.0194136 hours remaining, 0.000000 MB of memory in use.
PERFORMANCE: 2420000  averaging 394.124 ns/day, 0.00087688 sec/step with standard deviation 7.71104e-06
ENERGY: 2420000        16.6588        62.4275        49.6076         3.5614         -42431.9162    -86350.4718         0.0000         0.0000      9114.0454        -119536.0874       296.6525   -128650.1328   -119581.0336       296.9042            -61.2619       -63.1934    156949.8642       -71.8770       -73.1004

WRITING EXTENDED SYSTEM TO RESTART FILE AT STEP 2420000
WRITING COORDINATES TO DCD FILE ../output/3_CLKWW.1.dcd AT STEP 2420000
WRITING COORDINATES TO RESTART FILE AT STEP 2420000
FINISHED WRITING RESTART COORDINATES
WRITING VELOCITIES TO RESTART FILE AT STEP 2420000
FINISHED WRITING RESTART VELOCITIES
PRESSURE: 2430000 2456.14 -24.522 -57.8173 -24.5219 -969.64 -364.543 -57.8149 -364.542 19.2156
GPRESSURE: 2430000 2497.31 -18.0345 -65.7944 -47.3116 -975.152 -510.918 -83.2277 -272.993 -5.21681
PRESSAVG: 2430000 2224.5 -31.6508 -29.8643 -31.6508 -2242.7 -46.2634 -29.8643 -46.2634 -65.1897
GPRESSAVG: 2430000 2237.61 -35.4618 -34.7226 -30.7932 -2238.54 -76.1358 -35.9784 -35.5193 -85.3377
TIMING: 2430000  CPU: 2130.64, 0.000871473/step  Wall: 2130.79, 0.000871549/step, 396.536 ns/days, 0.0169468 hours remaining, 0.000000 MB of memory in use.
PERFORMANCE: 2430000  averaging 394.134 ns/day, 0.000876858 sec/step with standard deviation 7.70269e-06
ENERGY: 2430000        17.7173        63.7918        40.5503         2.9568         -42794.4939    -86210.6351         0.0000         0.0000      9311.7607        -119568.3521       303.0879   -128880.1127   -119572.1416       297.3726            501.9061       505.6464    156148.5293       -27.7980       -28.7554

WRITING EXTENDED SYSTEM TO RESTART FILE AT STEP 2430000
WRITING COORDINATES TO DCD FILE ../output/3_CLKWW.1.dcd AT STEP 2430000
WRITING COORDINATES TO RESTART FILE AT STEP 2430000
FINISHED WRITING RESTART COORDINATES
WRITING VELOCITIES TO RESTART FILE AT STEP 2430000
FINISHED WRITING RESTART VELOCITIES
PRESSURE: 2440000 1910.35 170.474 315.425 170.473 -2195.47 -205.914 315.427 -205.912 -71.662
GPRESSURE: 2440000 1899.06 102.785 294.866 209.404 -2184.3 -304.82 349.817 -308.991 -87.004
PRESSAVG: 2440000 2175.35 -17.5842 -5.05724 -17.5842 -2229.6 -57.3021 -5.05724 -57.3021 -80.9344
GPRESSAVG: 2440000 2192.3 -24.6074 -8.64955 -12.7791 -2227.24 -90.4331 -7.71502 -53.7941 -103.127
TIMING: 2440000  CPU: 2139.38, 0.000874569/step  Wall: 2139.53, 0.000874607/step, 395.149 ns/days, 0.0145768 hours remaining, 0.000000 MB of memory in use.
PERFORMANCE: 2440000  averaging 394.138 ns/day, 0.000876849 sec/step with standard deviation 7.68817e-06
ENERGY: 2440000        32.4968        56.9405        44.5714         2.5012         -42535.2691    -86194.9843         0.0000         0.0000      9062.0093        -119531.7341       294.9588   -128593.7434   -119558.4292       297.4506           -118.9272      -124.0819    158097.8787       -45.0639       -46.0219

WRITING EXTENDED SYSTEM TO RESTART FILE AT STEP 2440000
WRITING COORDINATES TO DCD FILE ../output/3_CLKWW.1.dcd AT STEP 2440000
WRITING COORDINATES TO RESTART FILE AT STEP 2440000
FINISHED WRITING RESTART COORDINATES
WRITING VELOCITIES TO RESTART FILE AT STEP 2440000
FINISHED WRITING RESTART VELOCITIES
PRESSURE: 2450000 2294.37 -121.994 104.924 -121.992 -1654.22 117.903 104.924 117.902 -231.781
GPRESSURE: 2450000 2266.73 12.2691 76.8959 -144.004 -1676.72 125.096 231.388 201.963 -185.038
PRESSAVG: 2450000 2171.38 -19.4995 -2.71588 -19.4995 -2176.21 -66.6437 -2.71588 -66.6437 -94.3097
GPRESSAVG: 2450000 2189.86 -20.5613 -5.72509 -17.227 -2175.97 -97.8548 -3.40126 -53.3773 -115.926
TIMING: 2450000  CPU: 2148.08, 0.000870275/step  Wall: 2148.23, 0.00087026/step, 397.123 ns/days, 0.0120869 hours remaining, 0.000000 MB of memory in use.
PERFORMANCE: 2450000  averaging 394.151 ns/day, 0.000876822 sec/step with standard deviation 7.68394e-06
ENERGY: 2450000        26.8759        64.4523        47.4979         0.5936         -42723.4883    -86211.5102         0.0000         0.0000      9187.9452        -119607.6336       299.0579   -128795.5788   -119578.3050       297.4303            136.1234       134.9886    156787.7840       -33.0480       -34.0128

WRITING EXTENDED SYSTEM TO RESTART FILE AT STEP 2450000
WRITING COORDINATES TO DCD FILE ../output/3_CLKWW.1.dcd AT STEP 2450000
WRITING COORDINATES TO RESTART FILE AT STEP 2450000
FINISHED WRITING RESTART COORDINATES
WRITING VELOCITIES TO RESTART FILE AT STEP 2450000
FINISHED WRITING RESTART VELOCITIES
PRESSURE: 2460000 2625.74 -225.276 -205.501 -225.274 -1698.04 60.3352 -205.504 60.3351 -219.955
GPRESSURE: 2460000 2635.35 -289.049 -125.87 -179.898 -1691.09 63.5267 -267.892 43.6983 -253.233
PRESSAVG: 2460000 2186.75 -31.8164 -23.4885 -31.8164 -2137.84 -54.1222 -23.4885 -54.1222 -155.393
GPRESSAVG: 2460000 2204.29 -40.5882 -24.9764 -28.5931 -2136.79 -86.4275 -26.7653 -41.19 -178.032
TIMING: 2460000  CPU: 2156.75, 0.000866376/step  Wall: 2156.9, 0.000866452/step, 398.868 ns/days, 0.00962725 hours remaining, 0.000000 MB of memory in use.
PERFORMANCE: 2460000  averaging 394.169 ns/day, 0.00087678 sec/step with standard deviation 7.6967e-06
ENERGY: 2460000        21.7497        65.5811        44.4740         0.5430         -42189.3821    -86478.8650         0.0000         0.0000      9225.7113        -119310.1881       300.2871   -128535.8994   -119566.8871       297.5075            235.9141       230.3422    157213.1237       -35.4930       -36.8413

WRITING EXTENDED SYSTEM TO RESTART FILE AT STEP 2460000
WRITING COORDINATES TO DCD FILE ../output/3_CLKWW.1.dcd AT STEP 2460000
WRITING COORDINATES TO RESTART FILE AT STEP 2460000
FINISHED WRITING RESTART COORDINATES
WRITING VELOCITIES TO RESTART FILE AT STEP 2460000
FINISHED WRITING RESTART VELOCITIES
PRESSURE: 2470000 3186.87 -183.308 -197.175 -183.309 -1208.16 -78.8104 -197.172 -78.8101 923.434
GPRESSURE: 2470000 3220.06 -155.714 -125.821 -204.982 -1218.29 -149.974 -274.118 -221.29 902.297
PRESSAVG: 2470000 2253.85 -31.2263 -13.6799 -31.2263 -2062.28 -61.2733 -13.6799 -61.2733 -102.527
GPRESSAVG: 2470000 2270.15 -37.9938 -10.0807 -30.9286 -2062.51 -96.1761 -20.2512 -62.3816 -122.995
TIMING: 2470000  CPU: 2165.43, 0.000868178/step  Wall: 2165.58, 0.000868144/step, 398.091 ns/days, 0.00723453 hours remaining, 0.000000 MB of memory in use.
PERFORMANCE: 2470000  averaging 394.185 ns/day, 0.000876745 sec/step with standard deviation 7.70067e-06
ENERGY: 2470000        25.4667        63.1911        47.7531         2.7308         -42617.6289    -86165.4576         0.0000         0.0000      9193.0154        -119450.9294       299.2229   -128643.9448   -119558.9053       297.5961            967.3805       968.0217    156549.1670        29.6782        28.2140

WRITING EXTENDED SYSTEM TO RESTART FILE AT STEP 2470000
WRITING COORDINATES TO DCD FILE ../output/3_CLKWW.1.dcd AT STEP 2470000
WRITING COORDINATES TO RESTART FILE AT STEP 2470000
FINISHED WRITING RESTART COORDINATES
WRITING VELOCITIES TO RESTART FILE AT STEP 2470000
FINISHED WRITING RESTART VELOCITIES
PRESSURE: 2480000 2004.54 316.251 204.319 316.251 -2587.49 171.427 204.318 171.427 -563.383
GPRESSURE: 2480000 1935.73 318.946 219.396 349.119 -2567.71 268.698 180.555 134.406 -530.797
PRESSAVG: 2480000 2246.24 -10.2604 5.44398 -10.2604 -2058.09 -54.2649 5.44398 -54.2649 -141.058
GPRESSAVG: 2480000 2259.33 -16.9158 9.06641 -7.93366 -2056.77 -86.4648 -4.04088 -53.5869 -159.781
TIMING: 2480000  CPU: 2174.1, 0.00086728/step  Wall: 2174.25, 0.000867341/step, 398.459 ns/days, 0.00481856 hours remaining, 0.000000 MB of memory in use.
PERFORMANCE: 2480000  averaging 394.202 ns/day, 0.000876707 sec/step with standard deviation 7.70823e-06
ENERGY: 2480000        22.4897        54.6560        48.0656         1.3858         -42586.0942    -86277.2769         0.0000         0.0000      9185.6400        -119551.1342       298.9828   -128736.7741   -119562.9804       297.5849           -382.1095      -387.5912    157986.7748        15.6982        14.2574

WRITING EXTENDED SYSTEM TO RESTART FILE AT STEP 2480000
WRITING COORDINATES TO DCD FILE ../output/3_CLKWW.1.dcd AT STEP 2480000
WRITING COORDINATES TO RESTART FILE AT STEP 2480000
FINISHED WRITING RESTART COORDINATES
WRITING VELOCITIES TO RESTART FILE AT STEP 2480000
FINISHED WRITING RESTART VELOCITIES
PRESSURE: 2490000 1971.02 -208.72 -441.194 -208.72 -2395.55 -305.393 -441.196 -305.393 -182.041
GPRESSURE: 2490000 1959.03 -180.419 -545.989 -80.881 -2397.99 -360.134 -294.919 -277.32 -161.943
PRESSAVG: 2490000 2253.66 -22.641 -24.6172 -22.641 -2031.35 -86.7599 -24.6172 -86.7599 -165.581
GPRESSAVG: 2490000 2267.7 -25.9103 -20.0626 -18.9355 -2031.62 -123.148 -22.354 -84.0267 -181.972
TIMING: 2490000  CPU: 2182.76, 0.000865734/step  Wall: 2182.91, 0.000865841/step, 399.15 ns/days, 0.00240511 hours remaining, 0.000000 MB of memory in use.
PERFORMANCE: 2490000  averaging 394.222 ns/day, 0.000876664 sec/step with standard deviation 7.72344e-06
ENERGY: 2490000        23.6567        61.9546        44.7520         1.9311         -42511.4961    -86214.7099         0.0000         0.0000      9211.8919        -119382.0197       299.8373   -128593.9116   -119545.6222       297.7246           -202.1913      -200.3027    157668.6398        18.9084        18.0344

WRITING EXTENDED SYSTEM TO RESTART FILE AT STEP 2490000
WRITING COORDINATES TO DCD FILE ../output/3_CLKWW.1.dcd AT STEP 2490000
WRITING COORDINATES TO RESTART FILE AT STEP 2490000
FINISHED WRITING RESTART COORDINATES
WRITING VELOCITIES TO RESTART FILE AT STEP 2490000
FINISHED WRITING RESTART VELOCITIES
PRESSURE: 2500000 1000.85 -134.345 -187.244 -134.346 -3282.02 -22.4069 -187.243 -22.4068 -1031.58
GPRESSURE: 2500000 985.151 68.314 -27.7164 -211.718 -3293.63 -124.341 -217.151 -8.26136 -1025.66
PRESSAVG: 2500000 2207.45 -26.6768 -40.6573 -26.6768 -2074.97 -72.9692 -40.6573 -72.9692 -210.032
GPRESSAVG: 2500000 2219.26 -21.4062 -26.7487 -26.239 -2077.73 -114.098 -39.8929 -76.5436 -223.066
TIMING: 2500000  CPU: 2191.4, 0.000864375/step  Wall: 2191.56, 0.000864409/step, 399.811 ns/days, 0 hours remaining, 0.000000 MB of memory in use.
PERFORMANCE: 2500000  averaging 394.244 ns/day, 0.000876615 sec/step with standard deviation 7.74679e-06
ETITLE:      TS           BOND          ANGLE          DIHED          IMPRP               ELECT            VDW       BOUNDARY           MISC        KINETIC               TOTAL           TEMP      POTENTIAL       TOTALAVG        TEMPAVG            PRESSURE      GPRESSURE         VOLUME       PRESSAVG      GPRESSAVG

ENERGY: 2500000        20.6014        63.4640        42.1328         2.9475         -42302.2449    -86559.4615         0.0000         0.0000      8984.2318        -119748.3289       292.4272   -128732.5607   -119569.3225       297.2868          -1104.2496     -1111.3796    156982.9232       -25.8522       -27.1774

WRITING EXTENDED SYSTEM TO RESTART FILE AT STEP 2500000
WRITING COORDINATES TO DCD FILE ../output/3_CLKWW.1.dcd AT STEP 2500000
WRITING COORDINATES TO RESTART FILE AT STEP 2500000
FINISHED WRITING RESTART COORDINATES
WRITING VELOCITIES TO RESTART FILE AT STEP 2500000
FINISHED WRITING RESTART VELOCITIES
WRITING EXTENDED SYSTEM TO OUTPUT FILE AT STEP 2500000
CLOSING EXTENDED SYSTEM TRAJECTORY FILE
WRITING COORDINATES TO OUTPUT FILE AT STEP 2500000
CLOSING COORDINATE DCD FILE ../output/3_CLKWW.1.dcd
WRITING VELOCITIES TO OUTPUT FILE AT STEP 2500000
====================================================

WallClock: 2193.650635  CPUTime: 2193.233643  Memory: 0.000000 MB
[Partition 0][Node 0] End of program
