Charm++: standalone mode (not using charmrun)
Charm++> Running in Multicore mode: 8 threads (PEs)
Charm++> Using recursive bisection (scheme 3) for topology aware partitions
Converse/Charm++ Commit ID: 
CharmLB> Load balancer assumes all CPUs are same.
Charm++> cpu affinity enabled. 
Charm++> Running on 1 hosts (1 sockets x 12 cores x 1 PUs = 20-way SMP)
Charm++> cpu topology info is gathered in 0.000 seconds.
Pe 5 physical rank 5 will use CUDA device of pe 4
Info: Built with CUDA version 11080
Pe 4 physical rank 4 binding to CUDA device 0 on greedo: 'NVIDIA GeForce RTX 3060'  Mem: 12015MB  Rev: 8.6  PCI: 0:1:0
Pe 1 physical rank 1 will use CUDA device of pe 4
Pe 7 physical rank 7 will use CUDA device of pe 4
Pe 0 physical rank 0 will use CUDA device of pe 4
Pe 6 physical rank 6 will use CUDA device of pe 4
Pe 2 physical rank 2 will use CUDA device of pe 4
Pe 3 physical rank 3 will use CUDA device of pe 4
CharmLB> Load balancing instrumentation for communication is off.
Info: NAMD 3.0.2 for Linux-x86_64-multicore-CUDA
Info: 
Info: Please visit http://www.ks.uiuc.edu/Research/namd/
Info: for updates, documentation, and support information.
Info: 
Info: Please cite Phillips et al., J. Chem. Phys. 153:044130 (2020) doi:10.1063/5.0014475
Info: in all publications reporting results obtained with NAMD.
Info: 
Info: Based on Charm++/Converse 80000 for multicore-linux-x86_64-gcc
Info: Built Wed Aug 27 15:48:11 CDT 2025 by dhardy on athine.ks.uiuc.edu
Info: 1 NAMD  3.0.2  Linux-x86_64-multicore-CUDA  8    greedo  gespinoza
Info: Running on 8 processors, 1 nodes, 1 physical nodes.
Info: CPU topology information available.
Info: Charm++/Converse parallel runtime startup completed at 0.0648879 s
CkLoopLib is used in SMP with simple dynamic scheduling (converse-level notification)
Info: 0 MB of memory in use based on /proc/self/stat
Info: Configuration file is 02_eq_pamam_2_CLKW.0.namd
Info: Working in the current directory /mnt/data/Londro/CLK-peptids/2_CLKW/namd
TCL: Suspending until startup complete.
Info: EXTENDED SYSTEM FILE   ../output/01_min_2_CLKW.0.restart.xsc
Info: Tuning parameters to improve GPU-resident performance
Warning: The Langevin gamma parameters differ over the particles,
Warning: requiring extra work per step to constrain rigid bonds.
Warning: Disabling lonepair support due to incompatability with GPU-resident.
Info: Running with GPU-resident mode
Warning: Always using force tables for GPU nonbonded kernel due to unsupported config parameters.
Info: SIMULATION PARAMETERS:
Info: TIMESTEP               4
Info: NUMBER OF STEPS        5000000
Info: STEPS PER CYCLE        10
Info: PERIODIC CELL BASIS 1  50.463 0 0
Info: PERIODIC CELL BASIS 2  0 54.107 0
Info: PERIODIC CELL BASIS 3  0 0 72.525
Info: PERIODIC CELL CENTER   0 0 0
Info: WRAPPING ALL CLUSTERS AROUND PERIODIC BOUNDARIES ON OUTPUT.
Info: WRAPPING TO IMAGE NEAREST TO PERIODIC CELL CENTER.
Info: LOAD BALANCER  Centralized
Info: LOAD BALANCING STRATEGY  New Load Balancers -- DEFAULT
Info: LDB PERIOD             2000 steps
Info: FIRST LDB TIMESTEP     50
Info: LAST LDB TIMESTEP     -1
Info: LDB BACKGROUND SCALING 1
Info: HOM BACKGROUND SCALING 1
Info: PME BACKGROUND SCALING 1
Info: MIN ATOMS PER PATCH    40
Info: EMPTY PATCH LOAD       40 ATOMS
Info: VELOCITY FILE          ../output/01_min_2_CLKW.0.restart.vel
Info: CENTER OF MASS MOVING INITIALLY? YES
Info: DIELECTRIC             1
Info: EXCLUDE                SCALED ONE-FOUR
Info: 1-4 ELECTROSTATICS SCALED BY 1
Info: MODIFIED 1-4 VDW PARAMETERS WILL BE USED
Info: DCD FILENAME           ../output/02_eq_2_CLKW.0.dcd
Info: DCD FREQUENCY          10000
Info: DCD FIRST STEP         10000
Info: DCD FILE WILL CONTAIN UNIT CELL DATA
Info: XST FILENAME           ../output/02_eq_2_CLKW.0.xst
Info: XST FREQUENCY          10000
Info: NO VELOCITY DCD OUTPUT
Info: NO FORCE DCD OUTPUT
Info: OUTPUT FILENAME        ../output/02_eq_2_CLKW.0
Info: BINARY OUTPUT FILES WILL BE USED
Info: RESTART FILENAME       ../output/02_eq_2_CLKW.0.restart
Info: RESTART FREQUENCY      10000
Info: BINARY RESTART FILES WILL BE USED
Info: SWITCHING ACTIVE
Info: VDW FORCE SWITCHING ACTIVE
Info: SWITCHING ON           8
Info: SWITCHING OFF          9
Info: PAIRLIST DISTANCE      11
Info: PAIRLIST SHRINK RATE   0.01
Info: PAIRLIST GROW RATE     0.01
Info: PAIRLIST TRIGGER       0.3
Info: PAIRLISTS PER CYCLE    2
Info: PAIRLISTS ENABLED
Info: MARGIN                 4
Info: HYDROGEN GROUP CUTOFF  2.5
Info: PATCH DIMENSION        17.5
Info: ENERGY OUTPUT STEPS    10000
Info: ENERGY EVALUATION STEPS    10000
Info: OUTPUT ENERGY PRECISION 4
Info: CROSSTERM ENERGY INCLUDED IN DIHEDRAL
Info: TIMING OUTPUT STEPS    10000
Info: PRESSURE OUTPUT STEPS  10000
Info: LANGEVIN DYNAMICS ACTIVE
Info: LANGEVIN TEMPERATURE   300
Info: LANGEVIN USING BBK INTEGRATOR
Info: LANGEVIN DAMPING COEFFICIENT IS 1 INVERSE PS
Info: LANGEVIN DYNAMICS NOT APPLIED TO HYDROGENS
Info: LANGEVIN PISTON PRESSURE CONTROL ACTIVE
Info:        TARGET PRESSURE IS 1.01325 BAR
Info:     OSCILLATION PERIOD IS 400 FS
Info:             DECAY TIME IS 300 FS
Info:     PISTON TEMPERATURE IS 300 K
Info:       PRESSURE CONTROL IS GROUP-BASED
Info:    INITIAL STRAIN RATE IS 0 0 0
Info:       CELL FLUCTUATION IS ANISOTROPIC
Info:     SHAPE OF CELL IS CONSTRAINED IN X-Y PLANE
Info: PARTICLE MESH EWALD (PME) ACTIVE
Info: PME TOLERANCE               1e-06
Info: PME EWALD COEFFICIENT       0.348832
Info: PME INTERPOLATION ORDER     4
Info: PME GRID DIMENSIONS         44 48 64
Info: PME MAXIMUM GRID SPACING    1.2
Info: PME CALCULATION WILL BE PERFORMED ON GPU
Info: FULL ELECTROSTATIC EVALUATION FREQUENCY      1
Info: USING VERLET I (r-RESPA) MTS SCHEME.
Info: C1 SPLITTING OF LONG RANGE ELECTROSTATICS
Info: PLACING ATOMS IN PATCHES BY HYDROGEN GROUPS
Info: RIGID BONDS TO HYDROGEN : ALL
Info:         ERROR TOLERANCE : 1e-08
Info:          MAX ITERATIONS : 100
Info: RIGID WATER USING SETTLE ALGORITHM
Info: RANDOM NUMBER SEED     1768664365
Info: USE HYDROGEN BONDS?    NO
Info: COORDINATE PDB         ../build/final-sist-2_CLKW_ion.pdb
Info: STRUCTURE FILE         ../build/repart_2_CLKW.psf
Info: PARAMETER file: CHARMM format! 
Info: PARAMETERS             ../parameters/par_all36_prot_lipid_water_ions.prm
Info: PARAMETERS             ../parameters/par_all36_prot_lipid_water_ions_hyp.prm
Info: PARAMETERS             ../parameters/par_all36_cgenff.prm
Info: PARAMETERS             ../parameters/par_all36_prot.prm
Info: PARAMETERS             ../parameters/toppar_water_ions_cgenff.str
Info: PARAMETERS             ../parameters/par_interface.prm
Info: PARAMETERS             ../parameters/par_all36_carb.prm
Info: PARAMETERS             ../parameters/par_all36_na.prm
Info: PARAMETERS             ../parameters/par_all36_cgenff_edit_gold.prm
Info: USING ARITHMETIC MEAN TO COMBINE L-J SIGMA PARAMETERS
Info: BINARY COORDINATES     ../output/01_min_2_CLKW.0.restart.coor
Info: SKIPPING rtf SECTION IN STREAM FILE

Warning: DUPLICATE BOND ENTRY FOR CG2O7-OG2D5
PREVIOUS VALUES  k=986  x0=1.16
   USING VALUES  k=986  x0=1.17

Warning: DUPLICATE BOND ENTRY FOR CG331-NG2S3
PREVIOUS VALUES  k=261  x0=1.49
   USING VALUES  k=266  x0=1.46

Warning: DUPLICATE DIHEDRAL ENTRY FOR CG2R61-CG2R61-OG301-CG331
PREVIOUS VALUES MULTIPLICITY: 1
  k=1.74  n=2  delta=180
Warning: IDENTICAL PERIODICITY! REPLACING OLD VALUES BY: 
  k=1.58  n=2  delta=180
Warning: DUPLICATE vdW ENTRY FOR CG1T1
PREVIOUS VALUES  sigma=3.33196 epsilon=0.17 sigma14=3.33196 epsilon14=0.17
   USING VALUES  sigma=3.27851 epsilon=0.167 sigma14=3.27851 epsilon14=0.167
Warning: DUPLICATE vdW ENTRY FOR CLGR1
PREVIOUS VALUES  sigma=3.43887 epsilon=0.32 sigma14=3.43887 epsilon14=0.32
   USING VALUES  sigma=3.31414 epsilon=0.23 sigma14=3.31414 epsilon14=0.23
Warning: DUPLICATE vdW ENTRY FOR BRGR1
PREVIOUS VALUES  sigma=3.68832 epsilon=0.42 sigma14=3.68832 epsilon14=0.42
   USING VALUES  sigma=3.52796 epsilon=0.32 sigma14=3.52796 epsilon14=0.32
Warning: DUPLICATE vdW ENTRY FOR IGR1
PREVIOUS VALUES  sigma=3.90214 epsilon=0.55 sigma14=3.90214 epsilon14=0.55
   USING VALUES  sigma=3.99123 epsilon=0.52 sigma14=3.99123 epsilon14=0.52
Info: SUMMARY OF PARAMETERS:
Info: 2648 BONDS
Info: 10579 ANGLES
Info: 37618 DIHEDRAL
Info: 737 IMPROPER
Info: 18 CROSSTERM
Info: 802 VDW
Info: 77 VDW_PAIRS
Info: 0 NBTHOLE_PAIRS
Info: TIME FOR READING PSF FILE: 0.0602833
Info: Reading pdb file ../build/final-sist-2_CLKW_ion.pdb
Info: TIME FOR READING PDB FILE: 0.00974522
Info: 
Info: ****************************
Info: STRUCTURE SUMMARY:
Info: 16607 ATOMS
Info: 9514 BONDS
Info: 4862 ANGLES
Info: 211 DIHEDRALS
Info: 7 IMPROPERS
Info: 2 CROSSTERMS
Info: 0 EXCLUSIONS
Info: 14192 RIGID BONDS
Info: 35629 DEGREES OF FREEDOM
Info: 7132 HYDROGEN GROUPS
Info: 4 ATOMS IN LARGEST HYDROGEN GROUP
Info: 7132 MIGRATION GROUPS
Info: 4 ATOMS IN LARGEST MIGRATION GROUP
Info: TOTAL MASS = 553555 amu
Info: TOTAL CHARGE = 2.42144e-08 e
Info: MASS DENSITY = 4.64201 g/cm^3
Info: ATOM DENSITY = 0.0838643 atoms/A^3
Info: *****************************
Info: Reading from binary file ../output/01_min_2_CLKW.0.restart.coor
Info: 
Info: Entering startup at 2.05936 s, 0 MB of memory in use
Info: Startup phase 0 took 4.4957e-05 s, 0 MB of memory in use
Info: ADDED 14579 IMPLICIT EXCLUSIONS
Info: Startup phase 1 took 0.00895854 s, 0 MB of memory in use
Info: NONBONDED TABLE R-SQUARED SPACING: 0.0625
Info: NONBONDED TABLE SIZE: 705 POINTS
Info: INCONSISTENCY IN FAST TABLE ENERGY VS FORCE: 0.000290481 AT 0.251946
Info: INCONSISTENCY IN SCOR TABLE ENERGY VS FORCE: 0.000238233 AT 8.9687
Info: INCONSISTENCY IN VDWA TABLE ENERGY VS FORCE: 0.0040507 AT 0.251946
Info: ABSOLUTE IMPRECISION IN VDWB TABLE ENERGY: 2.06795e-25 AT 8.99653
Info: RELATIVE IMPRECISION IN VDWB TABLE ENERGY: 1.11702e-16 AT 8.99653
Info: INCONSISTENCY IN VDWB TABLE ENERGY VS FORCE: 0.00150189 AT 0.251946
Info: Startup phase 2 took 0.00304941 s, 0 MB of memory in use
Info: Startup phase 3 took 3.3541e-05 s, 0 MB of memory in use
Info: Startup phase 4 took 6.9786e-05 s, 0 MB of memory in use
Info: Startup phase 5 took 2.6558e-05 s, 0 MB of memory in use
Info: PATCH GRID IS 2 (PERIODIC) BY 3 (PERIODIC) BY 4 (PERIODIC)
Info: PATCH GRID IS 1-AWAY BY 1-AWAY BY 1-AWAY
Info: Reading from binary file ../output/01_min_2_CLKW.0.restart.vel
Info: LARGEST PATCH (23) HAS 810 ATOMS
Info: TORUS A SIZE 1 USING 0
Info: TORUS B SIZE 1 USING 0
Info: TORUS C SIZE 1 USING 0
Info: TORUS MINIMAL MESH SIZE IS 1 BY 1 BY 1
Info: Placed 100% of base nodes on same physical node as patch
Info: Startup phase 6 took 0.00406077 s, 0 MB of memory in use
Info: Use 3D box decompostion in PME FFT.
Info: PME using 1 x 1 x 1 pencil grid for FFT and reciprocal sum.
Info: Startup phase 7 took 0.000101348 s, 0 MB of memory in use
Info: Updated CUDA force table with 4096 elements.
Info: Updated CUDA LJ table with 484 x 484 elements.
Info: Startup phase 8 took 0.00211316 s, 0 MB of memory in use
Info: Startup phase 9 took 3.8192e-05 s, 0 MB of memory in use
Info: Startup phase 10 took 2.7923e-05 s, 0 MB of memory in use
Info: Startup phase 11 took 0.00219391 s, 0 MB of memory in use
LDB: Central LB being created...
Info: Startup phase 12 took 0.0012244 s, 0 MB of memory in use
Info: CREATING 568 COMPUTE OBJECTS
Info: Found 64 unique exclusion lists needing 160 bytes
Info: useSync: 0 useProxySync: 0
Info: Startup phase 13 took 0.010445 s, 0 MB of memory in use
Info: Startup phase 14 took 5.4646e-05 s, 0 MB of memory in use
Info: Startup phase 15 took 1.191e-05 s, 0 MB of memory in use
Info: Finished startup at 2.09182 s, 0 MB of memory in use

PRESSURE: 0 15248.1 -120.103 33.1374 -120.102 9591.99 18.117 33.1348 18.1152 -5004.69
GPRESSURE: 0 15248.3 -120.174 33.215 -120.016 9591.9 18.2071 33.2231 18.0687 -5004.7
ETITLE:      TS           BOND          ANGLE          DIHED          IMPRP               ELECT            VDW       BOUNDARY           MISC        KINETIC               TOTAL           TEMP      POTENTIAL       TOTALAVG        TEMPAVG            PRESSURE      GPRESSURE         VOLUME       PRESSAVG      GPRESSAVG

ENERGY:       0         3.7117        15.1012        28.7987         0.1996         -63625.7938    -84029.7331         0.0000         0.0000         0.0000        -147607.7156         0.0000   -147607.7156   -147607.7156         0.0000           6611.8164      6611.8225    198022.3718      6611.8164      6611.8225

OPENING EXTENDED SYSTEM TRAJECTORY FILE
Info: Initial time: 8 CPUs 0.000966959 s/step 357.409 ns/day 0 MB memory
Info: Initial time: 8 CPUs 0.000925889 s/step 373.263 ns/day 0 MB memory
Info: Initial time: 8 CPUs 0.000930807 s/step 371.291 ns/day 0 MB memory
Info: Benchmark time: 8 CPUs 0.000936415 s/step 369.067 ns/day 0 MB memory
Info: Benchmark time: 8 CPUs 0.000933456 s/step 370.237 ns/day 0 MB memory
Info: Benchmark time: 8 CPUs 0.000937756 s/step 368.539 ns/day 0 MB memory
Info: Benchmark time: 8 CPUs 0.000930272 s/step 371.504 ns/day 0 MB memory
Info: Benchmark time: 8 CPUs 0.000919094 s/step 376.023 ns/day 0 MB memory
Info: Benchmark time: 8 CPUs 0.000918777 s/step 376.152 ns/day 0 MB memory
PRESSURE: 10000 2013.95 -68.9641 -89.1203 -68.9642 -1398.19 -186.215 -89.1218 -186.213 -6.97496
GPRESSURE: 10000 2061.9 -52.6801 40.6744 -88.305 -1460.67 -139.585 -151.981 -116.165 10.5053
PRESSAVG: 10000 8631.04 -94.5331 -27.9935 -94.5331 4096.9 -84.049 -27.9935 -84.049 -2505.83
GPRESSAVG: 10000 8655.08 -86.427 36.9447 -104.16 4065.62 -60.6891 -59.3788 -49.0484 -2497.1
TIMING: 10000  CPU: 8.86494, 0.000884521/step  Wall: 8.86651, 0.000884597/step, 390.686 ns/days, 1.22615 hours remaining, 0.000000 MB of memory in use.
PERFORMANCE: 10000  averaging 390.686 ns/day, 0.000884597 sec/step with standard deviation 0
ENERGY:   10000        13.6749        51.4446        32.3306         1.4193         -51217.2597    -85239.8880         0.0000         0.0000     10562.6536        -125795.6247       298.3732   -136358.2783   -136701.6702       149.1866            202.9265       203.9118    181280.6526      3407.3714      3407.8672

WRITING EXTENDED SYSTEM TO RESTART FILE AT STEP 10000
OPENING COORDINATE DCD FILE
WRITING COORDINATES TO DCD FILE ../output/02_eq_2_CLKW.0.dcd AT STEP 10000
WRITING COORDINATES TO RESTART FILE AT STEP 10000
FINISHED WRITING RESTART COORDINATES
The last position output (seq=10000) takes 0.001 seconds, 0.000 MB of memory in use
WRITING VELOCITIES TO RESTART FILE AT STEP 10000
FINISHED WRITING RESTART VELOCITIES
The last velocity output (seq=10000) takes 0.000 seconds, 0.000 MB of memory in use
PRESSURE: 20000 1319.62 29.6417 228.254 29.6403 -2577.58 -65.8872 228.256 -65.8874 270.44
GPRESSURE: 20000 1315.01 -58.5072 280.454 94.1249 -2587.97 -66.3288 171.369 54.3636 269.718
PRESSAVG: 20000 6193.9 -53.1419 57.4229 -53.1419 1872.07 -77.9951 57.4229 -77.9951 -1580.41
GPRESSAVG: 20000 6208.39 -77.1204 118.114 -38.0653 1847.75 -62.569 17.537 -14.5777 -1574.82
TIMING: 20000  CPU: 17.6977, 0.000883277/step  Wall: 17.7001, 0.000883354/step, 391.236 ns/days, 1.22197 hours remaining, 0.000000 MB of memory in use.
PERFORMANCE: 20000  averaging 390.961 ns/day, 0.000883976 sec/step with standard deviation 8.78507e-07
ENERGY:   20000        19.9500        55.7142        31.1710         1.6255         -51260.6474    -85271.2510         0.0000         0.0000     10537.1383        -125886.2994       297.6524   -136423.4377   -133096.5466       198.6752           -329.1751      -334.4128    181047.1294      2161.8559      2160.4405

WRITING EXTENDED SYSTEM TO RESTART FILE AT STEP 20000
WRITING COORDINATES TO DCD FILE ../output/02_eq_2_CLKW.0.dcd AT STEP 20000
WRITING COORDINATES TO RESTART FILE AT STEP 20000
FINISHED WRITING RESTART COORDINATES
The last position output (seq=20000) takes 0.001 seconds, 0.000 MB of memory in use
WRITING VELOCITIES TO RESTART FILE AT STEP 20000
FINISHED WRITING RESTART VELOCITIES
The last velocity output (seq=20000) takes 0.000 seconds, 0.000 MB of memory in use
PRESSURE: 30000 1422.85 -27.1345 -6.3061 -27.1361 -2470.18 -300.938 -6.30528 -300.938 170.163
GPRESSURE: 30000 1361.77 45.5209 -18.4195 -79.147 -2444.75 -368.341 132.288 -261.796 185.985
PRESSAVG: 30000 5001.14 -46.6405 41.4909 -46.6405 786.509 -133.731 41.4909 -133.731 -1142.77
GPRESSAVG: 30000 4996.74 -46.4601 83.981 -48.3358 774.628 -139.012 46.2248 -76.3824 -1134.62
TIMING: 30000  CPU: 26.5619, 0.000886418/step  Wall: 26.5656, 0.000886553/step, 389.824 ns/days, 1.22394 hours remaining, 0.000000 MB of memory in use.
PERFORMANCE: 30000  averaging 390.581 ns/day, 0.000884835 sec/step with standard deviation 1.61259e-06
ENERGY:   30000        19.2223        50.9738        30.6478         3.1861         -51221.4982    -85314.3147         0.0000         0.0000     10444.1539        -125987.6288       295.0258   -136431.7827   -131319.3171       222.7629           -292.3911      -298.9983    182055.2605      1548.2942      1545.5808

WRITING EXTENDED SYSTEM TO RESTART FILE AT STEP 30000
WRITING COORDINATES TO DCD FILE ../output/02_eq_2_CLKW.0.dcd AT STEP 30000
WRITING COORDINATES TO RESTART FILE AT STEP 30000
FINISHED WRITING RESTART COORDINATES
The last position output (seq=30000) takes 0.001 seconds, 0.000 MB of memory in use
WRITING VELOCITIES TO RESTART FILE AT STEP 30000
FINISHED WRITING RESTART VELOCITIES
The last velocity output (seq=30000) takes 0.000 seconds, 0.000 MB of memory in use
PRESSURE: 40000 2691.38 18.2265 362.996 18.226 -1439.38 143.103 362.995 143.104 114.025
GPRESSURE: 40000 2756.91 37.4561 353.558 18.1136 -1428.54 193.29 365.272 144.489 40.3557
PRESSAVG: 40000 4539.19 -33.6672 105.792 -33.6672 341.331 -78.364 105.792 -78.364 -891.408
GPRESSAVG: 40000 4548.77 -29.6769 137.896 -35.0459 333.994 -72.5516 110.034 -32.208 -899.627
TIMING: 40000  CPU: 35.4166, 0.000885467/step  Wall: 35.421, 0.000885544/step, 390.268 ns/days, 1.22008 hours remaining, 0.000000 MB of memory in use.
PERFORMANCE: 40000  averaging 390.503 ns/day, 0.000885012 sec/step with standard deviation 1.36364e-06
ENERGY:   40000        11.2913        33.9761        35.9604         1.3754         -51368.7900    -85238.4004         0.0000         0.0000     10531.6395        -125992.9478       297.4971   -136524.5873   -130254.0433       237.7097            455.3413       456.2401    179837.1163      1329.7036      1327.7127

WRITING EXTENDED SYSTEM TO RESTART FILE AT STEP 40000
WRITING COORDINATES TO DCD FILE ../output/02_eq_2_CLKW.0.dcd AT STEP 40000
WRITING COORDINATES TO RESTART FILE AT STEP 40000
FINISHED WRITING RESTART COORDINATES
The last position output (seq=40000) takes 0.001 seconds, 0.000 MB of memory in use
WRITING VELOCITIES TO RESTART FILE AT STEP 40000
FINISHED WRITING RESTART VELOCITIES
The last velocity output (seq=40000) takes 0.000 seconds, 0.000 MB of memory in use
PRESSURE: 50000 1639.63 102.905 92.9374 102.906 -2450.37 -150.953 92.9368 -150.951 61.0096
GPRESSURE: 50000 1614.87 62.2081 159.993 126.192 -2445.6 -120.549 -40.9851 -24.2631 80.0404
PRESSAVG: 50000 4055.93 -10.9051 103.649 -10.9051 -123.952 -90.4618 103.649 -90.4618 -732.671
GPRESSAVG: 50000 4059.79 -14.3627 141.579 -8.17288 -129.271 -80.5513 84.8644 -30.8839 -736.349
TIMING: 50000  CPU: 44.2751, 0.000885853/step  Wall: 44.2798, 0.000885882/step, 390.12 ns/days, 1.21809 hours remaining, 0.000000 MB of memory in use.
PERFORMANCE: 50000  averaging 390.426 ns/day, 0.000885186 sec/step with standard deviation 1.2433e-06
ENERGY:   50000        23.3696        49.5160        32.0976         3.3047         -51010.3206    -85491.0607         0.0000         0.0000     10686.7363        -125706.3571       301.8783   -136393.0935   -129496.0956       248.4045           -249.9112      -250.2294    180509.1003      1066.4345      1064.7223

WRITING EXTENDED SYSTEM TO RESTART FILE AT STEP 50000
WRITING COORDINATES TO DCD FILE ../output/02_eq_2_CLKW.0.dcd AT STEP 50000
WRITING COORDINATES TO RESTART FILE AT STEP 50000
FINISHED WRITING RESTART COORDINATES
The last position output (seq=50000) takes 0.001 seconds, 0.000 MB of memory in use
WRITING VELOCITIES TO RESTART FILE AT STEP 50000
FINISHED WRITING RESTART VELOCITIES
The last velocity output (seq=50000) takes 0.000 seconds, 0.000 MB of memory in use
PRESSURE: 60000 1974.12 0.0671184 40.2111 0.0680161 -2087.21 114.997 40.2092 114.997 159.274
GPRESSURE: 60000 2005.9 148.624 42.6843 -21.4344 -2134.18 249.703 71.0602 -49.6645 169.525
PRESSAVG: 60000 3758.53 -9.33748 94.5863 -9.33748 -404.418 -61.1106 94.5863 -61.1106 -605.251
GPRESSAVG: 60000 3766.37 8.92113 127.451 -10.0674 -415.686 -33.3721 82.8923 -33.5668 -606.938
TIMING: 60000  CPU: 53.1507, 0.000887565/step  Wall: 53.1555, 0.000887562/step, 389.381 ns/days, 1.21793 hours remaining, 0.000000 MB of memory in use.
PERFORMANCE: 60000  averaging 390.252 ns/day, 0.000885582 sec/step with standard deviation 1.47551e-06
ENERGY:   60000        15.9789        49.5249        28.7230         1.9504         -51488.4578    -85260.0299         0.0000         0.0000     10598.2718        -126054.0386       299.3793   -136652.3104   -129004.3732       255.6866             15.3935        13.7504    180274.4319       916.2858       914.5835

WRITING EXTENDED SYSTEM TO RESTART FILE AT STEP 60000
WRITING COORDINATES TO DCD FILE ../output/02_eq_2_CLKW.0.dcd AT STEP 60000
WRITING COORDINATES TO RESTART FILE AT STEP 60000
FINISHED WRITING RESTART COORDINATES
The last position output (seq=60000) takes 0.001 seconds, 0.000 MB of memory in use
WRITING VELOCITIES TO RESTART FILE AT STEP 60000
FINISHED WRITING RESTART VELOCITIES
PRESSURE: 70000 2215.95 -311.737 -82.596 -311.738 -1576 -388.82 -82.5949 -388.821 -150.135
GPRESSURE: 70000 2182.05 -136.991 -150.039 -367.511 -1487.63 -483.818 -135.891 -351.099 -194.938
PRESSAVG: 70000 3565.7 -47.1376 72.4386 -47.1376 -550.866 -102.074 72.4386 -102.074 -548.361
GPRESSAVG: 70000 3568.33 -9.31794 92.7649 -54.7478 -549.679 -89.6779 55.5445 -73.2583 -555.438
TIMING: 70000  CPU: 62.0038, 0.000885308/step  Wall: 62.0113, 0.000885583/step, 390.252 ns/days, 1.21276 hours remaining, 0.000000 MB of memory in use.
PERFORMANCE: 70000  averaging 390.252 ns/day, 0.000885582 sec/step with standard deviation 1.34695e-06
ENERGY:   70000        17.2686        38.1814        33.8053         1.2826         -50925.4773    -85592.7004         0.0000         0.0000     10580.0929        -125847.5469       298.8658   -136427.6398   -128609.7699       261.0840            163.2722       166.4919    180463.9767       822.1591       821.0720

WRITING EXTENDED SYSTEM TO RESTART FILE AT STEP 70000
WRITING COORDINATES TO DCD FILE ../output/02_eq_2_CLKW.0.dcd AT STEP 70000
WRITING COORDINATES TO RESTART FILE AT STEP 70000
FINISHED WRITING RESTART COORDINATES
The last position output (seq=70000) takes 0.001 seconds, 0.000 MB of memory in use
WRITING VELOCITIES TO RESTART FILE AT STEP 70000
FINISHED WRITING RESTART VELOCITIES
PRESSURE: 80000 1717.95 363.797 201.573 363.794 -2085.22 -509.431 201.572 -509.43 -431.317
GPRESSURE: 80000 1687.37 495.994 178.18 323.413 -2049.46 -413.448 181.862 -475.09 -424.46
PRESSAVG: 80000 3360.4 -1.47857 86.7868 -1.47857 -721.35 -147.336 86.7868 -147.336 -535.356
GPRESSAVG: 80000 3359.34 46.8278 102.255 -12.73 -716.322 -125.652 69.5797 -117.906 -540.885
TIMING: 80000  CPU: 70.898, 0.00088942/step  Wall: 70.9067, 0.000889543/step, 388.514 ns/days, 1.21571 hours remaining, 0.000000 MB of memory in use.
PERFORMANCE: 80000  averaging 390.034 ns/day, 0.000886077 sec/step with standard deviation 1.8751e-06
ENERGY:   80000        14.4334        54.4166        36.6999         0.6328         -50851.0442    -85607.2753         0.0000         0.0000     10587.0289        -125765.1079       299.0617   -136352.1368   -128293.6963       265.3037           -266.1946      -262.1839    181031.8641       701.2309       700.7103

WRITING EXTENDED SYSTEM TO RESTART FILE AT STEP 80000
WRITING COORDINATES TO DCD FILE ../output/02_eq_2_CLKW.0.dcd AT STEP 80000
WRITING COORDINATES TO RESTART FILE AT STEP 80000
FINISHED WRITING RESTART COORDINATES
The last position output (seq=80000) takes 0.001 seconds, 0.000 MB of memory in use
WRITING VELOCITIES TO RESTART FILE AT STEP 80000
FINISHED WRITING RESTART VELOCITIES
PRESSURE: 90000 1809.79 421.05 460.046 421.051 -2340.1 -23.103 460.045 -23.1039 -962.738
GPRESSURE: 90000 1788.62 507.296 371.739 439.27 -2338.55 59.5306 510.906 -48.9166 -941.878
PRESSAVG: 90000 3205.34 40.7744 124.113 40.7744 -883.224 -134.913 124.113 -134.913 -578.094
GPRESSAVG: 90000 3202.27 92.8746 129.204 32.47 -878.544 -107.134 113.712 -111.007 -580.984
TIMING: 90000  CPU: 79.808, 0.000890998/step  Wall: 79.8185, 0.000891182/step, 387.8 ns/days, 1.21547 hours remaining, 0.000000 MB of memory in use.
PERFORMANCE: 90000  averaging 389.784 ns/day, 0.000886644 sec/step with standard deviation 2.44365e-06
ENERGY:   90000        14.3557        41.9321        32.3152         1.3138         -51232.7465    -85435.1065         0.0000         0.0000     10545.8220        -126032.1142       297.8977   -136577.9362   -128067.5381       268.5631           -497.6812      -497.2687    180108.7153       581.3397       580.9124

WRITING EXTENDED SYSTEM TO RESTART FILE AT STEP 90000
WRITING COORDINATES TO DCD FILE ../output/02_eq_2_CLKW.0.dcd AT STEP 90000
WRITING COORDINATES TO RESTART FILE AT STEP 90000
FINISHED WRITING RESTART COORDINATES
The last position output (seq=90000) takes 0.001 seconds, 0.000 MB of memory in use
WRITING VELOCITIES TO RESTART FILE AT STEP 90000
FINISHED WRITING RESTART VELOCITIES
PRESSURE: 100000 1711.65 -220.903 155.81 -220.904 -1846.94 205.424 155.808 205.424 -142.008
GPRESSURE: 100000 1776 -328.995 270.345 -149.962 -1885.43 125.155 110.084 271.573 -143.876
PRESSAVG: 100000 3069.55 16.9855 126.994 16.9855 -970.835 -103.973 126.994 -103.973 -538.45
GPRESSAVG: 100000 3072.61 54.5228 142.035 15.8853 -970.079 -86.0168 113.383 -76.2273 -541.247
TIMING: 100000  CPU: 88.6956, 0.000888764/step  Wall: 88.7066, 0.000888804/step, 388.837 ns/days, 1.20976 hours remaining, 0.000000 MB of memory in use.
PERFORMANCE: 100000  averaging 389.689 ns/day, 0.00088686 sec/step with standard deviation 2.40302e-06
ETITLE:      TS           BOND          ANGLE          DIHED          IMPRP               ELECT            VDW       BOUNDARY           MISC        KINETIC               TOTAL           TEMP      POTENTIAL       TOTALAVG        TEMPAVG            PRESSURE      GPRESSURE         VOLUME       PRESSAVG      GPRESSAVG

ENERGY:  100000        12.7561        47.5172        37.8553         2.6453         -51371.7280    -85236.2141         0.0000         0.0000     10423.2805        -126083.8876       294.4362   -136507.1682   -127887.2062       270.9152            -92.4321       -84.4327    180498.1641       520.0877       520.4264

WRITING EXTENDED SYSTEM TO RESTART FILE AT STEP 100000
WRITING COORDINATES TO DCD FILE ../output/02_eq_2_CLKW.0.dcd AT STEP 100000
WRITING COORDINATES TO RESTART FILE AT STEP 100000
FINISHED WRITING RESTART COORDINATES
The last position output (seq=100000) takes 0.001 seconds, 0.000 MB of memory in use
WRITING VELOCITIES TO RESTART FILE AT STEP 100000
FINISHED WRITING RESTART VELOCITIES
PRESSURE: 110000 1360.36 -8.08439 152.098 -8.08293 -1914.72 -140.487 152.101 -140.486 371.761
GPRESSURE: 110000 1372.98 -21.1008 258.489 34.2806 -1919.12 -29.1262 85.6277 -157.35 363.568
PRESSAVG: 110000 2927.12 14.8964 129.086 14.8964 -1049.49 -107.016 129.086 -107.016 -462.599
GPRESSAVG: 110000 2930.97 48.2209 151.739 17.4182 -1049.17 -81.2759 111.07 -82.9875 -465.846
TIMING: 110000  CPU: 97.569, 0.000887337/step  Wall: 97.582, 0.000887544/step, 389.389 ns/days, 1.20558 hours remaining, 0.000000 MB of memory in use.
PERFORMANCE: 110000  averaging 389.662 ns/day, 0.000886923 sec/step with standard deviation 2.289e-06
ENERGY:  110000        16.0841        47.0852        34.3454         1.6136         -51170.1449    -85521.2200         0.0000         0.0000     10439.8698        -126152.3668       294.9048   -136592.2365   -127742.6363       272.9144            -60.8660       -60.8575    180917.4223       471.6749       471.9861

WRITING EXTENDED SYSTEM TO RESTART FILE AT STEP 110000
WRITING COORDINATES TO DCD FILE ../output/02_eq_2_CLKW.0.dcd AT STEP 110000
WRITING COORDINATES TO RESTART FILE AT STEP 110000
FINISHED WRITING RESTART COORDINATES
WRITING VELOCITIES TO RESTART FILE AT STEP 110000
FINISHED WRITING RESTART VELOCITIES
PRESSURE: 120000 2045.61 241.826 -137.821 241.826 -2077.17 -39.4497 -137.82 -39.4501 442.886
GPRESSURE: 120000 1973.78 105.193 -27.229 238.629 -1997.74 -64.7636 -84.5155 45.9572 450.111
PRESSAVG: 120000 2859.31 32.3525 108.555 32.3525 -1128.54 -101.819 108.555 -101.819 -392.946
GPRESSAVG: 120000 2857.34 52.6034 137.973 34.4344 -1122.13 -80.0058 96.0246 -73.0687 -395.388
TIMING: 120000  CPU: 106.454, 0.000888465/step  Wall: 106.467, 0.000888454/step, 388.99 ns/days, 1.20435 hours remaining, 0.000000 MB of memory in use.
PERFORMANCE: 120000  averaging 389.606 ns/day, 0.00088705 sec/step with standard deviation 2.22681e-06
ENERGY:  120000        11.9018        53.5246        31.4454         0.5749         -51023.4571    -85467.0691         0.0000         0.0000     10685.9439        -125707.1356       301.8559   -136393.0794   -127586.0593       275.1406            137.1070       142.0507    180906.5494       445.9389       446.6065

WRITING EXTENDED SYSTEM TO RESTART FILE AT STEP 120000
WRITING COORDINATES TO DCD FILE ../output/02_eq_2_CLKW.0.dcd AT STEP 120000
WRITING COORDINATES TO RESTART FILE AT STEP 120000
FINISHED WRITING RESTART COORDINATES
WRITING VELOCITIES TO RESTART FILE AT STEP 120000
FINISHED WRITING RESTART VELOCITIES
PRESSURE: 130000 1765.31 -49.9221 76.5827 -49.9238 -2421.36 277.443 76.5822 277.443 -181.544
GPRESSURE: 130000 1708.36 -99.0134 144.612 -53.8033 -2451.9 116.674 49.7569 168.501 -97.6188
PRESSAVG: 130000 2781.16 26.4756 106.271 26.4756 -1220.89 -74.7284 106.271 -74.7284 -377.846
GPRESSAVG: 130000 2775.27 41.7736 138.447 28.1317 -1217.12 -65.9572 92.7198 -55.8137 -374.119
TIMING: 130000  CPU: 115.333, 0.000887925/step  Wall: 115.348, 0.000888181/step, 389.11 ns/days, 1.20151 hours remaining, 0.000000 MB of memory in use.
PERFORMANCE: 130000  averaging 389.568 ns/day, 0.000887137 sec/step with standard deviation 2.15494e-06
ENERGY:  130000        16.7122        49.7685        26.2909         1.7062         -50956.6419    -85535.3316         0.0000         0.0000     10427.1274        -125970.3685       294.5448   -136397.4958   -127470.6528       276.5266           -279.1996      -280.3857    181589.6126       394.1433       394.6784

WRITING EXTENDED SYSTEM TO RESTART FILE AT STEP 130000
WRITING COORDINATES TO DCD FILE ../output/02_eq_2_CLKW.0.dcd AT STEP 130000
WRITING COORDINATES TO RESTART FILE AT STEP 130000
FINISHED WRITING RESTART COORDINATES
WRITING VELOCITIES TO RESTART FILE AT STEP 130000
FINISHED WRITING RESTART VELOCITIES
PRESSURE: 140000 2064.98 -102.48 304.684 -102.48 -1579.16 -550.687 304.682 -550.688 376.904
GPRESSURE: 140000 2070.23 -81.6394 223.722 12.9453 -1623.81 -573.092 384.654 -609.498 423.61
PRESSAVG: 140000 2733.42 17.8786 119.499 17.8786 -1244.77 -106.459 119.499 -106.459 -327.53
GPRESSAVG: 140000 2728.27 33.5461 144.132 27.1193 -1244.23 -99.7662 112.182 -92.726 -320.937
TIMING: 140000  CPU: 124.219, 0.000888567/step  Wall: 124.233, 0.00088851/step, 388.966 ns/days, 1.19949 hours remaining, 0.000000 MB of memory in use.
PERFORMANCE: 140000  averaging 389.525 ns/day, 0.000887235 sec/step with standard deviation 2.10264e-06
ENERGY:  140000        15.0805        45.5715        31.2449         0.8848         -51202.7702    -85385.0339         0.0000         0.0000     10551.8079        -125943.2145       298.0668   -136495.0224   -127368.8236       277.9627            287.5760       290.0114    180644.6181       387.0388       387.7006

WRITING EXTENDED SYSTEM TO RESTART FILE AT STEP 140000
WRITING COORDINATES TO DCD FILE ../output/02_eq_2_CLKW.0.dcd AT STEP 140000
WRITING COORDINATES TO RESTART FILE AT STEP 140000
FINISHED WRITING RESTART COORDINATES
WRITING VELOCITIES TO RESTART FILE AT STEP 140000
FINISHED WRITING RESTART VELOCITIES
PRESSURE: 150000 2187.25 -30.9663 -155.387 -30.9653 -1262 -501.463 -155.386 -501.466 572.518
GPRESSURE: 150000 2178.22 -169.629 -175.954 -63.7511 -1226.54 -557.232 -182.785 -438.197 547.683
PRESSAVG: 150000 2699.28 14.8258 102.318 14.8258 -1245.85 -131.147 102.318 -131.147 -271.277
GPRESSAVG: 150000 2693.89 20.8476 124.126 21.4399 -1243.12 -128.358 93.7466 -114.318 -266.648
TIMING: 150000  CPU: 133.105, 0.000888613/step  Wall: 133.122, 0.000888881/step, 388.804 ns/days, 1.19752 hours remaining, 0.000000 MB of memory in use.
PERFORMANCE: 150000  averaging 389.477 ns/day, 0.000887345 sec/step with standard deviation 2.07023e-06
ENERGY:  150000        19.4579        42.4945        34.0328         1.2018         -51503.3895    -85030.2867         0.0000         0.0000     10659.6570        -125776.8322       301.1133   -136436.4892   -127269.3241       279.4096            499.2543       499.7902    180349.5431       394.0523       394.7062

WRITING EXTENDED SYSTEM TO RESTART FILE AT STEP 150000
WRITING COORDINATES TO DCD FILE ../output/02_eq_2_CLKW.0.dcd AT STEP 150000
WRITING COORDINATES TO RESTART FILE AT STEP 150000
FINISHED WRITING RESTART COORDINATES
WRITING VELOCITIES TO RESTART FILE AT STEP 150000
FINISHED WRITING RESTART VELOCITIES
PRESSURE: 160000 2552.98 -96.505 -250.507 -96.5057 -1924.02 -49.9135 -250.507 -49.9141 -231.111
GPRESSURE: 160000 2597.61 -59.2989 -295.406 -168.003 -1938.38 -3.25636 -263.338 -5.41234 -254.677
PRESSAVG: 160000 2690.68 8.27691 81.564 8.27691 -1285.74 -126.369 81.564 -126.369 -268.914
GPRESSAVG: 160000 2688.23 16.1331 99.4481 10.2962 -1284.02 -120.999 72.7416 -107.912 -265.944
TIMING: 160000  CPU: 141.996, 0.000889099/step  Wall: 142.015, 0.000889303/step, 388.619 ns/days, 1.19562 hours remaining, 0.000000 MB of memory in use.
PERFORMANCE: 160000  averaging 389.423 ns/day, 0.000887467 sec/step with standard deviation 2.05906e-06
ENERGY:  160000        15.8999        46.5241        30.0115         2.8048         -51304.5708    -85194.9663         0.0000         0.0000     10522.7542        -125881.5426       297.2461   -136404.2968   -127187.6899       280.4588            132.6167       134.8513    181097.7501       378.6737       379.4207

WRITING EXTENDED SYSTEM TO RESTART FILE AT STEP 160000
WRITING COORDINATES TO DCD FILE ../output/02_eq_2_CLKW.0.dcd AT STEP 160000
WRITING COORDINATES TO RESTART FILE AT STEP 160000
FINISHED WRITING RESTART COORDINATES
WRITING VELOCITIES TO RESTART FILE AT STEP 160000
FINISHED WRITING RESTART VELOCITIES
PRESSURE: 170000 2306.38 270.222 276.022 270.221 -1467.22 199.856 276.023 199.857 -31.1165
GPRESSURE: 170000 2304.94 214.361 310.19 325.195 -1443.35 197.87 296.965 125.849 -35.6491
PRESSAVG: 170000 2669.33 22.8294 92.3672 22.8294 -1295.82 -108.245 92.3672 -108.245 -255.703
GPRESSAVG: 170000 2666.93 27.1458 111.156 27.7906 -1292.87 -103.284 85.1985 -94.925 -253.15
TIMING: 170000  CPU: 150.878, 0.000888261/step  Wall: 150.898, 0.000888255/step, 389.077 ns/days, 1.19174 hours remaining, 0.000000 MB of memory in use.
PERFORMANCE: 170000  averaging 389.402 ns/day, 0.000887514 sec/step with standard deviation 2.00282e-06
ENERGY:  170000        12.0203        43.6400        34.1070         0.8324         -51046.1730    -85464.5040         0.0000         0.0000     10546.4070        -125873.6705       297.9142   -136420.0774   -127114.6888       281.4285            269.3456       275.3126    180467.0288       372.5999       373.6369

WRITING EXTENDED SYSTEM TO RESTART FILE AT STEP 170000
WRITING COORDINATES TO DCD FILE ../output/02_eq_2_CLKW.0.dcd AT STEP 170000
WRITING COORDINATES TO RESTART FILE AT STEP 170000
FINISHED WRITING RESTART COORDINATES
WRITING VELOCITIES TO RESTART FILE AT STEP 170000
FINISHED WRITING RESTART VELOCITIES
PRESSURE: 180000 1207.6 -161.888 -312.879 -161.885 -2295.93 3.85677 -312.882 3.85737 -762.865
GPRESSURE: 180000 1193.07 -166.153 -496.904 -282.953 -2208.99 -33.983 -268.845 59.4187 -844.251
PRESSAVG: 180000 2592.39 13.1076 71.0383 13.1076 -1348.46 -102.345 71.0383 -102.345 -282.396
GPRESSAVG: 180000 2589.36 16.9721 79.1528 11.4356 -1341.09 -99.6365 66.5647 -86.8016 -284.26
TIMING: 180000  CPU: 159.792, 0.000891411/step  Wall: 159.814, 0.000891637/step, 387.602 ns/days, 1.1938 hours remaining, 0.000000 MB of memory in use.
PERFORMANCE: 180000  averaging 389.302 ns/day, 0.000887743 sec/step with standard deviation 2.17252e-06
ENERGY:  180000        20.8764        39.2858        35.9307         1.8413         -51102.7663    -85582.2852         0.0000         0.0000     10474.3578        -126112.7596       295.8790   -136587.1174   -127061.9557       282.1891           -617.0651      -620.0585    180928.6429       320.5123       321.3371

WRITING EXTENDED SYSTEM TO RESTART FILE AT STEP 180000
WRITING COORDINATES TO DCD FILE ../output/02_eq_2_CLKW.0.dcd AT STEP 180000
WRITING COORDINATES TO RESTART FILE AT STEP 180000
FINISHED WRITING RESTART COORDINATES
WRITING VELOCITIES TO RESTART FILE AT STEP 180000
FINISHED WRITING RESTART VELOCITIES
PRESSURE: 190000 2262.64 -229.702 -275.475 -229.704 -1974.02 49.9115 -275.474 49.9093 219.679
GPRESSURE: 190000 2358.36 -188.466 -247.546 -203.858 -2038.7 202.607 -284.635 43.2178 198.898
PRESSAVG: 190000 2575.91 0.966988 53.7127 0.966988 -1379.74 -94.7321 53.7127 -94.7321 -257.292
GPRESSAVG: 190000 2577.81 6.70023 62.8179 0.670953 -1375.97 -84.5244 49.0047 -80.3007 -260.102
TIMING: 190000  CPU: 168.692, 0.00088998/step  Wall: 168.713, 0.000889927/step, 388.347 ns/days, 1.18904 hours remaining, 0.000000 MB of memory in use.
PERFORMANCE: 190000  averaging 389.252 ns/day, 0.000887858 sec/step with standard deviation 2.16996e-06
ENERGY:  190000        12.6265        42.4811        30.2514         1.7519         -51111.9538    -85367.2231         0.0000         0.0000     10441.1153        -125950.9507       294.9400   -136392.0660   -127006.4055       282.8266            169.4323       172.8523    180263.7275       312.9583       313.9129

WRITING EXTENDED SYSTEM TO RESTART FILE AT STEP 190000
WRITING COORDINATES TO DCD FILE ../output/02_eq_2_CLKW.0.dcd AT STEP 190000
WRITING COORDINATES TO RESTART FILE AT STEP 190000
FINISHED WRITING RESTART COORDINATES
WRITING VELOCITIES TO RESTART FILE AT STEP 190000
FINISHED WRITING RESTART VELOCITIES
PRESSURE: 200000 2316.27 361.324 -121.044 361.324 -1991.31 -16.108 -121.046 -16.1084 443.16
GPRESSURE: 200000 2260.38 371.857 -56.3327 233.912 -1959.25 -38.9467 -273.937 66.0871 473.717
PRESSAVG: 200000 1929.31 25.0383 46.0037 25.0383 -1958.91 -96.4433 46.0037 -96.4433 15.1005
GPRESSAVG: 200000 1928.42 31.3018 58.3405 18.3673 -1953.53 -87.3821 33.6467 -77.8997 13.8185
TIMING: 200000  CPU: 177.573, 0.000888083/step  Wall: 177.595, 0.000888178/step, 389.111 ns/days, 1.18424 hours remaining, 0.000000 MB of memory in use.
PERFORMANCE: 200000  averaging 389.245 ns/day, 0.000887874 sec/step with standard deviation 2.11329e-06
ETITLE:      TS           BOND          ANGLE          DIHED          IMPRP               ELECT            VDW       BOUNDARY           MISC        KINETIC               TOTAL           TEMP      POTENTIAL       TOTALAVG        TEMPAVG            PRESSURE      GPRESSURE         VOLUME       PRESSAVG      GPRESSAVG

ENERGY:  200000        18.5058        54.1137        29.5801         0.5047         -51071.8015    -85538.5974         0.0000         0.0000     10527.3055        -125980.3891       297.3747   -136507.6946   -125925.0391       297.6954            256.0403       258.2824    180399.9634        -4.8305        -3.7641

WRITING EXTENDED SYSTEM TO RESTART FILE AT STEP 200000
WRITING COORDINATES TO DCD FILE ../output/02_eq_2_CLKW.0.dcd AT STEP 200000
WRITING COORDINATES TO RESTART FILE AT STEP 200000
FINISHED WRITING RESTART COORDINATES
WRITING VELOCITIES TO RESTART FILE AT STEP 200000
FINISHED WRITING RESTART VELOCITIES
PRESSURE: 210000 1607.61 -98.0461 -119.797 -98.0486 -1796.02 62.4208 -119.796 62.4195 719.948
GPRESSURE: 210000 1593.01 -69.927 -35.5492 -99.9759 -1776.05 67.0771 -134.891 9.17741 725.082
PRESSAVG: 210000 1909 23.5841 44.47 23.5841 -1978.8 -84.0116 44.47 -84.0116 51.4466
GPRESSAVG: 210000 1904.97 30.4394 54.5293 17.7838 -1969.3 -77.0489 34.5012 -71.6326 49.5474
TIMING: 210000  CPU: 186.45, 0.000887699/step  Wall: 186.474, 0.000887847/step, 389.256 ns/days, 1.18133 hours remaining, 0.000000 MB of memory in use.
PERFORMANCE: 210000  averaging 389.245 ns/day, 0.000887872 sec/step with standard deviation 2.05979e-06
ENERGY:  210000        14.3968        49.8881        29.1132         2.6928         -51100.3397    -85433.5200         0.0000         0.0000     10505.6395        -125932.1292       296.7627   -136437.7687   -125931.8644       297.6148            177.1795       180.6822    181382.6575        -6.1179        -4.9256

WRITING EXTENDED SYSTEM TO RESTART FILE AT STEP 210000
WRITING COORDINATES TO DCD FILE ../output/02_eq_2_CLKW.0.dcd AT STEP 210000
WRITING COORDINATES TO RESTART FILE AT STEP 210000
FINISHED WRITING RESTART COORDINATES
WRITING VELOCITIES TO RESTART FILE AT STEP 210000
FINISHED WRITING RESTART VELOCITIES
PRESSURE: 220000 1831.1 269.217 401.526 269.215 -2334.69 -178.51 401.526 -178.511 460.89
GPRESSURE: 220000 1829.58 265.918 224.407 322.104 -2301.58 -160.523 564.783 -299.109 419.109
PRESSAVG: 220000 1934.57 35.5628 53.1335 35.5628 -1966.65 -89.6428 53.1335 -89.6428 60.9691
GPRESSAVG: 220000 1930.7 46.6607 51.727 29.1828 -1954.98 -81.7586 54.1719 -89.3062 57.0169
TIMING: 220000  CPU: 195.356, 0.000890582/step  Wall: 195.38, 0.00089066/step, 388.027 ns/days, 1.1826 hours remaining, 0.000000 MB of memory in use.
PERFORMANCE: 220000  averaging 389.19 ns/day, 0.000887999 sec/step with standard deviation 2.09618e-06
ENERGY:  220000        17.7914        45.3434        29.3489         1.3305         -50902.3275    -85396.1465         0.0000         0.0000     10607.4528        -125597.2070       299.6387   -136204.6598   -125917.4098       297.7141            -14.2332       -17.6325    181554.5680         9.6292        10.9134

WRITING EXTENDED SYSTEM TO RESTART FILE AT STEP 220000
WRITING COORDINATES TO DCD FILE ../output/02_eq_2_CLKW.0.dcd AT STEP 220000
WRITING COORDINATES TO RESTART FILE AT STEP 220000
FINISHED WRITING RESTART COORDINATES
WRITING VELOCITIES TO RESTART FILE AT STEP 220000
FINISHED WRITING RESTART VELOCITIES
PRESSURE: 230000 2618.88 -423.255 -78.6061 -423.258 -1684.88 210.828 -78.6061 210.829 -244.9
GPRESSURE: 230000 2606.67 -309.232 -105.988 -412.08 -1664.45 207.568 -81.7349 183.046 -251.192
PRESSAVG: 230000 1994.37 15.7567 49.5184 15.7567 -1927.39 -64.0544 49.5184 -64.0544 40.216
GPRESSAVG: 230000 1992.95 28.9231 47.3486 12.5361 -1915.96 -52.9632 43.4707 -67.0641 35.158
TIMING: 230000  CPU: 204.228, 0.000887221/step  Wall: 204.254, 0.000887346/step, 389.476 ns/days, 1.17573 hours remaining, 0.000000 MB of memory in use.
PERFORMANCE: 230000  averaging 389.202 ns/day, 0.000887971 sec/step with standard deviation 2.0525e-06
ENERGY:  230000        14.3504        53.3687        29.2008         4.8527         -51372.9589    -85444.9389         0.0000         0.0000     10532.3247        -126183.8006       297.5165   -136716.1253   -125927.2183       297.8387            229.7004       230.3420    180296.8764        35.7338        37.3804

WRITING EXTENDED SYSTEM TO RESTART FILE AT STEP 230000
WRITING COORDINATES TO DCD FILE ../output/02_eq_2_CLKW.0.dcd AT STEP 230000
WRITING COORDINATES TO RESTART FILE AT STEP 230000
FINISHED WRITING RESTART COORDINATES
WRITING VELOCITIES TO RESTART FILE AT STEP 230000
FINISHED WRITING RESTART VELOCITIES
PRESSURE: 240000 2771.67 128.86 154.574 128.861 -1894.49 185.639 154.574 185.64 19.3099
GPRESSURE: 240000 2790.5 103.757 71.6568 229.091 -1885.6 234.523 192.522 153.101 -12.5558
PRESSAVG: 240000 1998.39 21.2885 39.0974 21.2885 -1950.14 -61.9276 39.0974 -61.9276 35.4803
GPRESSAVG: 240000 1994.63 32.2381 33.2535 23.085 -1938.82 -50.9015 34.8332 -66.6335 32.5125
TIMING: 240000  CPU: 213.126, 0.000889792/step  Wall: 213.153, 0.000889967/step, 388.329 ns/days, 1.17673 hours remaining, 0.000000 MB of memory in use.
PERFORMANCE: 240000  averaging 389.166 ns/day, 0.000888054 sec/step with standard deviation 2.04833e-06
ENERGY:  240000        14.6327        43.0931        34.4267         0.7477         -50784.5997    -85524.9583         0.0000         0.0000     10539.4574        -125677.2005       297.7179   -136216.6579   -125911.4310       297.8497            298.8279       297.4468    180715.1065        27.9081        29.4408

WRITING EXTENDED SYSTEM TO RESTART FILE AT STEP 240000
WRITING COORDINATES TO DCD FILE ../output/02_eq_2_CLKW.0.dcd AT STEP 240000
WRITING COORDINATES TO RESTART FILE AT STEP 240000
FINISHED WRITING RESTART COORDINATES
WRITING VELOCITIES TO RESTART FILE AT STEP 240000
FINISHED WRITING RESTART VELOCITIES
PRESSURE: 250000 1865.4 16.3337 -175.923 16.3359 -1361.61 -134.069 -175.921 -134.069 348.625
GPRESSURE: 250000 1801.62 -135.187 -62.6721 13.6463 -1317.23 -150.959 -337.12 -178.264 366.887
PRESSAVG: 250000 2009.68 16.96 25.6546 16.96 -1895.7 -61.0835 25.6546 -61.0835 49.8611
GPRESSAVG: 250000 2003.96 22.3684 22.1203 17.4577 -1882.4 -52.422 20.0265 -74.3336 46.8548
TIMING: 250000  CPU: 222.017, 0.000889139/step  Wall: 222.047, 0.000889342/step, 388.602 ns/days, 1.17344 hours remaining, 0.000000 MB of memory in use.
PERFORMANCE: 250000  averaging 389.143 ns/day, 0.000888105 sec/step with standard deviation 2.02169e-06
ENERGY:  250000        16.4872        46.7549        27.5963         4.6304         -51215.8270    -85313.5770         0.0000         0.0000     10578.9753        -125854.9598       298.8342   -136433.9351   -125918.8611       297.6975            284.1382       283.7589    181213.8006        54.6106        56.1402

WRITING EXTENDED SYSTEM TO RESTART FILE AT STEP 250000
WRITING COORDINATES TO DCD FILE ../output/02_eq_2_CLKW.0.dcd AT STEP 250000
WRITING COORDINATES TO RESTART FILE AT STEP 250000
FINISHED WRITING RESTART COORDINATES
WRITING VELOCITIES TO RESTART FILE AT STEP 250000
FINISHED WRITING RESTART VELOCITIES
PRESSURE: 260000 2104.96 -445.479 -442.607 -445.48 -2307.99 4.82926 -442.607 4.83064 352.761
GPRESSURE: 260000 2120 -440.082 -428.043 -584.282 -2228.01 30.777 -367.625 2.13172 252.042
PRESSAVG: 260000 2016.22 -5.3174 1.51372 -5.3174 -1906.74 -66.5918 1.51372 -66.5918 59.5354
GPRESSAVG: 260000 2009.67 -7.06691 -1.41608 -10.6847 -1887.09 -63.3683 -1.90779 -71.7438 50.9806
TIMING: 260000  CPU: 230.909, 0.000889139/step  Wall: 230.94, 0.000889269/step, 388.634 ns/days, 1.17087 hours remaining, 0.000000 MB of memory in use.
PERFORMANCE: 260000  averaging 389.123 ns/day, 0.00088815 sec/step with standard deviation 1.99395e-06
ENERGY:  260000        15.1293        44.0700        34.6127         2.0351         -51092.6344    -85319.3760         0.0000         0.0000     10461.7037        -125854.4597       295.5216   -136316.1633   -125908.8822       297.5046             49.9099        48.0100    181132.1730        56.3364        57.8532

WRITING EXTENDED SYSTEM TO RESTART FILE AT STEP 260000
WRITING COORDINATES TO DCD FILE ../output/02_eq_2_CLKW.0.dcd AT STEP 260000
WRITING COORDINATES TO RESTART FILE AT STEP 260000
FINISHED WRITING RESTART COORDINATES
WRITING VELOCITIES TO RESTART FILE AT STEP 260000
FINISHED WRITING RESTART VELOCITIES
PRESSURE: 270000 1929.44 -100.663 -106.814 -100.66 -2391.54 232.004 -106.814 232.003 -581.841
GPRESSURE: 270000 1897.2 -204.551 -135.451 -85.8405 -2409.92 235.712 -73.0417 260.111 -517.696
PRESSAVG: 270000 2001.89 5.23653 0.302775 5.23653 -1947.52 -35.5506 0.302775 -35.5506 37.9501
GPRESSAVG: 270000 1995.43 -10.4449 -0.686678 3.39884 -1933.2 -27.3918 1.23466 -41.1833 34.8427
TIMING: 270000  CPU: 239.805, 0.000889581/step  Wall: 239.836, 0.000889609/step, 388.485 ns/days, 1.16885 hours remaining, 0.000000 MB of memory in use.
PERFORMANCE: 270000  averaging 389.1 ns/day, 0.000888204 sec/step with standard deviation 1.97529e-06
ENERGY:  270000        14.9010        40.1053        30.5549         1.6447         -51013.0970    -85451.4409         0.0000         0.0000     10593.0962        -125784.2358       299.2331   -136377.3320   -125905.7166       297.5230           -347.9817      -343.4730    180723.5557        30.7737        32.3549

WRITING EXTENDED SYSTEM TO RESTART FILE AT STEP 270000
WRITING COORDINATES TO DCD FILE ../output/02_eq_2_CLKW.0.dcd AT STEP 270000
WRITING COORDINATES TO RESTART FILE AT STEP 270000
FINISHED WRITING RESTART COORDINATES
WRITING VELOCITIES TO RESTART FILE AT STEP 270000
FINISHED WRITING RESTART VELOCITIES
PRESSURE: 280000 1570.55 -153.248 -78.3322 -153.251 -2236.12 -99.8269 -78.333 -99.8263 -273.36
GPRESSURE: 280000 1611.96 -76.5552 -87.0776 -296.944 -2256.04 -116.415 -110.871 -75.2543 -285.52
PRESSAVG: 280000 1994.52 -20.6157 -13.6925 -20.6157 -1955.07 -15.0704 -13.6925 -15.0704 45.8479
GPRESSAVG: 280000 1991.66 -39.0723 -13.9496 -27.619 -1943.53 -12.5401 -13.402 -21.1915 41.7897
TIMING: 280000  CPU: 248.695, 0.000889037/step  Wall: 248.728, 0.000889248/step, 388.643 ns/days, 1.1659 hours remaining, 0.000000 MB of memory in use.
PERFORMANCE: 280000  averaging 389.083 ns/day, 0.000888241 sec/step with standard deviation 1.94838e-06
ENERGY:  280000        15.2893        40.8617        28.3990         1.3683         -51015.7551    -85447.7554         0.0000         0.0000     10512.5894        -125865.0028       296.9590   -136377.5922   -125910.7114       297.4179           -312.9764      -309.8671    181297.0136        28.4346        29.9708

WRITING EXTENDED SYSTEM TO RESTART FILE AT STEP 280000
WRITING COORDINATES TO DCD FILE ../output/02_eq_2_CLKW.0.dcd AT STEP 280000
WRITING COORDINATES TO RESTART FILE AT STEP 280000
FINISHED WRITING RESTART COORDINATES
WRITING VELOCITIES TO RESTART FILE AT STEP 280000
FINISHED WRITING RESTART VELOCITIES
PRESSURE: 290000 1848.69 20.8147 76.2363 20.812 -1649.48 -248.601 76.2362 -248.603 -558.961
GPRESSURE: 290000 1819.65 -16.2043 179.685 15.2 -1599.94 -154.866 49.6905 -359.995 -591.621
PRESSAVG: 290000 1996.47 -40.6277 -32.8829 -40.6277 -1920.53 -26.3454 -32.8829 -26.3454 66.0368
GPRESSAVG: 290000 1993.21 -65.2473 -23.5523 -48.8225 -1906.6 -23.26 -36.4627 -36.7454 59.3026
TIMING: 290000  CPU: 257.595, 0.000890048/step  Wall: 257.63, 0.000890178/step, 388.237 ns/days, 1.16465 hours remaining, 0.000000 MB of memory in use.
PERFORMANCE: 290000  averaging 389.054 ns/day, 0.000888308 sec/step with standard deviation 1.94676e-06
ENERGY:  290000        12.7535        45.3365        29.6985         4.8727         -50938.2472    -85476.2129         0.0000         0.0000     10487.7505        -125834.0484       296.2573   -136321.7989   -125900.8081       297.3358           -119.9168      -123.9729    181515.1960        47.3229        48.6355

WRITING EXTENDED SYSTEM TO RESTART FILE AT STEP 290000
WRITING COORDINATES TO DCD FILE ../output/02_eq_2_CLKW.0.dcd AT STEP 290000
WRITING COORDINATES TO RESTART FILE AT STEP 290000
FINISHED WRITING RESTART COORDINATES
WRITING VELOCITIES TO RESTART FILE AT STEP 290000
FINISHED WRITING RESTART VELOCITIES
PRESSURE: 300000 1946.03 -67.7908 -30.7315 -67.7888 -2227.79 99.8278 -30.7303 99.8291 -95.9976
GPRESSURE: 300000 1903.15 -29.2903 -139.051 -101.33 -2216.23 17.3772 -35.799 145.083 -72.8288
PRESSAVG: 300000 2008.19 -32.9719 -42.2099 -32.9719 -1939.58 -31.6251 -42.2099 -31.6251 68.3373
GPRESSAVG: 300000 1999.56 -50.2621 -44.0221 -46.3909 -1923.14 -28.6489 -43.7569 -43.0699 62.8549
TIMING: 300000  CPU: 266.488, 0.000889249/step  Wall: 266.524, 0.000889433/step, 388.562 ns/days, 1.1612 hours remaining, 0.000000 MB of memory in use.
PERFORMANCE: 300000  averaging 389.038 ns/day, 0.000888346 sec/step with standard deviation 1.92389e-06
ETITLE:      TS           BOND          ANGLE          DIHED          IMPRP               ELECT            VDW       BOUNDARY           MISC        KINETIC               TOTAL           TEMP      POTENTIAL       TOTALAVG        TEMPAVG            PRESSURE      GPRESSURE         VOLUME       PRESSAVG      GPRESSAVG

ENERGY:  300000        18.5444        43.6225        28.7175         1.9275         -50646.7949    -85721.7925         0.0000         0.0000     10585.9440        -125689.8315       299.0311   -136275.7754   -125881.1053       297.5656           -125.9198      -128.6339    180542.0508        45.6485        46.4255

WRITING EXTENDED SYSTEM TO RESTART FILE AT STEP 300000
WRITING COORDINATES TO DCD FILE ../output/02_eq_2_CLKW.0.dcd AT STEP 300000
WRITING COORDINATES TO RESTART FILE AT STEP 300000
FINISHED WRITING RESTART COORDINATES
WRITING VELOCITIES TO RESTART FILE AT STEP 300000
FINISHED WRITING RESTART VELOCITIES
PRESSURE: 310000 2079.26 -200.877 -148.63 -200.879 -2398.42 298.292 -148.629 298.293 -112.292
GPRESSURE: 310000 2094.25 -119.555 -147.617 -173.853 -2422.7 325.266 -228.844 226.023 -86.0582
PRESSAVG: 310000 2044.13 -42.6117 -57.2463 -42.6117 -1963.76 -9.6862 -57.2463 -9.6862 44.1346
GPRESSAVG: 310000 2035.63 -55.1848 -64.3273 -56.7976 -1948.32 -10.9293 -59.4805 -23.9012 40.3736
TIMING: 310000  CPU: 275.377, 0.000888943/step  Wall: 275.415, 0.000889027/step, 388.739 ns/days, 1.1582 hours remaining, 0.000000 MB of memory in use.
PERFORMANCE: 310000  averaging 389.028 ns/day, 0.000888368 sec/step with standard deviation 1.89551e-06
ENERGY:  310000        15.8828        35.0377        29.6119         1.1030         -51329.0712    -85261.9488         0.0000         0.0000     10424.2453        -126085.1392       294.4634   -136509.3846   -125877.7439       297.5435           -143.8173      -138.1714    180982.5948        41.5009        42.5598

WRITING EXTENDED SYSTEM TO RESTART FILE AT STEP 310000
WRITING COORDINATES TO DCD FILE ../output/02_eq_2_CLKW.0.dcd AT STEP 310000
WRITING COORDINATES TO RESTART FILE AT STEP 310000
FINISHED WRITING RESTART COORDINATES
WRITING VELOCITIES TO RESTART FILE AT STEP 310000
FINISHED WRITING RESTART VELOCITIES
PRESSURE: 320000 3045.25 100.729 -145.957 100.731 -966.127 89.9438 -145.959 89.9427 -32.4651
GPRESSURE: 320000 3056.29 56.4206 -221.958 18.6616 -983.064 109.216 -161.03 -26.7552 -41.2168
PRESSAVG: 320000 2094.11 -49.6665 -57.6533 -49.6665 -1908.21 -3.21656 -57.6533 -3.21656 20.3671
GPRESSAVG: 320000 2089.75 -57.6235 -74.0638 -67.796 -1897.59 -2.23028 -63.3062 -27.5368 15.8072
TIMING: 320000  CPU: 284.249, 0.000887204/step  Wall: 284.289, 0.000887433/step, 389.438 ns/days, 1.15366 hours remaining, 0.000000 MB of memory in use.
PERFORMANCE: 320000  averaging 389.041 ns/day, 0.000888338 sec/step with standard deviation 1.872e-06
ENERGY:  320000        15.2148        45.8204        28.3932         2.2957         -51261.2861    -85256.1996         0.0000         0.0000     10596.4028        -125829.3588       299.3265   -136425.7616   -125883.8550       297.4170            682.2193       677.3360    179960.6503        68.7565        69.3241

WRITING EXTENDED SYSTEM TO RESTART FILE AT STEP 320000
WRITING COORDINATES TO DCD FILE ../output/02_eq_2_CLKW.0.dcd AT STEP 320000
WRITING COORDINATES TO RESTART FILE AT STEP 320000
FINISHED WRITING RESTART COORDINATES
WRITING VELOCITIES TO RESTART FILE AT STEP 320000
FINISHED WRITING RESTART VELOCITIES
PRESSURE: 330000 1974.23 -86.1414 -268.086 -86.141 -1735.96 134.88 -268.086 134.88 244.404
GPRESSURE: 330000 1916.42 -42.8094 -346.266 -144.105 -1675.57 95.7786 -170.752 156.43 256.101
PRESSAVG: 330000 2104.56 -51.4773 -74.8867 -51.4773 -1873.94 -10.3447 -74.8867 -10.3447 41.6644
GPRESSAVG: 330000 2100.16 -54.8133 -98.6077 -72.311 -1858.77 -3.27506 -74.3316 -28.1404 33.4932
TIMING: 330000  CPU: 293.138, 0.000888838/step  Wall: 293.179, 0.000889018/step, 388.744 ns/days, 1.15325 hours remaining, 0.000000 MB of memory in use.
PERFORMANCE: 330000  averaging 389.032 ns/day, 0.000888359 sec/step with standard deviation 1.8463e-06
ENERGY:  330000        17.4640        47.8794        27.1168         2.3193         -50980.5764    -85443.3595         0.0000         0.0000     10558.4582        -125770.6983       298.2547   -136329.1565   -125873.8715       297.6025            160.8911       165.6507    180880.6112        90.7611        91.6259

WRITING EXTENDED SYSTEM TO RESTART FILE AT STEP 330000
WRITING COORDINATES TO DCD FILE ../output/02_eq_2_CLKW.0.dcd AT STEP 330000
WRITING COORDINATES TO RESTART FILE AT STEP 330000
FINISHED WRITING RESTART COORDINATES
WRITING VELOCITIES TO RESTART FILE AT STEP 330000
FINISHED WRITING RESTART VELOCITIES
PRESSURE: 340000 2048.52 11.2343 270.609 11.2327 -1610.41 -139.777 270.611 -139.777 386.579
GPRESSURE: 340000 2039.45 37.1682 336.328 -22.4294 -1623.08 -182.334 218.927 -90.7205 416.464
PRESSAVG: 340000 2103.73 -45.7917 -76.5903 -45.7917 -1875.5 10.2009 -76.5903 10.2009 42.1482
GPRESSAVG: 340000 2098.62 -48.8729 -92.9774 -74.0798 -1858.73 16.2628 -82.618 -2.20151 33.1359
TIMING: 340000  CPU: 302.033, 0.000889541/step  Wall: 302.076, 0.000889711/step, 388.441 ns/days, 1.15168 hours remaining, 0.000000 MB of memory in use.
PERFORMANCE: 340000  averaging 389.014 ns/day, 0.000888399 sec/step with standard deviation 1.83283e-06
ENERGY:  340000        17.3063        46.1831        29.4386         1.2665         -51168.1321    -85395.1655         0.0000         0.0000     10509.9909        -125959.1123       296.8856   -136469.1032   -125874.6664       297.5435            274.8957       277.6106    181265.7848        90.1270        91.0058

WRITING EXTENDED SYSTEM TO RESTART FILE AT STEP 340000
WRITING COORDINATES TO DCD FILE ../output/02_eq_2_CLKW.0.dcd AT STEP 340000
WRITING COORDINATES TO RESTART FILE AT STEP 340000
FINISHED WRITING RESTART COORDINATES
WRITING VELOCITIES TO RESTART FILE AT STEP 340000
FINISHED WRITING RESTART VELOCITIES
PRESSURE: 350000 1869.65 -141.283 344.46 -141.281 -1686.77 -48.8168 344.46 -48.8154 -35.0304
GPRESSURE: 350000 1926.55 -76.8944 203.557 -123.363 -1770.18 -96.6047 319.779 -30.3772 -24.6784
PRESSAVG: 350000 2087.86 -51.3075 -51.5979 -51.3075 -1896.74 32.8334 -51.5979 32.8334 11.7708
GPRESSAVG: 350000 2086.03 -44.2361 -74.0018 -77.0604 -1885.92 39.2942 -57.4898 18.1895 4.5178
TIMING: 350000  CPU: 310.919, 0.000888538/step  Wall: 310.962, 0.000888572/step, 388.939 ns/days, 1.14774 hours remaining, 0.000000 MB of memory in use.
PERFORMANCE: 350000  averaging 389.012 ns/day, 0.000888404 sec/step with standard deviation 1.80592e-06
ENERGY:  350000        21.0577        48.6977        30.8144         1.9219         -51139.7616    -85310.7343         0.0000         0.0000     10478.1476        -125869.8566       295.9861   -136348.0042   -125879.3176       297.2871             49.2840        43.8979    181565.4248        67.6285        68.2112

WRITING EXTENDED SYSTEM TO RESTART FILE AT STEP 350000
WRITING COORDINATES TO DCD FILE ../output/02_eq_2_CLKW.0.dcd AT STEP 350000
WRITING COORDINATES TO RESTART FILE AT STEP 350000
FINISHED WRITING RESTART COORDINATES
WRITING VELOCITIES TO RESTART FILE AT STEP 350000
FINISHED WRITING RESTART VELOCITIES
PRESSURE: 360000 1690.15 25.487 261.918 25.4868 -2358.39 364.692 261.918 364.69 -379.859
GPRESSURE: 360000 1664.85 142.399 395.658 -71.4969 -2381.03 382.935 258.504 324.995 -329.75
PRESSAVG: 360000 2044.71 -45.2078 -25.9767 -45.2078 -1918.46 53.5636 -25.9767 53.5636 4.33339
GPRESSAVG: 360000 2039.39 -34.1512 -39.4486 -72.2351 -1908.05 58.6038 -31.3977 34.7098 0.764148
TIMING: 360000  CPU: 319.791, 0.000887201/step  Wall: 319.836, 0.000887374/step, 389.464 ns/days, 1.14373 hours remaining, 0.000000 MB of memory in use.
PERFORMANCE: 360000  averaging 389.025 ns/day, 0.000888375 sec/step with standard deviation 1.78818e-06
ENERGY:  360000        20.4427        44.6145        31.7992         2.2647         -51179.7420    -85430.8887         0.0000         0.0000     10462.5828        -126048.9268       295.5464   -136511.5097   -125887.6869       297.2021           -349.3639      -348.6437    181791.2105        43.5295        44.0365

WRITING EXTENDED SYSTEM TO RESTART FILE AT STEP 360000
WRITING COORDINATES TO DCD FILE ../output/02_eq_2_CLKW.0.dcd AT STEP 360000
WRITING COORDINATES TO RESTART FILE AT STEP 360000
FINISHED WRITING RESTART COORDINATES
WRITING VELOCITIES TO RESTART FILE AT STEP 360000
FINISHED WRITING RESTART VELOCITIES
PRESSURE: 370000 3081.77 -236.035 -36.9695 -236.035 -1482.85 272.228 -36.9681 272.228 405.989
GPRESSURE: 370000 3088.52 -192.443 -86.2773 -308.025 -1485.99 312.776 -36.7114 154.139 390.183
PRESSAVG: 370000 2083.48 -70.5206 -41.6262 -70.5206 -1919.24 57.1821 -41.6262 57.1821 26.1887
GPRESSAVG: 370000 2078.57 -54.4914 -59.272 -103.896 -1910.18 64.3491 -48.0815 36.1243 22.0557
TIMING: 370000  CPU: 328.652, 0.000886101/step  Wall: 328.699, 0.000886375/step, 389.903 ns/days, 1.13998 hours remaining, 0.000000 MB of memory in use.
PERFORMANCE: 370000  averaging 389.049 ns/day, 0.000888321 sec/step with standard deviation 1.79357e-06
ENERGY:  370000        13.1761        38.5524        27.9624         3.2857         -51419.5787    -85257.1588         0.0000         0.0000     10654.7352        -125939.0257       300.9743   -136593.7609   -125890.9546       297.3551            668.3021       664.2376    180599.3814        63.4773        63.4827

WRITING EXTENDED SYSTEM TO RESTART FILE AT STEP 370000
WRITING COORDINATES TO DCD FILE ../output/02_eq_2_CLKW.0.dcd AT STEP 370000
WRITING COORDINATES TO RESTART FILE AT STEP 370000
FINISHED WRITING RESTART COORDINATES
WRITING VELOCITIES TO RESTART FILE AT STEP 370000
FINISHED WRITING RESTART VELOCITIES
PRESSURE: 380000 1375.24 196.582 165.519 196.583 -2383.29 -229.536 165.518 -229.536 -368.15
GPRESSURE: 380000 1292.17 104.742 178.032 99.9911 -2329.16 -229.891 203.963 -217.388 -353.086
PRESSAVG: 380000 2091.87 -52.5972 -17.7063 -52.5972 -1923.61 45.5125 -17.7063 45.5125 45.9245
GPRESSAVG: 380000 2083.53 -40.9467 -25.5252 -84.7488 -1916.19 54.5537 -24.4412 22.2839 46.614
TIMING: 380000  CPU: 337.525, 0.000887356/step  Wall: 337.573, 0.000887335/step, 389.481 ns/days, 1.13875 hours remaining, 0.000000 MB of memory in use.
PERFORMANCE: 380000  averaging 389.06 ns/day, 0.000888295 sec/step with standard deviation 1.77638e-06
ENERGY:  380000        12.8278        42.8117        36.5033         1.6150         -51141.6003    -85427.0704         0.0000         0.0000     10568.3917        -125906.5212       298.5353   -136474.9128   -125880.6427       297.4879           -458.7322      -463.3585    181507.6054        71.3940        71.3177

WRITING EXTENDED SYSTEM TO RESTART FILE AT STEP 380000
WRITING COORDINATES TO DCD FILE ../output/02_eq_2_CLKW.0.dcd AT STEP 380000
WRITING COORDINATES TO RESTART FILE AT STEP 380000
FINISHED WRITING RESTART COORDINATES
WRITING VELOCITIES TO RESTART FILE AT STEP 380000
FINISHED WRITING RESTART VELOCITIES
PRESSURE: 390000 1555.26 -4.46527 -335.114 -4.46706 -2169.29 167.484 -335.115 167.484 522.875
GPRESSURE: 390000 1513.22 22.7292 -443.366 -87.9885 -2131.67 158.743 -150.273 325.502 531.963
PRESSAVG: 390000 2056.5 -41.3354 -20.6883 -41.3354 -1933.37 51.3912 -20.6883 51.3912 61.0843
GPRESSAVG: 390000 2041.27 -30.3869 -35.3162 -78.9553 -1920.84 52.3605 -17.723 36.3982 63.2672
TIMING: 390000  CPU: 346.412, 0.000888704/step  Wall: 346.462, 0.000888889/step, 388.8 ns/days, 1.13827 hours remaining, 0.000000 MB of memory in use.
PERFORMANCE: 390000  averaging 389.053 ns/day, 0.00088831 sec/step with standard deviation 1.75542e-06
ENERGY:  390000        18.0693        46.5184        29.6802         1.9391         -51191.6734    -85408.4772         0.0000         0.0000     10454.3149        -126049.6287       295.3128   -136503.9436   -125885.5766       297.5066            -30.3835       -28.8285    180254.1238        61.4032        61.2337

WRITING EXTENDED SYSTEM TO RESTART FILE AT STEP 390000
WRITING COORDINATES TO DCD FILE ../output/02_eq_2_CLKW.0.dcd AT STEP 390000
WRITING COORDINATES TO RESTART FILE AT STEP 390000
FINISHED WRITING RESTART COORDINATES
WRITING VELOCITIES TO RESTART FILE AT STEP 390000
FINISHED WRITING RESTART VELOCITIES
PRESSURE: 400000 2268.73 -55.2878 -339.002 -55.2896 -1587.02 -294.95 -339.001 -294.951 -281.662
GPRESSURE: 400000 2228.03 18.7619 -288.915 -18.1908 -1622.03 -294.834 -420.792 -162.422 -216.359
PRESSAVG: 400000 2054.12 -62.1661 -31.586 -62.1661 -1913.16 37.4491 -31.586 37.4491 24.8432
GPRESSAVG: 400000 2039.65 -48.0417 -46.9453 -91.5605 -1903.98 39.5661 -25.0658 24.9727 28.7634
TIMING: 400000  CPU: 355.32, 0.000890744/step  Wall: 355.371, 0.000890926/step, 387.911 ns/days, 1.13841 hours remaining, 0.000000 MB of memory in use.
PERFORMANCE: 400000  averaging 389.025 ns/day, 0.000888376 sec/step with standard deviation 1.78146e-06
ETITLE:      TS           BOND          ANGLE          DIHED          IMPRP               ELECT            VDW       BOUNDARY           MISC        KINETIC               TOTAL           TEMP      POTENTIAL       TOTALAVG        TEMPAVG            PRESSURE      GPRESSURE         VOLUME       PRESSAVG      GPRESSAVG

ENERGY:  400000        23.0958        44.4454        27.1430         0.9037         -51182.0214    -85367.1428         0.0000         0.0000     10537.2475        -125916.3288       297.6555   -136453.5763   -125882.3736       297.5206            133.3492       129.8774    181780.5607        55.2686        54.8134

WRITING EXTENDED SYSTEM TO RESTART FILE AT STEP 400000
WRITING COORDINATES TO DCD FILE ../output/02_eq_2_CLKW.0.dcd AT STEP 400000
WRITING COORDINATES TO RESTART FILE AT STEP 400000
FINISHED WRITING RESTART COORDINATES
WRITING VELOCITIES TO RESTART FILE AT STEP 400000
FINISHED WRITING RESTART VELOCITIES
PRESSURE: 410000 2363.87 -183.261 -122.472 -183.261 -1657.11 -82.5553 -122.47 -82.555 -93.4406
GPRESSURE: 410000 2324.62 -234.71 -165.239 -61.2008 -1641.13 20.2656 54.0621 -57.0176 -76.6965
PRESSAVG: 410000 2091.93 -66.4267 -31.7197 -66.4267 -1906.21 30.2003 -31.7197 30.2003 -15.8263
GPRESSAVG: 410000 2076.23 -56.2808 -53.4298 -89.6217 -1897.23 37.2255 -15.6181 21.663 -11.3255
TIMING: 410000  CPU: 364.21, 0.000889035/step  Wall: 364.264, 0.00088932/step, 388.612 ns/days, 1.13388 hours remaining, 0.000000 MB of memory in use.
PERFORMANCE: 410000  averaging 389.014 ns/day, 0.000888399 sec/step with standard deviation 1.76521e-06
ENERGY:  410000        13.3532        53.1673        26.1542         1.8608         -51334.9895    -85286.4925         0.0000         0.0000     10665.8435        -125861.1029       301.2881   -136526.9464   -125878.8223       297.7469            204.4407       202.2636    180397.3742        56.6317        55.8925

WRITING EXTENDED SYSTEM TO RESTART FILE AT STEP 410000
WRITING COORDINATES TO DCD FILE ../output/02_eq_2_CLKW.0.dcd AT STEP 410000
WRITING COORDINATES TO RESTART FILE AT STEP 410000
FINISHED WRITING RESTART COORDINATES
WRITING VELOCITIES TO RESTART FILE AT STEP 410000
FINISHED WRITING RESTART VELOCITIES
PRESSURE: 420000 2605.05 52.1536 -34.1039 52.1582 -1301.75 -188.159 -34.1008 -188.161 787.97
GPRESSURE: 420000 2567.81 -72.6738 52.0794 23.4733 -1328.47 -105.833 -83.274 -245.599 828.104
PRESSAVG: 420000 2130.63 -77.2795 -53.501 -77.2795 -1854.56 29.7178 -53.501 29.7178 0.527708
GPRESSAVG: 420000 2113.15 -73.2104 -62.0462 -104.553 -1848.57 39.96 -48.021 24.3385 9.12423
TIMING: 420000  CPU: 373.14, 0.00089304/step  Wall: 373.196, 0.000893178/step, 386.933 ns/days, 1.13632 hours remaining, 0.000000 MB of memory in use.
PERFORMANCE: 420000  averaging 388.965 ns/day, 0.000888513 sec/step with standard deviation 1.89312e-06
ENERGY:  420000        14.2428        47.1577        29.8244         1.9049         -51122.6513    -85180.1936         0.0000         0.0000     10566.3922        -125643.3227       298.4788   -136209.7149   -125881.1281       297.6889            697.0877       689.1503    180896.9991        92.1977        91.2316

WRITING EXTENDED SYSTEM TO RESTART FILE AT STEP 420000
WRITING COORDINATES TO DCD FILE ../output/02_eq_2_CLKW.0.dcd AT STEP 420000
WRITING COORDINATES TO RESTART FILE AT STEP 420000
FINISHED WRITING RESTART COORDINATES
WRITING VELOCITIES TO RESTART FILE AT STEP 420000
FINISHED WRITING RESTART VELOCITIES
PRESSURE: 430000 2536.85 93.769 -186.193 93.7685 -1633.15 82.8651 -186.193 82.8661 170.969
GPRESSURE: 430000 2601.48 122.04 -255.938 128.289 -1674.53 152.352 -71.867 7.99867 142.708
PRESSAVG: 430000 2126.53 -51.4282 -58.8804 -51.4282 -1851.98 23.3197 -58.8804 23.3197 21.3211
GPRESSAVG: 430000 2112.89 -51.6468 -69.5437 -77.5348 -1849.08 37.1993 -47.5276 15.5861 28.8192
TIMING: 430000  CPU: 382.035, 0.000889499/step  Wall: 382.093, 0.000889744/step, 388.426 ns/days, 1.12948 hours remaining, 0.000000 MB of memory in use.
PERFORMANCE: 430000  averaging 388.952 ns/day, 0.000888541 sec/step with standard deviation 1.87986e-06
ENERGY:  430000        19.7109        46.2624        27.2814         0.9036         -51152.0357    -85285.2220         0.0000         0.0000     10458.1435        -125884.9559       295.4210   -136343.0994   -125866.1858       297.5841            358.2229       356.5526    180868.2382        98.6239        97.5422

WRITING EXTENDED SYSTEM TO RESTART FILE AT STEP 430000
WRITING COORDINATES TO DCD FILE ../output/02_eq_2_CLKW.0.dcd AT STEP 430000
WRITING COORDINATES TO RESTART FILE AT STEP 430000
FINISHED WRITING RESTART COORDINATES
WRITING VELOCITIES TO RESTART FILE AT STEP 430000
FINISHED WRITING RESTART VELOCITIES
PRESSURE: 440000 1750.67 358.55 -260.496 358.549 -2461.44 96.4561 -260.495 96.4563 46.9511
GPRESSURE: 440000 1705.29 415.793 -257.352 214.451 -2431.13 128.652 -275.226 138.106 67.8284
PRESSAVG: 440000 2075.48 -39.9438 -79.6339 -39.9438 -1880.32 18.8604 -79.6339 18.8604 22.7032
GPRESSAVG: 440000 2058.63 -36.0451 -85.9941 -78.2668 -1876.35 31.9057 -70.915 14.8364 32.8384
TIMING: 440000  CPU: 390.927, 0.000889197/step  Wall: 390.987, 0.000889341/step, 388.602 ns/days, 1.1265 hours remaining, 0.000000 MB of memory in use.
PERFORMANCE: 440000  averaging 388.944 ns/day, 0.000888559 sec/step with standard deviation 1.86178e-06
ENERGY:  440000        18.7758        41.4661        26.4143         1.3751         -51074.3028    -85302.9000         0.0000         0.0000     10533.5983        -125755.5730       297.5524   -136289.1714   -125870.1044       297.5759           -221.2723      -219.3346    180680.1581        72.6188        71.7031

WRITING EXTENDED SYSTEM TO RESTART FILE AT STEP 440000
WRITING COORDINATES TO DCD FILE ../output/02_eq_2_CLKW.0.dcd AT STEP 440000
WRITING COORDINATES TO RESTART FILE AT STEP 440000
FINISHED WRITING RESTART COORDINATES
WRITING VELOCITIES TO RESTART FILE AT STEP 440000
FINISHED WRITING RESTART VELOCITIES
PRESSURE: 450000 1562.3 -128.11 -63.7366 -128.108 -2348.48 85.3774 -63.7351 85.3787 131.102
GPRESSURE: 450000 1538.11 -124.891 -19.6218 -103.721 -2268.83 128.865 34.1337 17.6854 81.8373
PRESSAVG: 450000 2060.32 -47.166 -74.0246 -47.166 -1929.67 29.8328 -74.0246 29.8328 11.8271
GPRESSAVG: 450000 2045.45 -35.5303 -83.8416 -84.1352 -1923.93 45.8969 -52.3523 24.6339 18.586
TIMING: 450000  CPU: 399.826, 0.000889899/step  Wall: 399.888, 0.000890166/step, 388.242 ns/days, 1.12507 hours remaining, 0.000000 MB of memory in use.
PERFORMANCE: 450000  averaging 388.929 ns/day, 0.000888595 sec/step with standard deviation 1.85602e-06
ENERGY:  450000        19.5779        50.7368        29.7992         1.4577         -50987.7723    -85608.2562         0.0000         0.0000     10504.1223        -125990.3347       296.7198   -136494.4569   -125876.8732       297.4701           -218.3594      -216.2932    180661.3656        47.4940        46.7005

WRITING EXTENDED SYSTEM TO RESTART FILE AT STEP 450000
WRITING COORDINATES TO DCD FILE ../output/02_eq_2_CLKW.0.dcd AT STEP 450000
WRITING COORDINATES TO RESTART FILE AT STEP 450000
FINISHED WRITING RESTART COORDINATES
WRITING VELOCITIES TO RESTART FILE AT STEP 450000
FINISHED WRITING RESTART VELOCITIES
PRESSURE: 460000 1655.67 143.652 122.389 143.654 -2143.14 -336.716 122.389 -336.713 262.792
GPRESSURE: 460000 1644.34 158.391 91.8068 79.285 -2147.25 -304.585 78.082 -363.031 272.148
PRESSAVG: 460000 2037.86 -17.7093 -45.7748 -17.7093 -1921.43 12.7556 -45.7748 12.7556 7.32857
GPRESSAVG: 460000 2021.67 -5.60665 -57.8491 -50.9569 -1919.9 29.1288 -30.067 6.37573 19.5913
TIMING: 460000  CPU: 408.717, 0.000889078/step  Wall: 408.779, 0.000889098/step, 388.708 ns/days, 1.12125 hours remaining, 0.000000 MB of memory in use.
PERFORMANCE: 460000  averaging 388.924 ns/day, 0.000888606 sec/step with standard deviation 1.83678e-06
ENERGY:  460000        10.1069        44.1408        30.9533         1.4470         -51047.1957    -85376.0756         0.0000         0.0000     10636.8922        -125699.7311       300.4703   -136336.6233   -125869.1368       297.7176            -74.8937       -76.9203    180883.6912        41.2538        40.4540

WRITING EXTENDED SYSTEM TO RESTART FILE AT STEP 460000
WRITING COORDINATES TO DCD FILE ../output/02_eq_2_CLKW.0.dcd AT STEP 460000
WRITING COORDINATES TO RESTART FILE AT STEP 460000
FINISHED WRITING RESTART COORDINATES
WRITING VELOCITIES TO RESTART FILE AT STEP 460000
FINISHED WRITING RESTART VELOCITIES
PRESSURE: 470000 1479.45 262.472 -7.93247 262.472 -2274.1 -73.39 -7.93231 -73.3893 -51.6239
GPRESSURE: 470000 1466.25 320.942 -92.6525 222.111 -2284.81 -206.832 -32.0104 43.822 -32.3172
PRESSAVG: 470000 2015.36 0.447242 -40.8307 0.447242 -1915.55 -2.51397 -40.8307 -2.51397 33.8394
GPRESSAVG: 470000 2000.12 20.668 -55.7092 -35.5593 -1913.64 7.0016 -28.0154 -4.43874 43.8602
TIMING: 470000  CPU: 417.61, 0.000889306/step  Wall: 417.674, 0.00088943/step, 388.563 ns/days, 1.1192 hours remaining, 0.000000 MB of memory in use.
PERFORMANCE: 470000  averaging 388.916 ns/day, 0.000888624 sec/step with standard deviation 1.82068e-06
ENERGY:  470000        10.2462        45.3442        29.3640         0.9072         -50965.0906    -85241.7700         0.0000         0.0000     10455.8561        -125665.1428       295.3564   -136120.9989   -125863.1821       297.5237           -282.0890      -283.6258    182217.3974        44.5484        43.4463

WRITING EXTENDED SYSTEM TO RESTART FILE AT STEP 470000
WRITING COORDINATES TO DCD FILE ../output/02_eq_2_CLKW.0.dcd AT STEP 470000
WRITING COORDINATES TO RESTART FILE AT STEP 470000
FINISHED WRITING RESTART COORDINATES
WRITING VELOCITIES TO RESTART FILE AT STEP 470000
FINISHED WRITING RESTART VELOCITIES
PRESSURE: 480000 1866.42 -39.9525 231.154 -39.9549 -2033.38 132.474 231.153 132.476 -586.574
GPRESSURE: 480000 1899.13 -57.4838 105.484 102.466 -2065.36 -69.8493 306.843 225.118 -578.687
PRESSAVG: 480000 2030.15 6.11206 -25.3564 6.11206 -1905.42 9.10117 -25.3564 9.10117 18.1788
GPRESSAVG: 480000 2014.48 21.6216 -46.0811 -15.5888 -1904.11 9.32987 -7.12972 10.5799 29.2018
TIMING: 480000  CPU: 426.486, 0.000887602/step  Wall: 426.552, 0.000887863/step, 389.249 ns/days, 1.11476 hours remaining, 0.000000 MB of memory in use.
PERFORMANCE: 480000  averaging 388.923 ns/day, 0.000888608 sec/step with standard deviation 1.80455e-06
ENERGY:  480000        17.2775        37.9939        36.7479         2.2370         -51170.8493    -85504.9765         0.0000         0.0000     10543.8099        -126037.7596       297.8409   -136581.5695   -125871.8200       297.5678           -251.1750      -248.3074    181012.6957        47.6385        46.5243

WRITING EXTENDED SYSTEM TO RESTART FILE AT STEP 480000
WRITING COORDINATES TO DCD FILE ../output/02_eq_2_CLKW.0.dcd AT STEP 480000
WRITING COORDINATES TO RESTART FILE AT STEP 480000
FINISHED WRITING RESTART COORDINATES
WRITING VELOCITIES TO RESTART FILE AT STEP 480000
FINISHED WRITING RESTART VELOCITIES
PRESSURE: 490000 1879.45 193.377 -37.19 193.377 -2193.91 -142.416 -37.1902 -142.416 -15.496
GPRESSURE: 490000 1928.12 156.933 -45.9591 130.173 -2249.86 84.677 72.2352 -218.955 -21.0736
PRESSAVG: 490000 2031.69 14.7403 -31.0277 14.7403 -1932.64 14.4105 -31.0277 14.4105 45.352
GPRESSAVG: 490000 2019.9 30.2784 -57.3633 -9.84017 -1936.6 21.307 -6.00249 17.6319 57.7292
TIMING: 490000  CPU: 435.375, 0.000888906/step  Wall: 435.443, 0.000889032/step, 388.737 ns/days, 1.11376 hours remaining, 0.000000 MB of memory in use.
PERFORMANCE: 490000  averaging 388.919 ns/day, 0.000888616 sec/step with standard deviation 1.78669e-06
ENERGY:  490000        16.3640        49.4274        27.2691         4.7258         -51013.9260    -85459.4503         0.0000         0.0000     10624.7394        -125750.8506       300.1270   -136375.5900   -125867.6601       297.7613           -109.9835      -114.2702    180919.8954        48.1352        47.0095

WRITING EXTENDED SYSTEM TO RESTART FILE AT STEP 490000
WRITING COORDINATES TO DCD FILE ../output/02_eq_2_CLKW.0.dcd AT STEP 490000
WRITING COORDINATES TO RESTART FILE AT STEP 490000
FINISHED WRITING RESTART COORDINATES
WRITING VELOCITIES TO RESTART FILE AT STEP 490000
FINISHED WRITING RESTART VELOCITIES
PRESSURE: 500000 2468.24 70.8588 -133.291 70.8596 -1795.13 -120.57 -133.289 -120.568 227.945
GPRESSURE: 500000 2505.7 127.105 -57.5846 52.3521 -1813.16 -50.8864 -298.686 -233.644 230.662
PRESSAVG: 500000 2057.8 21.6727 -36.1556 21.6727 -1911 3.39067 -36.1556 3.39067 61.5491
GPRESSAVG: 500000 2050.03 38.0982 -53.29 -2.15605 -1916.45 17.8938 -19.1469 -1.30452 72.9038
TIMING: 500000  CPU: 444.254, 0.000887825/step  Wall: 444.323, 0.000888025/step, 389.178 ns/days, 1.11003 hours remaining, 0.000000 MB of memory in use.
PERFORMANCE: 500000  averaging 388.924 ns/day, 0.000888605 sec/step with standard deviation 1.77033e-06
ETITLE:      TS           BOND          ANGLE          DIHED          IMPRP               ELECT            VDW       BOUNDARY           MISC        KINETIC               TOTAL           TEMP      POTENTIAL       TOTALAVG        TEMPAVG            PRESSURE      GPRESSURE         VOLUME       PRESSAVG      GPRESSAVG

ENERGY:  500000        19.7231        38.7534        25.4968         0.5649         -51291.1961    -85349.9748         0.0000         0.0000     10581.7548        -125974.8779       298.9128   -136556.6327   -125881.9124       297.7554            300.3501       307.7313    180150.8212        69.4487        68.8277

WRITING EXTENDED SYSTEM TO RESTART FILE AT STEP 500000
WRITING COORDINATES TO DCD FILE ../output/02_eq_2_CLKW.0.dcd AT STEP 500000
WRITING COORDINATES TO RESTART FILE AT STEP 500000
FINISHED WRITING RESTART COORDINATES
WRITING VELOCITIES TO RESTART FILE AT STEP 500000
FINISHED WRITING RESTART VELOCITIES
PRESSURE: 510000 1750.73 21.7302 156.666 21.7305 -2049.81 -46.1756 156.668 -46.1745 421.121
GPRESSURE: 510000 1746.33 -41.4001 151.614 60.8465 -2053.68 9.03817 91.3799 -143.338 435.497
PRESSAVG: 510000 2041.38 32.8032 -20.8908 32.8032 -1893.57 -13.8327 -20.8908 -13.8327 88.2198
GPRESSAVG: 510000 2032.63 42.0059 -38.3284 9.57894 -1898 2.08244 -3.13568 -19.7725 98.9815
TIMING: 510000  CPU: 453.127, 0.000887307/step  Wall: 453.198, 0.000887469/step, 389.422 ns/days, 1.10687 hours remaining, 0.000000 MB of memory in use.
PERFORMANCE: 510000  averaging 388.934 ns/day, 0.000888582 sec/step with standard deviation 1.75975e-06
ENERGY:  510000        15.4401        58.5899        35.4312         5.0831         -51189.4509    -85344.5246         0.0000         0.0000     10589.9598        -125829.4715       299.1445   -136419.4312   -125869.1290       297.9895             40.6774        42.7150    181425.9796        78.6734        77.8720

WRITING EXTENDED SYSTEM TO RESTART FILE AT STEP 510000
WRITING COORDINATES TO DCD FILE ../output/02_eq_2_CLKW.0.dcd AT STEP 510000
WRITING COORDINATES TO RESTART FILE AT STEP 510000
FINISHED WRITING RESTART COORDINATES
WRITING VELOCITIES TO RESTART FILE AT STEP 510000
FINISHED WRITING RESTART VELOCITIES
PRESSURE: 520000 1681.55 81.749 22.1497 81.7492 -2136.4 -85.5844 22.1537 -85.5848 -81.7155
GPRESSURE: 520000 1686.76 163.721 -50.8378 -34.517 -2105.79 -138.398 72.121 -66.3382 -119.427
PRESSAVG: 520000 1973.19 31.8541 -12.4851 31.8541 -1952.09 -22.6091 -12.4851 -22.6091 85.7573
GPRESSAVG: 520000 1964.16 47.3709 -29.7724 6.92 -1954.14 -10.2982 8.52185 -21.7517 95.071
TIMING: 520000  CPU: 461.994, 0.000886781/step  Wall: 462.066, 0.000886848/step, 389.695 ns/days, 1.10363 hours remaining, 0.000000 MB of memory in use.
PERFORMANCE: 520000  averaging 388.949 ns/day, 0.000888549 sec/step with standard deviation 1.75892e-06
ENERGY:  520000        17.6373        43.4635        30.5935         1.4297         -51210.0571    -85306.1941         0.0000         0.0000     10553.8446        -125869.2827       298.1243   -136423.1272   -125871.1252       297.9293           -178.8562      -179.4847    181385.4040        35.6196        35.0310

WRITING EXTENDED SYSTEM TO RESTART FILE AT STEP 520000
WRITING COORDINATES TO DCD FILE ../output/02_eq_2_CLKW.0.dcd AT STEP 520000
WRITING COORDINATES TO RESTART FILE AT STEP 520000
FINISHED WRITING RESTART COORDINATES
WRITING VELOCITIES TO RESTART FILE AT STEP 520000
FINISHED WRITING RESTART VELOCITIES
PRESSURE: 530000 1645.23 373.723 113.26 373.722 -2041.75 -252.474 113.259 -252.473 215.533
GPRESSURE: 530000 1612.8 313.663 24.2127 307.592 -1987.54 -303.268 26.5969 -260.519 196.198
PRESSAVG: 530000 1956.74 54.8473 6.5821 54.8473 -1967.38 -41.9767 6.5821 -41.9767 84.3138
GPRESSAVG: 530000 1948.98 65.1945 -11.2485 29.5048 -1969.73 -30.2506 18.3893 -42.5992 92.0758
TIMING: 530000  CPU: 470.878, 0.000888401/step  Wall: 470.952, 0.00088856/step, 388.944 ns/days, 1.1033 hours remaining, 0.000000 MB of memory in use.
PERFORMANCE: 530000  averaging 388.949 ns/day, 0.000888549 sec/step with standard deviation 1.74193e-06
ENERGY:  530000        19.2250        55.3508        32.0546         2.6205         -50994.4681    -85438.9836         0.0000         0.0000     10558.8937        -125765.3072       298.2670   -136324.2009   -125870.8556       297.9300            -60.3315       -59.5143    181508.4969        24.5585        23.7727

WRITING EXTENDED SYSTEM TO RESTART FILE AT STEP 530000
WRITING COORDINATES TO DCD FILE ../output/02_eq_2_CLKW.0.dcd AT STEP 530000
WRITING COORDINATES TO RESTART FILE AT STEP 530000
FINISHED WRITING RESTART COORDINATES
WRITING VELOCITIES TO RESTART FILE AT STEP 530000
FINISHED WRITING RESTART VELOCITIES
PRESSURE: 540000 2705.19 96.1402 20.1968 96.1422 -1612.45 62.0057 20.199 62.007 680.432
GPRESSURE: 540000 2680.85 193.696 -58.6354 94.962 -1629.19 -63.9874 54.0493 28.1262 713.567
PRESSAVG: 540000 1989.57 59.0928 -5.93851 59.0928 -1967.48 -31.8876 -5.93851 -31.8876 99.0064
GPRESSAVG: 540000 1981.05 73.021 -30.9966 35.3744 -1970.04 -24.3332 10.1454 -36.6568 106.931
TIMING: 540000  CPU: 479.774, 0.000889545/step  Wall: 479.849, 0.000889739/step, 388.428 ns/days, 1.10229 hours remaining, 0.000000 MB of memory in use.
PERFORMANCE: 540000  averaging 388.939 ns/day, 0.000888571 sec/step with standard deviation 1.733e-06
ENERGY:  540000        14.7726        52.0731        34.0962         2.5855         -50971.5505    -85432.1521         0.0000         0.0000     10714.9785        -125585.1967       302.6760   -136300.1752   -125852.1599       298.2195            591.0574       588.4091    181251.1133        40.3666        39.3127

WRITING EXTENDED SYSTEM TO RESTART FILE AT STEP 540000
WRITING COORDINATES TO DCD FILE ../output/02_eq_2_CLKW.0.dcd AT STEP 540000
WRITING COORDINATES TO RESTART FILE AT STEP 540000
FINISHED WRITING RESTART COORDINATES
WRITING VELOCITIES TO RESTART FILE AT STEP 540000
FINISHED WRITING RESTART VELOCITIES
PRESSURE: 550000 1655.51 142.731 372.626 142.731 -1995.77 43.5247 372.625 43.5249 -360.733
GPRESSURE: 550000 1727.51 64.8533 421.408 161.688 -1992.88 -48.2311 345.496 41.4816 -411.431
PRESSAVG: 550000 1978.87 73.2934 -4.53029 73.2934 -1982.93 -27.2705 -4.53029 -27.2705 82.7213
GPRESSAVG: 550000 1971.09 80.1083 -20.1041 49.6269 -1981.17 -21.9145 11.4313 -33.0639 87.5934
TIMING: 550000  CPU: 488.682, 0.000890832/step  Wall: 488.759, 0.000890982/step, 387.887 ns/days, 1.10135 hours remaining, 0.000000 MB of memory in use.
PERFORMANCE: 550000  averaging 388.92 ns/day, 0.000888615 sec/step with standard deviation 1.74739e-06
ENERGY:  550000        25.3997        47.0516        30.7952         1.1840         -51287.3533    -85319.5145         0.0000         0.0000     10523.9204        -125978.5170       297.2791   -136502.4374   -125857.5929       298.2841           -233.6633      -225.6017    181160.4234        26.2192        25.8377

WRITING EXTENDED SYSTEM TO RESTART FILE AT STEP 550000
WRITING COORDINATES TO DCD FILE ../output/02_eq_2_CLKW.0.dcd AT STEP 550000
WRITING COORDINATES TO RESTART FILE AT STEP 550000
FINISHED WRITING RESTART COORDINATES
WRITING VELOCITIES TO RESTART FILE AT STEP 550000
FINISHED WRITING RESTART VELOCITIES
PRESSURE: 560000 1661.56 120.654 -161.802 120.653 -1969.04 -199.245 -161.8 -199.245 -122.603
GPRESSURE: 560000 1654.77 80.0159 -85.6155 61.5873 -1951.4 -215.096 -102.326 -224.553 -120.992
PRESSAVG: 560000 1977.44 78.0517 -25.7162 78.0517 -1963.46 -55.4673 -25.7162 -55.4673 95.5841
GPRESSAVG: 560000 1970.59 76.9892 -44.1678 56.2811 -1959.69 -51.8161 -6.61022 -60.5413 98.0313
TIMING: 560000  CPU: 497.558, 0.000887599/step  Wall: 497.636, 0.000887764/step, 389.293 ns/days, 1.09491 hours remaining, 0.000000 MB of memory in use.
PERFORMANCE: 560000  averaging 388.926 ns/day, 0.0008886 sec/step with standard deviation 1.73516e-06
ENERGY:  560000        17.1870        49.0133        28.6772         1.0173         -51169.9808    -85361.0843         0.0000         0.0000     10422.4485        -126012.7218       294.4127   -136435.1703   -125855.7826       298.2274           -143.3628      -139.2076    180284.4631        36.5193        36.3095

WRITING EXTENDED SYSTEM TO RESTART FILE AT STEP 560000
WRITING COORDINATES TO DCD FILE ../output/02_eq_2_CLKW.0.dcd AT STEP 560000
WRITING COORDINATES TO RESTART FILE AT STEP 560000
FINISHED WRITING RESTART COORDINATES
WRITING VELOCITIES TO RESTART FILE AT STEP 560000
FINISHED WRITING RESTART VELOCITIES
PRESSURE: 570000 2245.33 -53.4503 -406.602 -53.4524 -1994.78 -149.458 -406.603 -149.456 121.169
GPRESSURE: 570000 2198.56 -14.006 -468.92 -22.3748 -1976.12 -89.2176 -407.21 -162.526 155.034
PRESSAVG: 570000 1935.61 87.1808 -44.1979 87.1808 -1989.06 -76.5515 -44.1979 -76.5515 81.3431
GPRESSAVG: 570000 1926.09 85.911 -63.2999 70.5637 -1984.2 -71.9158 -25.1351 -76.3745 86.2738
TIMING: 570000  CPU: 506.441, 0.00088831/step  Wall: 506.522, 0.000888552/step, 388.948 ns/days, 1.09341 hours remaining, 0.000000 MB of memory in use.
PERFORMANCE: 570000  averaging 388.927 ns/day, 0.000888599 sec/step with standard deviation 1.71961e-06
ENERGY:  570000        16.8875        47.7104        32.2252         2.3144         -50962.0384    -85437.7309         0.0000         0.0000     10495.8768        -125804.7550       296.4869   -136300.6318   -125849.0691       298.0031            123.9077       125.8222    181848.8954         9.2995         9.3887

WRITING EXTENDED SYSTEM TO RESTART FILE AT STEP 570000
WRITING COORDINATES TO DCD FILE ../output/02_eq_2_CLKW.0.dcd AT STEP 570000
WRITING COORDINATES TO RESTART FILE AT STEP 570000
FINISHED WRITING RESTART COORDINATES
WRITING VELOCITIES TO RESTART FILE AT STEP 570000
FINISHED WRITING RESTART VELOCITIES
PRESSURE: 580000 2901.49 292.863 37.6283 292.863 -1439.15 173.094 37.6288 173.095 36.5629
GPRESSURE: 580000 2911.48 328.843 163.749 202.18 -1493.7 180.878 -6.12196 109.049 70.9406
PRESSAVG: 580000 2011.93 91.9948 -50.5924 91.9948 -1941.85 -56.4199 -50.5924 -56.4199 101.579
GPRESSAVG: 580000 2007.06 97.1161 -64.014 75.6731 -1942.43 -51.3773 -35.6394 -60.0526 107.475
TIMING: 580000  CPU: 515.346, 0.000890428/step  Wall: 515.428, 0.000890583/step, 388.06 ns/days, 1.09344 hours remaining, 0.000000 MB of memory in use.
PERFORMANCE: 580000  averaging 388.912 ns/day, 0.000888633 sec/step with standard deviation 1.72426e-06
ENERGY:  580000        11.0482        45.7577        26.5219         0.9268         -51466.4654    -85235.8160         0.0000         0.0000     10675.2659        -125942.7609       301.5542   -136618.0268   -125850.8811       298.1540            499.6333       496.2410    180151.0113        57.2178        57.3687

WRITING EXTENDED SYSTEM TO RESTART FILE AT STEP 580000
WRITING COORDINATES TO DCD FILE ../output/02_eq_2_CLKW.0.dcd AT STEP 580000
WRITING COORDINATES TO RESTART FILE AT STEP 580000
FINISHED WRITING RESTART COORDINATES
WRITING VELOCITIES TO RESTART FILE AT STEP 580000
FINISHED WRITING RESTART VELOCITIES
PRESSURE: 590000 1365.89 39.6533 -430.971 39.6532 -2861.42 73.2255 -430.972 73.2274 -111.122
GPRESSURE: 590000 1364.03 2.37088 -433.226 25.9324 -2839.66 60.8405 -417.634 112.314 -130.513
PRESSAVG: 590000 2002.46 94.2008 -55.3852 94.2008 -1976.46 -61.1327 -55.3852 -61.1327 69.8789
GPRESSAVG: 590000 1999.6 96.0982 -63.5071 81.3691 -1977.83 -56.2724 -49.0074 -70.712 74.3513
TIMING: 590000  CPU: 524.266, 0.00089208/step  Wall: 524.349, 0.000892131/step, 387.387 ns/days, 1.09286 hours remaining, 0.000000 MB of memory in use.
PERFORMANCE: 590000  averaging 388.886 ns/day, 0.000888693 sec/step with standard deviation 1.76896e-06
ENERGY:  590000        18.7577        62.0988        30.1096         2.0775         -50963.7958    -85447.1686         0.0000         0.0000     10474.2758        -125823.6449       295.8767   -136297.9207   -125839.5819       298.1822           -535.5509      -535.3784    181914.7750        31.9594        32.0412

WRITING EXTENDED SYSTEM TO RESTART FILE AT STEP 590000
WRITING COORDINATES TO DCD FILE ../output/02_eq_2_CLKW.0.dcd AT STEP 590000
WRITING COORDINATES TO RESTART FILE AT STEP 590000
FINISHED WRITING RESTART COORDINATES
WRITING VELOCITIES TO RESTART FILE AT STEP 590000
FINISHED WRITING RESTART VELOCITIES
PRESSURE: 600000 2509.31 163.005 -149.039 163.004 -1344.42 -214.732 -149.038 -214.731 147.113
GPRESSURE: 600000 2489.35 107.434 -179.266 165.551 -1285.76 -77.9092 -125.064 -239.748 130.973
PRESSAVG: 600000 2014.49 105.115 -45.8871 105.115 -1964.33 -57.1218 -45.8871 -57.1218 91.3176
GPRESSAVG: 600000 2012.66 100.532 -58.0246 90.5562 -1961.01 -45.4262 -34.221 -74.5784 91.7179
TIMING: 600000  CPU: 533.185, 0.000891847/step  Wall: 533.269, 0.000891981/step, 387.452 ns/days, 1.0902 hours remaining, 0.000000 MB of memory in use.
PERFORMANCE: 600000  averaging 388.862 ns/day, 0.000888747 sec/step with standard deviation 1.80455e-06
ETITLE:      TS           BOND          ANGLE          DIHED          IMPRP               ELECT            VDW       BOUNDARY           MISC        KINETIC               TOTAL           TEMP      POTENTIAL       TOTALAVG        TEMPAVG            PRESSURE      GPRESSURE         VOLUME       PRESSAVG      GPRESSAVG

ENERGY:  600000        15.7243        54.2293        30.1410         2.4969         -51223.1194    -85369.7779         0.0000         0.0000     10607.5180        -125882.7878       299.6405   -136490.3058   -125837.9048       298.2815            437.3326       444.8566    180456.3543        47.1586        47.7902

WRITING EXTENDED SYSTEM TO RESTART FILE AT STEP 600000
WRITING COORDINATES TO DCD FILE ../output/02_eq_2_CLKW.0.dcd AT STEP 600000
WRITING COORDINATES TO RESTART FILE AT STEP 600000
FINISHED WRITING RESTART COORDINATES
WRITING VELOCITIES TO RESTART FILE AT STEP 600000
FINISHED WRITING RESTART VELOCITIES
PRESSURE: 610000 995.103 -244.77 -67.1126 -244.77 -2654.41 -318.82 -67.1119 -318.819 -995.477
GPRESSURE: 610000 1018.3 -9.82223 -65.9786 -349.144 -2673.94 -264.467 14.5078 -271.392 -997.59
PRESSAVG: 610000 1946.05 102.04 -43.1192 102.04 -2014.19 -68.935 -43.1192 -68.935 46.2158
GPRESSAVG: 610000 1947.35 111.776 -53.0616 76.1591 -2012.65 -59.6628 -36.1987 -85.2971 45.6733
TIMING: 610000  CPU: 542.111, 0.000892616/step  Wall: 542.197, 0.000892817/step, 387.09 ns/days, 1.08874 hours remaining, 0.000000 MB of memory in use.
PERFORMANCE: 610000  averaging 388.833 ns/day, 0.000888814 sec/step with standard deviation 1.86377e-06
ENERGY:  610000        11.4945        46.4996        31.8777         0.8946         -50994.7172    -85433.3976         0.0000         0.0000     10464.9118        -125872.4366       295.6122   -136337.3484   -125838.4715       297.9977           -884.9290      -884.4093    181008.3801        -7.3099        -6.5435

WRITING EXTENDED SYSTEM TO RESTART FILE AT STEP 610000
WRITING COORDINATES TO DCD FILE ../output/02_eq_2_CLKW.0.dcd AT STEP 610000
WRITING COORDINATES TO RESTART FILE AT STEP 610000
FINISHED WRITING RESTART COORDINATES
WRITING VELOCITIES TO RESTART FILE AT STEP 610000
FINISHED WRITING RESTART VELOCITIES
PRESSURE: 620000 2000.38 121.934 -220.864 121.934 -1644.32 4.01301 -220.863 4.01378 347.471
GPRESSURE: 620000 2059.81 54.1842 -257.651 184.649 -1718.36 45.3933 -160.482 -57.1057 349.459
PRESSAVG: 620000 1915.82 105.529 -52.4573 105.529 -2031.32 -59.3262 -52.4573 -59.3262 24.1908
GPRESSAVG: 620000 1921.95 118.119 -68.5481 84.2179 -2032.15 -52.1015 -40.0591 -75.8724 21.741
TIMING: 620000  CPU: 551.021, 0.000891044/step  Wall: 551.109, 0.000891183/step, 387.799 ns/days, 1.08427 hours remaining, 0.000000 MB of memory in use.
PERFORMANCE: 620000  averaging 388.816 ns/day, 0.000888852 sec/step with standard deviation 1.87276e-06
ENERGY:  620000        14.2500        51.5036        27.9717         0.6621         -51144.9674    -85269.5129         0.0000         0.0000     10531.6400        -125788.4529       297.4971   -136320.0929   -125845.7280       297.9486            234.5103       230.3035    180687.1473       -30.4387       -29.4858

WRITING EXTENDED SYSTEM TO RESTART FILE AT STEP 620000
WRITING COORDINATES TO DCD FILE ../output/02_eq_2_CLKW.0.dcd AT STEP 620000
WRITING COORDINATES TO RESTART FILE AT STEP 620000
FINISHED WRITING RESTART COORDINATES
WRITING VELOCITIES TO RESTART FILE AT STEP 620000
FINISHED WRITING RESTART VELOCITIES
PRESSURE: 630000 1652.84 150.295 158.975 150.298 -2240.05 -47.9233 158.976 -47.9215 -9.48253
GPRESSURE: 630000 1600.12 221.915 186.19 95.8614 -2199.22 -17.5196 82.8184 -70.62 18.135
PRESSAVG: 630000 1871.62 108.355 -35.1989 108.355 -2061.67 -65.8656 -35.1989 -65.8656 15.1682
GPRESSAVG: 630000 1871.88 123.113 -46.4418 82.5965 -2058.38 -60.5951 -32.3249 -79.8034 15.5124
TIMING: 630000  CPU: 559.932, 0.00089104/step  Wall: 560.021, 0.00089117/step, 387.805 ns/days, 1.08178 hours remaining, 0.000000 MB of memory in use.
PERFORMANCE: 630000  averaging 388.8 ns/day, 0.000888889 sec/step with standard deviation 1.88041e-06
ENERGY:  630000        18.5063        46.2984        32.5777         0.9355         -51141.7873    -85447.1124         0.0000         0.0000     10499.3382        -125991.2436       296.5847   -136490.5817   -125851.0424       298.0068           -198.8992      -193.6556    181077.4469       -58.2948       -56.9962

WRITING EXTENDED SYSTEM TO RESTART FILE AT STEP 630000
WRITING COORDINATES TO DCD FILE ../output/02_eq_2_CLKW.0.dcd AT STEP 630000
WRITING COORDINATES TO RESTART FILE AT STEP 630000
FINISHED WRITING RESTART COORDINATES
WRITING VELOCITIES TO RESTART FILE AT STEP 630000
FINISHED WRITING RESTART VELOCITIES
PRESSURE: 640000 1885.77 -376.008 -166.692 -376.006 -2048.9 350.785 -166.69 350.786 -219.579
GPRESSURE: 640000 1852.65 -393.873 -202.926 -231.524 -1987.09 404.109 -125.117 208.676 -246.789
PRESSAVG: 640000 1878.37 71.6275 -30.5086 71.6275 -2041.04 -53.1491 -30.5086 -53.1491 1.84174
GPRESSAVG: 640000 1879.25 82.6295 -43.7205 60.2978 -2036.18 -46.8222 -24.8194 -76.2749 -0.218498
TIMING: 640000  CPU: 568.855, 0.000892292/step  Wall: 568.946, 0.000892525/step, 387.216 ns/days, 1.08095 hours remaining, 0.000000 MB of memory in use.
PERFORMANCE: 640000  averaging 388.775 ns/day, 0.000888946 sec/step with standard deviation 1.92e-06
ENERGY:  640000        20.8638        39.3038        31.4995         1.2586         -51181.3084    -85388.6948         0.0000         0.0000     10407.8422        -126069.2354       294.0001   -136477.0776   -125866.7255       297.8292           -127.5693      -127.0764    181148.1400       -53.6097       -52.3833

WRITING EXTENDED SYSTEM TO RESTART FILE AT STEP 640000
WRITING COORDINATES TO DCD FILE ../output/02_eq_2_CLKW.0.dcd AT STEP 640000
WRITING COORDINATES TO RESTART FILE AT STEP 640000
FINISHED WRITING RESTART COORDINATES
WRITING VELOCITIES TO RESTART FILE AT STEP 640000
FINISHED WRITING RESTART VELOCITIES
PRESSURE: 650000 1932.96 -543.664 -422.422 -543.662 -2318.73 24.4132 -422.421 24.4148 -361.266
GPRESSURE: 650000 1877.46 -489.123 -398.981 -517.518 -2246.08 41.7307 -471.218 68.8041 -382.016
PRESSAVG: 650000 1896.9 50.8498 -48.4429 50.8498 -2039.55 -56.1973 -48.4429 -56.1973 -22.7766
GPRESSAVG: 650000 1896.22 64.4179 -62.6884 39.6079 -2035.04 -51.1789 -50.087 -73.7189 -23.4112
TIMING: 650000  CPU: 577.78, 0.000892572/step  Wall: 577.872, 0.000892574/step, 387.195 ns/days, 1.07853 hours remaining, 0.000000 MB of memory in use.
PERFORMANCE: 650000  averaging 388.751 ns/day, 0.000889002 sec/step with standard deviation 1.95736e-06
ENERGY:  650000        14.3280        48.9481        32.4659         2.4688         -51211.9982    -85441.4424         0.0000         0.0000     10491.6764        -126063.5534       296.3682   -136555.2299   -125870.3865       297.8116           -249.0110      -250.2147    180416.7730       -55.1423       -54.0794

WRITING EXTENDED SYSTEM TO RESTART FILE AT STEP 650000
WRITING COORDINATES TO DCD FILE ../output/02_eq_2_CLKW.0.dcd AT STEP 650000
WRITING COORDINATES TO RESTART FILE AT STEP 650000
FINISHED WRITING RESTART COORDINATES
WRITING VELOCITIES TO RESTART FILE AT STEP 650000
FINISHED WRITING RESTART VELOCITIES
PRESSURE: 660000 1322.54 -62.8627 -86.069 -62.8608 -2557.38 9.87453 -86.0687 9.87238 -250.918
GPRESSURE: 660000 1289.64 62.4725 -46.6034 -222.348 -2532.91 5.82659 -41.4029 116.161 -232.789
PRESSAVG: 660000 1880.25 40.5241 -58.8658 40.5241 -2060.27 -38.868 -58.8658 -38.868 -48.4621
GPRESSAVG: 660000 1878.48 59.622 -69.6089 24.5263 -2054.33 -35.6584 -56.0613 -49.7593 -48.658
TIMING: 660000  CPU: 586.698, 0.000891705/step  Wall: 586.791, 0.00089195/step, 387.466 ns/days, 1.07529 hours remaining, 0.000000 MB of memory in use.
PERFORMANCE: 660000  averaging 388.731 ns/day, 0.000889046 sec/step with standard deviation 1.97585e-06
ENERGY:  660000        12.8622        50.2339        30.2066         1.3365         -50930.4837    -85510.5450         0.0000         0.0000     10518.6453        -125827.7443       297.1300   -136346.3895   -125876.7871       297.6446           -495.2547      -492.0212    181788.5186       -76.1603       -74.8344

WRITING EXTENDED SYSTEM TO RESTART FILE AT STEP 660000
WRITING COORDINATES TO DCD FILE ../output/02_eq_2_CLKW.0.dcd AT STEP 660000
WRITING COORDINATES TO RESTART FILE AT STEP 660000
FINISHED WRITING RESTART COORDINATES
WRITING VELOCITIES TO RESTART FILE AT STEP 660000
FINISHED WRITING RESTART VELOCITIES
PRESSURE: 670000 1605.74 -229.656 -123.261 -229.656 -2265.05 12.4944 -123.26 12.4946 402.868
GPRESSURE: 670000 1681.58 -184.008 -158.429 -174.935 -2336.1 -26.0973 -71.9949 43.7079 406.211
PRESSAVG: 670000 1886.56 15.9177 -64.6322 15.9177 -2059.81 -34.5738 -64.6322 -34.5738 -25.7375
GPRESSAVG: 670000 1889.25 34.3745 -72.8977 4.67397 -2056.89 -26.6216 -58.0605 -49.765 -26.7316
TIMING: 670000  CPU: 595.618, 0.000892073/step  Wall: 595.712, 0.000892078/step, 387.41 ns/days, 1.07297 hours remaining, 0.000000 MB of memory in use.
PERFORMANCE: 670000  averaging 388.711 ns/day, 0.000889092 sec/step with standard deviation 1.9955e-06
ENERGY:  670000         9.0882        54.1763        31.2975         2.1699         -51221.8301    -85298.4392         0.0000         0.0000     10576.2680        -125847.2695       298.7578   -136423.5374   -125885.8935       297.8146            -85.4803       -82.7712    181412.6164       -66.3299       -64.7917

WRITING EXTENDED SYSTEM TO RESTART FILE AT STEP 670000
WRITING COORDINATES TO DCD FILE ../output/02_eq_2_CLKW.0.dcd AT STEP 670000
WRITING COORDINATES TO RESTART FILE AT STEP 670000
FINISHED WRITING RESTART COORDINATES
WRITING VELOCITIES TO RESTART FILE AT STEP 670000
FINISHED WRITING RESTART VELOCITIES
PRESSURE: 680000 1083.73 -195.64 4.87792 -195.638 -2901.51 -246.768 4.87655 -246.768 -29.2465
GPRESSURE: 680000 1015.76 -133.801 -18.6557 -211.278 -2770.72 -253.034 44.0548 -267.543 -73.3057
PRESSAVG: 680000 1847.43 8.13355 -75.946 8.13355 -2103.22 -53.536 -75.946 -53.536 2.12881
GPRESSAVG: 680000 1845.08 30.5586 -79.1047 -11.0132 -2092.16 -35.7809 -71.1999 -74.398 -1.4625
TIMING: 680000  CPU: 604.541, 0.000892307/step  Wall: 604.637, 0.000892527/step, 387.215 ns/days, 1.07103 hours remaining, 0.000000 MB of memory in use.
PERFORMANCE: 680000  averaging 388.689 ns/day, 0.000889142 sec/step with standard deviation 2.02389e-06
ENERGY:  680000        15.8642        46.4527        31.0207         0.6128         -51019.9043    -85646.6153         0.0000         0.0000     10500.9850        -126071.5841       296.6312   -136572.5691   -125887.5847       297.7541           -615.6780      -609.4219    181116.1561       -84.5550       -82.8474

WRITING EXTENDED SYSTEM TO RESTART FILE AT STEP 680000
WRITING COORDINATES TO DCD FILE ../output/02_eq_2_CLKW.0.dcd AT STEP 680000
WRITING COORDINATES TO RESTART FILE AT STEP 680000
FINISHED WRITING RESTART COORDINATES
WRITING VELOCITIES TO RESTART FILE AT STEP 680000
FINISHED WRITING RESTART VELOCITIES
PRESSURE: 690000 1184.38 -134.431 -67.1507 -134.431 -2429.21 -184.913 -67.1478 -184.912 -511.794
GPRESSURE: 690000 1211.27 -132.163 130.824 -113.667 -2423.94 -267.984 -170.29 -140.597 -540.326
PRESSAVG: 690000 1812.67 -8.25682 -77.4439 -8.25682 -2114.99 -55.6608 -77.4439 -55.6608 -22.6861
GPRESSAVG: 690000 1809.24 16.1038 -70.2656 -23.2052 -2100.86 -53.4139 -83.3261 -70.4801 -27.4251
TIMING: 690000  CPU: 613.448, 0.000890662/step  Wall: 613.544, 0.00089066/step, 388.027 ns/days, 1.06632 hours remaining, 0.000000 MB of memory in use.
PERFORMANCE: 690000  averaging 388.68 ns/day, 0.000889164 sec/step with standard deviation 2.01724e-06
ENERGY:  690000        24.5275        37.7552        32.5251         1.9895         -51152.5184    -85476.1434         0.0000         0.0000     10492.3546        -126039.5100       296.3874   -136531.8646   -125902.0177       297.5672           -585.5436      -584.3325    181577.2020      -108.3330      -106.3505

WRITING EXTENDED SYSTEM TO RESTART FILE AT STEP 690000
WRITING COORDINATES TO DCD FILE ../output/02_eq_2_CLKW.0.dcd AT STEP 690000
WRITING COORDINATES TO RESTART FILE AT STEP 690000
FINISHED WRITING RESTART COORDINATES
WRITING VELOCITIES TO RESTART FILE AT STEP 690000
FINISHED WRITING RESTART VELOCITIES
PRESSURE: 700000 1770.38 2.45864 75.9752 2.45913 -2495.38 261.921 75.9759 261.92 -522.27
GPRESSURE: 700000 1683.98 -3.9489 133.575 -16.7229 -2458.09 182.262 -18.6066 513.899 -499.591
PRESSAVG: 700000 1777.78 -11.6768 -66.9807 -11.6768 -2150 -36.5364 -66.9807 -36.5364 -60.1969
GPRESSAVG: 700000 1768.15 9.5511 -60.7076 -26.659 -2133.11 -41.7565 -69.3221 -33.103 -63.9378
TIMING: 700000  CPU: 622.357, 0.00089091/step  Wall: 622.455, 0.000891107/step, 387.832 ns/days, 1.06438 hours remaining, 0.000000 MB of memory in use.
PERFORMANCE: 700000  averaging 388.668 ns/day, 0.000889192 sec/step with standard deviation 2.01599e-06
ETITLE:      TS           BOND          ANGLE          DIHED          IMPRP               ELECT            VDW       BOUNDARY           MISC        KINETIC               TOTAL           TEMP      POTENTIAL       TOTALAVG        TEMPAVG            PRESSURE      GPRESSURE         VOLUME       PRESSAVG      GPRESSAVG

ENERGY:  700000        15.0296        56.2325        33.6581         5.2999         -51112.7316    -85339.0258         0.0000         0.0000     10580.2212        -125761.3162       298.8694   -136341.5373   -125891.3396       297.5650           -415.7551      -424.5673    181096.8421      -144.1383      -142.9655

WRITING EXTENDED SYSTEM TO RESTART FILE AT STEP 700000
WRITING COORDINATES TO DCD FILE ../output/02_eq_2_CLKW.0.dcd AT STEP 700000
WRITING COORDINATES TO RESTART FILE AT STEP 700000
FINISHED WRITING RESTART COORDINATES
WRITING VELOCITIES TO RESTART FILE AT STEP 700000
FINISHED WRITING RESTART VELOCITIES
PRESSURE: 710000 2125.98 -26.288 39.1838 -26.2868 -2102.22 191.266 39.1864 191.266 448.451
GPRESSURE: 710000 2130.25 -35.4462 -106.566 64.3289 -2032.42 237.465 270.859 257.268 372.203
PRESSAVG: 710000 1796.54 -14.0777 -72.8548 -14.0777 -2152.62 -24.6644 -72.8548 -24.6644 -58.8304
GPRESSAVG: 710000 1787.35 9.84879 -73.6166 -26.4849 -2132.05 -30.3351 -60.3482 -13.0727 -67.1025
TIMING: 710000  CPU: 631.259, 0.00089024/step  Wall: 631.359, 0.000890409/step, 388.136 ns/days, 1.06107 hours remaining, 0.000000 MB of memory in use.
PERFORMANCE: 710000  averaging 388.66 ns/day, 0.000889209 sec/step with standard deviation 2.00674e-06
ENERGY:  710000        12.6154        50.9866        30.6072         1.6660         -50785.9887    -85487.8885         0.0000         0.0000     10526.2695        -125651.7325       297.3454   -136178.0020   -125882.4526       297.4750            157.4039       156.6779    180735.9949      -138.3020      -137.2673

WRITING EXTENDED SYSTEM TO RESTART FILE AT STEP 710000
WRITING COORDINATES TO DCD FILE ../output/02_eq_2_CLKW.0.dcd AT STEP 710000
WRITING COORDINATES TO RESTART FILE AT STEP 710000
FINISHED WRITING RESTART COORDINATES
WRITING VELOCITIES TO RESTART FILE AT STEP 710000
FINISHED WRITING RESTART VELOCITIES
PRESSURE: 720000 2696.35 -44.8887 55.2889 -44.8919 -1798.66 117.32 55.2895 117.321 799.54
GPRESSURE: 720000 2710.79 -44.8438 84.339 -49.1924 -1820.71 93.2024 49.6395 108.478 794.213
PRESSAVG: 720000 1847.28 -20.4098 -71.198 -20.4098 -2135.73 -14.5191 -71.198 -14.5191 -14.7676
GPRESSAVG: 720000 1838.55 -0.579436 -66.8577 -27.2186 -2117.79 -18.7551 -61.4723 -4.33189 -21.4205
TIMING: 720000  CPU: 640.163, 0.00089034/step  Wall: 640.264, 0.000890525/step, 388.086 ns/days, 1.05874 hours remaining, 0.000000 MB of memory in use.
PERFORMANCE: 720000  averaging 388.652 ns/day, 0.000889227 sec/step with standard deviation 1.99859e-06
ENERGY:  720000        15.7273        48.5000        29.7294         2.8705         -51500.9750    -85171.9271         0.0000         0.0000     10611.6451        -125964.4298       299.7571   -136576.0749   -125887.2100       297.5567            565.7430       561.4300    180305.3742      -101.0720      -100.2216

WRITING EXTENDED SYSTEM TO RESTART FILE AT STEP 720000
WRITING COORDINATES TO DCD FILE ../output/02_eq_2_CLKW.0.dcd AT STEP 720000
WRITING COORDINATES TO RESTART FILE AT STEP 720000
FINISHED WRITING RESTART COORDINATES
WRITING VELOCITIES TO RESTART FILE AT STEP 720000
FINISHED WRITING RESTART VELOCITIES
PRESSURE: 730000 2581.5 81.6425 -100.006 81.6408 -1325.97 83.2768 -100.005 83.2768 -129.651
GPRESSURE: 730000 2543.62 67.5717 -37.5417 82.8746 -1371.85 97.6472 -86.7553 156.295 -29.4111
PRESSAVG: 730000 1894.1 -35.0138 -81.8612 -35.0138 -2099.94 2.26838 -81.8612 2.26838 -32.0268
GPRESSAVG: 730000 1885.09 -12.884 -69.9455 -38.4545 -2087.01 1.29061 -67.1399 16.5088 -32.701
TIMING: 730000  CPU: 649.067, 0.000890446/step  Wall: 649.17, 0.000890552/step, 388.074 ns/days, 1.05629 hours remaining, 0.000000 MB of memory in use.
PERFORMANCE: 730000  averaging 388.644 ns/day, 0.000889245 sec/step with standard deviation 1.9907e-06
ENERGY:  730000        14.0893        50.5680        32.8699         1.0504         -50885.1100    -85498.9544         0.0000         0.0000     10512.0756        -125773.4113       296.9445   -136285.4869   -125887.6152       297.4906            375.2929       380.7875    181596.4406       -79.2908       -78.2065

WRITING EXTENDED SYSTEM TO RESTART FILE AT STEP 730000
WRITING COORDINATES TO DCD FILE ../output/02_eq_2_CLKW.0.dcd AT STEP 730000
WRITING COORDINATES TO RESTART FILE AT STEP 730000
FINISHED WRITING RESTART COORDINATES
WRITING VELOCITIES TO RESTART FILE AT STEP 730000
FINISHED WRITING RESTART VELOCITIES
PRESSURE: 740000 2364.93 -32.7153 -132.883 -32.7173 -1814.41 199.681 -132.881 199.68 71.3439
GPRESSURE: 740000 2398.39 -40.0691 5.00531 4.55938 -1837.32 234.612 -352.831 175.09 77.7066
PRESSAVG: 740000 1877.08 -41.4568 -89.5152 -41.4568 -2110.04 9.15204 -89.5152 9.15204 -62.4812
GPRESSAVG: 740000 1870.97 -24.5723 -66.7634 -42.9746 -2097.41 16.2206 -87.4839 23.857 -64.494
TIMING: 740000  CPU: 657.986, 0.000891911/step  Wall: 658.091, 0.000892098/step, 387.401 ns/days, 1.05565 hours remaining, 0.000000 MB of memory in use.
PERFORMANCE: 740000  averaging 388.627 ns/day, 0.000889284 sec/step with standard deviation 2.00464e-06
ENERGY:  740000        16.2360        42.1148        34.0575         2.5404         -51057.2289    -85438.8728         0.0000         0.0000     10500.2870        -125900.8661       296.6115   -136401.1531   -125903.3986       297.1873            207.2902       212.9252    180409.4581       -98.4792       -96.9807

WRITING EXTENDED SYSTEM TO RESTART FILE AT STEP 740000
WRITING COORDINATES TO DCD FILE ../output/02_eq_2_CLKW.0.dcd AT STEP 740000
WRITING COORDINATES TO RESTART FILE AT STEP 740000
FINISHED WRITING RESTART COORDINATES
WRITING VELOCITIES TO RESTART FILE AT STEP 740000
FINISHED WRITING RESTART VELOCITIES
PRESSURE: 750000 2517.82 -172.098 -146.545 -172.097 -1380.74 -63.8283 -146.546 -63.827 -216.449
GPRESSURE: 750000 2545.76 -81.6996 -120.961 -243.565 -1443.37 0.246859 -194.541 -176.742 -185.865
PRESSAVG: 750000 1920.2 -57.1982 -115.474 -57.1982 -2079.29 3.78444 -115.474 3.78444 -55.267
GPRESSAVG: 750000 1911.88 -31.8999 -93.8819 -63.2373 -2069.94 18.6445 -114.486 12.9458 -53.2157
TIMING: 750000  CPU: 666.894, 0.000890806/step  Wall: 667.001, 0.00089101/step, 387.875 ns/days, 1.05189 hours remaining, 0.000000 MB of memory in use.
PERFORMANCE: 750000  averaging 388.617 ns/day, 0.000889307 sec/step with standard deviation 2.001e-06
ENERGY:  750000        11.6055        41.8586        31.2483         0.6558         -51034.9934    -85422.7473         0.0000         0.0000     10512.6786        -125859.6938       296.9615   -136372.3724   -125897.4575       297.1714            306.8755       305.5096    180813.3805       -71.4522       -70.4251

WRITING EXTENDED SYSTEM TO RESTART FILE AT STEP 750000
WRITING COORDINATES TO DCD FILE ../output/02_eq_2_CLKW.0.dcd AT STEP 750000
WRITING COORDINATES TO RESTART FILE AT STEP 750000
FINISHED WRITING RESTART COORDINATES
WRITING VELOCITIES TO RESTART FILE AT STEP 750000
FINISHED WRITING RESTART VELOCITIES
PRESSURE: 760000 1720.69 -115.784 45.5897 -115.783 -2320.89 1.76959 45.5916 1.76832 -209.95
GPRESSURE: 760000 1716.33 -205.637 105.972 -90.6432 -2266.03 41.7396 -61.3324 103.611 -248.779
PRESSAVG: 760000 1923.16 -69.02 -105.104 -69.02 -2096.88 13.8351 -105.104 13.8351 -59.6344
GPRESSAVG: 760000 1914.96 -46.1825 -84.3025 -70.8488 -2085.67 31.4862 -112.436 29.354 -59.6051
TIMING: 760000  CPU: 675.805, 0.000891043/step  Wall: 675.913, 0.000891174/step, 387.803 ns/days, 1.0496 hours remaining, 0.000000 MB of memory in use.
PERFORMANCE: 760000  averaging 388.606 ns/day, 0.000889332 sec/step with standard deviation 1.99911e-06
ENERGY:  760000        17.9596        54.2237        30.4055         3.9878         -51066.6902    -85322.9532         0.0000         0.0000     10553.2795        -125729.7873       298.1084   -136283.0668   -125883.3108       297.3562           -270.0520      -266.1602    182161.1013       -77.7867       -76.7728

WRITING EXTENDED SYSTEM TO RESTART FILE AT STEP 760000
WRITING COORDINATES TO DCD FILE ../output/02_eq_2_CLKW.0.dcd AT STEP 760000
WRITING COORDINATES TO RESTART FILE AT STEP 760000
FINISHED WRITING RESTART COORDINATES
WRITING VELOCITIES TO RESTART FILE AT STEP 760000
FINISHED WRITING RESTART VELOCITIES
PRESSURE: 770000 1397.15 144.582 282.714 144.582 -2478.16 -442.291 282.713 -442.291 165.648
GPRESSURE: 770000 1442.64 281.11 297.973 47.0054 -2453 -351.806 249.28 -387.813 110.088
PRESSAVG: 770000 1880.75 -59.1183 -70.6383 -59.1183 -2121.05 -0.806666 -70.6383 -0.806666 -57.4104
GPRESSAVG: 770000 1877.16 -31.4268 -45.9579 -67.3798 -2109.51 18.3568 -79.6116 18.0896 -61.8524
TIMING: 770000  CPU: 684.711, 0.000890581/step  Wall: 684.818, 0.000890592/step, 388.056 ns/days, 1.04645 hours remaining, 0.000000 MB of memory in use.
PERFORMANCE: 770000  averaging 388.599 ns/day, 0.000889348 sec/step with standard deviation 1.99111e-06
ENERGY:  770000        14.2695        36.4540        38.3928         2.3315         -51218.5363    -85254.0893         0.0000         0.0000     10583.1238        -125798.0540       298.9514   -136381.1777   -125882.9757       297.4795           -305.1219      -300.0908    180673.8202       -99.2382       -98.0684

WRITING EXTENDED SYSTEM TO RESTART FILE AT STEP 770000
WRITING COORDINATES TO DCD FILE ../output/02_eq_2_CLKW.0.dcd AT STEP 770000
WRITING COORDINATES TO RESTART FILE AT STEP 770000
FINISHED WRITING RESTART COORDINATES
WRITING VELOCITIES TO RESTART FILE AT STEP 770000
FINISHED WRITING RESTART VELOCITIES
PRESSURE: 780000 2129.18 -183.609 -192.618 -183.608 -1493.23 -354.048 -192.618 -354.047 303.939
GPRESSURE: 780000 2187.46 -137.716 -204.493 -104.344 -1499.47 -407.751 -87.6372 -281.237 256.313
PRESSAVG: 780000 1842.13 -82.9418 -82.1507 -82.9418 -2123.75 -27.1638 -82.1507 -27.1638 -44.0416
GPRESSAVG: 780000 1840.96 -54.7547 -64.37 -82.7059 -2109.8 -11.0747 -83.6873 -1.42467 -52.5837
TIMING: 780000  CPU: 693.626, 0.000891544/step  Wall: 693.736, 0.000891721/step, 387.565 ns/days, 1.0453 hours remaining, 0.000000 MB of memory in use.
PERFORMANCE: 780000  averaging 388.586 ns/day, 0.000889378 sec/step with standard deviation 1.99631e-06
ENERGY:  780000        18.8761        44.6309        32.2670         0.3539         -51155.0462    -85334.9998         0.0000         0.0000     10566.2405        -125827.6776       298.4745   -136393.9180   -125877.2215       297.3255            313.2954       314.7704    180785.3401      -108.5551      -107.1419

WRITING EXTENDED SYSTEM TO RESTART FILE AT STEP 780000
WRITING COORDINATES TO DCD FILE ../output/02_eq_2_CLKW.0.dcd AT STEP 780000
WRITING COORDINATES TO RESTART FILE AT STEP 780000
FINISHED WRITING RESTART COORDINATES
WRITING VELOCITIES TO RESTART FILE AT STEP 780000
FINISHED WRITING RESTART VELOCITIES
PRESSURE: 790000 1518.75 41.519 -491.248 41.5179 -1833.94 125.972 -491.247 125.971 722.805
GPRESSURE: 790000 1543.54 112.493 -424.064 -114.937 -1855.78 123.364 -582.703 200.659 725.394
PRESSAVG: 790000 1849.77 -82.8486 -85.1645 -82.8486 -2072.38 -24.5266 -85.1645 -24.5266 -2.34532
GPRESSAVG: 790000 1849.94 -49.2486 -63.9118 -89.7494 -2060.61 -7.94849 -91.9408 2.9926 -9.78837
TIMING: 790000  CPU: 702.522, 0.00088961/step  Wall: 702.634, 0.000889839/step, 388.385 ns/days, 1.04062 hours remaining, 0.000000 MB of memory in use.
PERFORMANCE: 790000  averaging 388.583 ns/day, 0.000889384 sec/step with standard deviation 1.98415e-06
ENERGY:  790000        10.3280        39.0299        36.5892         2.9692         -51138.1986    -85330.7621         0.0000         0.0000     10623.1726        -125756.8718       300.0827   -136380.0444   -125873.8829       297.5358            135.8709       137.7179    181151.0269       -74.9840       -73.4871

WRITING EXTENDED SYSTEM TO RESTART FILE AT STEP 790000
WRITING COORDINATES TO DCD FILE ../output/02_eq_2_CLKW.0.dcd AT STEP 790000
WRITING COORDINATES TO RESTART FILE AT STEP 790000
FINISHED WRITING RESTART COORDINATES
WRITING VELOCITIES TO RESTART FILE AT STEP 790000
FINISHED WRITING RESTART VELOCITIES
PRESSURE: 800000 2606.15 277.772 120.178 277.772 -1027.98 35.7067 120.178 35.7053 -72.4469
GPRESSURE: 800000 2620.5 272.712 117.496 339.188 -1048.6 17.2309 230.757 -6.91986 -60.4532
PRESSAVG: 800000 1854.62 -77.1102 -71.7037 -77.1102 -2056.56 -12.0047 -71.7037 -12.0047 -13.3233
GPRESSAVG: 800000 1856.49 -40.9847 -49.0738 -81.0676 -2048.75 -3.19148 -74.1498 14.634 -19.3597
TIMING: 800000  CPU: 711.442, 0.000891935/step  Wall: 711.555, 0.000892118/step, 387.393 ns/days, 1.0408 hours remaining, 0.000000 MB of memory in use.
PERFORMANCE: 800000  averaging 388.569 ns/day, 0.000889418 sec/step with standard deviation 1.9951e-06
ETITLE:      TS           BOND          ANGLE          DIHED          IMPRP               ELECT            VDW       BOUNDARY           MISC        KINETIC               TOTAL           TEMP      POTENTIAL       TOTALAVG        TEMPAVG            PRESSURE      GPRESSURE         VOLUME       PRESSAVG      GPRESSAVG

ENERGY:  800000        16.1148        44.0784        34.1456         1.1803         -51084.3006    -85389.7565         0.0000         0.0000     10621.0744        -125757.4634       300.0235   -136378.5378   -125867.6167       297.5549            501.9077       503.8161    181312.6108       -71.7552       -70.5391

WRITING EXTENDED SYSTEM TO RESTART FILE AT STEP 800000
WRITING COORDINATES TO DCD FILE ../output/02_eq_2_CLKW.0.dcd AT STEP 800000
WRITING COORDINATES TO RESTART FILE AT STEP 800000
FINISHED WRITING RESTART COORDINATES
WRITING VELOCITIES TO RESTART FILE AT STEP 800000
FINISHED WRITING RESTART VELOCITIES
PRESSURE: 810000 2349.06 -154.948 -188.187 -154.95 -1767.32 116.885 -188.188 116.886 -597.896
GPRESSURE: 810000 2265.61 -207.109 -186.978 -136.07 -1710.53 23.7577 -167.886 207.044 -572.163
PRESSAVG: 810000 1922.31 -72.6192 -77.7575 -72.6192 -2012.2 9.78053 -77.7575 9.78053 6.55578
GPRESSAVG: 810000 1918.86 -50.849 -55.1237 -70.4139 -2000.58 11.2198 -83.2694 38.5558 1.91162
TIMING: 810000  CPU: 720.372, 0.00089303/step  Wall: 720.487, 0.000893209/step, 386.919 ns/days, 1.0396 hours remaining, 0.000000 MB of memory in use.
PERFORMANCE: 810000  averaging 388.548 ns/day, 0.000889465 sec/step with standard deviation 2.02685e-06
ENERGY:  810000        22.0818        45.8778        31.5970         0.8052         -50964.5724    -85440.6622         0.0000         0.0000     10579.4745        -125725.3983       298.8483   -136304.8727   -125860.2648       297.7167             -5.3843        -5.6925    180750.1203       -27.7780       -26.6033

WRITING EXTENDED SYSTEM TO RESTART FILE AT STEP 810000
WRITING COORDINATES TO DCD FILE ../output/02_eq_2_CLKW.0.dcd AT STEP 810000
WRITING COORDINATES TO RESTART FILE AT STEP 810000
FINISHED WRITING RESTART COORDINATES
WRITING VELOCITIES TO RESTART FILE AT STEP 810000
FINISHED WRITING RESTART VELOCITIES
PRESSURE: 820000 1799.77 -60.718 97.1508 -60.7182 -1967.29 31.8518 97.1491 31.851 -489.439
GPRESSURE: 820000 1855.88 67.0763 162.452 -84.1391 -1997.64 -33.2064 97.9422 -48.6497 -506.738
PRESSAVG: 820000 1912.28 -81.7517 -61.8569 -81.7517 -2028.35 11.1724 -61.8569 11.1724 -35.2897
GPRESSAVG: 820000 1908.66 -50.2044 -34.1186 -83.8533 -2014.54 7.28979 -70.3482 38.9786 -40.8983
TIMING: 820000  CPU: 729.336, 0.000896395/step  Wall: 729.458, 0.000897108/step, 385.238 ns/days, 1.04164 hours remaining, 0.000000 MB of memory in use.
PERFORMANCE: 820000  averaging 388.507 ns/day, 0.000889558 sec/step with standard deviation 2.18397e-06
ENERGY:  820000        21.3115        44.2342        33.2847         0.8981         -51077.3695    -85451.7993         0.0000         0.0000     10398.3208        -126031.1196       293.7311   -136429.4404   -125872.3981       297.5284           -218.9868      -216.1669    181529.9035       -50.4528       -48.9268

WRITING EXTENDED SYSTEM TO RESTART FILE AT STEP 820000
WRITING COORDINATES TO DCD FILE ../output/02_eq_2_CLKW.0.dcd AT STEP 820000
WRITING COORDINATES TO RESTART FILE AT STEP 820000
FINISHED WRITING RESTART COORDINATES
WRITING VELOCITIES TO RESTART FILE AT STEP 820000
FINISHED WRITING RESTART VELOCITIES
PRESSURE: 830000 2524.66 -64.1396 -89.3847 -64.1408 -2371.77 226.834 -89.3848 226.834 -64.278
GPRESSURE: 830000 2483.64 -71.4738 -121.589 -54.9261 -2412.44 409.631 82.1436 13.4157 2.21358
PRESSAVG: 830000 1955.87 -92.4737 -74.2749 -92.4737 -2034.94 24.9102 -74.2749 24.9102 -38.0295
GPRESSAVG: 830000 1952.84 -64.8739 -49.5075 -91.3927 -2025.21 28.6473 -70.382 43.1804 -41.6943
TIMING: 830000  CPU: 738.225, 0.000888937/step  Wall: 738.349, 0.0008891/step, 388.708 ns/days, 1.02987 hours remaining, 0.000000 MB of memory in use.
PERFORMANCE: 830000  averaging 388.51 ns/day, 0.000889553 sec/step with standard deviation 2.17119e-06
ENERGY:  830000        11.9306        43.1842        31.4384         1.7790         -51090.8503    -85410.5606         0.0000         0.0000     10598.6514        -125814.4272       299.3900   -136413.0786   -125863.5573       297.6687             29.5348        24.4693    181278.2247       -39.0311       -38.0206

WRITING EXTENDED SYSTEM TO RESTART FILE AT STEP 830000
WRITING COORDINATES TO DCD FILE ../output/02_eq_2_CLKW.0.dcd AT STEP 830000
WRITING COORDINATES TO RESTART FILE AT STEP 830000
FINISHED WRITING RESTART COORDINATES
WRITING VELOCITIES TO RESTART FILE AT STEP 830000
FINISHED WRITING RESTART VELOCITIES
PRESSURE: 840000 1477.28 -244.668 -328.501 -244.666 -1910.34 -215.678 -328.501 -215.676 -121.168
GPRESSURE: 840000 1572.9 -48.0715 -342.702 -262.961 -1944.37 -257.397 -224.095 -144.519 -178.204
PRESSAVG: 840000 1935.45 -85.9067 -82.3654 -85.9067 -2028.01 -3.41297 -82.3654 -3.41297 -33.109
GPRESSAVG: 840000 1938.85 -47.5838 -56.4963 -92.9645 -2023.07 -4.42799 -75.3308 25.5206 -38.265
TIMING: 840000  CPU: 747.112, 0.000888714/step  Wall: 747.238, 0.000888866/step, 388.81 ns/days, 1.02713 hours remaining, 0.000000 MB of memory in use.
PERFORMANCE: 840000  averaging 388.513 ns/day, 0.000889545 sec/step with standard deviation 2.15938e-06
ENERGY:  840000        13.5903        45.1451        29.0788         0.8016         -50927.9466    -85552.6408         0.0000         0.0000     10544.1729        -125847.7988       297.8511   -136391.9717   -125852.4854       297.8613           -184.7419      -183.2234    180663.3662       -41.8898       -40.8279

WRITING EXTENDED SYSTEM TO RESTART FILE AT STEP 840000
WRITING COORDINATES TO DCD FILE ../output/02_eq_2_CLKW.0.dcd AT STEP 840000
WRITING COORDINATES TO RESTART FILE AT STEP 840000
FINISHED WRITING RESTART COORDINATES
WRITING VELOCITIES TO RESTART FILE AT STEP 840000
FINISHED WRITING RESTART VELOCITIES
PRESSURE: 850000 2364.78 -81.4457 467.944 -81.4466 -2171.96 162.068 467.944 162.07 -176.551
GPRESSURE: 850000 2328.73 -95.281 452.56 -92.9332 -2174.51 69.0698 453.505 123.45 -137.424
PRESSAVG: 850000 1957.04 -62.7959 -37.8472 -62.7959 -2020.67 3.46977 -37.8472 3.46977 -23.8732
GPRESSAVG: 850000 1961.41 -27.8917 -13.9193 -71.7353 -2019.49 -3.06104 -29.0947 28.2529 -26.0354
TIMING: 850000  CPU: 756.026, 0.000891321/step  Wall: 756.152, 0.00089144/step, 387.687 ns/days, 1.02763 hours remaining, 0.000000 MB of memory in use.
PERFORMANCE: 850000  averaging 388.504 ns/day, 0.000889567 sec/step with standard deviation 2.1563e-06
ENERGY:  850000        15.9323        45.0524        26.5310         0.7914         -51155.4880    -85402.4326         0.0000         0.0000     10533.9560        -125935.6576       297.5625   -136469.6136   -125846.0906       297.9210              5.4215         5.5964    180190.6398       -29.1681       -28.0374

WRITING EXTENDED SYSTEM TO RESTART FILE AT STEP 850000
WRITING COORDINATES TO DCD FILE ../output/02_eq_2_CLKW.0.dcd AT STEP 850000
WRITING COORDINATES TO RESTART FILE AT STEP 850000
FINISHED WRITING RESTART COORDINATES
WRITING VELOCITIES TO RESTART FILE AT STEP 850000
FINISHED WRITING RESTART VELOCITIES
PRESSURE: 860000 1794.8 51.6436 126.974 51.6422 -2019.58 219.679 126.978 219.678 -502.024
GPRESSURE: 860000 1813.03 156.663 143.543 53.7127 -1950.63 195.251 154.374 239.141 -586.51
PRESSAVG: 860000 1980.65 -57.0708 -27.1949 -57.0708 -1993.78 13.9601 -27.1949 13.9601 -36.4285
GPRESSAVG: 860000 1987.58 -23.1821 -4.41196 -57.9322 -1990.38 6.41018 -19.3059 34.4019 -43.7215
TIMING: 860000  CPU: 764.925, 0.000889918/step  Wall: 765.054, 0.000890181/step, 388.236 ns/days, 1.02371 hours remaining, 0.000000 MB of memory in use.
PERFORMANCE: 860000  averaging 388.501 ns/day, 0.000889574 sec/step with standard deviation 2.14461e-06
ENERGY:  860000        12.6050        39.8664        30.4757         0.7711         -50918.8811    -85536.0412         0.0000         0.0000     10410.7430        -125960.4611       294.0820   -136371.2040   -125852.7265       297.7686           -242.2686      -241.3715    181020.3973       -16.5188       -15.5049

WRITING EXTENDED SYSTEM TO RESTART FILE AT STEP 860000
WRITING COORDINATES TO DCD FILE ../output/02_eq_2_CLKW.0.dcd AT STEP 860000
WRITING COORDINATES TO RESTART FILE AT STEP 860000
FINISHED WRITING RESTART COORDINATES
WRITING VELOCITIES TO RESTART FILE AT STEP 860000
FINISHED WRITING RESTART VELOCITIES
PRESSURE: 870000 1093.66 113.668 -228.429 113.668 -2883.49 -42.1717 -228.431 -42.1724 -1032.58
GPRESSURE: 870000 1101.97 108.684 -254.288 81.1115 -2959.89 -101.127 -141.71 -18.9134 -973.596
PRESSAVG: 870000 1955.05 -39.9046 -32.4534 -39.9046 -2024.7 11.2267 -32.4534 11.2267 -108.201
GPRESSAVG: 870000 1958.6 -8.54754 -9.20491 -45.1299 -2021.57 2.65871 -22.7916 31.2709 -112.712
TIMING: 870000  CPU: 773.809, 0.00088838/step  Wall: 773.938, 0.000888354/step, 389.034 ns/days, 1.01914 hours remaining, 0.000000 MB of memory in use.
PERFORMANCE: 870000  averaging 388.507 ns/day, 0.00088956 sec/step with standard deviation 2.13611e-06
ENERGY:  870000        13.7968        51.7225        30.8073         1.3413         -51170.4426    -85415.9774         0.0000         0.0000     10458.7695        -126029.9825       295.4387   -136488.7521   -125861.8621       297.6026           -940.8050      -943.8368    182058.1332       -59.2851       -58.5582

WRITING EXTENDED SYSTEM TO RESTART FILE AT STEP 870000
WRITING COORDINATES TO DCD FILE ../output/02_eq_2_CLKW.0.dcd AT STEP 870000
WRITING COORDINATES TO RESTART FILE AT STEP 870000
FINISHED WRITING RESTART COORDINATES
WRITING VELOCITIES TO RESTART FILE AT STEP 870000
FINISHED WRITING RESTART VELOCITIES
PRESSURE: 880000 1687.18 98.8843 -404.868 98.8846 -1842.33 97.1926 -404.866 97.1933 -58.4646
GPRESSURE: 880000 1721.03 170.154 -582.623 -0.898707 -1893.14 137.357 -259.349 48.17 -28.8792
PRESSAVG: 880000 1985.22 -25.1784 -52.9406 -25.1784 -1971.74 28.4248 -52.9406 28.4248 -109.662
GPRESSAVG: 880000 1993.87 6.65021 -37.4033 -34.6109 -1977.69 22.1783 -37.9618 47.0565 -110.491
TIMING: 880000  CPU: 782.716, 0.000890709/step  Wall: 782.847, 0.000890892/step, 387.926 ns/days, 1.01958 hours remaining, 0.000000 MB of memory in use.
PERFORMANCE: 880000  averaging 388.5 ns/day, 0.000889575 sec/step with standard deviation 2.12853e-06
ENERGY:  880000        18.1783        56.4890        28.3843         1.7212         -51174.7285    -85299.5392         0.0000         0.0000     10475.5865        -125893.9085       295.9137   -136369.4949   -125852.9784       297.5667            -71.2040       -66.9983    182174.6935       -32.0614       -31.4370

WRITING EXTENDED SYSTEM TO RESTART FILE AT STEP 880000
WRITING COORDINATES TO DCD FILE ../output/02_eq_2_CLKW.0.dcd AT STEP 880000
WRITING COORDINATES TO RESTART FILE AT STEP 880000
FINISHED WRITING RESTART COORDINATES
WRITING VELOCITIES TO RESTART FILE AT STEP 880000
FINISHED WRITING RESTART VELOCITIES
PRESSURE: 890000 2284.14 -36.8334 -12.463 -36.8346 -1697.87 -77.7985 -12.4597 -77.7972 440.33
GPRESSURE: 890000 2253.34 106.142 6.76124 -109.696 -1675.69 -44.2129 7.00264 -80.9133 454.246
PRESSAVG: 890000 2040.21 -20.2987 -50.2062 -20.2987 -1935.18 33.7805 -50.2062 33.7805 -62.0558
GPRESSAVG: 890000 2045.97 18.5655 -43.6064 -34.4124 -1940.27 33.3668 -29.0972 50.0407 -60.7619
TIMING: 890000  CPU: 791.593, 0.000887707/step  Wall: 791.726, 0.000887913/step, 389.227 ns/days, 1.0137 hours remaining, 0.000000 MB of memory in use.
PERFORMANCE: 890000  averaging 388.508 ns/day, 0.000889557 sec/step with standard deviation 2.12372e-06
ENERGY:  890000        20.8738        43.7238        36.7254         1.4370         -51234.2140    -85295.7947         0.0000         0.0000     10465.5573        -125961.6915       295.6304   -136427.2488   -125849.0874       297.5289            342.1993       343.9653    180494.6811        14.3258        14.9779

WRITING EXTENDED SYSTEM TO RESTART FILE AT STEP 890000
WRITING COORDINATES TO DCD FILE ../output/02_eq_2_CLKW.0.dcd AT STEP 890000
WRITING COORDINATES TO RESTART FILE AT STEP 890000
FINISHED WRITING RESTART COORDINATES
WRITING VELOCITIES TO RESTART FILE AT STEP 890000
FINISHED WRITING RESTART VELOCITIES
PRESSURE: 900000 2717.2 202.251 -118.991 202.249 -1697.38 198.061 -118.991 198.062 438.699
GPRESSURE: 900000 2691.31 182.741 -112.921 154.33 -1696.66 153.999 -100.475 219.896 464.741
PRESSAVG: 900000 2087.55 -10.3091 -59.9545 -10.3091 -1895.28 30.5876 -59.9545 30.5876 -14.0073
GPRESSAVG: 900000 2096.34 27.9 -55.9312 -25.8597 -1902.2 31.9537 -33.1906 35.3405 -12.5453
TIMING: 900000  CPU: 800.499, 0.000890652/step  Wall: 800.633, 0.000890669/step, 388.023 ns/days, 1.01437 hours remaining, 0.000000 MB of memory in use.
PERFORMANCE: 900000  averaging 388.503 ns/day, 0.000889569 sec/step with standard deviation 2.11501e-06
ETITLE:      TS           BOND          ANGLE          DIHED          IMPRP               ELECT            VDW       BOUNDARY           MISC        KINETIC               TOTAL           TEMP      POTENTIAL       TOTALAVG        TEMPAVG            PRESSURE      GPRESSURE         VOLUME       PRESSAVG      GPRESSAVG

ENERGY:  900000        17.8332        42.7828        27.5121         0.4223         -51143.6514    -85369.9526         0.0000         0.0000     10460.9030        -125964.1506       295.4989   -136425.0536   -125859.2292       297.3604            486.1722       486.4639    180481.8043        59.4221        60.5295

WRITING EXTENDED SYSTEM TO RESTART FILE AT STEP 900000
WRITING COORDINATES TO DCD FILE ../output/02_eq_2_CLKW.0.dcd AT STEP 900000
WRITING COORDINATES TO RESTART FILE AT STEP 900000
FINISHED WRITING RESTART COORDINATES
WRITING VELOCITIES TO RESTART FILE AT STEP 900000
FINISHED WRITING RESTART VELOCITIES
PRESSURE: 910000 2259.01 104.087 172.582 104.085 -1647.96 59.2125 172.584 59.2119 -10.4527
GPRESSURE: 910000 2345.63 95.8507 215.471 38.3159 -1672.9 123.432 201.349 45.5418 -71.3823
PRESSAVG: 910000 2094.2 -3.79056 -53.2847 -3.79056 -1872.56 23.9849 -53.2847 23.9849 -36.9525
GPRESSAVG: 910000 2107.11 34.4648 -39.8294 -27.1604 -1884.23 26.2521 -36.6661 24.7542 -34.7246
TIMING: 910000  CPU: 809.376, 0.00088769/step  Wall: 809.512, 0.000887947/step, 389.213 ns/days, 1.00881 hours remaining, 0.000000 MB of memory in use.
PERFORMANCE: 910000  averaging 388.511 ns/day, 0.000889551 sec/step with standard deviation 2.11009e-06
ENERGY:  910000        15.6400        46.6518        32.8180         2.7757         -51090.6055    -85519.6096         0.0000         0.0000     10499.3949        -126012.9346       296.5863   -136512.3296   -125877.2893       297.3224            200.1969       200.4501    180689.6679        61.5618        62.7181

WRITING EXTENDED SYSTEM TO RESTART FILE AT STEP 910000
WRITING COORDINATES TO DCD FILE ../output/02_eq_2_CLKW.0.dcd AT STEP 910000
WRITING COORDINATES TO RESTART FILE AT STEP 910000
FINISHED WRITING RESTART COORDINATES
WRITING VELOCITIES TO RESTART FILE AT STEP 910000
FINISHED WRITING RESTART VELOCITIES
PRESSURE: 920000 1981.62 -129.581 -307.942 -129.58 -1069.27 -270.203 -307.938 -270.204 11.8843
GPRESSURE: 920000 1954.84 -242.958 -403.424 -192.193 -1096.8 -271.899 -366.888 -200.582 54.9629
PRESSAVG: 920000 2058.47 -8.02496 -71.446 -8.02496 -1836.09 4.60868 -71.446 4.60868 -76.3353
GPRESSAVG: 920000 2069.31 24.5591 -64.2175 -34.3104 -1848.03 7.99696 -57.4925 9.30124 -71.6871
TIMING: 920000  CPU: 818.284, 0.000890747/step  Wall: 818.421, 0.000890899/step, 387.923 ns/days, 1.00969 hours remaining, 0.000000 MB of memory in use.
PERFORMANCE: 920000  averaging 388.504 ns/day, 0.000889566 sec/step with standard deviation 2.10317e-06
ENERGY:  920000        16.8309        38.2617        36.0068         2.1586         -51109.6719    -85357.5746         0.0000         0.0000     10712.0538        -125661.9347       302.5934   -136373.9885   -125862.1645       297.4642            308.0784       304.3347    182059.5583        48.6786        49.8633

WRITING EXTENDED SYSTEM TO RESTART FILE AT STEP 920000
WRITING COORDINATES TO DCD FILE ../output/02_eq_2_CLKW.0.dcd AT STEP 920000
WRITING COORDINATES TO RESTART FILE AT STEP 920000
FINISHED WRITING RESTART COORDINATES
WRITING VELOCITIES TO RESTART FILE AT STEP 920000
FINISHED WRITING RESTART VELOCITIES
PRESSURE: 930000 2254 -45.0215 -327.095 -45.0239 -2059.82 334.438 -327.095 334.441 -595.558
GPRESSURE: 930000 2231.16 60.2967 -205.045 -83.1692 -2023.71 371.712 -300.205 224.962 -594.949
PRESSAVG: 930000 2042.09 -14.3582 -82.8006 -14.3582 -1872.79 17.1669 -82.8006 17.1669 -99.6306
GPRESSAVG: 930000 2053.69 24.1954 -72.5927 -42.6126 -1880.62 21.7002 -68.165 12.7346 -99.964
TIMING: 930000  CPU: 827.193, 0.00089093/step  Wall: 827.332, 0.000891098/step, 387.836 ns/days, 1.00744 hours remaining, 0.000000 MB of memory in use.
PERFORMANCE: 930000  averaging 388.497 ns/day, 0.000889582 sec/step with standard deviation 2.09773e-06
ENERGY:  930000        20.1015        42.6790        30.4585         2.3756         -50945.6451    -85533.7478         0.0000         0.0000     10565.3959        -125818.3824       298.4506   -136383.7783   -125864.4131       297.5395           -133.7917      -129.1666    180914.5008        23.2243        24.3656

WRITING EXTENDED SYSTEM TO RESTART FILE AT STEP 930000
WRITING COORDINATES TO DCD FILE ../output/02_eq_2_CLKW.0.dcd AT STEP 930000
WRITING COORDINATES TO RESTART FILE AT STEP 930000
FINISHED WRITING RESTART COORDINATES
WRITING VELOCITIES TO RESTART FILE AT STEP 930000
FINISHED WRITING RESTART VELOCITIES
PRESSURE: 940000 1725.49 51.132 -43.9942 51.1294 -1653.36 2.29319 -43.9938 2.29392 403.334
GPRESSURE: 940000 1773.47 75.3608 88.8285 74.6451 -1613.28 17.2801 -178.098 171.707 300.766
PRESSAVG: 940000 2010.12 -10.1659 -78.3562 -10.1659 -1864.73 7.29756 -78.3562 7.29756 -83.0311
GPRESSAVG: 940000 2022.44 29.9669 -68.4015 -39.1083 -1869.42 10.8336 -59.4283 12.5655 -88.811
TIMING: 940000  CPU: 836.108, 0.000891543/step  Wall: 836.249, 0.000891684/step, 387.581 ns/days, 1.00562 hours remaining, 0.000000 MB of memory in use.
PERFORMANCE: 940000  averaging 388.487 ns/day, 0.000889605 sec/step with standard deviation 2.09765e-06
ENERGY:  940000        14.4598        48.8373        28.4643         1.9254         -50856.6873    -85452.7781         0.0000         0.0000     10370.7347        -125845.0439       292.9519   -136215.7786   -125861.6219       297.3566            158.4887       153.6521    180192.2933        20.7843        21.4019

WRITING EXTENDED SYSTEM TO RESTART FILE AT STEP 940000
WRITING COORDINATES TO DCD FILE ../output/02_eq_2_CLKW.0.dcd AT STEP 940000
WRITING COORDINATES TO RESTART FILE AT STEP 940000
FINISHED WRITING RESTART COORDINATES
WRITING VELOCITIES TO RESTART FILE AT STEP 940000
FINISHED WRITING RESTART VELOCITIES
PRESSURE: 950000 2473.6 -139.812 -107.044 -139.81 -1519.8 184.114 -107.043 184.115 709.096
GPRESSURE: 950000 2447.59 -146.9 -191.31 -153.013 -1565.77 256.707 -21.8545 166.218 775.649
PRESSAVG: 950000 2007.91 -8.55151 -76.381 -8.55151 -1871.69 19.6947 -76.381 19.6947 -36.7539
GPRESSAVG: 950000 2017.53 26.7068 -71.9189 -34.5807 -1875.54 23.6567 -50.794 29.7135 -40.7353
TIMING: 950000  CPU: 845.035, 0.000892681/step  Wall: 845.176, 0.000892752/step, 387.118 ns/days, 1.00435 hours remaining, 0.000000 MB of memory in use.
PERFORMANCE: 950000  averaging 388.473 ns/day, 0.000889638 sec/step with standard deviation 2.1113e-06
ENERGY:  950000        12.3963        49.2246        30.3859         0.7894         -51423.6675    -85265.4154         0.0000         0.0000     10512.8575        -126083.4291       296.9665   -136596.2866   -125872.8087       297.3568            554.2978       552.4883    180102.2390        33.1554        33.7509

WRITING EXTENDED SYSTEM TO RESTART FILE AT STEP 950000
WRITING COORDINATES TO DCD FILE ../output/02_eq_2_CLKW.0.dcd AT STEP 950000
WRITING COORDINATES TO RESTART FILE AT STEP 950000
FINISHED WRITING RESTART COORDINATES
WRITING VELOCITIES TO RESTART FILE AT STEP 950000
FINISHED WRITING RESTART VELOCITIES
PRESSURE: 960000 2173.66 -105.644 -169.218 -105.646 -1907.13 177.599 -169.218 177.601 -5.56722
GPRESSURE: 960000 2139.96 -170.606 -270.515 -11.1757 -1919.43 197.485 -171.527 229.225 31.1268
PRESSAVG: 960000 2030.56 -8.04467 -87.1215 -8.04467 -1851 28.4863 -87.1215 28.4863 -26.5347
GPRESSAVG: 960000 2038.71 28.4584 -90.7433 -30.6074 -1858.21 31.4439 -56.3037 35.9942 -26.74
TIMING: 960000  CPU: 853.949, 0.00089138/step  Wall: 854.09, 0.000891359/step, 387.723 ns/days, 1.0003 hours remaining, 0.000000 MB of memory in use.
PERFORMANCE: 960000  averaging 388.465 ns/day, 0.000889656 sec/step with standard deviation 2.1075e-06
ENERGY:  960000        15.8523        44.1737        33.7284         1.3658         -51080.6343    -85371.5795         0.0000         0.0000     10671.8368        -125685.2567       301.4574   -136357.0935   -125870.5822       297.5243             86.9875        83.8851    181786.8614        51.0074        51.2531

WRITING EXTENDED SYSTEM TO RESTART FILE AT STEP 960000
WRITING COORDINATES TO DCD FILE ../output/02_eq_2_CLKW.0.dcd AT STEP 960000
WRITING COORDINATES TO RESTART FILE AT STEP 960000
FINISHED WRITING RESTART COORDINATES
WRITING VELOCITIES TO RESTART FILE AT STEP 960000
FINISHED WRITING RESTART VELOCITIES
PRESSURE: 970000 2194.6 -210.766 -41.0815 -210.764 -1900.44 88.2019 -41.0818 88.2021 -370.65
GPRESSURE: 970000 2209.11 -215.877 29.1934 -399.717 -1880.13 113.209 -247.374 55.131 -407.858
PRESSAVG: 970000 2070.43 -25.812 -103.311 -25.812 -1822.11 55.0109 -103.311 55.0109 -53.3497
GPRESSAVG: 970000 2077.04 3.60908 -104.182 -52.9435 -1829.57 54.6947 -81.1365 58.1414 -52.6373
TIMING: 970000  CPU: 862.873, 0.000892438/step  Wall: 863.015, 0.00089255/step, 387.205 ns/days, 0.99916 hours remaining, 0.000000 MB of memory in use.
PERFORMANCE: 970000  averaging 388.452 ns/day, 0.000889685 sec/step with standard deviation 2.11699e-06
ENERGY:  970000        18.3787        44.0684        42.8194         0.7287         -51190.4426    -85352.8657         0.0000         0.0000     10550.3005        -125887.0126       298.0242   -136437.3131   -125875.0301       297.4779            -25.4978       -26.2927    180161.0805        64.9886        64.9430

WRITING EXTENDED SYSTEM TO RESTART FILE AT STEP 970000
WRITING COORDINATES TO DCD FILE ../output/02_eq_2_CLKW.0.dcd AT STEP 970000
WRITING COORDINATES TO RESTART FILE AT STEP 970000
FINISHED WRITING RESTART COORDINATES
WRITING VELOCITIES TO RESTART FILE AT STEP 970000
FINISHED WRITING RESTART VELOCITIES
PRESSURE: 980000 1767.48 302.682 258.325 302.679 -2529.56 -125.223 258.325 -125.223 -812.8
GPRESSURE: 980000 1822.91 220.599 350.926 338.386 -2483.93 -139.785 258.086 -37.5139 -898.296
PRESSAVG: 980000 2052.34 -1.4976 -80.7641 -1.4976 -1873.93 66.4521 -80.7641 66.4521 -109.187
GPRESSAVG: 980000 2058.81 21.5248 -76.4113 -30.807 -1878.79 68.093 -63.8503 70.3275 -110.368
TIMING: 980000  CPU: 871.787, 0.00089138/step  Wall: 871.93, 0.000891473/step, 387.673 ns/days, 0.995478 hours remaining, 0.000000 MB of memory in use.
PERFORMANCE: 980000  averaging 388.444 ns/day, 0.000889704 sec/step with standard deviation 2.11377e-06
ENERGY:  980000        17.0348        47.9840        39.4277         3.7788         -50987.6689    -85509.0161         0.0000         0.0000     10503.2276        -125885.2320       296.6945   -136388.4597   -125877.9078       297.3889           -524.9593      -519.7727    180870.0956        23.0758        23.2159

WRITING EXTENDED SYSTEM TO RESTART FILE AT STEP 980000
WRITING COORDINATES TO DCD FILE ../output/02_eq_2_CLKW.0.dcd AT STEP 980000
WRITING COORDINATES TO RESTART FILE AT STEP 980000
FINISHED WRITING RESTART COORDINATES
WRITING VELOCITIES TO RESTART FILE AT STEP 980000
FINISHED WRITING RESTART VELOCITIES
PRESSURE: 990000 2218.48 224.112 183.725 224.111 -1117.15 -365.646 183.727 -365.646 -174.626
GPRESSURE: 990000 2282.81 365.502 183.435 118.823 -1196.33 -414.445 51.7952 -387.818 -149.411
PRESSAVG: 990000 2087.33 7.63205 -47.0154 7.63205 -1838.09 41.8713 -47.0154 41.8713 -154.058
GPRESSAVG: 990000 2095.77 34.1753 -46.0364 -19.119 -1845.82 41.2025 -32.1254 40.9037 -154.108
TIMING: 990000  CPU: 880.687, 0.000890032/step  Wall: 880.832, 0.000890196/step, 388.229 ns/days, 0.991579 hours remaining, 0.000000 MB of memory in use.
PERFORMANCE: 990000  averaging 388.442 ns/day, 0.000889709 sec/step with standard deviation 2.10354e-06
ENERGY:  990000        15.5710        44.5175        29.8419         2.0464         -51350.1929    -85236.2788         0.0000         0.0000     10495.8708        -125998.6240       296.4867   -136494.4949   -125889.9955       297.2091            308.8994       312.3543    180737.2445        31.7273        31.9477

WRITING EXTENDED SYSTEM TO RESTART FILE AT STEP 990000
WRITING COORDINATES TO DCD FILE ../output/02_eq_2_CLKW.0.dcd AT STEP 990000
WRITING COORDINATES TO RESTART FILE AT STEP 990000
FINISHED WRITING RESTART COORDINATES
WRITING VELOCITIES TO RESTART FILE AT STEP 990000
FINISHED WRITING RESTART VELOCITIES
PRESSURE: 1000000 2042.84 -79.6348 -105.841 -79.6314 -2145.21 -10.7616 -105.842 -10.7608 314.293
GPRESSURE: 1000000 2067.54 -85.6081 -59.1998 -104.856 -2175.43 27.7315 -102.217 -19.2169 314.121
PRESSAVG: 1000000 2059.16 -10.2381 -58.3163 -10.2381 -1893.95 39.548 -58.3163 39.548 -134.721
GPRESSAVG: 1000000 2068.12 16.2593 -54.8712 -41.3212 -1902.16 41.7276 -48.7741 40.2888 -135.379
TIMING: 1000000  CPU: 889.593, 0.000890548/step  Wall: 889.739, 0.000890653/step, 388.03 ns/days, 0.989615 hours remaining, 0.000000 MB of memory in use.
PERFORMANCE: 1000000  averaging 388.438 ns/day, 0.000889718 sec/step with standard deviation 2.09502e-06
ETITLE:      TS           BOND          ANGLE          DIHED          IMPRP               ELECT            VDW       BOUNDARY           MISC        KINETIC               TOTAL           TEMP      POTENTIAL       TOTALAVG        TEMPAVG            PRESSURE      GPRESSURE         VOLUME       PRESSAVG      GPRESSAVG

ENERGY: 1000000        15.8736        54.7755        37.5589         4.2045         -51265.2695    -85283.1352         0.0000         0.0000     10421.0940        -126014.8982       294.3744   -136435.9922   -125902.8672       296.9266             70.6418        68.7454    180684.2532        10.1640        10.1942

WRITING EXTENDED SYSTEM TO RESTART FILE AT STEP 1000000
WRITING COORDINATES TO DCD FILE ../output/02_eq_2_CLKW.0.dcd AT STEP 1000000
WRITING COORDINATES TO RESTART FILE AT STEP 1000000
FINISHED WRITING RESTART COORDINATES
WRITING VELOCITIES TO RESTART FILE AT STEP 1000000
FINISHED WRITING RESTART VELOCITIES
PRESSURE: 1010000 2415 314.58 -25.2207 314.58 -1551.12 -216.375 -25.2212 -216.374 904.43
GPRESSURE: 1010000 2506.32 337.828 17.688 400.753 -1605.46 -129.762 -32.9934 -277.358 867.763
PRESSAVG: 1010000 2062.46 13.2384 -50.168 13.2384 -1883.14 22.885 -50.168 22.885 -59.6049
GPRESSAVG: 1010000 2080.16 43.5062 -44.6379 -14.4801 -1896.91 34.0516 -42.0294 16.0688 -63.3829
TIMING: 1010000  CPU: 898.496, 0.00089031/step  Wall: 898.644, 0.000890512/step, 388.092 ns/days, 0.986984 hours remaining, 0.000000 MB of memory in use.
PERFORMANCE: 1010000  averaging 388.434 ns/day, 0.000889726 sec/step with standard deviation 2.08602e-06
ENERGY: 1010000        16.4880        44.4720        29.9961         1.9391         -51211.2371    -85225.5588         0.0000         0.0000     10547.6127        -125796.2881       297.9483   -136343.9007   -125906.4117       296.8816            589.4361       589.5407    180177.9158        39.9050        39.9558

WRITING EXTENDED SYSTEM TO RESTART FILE AT STEP 1010000
WRITING COORDINATES TO DCD FILE ../output/02_eq_2_CLKW.0.dcd AT STEP 1010000
WRITING COORDINATES TO RESTART FILE AT STEP 1010000
FINISHED WRITING RESTART COORDINATES
WRITING VELOCITIES TO RESTART FILE AT STEP 1010000
FINISHED WRITING RESTART VELOCITIES
PRESSURE: 1020000 2502.75 -54.6466 10.957 -54.6464 -1390.56 -35.911 10.959 -35.9114 287.746
GPRESSURE: 1020000 2499.43 51.9346 -91.3046 -167.049 -1369.58 -14.4578 39.9135 -32.7223 264.069
PRESSAVG: 1020000 2097.61 13.5419 -54.4775 13.5419 -1854.3 19.4969 -54.4775 19.4969 -20.7456
GPRESSAVG: 1020000 2112.34 42.7491 -57.3257 -18.6255 -1865.5 34.989 -44.9309 16.8651 -24.8426
TIMING: 1020000  CPU: 907.394, 0.000889797/step  Wall: 907.544, 0.000890062/step, 388.287 ns/days, 0.984013 hours remaining, 0.000000 MB of memory in use.
PERFORMANCE: 1020000  averaging 388.433 ns/day, 0.000889729 sec/step with standard deviation 2.07593e-06
ENERGY: 1020000        12.1786        54.0489        30.3215         1.0118         -51225.6558    -85418.5100         0.0000         0.0000     10619.3873        -125927.2176       299.9758   -136546.6049   -125901.2166       297.1939            466.6463       464.6390    180283.3456        74.1866        73.9961

WRITING EXTENDED SYSTEM TO RESTART FILE AT STEP 1020000
WRITING COORDINATES TO DCD FILE ../output/02_eq_2_CLKW.0.dcd AT STEP 1020000
WRITING COORDINATES TO RESTART FILE AT STEP 1020000
FINISHED WRITING RESTART COORDINATES
WRITING VELOCITIES TO RESTART FILE AT STEP 1020000
FINISHED WRITING RESTART VELOCITIES
PRESSURE: 1030000 2044.38 -154.815 -348.015 -154.816 -1902.14 -236.097 -348.016 -236.097 372.239
GPRESSURE: 1030000 2075.64 -102.271 -442.375 -240.272 -2010.8 -189.161 -293.13 -274.673 459.056
PRESSAVG: 1030000 2073.6 9.00819 -67.409 9.00819 -1830.82 -3.64967 -67.409 -3.64967 1.08021
GPRESSAVG: 1030000 2091.94 41.2092 -73.365 -27.8928 -1845.42 5.0494 -63.6946 2.46071 -2.00047
TIMING: 1030000  CPU: 916.312, 0.000891828/step  Wall: 916.464, 0.000891918/step, 387.48 ns/days, 0.983587 hours remaining, 0.000000 MB of memory in use.
PERFORMANCE: 1030000  averaging 388.423 ns/day, 0.000889751 sec/step with standard deviation 2.07696e-06
ENERGY: 1030000        17.9538        49.3010        28.3877         2.6135         -51102.5312    -85381.4412         0.0000         0.0000     10424.8614        -125960.8549       294.4808   -136385.7164   -125908.5380       296.9484            171.4902       174.6352    179962.8734        81.2844        81.5044

WRITING EXTENDED SYSTEM TO RESTART FILE AT STEP 1030000
WRITING COORDINATES TO DCD FILE ../output/02_eq_2_CLKW.0.dcd AT STEP 1030000
WRITING COORDINATES TO RESTART FILE AT STEP 1030000
FINISHED WRITING RESTART COORDINATES
WRITING VELOCITIES TO RESTART FILE AT STEP 1030000
FINISHED WRITING RESTART VELOCITIES
PRESSURE: 1040000 1915.78 58.5372 232.993 58.536 -2072.71 13.4129 232.992 13.4132 -42.635
GPRESSURE: 1040000 1910.76 5.83771 201.391 37.1758 -1999.44 127.698 296.052 17.1094 -107.574
PRESSAVG: 1040000 2095.52 24.1683 -39.3344 24.1683 -1838.94 7.80479 -39.3344 7.80479 5.00686
GPRESSAVG: 1040000 2108.83 43.9047 -46.1603 -12.886 -1848.18 24.3041 -37.6872 10.5421 1.53101
TIMING: 1040000  CPU: 925.22, 0.000890801/step  Wall: 925.374, 0.000891079/step, 387.844 ns/days, 0.980187 hours remaining, 0.000000 MB of memory in use.
PERFORMANCE: 1040000  averaging 388.418 ns/day, 0.000889763 sec/step with standard deviation 2.07095e-06
ENERGY: 1040000        14.3167        50.6410        30.9680         1.5569         -51237.0970    -85313.5559         0.0000         0.0000     10571.2779        -125881.8925       298.6168   -136453.1704   -125910.2427       296.9867            -66.5227       -65.4175    180599.1110        87.1954        87.3947

WRITING EXTENDED SYSTEM TO RESTART FILE AT STEP 1040000
WRITING COORDINATES TO DCD FILE ../output/02_eq_2_CLKW.0.dcd AT STEP 1040000
WRITING COORDINATES TO RESTART FILE AT STEP 1040000
FINISHED WRITING RESTART COORDINATES
WRITING VELOCITIES TO RESTART FILE AT STEP 1040000
FINISHED WRITING RESTART VELOCITIES
PRESSURE: 1050000 2158.52 -194.09 -228.431 -194.087 -1594.12 -1.72603 -228.43 -1.72442 542.555
GPRESSURE: 1050000 2191.36 -51.8828 -272.576 -234.225 -1652.77 2.5377 -112.05 35.294 580.906
PRESSAVG: 1050000 2085.21 18.5363 -74.1531 18.5363 -1810.05 -0.38491 -74.1531 -0.38491 40.9622
GPRESSAVG: 1050000 2101.96 46.0746 -82.4172 -19.9506 -1822.09 20.9775 -65.965 6.13431 37.4475
TIMING: 1050000  CPU: 934.106, 0.000888607/step  Wall: 934.262, 0.000888743/step, 388.864 ns/days, 0.975148 hours remaining, 0.000000 MB of memory in use.
PERFORMANCE: 1050000  averaging 388.422 ns/day, 0.000889754 sec/step with standard deviation 2.06338e-06
ENERGY: 1050000        13.0308        52.5052        29.7632         0.9171         -51163.3646    -85298.1126         0.0000         0.0000     10552.1188        -125813.1421       298.0756   -136365.2609   -125904.1169       297.0124            368.9851       373.1666    180698.8513       105.3735       105.7732

WRITING EXTENDED SYSTEM TO RESTART FILE AT STEP 1050000
WRITING COORDINATES TO DCD FILE ../output/02_eq_2_CLKW.0.dcd AT STEP 1050000
WRITING COORDINATES TO RESTART FILE AT STEP 1050000
FINISHED WRITING RESTART COORDINATES
WRITING VELOCITIES TO RESTART FILE AT STEP 1050000
FINISHED WRITING RESTART VELOCITIES
PRESSURE: 1060000 616.425 -55.0901 51.8929 -55.0905 -2440.78 135.875 51.8936 135.874 -1109.65
GPRESSURE: 1060000 717.797 110.738 -67.0945 -308.13 -2456.34 14.7564 144.024 150.39 -1181.98
PRESSAVG: 1060000 2026.29 13.1996 -77.9073 13.1996 -1831.11 -4.57512 -77.9073 -4.57512 10.581
GPRESSAVG: 1060000 2047.2 43.7783 -92.949 -38.0427 -1847.37 11.9528 -66.4824 1.69675 7.67395
TIMING: 1060000  CPU: 943.021, 0.000891506/step  Wall: 943.179, 0.000891713/step, 387.569 ns/days, 0.975931 hours remaining, 0.000000 MB of memory in use.
PERFORMANCE: 1060000  averaging 388.414 ns/day, 0.000889772 sec/step with standard deviation 2.06233e-06
ENERGY: 1060000        13.2773        38.3472        27.0383         1.0693         -51155.0907    -85401.7502         0.0000         0.0000     10422.5321        -126054.5767       294.4150   -136477.1088   -125908.8227       297.0290           -977.9996      -973.5072    180898.0277        68.5870        69.1664

WRITING EXTENDED SYSTEM TO RESTART FILE AT STEP 1060000
WRITING COORDINATES TO DCD FILE ../output/02_eq_2_CLKW.0.dcd AT STEP 1060000
WRITING COORDINATES TO RESTART FILE AT STEP 1060000
FINISHED WRITING RESTART COORDINATES
WRITING VELOCITIES TO RESTART FILE AT STEP 1060000
FINISHED WRITING RESTART VELOCITIES
PRESSURE: 1070000 2128.52 16.433 353.262 16.4328 -1690.41 93.3985 353.261 93.3982 -13.1727
GPRESSURE: 1070000 2203.61 9.4163 339.077 83.3473 -1711.71 88.7706 409.211 43.8201 -53.0559
PRESSAVG: 1070000 2078.03 8.33789 -48.8227 8.33789 -1771.46 2.20341 -48.8227 2.20341 61.5516
GPRESSAVG: 1070000 2102.28 38.815 -63.2808 -37.9309 -1784.97 21.4477 -38.9364 4.83343 53.7009
TIMING: 1070000  CPU: 951.927, 0.000890579/step  Wall: 952.085, 0.000890571/step, 388.066 ns/days, 0.972206 hours remaining, 0.000000 MB of memory in use.
PERFORMANCE: 1070000  averaging 388.411 ns/day, 0.00088978 sec/step with standard deviation 2.05403e-06
ENERGY: 1070000        15.5827        55.0479        33.9079         1.2516         -51036.9831    -85526.6900         0.0000         0.0000     10406.1162        -126051.7666       293.9513   -136457.8828   -125909.9119       296.9546            141.6483       146.2791    180624.9579       122.7097       123.6722

WRITING EXTENDED SYSTEM TO RESTART FILE AT STEP 1070000
WRITING COORDINATES TO DCD FILE ../output/02_eq_2_CLKW.0.dcd AT STEP 1070000
WRITING COORDINATES TO RESTART FILE AT STEP 1070000
FINISHED WRITING RESTART COORDINATES
WRITING VELOCITIES TO RESTART FILE AT STEP 1070000
FINISHED WRITING RESTART VELOCITIES
PRESSURE: 1080000 1735.51 -185.936 -50.8595 -185.934 -2010.76 -10.9229 -50.8578 -10.9234 -102.923
GPRESSURE: 1080000 1726.68 -49.1741 -178.866 -314.961 -1985.41 -44.2572 185.928 -22.275 -109.639
PRESSAVG: 1080000 2080.45 -5.90306 -31.1223 -5.90306 -1779.88 -3.20242 -31.1223 -3.20242 59.3286
GPRESSAVG: 1080000 2102.56 27.8486 -43.0929 -53.634 -1789.58 12.367 -16.6725 1.31118 49.663
TIMING: 1080000  CPU: 960.849, 0.000892224/step  Wall: 961.009, 0.000892417/step, 387.263 ns/days, 0.971743 hours remaining, 0.000000 MB of memory in use.
PERFORMANCE: 1080000  averaging 388.4 ns/day, 0.000889804 sec/step with standard deviation 2.06011e-06
ENERGY: 1080000        15.2864        44.7997        30.2335         2.7798         -50864.3628    -85504.1783         0.0000         0.0000     10615.6456        -125659.7960       299.8701   -136275.4416   -125898.2062       297.1525           -126.0569      -122.7889    181319.5862       119.9670       120.8827

WRITING EXTENDED SYSTEM TO RESTART FILE AT STEP 1080000
WRITING COORDINATES TO DCD FILE ../output/02_eq_2_CLKW.0.dcd AT STEP 1080000
WRITING COORDINATES TO RESTART FILE AT STEP 1080000
FINISHED WRITING RESTART COORDINATES
WRITING VELOCITIES TO RESTART FILE AT STEP 1080000
FINISHED WRITING RESTART VELOCITIES
PRESSURE: 1090000 2650.77 163.266 -94.8312 163.265 -1201.39 -36.9347 -94.8309 -36.9351 -284.839
GPRESSURE: 1090000 2692.67 170.702 -143.647 170.383 -1136.97 15.5933 -90.4408 -222.896 -382.168
PRESSAVG: 1090000 2098.78 4.10193 -35.2408 4.10193 -1755.05 -1.15932 -35.2408 -1.15932 23.0702
GPRESSAVG: 1090000 2124.53 31.0766 -50.6133 -39.63 -1762.64 15.3573 -21.5447 -5.78795 7.84225
TIMING: 1090000  CPU: 969.759, 0.000890914/step  Wall: 969.919, 0.000891069/step, 387.849 ns/days, 0.9678 hours remaining, 0.000000 MB of memory in use.
PERFORMANCE: 1090000  averaging 388.395 ns/day, 0.000889816 sec/step with standard deviation 2.05412e-06
ENERGY: 1090000        11.8553        46.6841        28.7630         0.6308         -51160.5327    -85387.8528         0.0000         0.0000     10467.8010        -125992.6513       295.6938   -136460.4523   -125899.7542       297.1556            388.1830       391.1798    180109.0409       122.2662       123.2434

WRITING EXTENDED SYSTEM TO RESTART FILE AT STEP 1090000
WRITING COORDINATES TO DCD FILE ../output/02_eq_2_CLKW.0.dcd AT STEP 1090000
WRITING COORDINATES TO RESTART FILE AT STEP 1090000
FINISHED WRITING RESTART COORDINATES
WRITING VELOCITIES TO RESTART FILE AT STEP 1090000
FINISHED WRITING RESTART VELOCITIES
PRESSURE: 1100000 1855.69 99.6765 115.807 99.6754 -2164.7 -38.1012 115.809 -38.0999 -366.272
GPRESSURE: 1100000 1867.83 99.1547 161.479 111.797 -2138.79 -32.6235 74.532 43.3022 -405.084
PRESSAVG: 1100000 2055.71 -1.02676 -23.5008 -1.02676 -1778.42 -12.9674 -23.5008 -12.9674 -17.1784
GPRESSAVG: 1100000 2083.36 26.8973 -36.8934 -41.7567 -1784.75 6.02612 -12.7944 -14.6176 -35.649
TIMING: 1100000  CPU: 978.68, 0.000892102/step  Wall: 978.843, 0.000892355/step, 387.29 ns/days, 0.966718 hours remaining, 0.000000 MB of memory in use.
PERFORMANCE: 1100000  averaging 388.385 ns/day, 0.000889839 sec/step with standard deviation 2.05897e-06
ETITLE:      TS           BOND          ANGLE          DIHED          IMPRP               ELECT            VDW       BOUNDARY           MISC        KINETIC               TOTAL           TEMP      POTENTIAL       TOTALAVG        TEMPAVG            PRESSURE      GPRESSURE         VOLUME       PRESSAVG      GPRESSAVG

ENERGY: 1100000        18.8617        48.5967        33.1702         0.8885         -50938.8429    -85562.2711         0.0000         0.0000     10512.2327        -125887.3643       296.9489   -136399.5969   -125895.9149       297.2281           -225.0949      -225.3457    179996.0679        86.7028        87.6529

WRITING EXTENDED SYSTEM TO RESTART FILE AT STEP 1100000
WRITING COORDINATES TO DCD FILE ../output/02_eq_2_CLKW.0.dcd AT STEP 1100000
WRITING COORDINATES TO RESTART FILE AT STEP 1100000
FINISHED WRITING RESTART COORDINATES
WRITING VELOCITIES TO RESTART FILE AT STEP 1100000
FINISHED WRITING RESTART VELOCITIES
PRESSURE: 1110000 1587.26 321.191 -32.4878 321.192 -1909.2 -545.297 -32.4878 -545.296 250.3
GPRESSURE: 1110000 1601.91 158.063 -82.0652 420.322 -1929.33 -594.907 -1.697 -367.106 265.854
PRESSAVG: 1110000 2022.12 9.82859 -33.7544 9.82859 -1791.48 -43.1928 -33.7544 -43.1928 -4.1407
GPRESSAVG: 1110000 2046.17 30.0079 -51.7702 -22.6564 -1797.57 -29.8908 -22.9467 -35.25 -18.7872
TIMING: 1110000  CPU: 987.571, 0.000889125/step  Wall: 987.736, 0.000889334/step, 388.605 ns/days, 0.960975 hours remaining, 0.000000 MB of memory in use.
PERFORMANCE: 1110000  averaging 388.387 ns/day, 0.000889834 sec/step with standard deviation 2.05015e-06
ENERGY: 1110000        16.1917        43.4451        27.6141         1.5432         -51273.7195    -85328.8857         0.0000         0.0000     10399.2265        -126114.5847       293.7567   -136513.8112   -125900.9974       297.0866            -23.8797       -20.5209    180990.2384        75.4990        76.6044

WRITING EXTENDED SYSTEM TO RESTART FILE AT STEP 1110000
WRITING COORDINATES TO DCD FILE ../output/02_eq_2_CLKW.0.dcd AT STEP 1110000
WRITING COORDINATES TO RESTART FILE AT STEP 1110000
FINISHED WRITING RESTART COORDINATES
WRITING VELOCITIES TO RESTART FILE AT STEP 1110000
FINISHED WRITING RESTART VELOCITIES
PRESSURE: 1120000 2689.26 -1.33857 -133.625 -1.33775 -1890.9 -158.457 -133.625 -158.456 -142.204
GPRESSURE: 1120000 2792.79 -27.6671 -134.501 -34.4413 -2043.89 -36.8454 -38.4328 -266.471 -88.8433
PRESSAVG: 1120000 2057.5 16.2407 -25.0388 16.2407 -1832.56 -37.6054 -25.0388 -37.6054 -11.8451
GPRESSAVG: 1120000 2088.07 40.7724 -38.324 -14.7688 -1844.93 -18.1381 -6.52388 -38.5444 -25.9775
TIMING: 1120000  CPU: 996.462, 0.000889071/step  Wall: 996.627, 0.000889021/step, 388.742 ns/days, 0.958168 hours remaining, 0.000000 MB of memory in use.
PERFORMANCE: 1120000  averaging 388.39 ns/day, 0.000889827 sec/step with standard deviation 2.04234e-06
ENERGY: 1120000        18.5867        56.8825        27.8760         1.9142         -50977.5415    -85432.7806         0.0000         0.0000     10402.3700        -125902.6927       293.8455   -136305.0627   -125913.0353       296.6493            218.7198       220.0171    181184.3220        71.0311        72.3885

WRITING EXTENDED SYSTEM TO RESTART FILE AT STEP 1120000
WRITING COORDINATES TO DCD FILE ../output/02_eq_2_CLKW.0.dcd AT STEP 1120000
WRITING COORDINATES TO RESTART FILE AT STEP 1120000
FINISHED WRITING RESTART COORDINATES
WRITING VELOCITIES TO RESTART FILE AT STEP 1120000
FINISHED WRITING RESTART VELOCITIES
PRESSURE: 1130000 2583.48 -58.1393 86.6943 -58.1386 -2022.16 -171.543 86.6963 -171.543 89.9277
GPRESSURE: 1130000 2628.58 -93.2766 91.1457 82.9365 -2068.43 -118.915 71.1534 -119.5 80.4594
PRESSAVG: 1130000 2073.97 15.585 -4.3492 15.585 -1830.68 -62.9046 -4.3492 -62.9046 22.4292
GPRESSAVG: 1130000 2107.94 33.0937 -23.5145 -6.46352 -1847.16 -42.6695 12.044 -55.7676 7.79296
TIMING: 1130000  CPU: 1005.36, 0.00089026/step  Wall: 1005.53, 0.000890331/step, 388.17 ns/days, 0.957106 hours remaining, 0.000000 MB of memory in use.
PERFORMANCE: 1130000  averaging 388.388 ns/day, 0.000889831 sec/step with standard deviation 2.03375e-06
ENERGY: 1130000        22.0645        51.5551        24.6534         2.5883         -51035.1074    -85445.9886         0.0000         0.0000     10484.3823        -125895.8524       296.1622   -136380.2347   -125916.9088       296.5348            217.0828       213.5380    180920.6063        88.5748        89.5237

WRITING EXTENDED SYSTEM TO RESTART FILE AT STEP 1130000
WRITING COORDINATES TO DCD FILE ../output/02_eq_2_CLKW.0.dcd AT STEP 1130000
WRITING COORDINATES TO RESTART FILE AT STEP 1130000
FINISHED WRITING RESTART COORDINATES
WRITING VELOCITIES TO RESTART FILE AT STEP 1130000
FINISHED WRITING RESTART VELOCITIES
PRESSURE: 1140000 1882 -73.7151 -122.879 -73.7145 -2230 293.407 -122.879 293.405 -741.52
GPRESSURE: 1140000 1974.35 -53.5455 12.8151 -136.683 -2282.07 268.479 -168.519 346.816 -769.898
PRESSAVG: 1140000 2081.8 9.34275 -8.29347 9.34275 -1859.51 -48.3491 -8.29347 -48.3491 -34.8135
GPRESSAVG: 1140000 2117.98 26.6484 -27.3151 -17.0299 -1880.6 -30.1096 12.523 -47.0121 -45.7403
TIMING: 1140000  CPU: 1014.29, 0.000892437/step  Wall: 1014.46, 0.00089262/step, 387.175 ns/days, 0.957087 hours remaining, 0.000000 MB of memory in use.
PERFORMANCE: 1140000  averaging 388.378 ns/day, 0.000889856 sec/step with standard deviation 2.04151e-06
ENERGY: 1140000        19.6777        48.3562        35.7424         4.1490         -51184.1643    -85394.0697         0.0000         0.0000     10511.1237        -125959.1852       296.9176   -136470.3089   -125922.6159       296.7331           -363.1728      -359.2068    180996.7336        62.4917        63.8808

WRITING EXTENDED SYSTEM TO RESTART FILE AT STEP 1140000
WRITING COORDINATES TO DCD FILE ../output/02_eq_2_CLKW.0.dcd AT STEP 1140000
WRITING COORDINATES TO RESTART FILE AT STEP 1140000
FINISHED WRITING RESTART COORDINATES
WRITING VELOCITIES TO RESTART FILE AT STEP 1140000
FINISHED WRITING RESTART VELOCITIES
PRESSURE: 1150000 2051.61 44.7043 69.1895 44.7034 -2037.76 -87.5498 69.1869 -87.5468 518.721
GPRESSURE: 1150000 2121.9 -59.3056 -46.086 0.80887 -2098.77 -163.217 120.312 -15.5558 520.099
PRESSAVG: 1150000 2060.7 18.5684 0.518 18.5684 -1885.41 -61.9322 0.518 -61.9322 -44.3322
GPRESSAVG: 1150000 2101.7 31.0281 -20.054 -9.33881 -1907.25 -51.1058 19.6313 -56.1008 -58.5178
TIMING: 1150000  CPU: 1023.2, 0.000891015/step  Wall: 1023.37, 0.000891181/step, 387.8 ns/days, 0.953068 hours remaining, 0.000000 MB of memory in use.
PERFORMANCE: 1150000  averaging 388.373 ns/day, 0.000889867 sec/step with standard deviation 2.03629e-06
ENERGY: 1150000        14.1703        46.9052        34.0171         2.4555         -51298.0973    -85273.9495         0.0000         0.0000     10463.0840        -126011.4147       295.5605   -136474.4986   -125919.0152       296.6628            177.5251       181.0761    180182.6023        43.6531        45.3102

WRITING EXTENDED SYSTEM TO RESTART FILE AT STEP 1150000
WRITING COORDINATES TO DCD FILE ../output/02_eq_2_CLKW.0.dcd AT STEP 1150000
WRITING COORDINATES TO RESTART FILE AT STEP 1150000
FINISHED WRITING RESTART COORDINATES
WRITING VELOCITIES TO RESTART FILE AT STEP 1150000
FINISHED WRITING RESTART VELOCITIES
PRESSURE: 1160000 1929.5 -110.638 -61.4276 -110.641 -2040.93 -216.817 -61.4265 -216.816 -793.391
GPRESSURE: 1160000 1874.89 -27.5771 -49.5752 -118.899 -1990.07 -176.976 96.6974 -358.165 -783.708
PRESSAVG: 1160000 2048.49 18.3187 5.90758 18.3187 -1892.1 -81.653 5.90758 -81.653 -83.7234
GPRESSAVG: 1160000 2088.44 38.1796 -9.00699 -14.725 -1910.78 -69.8288 33.0425 -85.4703 -99.2595
TIMING: 1160000  CPU: 1032.11, 0.00089113/step  Wall: 1032.28, 0.0008913/step, 387.748 ns/days, 0.95072 hours remaining, 0.000000 MB of memory in use.
PERFORMANCE: 1160000  averaging 388.367 ns/day, 0.00088988 sec/step with standard deviation 2.03177e-06
ENERGY: 1160000        16.8683        41.2323        27.1089         0.5347         -51223.6014    -85234.8172         0.0000         0.0000     10488.0615        -125884.6130       296.2661   -136372.6744   -125928.9830       296.4032           -301.6059      -299.6322    180712.5432        24.2234        26.1343

WRITING EXTENDED SYSTEM TO RESTART FILE AT STEP 1160000
WRITING COORDINATES TO DCD FILE ../output/02_eq_2_CLKW.0.dcd AT STEP 1160000
WRITING COORDINATES TO RESTART FILE AT STEP 1160000
FINISHED WRITING RESTART COORDINATES
WRITING VELOCITIES TO RESTART FILE AT STEP 1160000
FINISHED WRITING RESTART VELOCITIES
PRESSURE: 1170000 2032.85 -218.355 101.992 -218.356 -1826.11 -299.502 101.993 -299.503 217.503
GPRESSURE: 1170000 2049.91 -309.251 138.196 -166.11 -1841.85 -301.585 79.1343 -189.387 229.092
PRESSAVG: 1170000 2040.41 17.9391 13.0613 17.9391 -1888.38 -101.038 13.0613 -101.038 -54.3157
GPRESSAVG: 1170000 2080.48 33.5108 -3.55685 -3.04461 -1908.87 -90.5686 49.368 -97.6962 -67.412
TIMING: 1170000  CPU: 1041.03, 0.000891698/step  Wall: 1041.2, 0.000891933/step, 387.473 ns/days, 0.948918 hours remaining, 0.000000 MB of memory in use.
PERFORMANCE: 1170000  averaging 388.359 ns/day, 0.000889897 sec/step with standard deviation 2.03188e-06
ENERGY: 1170000        17.8227        42.6506        32.4859         1.2567         -51189.5824    -85383.5554         0.0000         0.0000     10467.9996        -126010.9223       295.6994   -136478.9220   -125935.1785       296.2870            141.4147       145.7160    181238.9185        32.5690        34.7348

WRITING EXTENDED SYSTEM TO RESTART FILE AT STEP 1170000
WRITING COORDINATES TO DCD FILE ../output/02_eq_2_CLKW.0.dcd AT STEP 1170000
WRITING COORDINATES TO RESTART FILE AT STEP 1170000
FINISHED WRITING RESTART COORDINATES
WRITING VELOCITIES TO RESTART FILE AT STEP 1170000
FINISHED WRITING RESTART VELOCITIES
PRESSURE: 1180000 1355.76 -163.381 207.879 -163.383 -2411.59 9.44074 207.881 9.44219 -294.336
GPRESSURE: 1180000 1358.33 -79.6754 201.586 -174.667 -2357.91 33.3681 213.363 54.9488 -328.035
PRESSAVG: 1180000 2019.82 -5.36399 10.5392 -5.36399 -1882.48 -94.305 10.5392 -94.305 -28.3926
GPRESSAVG: 1180000 2057.26 18.4971 -11.0239 -28.6973 -1902.57 -81.9109 47.1318 -93.0731 -38.899
TIMING: 1180000  CPU: 1049.92, 0.00088933/step  Wall: 1050.09, 0.000889425/step, 388.566 ns/days, 0.943779 hours remaining, 0.000000 MB of memory in use.
PERFORMANCE: 1180000  averaging 388.361 ns/day, 0.000889893 sec/step with standard deviation 2.02365e-06
ENERGY: 1180000        26.2191        46.9118        33.2176         1.4724         -51172.5232    -85392.7735         0.0000         0.0000     10469.8751        -125987.6008       295.7524   -136457.4759   -125940.2969       296.2399           -450.0531      -442.5378    180701.7516        36.3143        38.5965

WRITING EXTENDED SYSTEM TO RESTART FILE AT STEP 1180000
WRITING COORDINATES TO DCD FILE ../output/02_eq_2_CLKW.0.dcd AT STEP 1180000
WRITING COORDINATES TO RESTART FILE AT STEP 1180000
FINISHED WRITING RESTART COORDINATES
WRITING VELOCITIES TO RESTART FILE AT STEP 1180000
FINISHED WRITING RESTART VELOCITIES
PRESSURE: 1190000 1077.26 106.448 -75.714 106.449 -2870.8 311.427 -75.7154 311.428 425.341
GPRESSURE: 1190000 1081.3 37.1002 -43.5658 222.066 -2803.15 427.389 60.4251 419.246 365.396
PRESSAVG: 1190000 1962.76 -11.2471 -2.43296 -11.2471 -1970.17 -60.4513 -2.43296 -60.4513 1.60583
GPRESSAVG: 1190000 1997.18 2.07699 -22.3739 -23.5351 -1982.91 -39.8192 47.5633 -52.7199 -13.1586
TIMING: 1190000  CPU: 1058.78, 0.00088634/step  Wall: 1058.96, 0.000886501/step, 389.847 ns/days, 0.938214 hours remaining, 0.000000 MB of memory in use.
PERFORMANCE: 1190000  averaging 388.374 ns/day, 0.000889865 sec/step with standard deviation 2.03891e-06
ENERGY: 1190000        13.8623        41.3870        32.0619         0.8262         -50920.4454    -85546.7578         0.0000         0.0000     10652.4727        -125726.5931       300.9104   -136379.0658   -125926.6954       296.4611           -456.0649      -452.1520    181019.1293        -1.9339         0.3712

WRITING EXTENDED SYSTEM TO RESTART FILE AT STEP 1190000
WRITING COORDINATES TO DCD FILE ../output/02_eq_2_CLKW.0.dcd AT STEP 1190000
WRITING COORDINATES TO RESTART FILE AT STEP 1190000
FINISHED WRITING RESTART COORDINATES
WRITING VELOCITIES TO RESTART FILE AT STEP 1190000
FINISHED WRITING RESTART VELOCITIES
PRESSURE: 1200000 2036.56 445.127 251.722 445.125 -1725.25 109.906 251.721 109.904 360.792
GPRESSURE: 1200000 2114.93 548.494 122.421 426.951 -1757.09 70.9723 324.63 20.3394 301.335
PRESSAVG: 1200000 1962.44 14.9907 15.4452 14.9907 -1949.17 -54.4181 15.4452 -54.4181 3.93079
GPRESSAVG: 1200000 1999.55 33.7821 -13.2929 3.05522 -1961.99 -37.6572 68.9056 -50.7421 -13.7979
TIMING: 1200000  CPU: 1067.66, 0.000887666/step  Wall: 1067.84, 0.000887704/step, 389.319 ns/days, 0.937021 hours remaining, 0.000000 MB of memory in use.
PERFORMANCE: 1200000  averaging 388.382 ns/day, 0.000889847 sec/step with standard deviation 2.03988e-06
ETITLE:      TS           BOND          ANGLE          DIHED          IMPRP               ELECT            VDW       BOUNDARY           MISC        KINETIC               TOTAL           TEMP      POTENTIAL       TOTALAVG        TEMPAVG            PRESSURE      GPRESSURE         VOLUME       PRESSAVG      GPRESSAVG

ENERGY: 1200000        18.9752        45.5892        35.1130         2.2773         -50974.7526    -85457.4030         0.0000         0.0000     10578.4268        -125751.7739       298.8187   -136330.2007   -125913.5391       296.6833            224.0330       219.7238    181199.5962         5.7357         7.9201

WRITING EXTENDED SYSTEM TO RESTART FILE AT STEP 1200000
WRITING COORDINATES TO DCD FILE ../output/02_eq_2_CLKW.0.dcd AT STEP 1200000
WRITING COORDINATES TO RESTART FILE AT STEP 1200000
FINISHED WRITING RESTART COORDINATES
WRITING VELOCITIES TO RESTART FILE AT STEP 1200000
FINISHED WRITING RESTART VELOCITIES
PRESSURE: 1210000 1860.69 -61.5858 129.742 -61.5847 -2298.57 14.5395 129.741 14.5399 88.4853
GPRESSURE: 1210000 1815.7 -84.8072 185.465 -46.4973 -2306.45 210.962 159.03 -137.891 145.466
PRESSAVG: 1210000 1934.73 -3.8175 23.1933 -3.8175 -1986.54 -42.8724 23.1933 -42.8724 -36.8664
GPRESSAVG: 1210000 1965.02 12.6503 -4.90401 -19.3073 -1997.04 -20.621 78.5068 -43.7688 -49.9128
TIMING: 1210000  CPU: 1076.54, 0.000887792/step  Wall: 1076.72, 0.000888065/step, 389.161 ns/days, 0.934935 hours remaining, 0.000000 MB of memory in use.
PERFORMANCE: 1210000  averaging 388.388 ns/day, 0.000889832 sec/step with standard deviation 2.03781e-06
ENERGY: 1210000        20.0318        48.6173        33.6397         0.1611         -50889.6865    -85415.8874         0.0000         0.0000     10485.4683        -125717.6557       296.1929   -136203.1240   -125909.6075       296.5955           -116.4658      -115.0959    181279.8140       -29.5594       -27.3117

WRITING EXTENDED SYSTEM TO RESTART FILE AT STEP 1210000
WRITING COORDINATES TO DCD FILE ../output/02_eq_2_CLKW.0.dcd AT STEP 1210000
WRITING COORDINATES TO RESTART FILE AT STEP 1210000
FINISHED WRITING RESTART COORDINATES
WRITING VELOCITIES TO RESTART FILE AT STEP 1210000
FINISHED WRITING RESTART VELOCITIES
PRESSURE: 1220000 2228.34 -78.7207 -346.008 -78.7197 -1696 34.7101 -346.008 34.7095 261.499
GPRESSURE: 1220000 2171.42 -80.9751 -167.762 -31.0664 -1663.38 23.586 -288.369 52.9389 286.373
PRESSAVG: 1220000 1921.01 -5.02116 5.34496 -5.02116 -2001.81 -39.3414 5.34496 -39.3414 -38.1788
GPRESSAVG: 1220000 1948.62 6.00483 -8.72689 -12.5082 -2011.73 -18.7188 62.0927 -39.4858 -48.7976
TIMING: 1220000  CPU: 1085.44, 0.000889832/step  Wall: 1085.62, 0.000889946/step, 388.338 ns/days, 0.934444 hours remaining, 0.000000 MB of memory in use.
PERFORMANCE: 1220000  averaging 388.388 ns/day, 0.000889833 sec/step with standard deviation 2.0294e-06
ENERGY: 1220000        14.5398        51.4546        32.8604         1.5386         -51124.3480    -85341.9385         0.0000         0.0000     10456.2916        -125909.6015       295.3687   -136365.8931   -125908.7267       296.3652            264.6140       264.8049    181429.2001       -39.6610       -37.3034

WRITING EXTENDED SYSTEM TO RESTART FILE AT STEP 1220000
WRITING COORDINATES TO DCD FILE ../output/02_eq_2_CLKW.0.dcd AT STEP 1220000
WRITING COORDINATES TO RESTART FILE AT STEP 1220000
FINISHED WRITING RESTART COORDINATES
WRITING VELOCITIES TO RESTART FILE AT STEP 1220000
FINISHED WRITING RESTART VELOCITIES
PRESSURE: 1230000 1899.07 372.439 106.211 372.438 -1638.89 -53.3424 106.212 -53.343 446.868
GPRESSURE: 1230000 1944.78 428.868 181.95 391.692 -1639.94 -60.5341 122.962 -27.4809 396.093
PRESSAVG: 1230000 1913.74 21.3416 28.0563 21.3416 -1988.65 -30.2037 28.0563 -30.2037 -34.4473
GPRESSAVG: 1230000 1942.08 32.5618 22.4894 19.09 -1993.19 -12.2874 82.8973 -27.1262 -51.9457
TIMING: 1230000  CPU: 1094.33, 0.000889636/step  Wall: 1094.51, 0.000889834/step, 388.387 ns/days, 0.931853 hours remaining, 0.000000 MB of memory in use.
PERFORMANCE: 1230000  averaging 388.388 ns/day, 0.000889833 sec/step with standard deviation 2.02106e-06
ENERGY: 1230000        16.6562        43.0827        28.3953         0.6772         -51316.6359    -85265.1379         0.0000         0.0000     10451.2532        -126041.7093       295.2264   -136492.9625   -125912.7694       296.4024            235.6816       233.6439    179760.7402       -36.4514       -34.3530

WRITING EXTENDED SYSTEM TO RESTART FILE AT STEP 1230000
WRITING COORDINATES TO DCD FILE ../output/02_eq_2_CLKW.0.dcd AT STEP 1230000
WRITING COORDINATES TO RESTART FILE AT STEP 1230000
FINISHED WRITING RESTART COORDINATES
WRITING VELOCITIES TO RESTART FILE AT STEP 1230000
FINISHED WRITING RESTART VELOCITIES
PRESSURE: 1240000 1681.96 -238.899 -32.7787 -238.897 -1874.34 381.38 -32.7788 381.379 461.712
GPRESSURE: 1240000 1674.02 -371.891 -14.4775 -135.716 -1850.89 421.177 -114.845 287.815 448.009
PRESSAVG: 1240000 1902.05 6.46988 14.7678 6.46988 -1978.73 -11.8054 14.7678 -11.8054 -9.22994
GPRESSAVG: 1240000 1930.24 13.6754 11.6959 10.4454 -1985.76 2.38656 62.3524 -13.5909 -24.1666
TIMING: 1240000  CPU: 1103.26, 0.000892338/step  Wall: 1103.44, 0.000892449/step, 387.249 ns/days, 0.932114 hours remaining, 0.000000 MB of memory in use.
PERFORMANCE: 1240000  averaging 388.378 ns/day, 0.000889854 sec/step with standard deviation 2.0265e-06
ENERGY: 1240000        20.6040        49.0138        32.7536         1.8310         -51116.8791    -85360.2345         0.0000         0.0000     10450.8249        -125922.0862       295.2143   -136372.9111   -125914.7791       296.2323             89.7780        90.3764    182373.9653       -28.6364       -26.5633

WRITING EXTENDED SYSTEM TO RESTART FILE AT STEP 1240000
WRITING COORDINATES TO DCD FILE ../output/02_eq_2_CLKW.0.dcd AT STEP 1240000
WRITING COORDINATES TO RESTART FILE AT STEP 1240000
FINISHED WRITING RESTART COORDINATES
WRITING VELOCITIES TO RESTART FILE AT STEP 1240000
FINISHED WRITING RESTART VELOCITIES
PRESSURE: 1250000 2006.63 144.147 68.4678 144.149 -1758.59 58.6482 68.4684 58.6486 141.565
GPRESSURE: 1250000 2037.9 142.145 -9.0609 166.19 -1749.62 -66.946 74.9215 72.5126 107.423
PRESSAVG: 1250000 1894.46 23.3817 29.6127 23.3817 -1986.95 -8.7867 29.6127 -8.7867 -29.2794
GPRESSAVG: 1250000 1922.56 23.3768 24.8717 30.4661 -1990.6 -1.08763 71.701 -11.73 -47.8407
TIMING: 1250000  CPU: 1112.18, 0.000892075/step  Wall: 1112.36, 0.000892137/step, 387.385 ns/days, 0.929309 hours remaining, 0.000000 MB of memory in use.
PERFORMANCE: 1250000  averaging 388.37 ns/day, 0.000889872 sec/step with standard deviation 2.02861e-06
ENERGY: 1250000        17.7954        46.4837        27.7962         1.1065         -50949.5982    -85488.7145         0.0000         0.0000     10571.6640        -125773.4669       298.6277   -136345.1309   -125912.7954       296.2599            129.8684       131.9015    180881.1212       -40.5922       -38.6266

WRITING EXTENDED SYSTEM TO RESTART FILE AT STEP 1250000
WRITING COORDINATES TO DCD FILE ../output/02_eq_2_CLKW.0.dcd AT STEP 1250000
WRITING COORDINATES TO RESTART FILE AT STEP 1250000
FINISHED WRITING RESTART COORDINATES
WRITING VELOCITIES TO RESTART FILE AT STEP 1250000
FINISHED WRITING RESTART VELOCITIES
PRESSURE: 1260000 2502.81 39.6131 -97.8787 39.6117 -1981.43 -95.6718 -97.8771 -95.6727 -171.196
GPRESSURE: 1260000 2453.42 -97.1694 -207.57 111.545 -1998.62 -143.42 204.85 -180.773 -104.632
PRESSAVG: 1260000 1988.78 28.1168 22.1242 28.1168 -1963.99 -20.364 22.1242 -20.364 17.6431
GPRESSAVG: 1260000 2009.35 12.9814 17.8479 51.4499 -1967.72 -8.99647 74.7423 -28.2881 6.02677
TIMING: 1260000  CPU: 1121.11, 0.000893676/step  Wall: 1121.3, 0.000893658/step, 386.725 ns/days, 0.928411 hours remaining, 0.000000 MB of memory in use.
PERFORMANCE: 1260000  averaging 388.357 ns/day, 0.000889902 sec/step with standard deviation 2.04843e-06
ENERGY: 1260000        15.0704        43.2144        25.5963         3.7974         -51007.2272    -85417.2061         0.0000         0.0000     10522.0703        -125814.6846       297.2268   -136336.7549   -125900.8008       296.4005            116.7261       116.7207    180903.5067        14.1440        15.8848

WRITING EXTENDED SYSTEM TO RESTART FILE AT STEP 1260000
WRITING COORDINATES TO DCD FILE ../output/02_eq_2_CLKW.0.dcd AT STEP 1260000
WRITING COORDINATES TO RESTART FILE AT STEP 1260000
FINISHED WRITING RESTART COORDINATES
WRITING VELOCITIES TO RESTART FILE AT STEP 1260000
FINISHED WRITING RESTART VELOCITIES
PRESSURE: 1270000 2346.4 -96.1965 -213.363 -96.1965 -1939.05 55.2353 -213.365 55.236 -44.1841
GPRESSURE: 1270000 2394.37 -193.121 -253.185 -93.419 -1881.71 33.2245 -225.332 161.895 -150.614
PRESSAVG: 1270000 1999.67 22.4853 -6.20714 22.4853 -1976.42 -22.2722 -6.20714 -22.2722 16.0925
GPRESSAVG: 1270000 2018.88 2.85454 -11.7652 42.6116 -1976.22 -11.7738 43.0151 -22.3844 1.14889
TIMING: 1270000  CPU: 1130.04, 0.000892441/step  Wall: 1130.22, 0.000892688/step, 387.145 ns/days, 0.924924 hours remaining, 0.000000 MB of memory in use.
PERFORMANCE: 1270000  averaging 388.348 ns/day, 0.000889924 sec/step with standard deviation 2.0552e-06
ENERGY: 1270000        19.2529        50.5513        30.4627         3.3488         -50995.6260    -85461.9480         0.0000         0.0000     10553.7897        -125800.1686       298.1228   -136353.9583   -125888.2209       296.6091            121.0563       120.6834    180247.9310        13.1144        14.6051

WRITING EXTENDED SYSTEM TO RESTART FILE AT STEP 1270000
WRITING COORDINATES TO DCD FILE ../output/02_eq_2_CLKW.0.dcd AT STEP 1270000
WRITING COORDINATES TO RESTART FILE AT STEP 1270000
FINISHED WRITING RESTART COORDINATES
WRITING VELOCITIES TO RESTART FILE AT STEP 1270000
FINISHED WRITING RESTART VELOCITIES
PRESSURE: 1280000 2350.65 168.195 -149.865 168.192 -1426.74 -91.445 -149.864 -91.4472 -418.84
GPRESSURE: 1280000 2287.55 143.355 -163.084 218.878 -1414.72 -51.2794 -136.47 -64.6763 -361.068
PRESSAVG: 1280000 2030.43 40.1916 -11.1575 40.1916 -1947.22 -26.2983 -11.1575 -26.2983 0.296692
GPRESSAVG: 1280000 2046.93 12.481 -10.9761 69.3035 -1947.68 -12.1249 26.8952 -24.5045 -11.4226
TIMING: 1280000  CPU: 1138.96, 0.000892514/step  Wall: 1139.15, 0.000892695/step, 387.142 ns/days, 0.922452 hours remaining, 0.000000 MB of memory in use.
PERFORMANCE: 1280000  averaging 388.338 ns/day, 0.000889946 sec/step with standard deviation 2.06169e-06
ENERGY: 1280000        11.5346        47.2982        26.9032         0.8656         -51023.3804    -85454.4672         0.0000         0.0000     10608.6363        -125782.6099       299.6721   -136391.2462   -125894.3616       296.5992            168.3571       170.5880    180841.7839        27.8351        29.2739

WRITING EXTENDED SYSTEM TO RESTART FILE AT STEP 1280000
WRITING COORDINATES TO DCD FILE ../output/02_eq_2_CLKW.0.dcd AT STEP 1280000
WRITING COORDINATES TO RESTART FILE AT STEP 1280000
FINISHED WRITING RESTART COORDINATES
WRITING VELOCITIES TO RESTART FILE AT STEP 1280000
FINISHED WRITING RESTART VELOCITIES
PRESSURE: 1290000 2132.97 -70.5496 -51.9267 -70.5495 -1727.07 98.024 -51.9282 98.0216 382.102
GPRESSURE: 1290000 2098.95 10.3992 -39.3606 -145.395 -1741.14 -43.2407 -86.5624 131.236 420.87
PRESSAVG: 1290000 2004.54 28.5009 -9.01232 28.5009 -1973.5 -19.5505 -9.01232 -19.5505 33.6438
GPRESSAVG: 1290000 2017.24 4.46588 -5.76177 53.5146 -1977.89 -15.0666 27.0891 -6.79786 28.7293
TIMING: 1290000  CPU: 1147.87, 0.000891142/step  Wall: 1148.06, 0.000891216/step, 387.785 ns/days, 0.918448 hours remaining, 0.000000 MB of memory in use.
PERFORMANCE: 1290000  averaging 388.334 ns/day, 0.000889956 sec/step with standard deviation 2.05667e-06
ENERGY: 1290000        12.9054        48.7124        30.4023         1.0463         -51323.2161    -85281.4708         0.0000         0.0000     10491.1626        -126020.4580       296.3537   -136511.6206   -125895.7519       296.6322            262.6662       259.5614    181752.9835        21.5593        22.6930

WRITING EXTENDED SYSTEM TO RESTART FILE AT STEP 1290000
WRITING COORDINATES TO DCD FILE ../output/02_eq_2_CLKW.0.dcd AT STEP 1290000
WRITING COORDINATES TO RESTART FILE AT STEP 1290000
FINISHED WRITING RESTART COORDINATES
WRITING VELOCITIES TO RESTART FILE AT STEP 1290000
FINISHED WRITING RESTART VELOCITIES
PRESSURE: 1300000 1852.29 -87.6422 -412.801 -87.6411 -1861.31 111.189 -412.8 111.188 457.907
GPRESSURE: 1300000 1809.96 -149.993 -422.76 -129.577 -1843.14 171.162 -324.654 40.3108 481.654
PRESSAVG: 1300000 2004.37 19.1351 -35.4428 19.1351 -1958.33 -12.0861 -35.4428 -12.0861 74.8527
GPRESSAVG: 1300000 2014.35 -7.9915 -34.9737 41.446 -1963.11 -4.87733 7.12983 -6.94743 73.0662
TIMING: 1300000  CPU: 1156.78, 0.000890237/step  Wall: 1156.97, 0.000890406/step, 388.137 ns/days, 0.91514 hours remaining, 0.000000 MB of memory in use.
PERFORMANCE: 1300000  averaging 388.332 ns/day, 0.000889959 sec/step with standard deviation 2.04906e-06
ETITLE:      TS           BOND          ANGLE          DIHED          IMPRP               ELECT            VDW       BOUNDARY           MISC        KINETIC               TOTAL           TEMP      POTENTIAL       TOTALAVG        TEMPAVG            PRESSURE      GPRESSURE         VOLUME       PRESSAVG      GPRESSAVG

ENERGY: 1300000         9.8004        46.0205        31.2419         2.5966         -51165.1913    -85360.6899         0.0000         0.0000     10553.8881        -125882.3336       298.1256   -136436.2217   -125895.5004       296.6910            149.6282       149.4934    181149.2629        40.2954        41.4349

WRITING EXTENDED SYSTEM TO RESTART FILE AT STEP 1300000
WRITING COORDINATES TO DCD FILE ../output/02_eq_2_CLKW.0.dcd AT STEP 1300000
WRITING COORDINATES TO RESTART FILE AT STEP 1300000
FINISHED WRITING RESTART COORDINATES
WRITING VELOCITIES TO RESTART FILE AT STEP 1300000
FINISHED WRITING RESTART VELOCITIES
PRESSURE: 1310000 1519.01 323.273 -103.218 323.271 -1768.68 125.435 -103.217 125.434 170.117
GPRESSURE: 1310000 1529.13 376.059 -217.105 366.926 -1806.2 122.269 -30.3791 125.413 197.645
PRESSAVG: 1310000 2000.95 19.2391 -38.9792 19.2391 -1951.31 21.4504 -38.9792 21.4504 70.8435
GPRESSAVG: 1310000 2010.71 2.90829 -41.7257 38.7762 -1956.95 30.9815 5.69572 17.6785 69.6558
TIMING: 1310000  CPU: 1165.67, 0.000889477/step  Wall: 1165.87, 0.000889757/step, 388.42 ns/days, 0.912001 hours remaining, 0.000000 MB of memory in use.
PERFORMANCE: 1310000  averaging 388.333 ns/day, 0.000889958 sec/step with standard deviation 2.04124e-06
ENERGY: 1310000        13.7608        50.2862        29.7563         0.8227         -51122.3480    -85421.1441         0.0000         0.0000     10509.4618        -125939.4044       296.8706   -136448.8662   -125886.7413       296.8467            -26.5179       -26.4738    180733.9450        40.1635        41.1373

WRITING EXTENDED SYSTEM TO RESTART FILE AT STEP 1310000
WRITING COORDINATES TO DCD FILE ../output/02_eq_2_CLKW.0.dcd AT STEP 1310000
WRITING COORDINATES TO RESTART FILE AT STEP 1310000
FINISHED WRITING RESTART COORDINATES
WRITING VELOCITIES TO RESTART FILE AT STEP 1310000
FINISHED WRITING RESTART VELOCITIES
PRESSURE: 1320000 1196.93 62.4442 86.1987 62.443 -2337.94 100.226 86.198 100.225 531.619
GPRESSURE: 1320000 1215.69 128.51 61.53 62.1053 -2321.35 106.283 131.336 169.862 482.319
PRESSAVG: 1320000 1926.34 22.4281 -27.9881 22.4281 -1973.66 34.3845 -27.9881 34.3845 104.535
GPRESSAVG: 1320000 1931.85 10.7171 -31.9242 43.6035 -1970.83 38.1379 14.1842 39.4951 98.2139
TIMING: 1320000  CPU: 1174.58, 0.00089061/step  Wall: 1174.77, 0.000890753/step, 387.986 ns/days, 0.910548 hours remaining, 0.000000 MB of memory in use.
PERFORMANCE: 1320000  averaging 388.33 ns/day, 0.000889964 sec/step with standard deviation 2.03461e-06
ENERGY: 1320000        11.9624        67.2606        32.5593         2.4077         -51142.3740    -85443.8111         0.0000         0.0000     10442.2897        -126029.7055       294.9732   -136471.9952   -125893.0920       296.9031           -203.1300      -207.7823    181654.2684        19.0710        19.7473

WRITING EXTENDED SYSTEM TO RESTART FILE AT STEP 1320000
WRITING COORDINATES TO DCD FILE ../output/02_eq_2_CLKW.0.dcd AT STEP 1320000
WRITING COORDINATES TO RESTART FILE AT STEP 1320000
FINISHED WRITING RESTART COORDINATES
WRITING VELOCITIES TO RESTART FILE AT STEP 1320000
FINISHED WRITING RESTART VELOCITIES
PRESSURE: 1330000 1988.21 -18.8738 -108.93 -18.8718 -2096.42 213.89 -108.931 213.892 -600.609
GPRESSURE: 1330000 2004.65 -108.92 -46.3673 -29.3203 -2072.86 302.772 -103.589 284.933 -636.44
PRESSAVG: 1330000 1896.57 24.3914 -37.7694 24.3914 -1977.37 53.6563 -37.7694 53.6563 70.0079
GPRESSAVG: 1330000 1900.66 9.93494 -38.7998 37.9907 -1971.05 59.2223 5.44703 59.7168 62.369
TIMING: 1330000  CPU: 1183.5, 0.000891965/step  Wall: 1183.69, 0.000892042/step, 387.426 ns/days, 0.909388 hours remaining, 0.000000 MB of memory in use.
PERFORMANCE: 1330000  averaging 388.324 ns/day, 0.000889979 sec/step with standard deviation 2.03489e-06
ENERGY: 1330000        22.8405        48.6117        28.4383         1.4434         -51091.8519    -85446.5418         0.0000         0.0000     10599.2819        -125837.7778       299.4079   -136437.0597   -125890.1883       297.0654           -236.2721      -234.8862    181804.3974        -3.5967        -2.6739

WRITING EXTENDED SYSTEM TO RESTART FILE AT STEP 1330000
WRITING COORDINATES TO DCD FILE ../output/02_eq_2_CLKW.0.dcd AT STEP 1330000
WRITING COORDINATES TO RESTART FILE AT STEP 1330000
FINISHED WRITING RESTART COORDINATES
WRITING VELOCITIES TO RESTART FILE AT STEP 1330000
FINISHED WRITING RESTART VELOCITIES
PRESSURE: 1340000 1943.15 190.269 -184.388 190.27 -2140.59 333.266 -184.388 333.265 495.484
GPRESSURE: 1340000 2039.84 326.425 -207.302 32.7 -2145.78 325.379 -31.7728 358.925 409.056
PRESSAVG: 1340000 1899.63 37.5907 -40.8449 37.5907 -1972.9 55.6493 -40.8449 55.6493 131.858
GPRESSAVG: 1340000 1903.93 28.9335 -49.8057 46.4598 -1964.23 62.0673 12.2843 60.3222 121.317
TIMING: 1340000  CPU: 1192.41, 0.000891243/step  Wall: 1192.61, 0.000891348/step, 387.727 ns/days, 0.906204 hours remaining, 0.000000 MB of memory in use.
PERFORMANCE: 1340000  averaging 388.319 ns/day, 0.00088999 sec/step with standard deviation 2.03067e-06
ENERGY: 1340000        17.1876        43.1592        38.1515         0.8188         -50979.7850    -85413.9732         0.0000         0.0000     10561.1488        -125733.2924       298.3307   -136294.4412   -125878.8936       297.1360             99.3464       101.0357    180293.4328        19.5293        20.3382

WRITING EXTENDED SYSTEM TO RESTART FILE AT STEP 1340000
WRITING COORDINATES TO DCD FILE ../output/02_eq_2_CLKW.0.dcd AT STEP 1340000
WRITING COORDINATES TO RESTART FILE AT STEP 1340000
FINISHED WRITING RESTART COORDINATES
WRITING VELOCITIES TO RESTART FILE AT STEP 1340000
FINISHED WRITING RESTART VELOCITIES
PRESSURE: 1350000 2480.21 -252.98 -61.4361 -252.98 -1603.84 -59.2999 -61.436 -59.2996 -44.3025
GPRESSURE: 1350000 2488.71 -167.538 -116.927 -256.763 -1617.69 -106.827 -54.9284 -93.6335 -33.1029
PRESSAVG: 1350000 1921.06 22.7065 -47.376 22.7065 -1951.21 57.0616 -47.376 57.0616 103.707
GPRESSAVG: 1350000 1922.27 23.5219 -53.3478 33.5812 -1940.18 64.8868 3.52233 56.4183 93.6566
TIMING: 1350000  CPU: 1201.35, 0.000894417/step  Wall: 1201.55, 0.000894644/step, 386.299 ns/days, 0.90707 hours remaining, 0.000000 MB of memory in use.
PERFORMANCE: 1350000  averaging 388.304 ns/day, 0.000890024 sec/step with standard deviation 2.06237e-06
ENERGY: 1350000        11.3961        43.4715        31.2521         2.1245         -51106.8380    -85467.5007         0.0000         0.0000     10662.7554        -125823.3389       301.2009   -136486.0944   -125869.4898       297.4181            277.3548       279.3041    181310.8124        24.5207        25.2496

WRITING EXTENDED SYSTEM TO RESTART FILE AT STEP 1350000
WRITING COORDINATES TO DCD FILE ../output/02_eq_2_CLKW.0.dcd AT STEP 1350000
WRITING COORDINATES TO RESTART FILE AT STEP 1350000
FINISHED WRITING RESTART COORDINATES
WRITING VELOCITIES TO RESTART FILE AT STEP 1350000
FINISHED WRITING RESTART VELOCITIES
PRESSURE: 1360000 1281.1 238.279 -263.52 238.278 -2206.5 -115.898 -263.521 -115.898 -258.768
GPRESSURE: 1360000 1265.13 178.791 -284.059 376.304 -2308.04 -137.52 -328.858 -159.568 -143.931
PRESSAVG: 1360000 1888.64 40.1524 -57.4807 40.1524 -1959.48 62.1076 -57.4807 62.1076 130.438
GPRESSAVG: 1360000 1891.78 33.8402 -65.072 58.3414 -1956.08 66.8596 -17.7555 66.3482 125.645
TIMING: 1360000  CPU: 1210.28, 0.000892737/step  Wall: 1210.48, 0.000892874/step, 387.065 ns/days, 0.902794 hours remaining, 0.000000 MB of memory in use.
PERFORMANCE: 1360000  averaging 388.295 ns/day, 0.000890045 sec/step with standard deviation 2.06919e-06
ENERGY: 1360000        19.8282        60.4664        29.6259         0.7304         -51210.7401    -85351.7315         0.0000         0.0000     10578.4231        -125873.3976       298.8186   -136451.8207   -125868.9291       297.5457           -394.7216      -395.6139    180767.7721        19.8650        20.4506

WRITING EXTENDED SYSTEM TO RESTART FILE AT STEP 1360000
WRITING COORDINATES TO DCD FILE ../output/02_eq_2_CLKW.0.dcd AT STEP 1360000
WRITING COORDINATES TO RESTART FILE AT STEP 1360000
FINISHED WRITING RESTART COORDINATES
WRITING VELOCITIES TO RESTART FILE AT STEP 1360000
FINISHED WRITING RESTART VELOCITIES
PRESSURE: 1370000 868.061 330.799 320.474 330.8 -3405.74 637.738 320.474 637.738 129.292
GPRESSURE: 1370000 879.698 295.424 285.809 217.57 -3385.89 585.81 295.513 630.267 92.7423
PRESSAVG: 1370000 1830.4 67.6102 -46.5567 67.6102 -2038.47 108.97 -46.5567 108.97 126.027
GPRESSAVG: 1370000 1833.27 64.074 -57.6913 77.5254 -2033.28 111.229 -6.93655 107.331 118.828
TIMING: 1370000  CPU: 1219.2, 0.000891941/step  Wall: 1219.4, 0.000892153/step, 387.377 ns/days, 0.899588 hours remaining, 0.000000 MB of memory in use.
PERFORMANCE: 1370000  averaging 388.288 ns/day, 0.00089006 sec/step with standard deviation 2.06942e-06
ENERGY: 1370000        13.3963        53.5579        24.8134         0.6842         -50461.8429    -85714.9585         0.0000         0.0000     10518.1098        -125566.2398       297.1149   -136084.3496   -125846.6949       297.6165           -802.7956      -804.4839    181245.4374       -27.3456       -27.0594

WRITING EXTENDED SYSTEM TO RESTART FILE AT STEP 1370000
WRITING COORDINATES TO DCD FILE ../output/02_eq_2_CLKW.0.dcd AT STEP 1370000
WRITING COORDINATES TO RESTART FILE AT STEP 1370000
FINISHED WRITING RESTART COORDINATES
WRITING VELOCITIES TO RESTART FILE AT STEP 1370000
FINISHED WRITING RESTART VELOCITIES
PRESSURE: 1380000 1960.88 -91.2109 -237.237 -91.2121 -1887.95 -306.181 -237.237 -306.18 777.49
GPRESSURE: 1380000 2060.46 -93.2898 -265.526 -97.9675 -1917.55 -250.335 -208.285 -254.854 688.93
PRESSAVG: 1380000 1860.66 71.2187 -68.8126 71.2187 -2012.28 93.1885 -68.8126 93.1885 179.619
GPRESSAVG: 1380000 1868.38 63.3933 -81.0469 81.3604 -2011.26 97.0442 -28.0189 91.8407 169.676
TIMING: 1380000  CPU: 1228.13, 0.000892478/step  Wall: 1228.33, 0.000892452/step, 387.248 ns/days, 0.89741 hours remaining, 0.000000 MB of memory in use.
PERFORMANCE: 1380000  averaging 388.281 ns/day, 0.000890078 sec/step with standard deviation 2.07188e-06
ENERGY: 1380000        21.8681        53.3245        33.1404         0.4944         -51029.4661    -85427.0501         0.0000         0.0000     10517.0791        -125830.6097       297.0858   -136347.6887   -125838.8454       297.6831            283.4731       277.2801    181282.7098         9.3308         8.9315

WRITING EXTENDED SYSTEM TO RESTART FILE AT STEP 1380000
WRITING COORDINATES TO DCD FILE ../output/02_eq_2_CLKW.0.dcd AT STEP 1380000
WRITING COORDINATES TO RESTART FILE AT STEP 1380000
FINISHED WRITING RESTART COORDINATES
WRITING VELOCITIES TO RESTART FILE AT STEP 1380000
FINISHED WRITING RESTART VELOCITIES
PRESSURE: 1390000 1835.13 150.88 -219.542 150.881 -2310.05 119.447 -219.546 119.447 69.5513
GPRESSURE: 1390000 1865.69 255.929 -367.138 102.121 -2254.46 57.136 -239.329 111.533 -28.8222
PRESSAVG: 1390000 1898.55 73.4403 -76.0041 73.4403 -1984.25 83.5894 -76.0041 83.5894 161.829
GPRESSAVG: 1390000 1907.6 74.3347 -97.2255 75.3631 -1983.83 78.5315 -43.0067 76.4551 149.965
TIMING: 1390000  CPU: 1237.05, 0.000892345/step  Wall: 1237.25, 0.000892599/step, 387.184 ns/days, 0.895079 hours remaining, 0.000000 MB of memory in use.
PERFORMANCE: 1390000  averaging 388.273 ns/day, 0.000890096 sec/step with standard deviation 2.07541e-06
ENERGY: 1390000        23.2387        51.0973        28.1329         0.2904         -51193.0116    -85431.6994         0.0000         0.0000     10524.0583        -125997.8934       297.2829   -136521.9517   -125852.4104       297.5018           -135.1210      -139.1992    180800.4271        25.3780        24.5791

WRITING EXTENDED SYSTEM TO RESTART FILE AT STEP 1390000
WRITING COORDINATES TO DCD FILE ../output/02_eq_2_CLKW.0.dcd AT STEP 1390000
WRITING COORDINATES TO RESTART FILE AT STEP 1390000
FINISHED WRITING RESTART COORDINATES
WRITING VELOCITIES TO RESTART FILE AT STEP 1390000
FINISHED WRITING RESTART VELOCITIES
PRESSURE: 1400000 1455.89 -170.226 -53.1488 -170.227 -1418.09 -177.54 -53.1478 -177.54 600.964
GPRESSURE: 1400000 1510.06 -116.012 -128.276 -133.44 -1435.22 -186.6 33.1601 -263.841 564.121
PRESSAVG: 1400000 1869.52 42.6727 -91.2476 42.6727 -1968.89 69.2173 -91.2476 69.2173 173.838
GPRESSAVG: 1400000 1877.36 41.1094 -109.76 47.3436 -1967.73 65.6529 -57.5802 62.246 163.105
TIMING: 1400000  CPU: 1245.96, 0.000891281/step  Wall: 1246.17, 0.000891299/step, 387.749 ns/days, 0.891299 hours remaining, 0.000000 MB of memory in use.
PERFORMANCE: 1400000  averaging 388.269 ns/day, 0.000890104 sec/step with standard deviation 2.07043e-06
ETITLE:      TS           BOND          ANGLE          DIHED          IMPRP               ELECT            VDW       BOUNDARY           MISC        KINETIC               TOTAL           TEMP      POTENTIAL       TOTALAVG        TEMPAVG            PRESSURE      GPRESSURE         VOLUME       PRESSAVG      GPRESSAVG

ENERGY: 1400000        15.8858        41.1203        26.5352         0.8750         -51028.2035    -85469.2538         0.0000         0.0000     10430.2562        -125982.7847       294.6332   -136413.0409   -125863.9609       297.2925            212.9210       212.9863    179983.5703        24.8224        24.2422

WRITING EXTENDED SYSTEM TO RESTART FILE AT STEP 1400000
WRITING COORDINATES TO DCD FILE ../output/02_eq_2_CLKW.0.dcd AT STEP 1400000
WRITING COORDINATES TO RESTART FILE AT STEP 1400000
FINISHED WRITING RESTART COORDINATES
WRITING VELOCITIES TO RESTART FILE AT STEP 1400000
FINISHED WRITING RESTART VELOCITIES
PRESSURE: 1410000 2581.19 -187.546 48.4117 -187.546 -1637.89 -188.903 48.4099 -188.901 -150.829
GPRESSURE: 1410000 2586.65 -162.962 48.7417 -160.906 -1699.54 -100.094 57.4282 -300.354 -95.3216
PRESSAVG: 1410000 1905.54 36.3747 -95.3142 36.3747 -1935.85 59.0452 -95.3142 59.0452 161.872
GPRESSAVG: 1410000 1915.9 37.2017 -116.596 41.6231 -1937.39 50.1001 -62.6602 54.1229 151.065
TIMING: 1410000  CPU: 1254.87, 0.00089084/step  Wall: 1255.08, 0.000890982/step, 387.887 ns/days, 0.888507 hours remaining, 0.000000 MB of memory in use.
PERFORMANCE: 1410000  averaging 388.266 ns/day, 0.000890111 sec/step with standard deviation 2.06435e-06
ENERGY: 1410000        24.6418        40.9674        31.0971         1.2983         -51265.9074    -85242.8364         0.0000         0.0000     10550.3237        -125860.4156       298.0249   -136410.7393   -125871.0989       297.3841            264.1574       263.9302    180902.7174        43.8535        43.1935

WRITING EXTENDED SYSTEM TO RESTART FILE AT STEP 1410000
WRITING COORDINATES TO DCD FILE ../output/02_eq_2_CLKW.0.dcd AT STEP 1410000
WRITING COORDINATES TO RESTART FILE AT STEP 1410000
FINISHED WRITING RESTART COORDINATES
WRITING VELOCITIES TO RESTART FILE AT STEP 1410000
FINISHED WRITING RESTART VELOCITIES
PRESSURE: 1420000 1854.92 370.214 195.105 370.213 -2078.3 -214.321 195.103 -214.324 -40.7622
GPRESSURE: 1420000 1796.14 384.735 237.224 308.013 -1957.68 -112.411 144.233 -279.201 -115.177
PRESSAVG: 1420000 1886.87 58.8213 -68.2586 58.8213 -1954.97 46.5935 -68.2586 46.5935 146.759
GPRESSAVG: 1420000 1897.14 60.4872 -96.3472 58.5771 -1952.1 43.3003 -41.0301 37.5159 130.988
TIMING: 1420000  CPU: 1263.79, 0.000891678/step  Wall: 1263.99, 0.000891702/step, 387.573 ns/days, 0.886748 hours remaining, 0.000000 MB of memory in use.
PERFORMANCE: 1420000  averaging 388.261 ns/day, 0.000890122 sec/step with standard deviation 2.06134e-06
ENERGY: 1420000        20.6801        41.1316        33.4380         2.6142         -51324.6689    -85267.9227         0.0000         0.0000     10592.5129        -125902.2148       299.2166   -136494.7277   -125870.7296       297.5765            -88.0493       -92.2413    180746.5076        26.2204        25.3412

WRITING EXTENDED SYSTEM TO RESTART FILE AT STEP 1420000
WRITING COORDINATES TO DCD FILE ../output/02_eq_2_CLKW.0.dcd AT STEP 1420000
WRITING COORDINATES TO RESTART FILE AT STEP 1420000
FINISHED WRITING RESTART COORDINATES
WRITING VELOCITIES TO RESTART FILE AT STEP 1420000
FINISHED WRITING RESTART VELOCITIES
PRESSURE: 1430000 1437.57 93.9924 101.316 93.9906 -2352.26 -259.034 101.317 -259.036 -439.104
GPRESSURE: 1430000 1355.3 102.074 166.733 19.5717 -2303.59 -290.544 85.8156 -278.536 -424.382
PRESSAVG: 1430000 1863.8 44.8989 -68.5033 44.8989 -1990.64 36.3089 -68.5033 36.3089 102.46
GPRESSAVG: 1430000 1867.67 44.1474 -97.108 39.9711 -1985.29 31.7998 -42.8874 24.9632 89.964
TIMING: 1430000  CPU: 1272.68, 0.000888796/step  Wall: 1272.88, 0.000889046/step, 388.731 ns/days, 0.881637 hours remaining, 0.000000 MB of memory in use.
PERFORMANCE: 1430000  averaging 388.265 ns/day, 0.000890114 sec/step with standard deviation 2.05604e-06
ENERGY: 1430000        16.1679        43.3415        29.5637         1.9519         -50859.9422    -85598.8260         0.0000         0.0000     10569.8014        -125797.9418       298.5751   -136367.7432   -125858.5412       297.7439           -451.2651      -457.5558    181545.9041        -8.1270        -9.2188

WRITING EXTENDED SYSTEM TO RESTART FILE AT STEP 1430000
WRITING COORDINATES TO DCD FILE ../output/02_eq_2_CLKW.0.dcd AT STEP 1430000
WRITING COORDINATES TO RESTART FILE AT STEP 1430000
FINISHED WRITING RESTART COORDINATES
WRITING VELOCITIES TO RESTART FILE AT STEP 1430000
FINISHED WRITING RESTART VELOCITIES
PRESSURE: 1440000 1283.54 -176.182 -125.415 -176.181 -2419.78 162.738 -125.414 162.738 -21.9268
GPRESSURE: 1440000 1258.62 -223.152 -126.768 -134.138 -2345.2 222.513 -218.431 97.0468 -55.0122
PRESSAVG: 1440000 1843.88 48.0348 -73.1351 48.0348 -2017.91 25.3768 -73.1351 25.3768 78.2785
GPRESSAVG: 1440000 1846.9 51.5844 -102.723 40.05 -2010 21.8665 -48.0667 15.4248 64.8129
TIMING: 1440000  CPU: 1281.57, 0.000889251/step  Wall: 1281.78, 0.000889361/step, 388.594 ns/days, 0.879479 hours remaining, 0.000000 MB of memory in use.
PERFORMANCE: 1440000  averaging 388.267 ns/day, 0.000890109 sec/step with standard deviation 2.0498e-06
ENERGY: 1440000        14.6780        41.6149        34.5118         0.6318         -50854.3584    -85475.5632         0.0000         0.0000     10406.6405        -125831.8446       293.9661   -136238.4852   -125854.0291       297.6815           -386.0556      -380.5316    181751.8625       -31.9187       -32.7642

WRITING EXTENDED SYSTEM TO RESTART FILE AT STEP 1440000
WRITING COORDINATES TO DCD FILE ../output/02_eq_2_CLKW.0.dcd AT STEP 1440000
WRITING COORDINATES TO RESTART FILE AT STEP 1440000
FINISHED WRITING RESTART COORDINATES
WRITING VELOCITIES TO RESTART FILE AT STEP 1440000
FINISHED WRITING RESTART VELOCITIES
PRESSURE: 1450000 1660.34 47.6535 -301.47 47.6556 -2409.81 -164.144 -301.468 -164.145 -245.017
GPRESSURE: 1450000 1645.85 -88.584 -216.144 100.871 -2393.6 -185.532 -273.962 -172.291 -240.012
PRESSAVG: 1450000 1826.56 43.2101 -91.6319 43.2101 -2050.47 14.2371 -91.6319 14.2371 58.9494
GPRESSAVG: 1450000 1827.29 40.0479 -113.077 36.7841 -2042.2 15.9372 -65.5109 3.1846 47.4412
TIMING: 1450000  CPU: 1290.45, 0.000888497/step  Wall: 1290.66, 0.000888729/step, 388.87 ns/days, 0.876385 hours remaining, 0.000000 MB of memory in use.
PERFORMANCE: 1450000  averaging 388.271 ns/day, 0.0008901 sec/step with standard deviation 2.04589e-06
ENERGY: 1450000        15.4161        44.7721        27.4152         1.0056         -51082.0694    -85436.9295         0.0000         0.0000     10646.1512        -125784.2389       300.7318   -136430.3900   -125854.5677       297.7867           -331.4943      -329.2545    181809.8319       -54.9868       -55.8220

WRITING EXTENDED SYSTEM TO RESTART FILE AT STEP 1450000
WRITING COORDINATES TO DCD FILE ../output/02_eq_2_CLKW.0.dcd AT STEP 1450000
WRITING COORDINATES TO RESTART FILE AT STEP 1450000
FINISHED WRITING RESTART COORDINATES
WRITING VELOCITIES TO RESTART FILE AT STEP 1450000
FINISHED WRITING RESTART VELOCITIES
PRESSURE: 1460000 1274.29 177.398 -110.157 177.395 -2479.37 -170.983 -110.157 -170.982 -653.278
GPRESSURE: 1460000 1263.75 160.179 -50.3287 178.237 -2464.97 -130.474 -159.728 -212.804 -661.405
PRESSAVG: 1460000 1765.14 50.0993 -92.2459 50.0993 -2075.37 10.4716 -92.2459 10.4716 34.8453
GPRESSAVG: 1460000 1767.81 52.9153 -105.215 40.1187 -2065.52 16.5845 -83.7399 1.58306 19.6025
TIMING: 1460000  CPU: 1299.33, 0.000887517/step  Wall: 1299.54, 0.000887705/step, 389.319 ns/days, 0.87291 hours remaining, 0.000000 MB of memory in use.
PERFORMANCE: 1460000  averaging 388.278 ns/day, 0.000890083 sec/step with standard deviation 2.04843e-06
ENERGY: 1460000        16.5620        35.3672        26.0255         1.2650         -51208.6747    -85380.8287         0.0000         0.0000     10535.2828        -125975.0010       297.6000   -136510.2837   -125862.5836       297.8054           -619.4552      -620.8735    182365.2365       -91.7959       -92.7017

WRITING EXTENDED SYSTEM TO RESTART FILE AT STEP 1460000
WRITING COORDINATES TO DCD FILE ../output/02_eq_2_CLKW.0.dcd AT STEP 1460000
WRITING COORDINATES TO RESTART FILE AT STEP 1460000
FINISHED WRITING RESTART COORDINATES
WRITING VELOCITIES TO RESTART FILE AT STEP 1460000
FINISHED WRITING RESTART VELOCITIES
PRESSURE: 1470000 2525.6 -125.496 168.29 -125.499 -1947.81 107.399 168.291 107.4 80.2147
GPRESSURE: 1470000 2506.6 -189.789 149.632 -95.4477 -1948.4 101.078 180.94 -66.9485 96.494
PRESSAVG: 1470000 1774.1 48.6341 -73.1631 48.6341 -2075.81 13.0798 -73.1631 13.0798 41.0652
GPRESSAVG: 1470000 1773.42 53.0819 -85.0738 40.0172 -2068.85 19.9772 -63.4262 -9.85909 31.9579
TIMING: 1470000  CPU: 1308.24, 0.000891038/step  Wall: 1308.45, 0.000891165/step, 387.807 ns/days, 0.873837 hours remaining, 0.000000 MB of memory in use.
PERFORMANCE: 1470000  averaging 388.275 ns/day, 0.000890091 sec/step with standard deviation 2.04335e-06
ENERGY: 1470000        13.1466        42.6457        26.9221         0.6644         -51161.1761    -85263.8701         0.0000         0.0000     10564.3059        -125777.3614       298.4199   -136341.6673   -125861.4432       297.8202            219.3337       218.2321    180282.1166       -86.8820       -87.8242

WRITING EXTENDED SYSTEM TO RESTART FILE AT STEP 1470000
WRITING COORDINATES TO DCD FILE ../output/02_eq_2_CLKW.0.dcd AT STEP 1470000
WRITING COORDINATES TO RESTART FILE AT STEP 1470000
FINISHED WRITING RESTART COORDINATES
WRITING VELOCITIES TO RESTART FILE AT STEP 1470000
FINISHED WRITING RESTART VELOCITIES
PRESSURE: 1480000 1560.29 -108.476 -287.615 -108.475 -2636.82 8.0176 -287.613 8.01709 432.22
GPRESSURE: 1480000 1478.3 -231.794 -391.11 -64.1968 -2593.88 38.0844 -35.011 30.1355 479.322
PRESSAVG: 1480000 1734.58 34.8008 -80.0506 34.8008 -2136.31 18.053 -80.0506 18.053 83.6182
GPRESSAVG: 1480000 1732.96 34.3244 -96.4751 25.8635 -2127.81 24.4454 -58.3533 -5.11851 73.9774
TIMING: 1480000  CPU: 1317.14, 0.000890275/step  Wall: 1317.36, 0.000890371/step, 388.153 ns/days, 0.870585 hours remaining, 0.000000 MB of memory in use.
PERFORMANCE: 1480000  averaging 388.274 ns/day, 0.000890092 sec/step with standard deviation 2.03652e-06
ENERGY: 1480000        10.3437        50.5957        34.1195         2.0082         -51040.8865    -85519.4152         0.0000         0.0000     10484.4295        -125978.8051       296.1635   -136463.2346   -125871.2530       297.6448           -214.7692      -212.0879    181394.5572      -106.0383      -106.9580

WRITING EXTENDED SYSTEM TO RESTART FILE AT STEP 1480000
WRITING COORDINATES TO DCD FILE ../output/02_eq_2_CLKW.0.dcd AT STEP 1480000
WRITING COORDINATES TO RESTART FILE AT STEP 1480000
FINISHED WRITING RESTART COORDINATES
WRITING VELOCITIES TO RESTART FILE AT STEP 1480000
FINISHED WRITING RESTART VELOCITIES
PRESSURE: 1490000 1653.11 -266.648 -120.244 -266.649 -2096.07 192.41 -120.244 192.411 436.977
GPRESSURE: 1490000 1620.18 -266.62 -134.052 -236.946 -2056.43 223.467 -57.1294 120.287 423.321
PRESSAVG: 1490000 1710.58 24.9958 -83.4664 24.9958 -2154.76 22.7725 -83.4664 22.7725 86.362
GPRESSAVG: 1490000 1709.02 20.4735 -101.21 21.2859 -2143.57 37.7808 -56.8816 -5.66596 74.0999
TIMING: 1490000  CPU: 1326.06, 0.00089226/step  Wall: 1326.28, 0.000892236/step, 387.342 ns/days, 0.86993 hours remaining, 0.000000 MB of memory in use.
PERFORMANCE: 1490000  averaging 388.268 ns/day, 0.000890107 sec/step with standard deviation 2.03721e-06
ENERGY: 1490000        19.0527        45.9909        26.9934         2.2808         -51186.9250    -85496.6580         0.0000         0.0000     10490.5782        -126098.6870       296.3372   -136589.2652   -125875.1644       297.6440             -1.9925        -4.3114    179955.5379      -119.2712      -120.1517

WRITING EXTENDED SYSTEM TO RESTART FILE AT STEP 1490000
WRITING COORDINATES TO DCD FILE ../output/02_eq_2_CLKW.0.dcd AT STEP 1490000
WRITING COORDINATES TO RESTART FILE AT STEP 1490000
FINISHED WRITING RESTART COORDINATES
WRITING VELOCITIES TO RESTART FILE AT STEP 1490000
FINISHED WRITING RESTART VELOCITIES
PRESSURE: 1500000 992.581 197.175 281.442 197.175 -2155.9 29.7051 281.441 29.705 -104.253
GPRESSURE: 1500000 987.581 215.057 298.103 190.357 -2188.69 114.63 280.559 -82.2902 -73.3241
PRESSAVG: 1500000 1667.6 39.2367 -48.7543 39.2367 -2169.49 18.6983 -48.7543 18.6983 58.2539
GPRESSAVG: 1500000 1667.9 38.726 -65.1666 37.2825 -2160.85 34.9542 -26.621 -11.796 46.351
TIMING: 1500000  CPU: 1334.98, 0.000892001/step  Wall: 1335.2, 0.000892251/step, 387.335 ns/days, 0.867467 hours remaining, 0.000000 MB of memory in use.
PERFORMANCE: 1500000  averaging 388.262 ns/day, 0.000890121 sec/step with standard deviation 2.0379e-06
ETITLE:      TS           BOND          ANGLE          DIHED          IMPRP               ELECT            VDW       BOUNDARY           MISC        KINETIC               TOTAL           TEMP      POTENTIAL       TOTALAVG        TEMPAVG            PRESSURE      GPRESSURE         VOLUME       PRESSAVG      GPRESSAVG

ENERGY: 1500000        12.5712        37.2506        31.5366         0.5349         -50896.1177    -85452.6747         0.0000         0.0000     10513.0970        -125753.8021       296.9733   -136266.8991   -125868.7378       297.5864           -422.5256      -424.8100    182013.6896      -147.8789      -148.8668

WRITING EXTENDED SYSTEM TO RESTART FILE AT STEP 1500000
WRITING COORDINATES TO DCD FILE ../output/02_eq_2_CLKW.0.dcd AT STEP 1500000
WRITING COORDINATES TO RESTART FILE AT STEP 1500000
FINISHED WRITING RESTART COORDINATES
WRITING VELOCITIES TO RESTART FILE AT STEP 1500000
FINISHED WRITING RESTART VELOCITIES
PRESSURE: 1510000 2303.92 -6.25838 -253.007 -6.2561 -1369.78 -91.7646 -253.009 -91.7637 908.741
GPRESSURE: 1510000 2268.69 -22.44 -231.7 -128.843 -1357.51 -87.4632 -257.676 -127.081 919.845
PRESSAVG: 1510000 1706.85 22.7603 -56.2439 22.7603 -2149.55 7.83844 -56.2439 7.83844 95.1851
GPRESSAVG: 1510000 1704.88 18.801 -65.8963 12.4941 -2138.42 24.4676 -37.9858 -24.4207 82.461
TIMING: 1510000  CPU: 1343.91, 0.000892855/step  Wall: 1344.13, 0.000892904/step, 387.052 ns/days, 0.865621 hours remaining, 0.000000 MB of memory in use.
PERFORMANCE: 1510000  averaging 388.254 ns/day, 0.00089014 sec/step with standard deviation 2.04369e-06
ENERGY: 1510000        13.0491        53.6065        29.8637         2.1609         -51328.3344    -85294.1078         0.0000         0.0000     10479.4303        -126044.3316       296.0223   -136523.7619   -125873.9842       297.5439            614.2928       610.3412    180262.7739      -115.8384      -117.0261

WRITING EXTENDED SYSTEM TO RESTART FILE AT STEP 1510000
WRITING COORDINATES TO DCD FILE ../output/02_eq_2_CLKW.0.dcd AT STEP 1510000
WRITING COORDINATES TO RESTART FILE AT STEP 1510000
FINISHED WRITING RESTART COORDINATES
WRITING VELOCITIES TO RESTART FILE AT STEP 1510000
FINISHED WRITING RESTART VELOCITIES
PRESSURE: 1520000 1442.32 -280.812 113.449 -280.813 -2386.04 -591.882 113.45 -591.881 -219.465
GPRESSURE: 1520000 1392.12 -227.27 44.0757 -297.201 -2301.21 -621.462 61.9008 -604.171 -239.767
PRESSAVG: 1520000 1719.11 5.59751 -54.8813 5.59751 -2151.95 -26.7669 -54.8813 -26.7669 57.6309
GPRESSAVG: 1520000 1713.7 1.01206 -66.769 -5.4712 -2137.41 -11.9197 -41.4576 -63.1223 46.3567
TIMING: 1520000  CPU: 1352.86, 0.000894878/step  Wall: 1353.08, 0.000894856/step, 386.207 ns/days, 0.865027 hours remaining, 0.000000 MB of memory in use.
PERFORMANCE: 1520000  averaging 388.24 ns/day, 0.000890171 sec/step with standard deviation 2.07252e-06
ENERGY: 1520000        20.0343        43.4489        26.2104         2.7865         -50938.7544    -85597.9956         0.0000         0.0000     10599.5170        -125844.7529       299.4145   -136444.2699   -125864.7366       297.7660           -387.7289      -382.9533    181634.3736      -125.0683      -125.7846

WRITING EXTENDED SYSTEM TO RESTART FILE AT STEP 1520000
WRITING COORDINATES TO DCD FILE ../output/02_eq_2_CLKW.0.dcd AT STEP 1520000
WRITING COORDINATES TO RESTART FILE AT STEP 1520000
FINISHED WRITING RESTART COORDINATES
WRITING VELOCITIES TO RESTART FILE AT STEP 1520000
FINISHED WRITING RESTART VELOCITIES
PRESSURE: 1530000 2645.72 -187.416 -13.4677 -187.417 -1156.36 54.6953 -13.4694 54.6953 153.14
GPRESSURE: 1530000 2729.99 -209.164 76.6172 -58.9498 -1289.16 81.1656 -60.2603 102.418 191.034
PRESSAVG: 1530000 1751.99 -2.82974 -50.1083 -2.82974 -2104.95 -34.7267 -50.1083 -34.7267 95.3183
GPRESSAVG: 1530000 1749.97 -4.00012 -60.6198 -6.95268 -2098.22 -23 -39.2911 -72.2481 87.7304
TIMING: 1530000  CPU: 1361.81, 0.000894512/step  Wall: 1362.03, 0.000894738/step, 386.259 ns/days, 0.862428 hours remaining, 0.000000 MB of memory in use.
PERFORMANCE: 1530000  averaging 388.227 ns/day, 0.0008902 sec/step with standard deviation 2.09843e-06
ENERGY: 1530000        18.2520        35.6957        25.4156         1.9881         -51183.5052    -85337.4827         0.0000         0.0000     10487.7973        -125951.8392       296.2586   -136439.6365   -125870.4396       297.6085            547.4976       543.9564    180846.5315       -85.8799       -86.8425

WRITING EXTENDED SYSTEM TO RESTART FILE AT STEP 1530000
WRITING COORDINATES TO DCD FILE ../output/02_eq_2_CLKW.0.dcd AT STEP 1530000
WRITING COORDINATES TO RESTART FILE AT STEP 1530000
FINISHED WRITING RESTART COORDINATES
WRITING VELOCITIES TO RESTART FILE AT STEP 1530000
FINISHED WRITING RESTART VELOCITIES
PRESSURE: 1540000 1652.31 153.782 412.788 153.782 -2404.68 77.3846 412.789 77.3851 152.376
GPRESSURE: 1540000 1633.11 117.475 432.231 77.133 -2347.26 114.042 417.789 42.238 111.994
PRESSAVG: 1540000 1737.45 -4.65415 -20.2494 -4.65415 -2118.15 -47.5207 -20.2494 -47.5207 78.1629
GPRESSAVG: 1540000 1729.63 -14.4476 -28.6431 -4.73102 -2108.3 -33.5668 -16.8131 -88.0824 72.8773
TIMING: 1540000  CPU: 1370.73, 0.000892887/step  Wall: 1370.96, 0.000893096/step, 386.968 ns/days, 0.858365 hours remaining, 0.000000 MB of memory in use.
PERFORMANCE: 1540000  averaging 388.219 ns/day, 0.000890219 sec/step with standard deviation 2.10454e-06
ENERGY: 1540000        15.9593        41.7204        28.1644         0.6689         -51249.2179    -85258.7060         0.0000         0.0000     10425.1632        -125996.2477       294.4894   -136421.4109   -125883.5874       297.4165           -199.9968      -200.7189    180630.5358      -100.8470      -101.9302

WRITING EXTENDED SYSTEM TO RESTART FILE AT STEP 1540000
WRITING COORDINATES TO DCD FILE ../output/02_eq_2_CLKW.0.dcd AT STEP 1540000
WRITING COORDINATES TO RESTART FILE AT STEP 1540000
FINISHED WRITING RESTART COORDINATES
WRITING VELOCITIES TO RESTART FILE AT STEP 1540000
FINISHED WRITING RESTART VELOCITIES
PRESSURE: 1550000 1939.72 -57.18 -190.493 -57.1811 -2048.72 149.844 -190.492 149.843 -1017.17
GPRESSURE: 1550000 1999.38 -33.9285 -76.1722 -200.74 -2037.96 106.113 -252.964 71.2924 -1084.49
PRESSAVG: 1550000 1710.42 5.13578 -26.7022 5.13578 -2140.4 -37.0636 -26.7022 -37.0636 29.5197
GPRESSAVG: 1550000 1705.16 -7.76715 -26.6054 -1.92991 -2129.31 -22.9198 -26.7149 -79.8361 20.3077
TIMING: 1550000  CPU: 1379.69, 0.000895352/step  Wall: 1379.91, 0.000895442/step, 385.955 ns/days, 0.858132 hours remaining, 0.000000 MB of memory in use.
PERFORMANCE: 1550000  averaging 388.204 ns/day, 0.000890253 sec/step with standard deviation 2.13923e-06
ENERGY: 1550000        12.2998        41.7880        28.8485         0.4942         -51091.5699    -85521.2646         0.0000         0.0000     10561.3339        -125968.0702       298.3359   -136529.4041   -125890.8240       297.2732           -375.3871      -374.3587    180140.6006      -133.4841      -134.6134

WRITING EXTENDED SYSTEM TO RESTART FILE AT STEP 1550000
WRITING COORDINATES TO DCD FILE ../output/02_eq_2_CLKW.0.dcd AT STEP 1550000
WRITING COORDINATES TO RESTART FILE AT STEP 1550000
FINISHED WRITING RESTART COORDINATES
WRITING VELOCITIES TO RESTART FILE AT STEP 1550000
FINISHED WRITING RESTART VELOCITIES
PRESSURE: 1560000 1547.69 15.4284 -26.8307 15.4273 -2294.86 -377.157 -26.831 -377.156 -600.851
GPRESSURE: 1560000 1538.29 -58.9122 47.103 -71.7051 -2245.26 -507.488 -34.2383 -292.708 -638.182
PRESSAVG: 1560000 1723.75 -6.00675 -14.8677 -6.00675 -2144.81 -50.1265 -14.8677 -50.1265 12.4156
GPRESSAVG: 1560000 1718.82 -19.6523 -10.0472 -24.3304 -2126.17 -41.4183 -11.9839 -86.4931 -4.40485
TIMING: 1560000  CPU: 1388.63, 0.000894229/step  Wall: 1388.86, 0.000894447/step, 386.384 ns/days, 0.854694 hours remaining, 0.000000 MB of memory in use.
PERFORMANCE: 1560000  averaging 388.193 ns/day, 0.00089028 sec/step with standard deviation 2.15859e-06
ENERGY: 1560000        13.1228        44.1829        33.0198         0.3735         -51079.0862    -85396.0502         0.0000         0.0000     10622.4762        -125761.9612       300.0630   -136384.4374   -125885.2521       297.3355           -449.3387      -448.3840    180966.8862      -136.2150      -137.2519

WRITING EXTENDED SYSTEM TO RESTART FILE AT STEP 1560000
WRITING COORDINATES TO DCD FILE ../output/02_eq_2_CLKW.0.dcd AT STEP 1560000
WRITING COORDINATES TO RESTART FILE AT STEP 1560000
FINISHED WRITING RESTART COORDINATES
WRITING VELOCITIES TO RESTART FILE AT STEP 1560000
FINISHED WRITING RESTART VELOCITIES
PRESSURE: 1570000 1999.69 -52.4162 93.3162 -52.4129 -2047.09 177.787 93.3159 177.787 -248.032
GPRESSURE: 1570000 2001.41 -1.0334 171.412 -197.936 -2023.22 82.339 21.5566 322.506 -264.458
PRESSAVG: 1570000 1780.34 -25.1674 -26.2256 -25.1674 -2076.88 -73.124 -26.2256 -73.124 -6.45068
GPRESSAVG: 1570000 1774.91 -34.4752 -15.7671 -45.1057 -2058.04 -66.5918 -25.6817 -101.881 -22.2648
TIMING: 1570000  CPU: 1397.59, 0.000895433/step  Wall: 1397.81, 0.000895583/step, 385.894 ns/days, 0.853292 hours remaining, 0.000000 MB of memory in use.
PERFORMANCE: 1570000  averaging 388.178 ns/day, 0.000890314 sec/step with standard deviation 2.1929e-06
ENERGY: 1570000        15.9474        45.7147        30.1684         0.9180         -51190.5400    -85399.0001         0.0000         0.0000     10548.4114        -125948.3802       297.9709   -136496.7916   -125904.3592       297.3783            -98.4766       -95.4218    181368.1997      -100.9990      -101.7988

WRITING EXTENDED SYSTEM TO RESTART FILE AT STEP 1570000
WRITING COORDINATES TO DCD FILE ../output/02_eq_2_CLKW.0.dcd AT STEP 1570000
WRITING COORDINATES TO RESTART FILE AT STEP 1570000
FINISHED WRITING RESTART COORDINATES
WRITING VELOCITIES TO RESTART FILE AT STEP 1570000
FINISHED WRITING RESTART VELOCITIES
PRESSURE: 1580000 2339.02 210.338 398.335 210.336 -1850.29 53.9388 398.335 53.9393 -525.155
GPRESSURE: 1580000 2285.52 252.712 527.206 197.74 -1774.64 28.1386 234.278 11.2737 -545.758
PRESSAVG: 1580000 1799.24 -10.09 5.55294 -10.09 -2075 -55.118 5.55294 -55.118 -71.5829
GPRESSAVG: 1580000 1786.16 -17.1751 23.8695 -30.3203 -2050.89 -52.6681 -3.55348 -88.5748 -83.9992
TIMING: 1580000  CPU: 1406.52, 0.000893946/step  Wall: 1406.75, 0.000894131/step, 386.521 ns/days, 0.849424 hours remaining, 0.000000 MB of memory in use.
PERFORMANCE: 1580000  averaging 388.167 ns/day, 0.000890338 sec/step with standard deviation 2.2069e-06
ENERGY: 1580000        12.1637        46.1646        29.3831         1.2898         -51174.0776    -85368.2507         0.0000         0.0000     10560.3594        -125892.9678       298.3084   -136453.3273   -125907.4771       297.4394            -12.1429       -11.6284    180588.6638      -115.7798      -116.2442

WRITING EXTENDED SYSTEM TO RESTART FILE AT STEP 1580000
WRITING COORDINATES TO DCD FILE ../output/02_eq_2_CLKW.0.dcd AT STEP 1580000
WRITING COORDINATES TO RESTART FILE AT STEP 1580000
FINISHED WRITING RESTART COORDINATES
WRITING VELOCITIES TO RESTART FILE AT STEP 1580000
FINISHED WRITING RESTART VELOCITIES
PRESSURE: 1590000 2141.12 -1.27915 97.7705 -1.28235 -1807.81 -4.25525 97.7712 -4.25493 -182.312
GPRESSURE: 1590000 2205.16 -64.418 184.47 -31.4465 -1795.73 -5.47801 130.652 -33.7625 -235.55
PRESSAVG: 1590000 1814.54 -17.6982 21.4188 -17.6982 -2049.89 -61.3032 21.4188 -61.3032 -84.1761
GPRESSAVG: 1590000 1803.13 -33.1924 51.4499 -36.9987 -2027.96 -55.7988 14.9456 -95.8396 -94.3356
TIMING: 1590000  CPU: 1415.45, 0.000893033/step  Wall: 1415.69, 0.000893213/step, 386.918 ns/days, 0.846071 hours remaining, 0.000000 MB of memory in use.
PERFORMANCE: 1590000  averaging 388.159 ns/day, 0.000890356 sec/step with standard deviation 2.21169e-06
ENERGY: 1590000        12.5578        52.6583        30.3834         1.2098         -51182.8593    -85149.0910         0.0000         0.0000     10543.8022        -125691.3387       297.8407   -136235.1408   -125892.1493       297.4673             50.3342        57.9616    181228.7832      -106.5071      -106.3862

WRITING EXTENDED SYSTEM TO RESTART FILE AT STEP 1590000
WRITING COORDINATES TO DCD FILE ../output/02_eq_2_CLKW.0.dcd AT STEP 1590000
WRITING COORDINATES TO RESTART FILE AT STEP 1590000
FINISHED WRITING RESTART COORDINATES
WRITING VELOCITIES TO RESTART FILE AT STEP 1590000
FINISHED WRITING RESTART VELOCITIES
PRESSURE: 1600000 1751.99 211.005 377.524 211.006 -2001.85 -85.3125 377.524 -85.3116 -528.021
GPRESSURE: 1600000 1759.06 105.715 377.747 286.178 -2018.6 -169.765 385.197 -11.8559 -526.541
PRESSAVG: 1600000 1829.35 1.36349 42.9524 1.36349 -2079.07 -56.6918 42.9524 -56.6918 -140.625
GPRESSAVG: 1600000 1815.58 -22.1061 76.751 -16.0178 -2057.13 -54.9571 32.5475 -83.2403 -148.869
TIMING: 1600000  CPU: 1424.38, 0.000892355/step  Wall: 1424.61, 0.000892316/step, 387.307 ns/days, 0.842743 hours remaining, 0.000000 MB of memory in use.
PERFORMANCE: 1600000  averaging 388.154 ns/day, 0.000890368 sec/step with standard deviation 2.21016e-06
ETITLE:      TS           BOND          ANGLE          DIHED          IMPRP               ELECT            VDW       BOUNDARY           MISC        KINETIC               TOTAL           TEMP      POTENTIAL       TOTALAVG        TEMPAVG            PRESSURE      GPRESSURE         VOLUME       PRESSAVG      GPRESSAVG

ENERGY: 1600000         9.9294        49.5891        33.4519         1.0134         -50827.5087    -85503.8484         0.0000         0.0000     10430.1031        -125807.2703       294.6289   -136237.3734   -125883.3736       297.4671           -259.2926      -262.0265    181974.1019      -130.1177      -130.1368

WRITING EXTENDED SYSTEM TO RESTART FILE AT STEP 1600000
WRITING COORDINATES TO DCD FILE ../output/02_eq_2_CLKW.0.dcd AT STEP 1600000
WRITING COORDINATES TO RESTART FILE AT STEP 1600000
FINISHED WRITING RESTART COORDINATES
WRITING VELOCITIES TO RESTART FILE AT STEP 1600000
FINISHED WRITING RESTART VELOCITIES
PRESSURE: 1610000 1958.17 129.018 -197.185 129.017 -2133.78 -0.884624 -197.185 -0.883918 30.9556
GPRESSURE: 1610000 1934.28 -24.0982 -171.381 276.972 -2053.19 -79.8298 -164.384 213.417 -28.4355
PRESSAVG: 1610000 1798.2 17.1916 30.6727 17.1916 -2103.87 -47.2909 30.6727 -47.2909 -131.536
GPRESSAVG: 1610000 1782.97 -15.1629 65.7449 5.87616 -2074.81 -53.9439 21.4569 -57.5517 -145.524
TIMING: 1610000  CPU: 1433.29, 0.000891081/step  Wall: 1433.52, 0.000891195/step, 387.794 ns/days, 0.839208 hours remaining, 0.000000 MB of memory in use.
PERFORMANCE: 1610000  averaging 388.152 ns/day, 0.000890373 sec/step with standard deviation 2.20421e-06
ENERGY: 1610000        11.5553        41.2608        27.8074         2.4655         -51012.5803    -85566.9319         0.0000         0.0000     10472.6489        -126023.7742       295.8307   -136496.4231   -125891.5415       297.3573            -48.2202       -49.1153    181123.7072      -145.7366      -145.7891

WRITING EXTENDED SYSTEM TO RESTART FILE AT STEP 1610000
WRITING COORDINATES TO DCD FILE ../output/02_eq_2_CLKW.0.dcd AT STEP 1610000
WRITING COORDINATES TO RESTART FILE AT STEP 1610000
FINISHED WRITING RESTART COORDINATES
WRITING VELOCITIES TO RESTART FILE AT STEP 1610000
FINISHED WRITING RESTART VELOCITIES
PRESSURE: 1620000 2182.92 -229.15 103.037 -229.15 -2027.89 -12.8065 103.038 -12.806 704.175
GPRESSURE: 1620000 2160.88 -198.798 86.0119 -292.139 -2031.6 46.4185 118.035 -71.485 718.624
PRESSAVG: 1620000 1814.6 -12.7766 26.0694 -12.7766 -2101.35 -37.215 26.0694 -37.215 -94.2893
GPRESSAVG: 1620000 1801.2 -44.3395 58.1843 -24.1315 -2078.5 -46.0024 20.1469 -47.1659 -103.834
TIMING: 1620000  CPU: 1442.19, 0.000890027/step  Wall: 1442.42, 0.000890153/step, 388.248 ns/days, 0.835755 hours remaining, 0.000000 MB of memory in use.
PERFORMANCE: 1620000  averaging 388.152 ns/day, 0.000890372 sec/step with standard deviation 2.19742e-06
ENERGY: 1620000        17.9929        47.2230        33.2162         1.2430         -51223.9254    -85382.0604         0.0000         0.0000     10584.2254        -125922.0852       298.9825   -136506.3106   -125892.5351       297.3456            286.4028       282.6345    181520.8755      -127.0140      -127.0453

WRITING EXTENDED SYSTEM TO RESTART FILE AT STEP 1620000
WRITING COORDINATES TO DCD FILE ../output/02_eq_2_CLKW.0.dcd AT STEP 1620000
WRITING COORDINATES TO RESTART FILE AT STEP 1620000
FINISHED WRITING RESTART COORDINATES
WRITING VELOCITIES TO RESTART FILE AT STEP 1620000
FINISHED WRITING RESTART VELOCITIES
PRESSURE: 1630000 1580.05 20.5099 17.6268 20.511 -2670.07 -19.2373 17.626 -19.2357 -162.807
GPRESSURE: 1630000 1584.72 26.6715 46.2664 4.12369 -2665.67 -12.2928 -31.9558 -119.555 -170.634
PRESSAVG: 1630000 1821.72 -16.4505 21.8849 -16.4505 -2117.24 -25.225 21.8849 -25.225 -80.4744
GPRESSAVG: 1630000 1812.67 -48.1096 52.1609 -24.9039 -2096.61 -32.0898 14.2584 -39.2169 -91.147
TIMING: 1630000  CPU: 1451.05, 0.000885948/step  Wall: 1451.28, 0.000886118/step, 390.016 ns/days, 0.829505 hours remaining, 0.000000 MB of memory in use.
PERFORMANCE: 1630000  averaging 388.164 ns/day, 0.000890346 sec/step with standard deviation 2.21581e-06
ENERGY: 1630000        11.3489        47.6706        30.9443         1.4039         -51092.1127    -85451.5764         0.0000         0.0000     10517.8153        -125934.5062       297.1066   -136452.3214   -125899.3633       297.2722           -417.6082      -417.1951    181136.0955      -125.3312      -125.0273

WRITING EXTENDED SYSTEM TO RESTART FILE AT STEP 1630000
WRITING COORDINATES TO DCD FILE ../output/02_eq_2_CLKW.0.dcd AT STEP 1630000
WRITING COORDINATES TO RESTART FILE AT STEP 1630000
FINISHED WRITING RESTART COORDINATES
WRITING VELOCITIES TO RESTART FILE AT STEP 1630000
FINISHED WRITING RESTART VELOCITIES
PRESSURE: 1640000 1586.5 147.291 156.959 147.292 -2105.87 134.787 156.958 134.785 -42.4522
GPRESSURE: 1640000 1624.33 99.7876 99.8022 172.221 -2176.92 4.95092 321.429 125.617 -4.75062
PRESSAVG: 1640000 1836.87 -0.276905 36.0035 -0.276905 -2101.54 -26.6226 36.0035 -26.6226 -81.5007
GPRESSAVG: 1640000 1830.96 -31.9627 63.4894 -9.58589 -2088.19 -42.9679 41.2514 -37.7884 -88.6339
TIMING: 1640000  CPU: 1459.94, 0.000889146/step  Wall: 1460.18, 0.000889251/step, 388.642 ns/days, 0.829968 hours remaining, 0.000000 MB of memory in use.
PERFORMANCE: 1640000  averaging 388.167 ns/day, 0.000890339 sec/step with standard deviation 2.21066e-06
ENERGY: 1640000        15.7517        47.8485        26.7258         0.8871         -50967.4992    -85503.4930         0.0000         0.0000     10589.5748        -125790.2041       299.1337   -136379.7790   -125897.2813       297.5306           -187.2749      -185.7792    181168.5373      -115.3921      -115.2896

WRITING EXTENDED SYSTEM TO RESTART FILE AT STEP 1640000
WRITING COORDINATES TO DCD FILE ../output/02_eq_2_CLKW.0.dcd AT STEP 1640000
WRITING COORDINATES TO RESTART FILE AT STEP 1640000
FINISHED WRITING RESTART COORDINATES
WRITING VELOCITIES TO RESTART FILE AT STEP 1640000
FINISHED WRITING RESTART VELOCITIES
PRESSURE: 1650000 1828.56 106.709 165.804 106.712 -2082.95 -230.891 165.806 -230.89 -186.65
GPRESSURE: 1650000 1760.36 8.84951 167.991 99.5374 -2030.65 -156.606 130.9 -205.002 -189.198
PRESSAVG: 1650000 1845.28 2.67593 59.3672 2.67593 -2085.2 -29.9598 59.3672 -29.9598 -78.5823
GPRESSAVG: 1650000 1836.69 -27.091 82.6962 -9.65257 -2070.05 -41.5216 61.4945 -39.424 -86.0932
TIMING: 1650000  CPU: 1468.88, 0.000894211/step  Wall: 1469.12, 0.000894476/step, 386.371 ns/days, 0.83236 hours remaining, 0.000000 MB of memory in use.
PERFORMANCE: 1650000  averaging 388.156 ns/day, 0.000890364 sec/step with standard deviation 2.22732e-06
ENERGY: 1650000        11.3937        45.3395        26.7047         1.2891         -50956.7249    -85537.5507         0.0000         0.0000     10489.5823        -125919.9664       296.3091   -136409.5486   -125904.0676       297.3095           -147.0133      -153.1600    180464.4644      -106.1681      -106.4849

WRITING EXTENDED SYSTEM TO RESTART FILE AT STEP 1650000
WRITING COORDINATES TO DCD FILE ../output/02_eq_2_CLKW.0.dcd AT STEP 1650000
WRITING COORDINATES TO RESTART FILE AT STEP 1650000
FINISHED WRITING RESTART COORDINATES
WRITING VELOCITIES TO RESTART FILE AT STEP 1650000
FINISHED WRITING RESTART VELOCITIES
PRESSURE: 1660000 2531.08 -78.555 201.565 -78.5525 -2006.25 327.874 201.563 327.875 -977.651
GPRESSURE: 1660000 2575.46 -117.081 254.964 -13.6693 -2067.77 190.516 123.943 234.236 -960.652
PRESSAVG: 1660000 1908.12 -10.1215 74.9532 -10.1215 -2061.54 -5.017 74.9532 -5.017 -94.801
GPRESSAVG: 1660000 1902.27 -40.954 97.9608 -19.2479 -2050.19 -25.4721 75.6781 -17.072 -101.056
TIMING: 1660000  CPU: 1477.78, 0.000890108/step  Wall: 1478.02, 0.000890254/step, 388.204 ns/days, 0.825957 hours remaining, 0.000000 MB of memory in use.
PERFORMANCE: 1660000  averaging 388.156 ns/day, 0.000890363 sec/step with standard deviation 2.22058e-06
ENERGY: 1660000        19.6726        57.2837        29.3879         5.9744         -51043.1876    -85415.6532         0.0000         0.0000     10548.6014        -125797.9208       297.9762   -136346.5222   -125895.2136       297.3283           -150.9392      -150.9879    180286.4668       -82.7423       -82.9906

WRITING EXTENDED SYSTEM TO RESTART FILE AT STEP 1660000
WRITING COORDINATES TO DCD FILE ../output/02_eq_2_CLKW.0.dcd AT STEP 1660000
WRITING COORDINATES TO RESTART FILE AT STEP 1660000
FINISHED WRITING RESTART COORDINATES
WRITING VELOCITIES TO RESTART FILE AT STEP 1660000
FINISHED WRITING RESTART VELOCITIES
PRESSURE: 1670000 2092.28 120.868 85.2132 120.868 -1643.18 -203.603 85.2132 -203.604 -242.531
GPRESSURE: 1670000 2140.69 165.035 69.5475 184.247 -1676.23 -114.687 134.794 -329.864 -254.959
PRESSAVG: 1670000 1886.45 2.19688 70.7993 2.19688 -2046.31 -20.5672 70.7993 -20.5672 -110.938
GPRESSAVG: 1670000 1883.98 -23.2127 93.9566 -5.26314 -2036.58 -36.2604 73.3708 -30.2178 -118.628
TIMING: 1670000  CPU: 1486.68, 0.000889415/step  Wall: 1486.92, 0.000889581/step, 388.497 ns/days, 0.822863 hours remaining, 0.000000 MB of memory in use.
PERFORMANCE: 1670000  averaging 388.158 ns/day, 0.000890359 sec/step with standard deviation 2.21471e-06
ENERGY: 1670000        16.9279        38.2622        29.3307         0.7315         -51128.9014    -85468.7820         0.0000         0.0000     10511.4328        -126000.9983       296.9263   -136512.4311   -125906.3955       297.2536             68.8560        69.8343    180753.5784       -90.2662       -90.4105

WRITING EXTENDED SYSTEM TO RESTART FILE AT STEP 1670000
WRITING COORDINATES TO DCD FILE ../output/02_eq_2_CLKW.0.dcd AT STEP 1670000
WRITING COORDINATES TO RESTART FILE AT STEP 1670000
FINISHED WRITING RESTART COORDINATES
WRITING VELOCITIES TO RESTART FILE AT STEP 1670000
FINISHED WRITING RESTART VELOCITIES
PRESSURE: 1680000 2195.25 32.8815 396.404 32.8796 -1680.7 -51.1661 396.403 -51.1655 -187.463
GPRESSURE: 1680000 2132.84 -4.74476 356.716 -10.303 -1656.18 -55.7877 395.413 -106.422 -166.439
PRESSAVG: 1680000 1918.2 9.26459 105 9.26459 -1998.51 -23.5263 105 -23.5263 -141.922
GPRESSAVG: 1680000 1916.7 -11.8603 131.348 -2.56845 -1989.69 -40.954 94.892 -37.0456 -150.916
TIMING: 1680000  CPU: 1495.58, 0.000890235/step  Wall: 1495.82, 0.000890441/step, 388.122 ns/days, 0.821185 hours remaining, 0.000000 MB of memory in use.
PERFORMANCE: 1680000  averaging 388.158 ns/day, 0.000890359 sec/step with standard deviation 2.20807e-06
ENERGY: 1680000        11.5838        50.3593        36.0016         1.9922         -51012.8809    -85592.3801         0.0000         0.0000     10436.1036        -126069.2204       294.7984   -136505.3240   -125910.9162       297.1853            109.0260       103.4100    180564.4816       -74.0764       -74.6356

WRITING EXTENDED SYSTEM TO RESTART FILE AT STEP 1680000
WRITING COORDINATES TO DCD FILE ../output/02_eq_2_CLKW.0.dcd AT STEP 1680000
WRITING COORDINATES TO RESTART FILE AT STEP 1680000
FINISHED WRITING RESTART COORDINATES
WRITING VELOCITIES TO RESTART FILE AT STEP 1680000
FINISHED WRITING RESTART VELOCITIES
PRESSURE: 1690000 1451.34 -139.702 56.5374 -139.703 -2554.61 121.638 56.5362 121.64 588.874
GPRESSURE: 1690000 1459.82 -40.9672 151.668 -250.602 -2525.13 40.7056 21.7366 272.096 561.419
PRESSAVG: 1690000 1908.11 15.6119 113.839 15.6119 -2021.44 -27.0648 113.839 -27.0648 -134.328
GPRESSAVG: 1690000 1908.68 -0.577633 145.634 -3.25125 -2013.13 -50.092 98.8353 -29.4552 -144.011
TIMING: 1690000  CPU: 1504.47, 0.00088859/step  Wall: 1504.71, 0.000888824/step, 388.829 ns/days, 0.817224 hours remaining, 0.000000 MB of memory in use.
PERFORMANCE: 1690000  averaging 388.162 ns/day, 0.00089035 sec/step with standard deviation 2.20466e-06
ENERGY: 1690000        15.4364        44.1989        27.5881         1.6205         -51125.9221    -85368.0014         0.0000         0.0000     10555.1138        -125849.9658       298.1602   -136405.0796   -125898.4802       297.2765           -171.4654      -167.9636    180468.0324       -82.5500       -82.8182

WRITING EXTENDED SYSTEM TO RESTART FILE AT STEP 1690000
WRITING COORDINATES TO DCD FILE ../output/02_eq_2_CLKW.0.dcd AT STEP 1690000
WRITING COORDINATES TO RESTART FILE AT STEP 1690000
FINISHED WRITING RESTART COORDINATES
WRITING VELOCITIES TO RESTART FILE AT STEP 1690000
FINISHED WRITING RESTART VELOCITIES
PRESSURE: 1700000 1879.92 132.895 207.231 132.896 -1778.28 -426.312 207.231 -426.311 -19.7417
GPRESSURE: 1700000 1840.91 138.099 152.627 41.7223 -1748.79 -420.661 339.108 -298.8 -0.446627
PRESSAVG: 1700000 1952.48 12.3979 110.129 12.3979 -2002.55 -49.8657 110.129 -49.8657 -130.102
GPRESSAVG: 1700000 1951.35 -4.42553 138.36 -10.683 -1991.13 -76.8566 101.763 -40.2807 -140.367
TIMING: 1700000  CPU: 1513.39, 0.000892334/step  Wall: 1513.64, 0.000892441/step, 387.252 ns/days, 0.818071 hours remaining, 0.000000 MB of memory in use.
PERFORMANCE: 1700000  averaging 388.157 ns/day, 0.000890362 sec/step with standard deviation 2.20397e-06
ETITLE:      TS           BOND          ANGLE          DIHED          IMPRP               ELECT            VDW       BOUNDARY           MISC        KINETIC               TOTAL           TEMP      POTENTIAL       TOTALAVG        TEMPAVG            PRESSURE      GPRESSURE         VOLUME       PRESSAVG      GPRESSAVG

ENERGY: 1700000        11.1041        52.8483        29.0735         0.3079         -51350.4698    -85216.7351         0.0000         0.0000     10441.4381        -126032.4331       294.9491   -136473.8712   -125912.4117       297.1753             27.2991        30.5589    180150.4242       -60.0588       -60.0498

WRITING EXTENDED SYSTEM TO RESTART FILE AT STEP 1700000
WRITING COORDINATES TO DCD FILE ../output/02_eq_2_CLKW.0.dcd AT STEP 1700000
WRITING COORDINATES TO RESTART FILE AT STEP 1700000
FINISHED WRITING RESTART COORDINATES
WRITING VELOCITIES TO RESTART FILE AT STEP 1700000
FINISHED WRITING RESTART VELOCITIES
PRESSURE: 1710000 1848.09 -122.341 -93.7573 -122.343 -2052.73 -108.069 -93.7553 -108.07 -381.046
GPRESSURE: 1710000 1866.86 -26.0994 -113.752 -78.8135 -2119.34 -154.979 -121.953 -202.25 -345.439
PRESSAVG: 1710000 1929.69 6.59359 118.091 6.59359 -2036.7 -50.6809 118.091 -50.6809 -194.591
GPRESSAVG: 1710000 1931.26 -4.6085 144.258 -8.18151 -2029.23 -80.2324 108.549 -44.0391 -203.632
TIMING: 1710000  CPU: 1522.31, 0.0008916/step  Wall: 1522.55, 0.000891809/step, 387.527 ns/days, 0.815015 hours remaining, 0.000000 MB of memory in use.
PERFORMANCE: 1710000  averaging 388.153 ns/day, 0.000890371 sec/step with standard deviation 2.20026e-06
ENERGY: 1710000        14.7571        49.7795        32.7748         1.1656         -50863.9822    -85469.9554         0.0000         0.0000     10453.1936        -125782.2671       295.2812   -136235.4607   -125899.3085       297.1382           -195.2291      -199.3071    180674.7841      -100.5349      -100.5322

WRITING EXTENDED SYSTEM TO RESTART FILE AT STEP 1710000
WRITING COORDINATES TO DCD FILE ../output/02_eq_2_CLKW.0.dcd AT STEP 1710000
WRITING COORDINATES TO RESTART FILE AT STEP 1710000
FINISHED WRITING RESTART COORDINATES
WRITING VELOCITIES TO RESTART FILE AT STEP 1710000
FINISHED WRITING RESTART VELOCITIES
PRESSURE: 1720000 2786.52 -312.522 -54.3185 -312.519 -1501.8 425.71 -54.3184 425.71 -169.656
GPRESSURE: 1720000 2778.75 -436.64 -127.848 -148.973 -1517.25 540.842 104.443 374.785 -132.653
PRESSAVG: 1720000 1996.9 5.00827 109.703 5.00827 -1992.49 0.198583 109.703 0.198583 -192.101
GPRESSAVG: 1720000 2000.59 -15.077 135.661 -0.770125 -1990.03 -22.1172 110.676 4.90864 -198.276
TIMING: 1720000  CPU: 1531.21, 0.000890133/step  Wall: 1531.46, 0.000890329/step, 388.171 ns/days, 0.811189 hours remaining, 0.000000 MB of memory in use.
PERFORMANCE: 1720000  averaging 388.153 ns/day, 0.000890371 sec/step with standard deviation 2.19382e-06
ENERGY: 1720000        15.4242        35.7864        32.4361         1.7514         -51250.8110    -85439.1306         0.0000         0.0000     10485.9653        -126118.5782       296.2069   -136604.5435   -125912.9998       296.9778            371.6903       376.2809    179830.2705       -62.5639       -62.5705

WRITING EXTENDED SYSTEM TO RESTART FILE AT STEP 1720000
WRITING COORDINATES TO DCD FILE ../output/02_eq_2_CLKW.0.dcd AT STEP 1720000
WRITING COORDINATES TO RESTART FILE AT STEP 1720000
FINISHED WRITING RESTART COORDINATES
WRITING VELOCITIES TO RESTART FILE AT STEP 1720000
FINISHED WRITING RESTART VELOCITIES
PRESSURE: 1730000 2595.26 57.2444 -117.271 57.2426 -1266.03 -110.857 -117.271 -110.856 190.644
GPRESSURE: 1730000 2519.72 -115.533 -211.004 32.7479 -1303.03 -141.066 -163.052 -26.5945 301.656
PRESSAVG: 1730000 1994.38 17.2412 104.513 17.2412 -1997.97 -8.07899 104.513 -8.07899 -190.226
GPRESSAVG: 1730000 1990.08 -10.3955 121.28 3.81476 -1990.72 -33.2288 105.536 -1.54199 -192.745
TIMING: 1730000  CPU: 1540.1, 0.000889517/step  Wall: 1540.36, 0.000889708/step, 388.442 ns/days, 0.808152 hours remaining, 0.000000 MB of memory in use.
PERFORMANCE: 1730000  averaging 388.155 ns/day, 0.000890367 sec/step with standard deviation 2.18802e-06
ENERGY: 1730000        15.2376        55.2264        33.2174         2.7596         -51071.0652    -85463.8190         0.0000         0.0000     10434.9976        -125993.4455       294.7672   -136428.4432   -125915.0801       296.9033            506.6253       506.1186    180037.7036       -64.6076       -64.4624

WRITING EXTENDED SYSTEM TO RESTART FILE AT STEP 1730000
WRITING COORDINATES TO DCD FILE ../output/02_eq_2_CLKW.0.dcd AT STEP 1730000
WRITING COORDINATES TO RESTART FILE AT STEP 1730000
FINISHED WRITING RESTART COORDINATES
WRITING VELOCITIES TO RESTART FILE AT STEP 1730000
FINISHED WRITING RESTART VELOCITIES
PRESSURE: 1740000 1712.15 253.609 -44.6255 253.61 -1972.19 1.72996 -44.6235 1.73039 -245.267
GPRESSURE: 1740000 1796.19 243.752 22.045 212.833 -2062.14 -29.6068 -42.4626 -69.0326 -234.827
PRESSAVG: 1740000 1997.37 22.2327 81.6422 22.2327 -1976.35 -11.8617 81.6422 -11.8617 -210.108
GPRESSAVG: 1740000 1998.23 -4.08159 100.771 10.5997 -1976.46 -40.4112 82.5238 -7.10553 -210.086
TIMING: 1740000  CPU: 1549.02, 0.000891738/step  Wall: 1549.27, 0.000891816/step, 387.524 ns/days, 0.807589 hours remaining, 0.000000 MB of memory in use.
PERFORMANCE: 1740000  averaging 388.151 ns/day, 0.000890375 sec/step with standard deviation 2.18445e-06
ENERGY: 1740000        17.0449        49.6615        29.0081         0.9366         -51191.1554    -85352.1117         0.0000         0.0000     10503.4145        -125943.2015       296.6998   -136446.6160   -125912.4278       297.0138           -168.4380      -166.9251    181633.5931       -63.0296       -62.7727

WRITING EXTENDED SYSTEM TO RESTART FILE AT STEP 1740000
WRITING COORDINATES TO DCD FILE ../output/02_eq_2_CLKW.0.dcd AT STEP 1740000
WRITING COORDINATES TO RESTART FILE AT STEP 1740000
FINISHED WRITING RESTART COORDINATES
WRITING VELOCITIES TO RESTART FILE AT STEP 1740000
FINISHED WRITING RESTART VELOCITIES
PRESSURE: 1750000 2181.65 44.4683 196.807 44.4682 -1855.55 -12.4781 196.808 -12.477 -528.041
GPRESSURE: 1750000 2191.64 159.453 258.238 -157.296 -1841.2 -16.3604 119.599 -8.42092 -551.945
PRESSAVG: 1750000 2009.46 27.3151 101.007 27.3151 -1966.69 -19.9777 101.007 -19.9777 -185.651
GPRESSAVG: 1750000 2007.85 5.58748 117.491 12.7719 -1966.63 -46.5349 101.152 -11.0912 -183.458
TIMING: 1750000  CPU: 1557.94, 0.000892537/step  Wall: 1558.2, 0.000892758/step, 387.115 ns/days, 0.805963 hours remaining, 0.000000 MB of memory in use.
PERFORMANCE: 1750000  averaging 388.145 ns/day, 0.000890389 sec/step with standard deviation 2.1856e-06
ENERGY: 1750000        18.5356        43.3577        26.3330         0.7693         -51141.6540    -85403.7256         0.0000         0.0000     10709.1341        -125747.2500       302.5110   -136456.3840   -125901.3868       297.2225            -67.3139       -67.1686    180715.5841       -47.6260       -47.4132

WRITING EXTENDED SYSTEM TO RESTART FILE AT STEP 1750000
WRITING COORDINATES TO DCD FILE ../output/02_eq_2_CLKW.0.dcd AT STEP 1750000
WRITING COORDINATES TO RESTART FILE AT STEP 1750000
FINISHED WRITING RESTART COORDINATES
WRITING VELOCITIES TO RESTART FILE AT STEP 1750000
FINISHED WRITING RESTART VELOCITIES
PRESSURE: 1760000 1369.33 37.2668 -155.163 37.2678 -2144.4 -265.683 -155.163 -265.682 154.727
GPRESSURE: 1760000 1325.9 60.8882 -195.246 76.4336 -2111.23 -235.163 -137.772 -299.397 159.017
PRESSAVG: 1760000 2000.55 28.4072 94.5906 28.4072 -1959.17 -14.404 94.5906 -14.404 -147.873
GPRESSAVG: 1760000 1997.23 11.5775 105.374 20.1789 -1959.93 -32.9186 95.9753 -11.4256 -143.598
TIMING: 1760000  CPU: 1566.85, 0.000890348/step  Wall: 1567.11, 0.000890511/step, 388.092 ns/days, 0.80146 hours remaining, 0.000000 MB of memory in use.
PERFORMANCE: 1760000  averaging 388.145 ns/day, 0.00089039 sec/step with standard deviation 2.17936e-06
ENERGY: 1760000        21.9987        42.4295        33.2207         0.3257         -51029.6968    -85406.4641         0.0000         0.0000     10479.1130        -125859.0732       296.0133   -136338.1862   -125906.2424       297.0200           -206.7782      -208.7708    181558.4270       -35.4979       -35.4325

WRITING EXTENDED SYSTEM TO RESTART FILE AT STEP 1760000
WRITING COORDINATES TO DCD FILE ../output/02_eq_2_CLKW.0.dcd AT STEP 1760000
WRITING COORDINATES TO RESTART FILE AT STEP 1760000
FINISHED WRITING RESTART COORDINATES
WRITING VELOCITIES TO RESTART FILE AT STEP 1760000
FINISHED WRITING RESTART VELOCITIES
PRESSURE: 1770000 2807.67 366.095 182.462 366.094 -1322.64 -108.927 182.461 -108.928 -463.632
GPRESSURE: 1770000 2827.03 539.999 151.208 254.811 -1367.11 47.7934 106.627 -162.71 -443.021
PRESSAVG: 1770000 2040.94 49.3325 99.0479 49.3325 -1922.94 -28.7398 99.0479 -28.7398 -158.653
GPRESSAVG: 1770000 2038.51 38.6291 104.364 42.8162 -1927.12 -34.6459 100.229 -35.6864 -152.527
TIMING: 1770000  CPU: 1575.76, 0.000891237/step  Wall: 1576.02, 0.000891382/step, 387.713 ns/days, 0.799768 hours remaining, 0.000000 MB of memory in use.
PERFORMANCE: 1770000  averaging 388.142 ns/day, 0.000890395 sec/step with standard deviation 2.17444e-06
ENERGY: 1770000        20.0104        45.7087        29.4104         2.9011         -51390.5534    -85358.4195         0.0000         0.0000     10522.1046        -126128.8378       297.2278   -136650.9423   -125915.2652       296.9829            340.4641       338.9678    180290.1809       -13.5509       -13.7131

WRITING EXTENDED SYSTEM TO RESTART FILE AT STEP 1770000
WRITING COORDINATES TO DCD FILE ../output/02_eq_2_CLKW.0.dcd AT STEP 1770000
WRITING COORDINATES TO RESTART FILE AT STEP 1770000
FINISHED WRITING RESTART COORDINATES
WRITING VELOCITIES TO RESTART FILE AT STEP 1770000
FINISHED WRITING RESTART VELOCITIES
PRESSURE: 1780000 1051.46 -117.074 225.356 -117.074 -2158.1 -141.179 225.358 -141.18 -528.696
GPRESSURE: 1780000 1036.15 -170.407 186.48 -71.3995 -2173.41 -125.562 257.186 -140.526 -496.261
PRESSAVG: 1780000 1976.57 32.962 90.3991 32.962 -1938.33 -38.4958 90.3991 -38.4958 -158.83
GPRESSAVG: 1780000 1976.04 17.4732 87.3275 29.3593 -1947.06 -42.331 101.374 -43.2764 -150.052
TIMING: 1780000  CPU: 1584.67, 0.000891436/step  Wall: 1584.94, 0.000891609/step, 387.614 ns/days, 0.797494 hours remaining, 0.000000 MB of memory in use.
PERFORMANCE: 1780000  averaging 388.139 ns/day, 0.000890402 sec/step with standard deviation 2.1702e-06
ENERGY: 1780000        11.3831        41.4482        27.4450         0.8381         -50946.3692    -85485.4276         0.0000         0.0000     10507.6637        -125843.0187       296.8198   -136350.6824   -125912.7678       296.9085           -545.1124      -544.5080    180836.9914       -40.1994       -40.3570

WRITING EXTENDED SYSTEM TO RESTART FILE AT STEP 1780000
WRITING COORDINATES TO DCD FILE ../output/02_eq_2_CLKW.0.dcd AT STEP 1780000
WRITING COORDINATES TO RESTART FILE AT STEP 1780000
FINISHED WRITING RESTART COORDINATES
WRITING VELOCITIES TO RESTART FILE AT STEP 1780000
FINISHED WRITING RESTART VELOCITIES
PRESSURE: 1790000 2093.56 107.992 267.745 107.995 -2121.19 -108.993 267.745 -108.994 -3.22604
GPRESSURE: 1790000 2082.68 123.795 216.817 101.223 -2050.43 10.2302 362.704 -245.385 -53.8633
PRESSAVG: 1790000 1974.19 38.4259 98.8978 38.4259 -1954 -43.7327 98.8978 -43.7327 -149.875
GPRESSAVG: 1790000 1969.91 26.8839 88.9449 35.9928 -1959.79 -41.5455 112.977 -53.8575 -140.967
TIMING: 1790000  CPU: 1593.58, 0.000890949/step  Wall: 1593.85, 0.000891037/step, 387.863 ns/days, 0.794508 hours remaining, 0.000000 MB of memory in use.
PERFORMANCE: 1790000  averaging 388.138 ns/day, 0.000890405 sec/step with standard deviation 2.16462e-06
ENERGY: 1790000        16.6584        48.8707        24.1183         0.4056         -51071.6736    -85491.1833         0.0000         0.0000     10547.3128        -125925.4910       297.9398   -136472.8038   -125924.4754       296.9134            -10.2863        -7.2068    181082.7419       -43.2304       -43.6155

WRITING EXTENDED SYSTEM TO RESTART FILE AT STEP 1790000
WRITING COORDINATES TO DCD FILE ../output/02_eq_2_CLKW.0.dcd AT STEP 1790000
WRITING COORDINATES TO RESTART FILE AT STEP 1790000
FINISHED WRITING RESTART COORDINATES
WRITING VELOCITIES TO RESTART FILE AT STEP 1790000
FINISHED WRITING RESTART VELOCITIES
PRESSURE: 1800000 790.079 -55.6883 -102.199 -55.6887 -2890.49 52.4654 -102.2 52.4654 -537.116
GPRESSURE: 1800000 868.13 -113.84 -85.2985 0.205667 -2924.44 87.6766 -287.041 -122.847 -575.423
PRESSAVG: 1800000 1926.09 25.0912 74.9116 25.0912 -1998.44 -36.8439 74.9116 -36.8439 -150.33
GPRESSAVG: 1800000 1925.37 15.9062 65.7926 21.6941 -2005.09 -28.6735 79.3649 -59.407 -143.412
TIMING: 1800000  CPU: 1602.5, 0.000891804/step  Wall: 1602.77, 0.000892/step, 387.444 ns/days, 0.792889 hours remaining, 0.000000 MB of memory in use.
PERFORMANCE: 1800000  averaging 388.134 ns/day, 0.000890414 sec/step with standard deviation 2.16183e-06
ETITLE:      TS           BOND          ANGLE          DIHED          IMPRP               ELECT            VDW       BOUNDARY           MISC        KINETIC               TOTAL           TEMP      POTENTIAL       TOTALAVG        TEMPAVG            PRESSURE      GPRESSURE         VOLUME       PRESSAVG      GPRESSAVG

ENERGY: 1800000        14.4271        50.1234        30.7790         1.8602         -50778.1877    -85660.6540         0.0000         0.0000     10419.2580        -125922.3940       294.3226   -136341.6520   -125930.2316       296.8981           -879.1756      -877.2435    181811.5284       -74.2245       -74.3763

WRITING EXTENDED SYSTEM TO RESTART FILE AT STEP 1800000
WRITING COORDINATES TO DCD FILE ../output/02_eq_2_CLKW.0.dcd AT STEP 1800000
WRITING COORDINATES TO RESTART FILE AT STEP 1800000
FINISHED WRITING RESTART COORDINATES
WRITING VELOCITIES TO RESTART FILE AT STEP 1800000
FINISHED WRITING RESTART VELOCITIES
PRESSURE: 1810000 1180.17 115.001 205.956 115.001 -2022.27 -213.104 205.958 -213.104 14.4238
GPRESSURE: 1810000 1182.61 64.6662 357.075 194.193 -2023.58 -8.08476 98.5573 -397.205 30.8237
PRESSAVG: 1810000 1887.19 24.3904 95.0687 24.3904 -1992.86 -47.4549 95.0687 -47.4549 -151.157
GPRESSAVG: 1810000 1887.78 20.3444 92.2154 17.5552 -2003.6 -25.0862 92.512 -89.9382 -140.449
TIMING: 1810000  CPU: 1611.41, 0.000890293/step  Wall: 1611.67, 0.000890456/step, 388.116 ns/days, 0.789043 hours remaining, 0.000000 MB of memory in use.
PERFORMANCE: 1810000  averaging 388.134 ns/day, 0.000890415 sec/step with standard deviation 2.15582e-06
ENERGY: 1810000        21.8145        45.5952        24.0427         2.5246         -50753.0069    -85519.1949         0.0000         0.0000     10510.6214        -125667.6034       296.9034   -136178.2248   -125912.4230       296.9517           -275.8922      -270.0492    181947.1043       -85.6081       -85.4230

WRITING EXTENDED SYSTEM TO RESTART FILE AT STEP 1810000
WRITING COORDINATES TO DCD FILE ../output/02_eq_2_CLKW.0.dcd AT STEP 1810000
WRITING COORDINATES TO RESTART FILE AT STEP 1810000
FINISHED WRITING RESTART COORDINATES
WRITING VELOCITIES TO RESTART FILE AT STEP 1810000
FINISHED WRITING RESTART VELOCITIES
PRESSURE: 1820000 1604.79 -142.877 -194.803 -142.875 -2080.72 -53.9172 -194.806 -53.9167 123.156
GPRESSURE: 1820000 1546.05 -153.982 -252.299 -205.627 -2046.33 -22.5299 -151.754 -125.836 157.304
PRESSAVG: 1820000 1858.29 28.7041 80.1765 28.7041 -1995.5 -49.5104 80.1765 -49.5104 -180.208
GPRESSAVG: 1820000 1857.04 22.5852 75.2999 21.8808 -2004.34 -28.5336 79.0225 -92.6557 -168.515
TIMING: 1820000  CPU: 1620.31, 0.000890122/step  Wall: 1620.57, 0.000890265/step, 388.199 ns/days, 0.786401 hours remaining, 0.000000 MB of memory in use.
PERFORMANCE: 1820000  averaging 388.134 ns/day, 0.000890414 sec/step with standard deviation 2.14988e-06
ENERGY: 1820000        13.8819        58.9826        26.0466         1.1112         -51114.2555    -85309.9692         0.0000         0.0000     10574.6776        -125749.5248       298.7128   -136324.2024   -125903.7950       296.9383           -117.5931      -114.3264    180879.1873      -105.8079      -105.2710

WRITING EXTENDED SYSTEM TO RESTART FILE AT STEP 1820000
WRITING COORDINATES TO DCD FILE ../output/02_eq_2_CLKW.0.dcd AT STEP 1820000
WRITING COORDINATES TO RESTART FILE AT STEP 1820000
FINISHED WRITING RESTART COORDINATES
WRITING VELOCITIES TO RESTART FILE AT STEP 1820000
FINISHED WRITING RESTART VELOCITIES
PRESSURE: 1830000 2346.36 254.107 266.23 254.107 -1823.4 -124.502 266.231 -124.501 835.055
GPRESSURE: 1830000 2365.14 155.537 321.896 301.562 -1832.52 -106.905 228.226 -34.1442 818.297
PRESSAVG: 1830000 1896.6 40.3839 92.6068 40.3839 -1953.17 -54.7737 92.6068 -54.7737 -130.314
GPRESSAVG: 1830000 1896.06 29.0284 89.0813 36.7527 -1962.68 -33.2642 92.0316 -88.3852 -119.068
TIMING: 1830000  CPU: 1629.21, 0.000890613/step  Wall: 1629.48, 0.000890829/step, 387.953 ns/days, 0.784425 hours remaining, 0.000000 MB of memory in use.
PERFORMANCE: 1830000  averaging 388.133 ns/day, 0.000890416 sec/step with standard deviation 2.14419e-06
ENERGY: 1830000        14.8927        48.6304        29.0430         0.9571         -50955.8636    -85306.4408         0.0000         0.0000     10499.3600        -125669.4211       296.5853   -136168.7811   -125890.5408       296.9122            452.6726       450.3064    180810.5180       -62.2939       -61.8960

WRITING EXTENDED SYSTEM TO RESTART FILE AT STEP 1830000
WRITING COORDINATES TO DCD FILE ../output/02_eq_2_CLKW.0.dcd AT STEP 1830000
WRITING COORDINATES TO RESTART FILE AT STEP 1830000
FINISHED WRITING RESTART COORDINATES
WRITING VELOCITIES TO RESTART FILE AT STEP 1830000
FINISHED WRITING RESTART VELOCITIES
PRESSURE: 1840000 1553.44 -124.212 -111.801 -124.21 -2544.06 113.51 -111.802 113.51 -248.013
GPRESSURE: 1840000 1537.32 50.0338 -149.436 -143.942 -2511.3 -36.6918 -101.818 236.168 -272.269
PRESSAVG: 1840000 1894.95 26.8088 79.1688 26.8088 -1975.08 -55.8375 79.1688 -55.8375 -140.592
GPRESSAVG: 1840000 1891.71 26.5407 76.6194 20.9445 -1979.4 -35.3464 70.8692 -82.8576 -132.444
TIMING: 1840000  CPU: 1638.12, 0.000890551/step  Wall: 1638.39, 0.000890588/step, 388.058 ns/days, 0.781739 hours remaining, 0.000000 MB of memory in use.
PERFORMANCE: 1840000  averaging 388.133 ns/day, 0.000890417 sec/step with standard deviation 2.13836e-06
ENERGY: 1840000        16.0998        46.1627        27.7241         1.0896         -51113.6617    -85412.3543         0.0000         0.0000     10514.6435        -125920.2962       297.0170   -136434.9398   -125897.0454       296.8064           -412.8797      -415.4163    181597.1817       -73.5741       -73.3778

WRITING EXTENDED SYSTEM TO RESTART FILE AT STEP 1840000
WRITING COORDINATES TO DCD FILE ../output/02_eq_2_CLKW.0.dcd AT STEP 1840000
WRITING COORDINATES TO RESTART FILE AT STEP 1840000
FINISHED WRITING RESTART COORDINATES
WRITING VELOCITIES TO RESTART FILE AT STEP 1840000
FINISHED WRITING RESTART VELOCITIES
PRESSURE: 1850000 1717.02 -160.188 144.063 -160.189 -1967.2 119.959 144.065 119.958 -1437.52
GPRESSURE: 1850000 1706.62 -139.36 188.738 -111.373 -1971.68 74.1202 214.229 110.446 -1416.7
PRESSAVG: 1850000 1889.37 13.4638 78.0817 13.4638 -1969.29 -38.295 78.0817 -38.295 -203.136
GPRESSAVG: 1850000 1889.03 19.1302 77.6568 10.399 -1976.45 -23.81 75.0357 -67.0852 -193.819
TIMING: 1850000  CPU: 1647.02, 0.000890494/step  Wall: 1647.29, 0.000890696/step, 388.011 ns/days, 0.779359 hours remaining, 0.000000 MB of memory in use.
PERFORMANCE: 1850000  averaging 388.132 ns/day, 0.000890418 sec/step with standard deviation 2.13264e-06
ENERGY: 1850000        25.1926        40.8588        32.8725         0.6465         -50823.7336    -85549.5558         0.0000         0.0000     10561.5757        -125712.1433       298.3427   -136273.7189   -125886.6542       296.9080           -562.5669      -560.5880    182550.0856       -94.3518       -93.7492

WRITING EXTENDED SYSTEM TO RESTART FILE AT STEP 1850000
WRITING COORDINATES TO DCD FILE ../output/02_eq_2_CLKW.0.dcd AT STEP 1850000
WRITING COORDINATES TO RESTART FILE AT STEP 1850000
FINISHED WRITING RESTART COORDINATES
WRITING VELOCITIES TO RESTART FILE AT STEP 1850000
FINISHED WRITING RESTART VELOCITIES
PRESSURE: 1860000 1840.01 206.699 -109.462 206.699 -1981.69 65.4303 -109.462 65.4305 -59.9099
GPRESSURE: 1860000 1784.65 278.766 -128.424 116.959 -1989.76 -10.7828 -122.751 138.893 10.7315
PRESSAVG: 1860000 1854.82 27.7263 62.5305 27.7263 -1968.06 -51.4173 62.5305 -51.4173 -157.249
GPRESSAVG: 1860000 1849.49 38.9226 58.4874 16.9304 -1972.55 -33.875 62.701 -71.8523 -145.25
TIMING: 1860000  CPU: 1655.91, 0.00088842/step  Wall: 1656.18, 0.00088861/step, 388.922 ns/days, 0.775065 hours remaining, 0.000000 MB of memory in use.
PERFORMANCE: 1860000  averaging 388.136 ns/day, 0.000890409 sec/step with standard deviation 2.131e-06
ENERGY: 1860000        16.7397        43.7836        25.6663         2.0435         -51164.1096    -85482.8763         0.0000         0.0000     10461.5030        -126097.2498       295.5159   -136558.7527   -125901.6207       296.7850            -67.1951       -64.7953    180762.0272       -90.1646       -89.4396

WRITING EXTENDED SYSTEM TO RESTART FILE AT STEP 1860000
WRITING COORDINATES TO DCD FILE ../output/02_eq_2_CLKW.0.dcd AT STEP 1860000
WRITING COORDINATES TO RESTART FILE AT STEP 1860000
FINISHED WRITING RESTART COORDINATES
WRITING VELOCITIES TO RESTART FILE AT STEP 1860000
FINISHED WRITING RESTART VELOCITIES
PRESSURE: 1870000 1887.23 94.0303 128.789 94.0318 -1834.2 -146.301 128.791 -146.299 -198.438
GPRESSURE: 1870000 1950.27 121.126 73.4994 186.005 -1890.71 -223.643 203.789 -224.881 -196.454
PRESSAVG: 1870000 1844.56 26.3846 64.7094 26.3846 -1977.61 -48.552 64.7094 -48.552 -155.044
GPRESSAVG: 1870000 1839.96 36.7271 58.685 17.0183 -1983.28 -39.3228 66.1507 -66.6032 -142.324
TIMING: 1870000  CPU: 1664.79, 0.000888181/step  Wall: 1665.07, 0.00088845/step, 388.992 ns/days, 0.772458 hours remaining, 0.000000 MB of memory in use.
PERFORMANCE: 1870000  averaging 388.141 ns/day, 0.000890398 sec/step with standard deviation 2.13008e-06
ENERGY: 1870000        18.9853        46.8374        24.5377         2.3021         -51271.1349    -85342.3469         0.0000         0.0000     10402.6910        -126118.1282       293.8546   -136520.8192   -125907.4772       296.6314            -48.4688       -45.6335    182221.9986       -96.0309       -95.2130

WRITING EXTENDED SYSTEM TO RESTART FILE AT STEP 1870000
WRITING COORDINATES TO DCD FILE ../output/02_eq_2_CLKW.0.dcd AT STEP 1870000
WRITING COORDINATES TO RESTART FILE AT STEP 1870000
FINISHED WRITING RESTART COORDINATES
WRITING VELOCITIES TO RESTART FILE AT STEP 1870000
FINISHED WRITING RESTART VELOCITIES
PRESSURE: 1880000 1765.57 -95.0166 125.255 -95.0172 -1961.18 -270.203 125.256 -270.204 491.124
GPRESSURE: 1880000 1737.48 -163.577 112.527 -56.577 -1934.67 -254.207 165.62 -227.889 500.432
PRESSAVG: 1880000 1823.08 19.9897 51.152 19.9897 -1991.64 -59.504 51.152 -59.504 -121.115
GPRESSAVG: 1880000 1820.2 28.7855 46.4755 14.7046 -1997.2 -49.2437 54.6611 -72.6765 -108.981
TIMING: 1880000  CPU: 1673.67, 0.000888517/step  Wall: 1673.95, 0.000888657/step, 388.901 ns/days, 0.77017 hours remaining, 0.000000 MB of memory in use.
PERFORMANCE: 1880000  averaging 388.145 ns/day, 0.000890389 sec/step with standard deviation 2.12817e-06
ENERGY: 1880000        11.2227        31.6961        28.3489         0.8414         -51161.2367    -85354.1534         0.0000         0.0000     10494.4012        -125948.8799       296.4452   -136443.2810   -125901.4601       296.7138             98.5049       101.0800    180854.5166       -96.5569       -95.3295

WRITING EXTENDED SYSTEM TO RESTART FILE AT STEP 1880000
WRITING COORDINATES TO DCD FILE ../output/02_eq_2_CLKW.0.dcd AT STEP 1880000
WRITING COORDINATES TO RESTART FILE AT STEP 1880000
FINISHED WRITING RESTART COORDINATES
WRITING VELOCITIES TO RESTART FILE AT STEP 1880000
FINISHED WRITING RESTART VELOCITIES
PRESSURE: 1890000 1991.43 123.73 -117.371 123.732 -2397.48 110.552 -117.37 110.553 -312.314
GPRESSURE: 1890000 1974.32 98.9331 -368.726 261.979 -2376.27 100.38 40.52 103.145 -313.818
PRESSAVG: 1890000 1850.09 33.1615 42.4567 33.1615 -1983.78 -60.0583 42.4567 -60.0583 -166.174
GPRESSAVG: 1890000 1845.92 35.7805 20.4558 40.3336 -1989.76 -46.26 55.6003 -81.124 -152.743
TIMING: 1890000  CPU: 1682.57, 0.000889287/step  Wall: 1682.85, 0.000889511/step, 388.528 ns/days, 0.768438 hours remaining, 0.000000 MB of memory in use.
PERFORMANCE: 1890000  averaging 388.147 ns/day, 0.000890384 sec/step with standard deviation 2.12346e-06
ENERGY: 1890000        11.2473        58.2475        31.6294         0.4605         -51149.3927    -85358.7973         0.0000         0.0000     10509.4395        -125897.1657       296.8700   -136406.6053   -125903.8201       296.6493           -239.4539      -238.5892    180841.6162       -99.9563       -98.8608

WRITING EXTENDED SYSTEM TO RESTART FILE AT STEP 1890000
WRITING COORDINATES TO DCD FILE ../output/02_eq_2_CLKW.0.dcd AT STEP 1890000
WRITING COORDINATES TO RESTART FILE AT STEP 1890000
FINISHED WRITING RESTART COORDINATES
WRITING VELOCITIES TO RESTART FILE AT STEP 1890000
FINISHED WRITING RESTART VELOCITIES
PRESSURE: 1900000 1848.82 -51.6162 -7.35892 -51.6167 -2043.22 -210.911 -7.35767 -210.909 -282.064
GPRESSURE: 1900000 1793.72 -117.315 -10.5994 -105.444 -2038.17 -187.744 46.0914 -233.257 -238.719
PRESSAVG: 1900000 1848.53 23.9358 31.7272 23.9358 -1997.03 -49.2882 31.7272 -49.2882 -179.29
GPRESSAVG: 1900000 1843.56 23.0098 12.2945 32.9753 -2004.23 -34.6142 40.9494 -77.8469 -164.656
TIMING: 1900000  CPU: 1691.48, 0.000890995/step  Wall: 1691.76, 0.000891166/step, 387.807 ns/days, 0.767393 hours remaining, 0.000000 MB of memory in use.
PERFORMANCE: 1900000  averaging 388.145 ns/day, 0.000890388 sec/step with standard deviation 2.1186e-06
ETITLE:      TS           BOND          ANGLE          DIHED          IMPRP               ELECT            VDW       BOUNDARY           MISC        KINETIC               TOTAL           TEMP      POTENTIAL       TOTALAVG        TEMPAVG            PRESSURE      GPRESSURE         VOLUME       PRESSAVG      GPRESSAVG

ENERGY: 1900000        18.1950        42.0600        26.3715         1.5786         -50982.1151    -85475.2513         0.0000         0.0000     10596.2469        -125772.9144       299.3221   -136369.1613   -125890.8442       296.8679           -158.8199      -161.0571    181036.2558      -109.2623      -108.4416

WRITING EXTENDED SYSTEM TO RESTART FILE AT STEP 1900000
WRITING COORDINATES TO DCD FILE ../output/02_eq_2_CLKW.0.dcd AT STEP 1900000
WRITING COORDINATES TO RESTART FILE AT STEP 1900000
FINISHED WRITING RESTART COORDINATES
WRITING VELOCITIES TO RESTART FILE AT STEP 1900000
FINISHED WRITING RESTART VELOCITIES
PRESSURE: 1910000 1667.47 28.2964 -20.8841 28.2949 -1923.6 154.979 -20.8844 154.98 131.146
GPRESSURE: 1910000 1684.91 -74.8445 75.2334 199.263 -1919.2 297.018 -75.5894 183.074 108.882
PRESSAVG: 1910000 1839.5 31.4677 35.3708 31.4677 -1990.57 -36.1357 35.3708 -36.1357 -153.681
GPRESSAVG: 1910000 1834.46 20.5726 21.7438 46.8792 -1994.22 -12.0143 43.2676 -58.5807 -141.94
TIMING: 1910000  CPU: 1700.38, 0.000889991/step  Wall: 1700.66, 0.000890264/step, 388.199 ns/days, 0.764144 hours remaining, 0.000000 MB of memory in use.
PERFORMANCE: 1910000  averaging 388.145 ns/day, 0.000890388 sec/step with standard deviation 2.11303e-06
ENERGY: 1910000        16.3136        44.5305        32.8022         0.6971         -51194.4096    -85268.5155         0.0000         0.0000     10584.0578        -125784.5240       298.9778   -136368.5817   -125890.9570       297.0527            -41.6620       -41.8037    181467.1681      -101.5839      -100.5664

WRITING EXTENDED SYSTEM TO RESTART FILE AT STEP 1910000
WRITING COORDINATES TO DCD FILE ../output/02_eq_2_CLKW.0.dcd AT STEP 1910000
WRITING COORDINATES TO RESTART FILE AT STEP 1910000
FINISHED WRITING RESTART COORDINATES
WRITING VELOCITIES TO RESTART FILE AT STEP 1910000
FINISHED WRITING RESTART VELOCITIES
PRESSURE: 1920000 2013.47 26.6136 4.99511 26.6107 -1789.51 89.1037 4.99208 89.1033 248.792
GPRESSURE: 1920000 1951.11 117.124 -7.84166 -152.001 -1752.57 77.706 0.548929 55.3862 269.481
PRESSAVG: 1920000 1800.85 48.4242 38.3363 48.4242 -2004.96 -52.966 38.3363 -52.966 -132.758
GPRESSAVG: 1920000 1793.08 48.2608 27.7441 46.7278 -2005.99 -35.1711 38.0729 -74.5506 -121.834
TIMING: 1920000  CPU: 1709.28, 0.000890346/step  Wall: 1709.56, 0.000890327/step, 388.172 ns/days, 0.761724 hours remaining, 0.000000 MB of memory in use.
PERFORMANCE: 1920000  averaging 388.146 ns/day, 0.000890388 sec/step with standard deviation 2.1075e-06
ENERGY: 1920000        15.4726        46.9110        27.7287         2.0877         -50881.7653    -85460.0175         0.0000         0.0000     10443.5624        -125806.0204       295.0091   -136249.5828   -125875.3291       296.9929            157.5837       156.0084    181513.6487      -112.2893      -111.5800

WRITING EXTENDED SYSTEM TO RESTART FILE AT STEP 1920000
WRITING COORDINATES TO DCD FILE ../output/02_eq_2_CLKW.0.dcd AT STEP 1920000
WRITING COORDINATES TO RESTART FILE AT STEP 1920000
FINISHED WRITING RESTART COORDINATES
WRITING VELOCITIES TO RESTART FILE AT STEP 1920000
FINISHED WRITING RESTART VELOCITIES
PRESSURE: 1930000 2500.48 65.7108 -104.684 65.7083 -1588.41 300.362 -104.685 300.363 -451.529
GPRESSURE: 1930000 2523.23 47.6662 -116.326 48.6703 -1707.45 208.462 -173.736 259.994 -357.19
PRESSAVG: 1930000 1796.11 48.8475 38.9656 48.8475 -2021.08 -32.4051 38.9656 -32.4051 -164.867
GPRESSAVG: 1930000 1793.26 56.4207 32.478 47.5239 -2026.21 -17.6947 37.5387 -60.2212 -154.776
TIMING: 1930000  CPU: 1718.19, 0.000891364/step  Wall: 1718.48, 0.000891441/step, 387.687 ns/days, 0.760201 hours remaining, 0.000000 MB of memory in use.
PERFORMANCE: 1930000  averaging 388.143 ns/day, 0.000890393 sec/step with standard deviation 2.10337e-06
ENERGY: 1930000        18.9087        52.1533        29.0260         1.1023         -50861.8603    -85578.0245         0.0000         0.0000     10607.5838        -125731.1106       299.6424   -136338.6945   -125862.2124       297.2366            153.5118       152.8635    182355.5761      -129.9449      -129.2428

WRITING EXTENDED SYSTEM TO RESTART FILE AT STEP 1930000
WRITING COORDINATES TO DCD FILE ../output/02_eq_2_CLKW.0.dcd AT STEP 1930000
WRITING COORDINATES TO RESTART FILE AT STEP 1930000
FINISHED WRITING RESTART COORDINATES
WRITING VELOCITIES TO RESTART FILE AT STEP 1930000
FINISHED WRITING RESTART VELOCITIES
PRESSURE: 1940000 2465.57 43.8409 -50.2247 43.8413 -1622.83 135.538 -50.2259 135.538 222.069
GPRESSURE: 1940000 2454.94 -30.763 -107.26 -46.2561 -1650.6 176.12 -94.5005 116.212 248.603
PRESSAVG: 1940000 1833.78 38.3591 38.6855 38.3591 -2003.61 -25.7147 38.6855 -25.7147 -141.5
GPRESSAVG: 1940000 1826.19 42.695 26.0127 34.5695 -2005.63 -7.4084 34.9368 -50.9589 -130.605
TIMING: 1940000  CPU: 1727.11, 0.00089193/step  Wall: 1727.4, 0.000892048/step, 387.423 ns/days, 0.758241 hours remaining, 0.000000 MB of memory in use.
PERFORMANCE: 1940000  averaging 388.14 ns/day, 0.000890402 sec/step with standard deviation 2.10128e-06
ENERGY: 1940000        17.1924        49.0323        27.3600         0.6191         -51381.8739    -85201.2404         0.0000         0.0000     10458.0506        -126030.8599       295.4184   -136488.9105   -125866.5953       297.1725            354.9382       350.9785    180336.3677      -103.7761      -103.3476

WRITING EXTENDED SYSTEM TO RESTART FILE AT STEP 1940000
WRITING COORDINATES TO DCD FILE ../output/02_eq_2_CLKW.0.dcd AT STEP 1940000
WRITING COORDINATES TO RESTART FILE AT STEP 1940000
FINISHED WRITING RESTART COORDINATES
WRITING VELOCITIES TO RESTART FILE AT STEP 1940000
FINISHED WRITING RESTART VELOCITIES
PRESSURE: 1950000 2171.97 320.794 -1.69476 320.792 -1704.42 -243.226 -1.69493 -243.225 859.584
GPRESSURE: 1950000 2167.75 419.656 7.73212 362.586 -1702.29 -273.542 -193.831 -133.694 857.161
PRESSAVG: 1950000 1833.29 52.1753 28.7603 52.1753 -1996.05 -37.2521 28.7603 -37.2521 -72.1188
GPRESSAVG: 1950000 1825 55.7051 13.4875 60.5636 -1998.69 -20.2675 19.2653 -57.2226 -60.1492
TIMING: 1950000  CPU: 1736.05, 0.00089325/step  Wall: 1736.33, 0.000893366/step, 386.851 ns/days, 0.75688 hours remaining, 0.000000 MB of memory in use.
PERFORMANCE: 1950000  averaging 388.133 ns/day, 0.000890417 sec/step with standard deviation 2.10658e-06
ENERGY: 1950000        11.9708        47.2226        37.2273         2.8009         -50880.4702    -85457.0583         0.0000         0.0000     10560.3033        -125678.0036       298.3068   -136238.3069   -125863.1330       296.9623            442.3764       440.8733    181005.8471       -78.2916       -77.9455

WRITING EXTENDED SYSTEM TO RESTART FILE AT STEP 1950000
WRITING COORDINATES TO DCD FILE ../output/02_eq_2_CLKW.0.dcd AT STEP 1950000
WRITING COORDINATES TO RESTART FILE AT STEP 1950000
FINISHED WRITING RESTART COORDINATES
WRITING VELOCITIES TO RESTART FILE AT STEP 1950000
FINISHED WRITING RESTART VELOCITIES
PRESSURE: 1960000 2023.24 116.605 86.4354 116.606 -2182.17 -69.034 86.4369 -69.0317 -555.807
GPRESSURE: 1960000 2007.3 114.108 59.9276 101.946 -2182.47 -65.0953 154.275 -57.6654 -535.151
PRESSAVG: 1960000 1865.99 56.1422 40.8403 56.1422 -1997.94 -27.4196 40.8403 -27.4196 -107.646
GPRESSAVG: 1960000 1859.07 58.3661 26.2461 61.8392 -2002.25 -11.7641 33.8677 -45.136 -94.8576
TIMING: 1960000  CPU: 1744.99, 0.000894029/step  Wall: 1745.27, 0.000894169/step, 386.504 ns/days, 0.755076 hours remaining, 0.000000 MB of memory in use.
PERFORMANCE: 1960000  averaging 388.125 ns/day, 0.000890436 sec/step with standard deviation 2.1182e-06
ENERGY: 1960000        11.6562        49.6448        32.7496         1.2006         -51215.4491    -85387.1445         0.0000         0.0000     10490.1603        -126017.1820       296.3254   -136507.3424   -125871.0384       296.9779           -238.2461      -236.7758    180521.7619       -79.8650       -79.3457

WRITING EXTENDED SYSTEM TO RESTART FILE AT STEP 1960000
WRITING COORDINATES TO DCD FILE ../output/02_eq_2_CLKW.0.dcd AT STEP 1960000
WRITING COORDINATES TO RESTART FILE AT STEP 1960000
FINISHED WRITING RESTART COORDINATES
WRITING VELOCITIES TO RESTART FILE AT STEP 1960000
FINISHED WRITING RESTART VELOCITIES
PRESSURE: 1970000 1893.84 -108.937 69.9212 -108.937 -1672.92 -415.991 69.9192 -415.99 270.799
GPRESSURE: 1970000 1913.35 -130.791 -52.8566 0.189791 -1702.15 -292.578 223.832 -408.205 271.201
PRESSAVG: 1970000 1820.3 32.3906 35.2132 32.3906 -2015.45 -42.7726 35.2132 -42.7726 -70.924
GPRESSAVG: 1970000 1813.39 24.8266 16.0429 49.1081 -2019 -28.7827 39.7279 -57.4108 -59.1465
TIMING: 1970000  CPU: 1753.93, 0.000893954/step  Wall: 1754.21, 0.000894/step, 386.577 ns/days, 0.75245 hours remaining, 0.000000 MB of memory in use.
PERFORMANCE: 1970000  averaging 388.117 ns/day, 0.000890454 sec/step with standard deviation 2.12799e-06
ENERGY: 1970000        13.4960        47.6530        29.9429         0.5203         -51122.8505    -85432.5955         0.0000         0.0000     10434.3009        -126029.5331       294.7475   -136463.8340   -125866.0732       296.8539            163.9043       160.7998    180977.6261       -88.6930       -88.2541

WRITING EXTENDED SYSTEM TO RESTART FILE AT STEP 1970000
WRITING COORDINATES TO DCD FILE ../output/02_eq_2_CLKW.0.dcd AT STEP 1970000
WRITING COORDINATES TO RESTART FILE AT STEP 1970000
FINISHED WRITING RESTART COORDINATES
WRITING VELOCITIES TO RESTART FILE AT STEP 1970000
FINISHED WRITING RESTART VELOCITIES
PRESSURE: 1980000 2113.24 -88.7781 -81.086 -88.7776 -1731.85 143.611 -81.0845 143.611 420.82
GPRESSURE: 1980000 2087.03 11.7174 30.8099 -143.161 -1701.74 98.72 -37.3194 177.538 419.043
PRESSAVG: 1980000 1873.39 33.8054 19.8911 33.8054 -1994.14 -28.533 19.8911 -28.533 -23.4482
GPRESSAVG: 1980000 1865.93 33.9328 8.25941 45.52 -1995.42 -17.5686 25.0026 -41.5076 -13.3813
TIMING: 1980000  CPU: 1762.86, 0.000893691/step  Wall: 1763.15, 0.000893936/step, 386.605 ns/days, 0.749913 hours remaining, 0.000000 MB of memory in use.
PERFORMANCE: 1980000  averaging 388.109 ns/day, 0.000890472 sec/step with standard deviation 2.13696e-06
ENERGY: 1980000        27.0148        45.9427        31.9636         2.0383         -50997.6753    -85392.7026         0.0000         0.0000     10435.0345        -125848.3839       294.7682   -136283.4184   -125866.3415       296.7513            267.4059       268.1131    180796.2849       -48.0671       -47.6231

WRITING EXTENDED SYSTEM TO RESTART FILE AT STEP 1980000
WRITING COORDINATES TO DCD FILE ../output/02_eq_2_CLKW.0.dcd AT STEP 1980000
WRITING COORDINATES TO RESTART FILE AT STEP 1980000
FINISHED WRITING RESTART COORDINATES
WRITING VELOCITIES TO RESTART FILE AT STEP 1980000
FINISHED WRITING RESTART VELOCITIES
PRESSURE: 1990000 1983.37 -216.197 65.498 -216.197 -1740.65 190.03 65.496 190.029 123.317
GPRESSURE: 1990000 1944 -194.647 99.8258 -176.886 -1743.09 225.307 -28.0134 197.837 156.982
PRESSAVG: 1990000 1867.88 17.5958 9.77867 17.5958 -1975.11 -13.5819 9.77867 -13.5819 -17.121
GPRESSAVG: 1990000 1859 18.0107 2.40984 31.6146 -1980.05 -6.81474 5.46675 -19.3465 -2.83901
TIMING: 1990000  CPU: 1771.78, 0.000891888/step  Wall: 1772.07, 0.000892035/step, 387.429 ns/days, 0.745841 hours remaining, 0.000000 MB of memory in use.
PERFORMANCE: 1990000  averaging 388.106 ns/day, 0.000890479 sec/step with standard deviation 2.13444e-06
ENERGY: 1990000        17.0951        46.5267        25.8760         1.8153         -51366.5709    -85202.5302         0.0000         0.0000     10577.8110        -125899.9770       298.8013   -136477.7880   -125865.0658       296.7944            122.0129       119.2971    181120.5213       -41.4521       -41.2979

WRITING EXTENDED SYSTEM TO RESTART FILE AT STEP 1990000
WRITING COORDINATES TO DCD FILE ../output/02_eq_2_CLKW.0.dcd AT STEP 1990000
WRITING COORDINATES TO RESTART FILE AT STEP 1990000
FINISHED WRITING RESTART COORDINATES
WRITING VELOCITIES TO RESTART FILE AT STEP 1990000
FINISHED WRITING RESTART VELOCITIES
PRESSURE: 2000000 2045.17 -74.1178 -32.8126 -74.115 -1956.85 -72.75 -32.8131 -72.7487 -373.274
GPRESSURE: 2000000 2021.76 -140.408 76.2682 -87.3429 -1958.4 -108.94 -89.9851 -19.3421 -371.379
PRESSAVG: 2000000 1930.63 16.6745 13.248 16.6745 -1928.43 -19.8426 13.248 -19.8426 -8.92896
GPRESSAVG: 2000000 1916.68 16.6822 10.4882 27.2371 -1931.75 -16.6456 15.3195 -14.1713 7.3632
TIMING: 2000000  CPU: 1780.69, 0.000891324/step  Wall: 1780.99, 0.000891506/step, 387.659 ns/days, 0.742922 hours remaining, 0.000000 MB of memory in use.
PERFORMANCE: 2000000  averaging 388.103 ns/day, 0.000890485 sec/step with standard deviation 2.13031e-06
ETITLE:      TS           BOND          ANGLE          DIHED          IMPRP               ELECT            VDW       BOUNDARY           MISC        KINETIC               TOTAL           TEMP      POTENTIAL       TOTALAVG        TEMPAVG            PRESSURE      GPRESSURE         VOLUME       PRESSAVG      GPRESSAVG

ENERGY: 2000000        17.4528        42.5893        27.3262         0.6117         -51089.3992    -85494.0112         0.0000         0.0000     10430.7972        -126064.6331       294.6485   -136495.4303   -125872.1777       296.8107            -94.9816      -102.6743    180572.0224        -2.2424        -2.5694

WRITING EXTENDED SYSTEM TO RESTART FILE AT STEP 2000000
WRITING COORDINATES TO DCD FILE ../output/02_eq_2_CLKW.0.dcd AT STEP 2000000
WRITING COORDINATES TO RESTART FILE AT STEP 2000000
FINISHED WRITING RESTART COORDINATES
WRITING VELOCITIES TO RESTART FILE AT STEP 2000000
FINISHED WRITING RESTART VELOCITIES
PRESSURE: 2010000 1322.94 58.0117 351.057 58.0125 -2057.43 -156.022 351.058 -156.022 391.31
GPRESSURE: 2010000 1392.39 101.796 299.723 -35.1516 -2074.08 -131.17 367.47 -252.333 345.697
PRESSAVG: 2010000 1937.77 13.8251 20.503 13.8251 -1930.19 -16.9885 20.503 -16.9885 9.91536
GPRESSAVG: 2010000 1927.17 18.5387 7.62059 15.7699 -1934.27 -22.7998 28.7651 -6.92763 23.1069
TIMING: 2010000  CPU: 1789.6, 0.000890215/step  Wall: 1789.89, 0.000890444/step, 388.121 ns/days, 0.739563 hours remaining, 0.000000 MB of memory in use.
PERFORMANCE: 2010000  averaging 388.103 ns/day, 0.000890484 sec/step with standard deviation 2.12497e-06
ENERGY: 2010000        27.0056        53.7413        32.8229         1.6092         -51045.9784    -85440.7858         0.0000         0.0000     10469.0574        -125902.5278       295.7293   -136371.5852   -125883.9239       296.7520           -114.3937      -111.9999    181354.5551         5.8325         5.3330

WRITING EXTENDED SYSTEM TO RESTART FILE AT STEP 2010000
WRITING COORDINATES TO DCD FILE ../output/02_eq_2_CLKW.0.dcd AT STEP 2010000
WRITING COORDINATES TO RESTART FILE AT STEP 2010000
FINISHED WRITING RESTART COORDINATES
WRITING VELOCITIES TO RESTART FILE AT STEP 2010000
FINISHED WRITING RESTART VELOCITIES
PRESSURE: 2020000 1793.05 -112.223 249.693 -112.224 -2149.09 -137.571 249.693 -137.57 -198.917
GPRESSURE: 2020000 1809.85 -41.9491 250.355 -190.074 -2153.16 -119.605 277.319 -140.513 -225.799
PRESSAVG: 2020000 1947.19 15.3576 42.7279 15.3576 -1933.61 -21.1712 42.7279 -21.1712 -6.18829
GPRESSAVG: 2020000 1940.36 24.1404 32.7533 16.5475 -1939.62 -27.6536 50.2188 -7.66149 3.95174
TIMING: 2020000  CPU: 1798.51, 0.000890824/step  Wall: 1798.8, 0.000890994/step, 387.881 ns/days, 0.737545 hours remaining, 0.000000 MB of memory in use.
PERFORMANCE: 2020000  averaging 388.102 ns/day, 0.000890487 sec/step with standard deviation 2.11999e-06
ENERGY: 2020000        22.3678        48.1569        36.3503         1.4115         -50998.8941    -85459.0763         0.0000         0.0000     10399.3857        -125950.2980       293.7612   -136349.6838   -125893.9626       296.5044           -184.9853      -189.7045    181358.8795         2.4629         1.5641

WRITING EXTENDED SYSTEM TO RESTART FILE AT STEP 2020000
WRITING COORDINATES TO DCD FILE ../output/02_eq_2_CLKW.0.dcd AT STEP 2020000
WRITING COORDINATES TO RESTART FILE AT STEP 2020000
FINISHED WRITING RESTART COORDINATES
WRITING VELOCITIES TO RESTART FILE AT STEP 2020000
FINISHED WRITING RESTART VELOCITIES
PRESSURE: 2030000 1107.61 -220.328 -60.9821 -220.328 -2182.75 -355.036 -60.9798 -355.036 265.65
GPRESSURE: 2030000 1109.93 -116.524 -26.3734 -297.751 -2176.77 -388.823 -71.6839 -228.228 247.479
PRESSAVG: 2030000 1885.25 -8.36408 26.3674 -8.36408 -1951.58 -32.6979 26.3674 -32.6979 -34.6585
GPRESSAVG: 2030000 1877.6 10.5374 15.3399 -13.4181 -1956.83 -41.7495 35.2233 -17.3657 -24.5892
TIMING: 2030000  CPU: 1807.43, 0.000892628/step  Wall: 1807.73, 0.000892809/step, 387.093 ns/days, 0.736568 hours remaining, 0.000000 MB of memory in use.
PERFORMANCE: 2030000  averaging 388.097 ns/day, 0.000890498 sec/step with standard deviation 2.121e-06
ENERGY: 2030000        17.2375        38.5359        34.6663         0.9867         -50712.7610    -85523.4684         0.0000         0.0000     10483.2071        -125661.5958       296.1290   -136144.8029   -125893.5713       296.4816           -269.8286      -273.1195    182007.6047       -33.6622       -34.6072

WRITING EXTENDED SYSTEM TO RESTART FILE AT STEP 2030000
WRITING COORDINATES TO DCD FILE ../output/02_eq_2_CLKW.0.dcd AT STEP 2030000
WRITING COORDINATES TO RESTART FILE AT STEP 2030000
FINISHED WRITING RESTART COORDINATES
WRITING VELOCITIES TO RESTART FILE AT STEP 2030000
FINISHED WRITING RESTART VELOCITIES
PRESSURE: 2040000 2654.07 -2.29753 131.201 -2.29603 -1427.88 19.3957 131.199 19.3945 406.585
GPRESSURE: 2040000 2631.09 -86.2857 59.568 65.1124 -1376.74 -25.8769 133.019 37.9569 383.037
PRESSAVG: 2040000 1940.28 -2.26839 38.5174 -2.26839 -1895.77 -37.4037 38.5174 -37.4037 -1.92865
GPRESSAVG: 2040000 1932.28 3.72139 25.79 -2.96541 -1900.1 -41.2088 46.9652 -27.2762 8.17611
TIMING: 2040000  CPU: 1816.36, 0.000892736/step  Wall: 1816.66, 0.000892844/step, 387.078 ns/days, 0.734116 hours remaining, 0.000000 MB of memory in use.
PERFORMANCE: 2040000  averaging 388.092 ns/day, 0.00089051 sec/step with standard deviation 2.12214e-06
ENERGY: 2040000        18.7547        44.9860        31.3579         2.8393         -51053.3752    -85352.9957         0.0000         0.0000     10479.5374        -125828.8956       296.0253   -136308.4330   -125889.0013       296.4320            544.2581       545.7955    180835.7329        14.1947        13.4534

WRITING EXTENDED SYSTEM TO RESTART FILE AT STEP 2040000
WRITING COORDINATES TO DCD FILE ../output/02_eq_2_CLKW.0.dcd AT STEP 2040000
WRITING COORDINATES TO RESTART FILE AT STEP 2040000
FINISHED WRITING RESTART COORDINATES
WRITING VELOCITIES TO RESTART FILE AT STEP 2040000
FINISHED WRITING RESTART VELOCITIES
PRESSURE: 2050000 2132.67 -223.568 -161.495 -223.569 -2229.47 -51.7808 -161.495 -51.7818 154.891
GPRESSURE: 2050000 2105.06 -170.859 -102.271 -277.021 -2180.74 27.7644 -205.905 -143.438 126.494
PRESSAVG: 2050000 1961.06 -5.43738 23.2394 -5.43738 -1908.88 -45.9907 23.2394 -45.9907 77.6917
GPRESSAVG: 2050000 1952.21 2.14647 11.2396 -11.2478 -1910.55 -43.5266 25.9584 -39.9704 85.3356
TIMING: 2050000  CPU: 1825.28, 0.000892287/step  Wall: 1825.59, 0.000892555/step, 387.203 ns/days, 0.731399 hours remaining, 0.000000 MB of memory in use.
PERFORMANCE: 2050000  averaging 388.088 ns/day, 0.00089052 sec/step with standard deviation 2.12174e-06
ENERGY: 2050000        16.1742        46.6970        31.9406         1.8116         -51073.4068    -85453.8645         0.0000         0.0000     10583.6359        -125847.0119       298.9659   -136430.6479   -125895.7447       296.4632             19.3633        16.9357    180783.4136        43.2912        42.3296

WRITING EXTENDED SYSTEM TO RESTART FILE AT STEP 2050000
WRITING COORDINATES TO DCD FILE ../output/02_eq_2_CLKW.0.dcd AT STEP 2050000
WRITING COORDINATES TO RESTART FILE AT STEP 2050000
FINISHED WRITING RESTART COORDINATES
WRITING VELOCITIES TO RESTART FILE AT STEP 2050000
FINISHED WRITING RESTART VELOCITIES
PRESSURE: 2060000 1383.4 43.9772 173.435 43.9761 -2427.8 -131.685 173.435 -131.684 -888.229
GPRESSURE: 2060000 1354.66 -38.4395 156.855 121.071 -2386.53 -148.841 119.046 -206.133 -899.624
PRESSAVG: 2060000 1938.23 -13.5735 37.3843 -13.5735 -1931.19 -55.8464 37.3843 -55.8464 36.2758
GPRESSAVG: 2060000 1930.71 -13.7138 25.5035 -11.0422 -1930.39 -50.4295 38.0483 -57.2217 39.8178
TIMING: 2060000  CPU: 1834.2, 0.000891531/step  Wall: 1834.5, 0.000891702/step, 387.574 ns/days, 0.728223 hours remaining, 0.000000 MB of memory in use.
PERFORMANCE: 2060000  averaging 388.085 ns/day, 0.000890525 sec/step with standard deviation 2.11817e-06
ENERGY: 2060000        19.7033        47.1097        29.0949         0.9090         -50938.0556    -85642.4668         0.0000         0.0000     10547.7732        -125935.9324       297.9528   -136483.7056   -125887.6789       296.5850           -644.2104      -643.8286    181359.9780        14.4405        13.3779

WRITING EXTENDED SYSTEM TO RESTART FILE AT STEP 2060000
WRITING COORDINATES TO DCD FILE ../output/02_eq_2_CLKW.0.dcd AT STEP 2060000
WRITING COORDINATES TO RESTART FILE AT STEP 2060000
FINISHED WRITING RESTART COORDINATES
WRITING VELOCITIES TO RESTART FILE AT STEP 2060000
FINISHED WRITING RESTART VELOCITIES
PRESSURE: 2070000 1137.18 105.433 163.648 105.43 -2522.31 38.0273 163.651 38.0275 -867.836
GPRESSURE: 2070000 1192.59 107.989 204.481 29.5144 -2520.66 -19.7331 160.154 -82.6952 -933.495
PRESSAVG: 2070000 1900.73 -13.0036 39.1273 -13.0036 -1965.59 -46.6301 39.1273 -46.6301 2.80587
GPRESSAVG: 2070000 1892.82 -14.3707 32.0526 -18.8667 -1961.89 -40.234 35.8665 -50.1125 2.96579
TIMING: 2070000  CPU: 1843.13, 0.000893185/step  Wall: 1843.44, 0.000893418/step, 386.829 ns/days, 0.727143 hours remaining, 0.000000 MB of memory in use.
PERFORMANCE: 2070000  averaging 388.079 ns/day, 0.000890539 sec/step with standard deviation 2.12256e-06
ENERGY: 2070000        22.2894        43.8311        31.2320         2.4467         -51009.8316    -85531.3008         0.0000         0.0000     10468.4886        -125972.8444       295.7132   -136441.3330   -125880.4147       296.6780           -750.9881      -753.8538    181699.4866       -20.6855       -22.0331

WRITING EXTENDED SYSTEM TO RESTART FILE AT STEP 2070000
WRITING COORDINATES TO DCD FILE ../output/02_eq_2_CLKW.0.dcd AT STEP 2070000
WRITING COORDINATES TO RESTART FILE AT STEP 2070000
FINISHED WRITING RESTART COORDINATES
WRITING VELOCITIES TO RESTART FILE AT STEP 2070000
FINISHED WRITING RESTART VELOCITIES
PRESSURE: 2080000 2271.73 -21.6939 -84.5081 -21.6958 -2056.73 -182.02 -84.5091 -182.018 -366.088
GPRESSURE: 2080000 2219.59 -57.3304 -31.7047 5.26626 -2098.97 -35.5734 -31.0955 -192.9 -268.761
PRESSAVG: 2080000 1926.04 -9.33752 28.639 -9.33752 -1970.37 -42.2208 28.639 -42.2208 -40.0547
GPRESSAVG: 2080000 1916.93 -9.05833 24.841 -15.7746 -1970.1 -29.3023 26.0308 -48.363 -35.4939
TIMING: 2080000  CPU: 1852.06, 0.000892918/step  Wall: 1852.37, 0.000893092/step, 386.97 ns/days, 0.724397 hours remaining, 0.000000 MB of memory in use.
PERFORMANCE: 2080000  averaging 388.074 ns/day, 0.000890552 sec/step with standard deviation 2.12481e-06
ENERGY: 2080000        21.4891        40.1260        35.4805         0.9909         -51010.5392    -85468.5867         0.0000         0.0000     10513.7230        -125867.3164       296.9910   -136381.0394   -125876.3365       296.7053            -50.3606       -49.3808    180027.0996       -28.1288       -29.5561

WRITING EXTENDED SYSTEM TO RESTART FILE AT STEP 2080000
WRITING COORDINATES TO DCD FILE ../output/02_eq_2_CLKW.0.dcd AT STEP 2080000
WRITING COORDINATES TO RESTART FILE AT STEP 2080000
FINISHED WRITING RESTART COORDINATES
WRITING VELOCITIES TO RESTART FILE AT STEP 2080000
FINISHED WRITING RESTART VELOCITIES
PRESSURE: 2090000 2672.77 66.7375 -43.2787 66.7369 -1104.98 207.714 -43.2753 207.715 1127.87
GPRESSURE: 2090000 2677.39 16.5319 -88.5493 112.992 -1142.45 227.238 -77.5695 197.777 1142.19
PRESSAVG: 2090000 1960.1 -12.1873 32.3438 -12.1873 -1905.74 -37.3627 32.3438 -37.3627 31.9544
GPRESSAVG: 2090000 1952.08 -13.1784 38.8498 -23.2239 -1908.41 -22.9594 20.1263 -43.6314 37.3065
TIMING: 2090000  CPU: 1860.99, 0.00089344/step  Wall: 1861.3, 0.000893426/step, 386.825 ns/days, 0.722186 hours remaining, 0.000000 MB of memory in use.
PERFORMANCE: 2090000  averaging 388.068 ns/day, 0.000890565 sec/step with standard deviation 2.129e-06
ENERGY: 2090000        17.6317        39.7602        33.3913         1.6328         -51296.3681    -85210.4415         0.0000         0.0000     10606.2077        -125808.1860       299.6035   -136414.3937   -125871.8875       296.8419            898.5507       892.3743    180846.0804        28.7714        26.9921

WRITING EXTENDED SYSTEM TO RESTART FILE AT STEP 2090000
WRITING COORDINATES TO DCD FILE ../output/02_eq_2_CLKW.0.dcd AT STEP 2090000
WRITING COORDINATES TO RESTART FILE AT STEP 2090000
FINISHED WRITING RESTART COORDINATES
WRITING VELOCITIES TO RESTART FILE AT STEP 2090000
FINISHED WRITING RESTART VELOCITIES
PRESSURE: 2100000 2358.31 -98.7876 99.9349 -98.7888 -1772.77 -84.6295 99.9341 -84.6302 853.604
GPRESSURE: 2100000 2371.29 0.193739 197.41 -280.711 -1754.72 -86.9305 -53.5708 -36.6839 824.795
PRESSAVG: 2100000 1985.58 -14.5459 37.7084 -14.5459 -1892.22 -31.0487 37.7084 -31.0487 88.7378
GPRESSAVG: 2100000 1980.96 -7.30297 49.2503 -31.9873 -1894.24 -17.9187 15.1432 -33.8028 90.4822
TIMING: 2100000  CPU: 1869.95, 0.000895447/step  Wall: 1870.26, 0.000895549/step, 385.908 ns/days, 0.721415 hours remaining, 0.000000 MB of memory in use.
PERFORMANCE: 2100000  averaging 388.058 ns/day, 0.000890589 sec/step with standard deviation 2.15156e-06
ETITLE:      TS           BOND          ANGLE          DIHED          IMPRP               ELECT            VDW       BOUNDARY           MISC        KINETIC               TOTAL           TEMP      POTENTIAL       TOTALAVG        TEMPAVG            PRESSURE      GPRESSURE         VOLUME       PRESSAVG      GPRESSAVG

ENERGY: 2100000        12.6071        51.0375        27.4641         2.4654         -51403.9339    -85158.8427         0.0000         0.0000     10415.6213        -126053.5811       294.2198   -136469.2024   -125885.9208       296.5868            479.7123       480.4576    180988.9035        60.6981        59.0678

WRITING EXTENDED SYSTEM TO RESTART FILE AT STEP 2100000
WRITING COORDINATES TO DCD FILE ../output/02_eq_2_CLKW.0.dcd AT STEP 2100000
WRITING COORDINATES TO RESTART FILE AT STEP 2100000
FINISHED WRITING RESTART COORDINATES
WRITING VELOCITIES TO RESTART FILE AT STEP 2100000
FINISHED WRITING RESTART VELOCITIES
PRESSURE: 2110000 1899.82 -81.8178 19.7616 -81.8178 -1700.46 10.9429 19.7604 10.9441 -441.627
GPRESSURE: 2110000 1872.76 -34.5273 -85.1727 -51.9554 -1728.76 -47.5036 20.2473 2.48148 -391.493
PRESSAVG: 2110000 1997.2 -20.0515 39.7406 -20.0515 -1881.06 -38.2505 39.7406 -38.2505 60.0991
GPRESSAVG: 2110000 1990.35 -5.28711 41.23 -44.5482 -1884.72 -35.1448 19.935 -42.8324 65.4635
TIMING: 2110000  CPU: 1878.86, 0.000891729/step  Wall: 1879.18, 0.000891861/step, 387.504 ns/days, 0.715967 hours remaining, 0.000000 MB of memory in use.
PERFORMANCE: 2110000  averaging 388.055 ns/day, 0.000890595 sec/step with standard deviation 2.14822e-06
ENERGY: 2110000        14.5473        46.1281        30.7232         2.1610         -51073.2145    -85499.7733         0.0000         0.0000     10524.7292        -125954.6991       297.3019   -136479.4283   -125894.4296       296.5030            -80.7552       -82.4973    180480.5440        58.7434        57.0331

WRITING EXTENDED SYSTEM TO RESTART FILE AT STEP 2110000
WRITING COORDINATES TO DCD FILE ../output/02_eq_2_CLKW.0.dcd AT STEP 2110000
WRITING COORDINATES TO RESTART FILE AT STEP 2110000
FINISHED WRITING RESTART COORDINATES
WRITING VELOCITIES TO RESTART FILE AT STEP 2110000
FINISHED WRITING RESTART VELOCITIES
PRESSURE: 2120000 1686.99 -31.4792 -88.9879 -31.4794 -1958.01 -388.79 -88.9869 -388.79 62.8255
GPRESSURE: 2120000 1718.85 58.8867 -136.704 -120.682 -1860.99 -491.599 12.3944 -360.115 -70.3669
PRESSAVG: 2120000 1980.87 -22.956 35.0417 -22.956 -1889.49 -62.1452 35.0417 -62.1452 50.8008
GPRESSAVG: 2120000 1978.74 -8.19896 34.7869 -42.9823 -1890.14 -63.6101 20.5273 -63.6074 48.4711
TIMING: 2120000  CPU: 1887.78, 0.00089112/step  Wall: 1888.09, 0.000891292/step, 387.752 ns/days, 0.713033 hours remaining, 0.000000 MB of memory in use.
PERFORMANCE: 2120000  averaging 388.054 ns/day, 0.000890599 sec/step with standard deviation 2.14366e-06
ENERGY: 2120000        14.6543        47.0441        32.6658         1.7114         -51025.2625    -85459.3458         0.0000         0.0000     10519.5992        -125868.9336       297.1570   -136388.5328   -125897.5753       296.6104            -69.3980       -70.8370    181799.8942        47.3943        45.6908

WRITING EXTENDED SYSTEM TO RESTART FILE AT STEP 2120000
WRITING COORDINATES TO DCD FILE ../output/02_eq_2_CLKW.0.dcd AT STEP 2120000
WRITING COORDINATES TO RESTART FILE AT STEP 2120000
FINISHED WRITING RESTART COORDINATES
WRITING VELOCITIES TO RESTART FILE AT STEP 2120000
FINISHED WRITING RESTART VELOCITIES
PRESSURE: 2130000 2357.23 -173.544 -448.915 -173.545 -1428.35 -189.479 -448.913 -189.481 331.575
GPRESSURE: 2130000 2404.49 -96.578 -425.375 -178.515 -1482.18 -257.743 -421.774 -49.9911 349.65
PRESSAVG: 2130000 1973.71 -34.9187 17.8303 -34.9187 -1881.49 -86.6373 17.8303 -86.6373 89.956
GPRESSAVG: 2130000 1972.8 -15.4112 19.3344 -54.3415 -1878.88 -86.9203 8.1254 -79.1067 83.8131
TIMING: 2130000  CPU: 1896.68, 0.000890825/step  Wall: 1897, 0.000891079/step, 387.844 ns/days, 0.710388 hours remaining, 0.000000 MB of memory in use.
PERFORMANCE: 2130000  averaging 388.053 ns/day, 0.000890601 sec/step with standard deviation 2.13885e-06
ENERGY: 2130000        13.4266        44.3823        32.5417         3.1195         -51275.4220    -85344.2738         0.0000         0.0000     10617.7864        -125908.4393       299.9306   -136526.2257   -125906.4417       296.6248            420.1509       423.9877    180639.9478        60.7263        59.2471

WRITING EXTENDED SYSTEM TO RESTART FILE AT STEP 2130000
WRITING COORDINATES TO DCD FILE ../output/02_eq_2_CLKW.0.dcd AT STEP 2130000
WRITING COORDINATES TO RESTART FILE AT STEP 2130000
FINISHED WRITING RESTART COORDINATES
WRITING VELOCITIES TO RESTART FILE AT STEP 2130000
FINISHED WRITING RESTART VELOCITIES
PRESSURE: 2140000 2033.89 -260.101 -8.56252 -260.105 -1718.9 -211.826 -8.5625 -211.826 -234.897
GPRESSURE: 2140000 2042.97 -85.0462 -73.6553 -369.866 -1725.53 -277.154 -83.6519 -251.233 -218.444
PRESSAVG: 2140000 1952.13 -50.116 19.9134 -50.116 -1886.29 -104.006 19.9134 -104.006 67.1077
GPRESSAVG: 2140000 1952.2 -18.1253 21.0147 -70.522 -1882.62 -109.584 8.66783 -97.479 60.4608
TIMING: 2140000  CPU: 1905.62, 0.000893353/step  Wall: 1905.93, 0.000893342/step, 386.862 ns/days, 0.709711 hours remaining, 0.000000 MB of memory in use.
PERFORMANCE: 2140000  averaging 388.047 ns/day, 0.000890614 sec/step with standard deviation 2.14204e-06
ENERGY: 2140000        12.3056        45.4140        34.5868         0.4283         -51110.4166    -85464.1195         0.0000         0.0000     10547.2907        -125934.5107       297.9392   -136481.8014   -125901.6242       296.7509             26.6990        32.9976    181155.4023        44.3143        43.3480

WRITING EXTENDED SYSTEM TO RESTART FILE AT STEP 2140000
WRITING COORDINATES TO DCD FILE ../output/02_eq_2_CLKW.0.dcd AT STEP 2140000
WRITING COORDINATES TO RESTART FILE AT STEP 2140000
FINISHED WRITING RESTART COORDINATES
WRITING VELOCITIES TO RESTART FILE AT STEP 2140000
FINISHED WRITING RESTART VELOCITIES
PRESSURE: 2150000 2732.15 64.4231 39.3799 64.426 -1406.54 122.89 39.3782 122.888 -83.3175
GPRESSURE: 2150000 2722.9 126.832 61.9045 61.197 -1395.89 104.395 136.427 51.9423 -80.3591
PRESSAVG: 2150000 1980.13 -62.9343 21.9671 -62.9343 -1871.4 -85.6999 21.9671 -85.6999 19.9626
GPRESSAVG: 2150000 1979.96 -32.7665 23.7233 -85.5915 -1867.3 -90.6871 25.1807 -88.1971 13.5848
TIMING: 2150000  CPU: 1914.57, 0.000895/step  Wall: 1914.89, 0.000895207/step, 386.056 ns/days, 0.708706 hours remaining, 0.000000 MB of memory in use.
PERFORMANCE: 2150000  averaging 388.038 ns/day, 0.000890635 sec/step with standard deviation 2.15987e-06
ENERGY: 2150000        10.5886        41.1925        35.5164         3.3853         -51357.9935    -85219.2279         0.0000         0.0000     10580.7691        -125905.7694       298.8849   -136486.5386   -125913.0125       296.7798            414.0951       415.5506    180154.0502        42.9002        42.0819

WRITING EXTENDED SYSTEM TO RESTART FILE AT STEP 2150000
WRITING COORDINATES TO DCD FILE ../output/02_eq_2_CLKW.0.dcd AT STEP 2150000
WRITING COORDINATES TO RESTART FILE AT STEP 2150000
FINISHED WRITING RESTART COORDINATES
WRITING VELOCITIES TO RESTART FILE AT STEP 2150000
FINISHED WRITING RESTART VELOCITIES
PRESSURE: 2160000 1544.74 243.186 -62.6592 243.186 -2033.32 -40.9004 -62.6608 -40.9007 71.1589
GPRESSURE: 2160000 1527.27 259.334 -121.264 142.802 -2043.98 61.2443 -12.987 -89.3853 102.728
PRESSAVG: 2160000 1956.21 -56.6053 14.5122 -56.6053 -1863.95 -84.2934 14.5122 -84.2934 51.3109
GPRESSAVG: 2160000 1955.96 -25.5052 14.6637 -83.5487 -1860.38 -84.3702 16.8176 -89.7831 45.4787
TIMING: 2160000  CPU: 1923.52, 0.000895684/step  Wall: 1923.84, 0.000895893/step, 385.76 ns/days, 0.70676 hours remaining, 0.000000 MB of memory in use.
PERFORMANCE: 2160000  averaging 388.027 ns/day, 0.000890659 sec/step with standard deviation 2.18434e-06
ENERGY: 2160000        18.0191        43.1410        36.8501         1.5535         -50962.5381    -85517.9882         0.0000         0.0000     10603.4875        -125777.4752       299.5267   -136380.9627   -125901.0272       296.9398           -139.1400      -137.9944    180921.6292        47.8555        47.0209

WRITING EXTENDED SYSTEM TO RESTART FILE AT STEP 2160000
WRITING COORDINATES TO DCD FILE ../output/02_eq_2_CLKW.0.dcd AT STEP 2160000
WRITING COORDINATES TO RESTART FILE AT STEP 2160000
FINISHED WRITING RESTART COORDINATES
WRITING VELOCITIES TO RESTART FILE AT STEP 2160000
FINISHED WRITING RESTART VELOCITIES
PRESSURE: 2170000 1181.45 -18.6224 -175.209 -18.6244 -1766.46 -73.0066 -175.209 -73.0071 30.4448
GPRESSURE: 2170000 1222.18 -39.9963 -39.2743 10.5812 -1777.95 -87.1334 -190.401 64.7792 -4.83098
PRESSAVG: 2170000 1920.59 -52.0897 2.25578 -52.0897 -1868.63 -67.1442 2.25578 -67.1442 39.2932
GPRESSAVG: 2170000 1921.4 -20.9655 15.3428 -83.0291 -1864.17 -74.0979 -3.89407 -66.1339 31.6771
TIMING: 2170000  CPU: 1932.47, 0.000894828/step  Wall: 1932.79, 0.000894989/step, 386.15 ns/days, 0.703561 hours remaining, 0.000000 MB of memory in use.
PERFORMANCE: 2170000  averaging 388.018 ns/day, 0.000890679 sec/step with standard deviation 2.19901e-06
ENERGY: 2170000        12.3666        49.3686        34.3060         3.1348         -51057.6812    -85420.9995         0.0000         0.0000     10474.4814        -125905.0234       295.8825   -136379.5048   -125894.8017       296.9966           -184.8530      -186.8689    181126.5991        30.4177        29.6375

WRITING EXTENDED SYSTEM TO RESTART FILE AT STEP 2170000
WRITING COORDINATES TO DCD FILE ../output/02_eq_2_CLKW.0.dcd AT STEP 2170000
WRITING COORDINATES TO RESTART FILE AT STEP 2170000
FINISHED WRITING RESTART COORDINATES
WRITING VELOCITIES TO RESTART FILE AT STEP 2170000
FINISHED WRITING RESTART VELOCITIES
PRESSURE: 2180000 2184.24 -219.325 -160.734 -219.322 -1042.74 -390.407 -160.735 -390.408 452.644
GPRESSURE: 2180000 2221.58 -299.304 -100.617 -243.95 -1050.55 -367.409 -250.846 -379.683 435.934
PRESSAVG: 2180000 1924.14 -58.6169 -1.72674 -58.6169 -1834.17 -93.8452 -1.72674 -93.8452 40.8844
GPRESSAVG: 2180000 1928.13 -36.5166 8.77149 -88.0685 -1831.61 -97.4044 -14.5704 -93.995 32.5217
TIMING: 2180000  CPU: 1941.44, 0.000896622/step  Wall: 1941.76, 0.000896863/step, 385.343 ns/days, 0.702542 hours remaining, 0.000000 MB of memory in use.
PERFORMANCE: 2180000  averaging 388.006 ns/day, 0.000890708 sec/step with standard deviation 2.23355e-06
ENERGY: 2180000        15.9300        36.0897        34.7705         2.1496         -51339.1084    -85425.6047         0.0000         0.0000     10584.7514        -126091.0219       298.9974   -136675.7733   -125906.9336       297.2081            531.3815       535.6564    180641.8861        43.6165        43.0147

WRITING EXTENDED SYSTEM TO RESTART FILE AT STEP 2180000
WRITING COORDINATES TO DCD FILE ../output/02_eq_2_CLKW.0.dcd AT STEP 2180000
WRITING COORDINATES TO RESTART FILE AT STEP 2180000
FINISHED WRITING RESTART COORDINATES
WRITING VELOCITIES TO RESTART FILE AT STEP 2180000
FINISHED WRITING RESTART VELOCITIES
PRESSURE: 2190000 2727.5 167.105 363.514 167.105 -751.938 -177.885 363.513 -177.885 67.2674
GPRESSURE: 2190000 2697.84 295.969 289.81 82.8584 -725.756 -133.862 323.733 -170.699 54.0066
PRESSAVG: 2190000 1961.35 -39.4518 13.1741 -39.4518 -1784.74 -112.241 13.1741 -112.241 38.0819
GPRESSAVG: 2190000 1965.82 -11.9858 18.2707 -75.0813 -1780.74 -115.363 3.01695 -112.422 27.3729
TIMING: 2190000  CPU: 1950.39, 0.000895151/step  Wall: 1950.71, 0.000895122/step, 386.093 ns/days, 0.698692 hours remaining, 0.000000 MB of memory in use.
PERFORMANCE: 2190000  averaging 387.997 ns/day, 0.000890728 sec/step with standard deviation 2.24829e-06
ENERGY: 2190000        19.7254        43.9530        29.3692         0.7439         -51340.5512    -85181.5693         0.0000         0.0000     10524.1401        -125904.1889       297.2853   -136428.3290   -125907.1442       297.1322            680.9448       675.3629    180658.6812        71.5631        70.8180

WRITING EXTENDED SYSTEM TO RESTART FILE AT STEP 2190000
WRITING COORDINATES TO DCD FILE ../output/02_eq_2_CLKW.0.dcd AT STEP 2190000
WRITING COORDINATES TO RESTART FILE AT STEP 2190000
FINISHED WRITING RESTART COORDINATES
WRITING VELOCITIES TO RESTART FILE AT STEP 2190000
FINISHED WRITING RESTART VELOCITIES
PRESSURE: 2200000 1962.39 -418.947 141.874 -418.946 -1752.87 -132.337 141.872 -132.336 -314.404
GPRESSURE: 2200000 1975.21 -463.487 103.284 -301.796 -1760.47 -169.188 162.425 5.6548 -325.047
PRESSAVG: 2200000 1957.21 -56.6933 21.9084 -56.6933 -1774.54 -115.22 21.9084 -115.22 41.0255
GPRESSAVG: 2200000 1963.49 -28.1397 19.6215 -85.804 -1770.84 -118.375 15.6374 -111.172 29.6895
TIMING: 2200000  CPU: 1959.33, 0.000893544/step  Wall: 1959.65, 0.000893612/step, 386.745 ns/days, 0.695032 hours remaining, 0.000000 MB of memory in use.
PERFORMANCE: 2200000  averaging 387.992 ns/day, 0.000890741 sec/step with standard deviation 2.25157e-06
ETITLE:      TS           BOND          ANGLE          DIHED          IMPRP               ELECT            VDW       BOUNDARY           MISC        KINETIC               TOTAL           TEMP      POTENTIAL       TOTALAVG        TEMPAVG            PRESSURE      GPRESSURE         VOLUME       PRESSAVG      GPRESSAVG

ENERGY: 2200000        13.8009        35.6661        35.2794         1.6961         -51247.8373    -85424.1555         0.0000         0.0000     10490.8319        -126094.7185       296.3444   -136585.5504   -125908.6485       297.2170            -34.9629       -36.7663    180930.3607        74.5640        74.1134

WRITING EXTENDED SYSTEM TO RESTART FILE AT STEP 2200000
WRITING COORDINATES TO DCD FILE ../output/02_eq_2_CLKW.0.dcd AT STEP 2200000
WRITING COORDINATES TO RESTART FILE AT STEP 2200000
FINISHED WRITING RESTART COORDINATES
WRITING VELOCITIES TO RESTART FILE AT STEP 2200000
FINISHED WRITING RESTART VELOCITIES
PRESSURE: 2210000 2275.84 385.632 192.132 385.631 -2122.97 75.3251 192.132 75.3258 1015.79
GPRESSURE: 2210000 2236.76 375.93 254.794 432.554 -2090.57 57.5624 175.692 48.6825 1039.31
PRESSAVG: 2210000 2004.85 -40.3124 13.9621 -40.3124 -1777.82 -103.653 13.9621 -103.653 72.2496
GPRESSAVG: 2210000 2005.71 -14.433 17.375 -62.4187 -1771.67 -108.939 6.04858 -96.1211 64.37
TIMING: 2210000  CPU: 1968.26, 0.000893916/step  Wall: 1968.59, 0.000894156/step, 386.51 ns/days, 0.692971 hours remaining, 0.000000 MB of memory in use.
PERFORMANCE: 2210000  averaging 387.985 ns/day, 0.000890756 sec/step with standard deviation 2.25816e-06
ENERGY: 2210000        15.8429        47.9325        32.9774         0.7389         -51394.9121    -85382.9256         0.0000         0.0000     10591.5348        -126088.8112       299.1890   -136680.3460   -125917.9626       297.3900            389.5538       395.1670    180899.7931        99.7614        99.4717

WRITING EXTENDED SYSTEM TO RESTART FILE AT STEP 2210000
WRITING COORDINATES TO DCD FILE ../output/02_eq_2_CLKW.0.dcd AT STEP 2210000
WRITING COORDINATES TO RESTART FILE AT STEP 2210000
FINISHED WRITING RESTART COORDINATES
WRITING VELOCITIES TO RESTART FILE AT STEP 2210000
FINISHED WRITING RESTART VELOCITIES
PRESSURE: 2220000 1279.22 77.3913 -238.674 77.3928 -2273.31 26.2873 -238.675 26.2877 -280.794
GPRESSURE: 2220000 1340.06 85.3682 -198.497 -33.5893 -2304.37 60.8216 -182.272 27.529 -313.818
PRESSAVG: 2220000 1979.16 -30.8316 -10.4563 -30.8316 -1784.03 -95.4601 -10.4563 -95.4601 68.1558
GPRESSAVG: 2220000 1982.22 -8.06716 -5.06756 -54.5944 -1779.23 -99.9173 -16.931 -87.719 59.969
TIMING: 2220000  CPU: 1977.21, 0.000894237/step  Wall: 1977.54, 0.000894389/step, 386.409 ns/days, 0.690667 hours remaining, 0.000000 MB of memory in use.
PERFORMANCE: 2220000  averaging 387.978 ns/day, 0.000890773 sec/step with standard deviation 2.2662e-06
ENERGY: 2220000        14.2397        41.7378        36.0840         0.8437         -51217.4854    -85471.6968         0.0000         0.0000     10500.4003        -126095.8767       296.6147   -136596.2769   -125925.2416       297.5327           -424.9616      -426.0431    180938.6015        87.7626        87.6548

WRITING EXTENDED SYSTEM TO RESTART FILE AT STEP 2220000
WRITING COORDINATES TO DCD FILE ../output/02_eq_2_CLKW.0.dcd AT STEP 2220000
WRITING COORDINATES TO RESTART FILE AT STEP 2220000
FINISHED WRITING RESTART COORDINATES
WRITING VELOCITIES TO RESTART FILE AT STEP 2220000
FINISHED WRITING RESTART VELOCITIES
PRESSURE: 2230000 1939.14 115.056 45.3452 115.059 -1347.87 -476.045 45.3447 -476.045 62.0712
GPRESSURE: 2230000 1887.29 24.3016 96.3453 226.711 -1313.98 -373.295 -10.1232 -511.57 92.431
PRESSAVG: 2230000 2020.74 -14.0622 -5.14006 -14.0622 -1742.28 -101.511 -5.14006 -101.511 57.9769
GPRESSAVG: 2230000 2021.09 -1.02589 1.06838 -28.3713 -1736.09 -99.1408 -13.8529 -101.886 52.2166
TIMING: 2230000  CPU: 1986.14, 0.000892819/step  Wall: 1986.47, 0.000893034/step, 386.995 ns/days, 0.68714 hours remaining, 0.000000 MB of memory in use.
PERFORMANCE: 2230000  averaging 387.973 ns/day, 0.000890783 sec/step with standard deviation 2.26615e-06
ENERGY: 2230000        14.8496        44.2789        29.7972         1.5295         -51099.2046    -85494.4535         0.0000         0.0000     10535.7169        -125967.4860       297.6123   -136503.2029   -125940.5361       297.6069            217.7801       221.9126    181062.8899       112.1430       112.4064

WRITING EXTENDED SYSTEM TO RESTART FILE AT STEP 2230000
WRITING COORDINATES TO DCD FILE ../output/02_eq_2_CLKW.0.dcd AT STEP 2230000
WRITING COORDINATES TO RESTART FILE AT STEP 2230000
FINISHED WRITING RESTART COORDINATES
WRITING VELOCITIES TO RESTART FILE AT STEP 2230000
FINISHED WRITING RESTART VELOCITIES
PRESSURE: 2240000 2043.11 -82.9745 -140.989 -82.9722 -2014.5 -392.221 -140.991 -392.221 167.095
GPRESSURE: 2240000 2044.68 -196.841 -191.416 -67.3617 -2017.65 -487.178 -143.736 -293.239 181.206
PRESSAVG: 2240000 1990.19 -18.096 -18.7496 -18.096 -1771.62 -122.091 -18.7496 -122.091 46.0024
GPRESSAVG: 2240000 1991.77 -6.55366 -11.4808 -34.995 -1768.13 -122.206 -27.6907 -118.446 42.1251
TIMING: 2240000  CPU: 1995.07, 0.000893031/step  Wall: 1995.4, 0.000893117/step, 386.96 ns/days, 0.684723 hours remaining, 0.000000 MB of memory in use.
PERFORMANCE: 2240000  averaging 387.969 ns/day, 0.000890793 sec/step with standard deviation 2.26644e-06
ENERGY: 2240000        14.5586        42.8386        33.1981         1.3100         -50946.8241    -85453.1169         0.0000         0.0000     10595.6017        -125712.4339       299.3039   -136308.0357   -125934.7130       297.7708             65.2338        69.4125    180757.2958        88.1918        88.5872

WRITING EXTENDED SYSTEM TO RESTART FILE AT STEP 2240000
WRITING COORDINATES TO DCD FILE ../output/02_eq_2_CLKW.0.dcd AT STEP 2240000
WRITING COORDINATES TO RESTART FILE AT STEP 2240000
FINISHED WRITING RESTART COORDINATES
WRITING VELOCITIES TO RESTART FILE AT STEP 2240000
FINISHED WRITING RESTART VELOCITIES
PRESSURE: 2250000 2336.34 -55.3731 -8.19441 -55.3702 -1512.73 25.9828 -8.19562 25.9816 -299.358
GPRESSURE: 2250000 2354.72 -40.3441 57.9328 -30.2729 -1532.78 41.9643 -47.8545 -9.28106 -310.477
PRESSAVG: 2250000 2000.37 -9.68613 -11.0846 -9.68613 -1735.78 -118.203 -11.0846 -118.203 23.2899
GPRESSAVG: 2250000 2004.25 -0.0279425 -3.47061 -22.6576 -1735.74 -121.496 -19.7881 -111.738 20.2765
TIMING: 2250000  CPU: 2004.01, 0.000894656/step  Wall: 2004.35, 0.000894782/step, 386.239 ns/days, 0.683514 hours remaining, 0.000000 MB of memory in use.
PERFORMANCE: 2250000  averaging 387.961 ns/day, 0.000890811 sec/step with standard deviation 2.27695e-06
ENERGY: 2250000        13.3632        46.9196        34.2006         1.2209         -51058.6311    -85407.2547         0.0000         0.0000     10634.7087        -125735.4727       300.4086   -136370.1814   -125929.1360       297.8429            174.7506       170.4887    181271.6178        95.9611        96.2649

WRITING EXTENDED SYSTEM TO RESTART FILE AT STEP 2250000
WRITING COORDINATES TO DCD FILE ../output/02_eq_2_CLKW.0.dcd AT STEP 2250000
WRITING COORDINATES TO RESTART FILE AT STEP 2250000
FINISHED WRITING RESTART COORDINATES
WRITING VELOCITIES TO RESTART FILE AT STEP 2250000
FINISHED WRITING RESTART VELOCITIES
PRESSURE: 2260000 1601.8 36.3098 267.286 36.3123 -2402.96 11.8803 267.286 11.8795 -658.887
GPRESSURE: 2260000 1553.49 77.7876 197.505 14.1241 -2388 5.79521 325.815 14.9768 -634.611
PRESSAVG: 2260000 2011.29 -10.0693 -6.39209 -10.0693 -1734.54 -111.025 -6.39209 -111.025 34.757
GPRESSAVG: 2260000 2014.2 5.78341 -1.43812 -28.0049 -1735.81 -113.764 -9.44969 -100.683 33.5271
TIMING: 2260000  CPU: 2012.93, 0.000892101/step  Wall: 2013.27, 0.000892271/step, 387.326 ns/days, 0.679118 hours remaining, 0.000000 MB of memory in use.
PERFORMANCE: 2260000  averaging 387.958 ns/day, 0.000890817 sec/step with standard deviation 2.27396e-06
ENERGY: 2260000        16.1682        53.1746        31.0315         3.0213         -51056.1604    -85350.8950         0.0000         0.0000     10643.2602        -125660.3997       300.6502   -136303.6599   -125915.3594       297.9778           -486.6840      -489.7080    181535.3502       103.8375       103.9709

WRITING EXTENDED SYSTEM TO RESTART FILE AT STEP 2260000
WRITING COORDINATES TO DCD FILE ../output/02_eq_2_CLKW.0.dcd AT STEP 2260000
WRITING COORDINATES TO RESTART FILE AT STEP 2260000
FINISHED WRITING RESTART COORDINATES
WRITING VELOCITIES TO RESTART FILE AT STEP 2260000
FINISHED WRITING RESTART VELOCITIES
PRESSURE: 2270000 2203.23 69.3739 -0.0970048 69.3735 -1955.78 619.955 -0.0985995 619.958 -150.758
GPRESSURE: 2270000 2231.89 136.908 15.1888 33.3836 -1947.64 600.261 48.9276 660.831 -185.483
PRESSAVG: 2270000 2064.59 -11.8722 -14.5796 -11.8722 -1706.21 -81.9284 -14.5796 -81.9284 70.6109
GPRESSAVG: 2270000 2066.16 7.22936 -10.9027 -27.8114 -1707.16 -82.7644 -15.011 -63.5062 70.9277
TIMING: 2270000  CPU: 2021.87, 0.000893233/step  Wall: 2022.2, 0.000893419/step, 386.828 ns/days, 0.67751 hours remaining, 0.000000 MB of memory in use.
PERFORMANCE: 2270000  averaging 387.953 ns/day, 0.000890829 sec/step with standard deviation 2.27549e-06
ENERGY: 2270000        12.9346        42.0975        28.2517         2.4426         -50944.1493    -85514.0015         0.0000         0.0000     10403.1955        -125969.2288       293.8688   -136372.4244   -125915.1786       297.8856             32.2295        32.9215    181346.9914       142.9983       143.3097

WRITING EXTENDED SYSTEM TO RESTART FILE AT STEP 2270000
WRITING COORDINATES TO DCD FILE ../output/02_eq_2_CLKW.0.dcd AT STEP 2270000
WRITING COORDINATES TO RESTART FILE AT STEP 2270000
FINISHED WRITING RESTART COORDINATES
WRITING VELOCITIES TO RESTART FILE AT STEP 2270000
FINISHED WRITING RESTART VELOCITIES
PRESSURE: 2280000 1390.5 -372.196 -543.014 -372.194 -2342.9 -100.309 -543.016 -100.307 99.592
GPRESSURE: 2280000 1420.7 -436.792 -620.784 -366.681 -2370.53 -204.245 -527.146 -91.3601 120.065
PRESSAVG: 2280000 2020.53 -29.3971 -37.5049 -29.3971 -1720.52 -77.8429 -37.5049 -77.8429 93.8949
GPRESSAVG: 2280000 2026.22 -11.7437 -40.3567 -46.4088 -1720.74 -91.1979 -39.8135 -58.4292 90.369
TIMING: 2280000  CPU: 2030.8, 0.00089349/step  Wall: 2031.14, 0.000893652/step, 386.728 ns/days, 0.675204 hours remaining, 0.000000 MB of memory in use.
PERFORMANCE: 2280000  averaging 387.948 ns/day, 0.000890841 sec/step with standard deviation 2.27816e-06
ENERGY: 2280000        21.7109        48.7356        33.8453         1.1138         -50866.4200    -85559.5134         0.0000         0.0000     10614.2116        -125706.3162       299.8296   -136320.5279   -125907.1286       298.0275           -284.2691      -276.5887    181071.5478       131.3029       131.9493

WRITING EXTENDED SYSTEM TO RESTART FILE AT STEP 2280000
WRITING COORDINATES TO DCD FILE ../output/02_eq_2_CLKW.0.dcd AT STEP 2280000
WRITING COORDINATES TO RESTART FILE AT STEP 2280000
FINISHED WRITING RESTART COORDINATES
WRITING VELOCITIES TO RESTART FILE AT STEP 2280000
FINISHED WRITING RESTART VELOCITIES
PRESSURE: 2290000 2113.18 108.444 45.7273 108.443 -2091.28 186.083 45.7265 186.084 -459.155
GPRESSURE: 2290000 2135.15 104.448 124.396 81.1131 -2061.58 300.967 -53.3939 344.502 -497.64
PRESSAVG: 2290000 1992.55 -27.3118 -33.0548 -27.3118 -1769.83 -78.9244 -33.0548 -78.9244 14.5437
GPRESSAVG: 2290000 1999.1 -7.34789 -29.7094 -48.0027 -1766.69 -87.5115 -38.6048 -51.093 8.37757
TIMING: 2290000  CPU: 2039.73, 0.000892521/step  Wall: 2040.07, 0.000892713/step, 387.135 ns/days, 0.672014 hours remaining, 0.000000 MB of memory in use.
PERFORMANCE: 2290000  averaging 387.944 ns/day, 0.000890849 sec/step with standard deviation 2.27652e-06
ENERGY: 2290000        14.3917        50.6769        33.2275         3.2645         -51005.2577    -85432.2762         0.0000         0.0000     10494.9109        -125841.0625       296.4596   -136335.9734   -125908.7724       297.8703           -145.7529      -141.3589    181049.0588        79.0877        80.2626

WRITING EXTENDED SYSTEM TO RESTART FILE AT STEP 2290000
WRITING COORDINATES TO DCD FILE ../output/02_eq_2_CLKW.0.dcd AT STEP 2290000
WRITING COORDINATES TO RESTART FILE AT STEP 2290000
FINISHED WRITING RESTART COORDINATES
WRITING VELOCITIES TO RESTART FILE AT STEP 2290000
FINISHED WRITING RESTART VELOCITIES
PRESSURE: 2300000 1333.41 192.21 87.3025 192.209 -2429.91 -228.63 87.3035 -228.629 -233.171
GPRESSURE: 2300000 1371.35 174.311 49.9089 115.532 -2461.66 -243.596 151.3 -270.924 -238.378
PRESSAVG: 2300000 1941.31 -12.7618 -33.6864 -12.7618 -1802.69 -86.1244 -33.6864 -86.1244 -39.795
GPRESSAVG: 2300000 1949.11 1.35795 -37.0845 -28.1906 -1802.04 -95.3448 -28.3612 -62.8051 -44.7811
TIMING: 2300000  CPU: 2048.65, 0.000892355/step  Wall: 2048.99, 0.00089236/step, 387.288 ns/days, 0.66927 hours remaining, 0.000000 MB of memory in use.
PERFORMANCE: 2300000  averaging 387.941 ns/day, 0.000890856 sec/step with standard deviation 2.27373e-06
ETITLE:      TS           BOND          ANGLE          DIHED          IMPRP               ELECT            VDW       BOUNDARY           MISC        KINETIC               TOTAL           TEMP      POTENTIAL       TOTALAVG        TEMPAVG            PRESSURE      GPRESSURE         VOLUME       PRESSAVG      GPRESSAVG

ENERGY: 2300000        15.9761        54.1536        30.5253         1.2910         -51150.2323    -85430.5677         0.0000         0.0000     10445.5501        -126033.3039       295.0653   -136478.8541   -125907.7586       297.9126           -443.2232      -442.8949    181722.3452        32.9410        34.0950

WRITING EXTENDED SYSTEM TO RESTART FILE AT STEP 2300000
WRITING COORDINATES TO DCD FILE ../output/02_eq_2_CLKW.0.dcd AT STEP 2300000
WRITING COORDINATES TO RESTART FILE AT STEP 2300000
FINISHED WRITING RESTART COORDINATES
WRITING VELOCITIES TO RESTART FILE AT STEP 2300000
FINISHED WRITING RESTART VELOCITIES
PRESSURE: 2310000 1627.24 -106.83 -201.818 -106.832 -2774.85 284.301 -201.814 284.301 -359.824
GPRESSURE: 2310000 1602.33 -173.412 -143.167 -167.765 -2707.22 350.75 -200.473 193.091 -388.688
PRESSAVG: 2310000 1927.68 -14.0125 -44.7651 -14.0125 -1856.41 -72.4566 -44.7651 -72.4566 -35.7049
GPRESSAVG: 2310000 1935.59 -5.5863 -39.9842 -33.9811 -1850.96 -75.4321 -39.3972 -53.2746 -44.6408
TIMING: 2310000  CPU: 2057.55, 0.000889969/step  Wall: 2057.89, 0.000890007/step, 388.311 ns/days, 0.665033 hours remaining, 0.000000 MB of memory in use.
PERFORMANCE: 2310000  averaging 387.943 ns/day, 0.000890852 sec/step with standard deviation 2.26947e-06
ENERGY: 2310000        13.9272        44.7161        31.8439         0.6778         -50860.9174    -85428.7228         0.0000         0.0000     10584.5465        -125613.9286       298.9916   -136198.4751   -125890.7201       297.9971           -502.4794      -497.8599    180841.8755        11.8547        13.3269

WRITING EXTENDED SYSTEM TO RESTART FILE AT STEP 2310000
WRITING COORDINATES TO DCD FILE ../output/02_eq_2_CLKW.0.dcd AT STEP 2310000
WRITING COORDINATES TO RESTART FILE AT STEP 2310000
FINISHED WRITING RESTART COORDINATES
WRITING VELOCITIES TO RESTART FILE AT STEP 2310000
FINISHED WRITING RESTART VELOCITIES
PRESSURE: 2320000 1847.26 13.9935 -301.77 13.9943 -2405.19 68.5047 -301.773 68.506 -98.5978
GPRESSURE: 2320000 1787.8 4.69123 -257.062 -11.4142 -2351.74 62.2787 -358.441 130.315 -92.5323
PRESSAVG: 2320000 1935.69 -11.7389 -55.4044 -11.7389 -1878.77 -49.5918 -55.4044 -49.5918 -43.776
GPRESSAVG: 2320000 1939.03 -8.29607 -46.0021 -28.5177 -1875.5 -47.7382 -57.939 -28.7531 -45.7491
TIMING: 2320000  CPU: 2066.45, 0.000890609/step  Wall: 2066.8, 0.000890795/step, 387.968 ns/days, 0.663148 hours remaining, 0.000000 MB of memory in use.
PERFORMANCE: 2320000  averaging 387.943 ns/day, 0.000890852 sec/step with standard deviation 2.26455e-06
ENERGY: 2320000        15.4518        49.9987        35.8169         2.3298         -51225.7288    -85334.4224         0.0000         0.0000     10582.8278        -125873.7262       298.9431   -136456.5541   -125890.9597       298.0864           -218.8407      -218.8229    181495.0304         4.3826         5.9276

WRITING EXTENDED SYSTEM TO RESTART FILE AT STEP 2320000
WRITING COORDINATES TO DCD FILE ../output/02_eq_2_CLKW.0.dcd AT STEP 2320000
WRITING COORDINATES TO RESTART FILE AT STEP 2320000
FINISHED WRITING RESTART COORDINATES
WRITING VELOCITIES TO RESTART FILE AT STEP 2320000
FINISHED WRITING RESTART VELOCITIES
PRESSURE: 2330000 1931.75 35.0708 457.026 35.0663 -2146.52 143.975 457.029 143.978 -174.458
GPRESSURE: 2330000 1904.97 121.486 449.712 -14.6727 -2162.83 165.952 543.327 101.749 -119.254
PRESSAVG: 2330000 1914.42 -1.3083 -10.1073 -1.3083 -1914.68 -32.9188 -10.1073 -32.9188 -69.0777
GPRESSAVG: 2330000 1914.06 2.60714 -2.24775 -20.3256 -1909.53 -26.5534 -9.68396 -21.1661 -69.1943
TIMING: 2330000  CPU: 2075.38, 0.000892164/step  Wall: 2075.72, 0.000892272/step, 387.326 ns/days, 0.661768 hours remaining, 0.000000 MB of memory in use.
PERFORMANCE: 2330000  averaging 387.941 ns/day, 0.000890858 sec/step with standard deviation 2.26158e-06
ENERGY: 2330000        15.6061        40.9520        38.6735         0.9569         -50964.2221    -85367.3990         0.0000         0.0000     10409.7292        -125825.7034       294.0534   -136235.4326   -125886.8229       297.7925           -129.7403      -125.7062    181746.2770       -23.1119       -21.5571

WRITING EXTENDED SYSTEM TO RESTART FILE AT STEP 2330000
WRITING COORDINATES TO DCD FILE ../output/02_eq_2_CLKW.0.dcd AT STEP 2330000
WRITING COORDINATES TO RESTART FILE AT STEP 2330000
FINISHED WRITING RESTART COORDINATES
WRITING VELOCITIES TO RESTART FILE AT STEP 2330000
FINISHED WRITING RESTART VELOCITIES
PRESSURE: 2340000 2222.9 289.64 -189.845 289.64 -1588.88 40.8839 -189.846 40.8851 99.7117
GPRESSURE: 2340000 2240.54 110.261 -139.778 440.26 -1607.46 62.4141 -288.409 178.018 118.692
PRESSAVG: 2340000 1923.87 26.179 -19.1715 26.179 -1908.18 -20.2833 -19.1715 -20.2833 -52.3473
GPRESSAVG: 2340000 1923.94 12.3725 -5.55389 20.1807 -1903.63 -9.57504 -19.9218 0.296488 -52.3375
TIMING: 2340000  CPU: 2084.29, 0.000891201/step  Wall: 2084.63, 0.000891405/step, 387.703 ns/days, 0.658649 hours remaining, 0.000000 MB of memory in use.
PERFORMANCE: 2340000  averaging 387.939 ns/day, 0.000890861 sec/step with standard deviation 2.257e-06
ENERGY: 2340000        17.0307        46.2380        32.5875         1.3116         -51097.4262    -85224.2950         0.0000         0.0000     10541.5902        -125682.9632       297.7782   -136224.5534   -125874.2455       297.7845            244.5801       250.5928    181460.9914       -12.2179       -10.6774

WRITING EXTENDED SYSTEM TO RESTART FILE AT STEP 2340000
WRITING COORDINATES TO DCD FILE ../output/02_eq_2_CLKW.0.dcd AT STEP 2340000
WRITING COORDINATES TO RESTART FILE AT STEP 2340000
FINISHED WRITING RESTART COORDINATES
WRITING VELOCITIES TO RESTART FILE AT STEP 2340000
FINISHED WRITING RESTART VELOCITIES
PRESSURE: 2350000 1826.3 174.719 -24.1739 174.719 -1621.59 -263.339 -24.1748 -263.337 402.057
GPRESSURE: 2350000 1803.19 49.6393 -50.792 255.773 -1581.88 -336.682 -81.8025 -141.786 390.267
PRESSAVG: 2350000 1878.58 31.6936 -22.3492 31.6936 -1918.93 -39.5945 -22.3492 -39.5945 -28.0786
GPRESSAVG: 2350000 1877.95 8.51285 -11.1887 29.9095 -1912.93 -31.6289 -30.8332 -9.38994 -28.8063
TIMING: 2350000  CPU: 2093.21, 0.000892267/step  Wall: 2093.56, 0.000892241/step, 387.339 ns/days, 0.656789 hours remaining, 0.000000 MB of memory in use.
PERFORMANCE: 2350000  averaging 387.937 ns/day, 0.000890866 sec/step with standard deviation 2.25398e-06
ENERGY: 2350000        17.1551        49.6195        41.6926         0.9975         -51167.0040    -85451.1043         0.0000         0.0000     10556.8903        -125951.7533       298.2104   -136508.6437   -125876.5447       297.7507            202.2549       203.8576    181285.5768       -22.8099       -21.2620

WRITING EXTENDED SYSTEM TO RESTART FILE AT STEP 2350000
WRITING COORDINATES TO DCD FILE ../output/02_eq_2_CLKW.0.dcd AT STEP 2350000
WRITING COORDINATES TO RESTART FILE AT STEP 2350000
FINISHED WRITING RESTART COORDINATES
WRITING VELOCITIES TO RESTART FILE AT STEP 2350000
FINISHED WRITING RESTART VELOCITIES
PRESSURE: 2360000 2053.31 373.656 410.869 373.655 -1572.11 -56.9129 410.87 -56.9141 -162.966
GPRESSURE: 2360000 2035.83 447.952 320.317 266.184 -1557.07 -30.3429 497.655 -110.969 -162.615
PRESSAVG: 2360000 1904.01 38.2171 1.32737 38.2171 -1895.87 -40.3952 1.32737 -40.3952 -39.7848
GPRESSAVG: 2360000 1903.38 17.9438 10.8903 36.0786 -1888.58 -36.2083 -5.30114 -10.4691 -42.0734
TIMING: 2360000  CPU: 2102.11, 0.000890154/step  Wall: 2102.46, 0.000890244/step, 388.208 ns/days, 0.652845 hours remaining, 0.000000 MB of memory in use.
PERFORMANCE: 2360000  averaging 387.938 ns/day, 0.000890864 sec/step with standard deviation 2.24954e-06
ENERGY: 2360000        16.7665        44.8857        28.7097         1.5658         -51279.1097    -85433.3398         0.0000         0.0000     10523.6928        -126096.8289       297.2726   -136620.5218   -125892.5124       297.6380            106.0762       105.3819    180471.8308       -10.5491        -9.0932

WRITING EXTENDED SYSTEM TO RESTART FILE AT STEP 2360000
WRITING COORDINATES TO DCD FILE ../output/02_eq_2_CLKW.0.dcd AT STEP 2360000
WRITING COORDINATES TO RESTART FILE AT STEP 2360000
FINISHED WRITING RESTART COORDINATES
WRITING VELOCITIES TO RESTART FILE AT STEP 2360000
FINISHED WRITING RESTART VELOCITIES
PRESSURE: 2370000 1685.31 162.307 78.7744 162.308 -2012.1 85.3598 78.7746 85.3608 -7.82318
GPRESSURE: 2370000 1698.11 218.644 128.51 13.893 -2065.69 60.6086 -90.5848 96.3795 31.0789
PRESSAVG: 2370000 1929.2 47.2637 14.0266 47.2637 -1908.15 -32.4768 14.0266 -32.4768 -41.6982
GPRESSAVG: 2370000 1927.17 30.8758 19.2795 36.2442 -1902.97 -28.8212 -0.310306 -8.88912 -40.2779
TIMING: 2370000  CPU: 2111.02, 0.000890415/step  Wall: 2111.36, 0.000890544/step, 388.077 ns/days, 0.650592 hours remaining, 0.000000 MB of memory in use.
PERFORMANCE: 2370000  averaging 387.939 ns/day, 0.000890862 sec/step with standard deviation 2.24486e-06
ENERGY: 2370000        18.2156        49.5750        28.7550         0.8041         -51086.5256    -85545.5103         0.0000         0.0000     10537.7952        -125996.8911       297.6710   -136534.6863   -125897.1058       297.7275           -111.5380      -112.1678    180801.6214        -6.8833        -5.3581

WRITING EXTENDED SYSTEM TO RESTART FILE AT STEP 2370000
WRITING COORDINATES TO DCD FILE ../output/02_eq_2_CLKW.0.dcd AT STEP 2370000
WRITING COORDINATES TO RESTART FILE AT STEP 2370000
FINISHED WRITING RESTART COORDINATES
WRITING VELOCITIES TO RESTART FILE AT STEP 2370000
FINISHED WRITING RESTART VELOCITIES
PRESSURE: 2380000 1616.75 -71.3325 -285.461 -71.3326 -2172.68 -6.81819 -285.461 -6.81672 528.204
GPRESSURE: 2380000 1596.47 2.97394 -311.369 -92.1086 -2228.23 -99.5913 -240.835 36.7441 612.617
PRESSAVG: 2380000 1900.82 54.6631 7.79023 54.6631 -1964.65 -13.2972 7.79023 -13.2972 -37.9202
GPRESSAVG: 2380000 1895.92 45.9897 8.74191 43.8363 -1961.86 -15.4303 0.190239 11.9322 -31.4438
TIMING: 2380000  CPU: 2119.93, 0.000891769/step  Wall: 2120.28, 0.000891787/step, 387.536 ns/days, 0.649023 hours remaining, 0.000000 MB of memory in use.
PERFORMANCE: 2380000  averaging 387.937 ns/day, 0.000890866 sec/step with standard deviation 2.24093e-06
ENERGY: 2380000        15.2102        48.1228        26.9641         2.1506         -50926.8874    -85456.8713         0.0000         0.0000     10458.1506        -125833.1604       295.4212   -136291.3109   -125884.2127       297.5486             -9.2410        -6.3805    181390.0337       -33.9145       -32.4600

WRITING EXTENDED SYSTEM TO RESTART FILE AT STEP 2380000
WRITING COORDINATES TO DCD FILE ../output/02_eq_2_CLKW.0.dcd AT STEP 2380000
WRITING COORDINATES TO RESTART FILE AT STEP 2380000
FINISHED WRITING RESTART COORDINATES
WRITING VELOCITIES TO RESTART FILE AT STEP 2380000
FINISHED WRITING RESTART VELOCITIES
PRESSURE: 2390000 2459.43 15.1462 -128.56 15.1462 -1087.13 -90.6399 -128.564 -90.6409 -157.88
GPRESSURE: 2390000 2518.88 79.8963 -239.437 13.7484 -1116.41 -170.024 -15.3046 -141.088 -187.121
PRESSAVG: 2390000 1887.42 47.0652 -16.8136 47.0652 -1981.41 -8.93499 -16.8136 -8.93499 -49.1776
GPRESSAVG: 2390000 1886.97 35.1861 -17.7205 40.3808 -1981.39 -17.2384 -16.7617 13.4128 -43.5001
TIMING: 2390000  CPU: 2128.87, 0.000893972/step  Wall: 2129.22, 0.000894019/step, 386.569 ns/days, 0.648164 hours remaining, 0.000000 MB of memory in use.
PERFORMANCE: 2390000  averaging 387.931 ns/day, 0.00089088 sec/step with standard deviation 2.24549e-06
ENERGY: 2390000        16.8405        46.7105        32.3795         1.5171         -51326.5779    -85226.3283         0.0000         0.0000     10516.8698        -125938.5888       297.0799   -136455.4587   -125885.9327       297.5384            404.8055       405.1182    180383.9436       -47.7214       -45.9722

WRITING EXTENDED SYSTEM TO RESTART FILE AT STEP 2390000
WRITING COORDINATES TO DCD FILE ../output/02_eq_2_CLKW.0.dcd AT STEP 2390000
WRITING COORDINATES TO RESTART FILE AT STEP 2390000
FINISHED WRITING RESTART COORDINATES
WRITING VELOCITIES TO RESTART FILE AT STEP 2390000
FINISHED WRITING RESTART VELOCITIES
PRESSURE: 2400000 1597.45 193.407 -145.225 193.409 -2322.95 152.577 -145.226 152.576 -592.58
GPRESSURE: 2400000 1631.71 152.095 -135.722 222.987 -2344.56 210.128 -126.172 189.799 -618.075
PRESSAVG: 2400000 1869.17 77.683 -31.1685 77.683 -2009.91 5.31063 -31.1685 5.31063 -63.0864
GPRESSAVG: 2400000 1869.8 65.9651 -29.6708 66.62 -2010.59 1.72746 -31.1915 22.62 -58.1515
TIMING: 2400000  CPU: 2137.8, 0.00089237/step  Wall: 2138.15, 0.000892415/step, 387.264 ns/days, 0.644522 hours remaining, 0.000000 MB of memory in use.
PERFORMANCE: 2400000  averaging 387.928 ns/day, 0.000890886 sec/step with standard deviation 2.24298e-06
ETITLE:      TS           BOND          ANGLE          DIHED          IMPRP               ELECT            VDW       BOUNDARY           MISC        KINETIC               TOTAL           TEMP      POTENTIAL       TOTALAVG        TEMPAVG            PRESSURE      GPRESSURE         VOLUME       PRESSAVG      GPRESSAVG

ENERGY: 2400000        22.3677        45.2320        34.4340         2.4335         -51029.9061    -85495.3139         0.0000         0.0000     10480.3652        -125940.3877       296.0487   -136420.7529   -125878.2162       297.5236           -439.3582      -443.6423    181737.2679       -67.9412       -66.3160

WRITING EXTENDED SYSTEM TO RESTART FILE AT STEP 2400000
WRITING COORDINATES TO DCD FILE ../output/02_eq_2_CLKW.0.dcd AT STEP 2400000
WRITING COORDINATES TO RESTART FILE AT STEP 2400000
FINISHED WRITING RESTART COORDINATES
WRITING VELOCITIES TO RESTART FILE AT STEP 2400000
FINISHED WRITING RESTART VELOCITIES
PRESSURE: 2410000 2642.85 -44.4466 197.63 -44.4447 -1467.55 192.748 197.63 192.749 -181.971
GPRESSURE: 2410000 2627.07 -90.2917 302.574 -69.5701 -1492.51 216.78 121.238 235.214 -136.399
PRESSAVG: 2410000 1887.52 56.1791 -30.8936 56.1791 -1977.14 11.1818 -30.8936 11.1818 -122.975
GPRESSAVG: 2410000 1889.31 42.6541 -27.2817 41.5137 -1980.69 9.68831 -33.9143 31.9466 -116.937
TIMING: 2410000  CPU: 2146.72, 0.000891964/step  Wall: 2147.07, 0.000891973/step, 387.456 ns/days, 0.641725 hours remaining, 0.000000 MB of memory in use.
PERFORMANCE: 2410000  averaging 387.926 ns/day, 0.00089089 sec/step with standard deviation 2.2394e-06
ENERGY: 2410000        15.9434        53.8301        34.1671         0.3395         -51452.9693    -85349.5495         0.0000         0.0000     10545.5455        -126152.6932       297.8899   -136698.2387   -125881.4103       297.4586            331.1104       332.7217    179905.7526       -70.8634       -69.4383

WRITING EXTENDED SYSTEM TO RESTART FILE AT STEP 2410000
WRITING COORDINATES TO DCD FILE ../output/02_eq_2_CLKW.0.dcd AT STEP 2410000
WRITING COORDINATES TO RESTART FILE AT STEP 2410000
FINISHED WRITING RESTART COORDINATES
WRITING VELOCITIES TO RESTART FILE AT STEP 2410000
FINISHED WRITING RESTART VELOCITIES
PRESSURE: 2420000 1880.68 50.4594 452.291 50.4587 -2019.06 -254.978 452.291 -254.979 1599.02
GPRESSURE: 2420000 1893.4 55.8473 385.152 -40.2642 -1985.41 -335.836 503.979 -117.213 1545.03
PRESSAVG: 2420000 1917.6 54.8324 3.65472 54.8324 -1964.43 -2.88159 3.65472 -2.88159 -28.984
GPRESSAVG: 2420000 1916.98 41.178 1.90067 41.18 -1964.74 -10.1446 0.398284 24.7095 -23.9945
TIMING: 2420000  CPU: 2155.65, 0.000893027/step  Wall: 2156, 0.000893239/step, 386.906 ns/days, 0.640155 hours remaining, 0.000000 MB of memory in use.
PERFORMANCE: 2420000  averaging 387.922 ns/day, 0.0008909 sec/step with standard deviation 2.23984e-06
ENERGY: 2420000        10.4597        49.2103        27.7744         2.4279         -51311.1088    -85303.0129         0.0000         0.0000     10642.9236        -125881.3257       300.6406   -136524.2493   -125870.6827       297.6599            486.8820       484.3383    180583.8422       -25.2712       -23.9192

WRITING EXTENDED SYSTEM TO RESTART FILE AT STEP 2420000
WRITING COORDINATES TO DCD FILE ../output/02_eq_2_CLKW.0.dcd AT STEP 2420000
WRITING COORDINATES TO RESTART FILE AT STEP 2420000
FINISHED WRITING RESTART COORDINATES
WRITING VELOCITIES TO RESTART FILE AT STEP 2420000
FINISHED WRITING RESTART VELOCITIES
PRESSURE: 2430000 1608.2 212.346 -9.97431 212.343 -2284.08 259.179 -9.97152 259.178 669.591
GPRESSURE: 2430000 1609.35 141.266 -135.466 277.813 -2299.85 277.174 141.405 247.947 687.812
PRESSAVG: 2430000 1901.05 59.6966 0.888911 59.6966 -2011.24 33.8796 0.888911 33.8796 1.39203
GPRESSAVG: 2430000 1903.08 47.0262 -9.68989 43.7351 -2014.04 22.3789 7.97467 62.6853 5.77459
TIMING: 2430000  CPU: 2164.57, 0.000892102/step  Wall: 2164.92, 0.000892319/step, 387.306 ns/days, 0.637016 hours remaining, 0.000000 MB of memory in use.
PERFORMANCE: 2430000  averaging 387.92 ns/day, 0.000890906 sec/step with standard deviation 2.23706e-06
ENERGY: 2430000        26.5569        37.6807        29.1241         1.2883         -51015.0888    -85404.6273         0.0000         0.0000     10467.5512        -125857.5148       295.6867   -136325.0660   -125865.1842       297.5637             -2.0940        -0.8986    180786.8922       -36.2649       -35.0598

WRITING EXTENDED SYSTEM TO RESTART FILE AT STEP 2430000
WRITING COORDINATES TO DCD FILE ../output/02_eq_2_CLKW.0.dcd AT STEP 2430000
WRITING COORDINATES TO RESTART FILE AT STEP 2430000
FINISHED WRITING RESTART COORDINATES
WRITING VELOCITIES TO RESTART FILE AT STEP 2430000
FINISHED WRITING RESTART VELOCITIES
PRESSURE: 2440000 1396.16 -277.017 -78.2991 -277.017 -1988.93 -360.068 -78.2981 -360.067 -766.494
GPRESSURE: 2440000 1374.66 -317.097 -207.817 -253.305 -2078.2 -354.641 -12.8506 -331.144 -643.553
PRESSAVG: 2440000 1868.7 49.9944 4.02357 49.9944 -2009.96 35.4872 4.02357 35.4872 -45.2874
GPRESSAVG: 2440000 1869.58 41.0134 -10.51 34.4379 -2017.06 29.0057 14.5189 60.79 -35.4633
TIMING: 2440000  CPU: 2173.5, 0.00089284/step  Wall: 2173.85, 0.000892947/step, 387.033 ns/days, 0.634985 hours remaining, 0.000000 MB of memory in use.
PERFORMANCE: 2440000  averaging 387.916 ns/day, 0.000890914 sec/step with standard deviation 2.23628e-06
ENERGY: 2440000        10.7200        60.8169        34.9816         4.6859         -51142.1009    -85448.9781         0.0000         0.0000     10525.8633        -125954.0113       297.3339   -136479.8747   -125877.2630       297.4652           -453.0890      -449.0301    181584.3910       -62.1810       -60.9819

WRITING EXTENDED SYSTEM TO RESTART FILE AT STEP 2440000
WRITING COORDINATES TO DCD FILE ../output/02_eq_2_CLKW.0.dcd AT STEP 2440000
WRITING COORDINATES TO RESTART FILE AT STEP 2440000
FINISHED WRITING RESTART COORDINATES
WRITING VELOCITIES TO RESTART FILE AT STEP 2440000
FINISHED WRITING RESTART VELOCITIES
PRESSURE: 2450000 1759.16 -388.473 -164.414 -388.472 -1490.79 -175.231 -164.415 -175.232 214.835
GPRESSURE: 2450000 1848.11 -369.835 -154.849 -398.19 -1579.84 -148.402 -196.502 -231.009 218.147
PRESSAVG: 2450000 1839.84 33.3393 -3.78742 33.3393 -2008.86 25.4265 -3.78742 25.4265 -19.5778
GPRESSAVG: 2450000 1844.25 24.5389 -21.149 16.042 -2019.42 19.4874 7.08653 49.7037 -9.03214
TIMING: 2450000  CPU: 2182.42, 0.000892712/step  Wall: 2182.78, 0.000892958/step, 387.028 ns/days, 0.632512 hours remaining, 0.000000 MB of memory in use.
PERFORMANCE: 2450000  averaging 387.912 ns/day, 0.000890923 sec/step with standard deviation 2.2355e-06
ENERGY: 2450000        22.7994        51.8964        34.8263         1.2294         -50932.7837    -85385.0160         0.0000         0.0000     10672.6651        -125534.3831       301.4808   -136207.0482   -125867.2085       297.5188            161.0690       162.1370    182286.9990       -62.8651       -61.3995

WRITING EXTENDED SYSTEM TO RESTART FILE AT STEP 2450000
WRITING COORDINATES TO DCD FILE ../output/02_eq_2_CLKW.0.dcd AT STEP 2450000
WRITING COORDINATES TO RESTART FILE AT STEP 2450000
FINISHED WRITING RESTART COORDINATES
WRITING VELOCITIES TO RESTART FILE AT STEP 2450000
FINISHED WRITING RESTART VELOCITIES
PRESSURE: 2460000 1533.84 -226.306 -235.522 -226.307 -1882.51 -530.734 -235.521 -530.735 -388.077
GPRESSURE: 2460000 1505.87 -352.449 -206.333 -197.797 -1820.39 -611.12 -291.73 -505.33 -417.188
PRESSAVG: 2460000 1836.45 20.2084 -28.9278 20.2084 -1982.84 -1.70419 -28.9278 -1.70419 -6.03729
GPRESSAVG: 2460000 1841.87 3.02707 -41.3409 5.44598 -1991.04 -11.3583 -23.7907 23.6883 1.839
TIMING: 2460000  CPU: 2191.36, 0.000893416/step  Wall: 2191.72, 0.000893542/step, 386.775 ns/days, 0.630443 hours remaining, 0.000000 MB of memory in use.
PERFORMANCE: 2460000  averaging 387.908 ns/day, 0.000890933 sec/step with standard deviation 2.23718e-06
ENERGY: 2460000        18.1004        48.1149        29.8254         1.6747         -51053.8743    -85544.8814         0.0000         0.0000     10527.9115        -125973.1289       297.3918   -136501.0404   -125882.8450       297.3559           -245.5840      -243.9037    180973.8805       -50.8101       -49.1093

WRITING EXTENDED SYSTEM TO RESTART FILE AT STEP 2460000
WRITING COORDINATES TO DCD FILE ../output/02_eq_2_CLKW.0.dcd AT STEP 2460000
WRITING COORDINATES TO RESTART FILE AT STEP 2460000
FINISHED WRITING RESTART COORDINATES
WRITING VELOCITIES TO RESTART FILE AT STEP 2460000
FINISHED WRITING RESTART VELOCITIES
PRESSURE: 2470000 2051.48 196.507 74.4273 196.503 -1545.21 -99.9823 74.4284 -99.9817 376.808
GPRESSURE: 2470000 2126.21 42.8106 84.3426 313.425 -1595.48 -78.7468 49.2183 -35.664 344.856
PRESSAVG: 2470000 1828.86 26.5649 -25.2014 26.5649 -1962.31 -37.7012 -25.2014 -37.7012 20.341
GPRESSAVG: 2470000 1836.59 -1.67779 -37.8832 19.448 -1973.43 -45.3087 -23.7762 -11.1365 28.3559
TIMING: 2470000  CPU: 2200.28, 0.00089197/step  Wall: 2200.64, 0.000892038/step, 387.428 ns/days, 0.626904 hours remaining, 0.000000 MB of memory in use.
PERFORMANCE: 2470000  averaging 387.906 ns/day, 0.000890938 sec/step with standard deviation 2.23373e-06
ENERGY: 2470000        19.3629        51.3120        33.4020         1.4751         -51139.9888    -85361.0637         0.0000         0.0000     10601.6203        -125793.8802       299.4739   -136395.5005   -125874.0776       297.6361            294.3568       291.8614    180761.4045       -37.7037       -36.1623

WRITING EXTENDED SYSTEM TO RESTART FILE AT STEP 2470000
WRITING COORDINATES TO DCD FILE ../output/02_eq_2_CLKW.0.dcd AT STEP 2470000
WRITING COORDINATES TO RESTART FILE AT STEP 2470000
FINISHED WRITING RESTART COORDINATES
WRITING VELOCITIES TO RESTART FILE AT STEP 2470000
FINISHED WRITING RESTART VELOCITIES
PRESSURE: 2480000 1749.01 159.759 161.203 159.759 -2412.73 -167.583 161.203 -167.581 261.002
GPRESSURE: 2480000 1744.74 303.388 250.35 98.0522 -2428.36 -189.189 23.6927 -76.9708 275.47
PRESSAVG: 2480000 1846.78 53.1625 10.0096 53.1625 -1965.8 -41.0649 10.0096 -41.0649 28.4115
GPRESSAVG: 2480000 1852.79 35.3312 5.67347 42.6847 -1976.32 -44.556 3.76581 -10.417 36.1262
TIMING: 2480000  CPU: 2209.22, 0.00089409/step  Wall: 2209.58, 0.000894347/step, 386.427 ns/days, 0.626043 hours remaining, 0.000000 MB of memory in use.
PERFORMANCE: 2480000  averaging 387.9 ns/day, 0.000890952 sec/step with standard deviation 2.23969e-06
ENERGY: 2480000        16.3931        48.0784        29.3859         1.6330         -51149.2238    -85519.5170         0.0000         0.0000     10654.9972        -125918.2533       300.9817   -136573.2505   -125884.6744       297.6937           -134.2393      -136.0499    181305.3622       -30.2023       -29.1353

WRITING EXTENDED SYSTEM TO RESTART FILE AT STEP 2480000
WRITING COORDINATES TO DCD FILE ../output/02_eq_2_CLKW.0.dcd AT STEP 2480000
WRITING COORDINATES TO RESTART FILE AT STEP 2480000
FINISHED WRITING RESTART COORDINATES
WRITING VELOCITIES TO RESTART FILE AT STEP 2480000
FINISHED WRITING RESTART VELOCITIES
PRESSURE: 2490000 1112.54 74.208 218.413 74.2066 -2627.29 0.839226 218.413 0.838849 -259.196
GPRESSURE: 2490000 1148.82 193.982 179.082 25.1813 -2603.62 -55.1408 237.477 -7.45923 -301.541
PRESSAVG: 2490000 1796.75 51.4507 18.6439 51.4507 -1992.6 -50.3271 18.6439 -50.3271 38.4094
GPRESSAVG: 2490000 1803.47 39.8079 8.40779 39.8881 -2003.42 -62.3613 18.3093 -28.015 45.9312
TIMING: 2490000  CPU: 2218.13, 0.0008915/step  Wall: 2218.5, 0.000891699/step, 387.575 ns/days, 0.621712 hours remaining, 0.000000 MB of memory in use.
PERFORMANCE: 2490000  averaging 387.899 ns/day, 0.000890955 sec/step with standard deviation 2.23567e-06
ENERGY: 2490000        14.5872        52.2750        32.6568         1.2328         -50912.8724    -85635.9529         0.0000         0.0000     10552.9233        -125895.1501       298.0983   -136448.0734   -125887.3788       297.7757           -591.3140      -585.4486    180767.1593       -52.4803       -51.3398

WRITING EXTENDED SYSTEM TO RESTART FILE AT STEP 2490000
WRITING COORDINATES TO DCD FILE ../output/02_eq_2_CLKW.0.dcd AT STEP 2490000
WRITING COORDINATES TO RESTART FILE AT STEP 2490000
FINISHED WRITING RESTART COORDINATES
WRITING VELOCITIES TO RESTART FILE AT STEP 2490000
FINISHED WRITING RESTART VELOCITIES
PRESSURE: 2500000 1694.53 -155.652 -393.423 -155.65 -2028.39 -24.3709 -393.424 -24.371 350.178
GPRESSURE: 2500000 1671.93 -197.66 -346.73 -5.38195 -2053.49 41.7427 -445.835 -76.8641 408.963
PRESSAVG: 2500000 1814.81 34.0577 -5.39251 34.0577 -1972.53 -40.1142 -5.39251 -40.1142 67.5769
GPRESSAVG: 2500000 1818.5 21.2093 -11.4242 33.8424 -1983.01 -48.0944 -11.5474 -18.312 78.2982
TIMING: 2500000  CPU: 2227.08, 0.000894255/step  Wall: 2227.44, 0.000894243/step, 386.472 ns/days, 0.621002 hours remaining, 0.000000 MB of memory in use.
PERFORMANCE: 2500000  averaging 387.893 ns/day, 0.000890968 sec/step with standard deviation 2.24085e-06
ETITLE:      TS           BOND          ANGLE          DIHED          IMPRP               ELECT            VDW       BOUNDARY           MISC        KINETIC               TOTAL           TEMP      POTENTIAL       TOTALAVG        TEMPAVG            PRESSURE      GPRESSURE         VOLUME       PRESSAVG      GPRESSAVG

ENERGY: 2500000        11.3653        62.2744        29.9088         5.6252         -51284.4702    -85365.1780         0.0000         0.0000     10638.1477        -125902.3269       300.5057   -136540.4746   -125880.8300       298.0477              5.4399         9.1346    180816.9446       -30.0472       -28.7384

WRITING EXTENDED SYSTEM TO RESTART FILE AT STEP 2500000
WRITING COORDINATES TO DCD FILE ../output/02_eq_2_CLKW.0.dcd AT STEP 2500000
WRITING COORDINATES TO RESTART FILE AT STEP 2500000
FINISHED WRITING RESTART COORDINATES
WRITING VELOCITIES TO RESTART FILE AT STEP 2500000
FINISHED WRITING RESTART VELOCITIES
PRESSURE: 2510000 1553.1 167.5 4.54118 167.5 -2064.45 -46.6313 4.53984 -46.63 -109.249
GPRESSURE: 2510000 1614.89 36.2005 72.4749 166.825 -2073.6 -58.7024 34.3218 -83.3341 -139.78
PRESSAVG: 2510000 1811.1 47.7743 4.92519 47.7743 -1937.01 -56.6607 4.92519 -56.6607 80.1056
GPRESSAVG: 2510000 1819.13 31.69 -0.642038 50.572 -1951.33 -68.567 0.192323 -32.1333 90.7436
TIMING: 2510000  CPU: 2235.99, 0.000891331/step  Wall: 2236.35, 0.000891463/step, 387.677 ns/days, 0.616595 hours remaining, 0.000000 MB of memory in use.
PERFORMANCE: 2510000  averaging 387.892 ns/day, 0.00089097 sec/step with standard deviation 2.23658e-06
ENERGY: 2510000        21.6326        51.8570        32.1984         1.6864         -51127.6448    -85351.5758         0.0000         0.0000     10630.7276        -125741.1186       300.2961   -136371.8462   -125887.1895       298.1129           -206.8671      -199.4953    181355.7255       -15.2665       -13.8201

WRITING EXTENDED SYSTEM TO RESTART FILE AT STEP 2510000
WRITING COORDINATES TO DCD FILE ../output/02_eq_2_CLKW.0.dcd AT STEP 2510000
WRITING COORDINATES TO RESTART FILE AT STEP 2510000
FINISHED WRITING RESTART COORDINATES
WRITING VELOCITIES TO RESTART FILE AT STEP 2510000
FINISHED WRITING RESTART VELOCITIES
PRESSURE: 2520000 2090 -98.8108 315.768 -98.8143 -1820.87 324.976 315.768 324.976 -567.839
GPRESSURE: 2520000 2133.89 -60.0387 267.949 -266.785 -1831.91 286.582 348.172 322.201 -588.068
PRESSAVG: 2520000 1823.24 42.1338 35.8023 42.1338 -1907.79 -43.8372 35.8023 -43.8372 56.6436
GPRESSAVG: 2520000 1836.43 28.4535 25.6085 37.8034 -1925.34 -57.3519 35.523 -22.539 65.9668
TIMING: 2520000  CPU: 2244.9, 0.000891394/step  Wall: 2245.27, 0.000891655/step, 387.594 ns/days, 0.614251 hours remaining, 0.000000 MB of memory in use.
PERFORMANCE: 2520000  averaging 387.891 ns/day, 0.000890972 sec/step with standard deviation 2.23254e-06
ENERGY: 2520000        12.2812        40.7988        35.3182         1.1617         -51288.7089    -85417.8755         0.0000         0.0000     10648.6494        -125968.3751       300.8024   -136617.0245   -125891.9219       298.2059            -99.5701       -95.3623    181898.5381        -9.3030        -7.6471

WRITING EXTENDED SYSTEM TO RESTART FILE AT STEP 2520000
WRITING COORDINATES TO DCD FILE ../output/02_eq_2_CLKW.0.dcd AT STEP 2520000
WRITING COORDINATES TO RESTART FILE AT STEP 2520000
FINISHED WRITING RESTART COORDINATES
WRITING VELOCITIES TO RESTART FILE AT STEP 2520000
FINISHED WRITING RESTART VELOCITIES
PRESSURE: 2530000 1963.13 102.956 316.355 102.955 -2082.59 288.432 316.355 288.433 146.549
GPRESSURE: 2530000 1900.2 73.0997 260.587 153.254 -2097.05 314.808 374.728 230.364 199.362
PRESSAVG: 2530000 1824.81 45.5283 28.7686 45.5283 -1904.59 -36.6145 28.7686 -36.6145 72.694
GPRESSAVG: 2530000 1836.19 26.0341 16.1523 46.1997 -1922.05 -49.909 27.0931 -16.1082 81.8977
TIMING: 2530000  CPU: 2253.87, 0.000896834/step  Wall: 2254.24, 0.000897036/step, 385.269 ns/days, 0.615466 hours remaining, 0.000000 MB of memory in use.
PERFORMANCE: 2530000  averaging 387.88 ns/day, 0.000890996 sec/step with standard deviation 2.26048e-06
ENERGY: 2530000        13.8999        38.7230        31.9877         1.2847         -51056.5722    -85529.8587         0.0000         0.0000     10540.6802        -125959.8554       297.7525   -136500.5357   -125898.6295       298.3908              9.0299         0.8401    180433.7665        -2.3645        -1.3198

WRITING EXTENDED SYSTEM TO RESTART FILE AT STEP 2530000
WRITING COORDINATES TO DCD FILE ../output/02_eq_2_CLKW.0.dcd AT STEP 2530000
WRITING COORDINATES TO RESTART FILE AT STEP 2530000
FINISHED WRITING RESTART COORDINATES
WRITING VELOCITIES TO RESTART FILE AT STEP 2530000
FINISHED WRITING RESTART VELOCITIES
PRESSURE: 2540000 1829.22 -226.867 -541.283 -226.868 -2473.21 74.4181 -541.286 74.4195 553.683
GPRESSURE: 2540000 1836.43 -87.5112 -516.194 -312.003 -2495.19 136.052 -492.531 2.95718 563.487
PRESSAVG: 2540000 1805.12 19.7028 11.1966 19.7028 -1948.81 -34.9378 11.1966 -34.9378 95.3925
GPRESSAVG: 2540000 1815.99 16.1456 -2.66854 8.58655 -1966.44 -46.2271 16.887 -24.8613 104.137
TIMING: 2540000  CPU: 2262.81, 0.000893873/step  Wall: 2263.18, 0.000893816/step, 386.657 ns/days, 0.610774 hours remaining, 0.000000 MB of memory in use.
PERFORMANCE: 2540000  averaging 387.876 ns/day, 0.000891007 sec/step with standard deviation 2.26293e-06
ENERGY: 2540000        24.1660        40.0449        32.1705         1.7526         -51221.3535    -85446.0190         0.0000         0.0000     10584.7992        -125984.4392       298.9988   -136569.2384   -125913.7033       298.4518            -30.1030       -31.7588    180526.2237       -16.0987       -15.4374

WRITING EXTENDED SYSTEM TO RESTART FILE AT STEP 2540000
WRITING COORDINATES TO DCD FILE ../output/02_eq_2_CLKW.0.dcd AT STEP 2540000
WRITING COORDINATES TO RESTART FILE AT STEP 2540000
FINISHED WRITING RESTART COORDINATES
WRITING VELOCITIES TO RESTART FILE AT STEP 2540000
FINISHED WRITING RESTART VELOCITIES
PRESSURE: 2550000 1976.76 -234.244 94.3788 -234.246 -2175.67 70.3142 94.3803 70.3161 -83.825
GPRESSURE: 2550000 2000.07 -300.06 -27.9332 -210.414 -2179.31 -10.3996 5.7312 42.6823 -102.951
PRESSAVG: 2550000 1812.65 -0.745417 17.1244 -0.745417 -1976.51 -18.2551 17.1244 -18.2551 71.0985
GPRESSAVG: 2550000 1825.83 -1.33938 -1.52561 -14.7228 -1996.31 -29.913 21.2637 -15.6378 79.4765
TIMING: 2550000  CPU: 2271.74, 0.000892728/step  Wall: 2272.11, 0.000892948/step, 387.033 ns/days, 0.6077 hours remaining, 0.000000 MB of memory in use.
PERFORMANCE: 2550000  averaging 387.872 ns/day, 0.000891015 sec/step with standard deviation 2.26174e-06
ENERGY: 2550000        13.6547        42.6379        32.9261         1.1030         -51029.6186    -85463.4878         0.0000         0.0000     10714.2487        -125688.5360       302.6554   -136402.7847   -125900.5424       298.6741            -94.2459       -94.0643    181619.6845       -30.9237       -30.3335

WRITING EXTENDED SYSTEM TO RESTART FILE AT STEP 2550000
WRITING COORDINATES TO DCD FILE ../output/02_eq_2_CLKW.0.dcd AT STEP 2550000
WRITING COORDINATES TO RESTART FILE AT STEP 2550000
FINISHED WRITING RESTART COORDINATES
WRITING VELOCITIES TO RESTART FILE AT STEP 2550000
FINISHED WRITING RESTART VELOCITIES
PRESSURE: 2560000 2854.01 -167.531 -19.4607 -167.53 -1681.34 325.452 -19.4623 325.451 161.904
GPRESSURE: 2560000 2876.91 -238.263 118.138 -115.424 -1668.34 308.583 -74.4412 316.463 132.878
PRESSAVG: 2560000 1852.68 -27.8047 -4.39225 -27.8047 -1981.98 0.863101 -4.39225 0.863101 87.3419
GPRESSAVG: 2560000 1867.89 -35.6501 -11.6345 -33.8032 -2001.87 -12.9667 -7.34116 5.73376 94.2512
TIMING: 2560000  CPU: 2280.68, 0.000893914/step  Wall: 2281.05, 0.000894042/step, 386.559 ns/days, 0.605962 hours remaining, 0.000000 MB of memory in use.
PERFORMANCE: 2560000  averaging 387.867 ns/day, 0.000891027 sec/step with standard deviation 2.26521e-06
ENERGY: 2560000        14.2457        47.1327        29.6713         1.1657         -51110.5501    -85496.8154         0.0000         0.0000     10617.0749        -125898.0752       299.9105   -136515.1501   -125890.6048       298.8060            444.8574       447.1486    180536.7744       -13.9846       -13.2451

WRITING EXTENDED SYSTEM TO RESTART FILE AT STEP 2560000
WRITING COORDINATES TO DCD FILE ../output/02_eq_2_CLKW.0.dcd AT STEP 2560000
WRITING COORDINATES TO RESTART FILE AT STEP 2560000
FINISHED WRITING RESTART COORDINATES
WRITING VELOCITIES TO RESTART FILE AT STEP 2560000
FINISHED WRITING RESTART VELOCITIES
PRESSURE: 2570000 2069.08 -262.544 239.749 -262.544 -2059.77 -334.214 239.749 -334.213 -800.771
GPRESSURE: 2570000 2071.37 -281.486 263.616 -270.784 -2065.77 -87.0012 202.886 -300.736 -782.545
PRESSAVG: 2570000 1871.87 -49.0472 3.65649 -49.0472 -1984.36 -20.1156 3.65649 -20.1156 47.6945
GPRESSAVG: 2570000 1886.55 -60.6566 -4.87922 -48.0371 -2001.88 -20.3472 7.33237 -14.122 53.57
TIMING: 2570000  CPU: 2289.6, 0.000892542/step  Wall: 2289.98, 0.000892678/step, 387.15 ns/days, 0.602558 hours remaining, 0.000000 MB of memory in use.
PERFORMANCE: 2570000  averaging 387.864 ns/day, 0.000891033 sec/step with standard deviation 2.26313e-06
ENERGY: 2570000        16.1261        38.5236        28.1254         4.0356         -50847.9160    -85636.9893         0.0000         0.0000     10485.7210        -125912.3736       296.2000   -136398.0946   -125886.3789       298.7324           -263.8214      -258.9788    181347.6157       -21.5988       -20.5857

WRITING EXTENDED SYSTEM TO RESTART FILE AT STEP 2570000
WRITING COORDINATES TO DCD FILE ../output/02_eq_2_CLKW.0.dcd AT STEP 2570000
WRITING COORDINATES TO RESTART FILE AT STEP 2570000
FINISHED WRITING RESTART COORDINATES
WRITING VELOCITIES TO RESTART FILE AT STEP 2570000
FINISHED WRITING RESTART VELOCITIES
PRESSURE: 2580000 1138.8 -69.8567 -231.529 -69.858 -3098.04 156.994 -231.532 156.993 -521.959
GPRESSURE: 2580000 1138.48 -132.869 -234.041 -91.7491 -3058.38 104.046 -235.162 214.663 -578.889
PRESSAVG: 2580000 1847.97 -48.9735 6.35297 -48.9735 -2030.63 -11.9251 6.35297 -11.9251 -4.81364
GPRESSAVG: 2580000 1863.65 -67.4488 -1.01283 -48.0191 -2043.38 -10.1654 7.61602 -5.22605 -6.00538
TIMING: 2580000  CPU: 2298.52, 0.000892204/step  Wall: 2298.9, 0.000892373/step, 387.282 ns/days, 0.599873 hours remaining, 0.000000 MB of memory in use.
PERFORMANCE: 2580000  averaging 387.862 ns/day, 0.000891039 sec/step with standard deviation 2.26026e-06
ENERGY: 2580000        14.1697        47.4918        36.1981         3.4084         -50869.1479    -85548.9475         0.0000         0.0000     10365.1951        -125951.6322       292.7954   -136316.8273   -125892.3025       298.6012           -827.0644      -832.9268    180676.0682       -62.4900       -61.9130

WRITING EXTENDED SYSTEM TO RESTART FILE AT STEP 2580000
WRITING COORDINATES TO DCD FILE ../output/02_eq_2_CLKW.0.dcd AT STEP 2580000
WRITING COORDINATES TO RESTART FILE AT STEP 2580000
FINISHED WRITING RESTART COORDINATES
WRITING VELOCITIES TO RESTART FILE AT STEP 2580000
FINISHED WRITING RESTART VELOCITIES
PRESSURE: 2590000 2926.57 -102.35 -218.23 -102.352 -1037.93 423.122 -218.232 423.123 307.645
GPRESSURE: 2590000 2921.42 -64.2754 -240.381 -154.496 -1008.06 387.157 -250.184 412.681 271.105
PRESSAVG: 2590000 1871.33 -54.8484 1.86956 -54.8484 -2028.17 13.7631 1.86956 13.7631 18.4626
GPRESSAVG: 2590000 1883.78 -74.6573 -1.06001 -56.4313 -2037.97 17.6937 -4.12798 22.4624 16.9059
TIMING: 2590000  CPU: 2307.45, 0.00089237/step  Wall: 2307.82, 0.000892368/step, 387.284 ns/days, 0.597391 hours remaining, 0.000000 MB of memory in use.
PERFORMANCE: 2590000  averaging 387.86 ns/day, 0.000891044 sec/step with standard deviation 2.25739e-06
ENERGY: 2590000        18.3924        41.9868        29.2697         2.3682         -51015.2057    -85346.9090         0.0000         0.0000     10549.9133        -125720.1844       298.0133   -136270.0977   -125881.3823       298.6478            732.0927       728.1561    181755.6344       -46.1256       -45.7611

WRITING EXTENDED SYSTEM TO RESTART FILE AT STEP 2590000
WRITING COORDINATES TO DCD FILE ../output/02_eq_2_CLKW.0.dcd AT STEP 2590000
WRITING COORDINATES TO RESTART FILE AT STEP 2590000
FINISHED WRITING RESTART COORDINATES
WRITING VELOCITIES TO RESTART FILE AT STEP 2590000
FINISHED WRITING RESTART VELOCITIES
PRESSURE: 2600000 2508.35 -406.085 -614.646 -406.087 -687.76 19.8112 -614.646 19.8118 314.241
GPRESSURE: 2600000 2464.34 -405.099 -665.186 -316.076 -680.942 21.595 -625.138 18.7279 370.208
PRESSAVG: 2600000 1916.87 -84.8232 -21.6015 -84.8232 -1946.41 7.12489 -21.6015 7.12489 63.8037
GPRESSAVG: 2600000 1925.41 -102.517 -27.5332 -83.3845 -1954.79 8.26699 -29.0763 13.9088 66.3201
TIMING: 2600000  CPU: 2316.38, 0.000893023/step  Wall: 2316.76, 0.000893237/step, 386.908 ns/days, 0.595491 hours remaining, 0.000000 MB of memory in use.
PERFORMANCE: 2600000  averaging 387.856 ns/day, 0.000891052 sec/step with standard deviation 2.25713e-06
ETITLE:      TS           BOND          ANGLE          DIHED          IMPRP               ELECT            VDW       BOUNDARY           MISC        KINETIC               TOTAL           TEMP      POTENTIAL       TOTALAVG        TEMPAVG            PRESSURE      GPRESSURE         VOLUME       PRESSAVG      GPRESSAVG

ENERGY: 2600000        13.2482        47.3953        32.4925         1.7375         -51302.0001    -85288.5688         0.0000         0.0000     10537.0176        -125958.6777       297.6490   -136495.6952   -125882.2968       298.7278            711.6097       717.8686    180552.5203        11.4228        12.3145

WRITING EXTENDED SYSTEM TO RESTART FILE AT STEP 2600000
WRITING COORDINATES TO DCD FILE ../output/02_eq_2_CLKW.0.dcd AT STEP 2600000
WRITING COORDINATES TO RESTART FILE AT STEP 2600000
FINISHED WRITING RESTART COORDINATES
WRITING VELOCITIES TO RESTART FILE AT STEP 2600000
FINISHED WRITING RESTART VELOCITIES
PRESSURE: 2610000 2216.66 -198.214 -9.5517 -198.217 -1948.81 294.319 -9.54919 294.318 -390.336
GPRESSURE: 2610000 2130.79 -212.109 73.0004 -131.156 -1907.16 311.878 -84.9662 201.522 -365.146
PRESSAVG: 2610000 1895.56 -92.5118 -31.9604 -92.5118 -1970.47 12.2034 -31.9604 12.2034 53.3854
GPRESSAVG: 2610000 1900.59 -108.608 -39.0119 -86.4638 -1975.52 13.0219 -39.3865 12.2242 54.8827
TIMING: 2610000  CPU: 2325.33, 0.000894797/step  Wall: 2325.71, 0.000894974/step, 386.156 ns/days, 0.594163 hours remaining, 0.000000 MB of memory in use.
PERFORMANCE: 2610000  averaging 387.85 ns/day, 0.000891067 sec/step with standard deviation 2.26583e-06
ENERGY: 2610000        12.1363        34.2345        32.7819         2.2958         -51280.3932    -85336.8455         0.0000         0.0000     10601.3978        -125934.3924       299.4676   -136535.7902   -125871.3817       298.8067            -40.8273       -47.1727    180664.9936        -7.1741        -6.6803

WRITING EXTENDED SYSTEM TO RESTART FILE AT STEP 2610000
WRITING COORDINATES TO DCD FILE ../output/02_eq_2_CLKW.0.dcd AT STEP 2610000
WRITING COORDINATES TO RESTART FILE AT STEP 2610000
FINISHED WRITING RESTART COORDINATES
WRITING VELOCITIES TO RESTART FILE AT STEP 2610000
FINISHED WRITING RESTART VELOCITIES
PRESSURE: 2620000 3124.49 340.763 50.5777 340.761 -1234.25 69.8102 50.5746 69.8117 942.346
GPRESSURE: 2620000 3139.28 439.316 -43.2911 152.538 -1230.21 -20.9017 -8.56408 23.9698 931.106
PRESSAVG: 2620000 1957.75 -77.9967 -52.0462 -77.9967 -1931.23 28.4429 -52.0462 28.4429 20.5518
GPRESSAVG: 2620000 1962.89 -89.4344 -60.4341 -76.8237 -1937.76 28.7687 -65.0136 19.2833 24.1867
TIMING: 2620000  CPU: 2334.26, 0.000893059/step  Wall: 2334.64, 0.000893169/step, 386.937 ns/days, 0.590484 hours remaining, 0.000000 MB of memory in use.
PERFORMANCE: 2620000  averaging 387.846 ns/day, 0.000891075 sec/step with standard deviation 2.26521e-06
ENERGY: 2620000        20.2678        44.1266        30.2375         0.8712         -51414.0677    -85144.2373         0.0000         0.0000     10587.6685        -125875.1333       299.0798   -136462.8018   -125871.0721       298.7287            944.1961       946.7263    181052.5604        15.6916        16.4391

WRITING EXTENDED SYSTEM TO RESTART FILE AT STEP 2620000
WRITING COORDINATES TO DCD FILE ../output/02_eq_2_CLKW.0.dcd AT STEP 2620000
WRITING COORDINATES TO RESTART FILE AT STEP 2620000
FINISHED WRITING RESTART COORDINATES
WRITING VELOCITIES TO RESTART FILE AT STEP 2620000
FINISHED WRITING RESTART VELOCITIES
PRESSURE: 2630000 1554.85 -110.918 -150.197 -110.918 -2571.59 -25.0227 -150.197 -25.022 -56.3705
GPRESSURE: 2630000 1539.79 -204.926 -187.434 -35.1289 -2597.59 -106.139 -163.355 -76.1332 -12.2298
PRESSAVG: 2630000 1955.09 -94.1598 -59.0575 -94.1598 -1945.61 14.2329 -59.0575 14.2329 -15.7463
GPRESSAVG: 2630000 1959.41 -106.744 -63.0325 -92.4708 -1952.64 9.60302 -80.2516 3.07935 -10.8154
TIMING: 2630000  CPU: 2343.21, 0.000895568/step  Wall: 2343.59, 0.000895575/step, 385.897 ns/days, 0.589587 hours remaining, 0.000000 MB of memory in use.
PERFORMANCE: 2630000  averaging 387.839 ns/day, 0.000891092 sec/step with standard deviation 2.27785e-06
ENERGY: 2630000        17.8150        39.9429        28.9680         2.1326         -51192.7189    -85286.8620         0.0000         0.0000     10565.5953        -125825.1272       298.4563   -136390.7225   -125869.4527       298.8672           -357.7028      -356.6765    181531.7096        -2.0888        -1.3498

WRITING EXTENDED SYSTEM TO RESTART FILE AT STEP 2630000
WRITING COORDINATES TO DCD FILE ../output/02_eq_2_CLKW.0.dcd AT STEP 2630000
WRITING COORDINATES TO RESTART FILE AT STEP 2630000
FINISHED WRITING RESTART COORDINATES
WRITING VELOCITIES TO RESTART FILE AT STEP 2630000
FINISHED WRITING RESTART VELOCITIES
PRESSURE: 2640000 2308.31 -218.781 -19.5451 -218.776 -1541.15 -22.4538 -19.5483 -22.4562 435.944
GPRESSURE: 2640000 2247.11 -214.253 80.9849 -315.672 -1502.78 3.98408 -77.2867 -29.3419 459.167
PRESSAVG: 2640000 2000.69 -91.2477 -56.12 -91.2477 -1923.22 31.1134 -56.12 31.1134 44.3756
GPRESSAVG: 2640000 2003.03 -101.602 -48.5924 -95.5891 -1923.87 27.5342 -83.4734 18.1695 44.3205
TIMING: 2640000  CPU: 2352.17, 0.000895345/step  Wall: 2352.55, 0.000895346/step, 385.996 ns/days, 0.586949 hours remaining, 0.000000 MB of memory in use.
PERFORMANCE: 2640000  averaging 387.832 ns/day, 0.000891108 sec/step with standard deviation 2.28854e-06
ENERGY: 2640000        14.4693        39.0954        31.3332         1.1603         -51333.0994    -85176.5029         0.0000         0.0000     10474.4752        -125949.0690       295.8823   -136423.5442   -125869.2056       298.7946            401.0335       401.1649    180424.6278        40.6173        41.1600

WRITING EXTENDED SYSTEM TO RESTART FILE AT STEP 2640000
WRITING COORDINATES TO DCD FILE ../output/02_eq_2_CLKW.0.dcd AT STEP 2640000
WRITING COORDINATES TO RESTART FILE AT STEP 2640000
FINISHED WRITING RESTART COORDINATES
WRITING VELOCITIES TO RESTART FILE AT STEP 2640000
FINISHED WRITING RESTART VELOCITIES
PRESSURE: 2650000 1413.51 287.666 -4.42467 287.666 -2354.91 -100.982 -4.42524 -100.982 -364.567
GPRESSURE: 2650000 1438.05 322.152 19.5883 200.269 -2320.34 -67.4174 -57.1832 -156.426 -435.98
PRESSAVG: 2650000 1983.41 -57.4408 -48.1205 -57.4408 -1966.42 34.826 -48.1205 34.826 15.4055
GPRESSAVG: 2650000 1982.53 -67.0024 -39.8705 -65.6661 -1960.9 31.5835 -76.5074 21.8986 11.6142
TIMING: 2650000  CPU: 2361.08, 0.00089169/step  Wall: 2361.47, 0.000891939/step, 387.471 ns/days, 0.582238 hours remaining, 0.000000 MB of memory in use.
PERFORMANCE: 2650000  averaging 387.83 ns/day, 0.000891111 sec/step with standard deviation 2.28477e-06
ENERGY: 2650000        17.6217        42.2393        33.5186         1.8200         -51124.0267    -85421.3100         0.0000         0.0000     10522.5112        -125927.6260       297.2392   -136450.1372   -125888.8677       298.5825           -435.3254      -439.4216    180499.1321        10.7976        11.0821

WRITING EXTENDED SYSTEM TO RESTART FILE AT STEP 2650000
WRITING COORDINATES TO DCD FILE ../output/02_eq_2_CLKW.0.dcd AT STEP 2650000
WRITING COORDINATES TO RESTART FILE AT STEP 2650000
FINISHED WRITING RESTART COORDINATES
WRITING VELOCITIES TO RESTART FILE AT STEP 2650000
FINISHED WRITING RESTART VELOCITIES
PRESSURE: 2660000 1952.11 -97.6868 -364.961 -97.6931 -2479.2 70.9972 -364.96 70.9972 -81.8985
GPRESSURE: 2660000 1949.88 -14.4592 -304.626 -37.3248 -2536.47 155.261 -518.528 11.7331 -30.2404
PRESSAVG: 2660000 2004.32 -51.0102 -54.5925 -51.0102 -1996.26 64.9126 -54.5925 64.9126 30.7144
GPRESSAVG: 2660000 2004.73 -50.103 -44.7852 -57.6425 -1996.7 69.9025 -87.8474 47.7518 30.9616
TIMING: 2660000  CPU: 2370.04, 0.000895638/step  Wall: 2370.42, 0.000895804/step, 385.798 ns/days, 0.582273 hours remaining, 0.000000 MB of memory in use.
PERFORMANCE: 2660000  averaging 387.823 ns/day, 0.000891129 sec/step with standard deviation 2.29853e-06
ENERGY: 2660000         8.7350        44.0869        27.1870         1.0486         -51245.6610    -85416.9393         0.0000         0.0000     10504.3626        -126077.1801       296.7266   -136581.5427   -125894.0703       298.5492           -202.9984      -205.6123    180897.5046        12.9268        12.9966

WRITING EXTENDED SYSTEM TO RESTART FILE AT STEP 2660000
WRITING COORDINATES TO DCD FILE ../output/02_eq_2_CLKW.0.dcd AT STEP 2660000
WRITING COORDINATES TO RESTART FILE AT STEP 2660000
FINISHED WRITING RESTART COORDINATES
WRITING VELOCITIES TO RESTART FILE AT STEP 2660000
FINISHED WRITING RESTART VELOCITIES
PRESSURE: 2670000 1740.15 -46.5309 74.6178 -46.5303 -1431.26 -75.8123 74.6161 -75.8145 -127.736
GPRESSURE: 2670000 1792.56 -107.322 6.95337 65.6178 -1466.59 -66.3379 -15.1492 -61.1827 -135.166
PRESSAVG: 2670000 1988.76 -63.1619 -54.5831 -63.1619 -1990.56 66.1209 -54.5831 66.1209 5.48723
GPRESSAVG: 2670000 1988.05 -57.6096 -48.6546 -70.0329 -1990.26 70.5229 -91.0657 46.4758 6.96049
TIMING: 2670000  CPU: 2378.95, 0.000891117/step  Wall: 2379.34, 0.000891262/step, 387.765 ns/days, 0.576845 hours remaining, 0.000000 MB of memory in use.
PERFORMANCE: 2670000  averaging 387.822 ns/day, 0.00089113 sec/step with standard deviation 2.29422e-06
ENERGY: 2670000         6.5298        40.2378        35.9989         1.3919         -51275.1195    -85363.7708         0.0000         0.0000     10484.8146        -126069.9171       296.1744   -136554.7318   -125907.8722       298.3843             60.3826        63.6030    180866.0071         1.2281         1.5837

WRITING EXTENDED SYSTEM TO RESTART FILE AT STEP 2670000
WRITING COORDINATES TO DCD FILE ../output/02_eq_2_CLKW.0.dcd AT STEP 2670000
WRITING COORDINATES TO RESTART FILE AT STEP 2670000
FINISHED WRITING RESTART COORDINATES
WRITING VELOCITIES TO RESTART FILE AT STEP 2670000
FINISHED WRITING RESTART VELOCITIES
PRESSURE: 2680000 1911.4 -35.9191 38.4841 -35.9199 -1800.69 -84.4748 38.4833 -84.4755 438.62
GPRESSURE: 2680000 1895.84 26.1939 -31.02 29.2533 -1840.48 -51.9833 81.7052 -96.4341 490.096
PRESSAVG: 2680000 1996.88 -72.9458 -60.7191 -72.9458 -1959.96 70.2762 -60.7191 70.2762 14.3681
GPRESSAVG: 2680000 1995.6 -71.4693 -62.7231 -73.4728 -1960.86 77.3833 -88.1651 45.5027 17.6918
TIMING: 2680000  CPU: 2387.86, 0.000890732/step  Wall: 2388.25, 0.000890893/step, 387.925 ns/days, 0.574131 hours remaining, 0.000000 MB of memory in use.
PERFORMANCE: 2680000  averaging 387.823 ns/day, 0.000891129 sec/step with standard deviation 2.28997e-06
ENERGY: 2680000        14.5645        38.8642        34.6094         1.5960         -51113.3210    -85456.6919         0.0000         0.0000     10565.1752        -125915.2035       298.4444   -136480.3787   -125907.7197       298.2574            183.1088       181.8181    181558.4430        17.0955        17.4771

WRITING EXTENDED SYSTEM TO RESTART FILE AT STEP 2680000
WRITING COORDINATES TO DCD FILE ../output/02_eq_2_CLKW.0.dcd AT STEP 2680000
WRITING COORDINATES TO RESTART FILE AT STEP 2680000
FINISHED WRITING RESTART COORDINATES
WRITING VELOCITIES TO RESTART FILE AT STEP 2680000
FINISHED WRITING RESTART VELOCITIES
PRESSURE: 2690000 1579.28 258.844 47.7782 258.846 -2201.47 -505.044 47.7762 -505.041 -376.819
GPRESSURE: 2690000 1600.15 159.448 -54.5573 209.27 -2272.51 -496.196 72.8664 -447.944 -329.964
PRESSAVG: 2690000 2020.21 -63.7139 -69.2509 -63.7139 -1938.67 44.9822 -69.2509 44.9822 8.48697
GPRESSAVG: 2690000 2018.17 -73.196 -74.4051 -64.2684 -1944.31 55.3305 -96.3956 23.4784 16.2706
TIMING: 2690000  CPU: 2396.77, 0.000891078/step  Wall: 2397.16, 0.000891312/step, 387.743 ns/days, 0.571925 hours remaining, 0.000000 MB of memory in use.
PERFORMANCE: 2690000  averaging 387.822 ns/day, 0.000891129 sec/step with standard deviation 2.28572e-06
ENERGY: 2690000        19.4959        51.7511        32.3289         1.1320         -51131.5781    -85326.7068         0.0000         0.0000     10527.3389        -125826.2383       297.3756   -136353.5772   -125904.2741       298.2213           -333.0030      -334.1088    180280.8038        30.0111        30.0441

WRITING EXTENDED SYSTEM TO RESTART FILE AT STEP 2690000
WRITING COORDINATES TO DCD FILE ../output/02_eq_2_CLKW.0.dcd AT STEP 2690000
WRITING COORDINATES TO RESTART FILE AT STEP 2690000
FINISHED WRITING RESTART COORDINATES
WRITING VELOCITIES TO RESTART FILE AT STEP 2690000
FINISHED WRITING RESTART VELOCITIES
PRESSURE: 2700000 2248.92 332.721 -143.017 332.722 -1131.78 113.007 -143.014 113.007 541.111
GPRESSURE: 2700000 2123.4 376 -255.907 211.844 -1108.12 51.4856 59.6281 46.9069 657.466
PRESSAVG: 2700000 2047.93 -39.2953 -56.7304 -39.2953 -1893.84 51.8511 -56.7304 51.8511 18.0336
GPRESSAVG: 2700000 2040.74 -44.513 -69.864 -53.407 -1897.04 55.8176 -71.1225 29.667 28.6957
TIMING: 2700000  CPU: 2405.69, 0.000892206/step  Wall: 2406.08, 0.00089238/step, 387.279 ns/days, 0.570131 hours remaining, 0.000000 MB of memory in use.
PERFORMANCE: 2700000  averaging 387.82 ns/day, 0.000891134 sec/step with standard deviation 2.28274e-06
ETITLE:      TS           BOND          ANGLE          DIHED          IMPRP               ELECT            VDW       BOUNDARY           MISC        KINETIC               TOTAL           TEMP      POTENTIAL       TOTALAVG        TEMPAVG            PRESSURE      GPRESSURE         VOLUME       PRESSAVG      GPRESSAVG

ENERGY: 2700000        15.8197        46.2342        26.7020         0.4953         -51165.5166    -85382.8472         0.0000         0.0000     10486.2967        -125972.8159       296.2163   -136459.1126   -125907.7985       298.0068            552.7478       557.5802    181214.5483        57.3765        57.4664

WRITING EXTENDED SYSTEM TO RESTART FILE AT STEP 2700000
WRITING COORDINATES TO DCD FILE ../output/02_eq_2_CLKW.0.dcd AT STEP 2700000
WRITING COORDINATES TO RESTART FILE AT STEP 2700000
FINISHED WRITING RESTART COORDINATES
WRITING VELOCITIES TO RESTART FILE AT STEP 2700000
FINISHED WRITING RESTART VELOCITIES
PRESSURE: 2710000 2074.8 4.20916 67.2055 4.20715 -2129.2 140.883 67.2049 140.883 52.5692
GPRESSURE: 2710000 2073.02 -125.661 -74.8343 -0.865141 -2106.74 186.299 133.974 161.688 26.9969
PRESSAVG: 2710000 2074.02 -47.4599 -53.5971 -47.4599 -1897.08 61.2267 -53.5971 61.2267 26.1245
GPRESSAVG: 2710000 2063.65 -52.6061 -77.2294 -61.7916 -1898.7 68.0677 -66.1399 41.9181 37.0346
TIMING: 2710000  CPU: 2414.63, 0.000894135/step  Wall: 2415.03, 0.000894308/step, 386.444 ns/days, 0.568879 hours remaining, 0.000000 MB of memory in use.
PERFORMANCE: 2710000  averaging 387.815 ns/day, 0.000891146 sec/step with standard deviation 2.28665e-06
ENERGY: 2710000        13.0556        50.6530        31.5764         1.2235         -51134.4371    -85523.4248         0.0000         0.0000     10501.4023        -126059.9512       296.6430   -136561.3534   -125923.7401       297.8241             -0.6129        -2.2409    180173.2249        67.6892        67.3291

WRITING EXTENDED SYSTEM TO RESTART FILE AT STEP 2710000
WRITING COORDINATES TO DCD FILE ../output/02_eq_2_CLKW.0.dcd AT STEP 2710000
WRITING COORDINATES TO RESTART FILE AT STEP 2710000
FINISHED WRITING RESTART COORDINATES
WRITING VELOCITIES TO RESTART FILE AT STEP 2710000
FINISHED WRITING RESTART VELOCITIES
PRESSURE: 2720000 1473.61 21.4979 369.455 21.4976 -1849.66 -198.906 369.455 -198.906 -1219.28
GPRESSURE: 2720000 1497.95 16.3592 440.33 97.8786 -1874.21 -58.2216 366.789 -345.247 -1217.89
PRESSAVG: 2720000 2043.2 -41.4443 -50.9128 -41.4443 -1898.51 35.0327 -50.9128 35.0327 -6.44774
GPRESSAVG: 2720000 2031.85 -48.7862 -68.6104 -43.5584 -1900.81 50.8276 -65.209 8.54572 5.54363
TIMING: 2720000  CPU: 2423.58, 0.000894419/step  Wall: 2423.97, 0.000894586/step, 386.324 ns/days, 0.566571 hours remaining, 0.000000 MB of memory in use.
PERFORMANCE: 2720000  averaging 387.81 ns/day, 0.000891158 sec/step with standard deviation 2.29193e-06
ENERGY: 2720000        20.5812        46.9428        32.0404         2.7640         -51143.2015    -85487.4669         0.0000         0.0000     10620.8469        -125907.4931       300.0170   -136528.3400   -125920.6960       297.7849           -531.7786      -531.3812    181385.7198        46.0788        45.5282

WRITING EXTENDED SYSTEM TO RESTART FILE AT STEP 2720000
WRITING COORDINATES TO DCD FILE ../output/02_eq_2_CLKW.0.dcd AT STEP 2720000
WRITING COORDINATES TO RESTART FILE AT STEP 2720000
FINISHED WRITING RESTART COORDINATES
WRITING VELOCITIES TO RESTART FILE AT STEP 2720000
FINISHED WRITING RESTART VELOCITIES
PRESSURE: 2730000 2345.39 -75.9527 151.223 -75.9509 -1393.94 -25.1846 151.225 -25.1856 289.512
GPRESSURE: 2730000 2320.43 -73.2707 105.451 -26.228 -1409.05 -33.2734 148.224 27.1882 345.815
PRESSAVG: 2730000 2062.31 -50.3896 -59.1693 -50.3896 -1864.08 19.3518 -59.1693 19.3518 0.700379
GPRESSAVG: 2730000 2052.86 -56.1047 -76.3672 -52.5325 -1866.41 33.4235 -76.5342 -1.61309 12.8663
TIMING: 2730000  CPU: 2432.49, 0.000891827/step  Wall: 2432.89, 0.000892013/step, 387.439 ns/days, 0.562463 hours remaining, 0.000000 MB of memory in use.
PERFORMANCE: 2730000  averaging 387.808 ns/day, 0.000891162 sec/step with standard deviation 2.2883e-06
ENERGY: 2730000        19.3245        44.1599        30.5165         1.5504         -50888.6452    -85381.7468         0.0000         0.0000     10448.4859        -125726.3547       295.1482   -136174.8406   -125909.0210       297.6547            413.6537       419.0632    180010.9999        66.3100        66.4393

WRITING EXTENDED SYSTEM TO RESTART FILE AT STEP 2730000
WRITING COORDINATES TO DCD FILE ../output/02_eq_2_CLKW.0.dcd AT STEP 2730000
WRITING COORDINATES TO RESTART FILE AT STEP 2730000
FINISHED WRITING RESTART COORDINATES
WRITING VELOCITIES TO RESTART FILE AT STEP 2730000
FINISHED WRITING RESTART VELOCITIES
PRESSURE: 2740000 2563.75 324.277 -47.5864 324.276 -1783.59 525.325 -47.5841 525.326 -247.772
GPRESSURE: 2740000 2534.54 374.076 -95.6823 256.77 -1767.24 543.142 -37.9065 441.547 -232.104
PRESSAVG: 2740000 2099.04 -22.8323 -34.4842 -22.8323 -1829.6 41.8971 -34.4842 41.8971 -39.3724
GPRESSAVG: 2740000 2087.77 -33.0254 -55.3416 -24.0938 -1830.01 53.778 -53.803 20.3164 -26.9132
TIMING: 2740000  CPU: 2441.41, 0.000891788/step  Wall: 2441.81, 0.000892071/step, 387.413 ns/days, 0.560023 hours remaining, 0.000000 MB of memory in use.
PERFORMANCE: 2740000  averaging 387.807 ns/day, 0.000891165 sec/step with standard deviation 2.28477e-06
ENERGY: 2740000        18.7087        47.5757        31.3820         4.4959         -50914.5582    -85529.7034         0.0000         0.0000     10612.4240        -125729.6753       299.7791   -136342.0993   -125896.2828       297.6937            177.4655       178.4003    180658.1966        76.6884        76.9473

WRITING EXTENDED SYSTEM TO RESTART FILE AT STEP 2740000
WRITING COORDINATES TO DCD FILE ../output/02_eq_2_CLKW.0.dcd AT STEP 2740000
WRITING COORDINATES TO RESTART FILE AT STEP 2740000
FINISHED WRITING RESTART COORDINATES
WRITING VELOCITIES TO RESTART FILE AT STEP 2740000
FINISHED WRITING RESTART VELOCITIES
PRESSURE: 2750000 2325.96 172.599 276.874 172.598 -1573.96 143.323 276.876 143.322 450.189
GPRESSURE: 2750000 2368.84 280.209 268.211 203.939 -1603.51 94.9005 348.348 178.508 438.597
PRESSAVG: 2750000 2116.5 -2.49013 -25.3594 -2.49013 -1799.52 45.5474 -25.3594 45.5474 -12.6717
GPRESSAVG: 2750000 2106.21 -4.01195 -40.5344 -3.37614 -1801.22 59.043 -36.6722 27.1077 0.164155
TIMING: 2750000  CPU: 2450.33, 0.000892201/step  Wall: 2450.74, 0.000892332/step, 387.3 ns/days, 0.557708 hours remaining, 0.000000 MB of memory in use.
PERFORMANCE: 2750000  averaging 387.805 ns/day, 0.000891169 sec/step with standard deviation 2.28168e-06
ENERGY: 2750000        10.2658        46.5712        32.2415         0.6137         -51342.3291    -85345.1963         0.0000         0.0000     10621.9898        -125975.8434       300.0493   -136597.8332   -125910.6482       297.5634            400.7302       401.3086    181130.3395       101.4372       101.7159

WRITING EXTENDED SYSTEM TO RESTART FILE AT STEP 2750000
WRITING COORDINATES TO DCD FILE ../output/02_eq_2_CLKW.0.dcd AT STEP 2750000
WRITING COORDINATES TO RESTART FILE AT STEP 2750000
FINISHED WRITING RESTART COORDINATES
WRITING VELOCITIES TO RESTART FILE AT STEP 2750000
FINISHED WRITING RESTART VELOCITIES
PRESSURE: 2760000 1960.63 -117.963 71.0061 -117.963 -2372.1 -6.53588 71.0069 -6.53573 -192.074
GPRESSURE: 2760000 1906.33 -183.389 14.4917 -173.885 -2277.79 -24.9446 170.941 -78.125 -247.095
PRESSAVG: 2760000 2071.83 -0.0117746 -20.836 -0.0117746 -1834.05 28.9481 -20.836 28.9481 -30.3706
GPRESSAVG: 2760000 2057.68 -1.26824 -45.7167 -6.29915 -1831.7 42.3666 -24.4031 7.3783 -18.8345
TIMING: 2760000  CPU: 2459.25, 0.000891711/step  Wall: 2459.65, 0.000891882/step, 387.495 ns/days, 0.554949 hours remaining, 0.000000 MB of memory in use.
PERFORMANCE: 2760000  averaging 387.804 ns/day, 0.000891172 sec/step with standard deviation 2.27793e-06
ENERGY: 2760000        19.4979        46.4494        32.5540         1.8146         -51047.8635    -85434.3043         0.0000         0.0000     10447.4331        -125934.4188       295.1184   -136381.8519   -125912.4654       297.3238           -201.1798      -206.1853    181959.2060        69.1353        69.0492

WRITING EXTENDED SYSTEM TO RESTART FILE AT STEP 2760000
WRITING COORDINATES TO DCD FILE ../output/02_eq_2_CLKW.0.dcd AT STEP 2760000
WRITING COORDINATES TO RESTART FILE AT STEP 2760000
FINISHED WRITING RESTART COORDINATES
WRITING VELOCITIES TO RESTART FILE AT STEP 2760000
FINISHED WRITING RESTART VELOCITIES
PRESSURE: 2770000 1978.62 -121.028 -415.54 -121.029 -2190.62 -58.6024 -415.542 -58.6023 -39.5029
GPRESSURE: 2770000 1919.78 -172.508 -453.482 -120.277 -2166.51 -64.8549 -539.182 -9.00277 -5.11167
PRESSAVG: 2770000 2067.31 7.06395 -53.6005 7.06395 -1840.6 42.7286 -53.6005 42.7286 7.69281
GPRESSAVG: 2770000 2050.1 4.18064 -81.5716 1.22624 -1836.73 43.4739 -61.5065 21.9649 20.0372
TIMING: 2770000  CPU: 2468.16, 0.000890395/step  Wall: 2468.56, 0.000890643/step, 388.034 ns/days, 0.551704 hours remaining, 0.000000 MB of memory in use.
PERFORMANCE: 2770000  averaging 387.805 ns/day, 0.00089117 sec/step with standard deviation 2.27402e-06
ENERGY: 2770000        14.3262        51.3977        29.5517         1.5617         -51250.3829    -85399.9397         0.0000         0.0000     10539.3075        -126014.1780       297.7137   -136553.4854   -125917.5556       297.3994            -83.8342       -83.9473    180006.4217        78.1347        77.8008

WRITING EXTENDED SYSTEM TO RESTART FILE AT STEP 2770000
WRITING COORDINATES TO DCD FILE ../output/02_eq_2_CLKW.0.dcd AT STEP 2770000
WRITING COORDINATES TO RESTART FILE AT STEP 2770000
FINISHED WRITING RESTART COORDINATES
WRITING VELOCITIES TO RESTART FILE AT STEP 2770000
FINISHED WRITING RESTART VELOCITIES
PRESSURE: 2780000 2024.33 252.805 241.706 252.806 -1444.55 -417.808 241.704 -417.807 333.386
GPRESSURE: 2780000 1974.41 263.23 129.511 156.904 -1429.67 -257.265 191.939 -457.133 369.228
PRESSAVG: 2780000 2111.58 23.1971 -29.9387 23.1971 -1757.92 13.9886 -29.9387 13.9886 50.4601
GPRESSAVG: 2780000 2091.9 23.9856 -63.394 13.6589 -1755.3 25.4084 -40.1514 -11.6248 67.443
TIMING: 2780000  CPU: 2477.07, 0.000891628/step  Wall: 2477.48, 0.000891757/step, 387.55 ns/days, 0.549917 hours remaining, 0.000000 MB of memory in use.
PERFORMANCE: 2780000  averaging 387.804 ns/day, 0.000891172 sec/step with standard deviation 2.27019e-06
ENERGY: 2780000        15.8342        48.2418        33.1274         1.3456         -50896.1093    -85381.5106         0.0000         0.0000     10620.5100        -125558.5610       300.0075   -136179.0709   -125897.9020       297.7601            304.3905       304.6574    181210.5424       134.7074       134.6800

WRITING EXTENDED SYSTEM TO RESTART FILE AT STEP 2780000
WRITING COORDINATES TO DCD FILE ../output/02_eq_2_CLKW.0.dcd AT STEP 2780000
WRITING COORDINATES TO RESTART FILE AT STEP 2780000
FINISHED WRITING RESTART COORDINATES
WRITING VELOCITIES TO RESTART FILE AT STEP 2780000
FINISHED WRITING RESTART VELOCITIES
PRESSURE: 2790000 1762.54 24.6814 97.9785 24.6841 -2113.34 245.418 97.9795 245.418 -320.543
GPRESSURE: 2790000 1801.62 -21.871 146.617 26.9005 -2145.08 318.779 -8.05149 327.761 -316.036
PRESSAVG: 2790000 2053.38 29.5489 -14.1282 29.5489 -1811.69 5.10334 -14.1282 5.10334 19.0507
GPRESSAVG: 2790000 2035.91 26.1058 -44.0441 22.7287 -1812.15 21.9895 -28.0448 -15.8708 38.086
TIMING: 2790000  CPU: 2485.98, 0.000890698/step  Wall: 2486.39, 0.000890911/step, 387.917 ns/days, 0.54692 hours remaining, 0.000000 MB of memory in use.
PERFORMANCE: 2790000  averaging 387.804 ns/day, 0.000891171 sec/step with standard deviation 2.26616e-06
ENERGY: 2790000        14.7176        47.5653        32.8118         1.1784         -51240.4026    -85462.5136         0.0000         0.0000     10514.9283        -126091.7148       297.0250   -136606.6431   -125916.4785       297.7106           -223.7791      -219.8319    180526.4531        86.9138        87.2806

WRITING EXTENDED SYSTEM TO RESTART FILE AT STEP 2790000
WRITING COORDINATES TO DCD FILE ../output/02_eq_2_CLKW.0.dcd AT STEP 2790000
WRITING COORDINATES TO RESTART FILE AT STEP 2790000
FINISHED WRITING RESTART COORDINATES
WRITING VELOCITIES TO RESTART FILE AT STEP 2790000
FINISHED WRITING RESTART VELOCITIES
PRESSURE: 2800000 1977.35 -231.012 113.537 -231.012 -1269.1 -286.083 113.535 -286.085 681.322
GPRESSURE: 2800000 1949.05 -397.473 94.6961 -72.6093 -1251.62 -331.286 170.174 -214.821 680.779
PRESSAVG: 2800000 2026.83 38.3027 22.2809 38.3027 -1840.76 -10.1915 22.2809 -10.1915 37.4047
GPRESSAVG: 2800000 2010.14 26.4871 -6.05 34.902 -1840.68 4.34548 11.7208 -27.5483 53.6145
TIMING: 2800000  CPU: 2494.9, 0.000891926/step  Wall: 2495.31, 0.000892138/step, 387.384 ns/days, 0.545196 hours remaining, 0.000000 MB of memory in use.
PERFORMANCE: 2800000  averaging 387.803 ns/day, 0.000891174 sec/step with standard deviation 2.26283e-06
ETITLE:      TS           BOND          ANGLE          DIHED          IMPRP               ELECT            VDW       BOUNDARY           MISC        KINETIC               TOTAL           TEMP      POTENTIAL       TOTALAVG        TEMPAVG            PRESSURE      GPRESSURE         VOLUME       PRESSAVG      GPRESSAVG

ENERGY: 2800000        14.1225        41.9873        30.3516         1.0708         -51028.9548    -85493.1074         0.0000         0.0000     10570.8637        -125863.6663       298.6051   -136434.5300   -125911.7280       297.7584            463.1900       459.4018    180960.4694        74.4929        74.3573

WRITING EXTENDED SYSTEM TO RESTART FILE AT STEP 2800000
WRITING COORDINATES TO DCD FILE ../output/02_eq_2_CLKW.0.dcd AT STEP 2800000
WRITING COORDINATES TO RESTART FILE AT STEP 2800000
FINISHED WRITING RESTART COORDINATES
WRITING VELOCITIES TO RESTART FILE AT STEP 2800000
FINISHED WRITING RESTART VELOCITIES
PRESSURE: 2810000 2502.7 86.9318 -119.743 86.9343 -2302.45 244.017 -119.743 244.017 230.975
GPRESSURE: 2810000 2462.9 91.4323 -98.748 40.6657 -2241.65 202.213 -120.543 258.198 207.294
PRESSAVG: 2810000 2041.13 52.5602 16.7712 52.5602 -1858.44 -12.7065 16.7712 -12.7065 68.4702
GPRESSAVG: 2810000 2026.75 41.6641 -14.6374 43.4931 -1857.41 -1.13779 9.94199 -24.7145 82.2365
TIMING: 2810000  CPU: 2503.82, 0.00089207/step  Wall: 2504.23, 0.000892048/step, 387.423 ns/days, 0.542662 hours remaining, 0.000000 MB of memory in use.
PERFORMANCE: 2810000  averaging 387.802 ns/day, 0.000891178 sec/step with standard deviation 2.25939e-06
ENERGY: 2810000        17.4961        40.4970        30.2444         0.6622         -51144.9409    -85496.9289         0.0000         0.0000     10585.0981        -125967.8721       299.0072   -136552.9702   -125913.4019       297.7354            143.7406       142.8479    180176.3641        83.7213        83.8583

WRITING EXTENDED SYSTEM TO RESTART FILE AT STEP 2810000
WRITING COORDINATES TO DCD FILE ../output/02_eq_2_CLKW.0.dcd AT STEP 2810000
WRITING COORDINATES TO RESTART FILE AT STEP 2810000
FINISHED WRITING RESTART COORDINATES
WRITING VELOCITIES TO RESTART FILE AT STEP 2810000
FINISHED WRITING RESTART VELOCITIES
PRESSURE: 2820000 1978.11 -11.151 8.18527 -11.1523 -1886.54 -125.878 8.18524 -125.878 -8.79796
GPRESSURE: 2820000 1895.8 -13.0197 27.8119 5.89782 -1839.09 -125.253 51.2263 -82.6846 15.2094
PRESSAVG: 2820000 1983.82 34.9645 14.6517 34.9645 -1891.06 -22.491 14.6517 -22.491 20.913
GPRESSAVG: 2820000 1964.57 19.0473 -11.0823 36.1611 -1887.85 -6.35534 12.9315 -30.0472 36.4417
TIMING: 2820000  CPU: 2512.77, 0.000895294/step  Wall: 2513.19, 0.00089559/step, 385.891 ns/days, 0.54233 hours remaining, 0.000000 MB of memory in use.
PERFORMANCE: 2820000  averaging 387.795 ns/day, 0.000891193 sec/step with standard deviation 2.27062e-06
ENERGY: 2820000        12.4465        43.1061        32.3987         1.7688         -51226.5163    -85405.6519         0.0000         0.0000     10518.2185        -126024.2295       297.1180   -136542.4480   -125920.8568       297.6373             27.5919        23.9751    179785.7948        37.8910        37.7207

WRITING EXTENDED SYSTEM TO RESTART FILE AT STEP 2820000
WRITING COORDINATES TO DCD FILE ../output/02_eq_2_CLKW.0.dcd AT STEP 2820000
WRITING COORDINATES TO RESTART FILE AT STEP 2820000
FINISHED WRITING RESTART COORDINATES
WRITING VELOCITIES TO RESTART FILE AT STEP 2820000
FINISHED WRITING RESTART VELOCITIES
PRESSURE: 2830000 1944.41 128.697 247.366 128.698 -2336.75 94.7835 247.366 94.7847 326.606
GPRESSURE: 2830000 1920.59 65.8698 222.661 242.44 -2347.8 143.185 316.46 124.288 353.427
PRESSAVG: 2830000 2003.29 46.9453 34.5299 46.9453 -1879.31 -16.5007 34.5299 -16.5007 40.0619
GPRESSAVG: 2830000 1983.61 32.5871 9.42251 50.0395 -1875.36 6.11086 36.9223 -20.0262 54.7245
TIMING: 2830000  CPU: 2521.68, 0.000891032/step  Wall: 2522.1, 0.000891139/step, 387.818 ns/days, 0.537159 hours remaining, 0.000000 MB of memory in use.
PERFORMANCE: 2830000  averaging 387.795 ns/day, 0.000891193 sec/step with standard deviation 2.26659e-06
ENERGY: 2830000        14.1303        59.5921        32.3720         0.7484         -51106.0884    -85333.8917         0.0000         0.0000     10498.6231        -125834.5141       296.5645   -136333.1372   -125921.3261       297.5427            -21.9111       -24.5967    181501.2186        54.6806        54.3247

WRITING EXTENDED SYSTEM TO RESTART FILE AT STEP 2830000
WRITING COORDINATES TO DCD FILE ../output/02_eq_2_CLKW.0.dcd AT STEP 2830000
WRITING COORDINATES TO RESTART FILE AT STEP 2830000
FINISHED WRITING RESTART COORDINATES
WRITING VELOCITIES TO RESTART FILE AT STEP 2830000
FINISHED WRITING RESTART VELOCITIES
PRESSURE: 2840000 2081.44 -238.603 -193.727 -238.604 -2270.85 33.0296 -193.725 33.0297 654.782
GPRESSURE: 2840000 2053.52 -348.683 -252.872 -189.654 -2239.47 -6.86556 -174.77 -51.5524 651.878
PRESSAVG: 2840000 1991.95 45.954 25.8211 45.954 -1915.8 -13.7264 25.8211 -13.7264 51.0038
GPRESSAVG: 2840000 1973.93 25.8656 -7.27034 56.3404 -1912.2 5.56837 32.0481 -21.1367 64.3601
TIMING: 2840000  CPU: 2530.59, 0.000890654/step  Wall: 2531.01, 0.000890968/step, 387.893 ns/days, 0.534581 hours remaining, 0.000000 MB of memory in use.
PERFORMANCE: 2840000  averaging 387.795 ns/day, 0.000891192 sec/step with standard deviation 2.26262e-06
ENERGY: 2840000        14.8610        42.9065        28.2807         1.2595         -51108.3351    -85411.7863         0.0000         0.0000     10590.0223        -125842.7914       299.1463   -136432.8137   -125916.0122       297.7059            155.1262       155.3102    181393.4449        42.3853        42.0320

WRITING EXTENDED SYSTEM TO RESTART FILE AT STEP 2840000
WRITING COORDINATES TO DCD FILE ../output/02_eq_2_CLKW.0.dcd AT STEP 2840000
WRITING COORDINATES TO RESTART FILE AT STEP 2840000
FINISHED WRITING RESTART COORDINATES
WRITING VELOCITIES TO RESTART FILE AT STEP 2840000
FINISHED WRITING RESTART VELOCITIES
PRESSURE: 2850000 1038.9 -120.589 -186.009 -120.589 -2690.63 -34.1976 -186.011 -34.1999 171.569
GPRESSURE: 2850000 1040.86 -72.7298 -110.405 -191.916 -2716.01 -63.7709 -93.0044 108.102 196.208
PRESSAVG: 2850000 1973.22 25.5412 16.7418 25.5412 -1932.58 -10.3873 16.7418 -10.3873 77.8106
GPRESSAVG: 2850000 1954.07 6.12149 -13.77 36.7311 -1931.98 5.7507 30.257 -7.91028 95.9695
TIMING: 2850000  CPU: 2539.48, 0.000889436/step  Wall: 2539.9, 0.00088956/step, 388.507 ns/days, 0.531265 hours remaining, 0.000000 MB of memory in use.
PERFORMANCE: 2850000  averaging 387.798 ns/day, 0.000891186 sec/step with standard deviation 2.2607e-06
ENERGY: 2850000        13.0291        42.4876        30.6027         2.5583         -50490.4900    -85736.9480         0.0000         0.0000     10479.9441        -125658.8161       296.0368   -136138.7602   -125902.5717       297.6458           -493.3865      -492.9811    181636.6716        39.4822        39.3540

WRITING EXTENDED SYSTEM TO RESTART FILE AT STEP 2850000
WRITING COORDINATES TO DCD FILE ../output/02_eq_2_CLKW.0.dcd AT STEP 2850000
WRITING COORDINATES TO RESTART FILE AT STEP 2850000
FINISHED WRITING RESTART COORDINATES
WRITING VELOCITIES TO RESTART FILE AT STEP 2850000
FINISHED WRITING RESTART VELOCITIES
PRESSURE: 2860000 1935.63 54.9679 -374.303 54.9683 -2163.13 515.562 -374.304 515.561 -387.978
GPRESSURE: 2860000 1877.22 160.684 -376.976 -10.4851 -2166.59 516.208 -410.262 539.324 -326.234
PRESSAVG: 2860000 1972.4 33.1743 16.2746 33.1743 -1916.78 11.8409 16.2746 11.8409 62.5066
GPRESSAVG: 2860000 1950.44 14.8786 -17.3875 38.0731 -1913.49 23.7981 35.6703 18.4693 81.1698
TIMING: 2860000  CPU: 2548.39, 0.000890539/step  Wall: 2548.81, 0.000890654/step, 388.029 ns/days, 0.529444 hours remaining, 0.000000 MB of memory in use.
PERFORMANCE: 2860000  averaging 387.798 ns/day, 0.000891185 sec/step with standard deviation 2.25695e-06
ENERGY: 2860000        12.1808        39.1141        33.9091         3.0818         -50932.7337    -85448.7045         0.0000         0.0000     10593.5994        -125699.5529       299.2473   -136293.1523   -125883.6904       297.7719           -205.1615      -205.2023    181837.8622        39.3741        39.3745

WRITING EXTENDED SYSTEM TO RESTART FILE AT STEP 2860000
WRITING COORDINATES TO DCD FILE ../output/02_eq_2_CLKW.0.dcd AT STEP 2860000
WRITING COORDINATES TO RESTART FILE AT STEP 2860000
FINISHED WRITING RESTART COORDINATES
WRITING VELOCITIES TO RESTART FILE AT STEP 2860000
FINISHED WRITING RESTART VELOCITIES
PRESSURE: 2870000 1945.88 -16.7772 14.1802 -16.7756 -1764.36 -201.921 14.1819 -201.921 -307.514
GPRESSURE: 2870000 1954.59 -20.8023 -38.9544 38.9725 -1801.3 -191.542 177.589 -238.92 -279.215
PRESSAVG: 2870000 1982.68 34.662 13.2529 34.662 -1933.44 5.53557 13.2529 5.53557 53.5177
GPRESSAVG: 2870000 1958.54 19.2046 -19.6828 36.7408 -1930.22 17.5379 45.3073 9.58242 73.9674
TIMING: 2870000  CPU: 2557.28, 0.000889369/step  Wall: 2557.7, 0.000889614/step, 388.483 ns/days, 0.526355 hours remaining, 0.000000 MB of memory in use.
PERFORMANCE: 2870000  averaging 387.801 ns/day, 0.000891179 sec/step with standard deviation 2.25491e-06
ENERGY: 2870000        13.4977        44.6210        34.0197         1.0374         -50857.6614    -85535.4137         0.0000         0.0000     10414.7548        -125885.1446       294.1953   -136299.8994   -125874.4517       297.6729            -41.9992       -41.9724    180988.5681        34.2550        34.0958

WRITING EXTENDED SYSTEM TO RESTART FILE AT STEP 2870000
WRITING COORDINATES TO DCD FILE ../output/02_eq_2_CLKW.0.dcd AT STEP 2870000
WRITING COORDINATES TO RESTART FILE AT STEP 2870000
FINISHED WRITING RESTART COORDINATES
WRITING VELOCITIES TO RESTART FILE AT STEP 2870000
FINISHED WRITING RESTART VELOCITIES
PRESSURE: 2880000 2039.66 210.845 -11.461 210.844 -1755 -31.8854 -11.4617 -31.8837 169.36
GPRESSURE: 2880000 2039.53 286.776 -148.322 71.9263 -1789.61 34.5675 35.6976 -147.122 205.099
PRESSAVG: 2880000 1989.1 47.0002 10.7556 47.0002 -1931.15 8.16517 10.7556 8.16517 40.0547
GPRESSAVG: 2880000 1965.73 32.2337 -25.5479 38.8745 -1927.68 21.8654 43.0069 7.048 59.7175
TIMING: 2880000  CPU: 2566.18, 0.000889508/step  Wall: 2566.6, 0.000889707/step, 388.442 ns/days, 0.523939 hours remaining, 0.000000 MB of memory in use.
PERFORMANCE: 2880000  averaging 387.803 ns/day, 0.000891174 sec/step with standard deviation 2.25265e-06
ENERGY: 2880000        20.1458        60.2209        36.1491         0.1858         -51242.0337    -85401.5231         0.0000         0.0000     10569.0507        -125957.8046       298.5539   -136526.8553   -125876.5818       297.6784            151.3423       151.6731    180888.5213        32.6666        32.5885

WRITING EXTENDED SYSTEM TO RESTART FILE AT STEP 2880000
WRITING COORDINATES TO DCD FILE ../output/02_eq_2_CLKW.0.dcd AT STEP 2880000
WRITING COORDINATES TO RESTART FILE AT STEP 2880000
FINISHED WRITING RESTART COORDINATES
WRITING VELOCITIES TO RESTART FILE AT STEP 2880000
FINISHED WRITING RESTART VELOCITIES
PRESSURE: 2890000 2014.42 197.625 244.272 197.622 -2067.86 171.709 244.273 171.711 490.647
GPRESSURE: 2890000 2033.16 290.207 253.31 189.543 -2098.02 77.7897 286.973 380.024 503.909
PRESSAVG: 2890000 2010.85 43.939 20.5805 43.939 -1924.47 42.0028 20.5805 42.0028 83.428
GPRESSAVG: 2890000 1987.38 38.7717 -10.1546 37.8882 -1918.95 50.5647 53.7122 48.4464 101.411
TIMING: 2890000  CPU: 2575.09, 0.000890993/step  Wall: 2575.51, 0.000891191/step, 387.796 ns/days, 0.522337 hours remaining, 0.000000 MB of memory in use.
PERFORMANCE: 2890000  averaging 387.803 ns/day, 0.000891174 sec/step with standard deviation 2.24874e-06
ENERGY: 2890000        15.5736        55.3064        31.9901         1.7298         -51354.3905    -85168.7118         0.0000         0.0000     10622.4807        -125796.0217       300.0632   -136418.5024   -125875.0710       297.8128            145.7337       146.3507    181062.8859        56.6035        56.6115

WRITING EXTENDED SYSTEM TO RESTART FILE AT STEP 2890000
WRITING COORDINATES TO DCD FILE ../output/02_eq_2_CLKW.0.dcd AT STEP 2890000
WRITING COORDINATES TO RESTART FILE AT STEP 2890000
FINISHED WRITING RESTART COORDINATES
WRITING VELOCITIES TO RESTART FILE AT STEP 2890000
FINISHED WRITING RESTART VELOCITIES
PRESSURE: 2900000 921.684 2.3172 -91.5835 2.31779 -2519.9 -123.018 -91.5826 -123.017 -125.369
GPRESSURE: 2900000 951.443 -51.7687 -99.0161 74.0521 -2594.72 -101.204 29.6815 -230.563 -82.7093
PRESSAVG: 2900000 1944.49 27.4188 23.152 27.4188 -1993.88 30.2016 23.152 30.2016 50.104
GPRESSAVG: 2900000 1928.78 17.3833 -2.31001 30.9985 -1993.28 42.9302 52.2148 34.5729 64.4024
TIMING: 2900000  CPU: 2583.97, 0.000888028/step  Wall: 2584.4, 0.000888218/step, 389.094 ns/days, 0.518127 hours remaining, 0.000000 MB of memory in use.
PERFORMANCE: 2900000  averaging 387.807 ns/day, 0.000891164 sec/step with standard deviation 2.25154e-06
ETITLE:      TS           BOND          ANGLE          DIHED          IMPRP               ELECT            VDW       BOUNDARY           MISC        KINETIC               TOTAL           TEMP      POTENTIAL       TOTALAVG        TEMPAVG            PRESSURE      GPRESSURE         VOLUME       PRESSAVG      GPRESSAVG

ENERGY: 2900000        18.0774        48.0393        31.5862         0.5671         -50959.7131    -85488.0068         0.0000         0.0000     10454.0892        -125895.3606       295.3065   -136349.4499   -125871.1982       297.7673           -574.5277      -575.3274    182181.5833         0.2397        -0.0339

WRITING EXTENDED SYSTEM TO RESTART FILE AT STEP 2900000
WRITING COORDINATES TO DCD FILE ../output/02_eq_2_CLKW.0.dcd AT STEP 2900000
WRITING COORDINATES TO RESTART FILE AT STEP 2900000
FINISHED WRITING RESTART COORDINATES
WRITING VELOCITIES TO RESTART FILE AT STEP 2900000
FINISHED WRITING RESTART VELOCITIES
PRESSURE: 2910000 1478.42 -192.089 -104.402 -192.089 -1639.23 -213.512 -104.4 -213.511 -325.569
GPRESSURE: 2910000 1520.77 -297.558 -81.0954 -9.48511 -1676.56 -259.973 -159.903 -314.69 -339.587
PRESSAVG: 2910000 1914.67 17.604 14.5718 17.604 -1969.38 12.4819 14.5718 12.4819 31.1971
GPRESSAVG: 2910000 1901.17 8.78841 -2.62307 30.5675 -1971.77 20.6166 37.521 10.754 46.0732
TIMING: 2910000  CPU: 2592.88, 0.000890945/step  Wall: 2593.31, 0.000891063/step, 387.851 ns/days, 0.517312 hours remaining, 0.000000 MB of memory in use.
PERFORMANCE: 2910000  averaging 387.808 ns/day, 0.000891164 sec/step with standard deviation 2.24766e-06
ENERGY: 2910000        13.4292        44.8920        32.6822         0.8463         -51046.9393    -85568.3572         0.0000         0.0000     10610.9571        -125912.4897       299.7377   -136523.4468   -125863.8251       297.9220           -162.1267      -165.1259    180526.1348        -7.8360        -8.1782

WRITING EXTENDED SYSTEM TO RESTART FILE AT STEP 2910000
WRITING COORDINATES TO DCD FILE ../output/02_eq_2_CLKW.0.dcd AT STEP 2910000
WRITING COORDINATES TO RESTART FILE AT STEP 2910000
FINISHED WRITING RESTART COORDINATES
WRITING VELOCITIES TO RESTART FILE AT STEP 2910000
FINISHED WRITING RESTART VELOCITIES
PRESSURE: 2920000 982.953 86.6343 371.034 86.6344 -2372.83 -122.308 371.036 -122.309 -301.165
GPRESSURE: 2920000 1040.38 138.503 369.176 83.7215 -2396.95 -111.312 413.464 -129.917 -324.584
PRESSAVG: 2920000 1890.14 20.8609 14.6509 20.8609 -1995.54 16.3117 14.6509 16.3117 77.103
GPRESSAVG: 2920000 1878.29 14.8956 -6.18077 29.8597 -1997.91 17.962 39.8547 21.5205 90.7384
TIMING: 2920000  CPU: 2601.77, 0.000889212/step  Wall: 2602.2, 0.000889397/step, 388.578 ns/days, 0.513874 hours remaining, 0.000000 MB of memory in use.
PERFORMANCE: 2920000  averaging 387.81 ns/day, 0.000891157 sec/step with standard deviation 2.24618e-06
ENERGY: 2920000        18.9768        42.7002        34.9834         1.0055         -51040.4114    -85448.5239         0.0000         0.0000     10455.0218        -125936.2477       295.3328   -136391.2695   -125865.2629       297.6878           -563.6796      -560.3843    180601.5571        -9.4310        -9.6283

WRITING EXTENDED SYSTEM TO RESTART FILE AT STEP 2920000
WRITING COORDINATES TO DCD FILE ../output/02_eq_2_CLKW.0.dcd AT STEP 2920000
WRITING COORDINATES TO RESTART FILE AT STEP 2920000
FINISHED WRITING RESTART COORDINATES
WRITING VELOCITIES TO RESTART FILE AT STEP 2920000
FINISHED WRITING RESTART VELOCITIES
PRESSURE: 2930000 2719.79 -73.3777 -153.797 -73.3769 -1142.17 54.8693 -153.799 54.8677 -247.513
GPRESSURE: 2930000 2664.46 -50.3635 -70.5993 -121.579 -1182.91 108.138 -334.754 -53.0955 -156.448
PRESSAVG: 2930000 1908.86 20.9896 -0.600334 20.9896 -1982.95 20.3144 -0.600334 20.3144 50.2518
GPRESSAVG: 2930000 1895.49 16.041 -14.9833 25.0921 -1986.6 25.0326 15.7059 17.5063 65.6252
TIMING: 2930000  CPU: 2610.67, 0.000889736/step  Wall: 2611.1, 0.000889966/step, 388.33 ns/days, 0.51173 hours remaining, 0.000000 MB of memory in use.
PERFORMANCE: 2930000  averaging 387.812 ns/day, 0.000891153 sec/step with standard deviation 2.24341e-06
ENERGY: 2930000        17.8536        57.1588        34.8539         1.8552         -50976.6287    -85450.8399         0.0000         0.0000     10420.1665        -125895.5805       294.3482   -136315.7471   -125873.7242       297.6478            443.3692       441.6995    179980.1541        -7.9453        -8.4965

WRITING EXTENDED SYSTEM TO RESTART FILE AT STEP 2930000
WRITING COORDINATES TO DCD FILE ../output/02_eq_2_CLKW.0.dcd AT STEP 2930000
WRITING COORDINATES TO RESTART FILE AT STEP 2930000
FINISHED WRITING RESTART COORDINATES
WRITING VELOCITIES TO RESTART FILE AT STEP 2930000
FINISHED WRITING RESTART VELOCITIES
PRESSURE: 2940000 2381.02 -347.585 -359.082 -347.585 -1851.51 2.04594 -359.082 2.04569 -51.2823
GPRESSURE: 2940000 2287.35 -290.159 -321.697 -386.464 -1866.89 -10.2445 -407.892 83.4176 51.8351
PRESSAVG: 2940000 1899.72 -12.6035 -16.1752 -12.6035 -1986.34 -5.84961 -16.1752 -5.84961 60.0763
GPRESSAVG: 2940000 1883.13 -17.1708 -26.2841 -7.06956 -1991.59 -2.63671 -2.79338 -0.400161 79.8222
TIMING: 2940000  CPU: 2619.59, 0.000892236/step  Wall: 2620.02, 0.000892348/step, 387.293 ns/days, 0.510621 hours remaining, 0.000000 MB of memory in use.
PERFORMANCE: 2940000  averaging 387.81 ns/day, 0.000891157 sec/step with standard deviation 2.24066e-06
ENERGY: 2940000        10.5308        34.9654        35.6145         1.0495         -50899.9511    -85479.9228         0.0000         0.0000     10531.1581        -125766.5556       297.4835   -136297.7137   -125875.5682       297.5330            159.4092       157.4314    182488.1581        -8.8481        -9.5449

WRITING EXTENDED SYSTEM TO RESTART FILE AT STEP 2940000
WRITING COORDINATES TO DCD FILE ../output/02_eq_2_CLKW.0.dcd AT STEP 2940000
WRITING COORDINATES TO RESTART FILE AT STEP 2940000
FINISHED WRITING RESTART COORDINATES
WRITING VELOCITIES TO RESTART FILE AT STEP 2940000
FINISHED WRITING RESTART VELOCITIES
PRESSURE: 2950000 1742.38 123.559 -4.84893 123.558 -1991.23 -117.343 -4.85257 -117.342 142.999
GPRESSURE: 2950000 1730.45 100.148 85.1992 97.291 -1953.14 11.0355 -6.40441 -131.506 138.913
PRESSAVG: 2950000 1870.54 -15.0555 -30.2617 -15.0555 -2007.21 -18.8828 -30.2617 -18.8828 44.7168
GPRESSAVG: 2950000 1851.21 -26.1738 -35.4347 -12.4019 -2009.07 -6.82996 -20.531 -15.9009 64.838
TIMING: 2950000  CPU: 2628.5, 0.000890624/step  Wall: 2628.93, 0.000890824/step, 387.955 ns/days, 0.507275 hours remaining, 0.000000 MB of memory in use.
PERFORMANCE: 2950000  averaging 387.811 ns/day, 0.000891156 sec/step with standard deviation 2.23693e-06
ENERGY: 2950000        14.6628        40.8953        34.4981         1.4309         -51088.0769    -85325.0698         0.0000         0.0000     10506.9358        -125814.7237       296.7993   -136321.6596   -125867.5122       297.3705            -35.2827       -27.9256    180855.6352       -30.6487       -31.0067

WRITING EXTENDED SYSTEM TO RESTART FILE AT STEP 2950000
WRITING COORDINATES TO DCD FILE ../output/02_eq_2_CLKW.0.dcd AT STEP 2950000
WRITING COORDINATES TO RESTART FILE AT STEP 2950000
FINISHED WRITING RESTART COORDINATES
WRITING VELOCITIES TO RESTART FILE AT STEP 2950000
FINISHED WRITING RESTART VELOCITIES
PRESSURE: 2960000 2577.53 -187.769 134.025 -187.77 -1572.73 -241.445 134.026 -241.444 593.199
GPRESSURE: 2960000 2527.1 -179.868 12.1678 -97.7002 -1567.44 -319.826 237.632 -180.456 618.234
PRESSAVG: 2960000 1901.39 -18.5459 -27.1107 -18.5459 -1967.24 -30.6282 -27.1107 -30.6282 83.9804
GPRESSAVG: 2960000 1882.25 -25.9978 -35.5508 -8.59273 -1973.55 -21.574 -17.1965 -21.0174 108.104
TIMING: 2960000  CPU: 2637.42, 0.000892207/step  Wall: 2637.86, 0.000892367/step, 387.285 ns/days, 0.505675 hours remaining, 0.000000 MB of memory in use.
PERFORMANCE: 2960000  averaging 387.809 ns/day, 0.00089116 sec/step with standard deviation 2.23424e-06
ENERGY: 2960000        19.1302        49.4320        40.9385         1.7800         -51172.8031    -85420.3830         0.0000         0.0000     10378.2493        -126103.6561       293.1641   -136481.9054   -125875.9741       297.2728            532.6666       525.9665    181184.6337         6.0436         5.6009

WRITING EXTENDED SYSTEM TO RESTART FILE AT STEP 2960000
WRITING COORDINATES TO DCD FILE ../output/02_eq_2_CLKW.0.dcd AT STEP 2960000
WRITING COORDINATES TO RESTART FILE AT STEP 2960000
FINISHED WRITING RESTART COORDINATES
WRITING VELOCITIES TO RESTART FILE AT STEP 2960000
FINISHED WRITING RESTART VELOCITIES
PRESSURE: 2970000 1948.41 -57.8681 40.3661 -57.8697 -1752.44 -280.454 40.3676 -280.454 333.708
GPRESSURE: 2970000 1951.1 -24.8249 7.51301 -162.287 -1794.93 -345.439 115.982 -223.204 383.911
PRESSAVG: 2970000 1899.88 -15.3879 -4.31526 -15.3879 -1945.33 -41.7208 -4.31526 -41.7208 102.641
GPRESSAVG: 2970000 1883.81 -18.6136 -12.5011 -10.6932 -1954.97 -35.6032 15.5617 -31.7275 127.556
TIMING: 2970000  CPU: 2646.34, 0.000892023/step  Wall: 2646.78, 0.000892289/step, 387.319 ns/days, 0.503152 hours remaining, 0.000000 MB of memory in use.
PERFORMANCE: 2970000  averaging 387.807 ns/day, 0.000891164 sec/step with standard deviation 2.23143e-06
ENERGY: 2970000        12.2489        42.4311        34.7650         0.7268         -51060.5852    -85371.8484         0.0000         0.0000     10566.4099        -125775.8520       298.4793   -136342.2618   -125864.0578       297.3111            176.5613       180.0259    181051.8897        19.0634        18.7996

WRITING EXTENDED SYSTEM TO RESTART FILE AT STEP 2970000
WRITING COORDINATES TO DCD FILE ../output/02_eq_2_CLKW.0.dcd AT STEP 2970000
WRITING COORDINATES TO RESTART FILE AT STEP 2970000
FINISHED WRITING RESTART COORDINATES
WRITING VELOCITIES TO RESTART FILE AT STEP 2970000
FINISHED WRITING RESTART VELOCITIES
PRESSURE: 2980000 1450.13 169.508 -178.565 169.508 -1732.46 -52.9943 -178.565 -52.9933 189.416
GPRESSURE: 2980000 1358.93 190.084 -254.844 193.369 -1653.6 47.3956 -37.9525 74.0539 196.188
PRESSAVG: 2980000 1871.17 -19.5528 -25.3287 -19.5528 -1959.73 -23.4801 -25.3287 -23.4801 95.4425
GPRESSAVG: 2980000 1853.04 -22.271 -31.7188 -8.87 -1966.17 -20.3702 4.06719 -5.16814 118.904
TIMING: 2980000  CPU: 2655.26, 0.000892271/step  Wall: 2655.7, 0.000892298/step, 387.315 ns/days, 0.500678 hours remaining, 0.000000 MB of memory in use.
PERFORMANCE: 2980000  averaging 387.806 ns/day, 0.000891168 sec/step with standard deviation 2.22864e-06
ENERGY: 2980000        10.2198        45.8153        29.4712         0.3867         -51133.4089    -85279.1065         0.0000         0.0000     10544.6827        -125781.9397       297.8655   -136326.6224   -125875.2267       297.2040            -30.9726       -32.8255    181738.6496         2.2952         1.9255

WRITING EXTENDED SYSTEM TO RESTART FILE AT STEP 2980000
WRITING COORDINATES TO DCD FILE ../output/02_eq_2_CLKW.0.dcd AT STEP 2980000
WRITING COORDINATES TO RESTART FILE AT STEP 2980000
FINISHED WRITING RESTART COORDINATES
WRITING VELOCITIES TO RESTART FILE AT STEP 2980000
FINISHED WRITING RESTART VELOCITIES
PRESSURE: 2990000 2071.13 -88.8233 45.0248 -88.8219 -1625.83 -255.794 45.026 -255.795 256.667
GPRESSURE: 2990000 1996.67 -43.7947 17.2619 -121.402 -1590.78 -208.03 107.323 -321.95 293.49
PRESSAVG: 2990000 1886.6 -25.2281 -27.9764 -25.2281 -1935.35 -48.5408 -27.9764 -48.5408 124.303
GPRESSAVG: 2990000 1862.79 -23.3672 -38.1866 -16.2851 -1938.45 -46.7106 9.83591 -37.6537 149.38
TIMING: 2990000  CPU: 2664.19, 0.000893138/step  Wall: 2664.63, 0.000893221/step, 386.914 ns/days, 0.498715 hours remaining, 0.000000 MB of memory in use.
PERFORMANCE: 2990000  averaging 387.803 ns/day, 0.000891175 sec/step with standard deviation 2.22806e-06
ENERGY: 2990000        17.4978        36.6407        30.5503         1.0582         -51289.5327    -85330.9945         0.0000         0.0000     10594.7197        -125940.0604       299.2790   -136534.7802   -125867.6440       297.3167            233.9865       233.1244    181756.3694        25.1835        24.5733

WRITING EXTENDED SYSTEM TO RESTART FILE AT STEP 2990000
WRITING COORDINATES TO DCD FILE ../output/02_eq_2_CLKW.0.dcd AT STEP 2990000
WRITING COORDINATES TO RESTART FILE AT STEP 2990000
FINISHED WRITING RESTART COORDINATES
WRITING VELOCITIES TO RESTART FILE AT STEP 2990000
FINISHED WRITING RESTART VELOCITIES
PRESSURE: 3000000 2078.36 -87.7963 7.33607 -87.7977 -1720.89 -167.236 7.33862 -167.235 364.507
GPRESSURE: 3000000 2044.27 -211.079 -113.232 -66.5117 -1712.54 -217.06 179.712 -119.716 399.489
PRESSAVG: 3000000 1891.65 -18.0674 -33.2862 -18.0674 -1957.94 -42.5983 -33.2862 -42.5983 108.462
GPRESSAVG: 3000000 1867.55 -14.0475 -48.583 -15.9803 -1961.5 -40.9993 10.3128 -32.8984 135.315
TIMING: 3000000  CPU: 2673.12, 0.000892894/step  Wall: 2673.57, 0.000893149/step, 386.945 ns/days, 0.496194 hours remaining, 0.000000 MB of memory in use.
PERFORMANCE: 3000000  averaging 387.8 ns/day, 0.000891181 sec/step with standard deviation 2.22725e-06
ETITLE:      TS           BOND          ANGLE          DIHED          IMPRP               ELECT            VDW       BOUNDARY           MISC        KINETIC               TOTAL           TEMP      POTENTIAL       TOTALAVG        TEMPAVG            PRESSURE      GPRESSURE         VOLUME       PRESSAVG      GPRESSAVG

ENERGY: 3000000        25.8995        41.3942        38.5610         2.1042         -50812.4019    -85559.7819         0.0000         0.0000     10558.4300        -125705.7948       298.2539   -136264.2248   -125859.7504       297.2991            240.6580       243.7403    180946.4601        14.0569        13.7902

WRITING EXTENDED SYSTEM TO RESTART FILE AT STEP 3000000
WRITING COORDINATES TO DCD FILE ../output/02_eq_2_CLKW.0.dcd AT STEP 3000000
WRITING COORDINATES TO RESTART FILE AT STEP 3000000
FINISHED WRITING RESTART COORDINATES
WRITING VELOCITIES TO RESTART FILE AT STEP 3000000
FINISHED WRITING RESTART VELOCITIES
PRESSURE: 3010000 2031.35 393.47 16.2681 393.47 -1548.36 -338.457 16.2681 -338.457 350.204
GPRESSURE: 3010000 2012.67 389.497 88.4792 335.188 -1538.42 -262.422 -25.9546 -435.157 351.848
PRESSAVG: 3010000 1868.08 -2.74058 -26.4856 -2.74058 -1920.23 -71.722 -26.4856 -71.722 114.424
GPRESSAVG: 3010000 1845.04 0.855756 -39.2216 -1.25416 -1926.34 -64.2311 15.0422 -67.5662 142.543
TIMING: 3010000  CPU: 2682.04, 0.000891595/step  Wall: 2682.48, 0.000891738/step, 387.558 ns/days, 0.492933 hours remaining, 0.000000 MB of memory in use.
PERFORMANCE: 3010000  averaging 387.799 ns/day, 0.000891183 sec/step with standard deviation 2.22376e-06
ENERGY: 3010000        16.8558        45.0569        32.1683         1.2626         -51147.1242    -85301.3672         0.0000         0.0000     10494.8302        -125858.3176       296.4573   -136353.1479   -125854.2727       297.1716            277.7311       275.3668    180766.7698        20.7564        20.4161

WRITING EXTENDED SYSTEM TO RESTART FILE AT STEP 3010000
WRITING COORDINATES TO DCD FILE ../output/02_eq_2_CLKW.0.dcd AT STEP 3010000
WRITING COORDINATES TO RESTART FILE AT STEP 3010000
FINISHED WRITING RESTART COORDINATES
WRITING VELOCITIES TO RESTART FILE AT STEP 3010000
FINISHED WRITING RESTART VELOCITIES
PRESSURE: 3020000 1424.67 15.6327 161.369 15.6327 -2295.31 -365.181 161.368 -365.181 -380.321
GPRESSURE: 3020000 1427.56 -26.5349 154.392 120.366 -2316.6 -428.337 97.419 -358.511 -354.702
PRESSAVG: 3020000 1840.41 -1.40134 -18.8265 -1.40134 -1940.67 -83.6872 -18.8265 -83.6872 95.8475
GPRESSAVG: 3020000 1821.63 0.179998 -32.8926 4.46926 -1950.21 -79.3853 17.3518 -81.3575 124.047
TIMING: 3020000  CPU: 2690.97, 0.000893224/step  Wall: 2691.42, 0.00089343/step, 386.824 ns/days, 0.491386 hours remaining, 0.000000 MB of memory in use.
PERFORMANCE: 3020000  averaging 387.796 ns/day, 0.000891191 sec/step with standard deviation 2.22383e-06
ENERGY: 3020000        22.8287        43.1358        31.1481         2.0007         -51226.6302    -85433.9632         0.0000         0.0000     10450.3405        -126111.1396       295.2006   -136561.4802   -125858.6182       297.0757           -416.9872      -414.5788    180937.7397        -1.4725        -1.5116

WRITING EXTENDED SYSTEM TO RESTART FILE AT STEP 3020000
WRITING COORDINATES TO DCD FILE ../output/02_eq_2_CLKW.0.dcd AT STEP 3020000
WRITING COORDINATES TO RESTART FILE AT STEP 3020000
FINISHED WRITING RESTART COORDINATES
WRITING VELOCITIES TO RESTART FILE AT STEP 3020000
FINISHED WRITING RESTART VELOCITIES
PRESSURE: 3030000 1870.13 92.8812 -144.795 92.8827 -2298.02 183.758 -144.794 183.758 -476.401
GPRESSURE: 3030000 1806.14 191.124 -101.758 48.1805 -2315.59 108.593 -166.404 266.561 -401.172
PRESSAVG: 3030000 1836.69 -3.19208 -38.4345 -3.19208 -1938.74 -79.2385 -38.4345 -79.2385 55.6972
GPRESSAVG: 3030000 1815.91 6.44272 -49.1136 -5.24371 -1948.6 -81.1149 -6.7914 -74.2438 86.3175
TIMING: 3030000  CPU: 2699.88, 0.000890969/step  Wall: 2700.33, 0.000890991/step, 387.883 ns/days, 0.48757 hours remaining, 0.000000 MB of memory in use.
PERFORMANCE: 3030000  averaging 387.796 ns/day, 0.00089119 sec/step with standard deviation 2.22017e-06
ENERGY: 3030000        14.7066        38.0787        29.7472         1.4374         -51278.1547    -85325.0952         0.0000         0.0000     10636.9312        -125882.3488       300.4714   -136519.2800   -125861.0099       297.2711           -301.4316      -303.5422    181483.3604       -15.4485       -15.4588

WRITING EXTENDED SYSTEM TO RESTART FILE AT STEP 3030000
WRITING COORDINATES TO DCD FILE ../output/02_eq_2_CLKW.0.dcd AT STEP 3030000
WRITING COORDINATES TO RESTART FILE AT STEP 3030000
FINISHED WRITING RESTART COORDINATES
WRITING VELOCITIES TO RESTART FILE AT STEP 3030000
FINISHED WRITING RESTART VELOCITIES
PRESSURE: 3040000 2493.54 39.6852 -123.984 39.6863 -1814.21 229.361 -123.983 229.36 592.327
GPRESSURE: 3040000 2440.42 89.6334 -264.362 5.20212 -1816.15 245.245 0.182723 118.071 666.846
PRESSAVG: 3040000 1857.3 10.7224 -34.9475 10.7224 -1915.91 -69.422 -34.9475 -69.422 52.5745
GPRESSAVG: 3040000 1835.25 28.3586 -49.688 4.49909 -1927.44 -68.5094 1.95626 -65.7627 87.0659
TIMING: 3040000  CPU: 2708.8, 0.000892574/step  Wall: 2709.25, 0.000892614/step, 387.177 ns/days, 0.485979 hours remaining, 0.000000 MB of memory in use.
PERFORMANCE: 3040000  averaging 387.794 ns/day, 0.000891195 sec/step with standard deviation 2.21801e-06
ENERGY: 3040000        18.2318        52.0673        33.1306         1.1491         -51299.6606    -85373.2472         0.0000         0.0000     10476.0709        -126092.2580       295.9274   -136568.3289   -125873.4832       297.1101            423.8874       430.3710    180610.9473        -2.0105        -1.7058

WRITING EXTENDED SYSTEM TO RESTART FILE AT STEP 3040000
WRITING COORDINATES TO DCD FILE ../output/02_eq_2_CLKW.0.dcd AT STEP 3040000
WRITING COORDINATES TO RESTART FILE AT STEP 3040000
FINISHED WRITING RESTART COORDINATES
WRITING VELOCITIES TO RESTART FILE AT STEP 3040000
FINISHED WRITING RESTART VELOCITIES
PRESSURE: 3050000 2436.2 -14.2846 265.488 -14.2862 -1807.6 4.73921 265.49 4.73958 -146.015
GPRESSURE: 3050000 2392.35 -27.2923 313.624 98.5212 -1754.23 4.21453 217.184 -17.055 -141.016
PRESSAVG: 3050000 1927.16 16.0376 -12.3724 16.0376 -1871.75 -67.475 -12.3724 -67.475 36.6953
GPRESSAVG: 3050000 1902.83 30.6304 -28.4866 19.0209 -1879.35 -65.1101 17.4657 -72.0206 70.2047
TIMING: 3050000  CPU: 2717.73, 0.000892693/step  Wall: 2718.18, 0.000892892/step, 387.057 ns/days, 0.48365 hours remaining, 0.000000 MB of memory in use.
PERFORMANCE: 3050000  averaging 387.792 ns/day, 0.0008912 sec/step with standard deviation 2.21649e-06
ENERGY: 3050000        15.2186        48.9548        30.6106         3.1754         -51172.2641    -85486.5314         0.0000         0.0000     10606.8557        -125953.9805       299.6218   -136560.8361   -125888.2415       297.2894            160.8628       165.7002    179882.4711        30.7020        31.2283

WRITING EXTENDED SYSTEM TO RESTART FILE AT STEP 3050000
WRITING COORDINATES TO DCD FILE ../output/02_eq_2_CLKW.0.dcd AT STEP 3050000
WRITING COORDINATES TO RESTART FILE AT STEP 3050000
FINISHED WRITING RESTART COORDINATES
WRITING VELOCITIES TO RESTART FILE AT STEP 3050000
FINISHED WRITING RESTART VELOCITIES
PRESSURE: 3060000 1705.65 -40.346 -277.594 -40.344 -2334.72 137.239 -277.594 137.239 -208.151
GPRESSURE: 3060000 1751.54 -111.623 -424.486 5.33043 -2329.75 84.263 -194.298 27.371 -266.203
PRESSAVG: 3060000 1915.67 11.272 -7.53692 11.272 -1880.33 -86.3911 -7.53692 -86.3911 45.6866
GPRESSAVG: 3060000 1896.54 17.0151 -30.8621 19.8117 -1887.51 -86.7074 28.2639 -97.6182 73.2062
TIMING: 3060000  CPU: 2726.64, 0.000890826/step  Wall: 2727.09, 0.000890986/step, 387.885 ns/days, 0.480143 hours remaining, 0.000000 MB of memory in use.
PERFORMANCE: 3060000  averaging 387.792 ns/day, 0.0008912 sec/step with standard deviation 2.21289e-06
ENERGY: 3060000        14.7074        44.9095        32.8252         1.9603         -51285.4298    -85373.9511         0.0000         0.0000     10477.4128        -126087.5656       295.9653   -136564.9784   -125907.6421       297.1253           -279.0741      -281.4711    181200.4593        27.0063        27.4148

WRITING EXTENDED SYSTEM TO RESTART FILE AT STEP 3060000
WRITING COORDINATES TO DCD FILE ../output/02_eq_2_CLKW.0.dcd AT STEP 3060000
WRITING COORDINATES TO RESTART FILE AT STEP 3060000
FINISHED WRITING RESTART COORDINATES
WRITING VELOCITIES TO RESTART FILE AT STEP 3060000
FINISHED WRITING RESTART VELOCITIES
PRESSURE: 3070000 1718.74 220.751 -111.425 220.75 -2103.67 -134.513 -111.427 -134.512 549.792
GPRESSURE: 3070000 1786.52 382.474 -122.611 101.888 -2139.76 -97.0876 -85.9022 -95.8061 524.694
PRESSAVG: 3070000 1904.31 23.1482 -13.8173 23.1482 -1897.3 -83.0207 -13.8173 -83.0207 88.5519
GPRESSAVG: 3070000 1888.14 37.1789 -35.045 22.9575 -1904.43 -81.9846 15.0893 -90.4625 113.402
TIMING: 3070000  CPU: 2735.55, 0.000891174/step  Wall: 2736, 0.000891254/step, 387.768 ns/days, 0.477811 hours remaining, 0.000000 MB of memory in use.
PERFORMANCE: 3070000  averaging 387.792 ns/day, 0.0008912 sec/step with standard deviation 2.20927e-06
ENERGY: 3070000        13.2225        39.5175        29.3998         1.9703         -51385.9724    -85244.8349         0.0000         0.0000     10459.8164        -126086.8808       295.4682   -136546.6972   -125917.7289       297.1889             54.9531        57.1518    180101.2348        31.8540        32.3710

WRITING EXTENDED SYSTEM TO RESTART FILE AT STEP 3070000
WRITING COORDINATES TO DCD FILE ../output/02_eq_2_CLKW.0.dcd AT STEP 3070000
WRITING COORDINATES TO RESTART FILE AT STEP 3070000
FINISHED WRITING RESTART COORDINATES
WRITING VELOCITIES TO RESTART FILE AT STEP 3070000
FINISHED WRITING RESTART VELOCITIES
PRESSURE: 3080000 2074.78 188.738 -152.149 188.738 -1571.87 198.022 -152.151 198.024 46.4779
GPRESSURE: 3080000 2026.84 243.26 -181.484 203.688 -1474.76 180.4 -16.7718 124.051 -7.88763
PRESSAVG: 3080000 1906.06 22.0429 -20.8518 22.0429 -1888.14 -71.5253 -20.8518 -71.5253 82.4078
GPRESSAVG: 3080000 1887.51 35.0031 -36.7031 29.5456 -1888.69 -74.693 12.4659 -76.9039 102.752
TIMING: 3080000  CPU: 2744.48, 0.000892512/step  Wall: 2744.93, 0.000892721/step, 387.131 ns/days, 0.476118 hours remaining, 0.000000 MB of memory in use.
PERFORMANCE: 3080000  averaging 387.79 ns/day, 0.000891205 sec/step with standard deviation 2.20737e-06
ENERGY: 3080000        14.5629        50.8823        34.8682         1.2165         -51122.4913    -85374.7878         0.0000         0.0000     10565.6464        -125830.1029       298.4577   -136395.7492   -125911.3438       297.1841            183.1300       181.3970    181858.3232        33.4433        33.8572

WRITING EXTENDED SYSTEM TO RESTART FILE AT STEP 3080000
WRITING COORDINATES TO DCD FILE ../output/02_eq_2_CLKW.0.dcd AT STEP 3080000
WRITING COORDINATES TO RESTART FILE AT STEP 3080000
FINISHED WRITING RESTART COORDINATES
WRITING VELOCITIES TO RESTART FILE AT STEP 3080000
FINISHED WRITING RESTART VELOCITIES
PRESSURE: 3090000 1964.29 135.55 416.946 135.549 -1525.09 -292.825 416.947 -292.824 -133.58
GPRESSURE: 3090000 1993.3 183.325 482.492 131.763 -1553.01 -358.027 240.949 -196.887 -124.064
PRESSAVG: 3090000 1903.56 18.9393 -12.2181 18.9393 -1861 -94.752 -12.2181 -94.752 51.1965
GPRESSAVG: 3090000 1885.51 29.659 -25.244 26.6565 -1861.44 -96.4838 10.1647 -105.749 71.3537
TIMING: 3090000  CPU: 2753.4, 0.000892251/step  Wall: 2753.85, 0.00089223/step, 387.344 ns/days, 0.473378 hours remaining, 0.000000 MB of memory in use.
PERFORMANCE: 3090000  averaging 387.788 ns/day, 0.000891208 sec/step with standard deviation 2.20456e-06
ENERGY: 3090000        15.9997        45.8196        33.0968         1.6095         -51268.6412    -85362.8633         0.0000         0.0000     10538.8138        -125996.1652       297.6998   -136534.9789   -125921.3510       297.0660            101.8704       105.4089    180968.7362        31.2502        31.8102

WRITING EXTENDED SYSTEM TO RESTART FILE AT STEP 3090000
WRITING COORDINATES TO DCD FILE ../output/02_eq_2_CLKW.0.dcd AT STEP 3090000
WRITING COORDINATES TO RESTART FILE AT STEP 3090000
FINISHED WRITING RESTART COORDINATES
WRITING VELOCITIES TO RESTART FILE AT STEP 3090000
FINISHED WRITING RESTART VELOCITIES
PRESSURE: 3100000 2272.74 -4.40264 -396.612 -4.40049 -1999.88 146.184 -396.612 146.184 -362.995
GPRESSURE: 3100000 2270.46 -18.7404 -480.55 93.5025 -2006.46 108.919 -386.062 90.7383 -365.745
PRESSAVG: 3100000 1971.11 18.6034 -27.4695 18.6034 -1835 -81.292 -27.4695 -81.292 39.3152
GPRESSAVG: 3100000 1951.46 31.3104 -44.3207 27.6291 -1832.02 -85.9777 -10.6225 -89.6844 57.202
TIMING: 3100000  CPU: 2762.31, 0.000890818/step  Wall: 2762.76, 0.000891014/step, 387.873 ns/days, 0.470258 hours remaining, 0.000000 MB of memory in use.
PERFORMANCE: 3100000  averaging 387.788 ns/day, 0.000891207 sec/step with standard deviation 2.20102e-06
ETITLE:      TS           BOND          ANGLE          DIHED          IMPRP               ELECT            VDW       BOUNDARY           MISC        KINETIC               TOTAL           TEMP      POTENTIAL       TOTALAVG        TEMPAVG            PRESSURE      GPRESSURE         VOLUME       PRESSAVG      GPRESSAVG

ENERGY: 3100000        13.8749        64.1718        32.0031         1.2197         -51217.5301    -85408.7102         0.0000         0.0000     10549.7048        -125965.2660       298.0074   -136514.9708   -125924.8463       297.2010            -30.0444       -33.9143    180669.9910        58.4743        58.8808

WRITING EXTENDED SYSTEM TO RESTART FILE AT STEP 3100000
WRITING COORDINATES TO DCD FILE ../output/02_eq_2_CLKW.0.dcd AT STEP 3100000
WRITING COORDINATES TO RESTART FILE AT STEP 3100000
FINISHED WRITING RESTART COORDINATES
WRITING VELOCITIES TO RESTART FILE AT STEP 3100000
FINISHED WRITING RESTART VELOCITIES
PRESSURE: 3110000 1459.46 -47.2874 -436.558 -47.2855 -2524.06 -191.728 -436.558 -191.726 -136.775
GPRESSURE: 3110000 1502.8 -115.149 -354.462 -108.072 -2547.25 -109.249 -534.438 -206.414 -152.544
PRESSAVG: 3110000 1970.16 25.8436 -44.0774 25.8436 -1879.24 -80.2028 -44.0774 -80.2028 48.7549
GPRESSAVG: 3110000 1950.57 40.4309 -57.989 22.6997 -1875.56 -78.4415 -29.3493 -84.2706 66.5541
TIMING: 3110000  CPU: 2771.24, 0.000893632/step  Wall: 2771.7, 0.00089382/step, 386.655 ns/days, 0.469256 hours remaining, 0.000000 MB of memory in use.
PERFORMANCE: 3110000  averaging 387.785 ns/day, 0.000891216 sec/step with standard deviation 2.20245e-06
ENERGY: 3110000        21.4001        43.8234        30.3950         1.0531         -50889.3603    -85499.3107         0.0000         0.0000     10670.1811        -125621.8184       301.4106   -136291.9994   -125910.3127       297.2847           -400.4566      -398.9990    181247.7997        46.5578        47.1872

WRITING EXTENDED SYSTEM TO RESTART FILE AT STEP 3110000
WRITING COORDINATES TO DCD FILE ../output/02_eq_2_CLKW.0.dcd AT STEP 3110000
WRITING COORDINATES TO RESTART FILE AT STEP 3110000
FINISHED WRITING RESTART COORDINATES
WRITING VELOCITIES TO RESTART FILE AT STEP 3110000
FINISHED WRITING RESTART VELOCITIES
PRESSURE: 3120000 1481.83 -102.716 119.464 -102.716 -2374.13 391.285 119.468 391.286 -81.4055
GPRESSURE: 3120000 1480.28 -113.853 104.36 -11.5822 -2378.76 413.853 101.197 289.043 -79.8389
PRESSAVG: 3120000 1995.11 16.3761 -56.6559 16.3761 -1879.31 -54.523 -56.6559 -54.523 59.7428
GPRESSAVG: 3120000 1972.56 27.8131 -71.2298 17.9345 -1874.65 -52.1832 -44.9627 -63.3226 78.7913
TIMING: 3120000  CPU: 2780.16, 0.000891814/step  Wall: 2780.62, 0.000891948/step, 387.466 ns/days, 0.465795 hours remaining, 0.000000 MB of memory in use.
PERFORMANCE: 3120000  averaging 387.784 ns/day, 0.000891218 sec/step with standard deviation 2.1993e-06
ENERGY: 3120000        20.3595        51.1508        35.6143         2.7297         -51026.7272    -85516.5137         0.0000         0.0000     10569.1450        -125864.2416       298.5566   -136433.3866   -125906.7124       297.4458           -324.5683      -326.1088    181018.8880        58.5134        58.9009

WRITING EXTENDED SYSTEM TO RESTART FILE AT STEP 3120000
WRITING COORDINATES TO DCD FILE ../output/02_eq_2_CLKW.0.dcd AT STEP 3120000
WRITING COORDINATES TO RESTART FILE AT STEP 3120000
FINISHED WRITING RESTART COORDINATES
WRITING VELOCITIES TO RESTART FILE AT STEP 3120000
FINISHED WRITING RESTART VELOCITIES
PRESSURE: 3130000 1421.95 -203.171 42.5398 -203.171 -2293.2 -240.535 42.5409 -240.537 -115.662
GPRESSURE: 3130000 1456.44 -267.965 120.641 -207.808 -2263.95 -214.14 -71.7578 -322.253 -167.375
PRESSAVG: 3130000 1930.22 9.88635 -46.8389 9.88635 -1936.86 -69.2932 -46.8389 -69.2932 66.3354
GPRESSAVG: 3130000 1912.16 16.933 -61.6678 13.6231 -1928.7 -68.2972 -31.8129 -76.7804 78.245
TIMING: 3130000  CPU: 2789.08, 0.000892171/step  Wall: 2789.54, 0.000892219/step, 387.349 ns/days, 0.463458 hours remaining, 0.000000 MB of memory in use.
PERFORMANCE: 3130000  averaging 387.782 ns/day, 0.000891221 sec/step with standard deviation 2.1965e-06
ENERGY: 3130000        16.7652        41.4597        38.0177         0.5014         -51318.5174    -85450.9401         0.0000         0.0000     10582.8465        -126089.8669       298.9436   -136672.7135   -125916.4267       297.6756           -328.9718      -324.9628    180769.3957        19.8964        20.5678

WRITING EXTENDED SYSTEM TO RESTART FILE AT STEP 3130000
WRITING COORDINATES TO DCD FILE ../output/02_eq_2_CLKW.0.dcd AT STEP 3130000
WRITING COORDINATES TO RESTART FILE AT STEP 3130000
FINISHED WRITING RESTART COORDINATES
WRITING VELOCITIES TO RESTART FILE AT STEP 3130000
FINISHED WRITING RESTART VELOCITIES
PRESSURE: 3140000 2017.73 -0.574929 214.418 -0.57586 -1438.49 145.091 214.415 145.091 -527.033
GPRESSURE: 3140000 2040.06 -20.1028 175.059 -76.0741 -1434.06 13.8603 199.495 262.601 -531.188
PRESSAVG: 3140000 1912.05 27.2368 -18.164 27.2368 -1916.21 -62.141 -18.164 -62.141 42.5479
GPRESSAVG: 3140000 1899.79 30.4358 -36.83 29.1426 -1907.06 -67.0919 -1.44356 -67.8212 49.0938
TIMING: 3140000  CPU: 2798.02, 0.000893556/step  Wall: 2798.48, 0.000893612/step, 386.745 ns/days, 0.4617 hours remaining, 0.000000 MB of memory in use.
PERFORMANCE: 3140000  averaging 387.779 ns/day, 0.000891229 sec/step with standard deviation 2.19714e-06
ENERGY: 3140000        18.1579        48.2111        31.8356         1.0690         -50949.7766    -85450.0775         0.0000         0.0000     10526.5701        -125774.0103       297.3539   -136300.5804   -125916.7994       297.6691             17.4026        24.9357    181076.9879        12.7960        13.9430

WRITING EXTENDED SYSTEM TO RESTART FILE AT STEP 3140000
WRITING COORDINATES TO DCD FILE ../output/02_eq_2_CLKW.0.dcd AT STEP 3140000
WRITING COORDINATES TO RESTART FILE AT STEP 3140000
FINISHED WRITING RESTART COORDINATES
WRITING VELOCITIES TO RESTART FILE AT STEP 3140000
FINISHED WRITING RESTART VELOCITIES
PRESSURE: 3150000 1820.87 105.782 60.6245 105.782 -2532.64 137.218 60.6234 137.218 115.918
GPRESSURE: 3150000 1871.06 89.844 60.8359 94.1063 -2487.96 165.249 -24.7058 129.966 27.2439
PRESSAVG: 3150000 1915.98 26.348 -14.8902 26.348 -1943.28 -49.413 -14.8902 -49.413 41.1938
GPRESSAVG: 3150000 1906.82 29.9206 -38.0482 28.9833 -1933.8 -59.3813 -2.35863 -54.7476 43.5103
TIMING: 3150000  CPU: 2806.95, 0.000893026/step  Wall: 2807.41, 0.000893263/step, 386.896 ns/days, 0.459038 hours remaining, 0.000000 MB of memory in use.
PERFORMANCE: 3150000  averaging 387.776 ns/day, 0.000891235 sec/step with standard deviation 2.19662e-06
ENERGY: 3150000        14.3245        47.8246        32.8062         2.5421         -50963.2413    -85514.4110         0.0000         0.0000     10522.5521        -125857.6027       297.2404   -136380.1549   -125918.9434       297.6912           -198.6190      -196.5500    180932.4052         4.6292         5.5118

WRITING EXTENDED SYSTEM TO RESTART FILE AT STEP 3150000
WRITING COORDINATES TO DCD FILE ../output/02_eq_2_CLKW.0.dcd AT STEP 3150000
WRITING COORDINATES TO RESTART FILE AT STEP 3150000
FINISHED WRITING RESTART COORDINATES
WRITING VELOCITIES TO RESTART FILE AT STEP 3150000
FINISHED WRITING RESTART VELOCITIES
PRESSURE: 3160000 1472.35 86.5177 -111.558 86.5142 -2185.1 155.015 -111.557 155.015 555.386
GPRESSURE: 3160000 1426.98 56.2339 -100.83 25.2421 -2204.59 66.2457 -54.9462 189.789 631.732
PRESSAVG: 3160000 1860.72 40.0622 -27.1694 40.0622 -1973.9 -29.59 -27.1694 -29.59 39.3032
GPRESSAVG: 3160000 1851.82 41.7257 -43.6981 35.1304 -1965.66 -40.0777 -16.9875 -36.2354 44.1853
TIMING: 3160000  CPU: 2815.86, 0.000891516/step  Wall: 2816.33, 0.000891627/step, 387.606 ns/days, 0.45572 hours remaining, 0.000000 MB of memory in use.
PERFORMANCE: 3160000  averaging 387.776 ns/day, 0.000891237 sec/step with standard deviation 2.19325e-06
ENERGY: 3160000        19.2429        36.8506        33.8663         1.7209         -51233.4467    -85372.5492         0.0000         0.0000     10473.1759        -126041.1393       295.8456   -136514.3152   -125915.8176       297.8253            -52.4569       -48.6287    180733.2172       -24.6270       -23.2179

WRITING EXTENDED SYSTEM TO RESTART FILE AT STEP 3160000
WRITING COORDINATES TO DCD FILE ../output/02_eq_2_CLKW.0.dcd AT STEP 3160000
WRITING COORDINATES TO RESTART FILE AT STEP 3160000
FINISHED WRITING RESTART COORDINATES
WRITING VELOCITIES TO RESTART FILE AT STEP 3160000
FINISHED WRITING RESTART VELOCITIES
PRESSURE: 3170000 2202.15 -148.341 106.344 -148.341 -1927.59 219.397 106.343 219.398 647.103
GPRESSURE: 3170000 2143.67 -196.803 199.47 -156.361 -1929.77 192.119 89.9626 333.773 709.063
PRESSAVG: 3170000 1873.4 35.5387 -23.8706 35.5387 -1982.66 -4.59741 -23.8706 -4.59741 54.9729
GPRESSAVG: 3170000 1861.45 33.1268 -34.1002 35.4268 -1972.4 -13.1998 -18.2885 -8.38657 60.4429
TIMING: 3170000  CPU: 2824.78, 0.000891691/step  Wall: 2825.25, 0.000891961/step, 387.461 ns/days, 0.453413 hours remaining, 0.000000 MB of memory in use.
PERFORMANCE: 3170000  averaging 387.775 ns/day, 0.000891239 sec/step with standard deviation 2.19015e-06
ENERGY: 3170000        19.9456        45.6013        34.4956         0.9109         -51161.0874    -85453.4143         0.0000         0.0000     10530.2867        -125983.2616       297.4589   -136513.5483   -125926.1880       297.7742            307.2218       307.6538    180826.1274       -18.0939       -16.8366

WRITING EXTENDED SYSTEM TO RESTART FILE AT STEP 3170000
WRITING COORDINATES TO DCD FILE ../output/02_eq_2_CLKW.0.dcd AT STEP 3170000
WRITING COORDINATES TO RESTART FILE AT STEP 3170000
FINISHED WRITING RESTART COORDINATES
WRITING VELOCITIES TO RESTART FILE AT STEP 3170000
FINISHED WRITING RESTART VELOCITIES
PRESSURE: 3180000 2516.62 37.8493 79.2103 37.8495 -1526.72 -316.543 79.2103 -316.545 -573.006
GPRESSURE: 3180000 2646.39 104.611 113.549 16.2487 -1508.32 -196.654 3.38073 -238.579 -724.064
PRESSAVG: 3180000 1926.73 28.9557 -10.9818 28.9557 -1972.37 -17.775 -10.9818 -17.775 16.8518
GPRESSAVG: 3180000 1925.82 28.8532 -15.6806 26.5708 -1965.14 -25.4023 -16.2218 -24.0182 14.4303
TIMING: 3180000  CPU: 2833.71, 0.000893364/step  Wall: 2834.18, 0.000893337/step, 386.864 ns/days, 0.451632 hours remaining, 0.000000 MB of memory in use.
PERFORMANCE: 3180000  averaging 387.772 ns/day, 0.000891246 sec/step with standard deviation 2.18986e-06
ENERGY: 3180000        12.5850        56.8452        29.2048         1.1533         -51181.5433    -85560.5976         0.0000         0.0000     10592.5635        -126049.7892       299.2181   -136642.3527   -125939.5805       297.8419            138.9654       138.0032    180347.0914        -9.5970        -8.2951

WRITING EXTENDED SYSTEM TO RESTART FILE AT STEP 3180000
WRITING COORDINATES TO DCD FILE ../output/02_eq_2_CLKW.0.dcd AT STEP 3180000
WRITING COORDINATES TO RESTART FILE AT STEP 3180000
FINISHED WRITING RESTART COORDINATES
WRITING VELOCITIES TO RESTART FILE AT STEP 3180000
FINISHED WRITING RESTART VELOCITIES
PRESSURE: 3190000 2523.5 225.119 243.524 225.119 -1727.97 171.289 243.522 171.289 -276.479
GPRESSURE: 3190000 2498.84 241.87 258.289 217.205 -1738.36 160.663 267.741 168.732 -222.556
PRESSAVG: 3190000 1949.35 44.6528 -1.05703 44.6528 -1977.48 3.57921 -1.05703 3.57921 -9.80548
GPRESSAVG: 3190000 1950.93 43.1364 -3.62919 43.5011 -1972.51 -6.96766 -8.20096 0.515852 -11.372
TIMING: 3190000  CPU: 2842.63, 0.000891231/step  Wall: 2843.1, 0.000891457/step, 387.68 ns/days, 0.448205 hours remaining, 0.000000 MB of memory in use.
PERFORMANCE: 3190000  averaging 387.772 ns/day, 0.000891246 sec/step with standard deviation 2.18644e-06
ENERGY: 3190000        10.4422        40.3759        30.4637         1.1255         -50918.0577    -85545.5857         0.0000         0.0000     10495.8086        -125885.4275       296.4849   -136381.2361   -125936.8489       297.7022            173.0175       179.3072    181388.4180       -12.6455       -10.9860

WRITING EXTENDED SYSTEM TO RESTART FILE AT STEP 3190000
WRITING COORDINATES TO DCD FILE ../output/02_eq_2_CLKW.0.dcd AT STEP 3190000
WRITING COORDINATES TO RESTART FILE AT STEP 3190000
FINISHED WRITING RESTART COORDINATES
WRITING VELOCITIES TO RESTART FILE AT STEP 3190000
FINISHED WRITING RESTART VELOCITIES
PRESSURE: 3200000 1633.17 38.7826 -69.9098 38.7811 -2282.57 -28.458 -69.9105 -28.4582 126.335
GPRESSURE: 3200000 1588.69 109.007 -51.3506 -32.2717 -2228.46 0.610709 -70.6096 -15.4601 102.6
PRESSAVG: 3200000 1927.09 50.9817 -4.91949 50.9817 -2005.56 10.5181 -4.91949 10.5181 -21.714
GPRESSAVG: 3200000 1928.15 59.1408 -0.535143 45.2131 -1998.31 3.91587 -20.717 5.72864 -26.2165
TIMING: 3200000  CPU: 2851.55, 0.000891874/step  Wall: 2852.02, 0.000891917/step, 387.48 ns/days, 0.445959 hours remaining, 0.000000 MB of memory in use.
PERFORMANCE: 3200000  averaging 387.771 ns/day, 0.000891248 sec/step with standard deviation 2.18333e-06
ETITLE:      TS           BOND          ANGLE          DIHED          IMPRP               ELECT            VDW       BOUNDARY           MISC        KINETIC               TOTAL           TEMP      POTENTIAL       TOTALAVG        TEMPAVG            PRESSURE      GPRESSURE         VOLUME       PRESSAVG      GPRESSAVG

ENERGY: 3200000         9.9791        48.5669        34.8934         2.1188         -51006.1851    -85477.9897         0.0000         0.0000     10545.8760        -125842.7406       297.8993   -136388.6166   -125943.6962       297.6844           -174.3530      -179.0584    181032.1891       -33.3960       -32.1259

WRITING EXTENDED SYSTEM TO RESTART FILE AT STEP 3200000
WRITING COORDINATES TO DCD FILE ../output/02_eq_2_CLKW.0.dcd AT STEP 3200000
WRITING COORDINATES TO RESTART FILE AT STEP 3200000
FINISHED WRITING RESTART COORDINATES
WRITING VELOCITIES TO RESTART FILE AT STEP 3200000
FINISHED WRITING RESTART VELOCITIES
PRESSURE: 3210000 2383.71 -145.06 52.1527 -145.06 -1512.49 -382.434 52.1504 -382.434 172.732
GPRESSURE: 3210000 2420.38 44.7281 64.7351 -216.986 -1530.21 -363.179 -42.8497 -359.709 160.226
PRESSAVG: 3210000 1944.7 24.0552 -3.12537 24.0552 -2003.77 8.31925 -3.12537 8.31925 -30.5876
GPRESSAVG: 3210000 1948.54 41.9024 -1.72235 17.6044 -1997.9 -1.12198 -21.5618 9.50107 -35.7976
TIMING: 3210000  CPU: 2860.47, 0.000892675/step  Wall: 2860.94, 0.000892688/step, 387.145 ns/days, 0.443865 hours remaining, 0.000000 MB of memory in use.
PERFORMANCE: 3210000  averaging 387.769 ns/day, 0.000891253 sec/step with standard deviation 2.1814e-06
ENERGY: 3210000        20.0887        51.8624        33.3802         1.0449         -51267.8147    -85382.5054         0.0000         0.0000     10596.5936        -125947.3502       299.3319   -136543.9438   -125948.1478       297.8282            347.9815       350.1324    180825.1711       -29.8835       -28.3876

WRITING EXTENDED SYSTEM TO RESTART FILE AT STEP 3210000
WRITING COORDINATES TO DCD FILE ../output/02_eq_2_CLKW.0.dcd AT STEP 3210000
WRITING COORDINATES TO RESTART FILE AT STEP 3210000
FINISHED WRITING RESTART COORDINATES
WRITING VELOCITIES TO RESTART FILE AT STEP 3210000
FINISHED WRITING RESTART VELOCITIES
PRESSURE: 3220000 1792.22 29.1336 195.012 29.1316 -2177.89 -95.037 195.013 -95.0366 247.684
GPRESSURE: 3220000 1732.73 24.875 219.949 155.57 -2145.35 -159.185 95.8064 -122.989 270.032
PRESSAVG: 3220000 1963.08 24.7302 -1.44313 24.7302 -1997.9 21.8265 -1.44313 21.8265 0.8126
GPRESSAVG: 3220000 1963.79 44.4728 1.5555 19.3646 -1989.34 12.3356 -21.6424 21.2772 -4.56088
TIMING: 3220000  CPU: 2869.39, 0.000891635/step  Wall: 2869.86, 0.000891736/step, 387.559 ns/days, 0.440914 hours remaining, 0.000000 MB of memory in use.
PERFORMANCE: 3220000  averaging 387.768 ns/day, 0.000891254 sec/step with standard deviation 2.17817e-06
ENERGY: 3220000        13.0211        49.0801        33.2606         0.5489         -50923.4233    -85474.3008         0.0000         0.0000     10402.8590        -125898.9545       293.8593   -136301.8135   -125937.5385       297.7611            -45.9953       -47.5299    181768.2141       -11.3339       -10.0352

WRITING EXTENDED SYSTEM TO RESTART FILE AT STEP 3220000
WRITING COORDINATES TO DCD FILE ../output/02_eq_2_CLKW.0.dcd AT STEP 3220000
WRITING COORDINATES TO RESTART FILE AT STEP 3220000
FINISHED WRITING RESTART COORDINATES
WRITING VELOCITIES TO RESTART FILE AT STEP 3220000
FINISHED WRITING RESTART VELOCITIES
PRESSURE: 3230000 2212.81 -100.813 -28.4623 -100.816 -1345.75 149.718 -28.4619 149.717 -172.27
GPRESSURE: 3230000 2225.2 -176.115 -167.456 -181.326 -1324.04 144.929 38.805 175.927 -203.795
PRESSAVG: 3230000 1980.22 15.0452 4.37348 15.0452 -1950.28 20.1245 4.37348 20.1245 16.0191
GPRESSAVG: 3230000 1984.75 26.1109 -1.72942 7.88926 -1939.76 14.1524 -11.3819 16.7455 5.308
TIMING: 3230000  CPU: 2878.32, 0.000893005/step  Wall: 2878.79, 0.000893247/step, 386.903 ns/days, 0.43918 hours remaining, 0.000000 MB of memory in use.
PERFORMANCE: 3230000  averaging 387.765 ns/day, 0.000891261 sec/step with standard deviation 2.17761e-06
ENERGY: 3230000         7.8447        46.2162        30.2390         0.9792         -51047.6952    -85243.4214         0.0000         0.0000     10578.0239        -125627.8136       298.8074   -136205.8375   -125924.8118       297.6779            231.5952       232.4563    180634.9332        15.3174        16.7647

WRITING EXTENDED SYSTEM TO RESTART FILE AT STEP 3230000
WRITING COORDINATES TO DCD FILE ../output/02_eq_2_CLKW.0.dcd AT STEP 3230000
WRITING COORDINATES TO RESTART FILE AT STEP 3230000
FINISHED WRITING RESTART COORDINATES
WRITING VELOCITIES TO RESTART FILE AT STEP 3230000
FINISHED WRITING RESTART VELOCITIES
PRESSURE: 3240000 1901.05 57.1713 34.0547 57.1701 -2045.59 198.189 34.0527 198.188 -206.359
GPRESSURE: 3240000 1896.45 55.0398 75.1205 75.0114 -2081.43 68.4715 -97.2138 278.671 -170.735
PRESSAVG: 3240000 1950.59 15.9194 12.2753 15.9194 -1961.85 18.5658 12.2753 18.5658 -23.9152
GPRESSAVG: 3240000 1957.55 24.3812 15.2447 11.3797 -1953.02 5.31371 -16.2518 24.7755 -36.5711
TIMING: 3240000  CPU: 2887.24, 0.000892174/step  Wall: 2887.71, 0.000892229/step, 387.344 ns/days, 0.436201 hours remaining, 0.000000 MB of memory in use.
PERFORMANCE: 3240000  averaging 387.764 ns/day, 0.000891264 sec/step with standard deviation 2.1749e-06
ENERGY: 3240000        19.8806        49.1993        34.3564         1.1882         -51160.9736    -85429.6393         0.0000         0.0000     10469.2230        -126016.7652       295.7340   -136485.9882   -125921.0371       297.6682           -116.9656      -118.5714    181148.2712       -11.7252       -10.6824

WRITING EXTENDED SYSTEM TO RESTART FILE AT STEP 3240000
WRITING COORDINATES TO DCD FILE ../output/02_eq_2_CLKW.0.dcd AT STEP 3240000
WRITING COORDINATES TO RESTART FILE AT STEP 3240000
FINISHED WRITING RESTART COORDINATES
WRITING VELOCITIES TO RESTART FILE AT STEP 3240000
FINISHED WRITING RESTART VELOCITIES
PRESSURE: 3250000 1274.58 -58.706 293.04 -58.7039 -2825.88 -24.4306 293.039 -24.4319 -622.613
GPRESSURE: 3250000 1308.2 -140.825 260.437 -40.8408 -2841.59 95.1205 272.379 -81.6672 -639.039
PRESSAVG: 3250000 1892.51 13.6986 13.6527 13.6986 -2012.77 17.1073 13.6527 17.1073 -47.7451
GPRESSAVG: 3250000 1903.34 18.7046 12.5854 4.41162 -2007.39 9.85901 -13.492 21.5449 -61.4722
TIMING: 3250000  CPU: 2896.16, 0.000891524/step  Wall: 2896.63, 0.000891696/step, 387.576 ns/days, 0.433463 hours remaining, 0.000000 MB of memory in use.
PERFORMANCE: 3250000  averaging 387.764 ns/day, 0.000891265 sec/step with standard deviation 2.17167e-06
ENERGY: 3250000        10.8071        38.0822        33.2415         2.0768         -50972.3760    -85509.5237         0.0000         0.0000     10558.8059        -125838.8862       298.2645   -136397.6921   -125915.2824       297.6004           -724.6398      -724.1423    181377.9249       -56.0004       -55.1745

WRITING EXTENDED SYSTEM TO RESTART FILE AT STEP 3250000
WRITING COORDINATES TO DCD FILE ../output/02_eq_2_CLKW.0.dcd AT STEP 3250000
WRITING COORDINATES TO RESTART FILE AT STEP 3250000
FINISHED WRITING RESTART COORDINATES
WRITING VELOCITIES TO RESTART FILE AT STEP 3250000
FINISHED WRITING RESTART VELOCITIES
PRESSURE: 3260000 2380.43 -36.0434 -476.172 -36.0482 -2342.44 152.335 -476.174 152.333 -464.93
GPRESSURE: 3260000 2390.1 41.8486 -469.729 -94.6045 -2362.31 196.731 -513.529 209.674 -426.198
PRESSAVG: 3260000 1926.25 13.9133 3.72373 13.9133 -2013.15 17.862 3.72373 17.862 -60.584
GPRESSAVG: 3260000 1935.27 26.3782 10.3232 -0.585122 -2009.02 15.4824 -29.4536 30.6601 -69.472
TIMING: 3260000  CPU: 2905.08, 0.000892775/step  Wall: 2905.56, 0.000892785/step, 387.103 ns/days, 0.431513 hours remaining, 0.000000 MB of memory in use.
PERFORMANCE: 3260000  averaging 387.761 ns/day, 0.00089127 sec/step with standard deviation 2.16996e-06
ENERGY: 3260000        15.5968        46.1204        28.3357         1.3951         -50964.2619    -85621.6951         0.0000         0.0000     10504.9086        -125989.6004       296.7420   -136494.5089   -125910.3842       297.6392           -142.3140      -132.8027    181199.0441       -49.1624       -47.7411

WRITING EXTENDED SYSTEM TO RESTART FILE AT STEP 3260000
WRITING COORDINATES TO DCD FILE ../output/02_eq_2_CLKW.0.dcd AT STEP 3260000
WRITING COORDINATES TO RESTART FILE AT STEP 3260000
FINISHED WRITING RESTART COORDINATES
WRITING VELOCITIES TO RESTART FILE AT STEP 3260000
FINISHED WRITING RESTART VELOCITIES
PRESSURE: 3270000 1583 107.013 -1.03624 107.015 -2397.09 183.122 -1.03649 183.123 -802.857
GPRESSURE: 3270000 1521.24 32.5782 15.1209 156.277 -2373.4 82.2971 -5.61855 175.305 -762.98
PRESSAVG: 3270000 1919.46 8.22661 9.24324 8.22661 -2027.82 33.7437 9.24324 33.7437 -128.216
GPRESSAVG: 3270000 1922.01 8.8834 17.2098 2.13434 -2020.7 24.4516 -25.4394 44.2156 -133.856
TIMING: 3270000  CPU: 2914.01, 0.000892532/step  Wall: 2914.49, 0.000892684/step, 387.147 ns/days, 0.428984 hours remaining, 0.000000 MB of memory in use.
PERFORMANCE: 3270000  averaging 387.76 ns/day, 0.000891274 sec/step with standard deviation 2.16804e-06
ENERGY: 3270000        16.3022        52.1195        35.7316         1.3426         -50950.7878    -85508.4759         0.0000         0.0000     10533.2391        -125820.5288       297.5423   -136353.7679   -125897.0666       297.7429           -538.9845      -538.3802    180893.0104       -78.8592       -77.5177

WRITING EXTENDED SYSTEM TO RESTART FILE AT STEP 3270000
WRITING COORDINATES TO DCD FILE ../output/02_eq_2_CLKW.0.dcd AT STEP 3270000
WRITING COORDINATES TO RESTART FILE AT STEP 3270000
FINISHED WRITING RESTART COORDINATES
WRITING VELOCITIES TO RESTART FILE AT STEP 3270000
FINISHED WRITING RESTART VELOCITIES
PRESSURE: 3280000 1502.6 -65.924 -211.99 -65.9237 -2505.95 32.4184 -211.991 32.4189 475.99
GPRESSURE: 3280000 1539.39 -86.3638 -394.98 -207.066 -2417.9 69.222 -148.165 -9.2636 345.797
PRESSAVG: 3280000 1890.85 -4.50648 6.2512 -4.50648 -2074.53 25.4635 6.2512 25.4635 -106.741
GPRESSAVG: 3280000 1897.63 -7.59778 6.53503 -18.4034 -2067.86 18.8927 -32.0091 37.5499 -116.171
TIMING: 3280000  CPU: 2922.93, 0.000892253/step  Wall: 2923.41, 0.000892411/step, 387.265 ns/days, 0.426374 hours remaining, 0.000000 MB of memory in use.
PERFORMANCE: 3280000  averaging 387.758 ns/day, 0.000891277 sec/step with standard deviation 2.16564e-06
ENERGY: 3280000        11.5356        43.0202        36.6211         0.9926         -51028.4586    -85443.5658         0.0000         0.0000     10425.4174        -125954.4376       294.4965   -136379.8550   -125903.2833       297.5448           -175.7861      -177.5723    180386.6178       -96.8050       -95.4662

WRITING EXTENDED SYSTEM TO RESTART FILE AT STEP 3280000
WRITING COORDINATES TO DCD FILE ../output/02_eq_2_CLKW.0.dcd AT STEP 3280000
WRITING COORDINATES TO RESTART FILE AT STEP 3280000
FINISHED WRITING RESTART COORDINATES
WRITING VELOCITIES TO RESTART FILE AT STEP 3280000
FINISHED WRITING RESTART VELOCITIES
PRESSURE: 3290000 1320.07 -45.0595 -75.8626 -45.0611 -2474.56 -179.448 -75.8662 -179.446 -39.3189
GPRESSURE: 3290000 1264.8 -134.947 -104.257 -160.83 -2466.84 -184.284 28.8899 -64.8856 17.3372
PRESSAVG: 3290000 1858.64 -13.537 -18.3895 -13.537 -2122 31.1323 -18.3895 31.1323 -102.028
GPRESSAVG: 3290000 1861.21 -23.5114 -22.8024 -33.033 -2113.55 27.5799 -42.6121 44.15 -109.101
TIMING: 3290000  CPU: 2931.84, 0.000890884/step  Wall: 2932.32, 0.000891124/step, 387.825 ns/days, 0.423284 hours remaining, 0.000000 MB of memory in use.
PERFORMANCE: 3290000  averaging 387.758 ns/day, 0.000891277 sec/step with standard deviation 2.16235e-06
ENERGY: 3290000        13.0065        48.9475        32.6583         2.7163         -50968.1580    -85518.0990         0.0000         0.0000     10496.8041        -125892.1243       296.5131   -136388.9284   -125898.0813       297.4855           -397.9354      -394.9011    180601.9034      -121.7953      -120.4817

WRITING EXTENDED SYSTEM TO RESTART FILE AT STEP 3290000
WRITING COORDINATES TO DCD FILE ../output/02_eq_2_CLKW.0.dcd AT STEP 3290000
WRITING COORDINATES TO RESTART FILE AT STEP 3290000
FINISHED WRITING RESTART COORDINATES
WRITING VELOCITIES TO RESTART FILE AT STEP 3290000
FINISHED WRITING RESTART VELOCITIES
PRESSURE: 3300000 1631.34 99.4169 -136.887 99.4171 -2190.8 137.076 -136.888 137.076 -58.3057
GPRESSURE: 3300000 1656.83 129.052 -133.586 -2.23303 -2237.67 86.5318 -87.2767 285.73 -43.4229
PRESSAVG: 3300000 1826.57 -8.34613 -5.40326 -8.34613 -2131.55 30.6769 -5.40326 30.6769 -86.7934
GPRESSAVG: 3300000 1830.53 -16.1218 -5.45422 -37.8198 -2125.11 26.4605 -27.6728 53.8996 -92.9853
TIMING: 3300000  CPU: 2940.77, 0.000892638/step  Wall: 2941.25, 0.000892753/step, 387.117 ns/days, 0.421578 hours remaining, 0.000000 MB of memory in use.
PERFORMANCE: 3300000  averaging 387.756 ns/day, 0.000891281 sec/step with standard deviation 2.16059e-06
ETITLE:      TS           BOND          ANGLE          DIHED          IMPRP               ELECT            VDW       BOUNDARY           MISC        KINETIC               TOTAL           TEMP      POTENTIAL       TOTALAVG        TEMPAVG            PRESSURE      GPRESSURE         VOLUME       PRESSAVG      GPRESSAVG

ENERGY: 3300000        22.2490        45.1201        32.6540         1.3455         -51218.7268    -85458.0309         0.0000         0.0000     10370.5814        -126204.8076       292.9475   -136575.3890   -125910.0583       297.2325           -205.9201      -208.0886    181824.6908      -130.5891      -129.1904

WRITING EXTENDED SYSTEM TO RESTART FILE AT STEP 3300000
WRITING COORDINATES TO DCD FILE ../output/02_eq_2_CLKW.0.dcd AT STEP 3300000
WRITING COORDINATES TO RESTART FILE AT STEP 3300000
FINISHED WRITING RESTART COORDINATES
WRITING VELOCITIES TO RESTART FILE AT STEP 3300000
FINISHED WRITING RESTART VELOCITIES
PRESSURE: 3310000 2422.07 46.5538 128.12 46.5583 -1742.18 101.434 128.118 101.435 3.04526
GPRESSURE: 3310000 2500.32 -4.00812 74.7549 4.9616 -1751.61 93.6082 152.921 101.916 -56.0123
PRESSAVG: 3310000 1874.7 -3.65394 22.8305 -3.65394 -2092.45 45.335 22.8305 45.335 -79.8023
GPRESSAVG: 3310000 1880.4 -10.5647 16.0066 -32.1681 -2085.33 36.6034 6.69519 69.316 -88.1587
TIMING: 3310000  CPU: 2949.69, 0.000892613/step  Wall: 2950.18, 0.000892807/step, 387.094 ns/days, 0.419123 hours remaining, 0.000000 MB of memory in use.
PERFORMANCE: 3310000  averaging 387.754 ns/day, 0.000891286 sec/step with standard deviation 2.15894e-06
ENERGY: 3310000        24.2716        48.8489        37.8909         0.5670         -51400.5661    -85397.4473         0.0000         0.0000     10578.4526        -126107.9825       298.8195   -136686.4350   -125934.3665       297.1030            227.6443       230.8981    180660.3489       -99.1841       -97.6955

WRITING EXTENDED SYSTEM TO RESTART FILE AT STEP 3310000
WRITING COORDINATES TO DCD FILE ../output/02_eq_2_CLKW.0.dcd AT STEP 3310000
WRITING COORDINATES TO RESTART FILE AT STEP 3310000
FINISHED WRITING RESTART COORDINATES
WRITING VELOCITIES TO RESTART FILE AT STEP 3310000
FINISHED WRITING RESTART VELOCITIES
PRESSURE: 3320000 2256.07 -8.77585 -180.498 -8.77452 -2219.81 -40.6943 -180.497 -40.6944 -153.032
GPRESSURE: 3320000 2249.97 52.7279 -159.482 -71.7939 -2234.97 -26.6403 -161.656 -52.9667 -131.569
PRESSAVG: 3320000 1913.41 1.04313 7.8323 1.04313 -2084.74 23.7359 7.8323 23.7359 -83.3837
GPRESSAVG: 3320000 1918.89 -2.23569 2.8145 -35.1787 -2078.14 14.5787 -6.44745 52.2155 -90.7452
TIMING: 3320000  CPU: 2958.6, 0.000891009/step  Wall: 2959.09, 0.000891221/step, 387.783 ns/days, 0.415903 hours remaining, 0.000000 MB of memory in use.
PERFORMANCE: 3320000  averaging 387.754 ns/day, 0.000891286 sec/step with standard deviation 2.15568e-06
ENERGY: 3320000        18.3662        42.3408        30.9332         0.5371         -51148.3943    -85503.0431         0.0000         0.0000     10483.5346        -126075.7255       296.1382   -136559.2600   -125944.9407       296.9820            -38.9258       -38.8547    181208.7408       -84.9019       -83.3328

WRITING EXTENDED SYSTEM TO RESTART FILE AT STEP 3320000
WRITING COORDINATES TO DCD FILE ../output/02_eq_2_CLKW.0.dcd AT STEP 3320000
WRITING COORDINATES TO RESTART FILE AT STEP 3320000
FINISHED WRITING RESTART COORDINATES
WRITING VELOCITIES TO RESTART FILE AT STEP 3320000
FINISHED WRITING RESTART VELOCITIES
PRESSURE: 3330000 1330.22 -199.177 -344.326 -199.179 -2466.2 -2.5164 -344.325 -2.51566 -243.136
GPRESSURE: 3330000 1301.88 -283.541 -346.127 -113.95 -2398.43 -21.8005 -292.009 -10.851 -273.443
PRESSAVG: 3330000 1908.83 1.24276 -11.511 1.24276 -2093.39 35.637 -11.511 35.637 -89.7574
GPRESSAVG: 3330000 1911.16 -3.01451 -20.5239 -30.4858 -2084.86 24.1957 -17.46 67.7856 -96.0486
TIMING: 3330000  CPU: 2967.53, 0.000892419/step  Wall: 2968.01, 0.000892529/step, 387.214 ns/days, 0.414034 hours remaining, 0.000000 MB of memory in use.
PERFORMANCE: 3330000  averaging 387.753 ns/day, 0.000891289 sec/step with standard deviation 2.15351e-06
ENERGY: 3330000        24.9752        46.7412        34.8061         2.3156         -51047.9527    -85479.6035         0.0000         0.0000     10403.4832        -126015.2349       293.8769   -136418.7181   -125941.2091       296.7287           -459.7064      -456.6640    180722.9686       -91.4387       -89.9179

WRITING EXTENDED SYSTEM TO RESTART FILE AT STEP 3330000
WRITING COORDINATES TO DCD FILE ../output/02_eq_2_CLKW.0.dcd AT STEP 3330000
WRITING COORDINATES TO RESTART FILE AT STEP 3330000
FINISHED WRITING RESTART COORDINATES
WRITING VELOCITIES TO RESTART FILE AT STEP 3330000
FINISHED WRITING RESTART VELOCITIES
PRESSURE: 3340000 1539.45 15.4723 -179.436 15.4745 -1904.09 -137.416 -179.434 -137.417 -348.028
GPRESSURE: 3340000 1586.33 91.2093 -232.562 -87.9199 -1940.76 -103.046 -148.61 -33.5521 -355.344
PRESSAVG: 3340000 1884.91 2.04528 -31.2035 2.04528 -2116.67 21.5116 -31.2035 21.5116 -80.8072
GPRESSAVG: 3340000 1888.47 2.5511 -40.9049 -31.0781 -2110.2 18.3504 -34.8652 52.978 -87.2564
TIMING: 3340000  CPU: 2976.45, 0.000892027/step  Wall: 2976.94, 0.000892244/step, 387.338 ns/days, 0.411424 hours remaining, 0.000000 MB of memory in use.
PERFORMANCE: 3340000  averaging 387.752 ns/day, 0.000891292 sec/step with standard deviation 2.15091e-06
ENERGY: 3340000        11.6866        45.3162        33.6102         1.9352         -50891.8693    -85570.0827         0.0000         0.0000     10534.3992        -125835.0046       297.5751   -136369.4038   -125944.2588       296.7398           -237.5569      -236.5890    181661.4914      -104.1867      -102.9941

WRITING EXTENDED SYSTEM TO RESTART FILE AT STEP 3340000
WRITING COORDINATES TO DCD FILE ../output/02_eq_2_CLKW.0.dcd AT STEP 3340000
WRITING COORDINATES TO RESTART FILE AT STEP 3340000
FINISHED WRITING RESTART COORDINATES
WRITING VELOCITIES TO RESTART FILE AT STEP 3340000
FINISHED WRITING RESTART VELOCITIES
PRESSURE: 3350000 2015.32 6.24478 -106.215 6.24718 -2307.24 -185.745 -106.215 -185.744 200.521
GPRESSURE: 3350000 1985.11 21.3078 -137.636 -94.9966 -2307.26 -288.573 -56.6204 -119.007 231.713
PRESSAVG: 3350000 1894.64 -2.93147 -39.5455 -2.93147 -2105.4 5.36348 -39.5455 5.36348 -76.577
GPRESSAVG: 3350000 1894.17 -0.875708 -50.8285 -40.5332 -2101.16 -4.34069 -36.461 40.5293 -77.0329
TIMING: 3350000  CPU: 2985.36, 0.00089124/step  Wall: 2985.85, 0.000891434/step, 387.69 ns/days, 0.408574 hours remaining, 0.000000 MB of memory in use.
PERFORMANCE: 3350000  averaging 387.751 ns/day, 0.000891293 sec/step with standard deviation 2.1477e-06
ENERGY: 3350000        14.4508        53.6474        32.2805         3.2355         -51018.4497    -85450.4150         0.0000         0.0000     10500.5983        -125864.6522       296.6202   -136365.2504   -125944.6113       296.7088            -30.4672       -30.1456    180813.2901       -95.7791       -94.6739

WRITING EXTENDED SYSTEM TO RESTART FILE AT STEP 3350000
WRITING COORDINATES TO DCD FILE ../output/02_eq_2_CLKW.0.dcd AT STEP 3350000
WRITING COORDINATES TO RESTART FILE AT STEP 3350000
FINISHED WRITING RESTART COORDINATES
WRITING VELOCITIES TO RESTART FILE AT STEP 3350000
FINISHED WRITING RESTART VELOCITIES
PRESSURE: 3360000 2396.84 341.563 45.3731 341.564 -1828.5 -104.703 45.3729 -104.705 53.6958
GPRESSURE: 3360000 2408.55 282.118 -4.3233 326.797 -1839.96 -95.3174 24.3231 -50.6018 52.4786
PRESSAVG: 3360000 1940.86 9.82101 -31.6989 9.82101 -2087.57 -7.62251 -31.6989 -7.62251 -101.662
GPRESSAVG: 3360000 1943.25 10.4185 -46.0031 -25.4555 -2082.93 -12.4188 -32.4975 28.5098 -105.996
TIMING: 3360000  CPU: 2994.27, 0.000891337/step  Wall: 2994.77, 0.000891473/step, 387.673 ns/days, 0.406116 hours remaining, 0.000000 MB of memory in use.
PERFORMANCE: 3360000  averaging 387.751 ns/day, 0.000891293 sec/step with standard deviation 2.14452e-06
ENERGY: 3360000        13.7635        41.9440        32.4904         0.5013         -51455.4039    -85119.2444         0.0000         0.0000     10476.8956        -126009.0534       295.9507   -136485.9491   -125943.0070       296.7140            207.3470       207.0242    179833.7055       -82.7889       -81.8913

WRITING EXTENDED SYSTEM TO RESTART FILE AT STEP 3360000
WRITING COORDINATES TO DCD FILE ../output/02_eq_2_CLKW.0.dcd AT STEP 3360000
WRITING COORDINATES TO RESTART FILE AT STEP 3360000
FINISHED WRITING RESTART COORDINATES
WRITING VELOCITIES TO RESTART FILE AT STEP 3360000
FINISHED WRITING RESTART VELOCITIES
PRESSURE: 3370000 1808.45 4.17448 -207.469 4.17449 -2351.12 184.834 -207.467 184.83 -476.075
GPRESSURE: 3370000 1800.37 8.74156 -206.905 -27.6379 -2289.29 188.634 -271.491 284.301 -528.34
PRESSAVG: 3370000 1921.18 17.4468 -47.3895 17.4468 -2108.74 -9.35088 -47.3895 -9.35088 -157.82
GPRESSAVG: 3370000 1926.09 20.6957 -66.3219 -19.0193 -2100.91 -12.5931 -50.5702 26.0362 -167.866
TIMING: 3370000  CPU: 3003.18, 0.000890736/step  Wall: 3003.67, 0.000890861/step, 387.939 ns/days, 0.403362 hours remaining, 0.000000 MB of memory in use.
PERFORMANCE: 3370000  averaging 387.752 ns/day, 0.000891292 sec/step with standard deviation 2.14145e-06
ENERGY: 3370000        18.1522        50.9708        33.2753         1.7595         -51114.8526    -85412.6367         0.0000         0.0000     10588.4119        -125834.9195       299.1008   -136423.3314   -125935.5899       296.7961           -339.5819      -339.0849    181663.3403      -115.1291      -114.2282

WRITING EXTENDED SYSTEM TO RESTART FILE AT STEP 3370000
WRITING COORDINATES TO DCD FILE ../output/02_eq_2_CLKW.0.dcd AT STEP 3370000
WRITING COORDINATES TO RESTART FILE AT STEP 3370000
FINISHED WRITING RESTART COORDINATES
WRITING VELOCITIES TO RESTART FILE AT STEP 3370000
FINISHED WRITING RESTART VELOCITIES
PRESSURE: 3380000 2098.48 -28.0226 -188.019 -28.02 -2423.29 1.04255 -188.02 1.04265 46.7415
GPRESSURE: 3380000 2038.34 42.5526 -267.614 -7.32289 -2401.13 -78.9411 -84.8169 75.4428 81.0842
PRESSAVG: 3380000 1900.27 14.1533 -60.751 14.1533 -2153.57 6.5285 -60.751 6.5285 -126.833
GPRESSAVG: 3380000 1895.69 17.5928 -85.3801 -20.1979 -2145.55 -6.70748 -54.9801 41.7373 -127.608
TIMING: 3380000  CPU: 3012.09, 0.00089135/step  Wall: 3012.59, 0.000891434/step, 387.69 ns/days, 0.401145 hours remaining, 0.000000 MB of memory in use.
PERFORMANCE: 3380000  averaging 387.752 ns/day, 0.000891292 sec/step with standard deviation 2.13829e-06
ENERGY: 3380000        18.9248        48.0147        33.0393         1.7292         -51134.8685    -85538.5996         0.0000         0.0000     10499.9039        -126071.8562       296.6006   -136571.7601   -125936.6933       296.6652            -92.6883       -93.9040    180668.1383      -126.7117      -125.8235

WRITING EXTENDED SYSTEM TO RESTART FILE AT STEP 3380000
WRITING COORDINATES TO DCD FILE ../output/02_eq_2_CLKW.0.dcd AT STEP 3380000
WRITING COORDINATES TO RESTART FILE AT STEP 3380000
FINISHED WRITING RESTART COORDINATES
WRITING VELOCITIES TO RESTART FILE AT STEP 3380000
FINISHED WRITING RESTART VELOCITIES
PRESSURE: 3390000 2208.49 -159.758 -226.751 -159.753 -1750.1 -131.196 -226.749 -131.194 -179.575
GPRESSURE: 3390000 2258.24 -82.8727 -238.995 -173.854 -1801.43 -69.0154 -127.783 -197.254 -182.162
PRESSAVG: 3390000 1884.52 -5.09026 -84.2645 -5.09026 -2154.68 -8.59564 -84.2645 -8.59564 -121.988
GPRESSAVG: 3390000 1883.66 1.35565 -110.244 -39.7509 -2148.7 -18.1914 -74.7563 23.438 -125.589
TIMING: 3390000  CPU: 3021.01, 0.000891642/step  Wall: 3021.51, 0.000891761/step, 387.548 ns/days, 0.398815 hours remaining, 0.000000 MB of memory in use.
PERFORMANCE: 3390000  averaging 387.751 ns/day, 0.000891294 sec/step with standard deviation 2.13527e-06
ENERGY: 3390000        16.1486        52.4925        35.4727         0.6217         -50985.1896    -85344.9591         0.0000         0.0000     10472.8043        -125752.6088       295.8351   -136225.4131   -125930.0523       296.6327             92.9373        91.5503    181278.7182      -130.7158      -130.2114

WRITING EXTENDED SYSTEM TO RESTART FILE AT STEP 3390000
WRITING COORDINATES TO DCD FILE ../output/02_eq_2_CLKW.0.dcd AT STEP 3390000
WRITING COORDINATES TO RESTART FILE AT STEP 3390000
FINISHED WRITING RESTART COORDINATES
WRITING VELOCITIES TO RESTART FILE AT STEP 3390000
FINISHED WRITING RESTART VELOCITIES
PRESSURE: 3400000 1095.83 -171.357 225.052 -171.356 -2805.98 61.8132 225.052 61.8142 -628.916
GPRESSURE: 3400000 1071.67 -230.508 283.862 -316.322 -2885.08 52.8617 214.08 51.7381 -533.249
PRESSAVG: 3400000 1857.65 -15.5971 -69.5164 -15.5971 -2180.85 -4.08202 -69.5164 -4.08202 -159.75
GPRESSAVG: 3400000 1857.81 -15.6201 -93.4837 -53.9534 -2181.53 -15.5788 -60.5218 26.7979 -157.381
TIMING: 3400000  CPU: 3029.93, 0.000892117/step  Wall: 3030.43, 0.00089236/step, 387.288 ns/days, 0.396604 hours remaining, 0.000000 MB of memory in use.
PERFORMANCE: 3400000  averaging 387.75 ns/day, 0.000891297 sec/step with standard deviation 2.13291e-06
ETITLE:      TS           BOND          ANGLE          DIHED          IMPRP               ELECT            VDW       BOUNDARY           MISC        KINETIC               TOTAL           TEMP      POTENTIAL       TOTALAVG        TEMPAVG            PRESSURE      GPRESSURE         VOLUME       PRESSAVG      GPRESSAVG

ENERGY: 3400000        16.8913        40.4120        30.9526         0.7250         -50554.6335    -85747.7438         0.0000         0.0000     10342.0286        -125871.3678       292.1410   -136213.3963   -125931.4837       296.3448           -779.6890      -782.2198    181915.8257      -160.9826      -160.3695

WRITING EXTENDED SYSTEM TO RESTART FILE AT STEP 3400000
WRITING COORDINATES TO DCD FILE ../output/02_eq_2_CLKW.0.dcd AT STEP 3400000
WRITING COORDINATES TO RESTART FILE AT STEP 3400000
FINISHED WRITING RESTART COORDINATES
WRITING VELOCITIES TO RESTART FILE AT STEP 3400000
FINISHED WRITING RESTART VELOCITIES
PRESSURE: 3410000 2331.35 116.086 223.55 116.085 -1737.42 -345.305 223.549 -345.306 256.842
GPRESSURE: 3410000 2405.31 183.362 237.877 -7.56145 -1756.25 -255.23 292.566 -385.339 201.887
PRESSAVG: 3410000 1855.03 -2.53985 -60.9464 -2.53985 -2192.09 -2.22561 -60.9464 -2.22561 -155.545
GPRESSAVG: 3410000 1857.05 -8.68841 -84.8266 -43.4822 -2192.83 -10.1814 -43.751 25.5164 -155.298
TIMING: 3410000  CPU: 3038.84, 0.000891039/step  Wall: 3039.34, 0.000891081/step, 387.843 ns/days, 0.393561 hours remaining, 0.000000 MB of memory in use.
PERFORMANCE: 3410000  averaging 387.75 ns/day, 0.000891296 sec/step with standard deviation 2.1298e-06
ENERGY: 3410000        18.0369        41.8783        32.0835         2.7319         -51106.7900    -85528.3925         0.0000         0.0000     10440.3902        -126100.0618       294.9195   -136540.4520   -125939.1193       296.1242            283.5929       283.6496    180549.2750      -164.2020      -163.6936

WRITING EXTENDED SYSTEM TO RESTART FILE AT STEP 3410000
WRITING COORDINATES TO DCD FILE ../output/02_eq_2_CLKW.0.dcd AT STEP 3410000
WRITING COORDINATES TO RESTART FILE AT STEP 3410000
FINISHED WRITING RESTART COORDINATES
WRITING VELOCITIES TO RESTART FILE AT STEP 3410000
FINISHED WRITING RESTART VELOCITIES
PRESSURE: 3420000 2217.59 168.737 201.517 168.737 -1736.92 57.8575 201.518 57.8572 -307.277
GPRESSURE: 3420000 2234.02 57.9263 278.171 165.883 -1772.09 11.2627 125 103.764 -282.953
PRESSAVG: 3420000 1876.3 4.44041 -60.6212 4.44041 -2170.05 5.41907 -60.6212 5.41907 -183.293
GPRESSAVG: 3420000 1882.12 -7.03584 -81.9155 -42.9665 -2174.17 -1.65897 -42.2914 36.854 -182.947
TIMING: 3420000  CPU: 3047.73, 0.00088904/step  Wall: 3048.23, 0.000889199/step, 388.665 ns/days, 0.390259 hours remaining, 0.000000 MB of memory in use.
PERFORMANCE: 3420000  averaging 387.753 ns/day, 0.00089129 sec/step with standard deviation 2.1297e-06
ENERGY: 3420000        19.4966        41.4584        33.7044         1.9088         -51280.2859    -85332.1108         0.0000         0.0000     10592.3131        -125923.5154       299.2110   -136515.8285   -125940.3473       296.3918             57.7998        59.6585    180891.7627      -159.0122      -158.3342

WRITING EXTENDED SYSTEM TO RESTART FILE AT STEP 3420000
WRITING COORDINATES TO DCD FILE ../output/02_eq_2_CLKW.0.dcd AT STEP 3420000
WRITING COORDINATES TO RESTART FILE AT STEP 3420000
FINISHED WRITING RESTART COORDINATES
WRITING VELOCITIES TO RESTART FILE AT STEP 3420000
FINISHED WRITING RESTART VELOCITIES
PRESSURE: 3430000 1629.59 -39.474 -154.344 -39.4733 -2062.53 -106.593 -154.345 -106.592 97.1122
GPRESSURE: 3430000 1663.53 -27.7718 -206.944 -151.174 -2067.49 -34.5664 -40.9356 -146.987 71.9134
PRESSAVG: 3430000 1847.14 7.50753 -66.9154 7.50753 -2205.88 -7.39641 -66.9154 -7.39641 -169.824
GPRESSAVG: 3430000 1854.03 0.381329 -83.8899 -41.4589 -2211.34 -10.6337 -46.2784 20.7083 -169.162
TIMING: 3430000  CPU: 3056.62, 0.000889244/step  Wall: 3057.13, 0.000889388/step, 388.582 ns/days, 0.387872 hours remaining, 0.000000 MB of memory in use.
PERFORMANCE: 3430000  averaging 387.755 ns/day, 0.000891285 sec/step with standard deviation 2.12906e-06
ENERGY: 3430000        16.9394        41.6211        31.9011         1.3051         -51029.4575    -85484.7348         0.0000         0.0000     10598.2903        -125824.1353       299.3798   -136422.4256   -125950.1634       296.4204           -111.9434      -110.6836    180302.5601      -176.1892      -175.4912

WRITING EXTENDED SYSTEM TO RESTART FILE AT STEP 3430000
WRITING COORDINATES TO DCD FILE ../output/02_eq_2_CLKW.0.dcd AT STEP 3430000
WRITING COORDINATES TO RESTART FILE AT STEP 3430000
FINISHED WRITING RESTART COORDINATES
WRITING VELOCITIES TO RESTART FILE AT STEP 3430000
FINISHED WRITING RESTART VELOCITIES
PRESSURE: 3440000 2350.04 87.7628 141.569 87.7597 -1484.27 -104.509 141.57 -104.511 -8.26436
GPRESSURE: 3440000 2385.53 16.4524 97.954 105.46 -1523.41 -178.44 119.657 -76.4005 9.39377
PRESSAVG: 3440000 1869.59 9.03701 -61.5395 9.03701 -2177.82 -22.5313 -61.5395 -22.5313 -159.919
GPRESSAVG: 3440000 1878.49 -1.54804 -82.7482 -39.9365 -2183.44 -22.9793 -35.4348 2.95472 -160.155
TIMING: 3440000  CPU: 3065.51, 0.00088823/step  Wall: 3066.01, 0.000888447/step, 388.994 ns/days, 0.384994 hours remaining, 0.000000 MB of memory in use.
PERFORMANCE: 3440000  averaging 387.759 ns/day, 0.000891276 sec/step with standard deviation 2.13145e-06
ENERGY: 3440000        13.0233        46.1900        32.6015         1.0989         -51010.5241    -85388.8846         0.0000         0.0000     10431.7413        -125874.7536       294.6752   -136306.4950   -125943.0628       296.3675            285.8356       290.5062    180928.3336      -156.0491      -155.0373

WRITING EXTENDED SYSTEM TO RESTART FILE AT STEP 3440000
WRITING COORDINATES TO DCD FILE ../output/02_eq_2_CLKW.0.dcd AT STEP 3440000
WRITING COORDINATES TO RESTART FILE AT STEP 3440000
FINISHED WRITING RESTART COORDINATES
WRITING VELOCITIES TO RESTART FILE AT STEP 3440000
FINISHED WRITING RESTART VELOCITIES
PRESSURE: 3450000 1704.84 -76.8828 -57.8127 -76.8831 -2081.35 229.634 -57.8125 229.634 -283.409
GPRESSURE: 3450000 1660.04 -66.3181 -71.9299 -59.5485 -2101.77 307.115 57.2256 282.605 -231.788
PRESSAVG: 3450000 1891.1 8.12805 -79.0821 8.12805 -2140.59 -9.82803 -79.0821 -9.82803 -142.959
GPRESSAVG: 3450000 1896.08 2.1773 -99.3666 -40.8718 -2146.45 -12.3796 -46.1925 21.1683 -139.793
TIMING: 3450000  CPU: 3074.41, 0.000890315/step  Wall: 3074.92, 0.000890441/step, 388.122 ns/days, 0.383384 hours remaining, 0.000000 MB of memory in use.
PERFORMANCE: 3450000  averaging 387.76 ns/day, 0.000891274 sec/step with standard deviation 2.12883e-06
ENERGY: 3450000        16.6875        51.1551        30.9897         1.3356         -51230.5206    -85361.0071         0.0000         0.0000     10538.1634        -125953.1964       297.6814   -136491.3598   -125948.7783       296.3383           -219.9733      -224.5051    180513.7702      -130.8158      -130.0554

WRITING EXTENDED SYSTEM TO RESTART FILE AT STEP 3450000
WRITING COORDINATES TO DCD FILE ../output/02_eq_2_CLKW.0.dcd AT STEP 3450000
WRITING COORDINATES TO RESTART FILE AT STEP 3450000
FINISHED WRITING RESTART COORDINATES
WRITING VELOCITIES TO RESTART FILE AT STEP 3450000
FINISHED WRITING RESTART VELOCITIES
PRESSURE: 3460000 2255.8 -124.03 30.5008 -124.032 -1468.07 -52.2829 30.5005 -52.2818 555.94
GPRESSURE: 3460000 2302.24 -159.831 -117.782 -30.8889 -1509.04 -123.905 77.0766 6.21918 556.138
PRESSAVG: 3460000 1884.87 3.72884 -53.7484 3.72884 -2096.87 -20.0588 -53.7484 -20.0588 -91.9153
GPRESSAVG: 3460000 1891.69 -7.90668 -81.7692 -37.6861 -2103.79 -28.4113 -16.6622 10.9956 -90.6761
TIMING: 3460000  CPU: 3083.3, 0.000888776/step  Wall: 3083.8, 0.000888805/step, 388.837 ns/days, 0.380211 hours remaining, 0.000000 MB of memory in use.
PERFORMANCE: 3460000  averaging 387.763 ns/day, 0.000891267 sec/step with standard deviation 2.12988e-06
ENERGY: 3460000        15.3243        36.5658        31.0985         2.3116         -51273.7184    -85292.9919         0.0000         0.0000     10494.5527        -125986.8575       296.4495   -136481.4101   -125948.6412       296.3237            447.8900       449.7791    181485.7794      -101.3056      -100.9263

WRITING EXTENDED SYSTEM TO RESTART FILE AT STEP 3460000
WRITING COORDINATES TO DCD FILE ../output/02_eq_2_CLKW.0.dcd AT STEP 3460000
WRITING COORDINATES TO RESTART FILE AT STEP 3460000
FINISHED WRITING RESTART COORDINATES
WRITING VELOCITIES TO RESTART FILE AT STEP 3460000
FINISHED WRITING RESTART VELOCITIES
PRESSURE: 3470000 1973.72 289.828 44.0852 289.828 -2163.92 -190.466 44.0869 -190.469 234.202
GPRESSURE: 3470000 1990.32 445.866 76.4766 82.3553 -2210.86 -257.703 27.1654 -111.291 270.937
PRESSAVG: 3470000 1904.41 12.8695 -51.4922 12.8695 -2085.21 -38.7383 -51.4922 -38.7383 -40.0623
GPRESSAVG: 3470000 1915.14 12.7577 -78.7014 -41.3821 -2095.66 -45.4113 -15.023 -3.33419 -38.9802
TIMING: 3470000  CPU: 3092.2, 0.000890042/step  Wall: 3092.71, 0.000890249/step, 388.206 ns/days, 0.378356 hours remaining, 0.000000 MB of memory in use.
PERFORMANCE: 3470000  averaging 387.764 ns/day, 0.000891264 sec/step with standard deviation 2.1275e-06
ENERGY: 3470000        11.3107        40.6785        32.6643         1.6242         -51256.6995    -85352.5320         0.0000         0.0000     10523.5061        -125999.4476       297.2673   -136522.9537   -125957.5871       296.3100             14.6685        16.7986    180112.9044       -73.6229       -73.1674

WRITING EXTENDED SYSTEM TO RESTART FILE AT STEP 3470000
WRITING COORDINATES TO DCD FILE ../output/02_eq_2_CLKW.0.dcd AT STEP 3470000
WRITING COORDINATES TO RESTART FILE AT STEP 3470000
FINISHED WRITING RESTART COORDINATES
WRITING VELOCITIES TO RESTART FILE AT STEP 3470000
FINISHED WRITING RESTART VELOCITIES
PRESSURE: 3480000 1831.38 30.0862 -382.144 30.0911 -1901.2 -226.649 -382.145 -226.648 818.421
GPRESSURE: 3480000 1911.27 29.2963 -458.54 22.0454 -1915.4 -248.587 -296.039 -206.342 741.573
PRESSAVG: 3480000 1920.85 17.6702 -59.9998 17.6702 -2054.98 -51.6917 -59.9998 -51.6917 -22.9407
GPRESSAVG: 3480000 1933.73 18.5407 -81.8794 -29.9266 -2070.54 -61.3018 -22.4167 -13.1881 -19.1914
TIMING: 3480000  CPU: 3101.11, 0.000890744/step  Wall: 3101.61, 0.000890866/step, 387.937 ns/days, 0.376143 hours remaining, 0.000000 MB of memory in use.
PERFORMANCE: 3480000  averaging 387.764 ns/day, 0.000891263 sec/step with standard deviation 2.12454e-06
ENERGY: 3480000        16.9122        46.9594        33.7723         1.4451         -51296.9778    -85229.6342         0.0000         0.0000     10482.2332        -125945.2898       296.1015   -136427.5230   -125957.1297       296.3902            249.5358       245.8137    180866.4012       -52.3568       -51.9981

WRITING EXTENDED SYSTEM TO RESTART FILE AT STEP 3480000
WRITING COORDINATES TO DCD FILE ../output/02_eq_2_CLKW.0.dcd AT STEP 3480000
WRITING COORDINATES TO RESTART FILE AT STEP 3480000
FINISHED WRITING RESTART COORDINATES
WRITING VELOCITIES TO RESTART FILE AT STEP 3480000
FINISHED WRITING RESTART VELOCITIES
PRESSURE: 3490000 2325.01 181.047 247.232 181.046 -1280.24 -338.935 247.231 -338.934 -483.022
GPRESSURE: 3490000 2363.13 229.432 265.243 154.207 -1331.06 -239.702 195.496 -257.625 -467.845
PRESSAVG: 3490000 1971.09 28.9756 -43.845 28.9756 -1995.26 -59.6661 -43.845 -59.6661 -45.1259
GPRESSAVG: 3490000 1988.65 36.7597 -63.4044 -14.1747 -2013.75 -64.0727 -14.0864 -22.8251 -43.4505
TIMING: 3490000  CPU: 3110.01, 0.000890406/step  Wall: 3110.52, 0.00089056/step, 388.07 ns/days, 0.37354 hours remaining, 0.000000 MB of memory in use.
PERFORMANCE: 3490000  averaging 387.765 ns/day, 0.000891261 sec/step with standard deviation 2.12182e-06
ENERGY: 3490000        19.8535        49.9221        38.1334         0.8223         -51082.5278    -85417.0989         0.0000         0.0000     10490.1406        -125900.7547       296.3248   -136390.8954   -125957.5613       296.3808            187.2494       188.0777    180168.9547       -23.0976       -22.8492

WRITING EXTENDED SYSTEM TO RESTART FILE AT STEP 3490000
WRITING COORDINATES TO DCD FILE ../output/02_eq_2_CLKW.0.dcd AT STEP 3490000
WRITING COORDINATES TO RESTART FILE AT STEP 3490000
FINISHED WRITING RESTART COORDINATES
WRITING VELOCITIES TO RESTART FILE AT STEP 3490000
FINISHED WRITING RESTART VELOCITIES
PRESSURE: 3500000 2671.4 54.9011 16.7197 54.9019 -1119.64 167.21 16.7202 167.212 75.775
GPRESSURE: 3500000 2710.18 89.0654 63.5151 -0.0285542 -1132.16 257.82 34.6364 158.916 51.0139
PRESSAVG: 3500000 2023.1 26.7498 -36.1646 26.7498 -1941.7 -58.1593 -36.1646 -58.1593 -38.4219
GPRESSAVG: 3500000 2041.32 34.7604 -53.5493 -14.0645 -1958.47 -55.5083 -7.99074 -29.1658 -38.7287
TIMING: 3500000  CPU: 3118.91, 0.000890241/step  Wall: 3119.43, 0.000890479/step, 388.106 ns/days, 0.371033 hours remaining, 0.000000 MB of memory in use.
PERFORMANCE: 3500000  averaging 387.766 ns/day, 0.000891258 sec/step with standard deviation 2.11919e-06
ETITLE:      TS           BOND          ANGLE          DIHED          IMPRP               ELECT            VDW       BOUNDARY           MISC        KINETIC               TOTAL           TEMP      POTENTIAL       TOTALAVG        TEMPAVG            PRESSURE      GPRESSURE         VOLUME       PRESSAVG      GPRESSAVG

ENERGY: 3500000        16.3525        43.8283        35.8347         0.5295         -51242.3979    -85391.7133         0.0000         0.0000     10461.0620        -126076.5042       295.5034   -136537.5661   -125951.1461       296.5086            542.5111       543.0103    180012.7287        14.3240        14.7058

WRITING EXTENDED SYSTEM TO RESTART FILE AT STEP 3500000
WRITING COORDINATES TO DCD FILE ../output/02_eq_2_CLKW.0.dcd AT STEP 3500000
WRITING COORDINATES TO RESTART FILE AT STEP 3500000
FINISHED WRITING RESTART COORDINATES
WRITING VELOCITIES TO RESTART FILE AT STEP 3500000
FINISHED WRITING RESTART VELOCITIES
PRESSURE: 3510000 1798.21 -394.915 -85.2084 -394.913 -2473.12 319.25 -85.2097 319.249 -109.157
GPRESSURE: 3510000 1863.65 -431.805 -187.282 -371.572 -2474.27 363.984 -107.58 378.978 -165.359
PRESSAVG: 3510000 1991.9 4.67624 -46.831 4.67624 -1978.25 -47.2685 -46.831 -47.2685 -44.032
GPRESSAVG: 3510000 2009.48 13.3705 -66.6511 -32.8912 -1994.6 -41.9894 -21.0158 -15.3127 -44.196
TIMING: 3510000  CPU: 3127.82, 0.000891257/step  Wall: 3128.34, 0.000891256/step, 387.768 ns/days, 0.368881 hours remaining, 0.000000 MB of memory in use.
PERFORMANCE: 3510000  averaging 387.766 ns/day, 0.000891258 sec/step with standard deviation 2.11616e-06
ENERGY: 3510000        11.7665        50.4496        31.4788         0.5821         -50921.1276    -85599.2890         0.0000         0.0000     10574.2920        -125851.8476       298.7019   -136426.1396   -125938.3393       296.5027           -261.3555      -258.6616    181553.1922       -10.1260        -9.7722

WRITING EXTENDED SYSTEM TO RESTART FILE AT STEP 3510000
WRITING COORDINATES TO DCD FILE ../output/02_eq_2_CLKW.0.dcd AT STEP 3510000
WRITING COORDINATES TO RESTART FILE AT STEP 3510000
FINISHED WRITING RESTART COORDINATES
WRITING VELOCITIES TO RESTART FILE AT STEP 3510000
FINISHED WRITING RESTART VELOCITIES
PRESSURE: 3520000 2072.13 -15.724 -88.9585 -15.7221 -2720.26 113.497 -88.9576 113.498 -416.757
GPRESSURE: 3520000 2056.14 21.0078 -194.363 -14.6423 -2676.76 121.126 -65.8338 44.3691 -445.056
PRESSAVG: 3520000 1982.71 4.32886 -42.254 4.32886 -2003.27 -39.5589 -42.254 -39.5589 -57.2182
GPRESSAVG: 3520000 1999.79 11.7845 -68.3952 -30.0336 -2016.69 -34.6011 -16.2247 -10.4459 -59.8703
TIMING: 3520000  CPU: 3136.74, 0.00089111/step  Wall: 3137.25, 0.000891293/step, 387.751 ns/days, 0.36642 hours remaining, 0.000000 MB of memory in use.
PERFORMANCE: 3520000  averaging 387.766 ns/day, 0.000891259 sec/step with standard deviation 2.11314e-06
ENERGY: 3520000        19.7508        38.2279        30.7688         0.5966         -50901.4355    -85658.2781         0.0000         0.0000     10508.7379        -125961.6316       296.8502   -136470.3695   -125932.6346       296.5383           -354.9608      -355.2271    181790.2544       -25.9278       -25.5908

WRITING EXTENDED SYSTEM TO RESTART FILE AT STEP 3520000
WRITING COORDINATES TO DCD FILE ../output/02_eq_2_CLKW.0.dcd AT STEP 3520000
WRITING COORDINATES TO RESTART FILE AT STEP 3520000
FINISHED WRITING RESTART COORDINATES
WRITING VELOCITIES TO RESTART FILE AT STEP 3520000
FINISHED WRITING RESTART VELOCITIES
PRESSURE: 3530000 1705.79 68.3308 -181.777 68.3291 -2280.36 -221.848 -181.775 -221.848 -322.045
GPRESSURE: 3530000 1671.62 104.072 -142.618 16.6507 -2294.62 -172.875 -169.042 -159.031 -282.912
PRESSAVG: 3530000 2001.49 17.7043 -34.1265 17.7043 -1993.98 -50.5255 -34.1265 -50.5255 -61.1637
GPRESSAVG: 3530000 2018.28 31.1652 -58.2198 -23.5036 -2011.5 -42.1548 -10.0763 -17.8549 -60.3438
TIMING: 3530000  CPU: 3145.65, 0.000891091/step  Wall: 3146.16, 0.000891338/step, 387.732 ns/days, 0.363963 hours remaining, 0.000000 MB of memory in use.
PERFORMANCE: 3530000  averaging 387.766 ns/day, 0.000891259 sec/step with standard deviation 2.11014e-06
ENERGY: 3530000        18.7227        41.9023        30.2897         0.8728         -50975.6554    -85471.5866         0.0000         0.0000     10498.3453        -125857.1091       296.5566   -136355.4544   -125924.7284       296.6723           -298.8699      -301.9687    180491.4926       -17.8860       -17.8561

WRITING EXTENDED SYSTEM TO RESTART FILE AT STEP 3530000
WRITING COORDINATES TO DCD FILE ../output/02_eq_2_CLKW.0.dcd AT STEP 3530000
WRITING COORDINATES TO RESTART FILE AT STEP 3530000
FINISHED WRITING RESTART COORDINATES
WRITING VELOCITIES TO RESTART FILE AT STEP 3530000
FINISHED WRITING RESTART VELOCITIES
PRESSURE: 3540000 1368.76 -174.855 -6.37857 -174.854 -2545.09 -101.073 -6.38199 -101.077 -305.324
GPRESSURE: 3540000 1380.16 -162.041 18.5026 -260.481 -2560.56 -146.318 -79.9624 -74.342 -296.485
PRESSAVG: 3540000 1992.95 8.18783 -25.4739 8.18783 -2026.03 -48.7085 -25.4739 -48.7085 -59.0285
GPRESSAVG: 3540000 2007.97 18.5027 -45.6666 -32.1316 -2042.49 -44.3184 -6.64394 -19.8944 -57.4008
TIMING: 3540000  CPU: 3154.57, 0.000892244/step  Wall: 3155.09, 0.000892326/step, 387.303 ns/days, 0.361888 hours remaining, 0.000000 MB of memory in use.
PERFORMANCE: 3540000  averaging 387.765 ns/day, 0.000891262 sec/step with standard deviation 2.10791e-06
ENERGY: 3540000        16.7012        50.4399        30.1406         0.6848         -50753.0947    -85549.5621         0.0000         0.0000     10548.9853        -125655.7049       297.9871   -136204.6902   -125915.7634       296.6929           -493.8822      -492.2972    181331.2584       -30.7022       -30.6415

WRITING EXTENDED SYSTEM TO RESTART FILE AT STEP 3540000
WRITING COORDINATES TO DCD FILE ../output/02_eq_2_CLKW.0.dcd AT STEP 3540000
WRITING COORDINATES TO RESTART FILE AT STEP 3540000
FINISHED WRITING RESTART COORDINATES
WRITING VELOCITIES TO RESTART FILE AT STEP 3540000
FINISHED WRITING RESTART VELOCITIES
PRESSURE: 3550000 1254.9 166.675 208.024 166.677 -2059.78 122.397 208.024 122.397 -67.1666
GPRESSURE: 3550000 1236.27 218.418 132.172 65.1735 -2171.13 223.409 244.887 79.5117 62.3169
PRESSAVG: 3550000 1954.93 16.2093 -9.7619 16.2093 -2013.66 -33.3015 -9.7619 -33.3015 -72.4128
GPRESSAVG: 3550000 1970.53 28.3582 -32.1762 -24.1231 -2035.69 -18.7194 8.43144 -9.96849 -65.8706
TIMING: 3550000  CPU: 3163.48, 0.000890734/step  Wall: 3164, 0.000890914/step, 387.916 ns/days, 0.35884 hours remaining, 0.000000 MB of memory in use.
PERFORMANCE: 3550000  averaging 387.765 ns/day, 0.000891261 sec/step with standard deviation 2.10502e-06
ENERGY: 3550000        15.5766        45.1148        29.7156         0.9825         -51058.2620    -85527.9587         0.0000         0.0000     10502.9063        -125991.9249       296.6854   -136494.8312   -125922.1270       296.6961           -290.6834      -290.8492    180997.2279       -43.7130       -43.6766

WRITING EXTENDED SYSTEM TO RESTART FILE AT STEP 3550000
WRITING COORDINATES TO DCD FILE ../output/02_eq_2_CLKW.0.dcd AT STEP 3550000
WRITING COORDINATES TO RESTART FILE AT STEP 3550000
FINISHED WRITING RESTART COORDINATES
WRITING VELOCITIES TO RESTART FILE AT STEP 3550000
FINISHED WRITING RESTART VELOCITIES
PRESSURE: 3560000 1819.86 91.7045 -12.4874 91.7034 -1683.03 -52.4844 -12.4842 -52.4839 70.4144
GPRESSURE: 3560000 1796.93 53.2979 101.749 107.263 -1674.89 -14.4491 -85.6917 -134.213 75.3084
PRESSAVG: 3560000 1926.08 3.7163 -12.6548 3.7163 -2006.38 -30.6904 -12.6548 -30.6904 -71.5769
GPRESSAVG: 3560000 1939.95 16.9172 -26.8726 -35.0998 -2027.43 -14.676 2.9307 -14.1491 -64.7291
TIMING: 3560000  CPU: 3172.37, 0.000889526/step  Wall: 3172.89, 0.00088976/step, 388.419 ns/days, 0.355904 hours remaining, 0.000000 MB of memory in use.
PERFORMANCE: 3560000  averaging 387.767 ns/day, 0.000891257 sec/step with standard deviation 2.10355e-06
ENERGY: 3560000        11.7061        44.7666        32.8685         0.2551         -50896.9782    -85378.1297         0.0000         0.0000     10424.2927        -125761.2190       294.4648   -136185.5116   -125909.7353       296.6219             69.0823        65.7816    180987.5360       -50.6263       -50.7388

WRITING EXTENDED SYSTEM TO RESTART FILE AT STEP 3560000
WRITING COORDINATES TO DCD FILE ../output/02_eq_2_CLKW.0.dcd AT STEP 3560000
WRITING COORDINATES TO RESTART FILE AT STEP 3560000
FINISHED WRITING RESTART COORDINATES
WRITING VELOCITIES TO RESTART FILE AT STEP 3560000
FINISHED WRITING RESTART VELOCITIES
PRESSURE: 3570000 1312.93 3.38812 122.363 3.38711 -2052.68 -33.8384 122.363 -33.8389 208.518
GPRESSURE: 3570000 1302.14 70.0549 104.263 11.1787 -2080.52 -52.063 95.1251 -24.7973 247.692
PRESSAVG: 3570000 1901.31 3.67693 3.83675 3.67693 -1991.46 -41.6239 3.83675 -41.6239 -37.3473
GPRESSAVG: 3570000 1915.04 19.9828 -11.3142 -33.159 -2017 -26.7108 21.2615 -29.604 -25.9275
TIMING: 3570000  CPU: 3181.28, 0.000890581/step  Wall: 3181.8, 0.000890553/step, 388.073 ns/days, 0.353748 hours remaining, 0.000000 MB of memory in use.
PERFORMANCE: 3570000  averaging 387.768 ns/day, 0.000891255 sec/step with standard deviation 2.10093e-06
ENERGY: 3570000        10.2714        47.7818        35.6661         1.2042         -50878.6244    -85534.9811         0.0000         0.0000     10312.0741        -126006.6079       291.2948   -136318.6820   -125918.3197       296.2316           -177.0787      -176.8932    181653.7231       -42.5011       -42.6292

WRITING EXTENDED SYSTEM TO RESTART FILE AT STEP 3570000
WRITING COORDINATES TO DCD FILE ../output/02_eq_2_CLKW.0.dcd AT STEP 3570000
WRITING COORDINATES TO RESTART FILE AT STEP 3570000
FINISHED WRITING RESTART COORDINATES
WRITING VELOCITIES TO RESTART FILE AT STEP 3570000
FINISHED WRITING RESTART VELOCITIES
PRESSURE: 3580000 1811.49 334.252 35.7652 334.252 -2022.48 -25.8951 35.7649 -25.8963 -170.043
GPRESSURE: 3580000 1810.05 399.61 41.4646 274.126 -2089.94 56.4786 39.2988 -108.186 -87.8666
PRESSAVG: 3580000 1886.96 21.7905 15.026 21.7905 -1971.42 -42.9708 15.026 -42.9708 -48.1865
GPRESSAVG: 3580000 1903.62 37.8357 4.13975 -19.0866 -2001.44 -19.9398 27.4673 -38.7854 -34.3751
TIMING: 3580000  CPU: 3190.17, 0.000888803/step  Wall: 3190.69, 0.000888989/step, 388.756 ns/days, 0.350657 hours remaining, 0.000000 MB of memory in use.
PERFORMANCE: 3580000  averaging 387.771 ns/day, 0.000891248 sec/step with standard deviation 2.1014e-06
ENERGY: 3580000        17.3137        50.9675        28.9361         1.2560         -50986.3728    -85441.2466         0.0000         0.0000     10453.7350        -125875.4111       295.2965   -136329.1461   -125908.4975       296.1663           -127.0083      -122.5874    181136.8486       -44.2171       -44.0634

WRITING EXTENDED SYSTEM TO RESTART FILE AT STEP 3580000
WRITING COORDINATES TO DCD FILE ../output/02_eq_2_CLKW.0.dcd AT STEP 3580000
WRITING COORDINATES TO RESTART FILE AT STEP 3580000
FINISHED WRITING RESTART COORDINATES
WRITING VELOCITIES TO RESTART FILE AT STEP 3580000
FINISHED WRITING RESTART VELOCITIES
PRESSURE: 3590000 1805.14 -34.9535 -36.19 -34.9535 -2156.62 -68.3231 -36.1903 -68.3247 293.874
GPRESSURE: 3590000 1812.78 25.4018 -68.5192 37.1884 -2146.92 -14.2569 -128.314 -89.1755 275.14
PRESSAVG: 3590000 1866.79 28.0305 24.5539 28.0305 -1991.75 -39.8274 24.5539 -39.8274 -24.514
GPRESSAVG: 3590000 1881.35 43.2494 12.6635 -8.53446 -2018.71 -17.2019 27.4408 -33.3815 -11.5099
TIMING: 3590000  CPU: 3199.06, 0.000889621/step  Wall: 3199.59, 0.000889872/step, 388.37 ns/days, 0.348533 hours remaining, 0.000000 MB of memory in use.
PERFORMANCE: 3590000  averaging 387.772 ns/day, 0.000891244 sec/step with standard deviation 2.09972e-06
ENERGY: 3590000        13.6488        36.1436        32.7073         1.4128         -51060.0615    -85431.9282         0.0000         0.0000     10579.1907        -125828.8865       298.8403   -136408.0772   -125912.3113       296.3166            -19.2034       -19.6667    182119.9432       -49.8241       -49.6242

WRITING EXTENDED SYSTEM TO RESTART FILE AT STEP 3590000
WRITING COORDINATES TO DCD FILE ../output/02_eq_2_CLKW.0.dcd AT STEP 3590000
WRITING COORDINATES TO RESTART FILE AT STEP 3590000
FINISHED WRITING RESTART COORDINATES
WRITING VELOCITIES TO RESTART FILE AT STEP 3590000
FINISHED WRITING RESTART VELOCITIES
PRESSURE: 3600000 2286.25 -13.7541 -56.9664 -13.7564 -1592.67 45.6208 -56.9652 45.6204 -24.9691
GPRESSURE: 3600000 2298.67 55.1856 -41.3877 -54.8597 -1604.55 117.018 -15.5269 132.77 -24.9766
PRESSAVG: 3600000 1926.31 35.9105 10.453 35.9105 -1931.08 -40.6371 10.453 -40.6371 5.68332
GPRESSAVG: 3600000 1942.7 57.5341 -3.59892 4.53868 -1954.69 -13.9941 15.9604 -29.3299 13.9037
TIMING: 3600000  CPU: 3207.96, 0.000889565/step  Wall: 3208.48, 0.000889584/step, 388.496 ns/days, 0.345949 hours remaining, 0.000000 MB of memory in use.
PERFORMANCE: 3600000  averaging 387.774 ns/day, 0.00089124 sec/step with standard deviation 2.09861e-06
ETITLE:      TS           BOND          ANGLE          DIHED          IMPRP               ELECT            VDW       BOUNDARY           MISC        KINETIC               TOTAL           TEMP      POTENTIAL       TOTALAVG        TEMPAVG            PRESSURE      GPRESSURE         VOLUME       PRESSAVG      GPRESSAVG

ENERGY: 3600000        18.5736        48.8650        28.5160         0.7015         -51384.8581    -85322.1436         0.0000         0.0000     10451.4448        -126158.9008       295.2318   -136610.3456   -125926.6880       296.4711            222.8693       223.0463    180897.5279         0.3038         0.6391

WRITING EXTENDED SYSTEM TO RESTART FILE AT STEP 3600000
WRITING COORDINATES TO DCD FILE ../output/02_eq_2_CLKW.0.dcd AT STEP 3600000
WRITING COORDINATES TO RESTART FILE AT STEP 3600000
FINISHED WRITING RESTART COORDINATES
WRITING VELOCITIES TO RESTART FILE AT STEP 3600000
FINISHED WRITING RESTART VELOCITIES
PRESSURE: 3610000 1131.29 -176.671 32.7576 -176.672 -2772.45 -438.914 32.7561 -438.913 -1055.86
GPRESSURE: 3610000 1101.72 -138.667 -13.2142 -143.777 -2832.32 -359.266 102.216 -456.823 -974.307
PRESSAVG: 3610000 1866.31 21.2726 0.913392 21.2726 -1982.83 -45.3174 0.913392 -45.3174 -59.952
GPRESSAVG: 3610000 1877.52 41.4326 -16.1535 -2.27209 -2008.49 -19.1958 6.44292 -32.9041 -44.906
TIMING: 3610000  CPU: 3216.83, 0.000887248/step  Wall: 3217.36, 0.000887372/step, 389.464 ns/days, 0.342624 hours remaining, 0.000000 MB of memory in use.
PERFORMANCE: 3610000  averaging 387.779 ns/day, 0.000891229 sec/step with standard deviation 2.10556e-06
ENERGY: 3610000        22.5915        44.8666        30.6367         1.2551         -50973.6618    -85627.7384         0.0000         0.0000     10554.2262        -125947.8242       298.1351   -136502.0504   -125919.0761       296.6319           -899.0085      -901.6372    181454.0744       -58.8263       -58.6253

WRITING EXTENDED SYSTEM TO RESTART FILE AT STEP 3610000
WRITING COORDINATES TO DCD FILE ../output/02_eq_2_CLKW.0.dcd AT STEP 3610000
WRITING COORDINATES TO RESTART FILE AT STEP 3610000
FINISHED WRITING RESTART COORDINATES
WRITING VELOCITIES TO RESTART FILE AT STEP 3610000
FINISHED WRITING RESTART VELOCITIES
PRESSURE: 3620000 1810.41 123.315 -3.79246 123.314 -2175.66 232.182 -3.79087 232.18 -201.724
GPRESSURE: 3620000 1815.21 123.305 40.8934 4.48337 -2194.21 259.077 -59.0605 133.496 -183.267
PRESSAVG: 3620000 1845.95 19.0015 -9.35206 19.0015 -2004.77 -36.6013 -9.35206 -36.6013 -54.6744
GPRESSAVG: 3620000 1856.58 44.7015 -28.0173 -10.3421 -2029.59 -6.80514 -2.76008 -31.4175 -39.9218
TIMING: 3620000  CPU: 3225.73, 0.000890277/step  Wall: 3226.26, 0.000890283/step, 388.191 ns/days, 0.341275 hours remaining, 0.000000 MB of memory in use.
PERFORMANCE: 3620000  averaging 387.78 ns/day, 0.000891227 sec/step with standard deviation 2.10323e-06
ENERGY: 3620000        25.0314        39.4222        35.2839         1.3128         -50792.1379    -85564.3876         0.0000         0.0000     10419.1949        -125836.2802       294.3208   -136255.4752   -125914.7144       296.3874           -188.9934      -187.4255    180492.5108       -71.1659       -70.9795

WRITING EXTENDED SYSTEM TO RESTART FILE AT STEP 3620000
WRITING COORDINATES TO DCD FILE ../output/02_eq_2_CLKW.0.dcd AT STEP 3620000
WRITING COORDINATES TO RESTART FILE AT STEP 3620000
FINISHED WRITING RESTART COORDINATES
WRITING VELOCITIES TO RESTART FILE AT STEP 3620000
FINISHED WRITING RESTART VELOCITIES
PRESSURE: 3630000 1762.41 -57.0584 -75.1707 -57.0596 -2199.18 -172.311 -75.169 -172.312 -114.257
GPRESSURE: 3630000 1734.57 0.350214 25.6855 -89.6645 -2168.29 -190.25 -99.7138 -161.037 -109.647
PRESSAVG: 3630000 1852.59 18.1222 -5.39325 18.1222 -2011.6 -39.8873 -5.39325 -39.8873 -65.2428
GPRESSAVG: 3630000 1860.13 46.1076 -16.3858 -7.26657 -2034.63 -14.5893 -5.69899 -32.12 -48.9998
TIMING: 3630000  CPU: 3234.62, 0.000889147/step  Wall: 3235.15, 0.000889283/step, 388.628 ns/days, 0.338422 hours remaining, 0.000000 MB of memory in use.
PERFORMANCE: 3630000  averaging 387.783 ns/day, 0.000891221 sec/step with standard deviation 2.1028e-06
ENERGY: 3630000        15.0001        46.4549        27.7146         1.8041         -50860.5156    -85558.2708         0.0000         0.0000     10422.5703        -125905.2424       294.4161   -136327.8128   -125918.7697       296.1392           -183.6730      -181.1239    180751.2745       -74.7524       -74.5015

WRITING EXTENDED SYSTEM TO RESTART FILE AT STEP 3630000
WRITING COORDINATES TO DCD FILE ../output/02_eq_2_CLKW.0.dcd AT STEP 3630000
WRITING COORDINATES TO RESTART FILE AT STEP 3630000
FINISHED WRITING RESTART COORDINATES
WRITING VELOCITIES TO RESTART FILE AT STEP 3630000
FINISHED WRITING RESTART VELOCITIES
PRESSURE: 3640000 2596.75 71.167 364.299 71.168 -1884.45 -81.2071 364.3 -81.2035 -672.786
GPRESSURE: 3640000 2619.88 107.383 200.344 75.7798 -1869.9 -61.1228 505.088 -49.2179 -726.189
PRESSAVG: 3640000 1864.92 17.2926 5.74328 17.2926 -2031.61 -38.7219 5.74328 -38.7219 -98.4689
GPRESSAVG: 3640000 1871.85 50.6541 -11.2664 -8.75058 -2051.96 -8.72346 13.5726 -30.7609 -85.7789
TIMING: 3640000  CPU: 3243.51, 0.000888603/step  Wall: 3244.04, 0.00088884/step, 388.821 ns/days, 0.335784 hours remaining, 0.000000 MB of memory in use.
PERFORMANCE: 3640000  averaging 387.785 ns/day, 0.000891215 sec/step with standard deviation 2.10361e-06
ENERGY: 3640000        18.1283        41.7749        30.7720         2.9048         -51199.7181    -85496.3968         0.0000         0.0000     10485.9354        -126116.5996       296.2061   -136602.5349   -125930.8620       296.2158             13.1695         7.9320    180740.3026       -88.3857       -88.6302

WRITING EXTENDED SYSTEM TO RESTART FILE AT STEP 3640000
WRITING COORDINATES TO DCD FILE ../output/02_eq_2_CLKW.0.dcd AT STEP 3640000
WRITING COORDINATES TO RESTART FILE AT STEP 3640000
FINISHED WRITING RESTART COORDINATES
WRITING VELOCITIES TO RESTART FILE AT STEP 3640000
FINISHED WRITING RESTART VELOCITIES
PRESSURE: 3650000 1047.69 -106.805 204.023 -106.803 -2193.32 -38.5162 204.022 -38.5154 32.6405
GPRESSURE: 3650000 1081.06 -139.726 65.4392 -15.6809 -2208.76 5.28614 244.844 -110.361 30.3535
PRESSAVG: 3650000 1832.07 15.7966 18.835 15.7966 -2037.21 -52.1294 18.835 -52.1294 -82.6664
GPRESSAVG: 3650000 1842.9 46.9837 -4.3979 -6.5572 -2057.31 -23.8149 22.9535 -50.4092 -72.6718
TIMING: 3650000  CPU: 3252.4, 0.000889145/step  Wall: 3252.93, 0.000889262/step, 388.637 ns/days, 0.333473 hours remaining, 0.000000 MB of memory in use.
PERFORMANCE: 3650000  averaging 387.788 ns/day, 0.000891209 sec/step with standard deviation 2.1032e-06
ENERGY: 3650000        18.7104        39.0993        31.7123         1.0123         -51025.1480    -85573.8934         0.0000         0.0000     10438.5748        -126069.9323       294.8682   -136508.5071   -125936.6988       296.0751           -370.9973      -365.7815    181712.3862       -95.9369       -95.6940

WRITING EXTENDED SYSTEM TO RESTART FILE AT STEP 3650000
WRITING COORDINATES TO DCD FILE ../output/02_eq_2_CLKW.0.dcd AT STEP 3650000
WRITING COORDINATES TO RESTART FILE AT STEP 3650000
FINISHED WRITING RESTART COORDINATES
WRITING VELOCITIES TO RESTART FILE AT STEP 3650000
FINISHED WRITING RESTART VELOCITIES
PRESSURE: 3660000 2481.66 -127.841 -90.2053 -127.842 -1756.95 -162.966 -90.2035 -162.964 -105.119
GPRESSURE: 3660000 2465.99 -189.636 -79.3908 113.465 -1727.29 -132.982 19.7092 -110.701 -112.607
PRESSAVG: 3660000 1843.36 15.6061 12.7998 15.6061 -2051.65 -57.6635 12.7998 -57.6635 -115.719
GPRESSAVG: 3660000 1851.09 45.4935 -2.47835 0.660472 -2068.22 -24.2688 20.0851 -56.2552 -106.109
TIMING: 3660000  CPU: 3261.28, 0.000887808/step  Wall: 3261.81, 0.000887998/step, 389.19 ns/days, 0.330533 hours remaining, 0.000000 MB of memory in use.
PERFORMANCE: 3660000  averaging 387.792 ns/day, 0.000891201 sec/step with standard deviation 2.10701e-06
ENERGY: 3660000        16.4369        57.7393        36.1429         1.3277         -51050.9928    -85436.2875         0.0000         0.0000     10554.5992        -125821.0343       298.1457   -136375.6335   -125928.4076       296.1599            206.5305       208.6948    180253.6183      -108.0049      -107.7482

WRITING EXTENDED SYSTEM TO RESTART FILE AT STEP 3660000
WRITING COORDINATES TO DCD FILE ../output/02_eq_2_CLKW.0.dcd AT STEP 3660000
WRITING COORDINATES TO RESTART FILE AT STEP 3660000
FINISHED WRITING RESTART COORDINATES
WRITING VELOCITIES TO RESTART FILE AT STEP 3660000
FINISHED WRITING RESTART VELOCITIES
PRESSURE: 3670000 2391.76 -163.53 -130.293 -163.531 -1740.3 251.517 -130.292 251.518 -672.229
GPRESSURE: 3670000 2323.9 -319.281 -180.255 -72.4929 -1730.33 270.319 -137.395 223.428 -589.317
PRESSAVG: 3670000 1864.26 -7.06183 4.08089 -7.06183 -2030.47 -35.5641 4.08089 -35.5641 -161.041
GPRESSAVG: 3670000 1867.76 7.23608 -15.3149 -7.08194 -2044.19 2.13228 11.8571 -39.5192 -149.122
TIMING: 3670000  CPU: 3270.16, 0.000887744/step  Wall: 3270.69, 0.000887978/step, 389.199 ns/days, 0.328059 hours remaining, 0.000000 MB of memory in use.
PERFORMANCE: 3670000  averaging 387.795 ns/day, 0.000891192 sec/step with standard deviation 2.11084e-06
ENERGY: 3670000        22.4912        38.4748        38.7846         1.6790         -51029.7606    -85418.1963         0.0000         0.0000     10655.0930        -125691.4342       300.9844   -136346.5273   -125913.0070       296.3458             -6.9233         1.4168    181925.5132      -109.0845      -108.5173

WRITING EXTENDED SYSTEM TO RESTART FILE AT STEP 3670000
WRITING COORDINATES TO DCD FILE ../output/02_eq_2_CLKW.0.dcd AT STEP 3670000
WRITING COORDINATES TO RESTART FILE AT STEP 3670000
FINISHED WRITING RESTART COORDINATES
WRITING VELOCITIES TO RESTART FILE AT STEP 3670000
FINISHED WRITING RESTART VELOCITIES
PRESSURE: 3680000 1907.74 380.551 30.613 380.552 -1861.33 -23.086 30.6112 -23.0876 572.001
GPRESSURE: 3680000 1858.89 424.205 51.1688 214.577 -1814.13 16.7435 -49.6592 -18.5048 564.19
PRESSAVG: 3680000 1868.08 10.4612 24.7187 10.4612 -2028.48 -25.3861 24.7187 -25.3861 -173.362
GPRESSAVG: 3680000 1865.15 26.9815 10.1705 2.54462 -2039.13 15.3988 24.1761 -30.1274 -157.991
TIMING: 3680000  CPU: 3279.04, 0.000888171/step  Wall: 3279.58, 0.000888207/step, 389.099 ns/days, 0.325676 hours remaining, 0.000000 MB of memory in use.
PERFORMANCE: 3680000  averaging 387.799 ns/day, 0.000891184 sec/step with standard deviation 2.1137e-06
ENERGY: 3680000        13.8201        51.0814        34.6315         2.1312         -51030.5298    -85441.8810         0.0000         0.0000     10589.1362        -125781.6103       299.1213   -136370.7465   -125904.8230       296.4968            206.1398       202.9843    181596.6678      -111.2543      -110.6588

WRITING EXTENDED SYSTEM TO RESTART FILE AT STEP 3680000
WRITING COORDINATES TO DCD FILE ../output/02_eq_2_CLKW.0.dcd AT STEP 3680000
WRITING COORDINATES TO RESTART FILE AT STEP 3680000
FINISHED WRITING RESTART COORDINATES
WRITING VELOCITIES TO RESTART FILE AT STEP 3680000
FINISHED WRITING RESTART VELOCITIES
PRESSURE: 3690000 1757.27 -136.266 -369.424 -136.265 -2115.45 171.544 -369.422 171.544 -11.2395
GPRESSURE: 3690000 1747.23 -201.494 -413.442 -75.1587 -2109.24 98.3844 -321.895 236.111 -1.90083
PRESSAVG: 3690000 1839.69 -5.40435 -6.11398 -5.40435 -2070.24 0.137773 -6.11398 0.137773 -149.773
GPRESSAVG: 3690000 1834.35 5.43523 -23.7638 -8.92366 -2078.04 32.3031 -1.69343 -5.44054 -134.694
TIMING: 3690000  CPU: 3287.91, 0.000886776/step  Wall: 3288.44, 0.000886801/step, 389.715 ns/days, 0.322697 hours remaining, 0.000000 MB of memory in use.
PERFORMANCE: 3690000  averaging 387.804 ns/day, 0.000891172 sec/step with standard deviation 2.12312e-06
ENERGY: 3690000        13.5006        45.4492        31.9453         1.6482         -51128.8171    -85366.2341         0.0000         0.0000     10535.3982        -125867.1096       297.6033   -136402.5079   -125903.1407       296.5607           -123.1384      -121.3038    180781.4811      -126.7737      -126.1279

WRITING EXTENDED SYSTEM TO RESTART FILE AT STEP 3690000
WRITING COORDINATES TO DCD FILE ../output/02_eq_2_CLKW.0.dcd AT STEP 3690000
WRITING COORDINATES TO RESTART FILE AT STEP 3690000
FINISHED WRITING RESTART COORDINATES
WRITING VELOCITIES TO RESTART FILE AT STEP 3690000
FINISHED WRITING RESTART VELOCITIES
PRESSURE: 3700000 1331.43 186.894 241.628 186.892 -1739.1 -183.366 241.625 -183.365 -111.139
GPRESSURE: 3700000 1366.59 164.816 194.903 200.646 -1717.24 -96.3231 274.715 -194.935 -178.657
PRESSAVG: 3700000 1772.69 1.19517 5.13128 1.19517 -2101.21 -17.3911 5.13128 -17.3911 -159.118
GPRESSAVG: 3700000 1767.17 9.22278 -17.1943 1.11004 -2107.29 14.596 10.3105 -23.1331 -146.177
TIMING: 3700000  CPU: 3296.78, 0.00088712/step  Wall: 3297.32, 0.000887293/step, 389.499 ns/days, 0.320411 hours remaining, 0.000000 MB of memory in use.
PERFORMANCE: 3700000  averaging 387.809 ns/day, 0.000891161 sec/step with standard deviation 2.12981e-06
ETITLE:      TS           BOND          ANGLE          DIHED          IMPRP               ELECT            VDW       BOUNDARY           MISC        KINETIC               TOTAL           TEMP      POTENTIAL       TOTALAVG        TEMPAVG            PRESSURE      GPRESSURE         VOLUME       PRESSAVG      GPRESSAVG

ENERGY: 3700000        21.0595        59.7081        29.5591         2.6383         -51055.3151    -85427.5007         0.0000         0.0000     10526.9353        -125842.9154       297.3642   -136369.8507   -125891.4613       296.6537           -172.9373      -176.4346    181784.2645      -162.5461      -162.1001

WRITING EXTENDED SYSTEM TO RESTART FILE AT STEP 3700000
WRITING COORDINATES TO DCD FILE ../output/02_eq_2_CLKW.0.dcd AT STEP 3700000
WRITING COORDINATES TO RESTART FILE AT STEP 3700000
FINISHED WRITING RESTART COORDINATES
WRITING VELOCITIES TO RESTART FILE AT STEP 3700000
FINISHED WRITING RESTART VELOCITIES
PRESSURE: 3710000 1716.72 156.581 136.129 156.582 -1504.29 7.18662 136.13 7.18775 34.2298
GPRESSURE: 3710000 1690.12 209.467 100.072 189.626 -1473.86 -74.1718 177.941 -76.9547 14.0075
PRESSAVG: 3710000 1768.62 28.7699 16.1983 28.7699 -2052.77 -32.9942 16.1983 -32.9942 -151.949
GPRESSAVG: 3710000 1758.49 41.2864 -2.82665 29.1699 -2057.27 -7.31184 24.5865 -45.9297 -137.209
TIMING: 3710000  CPU: 3305.66, 0.000888214/step  Wall: 3306.2, 0.00088832/step, 389.049 ns/days, 0.318315 hours remaining, 0.000000 MB of memory in use.
PERFORMANCE: 3710000  averaging 387.812 ns/day, 0.000891154 sec/step with standard deviation 2.13204e-06
ENERGY: 3710000        17.7441        40.0889        30.9176         1.8461         -51264.6219    -85312.3291         0.0000         0.0000     10514.0654        -125972.2889       297.0007   -136486.3543   -125897.4834       296.5687             82.2206        76.7569    180819.9937      -145.3673      -145.3292

WRITING EXTENDED SYSTEM TO RESTART FILE AT STEP 3710000
WRITING COORDINATES TO DCD FILE ../output/02_eq_2_CLKW.0.dcd AT STEP 3710000
WRITING COORDINATES TO RESTART FILE AT STEP 3710000
FINISHED WRITING RESTART COORDINATES
WRITING VELOCITIES TO RESTART FILE AT STEP 3710000
FINISHED WRITING RESTART VELOCITIES
PRESSURE: 3720000 2609.11 -149.782 -27.8675 -149.784 -1579.86 -219.314 -27.8689 -219.313 90.0711
GPRESSURE: 3720000 2574.22 -166.237 -50.03 -230.426 -1542.84 -206.241 -158.815 -386.55 75.3259
PRESSAVG: 3720000 1795.47 22.0668 19.2527 22.0668 -1995.75 -49.6347 19.2527 -49.6347 -126.608
GPRESSAVG: 3720000 1784.4 31.9242 4.39002 18.3807 -2000.58 -23.6802 19.9374 -67.4756 -111.19
TIMING: 3720000  CPU: 3314.53, 0.000887341/step  Wall: 3315.08, 0.000887536/step, 389.393 ns/days, 0.315568 hours remaining, 0.000000 MB of memory in use.
PERFORMANCE: 3720000  averaging 387.816 ns/day, 0.000891144 sec/step with standard deviation 2.13741e-06
ENERGY: 3720000         9.7826        53.8237        30.0428         0.9756         -51195.5777    -85358.5778         0.0000         0.0000     10539.0758        -125920.4549       297.7072   -136459.5308   -125895.4245       296.6115            373.1085       368.9040    181564.8368      -108.9638      -109.1226

WRITING EXTENDED SYSTEM TO RESTART FILE AT STEP 3720000
WRITING COORDINATES TO DCD FILE ../output/02_eq_2_CLKW.0.dcd AT STEP 3720000
WRITING COORDINATES TO RESTART FILE AT STEP 3720000
FINISHED WRITING RESTART COORDINATES
WRITING VELOCITIES TO RESTART FILE AT STEP 3720000
FINISHED WRITING RESTART VELOCITIES
PRESSURE: 3730000 1868.05 170.88 43.5057 170.879 -1775.95 -491.094 43.5054 -491.093 -238.731
GPRESSURE: 3730000 1795.52 166.205 58.6381 111.487 -1737.35 -460.132 74.8613 -566.898 -217.613
PRESSAVG: 3730000 1803.58 27.1943 30.5167 27.1943 -1970.53 -63.097 30.5167 -63.097 -122.442
GPRESSAVG: 3730000 1790.59 35.0308 14.4528 23.1226 -1972.71 -38.0431 32.1326 -87.869 -107.925
TIMING: 3730000  CPU: 3323.41, 0.000887477/step  Wall: 3323.95, 0.00088755/step, 389.386 ns/days, 0.313108 hours remaining, 0.000000 MB of memory in use.
PERFORMANCE: 3730000  averaging 387.82 ns/day, 0.000891134 sec/step with standard deviation 2.14263e-06
ENERGY: 3730000        19.7759        34.3929        28.4837         1.3261         -50980.5346    -85607.2024         0.0000         0.0000     10665.9780        -125837.7804       301.2919   -136503.7584   -125894.4581       296.8483            -48.8758       -53.1474    181546.4280       -96.4641       -96.6815

WRITING EXTENDED SYSTEM TO RESTART FILE AT STEP 3730000
WRITING COORDINATES TO DCD FILE ../output/02_eq_2_CLKW.0.dcd AT STEP 3730000
WRITING COORDINATES TO RESTART FILE AT STEP 3730000
FINISHED WRITING RESTART COORDINATES
WRITING VELOCITIES TO RESTART FILE AT STEP 3730000
FINISHED WRITING RESTART VELOCITIES
PRESSURE: 3740000 1937.8 61.1578 112.496 61.1604 -1899.79 -57.8796 112.499 -57.8797 -179.2
GPRESSURE: 3740000 1937.84 43.8904 153.008 9.31705 -1955.15 -159.367 101.832 -16.996 -117.701
PRESSAVG: 3740000 1832.03 38.995 36.4608 38.995 -1938.27 -60.9371 36.4608 -60.9371 -116.136
GPRESSAVG: 3740000 1818.48 45.3274 21.1781 36.6125 -1942.44 -38.6955 41.2223 -85.0017 -98.9857
TIMING: 3740000  CPU: 3332.28, 0.000887512/step  Wall: 3332.83, 0.000887675/step, 389.332 ns/days, 0.310686 hours remaining, 0.000000 MB of memory in use.
PERFORMANCE: 3740000  averaging 387.824 ns/day, 0.000891125 sec/step with standard deviation 2.14722e-06
ENERGY: 3740000        15.0992        39.5217        31.1182         1.8208         -50965.9122    -85575.4719         0.0000         0.0000     10553.6923        -125900.1319       298.1200   -136453.8242   -125906.6794       296.8549            -47.0637       -45.0049    181081.7955       -74.1232       -74.3169

WRITING EXTENDED SYSTEM TO RESTART FILE AT STEP 3740000
WRITING COORDINATES TO DCD FILE ../output/02_eq_2_CLKW.0.dcd AT STEP 3740000
WRITING COORDINATES TO RESTART FILE AT STEP 3740000
FINISHED WRITING RESTART COORDINATES
WRITING VELOCITIES TO RESTART FILE AT STEP 3740000
FINISHED WRITING RESTART VELOCITIES
PRESSURE: 3750000 2048.23 -34.896 -204.295 -34.8962 -1565.11 37.209 -204.294 37.21 385.742
GPRESSURE: 3750000 2032.41 -97.3042 -291.418 -29.37 -1555.48 19.4724 -82.9973 126.13 381.981
PRESSAVG: 3750000 1871.7 28.9164 15.8449 28.9164 -1913.53 -65.1964 15.8449 -65.1964 -93.4905
GPRESSAVG: 3750000 1858.29 29.5413 -0.0014231 31.8853 -1911.66 -48.8923 24.8281 -82.6707 -83.0025
TIMING: 3750000  CPU: 3341.16, 0.000887542/step  Wall: 3341.71, 0.000887689/step, 389.325 ns/days, 0.308225 hours remaining, 0.000000 MB of memory in use.
PERFORMANCE: 3750000  averaging 387.828 ns/day, 0.000891116 sec/step with standard deviation 2.15167e-06
ENERGY: 3750000        15.9268        52.8718        28.8379         0.4724         -51357.0309    -85297.5410         0.0000         0.0000     10529.4597        -126027.0033       297.4355   -136556.4630   -125908.4334       296.8924            289.6231       286.3013    180793.0174       -45.1079       -45.4594

WRITING EXTENDED SYSTEM TO RESTART FILE AT STEP 3750000
WRITING COORDINATES TO DCD FILE ../output/02_eq_2_CLKW.0.dcd AT STEP 3750000
WRITING COORDINATES TO RESTART FILE AT STEP 3750000
FINISHED WRITING RESTART COORDINATES
WRITING VELOCITIES TO RESTART FILE AT STEP 3750000
FINISHED WRITING RESTART VELOCITIES
PRESSURE: 3760000 2170.98 72.4096 -339.77 72.4097 -2100.63 -133.038 -339.772 -133.036 1.18184
GPRESSURE: 3760000 2136.4 173.149 -241.295 -102.968 -2086.9 -2.7425 -434.913 -122.339 34.2992
PRESSAVG: 3760000 1889.26 27.9517 -0.519509 27.9517 -1934.41 -69.2241 -0.519509 -69.2241 -96.9521
GPRESSAVG: 3760000 1875.26 35.5338 -17.1536 21.3738 -1932.26 -48.307 7.36703 -82.077 -85.053
TIMING: 3760000  CPU: 3350.04, 0.000888176/step  Wall: 3350.59, 0.000888162/step, 389.118 ns/days, 0.305922 hours remaining, 0.000000 MB of memory in use.
PERFORMANCE: 3760000  averaging 387.832 ns/day, 0.000891108 sec/step with standard deviation 2.1542e-06
ENERGY: 3760000        16.1922        34.5316        30.1578         0.8496         -50883.4711    -85553.8036         0.0000         0.0000     10451.5633        -125903.9803       295.2351   -136355.5436   -125915.5714       296.9309             23.8439        27.9318    181370.6164       -47.3698       -47.3519

WRITING EXTENDED SYSTEM TO RESTART FILE AT STEP 3760000
WRITING COORDINATES TO DCD FILE ../output/02_eq_2_CLKW.0.dcd AT STEP 3760000
WRITING COORDINATES TO RESTART FILE AT STEP 3760000
FINISHED WRITING RESTART COORDINATES
WRITING VELOCITIES TO RESTART FILE AT STEP 3760000
FINISHED WRITING RESTART VELOCITIES
PRESSURE: 3770000 1603.81 352.484 372.01 352.485 -2518.72 -42.2562 372.01 -42.2553 -415.354
GPRESSURE: 3770000 1596.25 442.101 400.982 288.407 -2473.28 -78.8174 314.808 -127.271 -450.65
PRESSAVG: 3770000 1903.8 45.4066 11.9629 45.4066 -1957.72 -69.6449 11.9629 -69.6449 -128.146
GPRESSAVG: 3770000 1889.96 54.1361 -2.31764 35.2352 -1951.9 -49.6447 18.3512 -87.2007 -119.97
TIMING: 3770000  CPU: 3358.93, 0.000889233/step  Wall: 3359.48, 0.000889384/step, 388.584 ns/days, 0.303873 hours remaining, 0.000000 MB of memory in use.
PERFORMANCE: 3770000  averaging 387.834 ns/day, 0.000891103 sec/step with standard deviation 2.15316e-06
ENERGY: 3770000        19.8924        53.4285        31.8988         1.3687         -50989.0583    -85547.7364         0.0000         0.0000     10546.0354        -125884.1710       297.9038   -136430.2064   -125909.4496       297.2614           -443.4215      -442.5586    180958.9016       -60.6869       -60.6352

WRITING EXTENDED SYSTEM TO RESTART FILE AT STEP 3770000
WRITING COORDINATES TO DCD FILE ../output/02_eq_2_CLKW.0.dcd AT STEP 3770000
WRITING COORDINATES TO RESTART FILE AT STEP 3770000
FINISHED WRITING RESTART COORDINATES
WRITING VELOCITIES TO RESTART FILE AT STEP 3770000
FINISHED WRITING RESTART VELOCITIES
PRESSURE: 3780000 1290.7 83.769 -246.644 83.7668 -2146.89 199.722 -246.643 199.721 -398.083
GPRESSURE: 3780000 1330.09 107.461 -210.542 32.8009 -2234.46 266.642 -346.856 183.327 -332.413
PRESSAVG: 3780000 1877.76 32.8823 -2.15753 32.8823 -1963.94 -58.364 -2.15753 -58.364 -139.548
GPRESSAVG: 3780000 1865.97 39.5286 -14.918 23.169 -1959.13 -39.1365 -0.95654 -72.6251 -132.197
TIMING: 3780000  CPU: 3367.79, 0.000886106/step  Wall: 3368.34, 0.000886332/step, 389.922 ns/days, 0.300368 hours remaining, 0.000000 MB of memory in use.
PERFORMANCE: 3780000  averaging 387.839 ns/day, 0.000891091 sec/step with standard deviation 2.16426e-06
ENERGY: 3780000        13.4319        46.9361        28.4097         0.4751         -50850.3418    -85504.8435         0.0000         0.0000     10477.3646        -125788.5678       295.9639   -136265.9324   -125905.1074       297.2948           -418.0885      -412.2620    181591.2822       -75.2409       -75.1189

WRITING EXTENDED SYSTEM TO RESTART FILE AT STEP 3780000
WRITING COORDINATES TO DCD FILE ../output/02_eq_2_CLKW.0.dcd AT STEP 3780000
WRITING COORDINATES TO RESTART FILE AT STEP 3780000
FINISHED WRITING RESTART COORDINATES
WRITING VELOCITIES TO RESTART FILE AT STEP 3780000
FINISHED WRITING RESTART VELOCITIES
PRESSURE: 3790000 2405.61 132.112 155.401 132.11 -1703.92 -166.526 155.403 -166.526 796.845
GPRESSURE: 3790000 2413.2 152.618 205.312 -10.6248 -1717.37 -5.95278 271.136 -208.999 802.134
PRESSAVG: 3790000 1907.78 41.2355 7.42213 41.2355 -1941.3 -63.2741 7.42213 -63.2741 -114.399
GPRESSAVG: 3790000 1895.99 45.8894 -1.22642 20.7783 -1937.65 -38.7213 19.016 -78.6163 -105.848
TIMING: 3790000  CPU: 3376.68, 0.000888202/step  Wall: 3377.23, 0.000888399/step, 389.014 ns/days, 0.298601 hours remaining, 0.000000 MB of memory in use.
PERFORMANCE: 3790000  averaging 387.842 ns/day, 0.000891084 sec/step with standard deviation 2.16582e-06
ENERGY: 3790000        15.9147        50.2208        29.2547         0.8041         -51382.6888    -85227.9799         0.0000         0.0000     10460.0502        -126054.4243       295.4748   -136514.4745   -125916.3843       297.1265            499.5139       499.3203    179540.7712       -49.3051       -49.1695

WRITING EXTENDED SYSTEM TO RESTART FILE AT STEP 3790000
WRITING COORDINATES TO DCD FILE ../output/02_eq_2_CLKW.0.dcd AT STEP 3790000
WRITING COORDINATES TO RESTART FILE AT STEP 3790000
FINISHED WRITING RESTART COORDINATES
WRITING VELOCITIES TO RESTART FILE AT STEP 3790000
FINISHED WRITING RESTART VELOCITIES
PRESSURE: 3800000 2690.17 -213.899 -104.909 -213.899 -1271.31 339.345 -104.908 339.345 332.823
GPRESSURE: 3800000 2731.44 -222.686 -67.6346 -301.307 -1312.32 314.568 -76.5078 423.417 330.031
PRESSAVG: 3800000 1927.98 31.2284 5.02501 31.2284 -1925.23 -48.5879 5.02501 -48.5879 -96.5095
GPRESSAVG: 3800000 1917.63 31.9959 -2.53877 8.45594 -1923.04 -28.8438 15.9669 -64.0839 -88.0973
TIMING: 3800000  CPU: 3385.54, 0.000886898/step  Wall: 3386.1, 0.000887086/step, 389.59 ns/days, 0.295695 hours remaining, 0.000000 MB of memory in use.
PERFORMANCE: 3800000  averaging 387.847 ns/day, 0.000891073 sec/step with standard deviation 2.17266e-06
ETITLE:      TS           BOND          ANGLE          DIHED          IMPRP               ELECT            VDW       BOUNDARY           MISC        KINETIC               TOTAL           TEMP      POTENTIAL       TOTALAVG        TEMPAVG            PRESSURE      GPRESSURE         VOLUME       PRESSAVG      GPRESSAVG

ENERGY: 3800000        22.0647        46.8820        25.5726         2.8402         -51021.4676    -85520.6214         0.0000         0.0000     10540.9833        -125903.7462       297.7610   -136444.7295   -125903.6266       297.2530            583.8934       583.0492    180667.1845       -31.2539       -31.1694

WRITING EXTENDED SYSTEM TO RESTART FILE AT STEP 3800000
WRITING COORDINATES TO DCD FILE ../output/02_eq_2_CLKW.0.dcd AT STEP 3800000
WRITING COORDINATES TO RESTART FILE AT STEP 3800000
FINISHED WRITING RESTART COORDINATES
WRITING VELOCITIES TO RESTART FILE AT STEP 3800000
FINISHED WRITING RESTART VELOCITIES
PRESSURE: 3810000 1237.59 281.393 4.35892 281.39 -2602.58 9.47383 4.35928 9.47416 -730.667
GPRESSURE: 3810000 1208.18 367.085 6.28378 210.017 -2578.8 -29.6895 -38.2023 -62.1638 -726.394
PRESSAVG: 3810000 1933.3 54.1315 3.60516 54.1315 -1916.74 -26.1685 3.60516 -26.1685 -80.2497
GPRESSAVG: 3810000 1922.95 57.2835 -1.56387 26.1456 -1910.36 -12.365 8.94601 -44.3509 -75.7017
TIMING: 3810000  CPU: 3394.42, 0.000887304/step  Wall: 3394.97, 0.000887527/step, 389.396 ns/days, 0.293377 hours remaining, 0.000000 MB of memory in use.
PERFORMANCE: 3810000  averaging 387.851 ns/day, 0.000891064 sec/step with standard deviation 2.17739e-06
ENERGY: 3810000        15.7009        47.3808        34.3277         3.2452         -51074.4548    -85490.3643         0.0000         0.0000     10464.4170        -125999.7474       295.5982   -136464.1644   -125906.2227       297.1261           -698.5511      -699.0061    180679.2010       -21.2310       -21.0378

WRITING EXTENDED SYSTEM TO RESTART FILE AT STEP 3810000
WRITING COORDINATES TO DCD FILE ../output/02_eq_2_CLKW.0.dcd AT STEP 3810000
WRITING COORDINATES TO RESTART FILE AT STEP 3810000
FINISHED WRITING RESTART COORDINATES
WRITING VELOCITIES TO RESTART FILE AT STEP 3810000
FINISHED WRITING RESTART VELOCITIES
PRESSURE: 3820000 2247.91 -56.2528 68.7501 -56.2551 -1637.47 111.863 68.75 111.863 376.808
GPRESSURE: 3820000 2201.92 23.2135 99.0606 -97.8583 -1678.05 81.4705 77.6337 88.1377 452.195
PRESSAVG: 3820000 1955.17 45.153 7.23221 45.153 -1889.83 -32.1844 7.23221 -32.1844 -51.3231
GPRESSAVG: 3820000 1942.28 52.279 1.34448 21.0286 -1884.55 -21.2453 15.7807 -46.6188 -43.9285
TIMING: 3820000  CPU: 3403.29, 0.000886939/step  Wall: 3403.84, 0.000887049/step, 389.606 ns/days, 0.290755 hours remaining, 0.000000 MB of memory in use.
PERFORMANCE: 3820000  averaging 387.856 ns/day, 0.000891053 sec/step with standard deviation 2.18421e-06
ENERGY: 3820000        11.5343        43.6542        29.0234         1.7616         -51197.4502    -85407.1456         0.0000         0.0000     10469.7984        -126048.8240       295.7502   -136518.6223   -125916.8499       297.1976            329.0837       325.3568    181559.2516         4.6729         4.6013

WRITING EXTENDED SYSTEM TO RESTART FILE AT STEP 3820000
WRITING COORDINATES TO DCD FILE ../output/02_eq_2_CLKW.0.dcd AT STEP 3820000
WRITING COORDINATES TO RESTART FILE AT STEP 3820000
FINISHED WRITING RESTART COORDINATES
WRITING VELOCITIES TO RESTART FILE AT STEP 3820000
FINISHED WRITING RESTART VELOCITIES
PRESSURE: 3830000 1973.56 -0.079445 -236.481 -0.0778769 -1877.95 -128.733 -236.481 -128.731 48.2537
GPRESSURE: 3830000 1971.56 37.2703 -215.274 80.4207 -1902.19 -121.116 -209.233 -189.907 67.9199
PRESSAVG: 3830000 1965.73 48.0021 -0.833386 48.0021 -1873.77 -30.0054 -0.833386 -30.0054 -43.1975
GPRESSAVG: 3830000 1954.13 54.125 -10.7035 29.5328 -1871.25 -17.7886 10.3048 -48.0623 -35.0502
TIMING: 3830000  CPU: 3412.15, 0.000886426/step  Wall: 3412.71, 0.000886638/step, 389.787 ns/days, 0.288157 hours remaining, 0.000000 MB of memory in use.
PERFORMANCE: 3830000  averaging 387.861 ns/day, 0.000891042 sec/step with standard deviation 2.19298e-06
ENERGY: 3830000        12.1666        52.0405        34.8219         3.0814         -51060.2043    -85482.3633         0.0000         0.0000     10496.8273        -125943.6299       296.5137   -136440.4572   -125918.7693       297.3025             47.9545        45.7610    180421.7940        16.2542        15.9455

WRITING EXTENDED SYSTEM TO RESTART FILE AT STEP 3830000
WRITING COORDINATES TO DCD FILE ../output/02_eq_2_CLKW.0.dcd AT STEP 3830000
WRITING COORDINATES TO RESTART FILE AT STEP 3830000
FINISHED WRITING RESTART COORDINATES
WRITING VELOCITIES TO RESTART FILE AT STEP 3830000
FINISHED WRITING RESTART VELOCITIES
PRESSURE: 3840000 1809.84 -86.569 -89.1416 -86.5689 -2161.95 12.7441 -89.1424 12.7437 -31.8933
GPRESSURE: 3840000 1842.39 -162.804 -81.426 12.5612 -2151.34 30.1997 -67.6863 73.2575 -67.9057
PRESSAVG: 3840000 1926.38 40.1152 -23.5055 40.1152 -1887.64 -25.308 -23.5055 -25.308 -11.1529
GPRESSAVG: 3840000 1915.26 40.6156 -24.792 26.3719 -1885.32 -13.2225 -18.334 -41.9386 -2.136
TIMING: 3840000  CPU: 3421.03, 0.000887729/step  Wall: 3421.59, 0.000887941/step, 389.215 ns/days, 0.286114 hours remaining, 0.000000 MB of memory in use.
PERFORMANCE: 3840000  averaging 387.864 ns/day, 0.000891034 sec/step with standard deviation 2.19583e-06
ENERGY: 3840000        14.5977        49.5419        26.6268         0.8432         -51101.1082    -85537.6620         0.0000         0.0000     10525.9006        -126021.2600       297.3350   -136547.1606   -125914.0023       297.3589           -128.0022      -125.6201    180437.4795         9.1956         9.2679

WRITING EXTENDED SYSTEM TO RESTART FILE AT STEP 3840000
WRITING COORDINATES TO DCD FILE ../output/02_eq_2_CLKW.0.dcd AT STEP 3840000
WRITING COORDINATES TO RESTART FILE AT STEP 3840000
FINISHED WRITING RESTART COORDINATES
WRITING VELOCITIES TO RESTART FILE AT STEP 3840000
FINISHED WRITING RESTART VELOCITIES
PRESSURE: 3850000 1590.67 -118.055 -38.2704 -118.053 -2585.64 277.834 -38.2671 277.834 -562.67
GPRESSURE: 3850000 1505.86 -119.311 -151.167 -143.971 -2610.81 231.256 81.8753 313.376 -461.245
PRESSAVG: 3850000 1953.53 39.5527 -35.62 39.5527 -1907.26 -9.49052 -35.62 -9.49052 -40.9184
GPRESSAVG: 3850000 1936.5 41.6364 -35.6223 19.9574 -1905.42 -1.92401 -26.4824 -20.7517 -26.7159
TIMING: 3850000  CPU: 3429.91, 0.000887659/step  Wall: 3430.47, 0.00088765/step, 389.342 ns/days, 0.283555 hours remaining, 0.000000 MB of memory in use.
PERFORMANCE: 3850000  averaging 387.868 ns/day, 0.000891025 sec/step with standard deviation 2.19974e-06
ENERGY: 3850000        17.2225        50.7208        28.2933         2.1675         -51261.0660    -85509.5869         0.0000         0.0000     10496.7605        -126175.4883       296.5118   -136672.2488   -125919.2801       297.4411           -519.2112      -522.0662    180272.1143         1.7850         1.4537

WRITING EXTENDED SYSTEM TO RESTART FILE AT STEP 3850000
WRITING COORDINATES TO DCD FILE ../output/02_eq_2_CLKW.0.dcd AT STEP 3850000
WRITING COORDINATES TO RESTART FILE AT STEP 3850000
FINISHED WRITING RESTART COORDINATES
WRITING VELOCITIES TO RESTART FILE AT STEP 3850000
FINISHED WRITING RESTART VELOCITIES
PRESSURE: 3860000 2138.05 249.45 16.3788 249.452 -1779.94 -68.0209 16.3821 -68.0187 -256.217
GPRESSURE: 3860000 2136.46 311.23 45.4744 165.208 -1793.62 -55.1723 -16.1528 -94.9917 -245.339
PRESSAVG: 3860000 1936.35 58.4175 -30.2907 58.4175 -1908.41 -4.74326 -30.2907 -4.74326 -48.4734
GPRESSAVG: 3860000 1920.02 66.6797 -29.379 22.5446 -1908.74 1.9665 -28.2755 -19.9663 -33.3526
TIMING: 3860000  CPU: 3438.78, 0.000887142/step  Wall: 3439.34, 0.000887339/step, 389.479 ns/days, 0.280991 hours remaining, 0.000000 MB of memory in use.
PERFORMANCE: 3860000  averaging 387.872 ns/day, 0.000891015 sec/step with standard deviation 2.20487e-06
ENERGY: 3860000        13.3431        38.6616        32.3008         2.5228         -51187.0859    -85376.1888         0.0000         0.0000     10714.0772        -125762.3692       302.6506   -136476.4464   -125916.3469       297.6663             33.9654        32.5003    181151.2153        -6.8433        -7.3560

WRITING EXTENDED SYSTEM TO RESTART FILE AT STEP 3860000
WRITING COORDINATES TO DCD FILE ../output/02_eq_2_CLKW.0.dcd AT STEP 3860000
WRITING COORDINATES TO RESTART FILE AT STEP 3860000
FINISHED WRITING RESTART COORDINATES
WRITING VELOCITIES TO RESTART FILE AT STEP 3860000
FINISHED WRITING RESTART VELOCITIES
PRESSURE: 3870000 1539.93 81.6498 190.615 81.6493 -1919.69 -163.942 190.615 -163.943 -1123.21
GPRESSURE: 3870000 1489.78 166.06 270.846 48.1018 -1879.34 -204.373 86.9178 -59.0326 -1116.13
PRESSAVG: 3870000 1893.76 70.6765 -14.2454 70.6765 -1917.38 -25.5163 -14.2454 -25.5163 -71.0224
GPRESSAVG: 3870000 1878.32 90.9467 -6.82398 28.5743 -1916.19 -21.7681 -17.0599 -34.0893 -59.6933
TIMING: 3870000  CPU: 3447.65, 0.000886875/step  Wall: 3448.21, 0.00088687/step, 389.685 ns/days, 0.278379 hours remaining, 0.000000 MB of memory in use.
PERFORMANCE: 3870000  averaging 387.877 ns/day, 0.000891005 sec/step with standard deviation 2.21208e-06
ENERGY: 3870000         9.6179        41.9057        29.6226         1.0300         -50863.6845    -85466.0293         0.0000         0.0000     10520.2974        -125727.2401       297.1767   -136247.5374   -125918.1371       297.4760           -500.9885      -501.8993    180834.3883       -31.5466       -32.5219

WRITING EXTENDED SYSTEM TO RESTART FILE AT STEP 3870000
WRITING COORDINATES TO DCD FILE ../output/02_eq_2_CLKW.0.dcd AT STEP 3870000
WRITING COORDINATES TO RESTART FILE AT STEP 3870000
FINISHED WRITING RESTART COORDINATES
WRITING VELOCITIES TO RESTART FILE AT STEP 3870000
FINISHED WRITING RESTART VELOCITIES
PRESSURE: 3880000 2720.25 54.8693 -107.962 54.8672 -1747.32 295.675 -107.96 295.674 -546.514
GPRESSURE: 3880000 2759.39 49.8261 -153.077 81.0866 -1684.4 361.002 -142.695 206.36 -652.178
PRESSAVG: 3880000 1934.39 54.3922 -21.174 54.3922 -1911.68 -9.57822 -21.174 -9.57822 -126.948
GPRESSAVG: 3880000 1923.34 72.2278 -17.0363 21.8998 -1909.7 -4.55519 -21.7117 -22.8461 -120.512
TIMING: 3880000  CPU: 3456.51, 0.000886801/step  Wall: 3457.08, 0.000886975/step, 389.639 ns/days, 0.275948 hours remaining, 0.000000 MB of memory in use.
PERFORMANCE: 3880000  averaging 387.881 ns/day, 0.000890994 sec/step with standard deviation 2.21867e-06
ENERGY: 3880000        17.3243        41.4597        31.3979         2.9930         -50914.3862    -85450.4984         0.0000         0.0000     10531.2450        -125740.4647       297.4860   -136271.7097   -125916.0799       297.3942            142.1375       140.9380    181430.6989       -34.7467       -35.6242

WRITING EXTENDED SYSTEM TO RESTART FILE AT STEP 3880000
WRITING COORDINATES TO DCD FILE ../output/02_eq_2_CLKW.0.dcd AT STEP 3880000
WRITING COORDINATES TO RESTART FILE AT STEP 3880000
FINISHED WRITING RESTART COORDINATES
WRITING VELOCITIES TO RESTART FILE AT STEP 3880000
FINISHED WRITING RESTART VELOCITIES
PRESSURE: 3890000 1593.94 -14.9178 25.6813 -14.9173 -2157.78 -243.947 25.6813 -243.948 98.3544
GPRESSURE: 3890000 1560.41 -30.6523 -68.9023 127.017 -2136.94 -338.338 137.644 -235.363 115.288
PRESSAVG: 3890000 1926.22 60.4596 -1.41881 60.4596 -1913.79 -30.3528 -1.41881 -30.3528 -121.468
GPRESSAVG: 3890000 1914 80.7699 0.190702 32.0086 -1911.09 -26.3913 1.26529 -46.4198 -114.652
TIMING: 3890000  CPU: 3465.39, 0.000887235/step  Wall: 3465.95, 0.000887458/step, 389.427 ns/days, 0.273633 hours remaining, 0.000000 MB of memory in use.
PERFORMANCE: 3890000  averaging 387.885 ns/day, 0.000890985 sec/step with standard deviation 2.22305e-06
ENERGY: 3890000        11.5447        44.8117        30.3229         0.5149         -50981.1228    -85449.9766         0.0000         0.0000     10469.2517        -125874.6536       295.7348   -136343.9053   -125916.4571       297.3008           -155.1626      -153.7470    181437.0307       -36.3479       -37.2463

WRITING EXTENDED SYSTEM TO RESTART FILE AT STEP 3890000
WRITING COORDINATES TO DCD FILE ../output/02_eq_2_CLKW.0.dcd AT STEP 3890000
WRITING COORDINATES TO RESTART FILE AT STEP 3890000
FINISHED WRITING RESTART COORDINATES
WRITING VELOCITIES TO RESTART FILE AT STEP 3890000
FINISHED WRITING RESTART VELOCITIES
PRESSURE: 3900000 2171.62 158.687 -32.8412 158.687 -2181.35 233.579 -32.8404 233.579 33.132
GPRESSURE: 3900000 2133.79 148.052 -97.7561 124.233 -2124.01 270.945 13.8342 82.2722 11.0324
PRESSAVG: 3900000 1968.23 59.0494 -15.1421 59.0494 -1935.91 -9.5056 -15.1421 -9.5056 -114.255
GPRESSAVG: 3900000 1952.36 79.9316 -14.4423 28.1879 -1931.43 -8.0279 -11.7787 -32.5595 -105.168
TIMING: 3900000  CPU: 3474.26, 0.000887827/step  Wall: 3474.83, 0.000887942/step, 389.215 ns/days, 0.271316 hours remaining, 0.000000 MB of memory in use.
PERFORMANCE: 3900000  averaging 387.889 ns/day, 0.000890977 sec/step with standard deviation 2.22554e-06
ETITLE:      TS           BOND          ANGLE          DIHED          IMPRP               ELECT            VDW       BOUNDARY           MISC        KINETIC               TOTAL           TEMP      POTENTIAL       TOTALAVG        TEMPAVG            PRESSURE      GPRESSURE         VOLUME       PRESSAVG      GPRESSAVG

ENERGY: 3900000        18.9536        47.0093        35.1602         1.2820         -51191.3240    -85459.2038         0.0000         0.0000     10587.8570        -125960.2659       299.0851   -136548.1228   -125922.3246       297.3868              7.7984         6.9390    179828.7382       -27.3111       -28.0777

WRITING EXTENDED SYSTEM TO RESTART FILE AT STEP 3900000
WRITING COORDINATES TO DCD FILE ../output/02_eq_2_CLKW.0.dcd AT STEP 3900000
WRITING COORDINATES TO RESTART FILE AT STEP 3900000
FINISHED WRITING RESTART COORDINATES
WRITING VELOCITIES TO RESTART FILE AT STEP 3900000
FINISHED WRITING RESTART VELOCITIES
PRESSURE: 3910000 2156.51 -202.819 -212.142 -202.822 -2469.51 -73.3778 -212.14 -73.3803 212.418
GPRESSURE: 3910000 2128.56 -222.535 -291.807 -190.421 -2498.08 -121.806 -205.074 -107.818 271.322
PRESSAVG: 3910000 1990.22 41.0792 -32.5556 41.0792 -1984.17 -13.534 -32.5556 -13.534 -105.346
GPRESSAVG: 3910000 1974.28 58.3315 -34.0362 9.18559 -1982.64 -10.4096 -30.9294 -34.1027 -92.3021
TIMING: 3910000  CPU: 3483.13, 0.000886862/step  Wall: 3483.7, 0.000886887/step, 389.678 ns/days, 0.26853 hours remaining, 0.000000 MB of memory in use.
PERFORMANCE: 3910000  averaging 387.893 ns/day, 0.000890967 sec/step with standard deviation 2.23229e-06
ENERGY: 3910000        23.0224        41.3489        30.9255         2.9140         -51070.9987    -85554.8152         0.0000         0.0000     10632.1582        -125895.4448       300.3365   -136527.6030   -125918.4824       297.5536            -33.5253       -32.7316    180153.3121       -33.0984       -33.5521

WRITING EXTENDED SYSTEM TO RESTART FILE AT STEP 3910000
WRITING COORDINATES TO DCD FILE ../output/02_eq_2_CLKW.0.dcd AT STEP 3910000
WRITING COORDINATES TO RESTART FILE AT STEP 3910000
FINISHED WRITING RESTART COORDINATES
WRITING VELOCITIES TO RESTART FILE AT STEP 3910000
FINISHED WRITING RESTART VELOCITIES
PRESSURE: 3920000 2273.95 -108.965 -430.799 -108.967 -1361.23 -332.871 -430.798 -332.875 -258.536
GPRESSURE: 3920000 2267.5 -63.9466 -372.964 -1.64745 -1380.9 -307.688 -342.52 -307.185 -233.628
PRESSAVG: 3920000 1973.46 43.12 -52.7021 43.12 -1973.24 -19.2121 -52.7021 -19.2121 -122.776
GPRESSAVG: 3920000 1958.95 63.446 -50.1829 20.6245 -1974.54 -15.4819 -40.1147 -30.1344 -107.75
TIMING: 3920000  CPU: 3492.02, 0.000888474/step  Wall: 3492.59, 0.000888514/step, 388.964 ns/days, 0.266554 hours remaining, 0.000000 MB of memory in use.
PERFORMANCE: 3920000  averaging 387.896 ns/day, 0.000890961 sec/step with standard deviation 2.23287e-06
ENERGY: 3920000        15.4260        44.7604        30.9830         1.3992         -51037.0285    -85600.2498         0.0000         0.0000     10592.9490        -125951.7607       299.2290   -136544.7096   -125920.0477       297.6297            218.0604       217.6571    180147.6302       -40.8508       -41.1144

WRITING EXTENDED SYSTEM TO RESTART FILE AT STEP 3920000
WRITING COORDINATES TO DCD FILE ../output/02_eq_2_CLKW.0.dcd AT STEP 3920000
WRITING COORDINATES TO RESTART FILE AT STEP 3920000
FINISHED WRITING RESTART COORDINATES
WRITING VELOCITIES TO RESTART FILE AT STEP 3920000
FINISHED WRITING RESTART VELOCITIES
PRESSURE: 3930000 2414.23 231.876 60.978 231.876 -1466.48 4.35992 60.979 4.36161 -138.992
GPRESSURE: 3930000 2344.89 260.07 71.8539 166.9 -1465.39 101.327 144.119 62.4021 -85.7246
PRESSAVG: 3930000 2000.77 46.1699 -51.8284 46.1699 -1957.76 5.56064 -51.8284 5.56064 -117.789
GPRESSAVG: 3930000 1986.42 68.1393 -49.5221 23.3952 -1960.94 12.591 -36.6518 1.33058 -101.155
TIMING: 3930000  CPU: 3500.88, 0.000886599/step  Wall: 3501.46, 0.000886883/step, 389.679 ns/days, 0.263601 hours remaining, 0.000000 MB of memory in use.
PERFORMANCE: 3930000  averaging 387.9 ns/day, 0.00089095 sec/step with standard deviation 2.23949e-06
ENERGY: 3930000        15.9551        40.6964        29.6916         1.5963         -51088.7492    -85313.8985         0.0000         0.0000     10546.0818        -125768.6265       297.9051   -136314.7083   -125916.5900       297.4603            269.5884       264.5912    180811.8207       -24.9276       -25.2275

WRITING EXTENDED SYSTEM TO RESTART FILE AT STEP 3930000
WRITING COORDINATES TO DCD FILE ../output/02_eq_2_CLKW.0.dcd AT STEP 3930000
WRITING COORDINATES TO RESTART FILE AT STEP 3930000
FINISHED WRITING RESTART COORDINATES
WRITING VELOCITIES TO RESTART FILE AT STEP 3930000
FINISHED WRITING RESTART VELOCITIES
PRESSURE: 3940000 2332.96 33.033 115.634 33.0344 -1653.49 47.7118 115.634 47.7122 588.102
GPRESSURE: 3940000 2372.45 -98.1024 115.65 78.3331 -1745.61 136.613 74.0877 7.98596 636.284
PRESSAVG: 3940000 2020.53 44.7636 -51.6716 44.7636 -1945.45 10.8402 -51.6716 10.8402 -79.4238
GPRESSAVG: 3940000 2008.15 61.0396 -51.39 26.846 -1950.47 27.39 -38.039 2.57968 -63.4561
TIMING: 3940000  CPU: 3509.76, 0.000887561/step  Wall: 3510.33, 0.000887601/step, 389.364 ns/days, 0.261349 hours remaining, 0.000000 MB of memory in use.
PERFORMANCE: 3940000  averaging 387.904 ns/day, 0.000890942 sec/step with standard deviation 2.24299e-06
ENERGY: 3940000        18.5182        50.4714        29.1765         1.2773         -51089.1209    -85322.4526         0.0000         0.0000     10564.4876        -125747.6425       298.4250   -136312.1301   -125908.9655       297.4756            422.5238       421.0409    180829.7238        -1.4482        -1.9252

WRITING EXTENDED SYSTEM TO RESTART FILE AT STEP 3940000
WRITING COORDINATES TO DCD FILE ../output/02_eq_2_CLKW.0.dcd AT STEP 3940000
WRITING COORDINATES TO RESTART FILE AT STEP 3940000
FINISHED WRITING RESTART COORDINATES
WRITING VELOCITIES TO RESTART FILE AT STEP 3940000
FINISHED WRITING RESTART VELOCITIES
PRESSURE: 3950000 1366.31 -83.8368 -32.9551 -83.8365 -2794.68 205.546 -32.9539 205.549 -403.969
GPRESSURE: 3950000 1400.7 45.5504 9.80024 -106.74 -2884.39 160.133 -86.577 101.477 -352.679
PRESSAVG: 3950000 1986.43 42.3165 -43.1046 42.3165 -2006.93 19.2572 -43.1046 19.2572 -118.909
GPRESSAVG: 3950000 1976.56 68.1824 -36.3291 22.9775 -2016.91 34.423 -38.218 1.34706 -100.189
TIMING: 3950000  CPU: 3518.63, 0.000886626/step  Wall: 3519.2, 0.000886745/step, 389.74 ns/days, 0.258634 hours remaining, 0.000000 MB of memory in use.
PERFORMANCE: 3950000  averaging 387.909 ns/day, 0.000890931 sec/step with standard deviation 2.25007e-06
ENERGY: 3950000        17.7016        44.5491        31.0357         2.3302         -51020.8096    -85511.6718         0.0000         0.0000     10695.4234        -125741.4414       302.1237   -136436.8648   -125894.6874       297.7100           -610.7792      -612.1217    179910.5261       -46.4683       -46.8463

WRITING EXTENDED SYSTEM TO RESTART FILE AT STEP 3950000
WRITING COORDINATES TO DCD FILE ../output/02_eq_2_CLKW.0.dcd AT STEP 3950000
WRITING COORDINATES TO RESTART FILE AT STEP 3950000
FINISHED WRITING RESTART COORDINATES
WRITING VELOCITIES TO RESTART FILE AT STEP 3950000
FINISHED WRITING RESTART VELOCITIES
PRESSURE: 3960000 1953.83 127.208 125.919 127.204 -1883.89 235.462 125.919 235.464 -685.416
GPRESSURE: 3960000 1891.55 81.7939 109.182 113.538 -1885.95 182.029 114.596 236.625 -622.703
PRESSAVG: 3960000 1975.57 45.0563 -19.8201 45.0563 -1996.09 37.6822 -19.8201 37.6822 -153.239
GPRESSAVG: 3960000 1964.32 63.6146 -18.8052 33.8028 -2006.86 43.6616 -10.7426 19.2953 -133.039
TIMING: 3960000  CPU: 3527.51, 0.000888147/step  Wall: 3528.08, 0.000888182/step, 389.109 ns/days, 0.256586 hours remaining, 0.000000 MB of memory in use.
PERFORMANCE: 3960000  averaging 387.912 ns/day, 0.000890924 sec/step with standard deviation 2.25147e-06
ENERGY: 3960000        13.4483        38.6246        25.7285         1.2914         -50915.8232    -85604.8380         0.0000         0.0000     10604.7626        -125836.8058       299.5627   -136441.5684   -125891.3287       297.9264           -205.1585      -205.7029    180656.7519       -57.9185       -58.5281

WRITING EXTENDED SYSTEM TO RESTART FILE AT STEP 3960000
WRITING COORDINATES TO DCD FILE ../output/02_eq_2_CLKW.0.dcd AT STEP 3960000
WRITING COORDINATES TO RESTART FILE AT STEP 3960000
FINISHED WRITING RESTART COORDINATES
WRITING VELOCITIES TO RESTART FILE AT STEP 3960000
FINISHED WRITING RESTART VELOCITIES
PRESSURE: 3970000 1698.12 211.372 118.182 211.372 -1880.15 40.5021 118.182 40.5036 -371.187
GPRESSURE: 3970000 1750.16 162.648 158.387 279.639 -1908.44 126.487 128.762 -44.3219 -409.302
PRESSAVG: 3970000 1980.29 38.0006 -32.5115 38.0006 -1964.16 41.8201 -32.5115 41.8201 -151.031
GPRESSAVG: 3970000 1972.01 49.642 -30.935 33.3644 -1978.62 53.9269 -20.0449 23.4427 -130.972
TIMING: 3970000  CPU: 3536.38, 0.000887502/step  Wall: 3536.96, 0.000887731/step, 389.307 ns/days, 0.25399 hours remaining, 0.000000 MB of memory in use.
PERFORMANCE: 3970000  averaging 387.915 ns/day, 0.000890916 sec/step with standard deviation 2.25433e-06
ENERGY: 3970000        11.4425        40.9675        33.1378         1.3184         -51064.0714    -85331.7284         0.0000         0.0000     10487.8568        -125821.0769       296.2603   -136308.9337   -125888.1740       297.8442           -184.4073      -189.1945    181714.2769       -44.9678       -45.8599

WRITING EXTENDED SYSTEM TO RESTART FILE AT STEP 3970000
WRITING COORDINATES TO DCD FILE ../output/02_eq_2_CLKW.0.dcd AT STEP 3970000
WRITING COORDINATES TO RESTART FILE AT STEP 3970000
FINISHED WRITING RESTART COORDINATES
WRITING VELOCITIES TO RESTART FILE AT STEP 3970000
FINISHED WRITING RESTART VELOCITIES
PRESSURE: 3980000 2005.93 30.6956 -34.9675 30.6959 -2551.56 64.3493 -34.9653 64.3489 -333.424
GPRESSURE: 3980000 1978.86 -14.0422 -49.5051 160.667 -2510.32 29.3429 -56.6366 123.742 -336.189
PRESSAVG: 3980000 2016.05 35.3471 -21.9276 35.3471 -1984.39 35.0515 -21.9276 35.0515 -147.798
GPRESSAVG: 3980000 2004.45 43.5668 -22.8831 39.7577 -1992.41 42.0619 -5.53393 20.4635 -131.161
TIMING: 3980000  CPU: 3545.26, 0.00088746/step  Wall: 3545.83, 0.000887447/step, 389.432 ns/days, 0.251443 hours remaining, 0.000000 MB of memory in use.
PERFORMANCE: 3980000  averaging 387.919 ns/day, 0.000890908 sec/step with standard deviation 2.25819e-06
ENERGY: 3980000        11.4069        49.9360        27.5185         0.6090         -51051.4896    -85482.8441         0.0000         0.0000     10534.3648        -125910.4985       297.5741   -136444.8633   -125894.2705       297.9247           -293.0192      -289.2170    180866.2647       -38.7143       -39.7076

WRITING EXTENDED SYSTEM TO RESTART FILE AT STEP 3980000
WRITING COORDINATES TO DCD FILE ../output/02_eq_2_CLKW.0.dcd AT STEP 3980000
WRITING COORDINATES TO RESTART FILE AT STEP 3980000
FINISHED WRITING RESTART COORDINATES
WRITING VELOCITIES TO RESTART FILE AT STEP 3980000
FINISHED WRITING RESTART VELOCITIES
PRESSURE: 3990000 1814.74 -186.766 -336.308 -186.764 -1969.67 -98.3506 -336.311 -98.3488 128.347
GPRESSURE: 3990000 1874.64 -196.549 -353.856 -301.122 -2035.21 -54.3355 -366.263 -277.843 148.295
PRESSAVG: 3990000 1986.51 19.4034 -46.5134 19.4034 -1997.68 38.4604 -46.5134 38.4604 -181.223
GPRESSAVG: 3990000 1977.52 26.1085 -50.8415 25.2328 -2008.31 39.6428 -37.4039 17.0213 -163.853
TIMING: 3990000  CPU: 3554.13, 0.000887308/step  Wall: 3554.71, 0.000887523/step, 389.398 ns/days, 0.248999 hours remaining, 0.000000 MB of memory in use.
PERFORMANCE: 3990000  averaging 387.923 ns/day, 0.000890899 sec/step with standard deviation 2.26171e-06
ENERGY: 3990000        15.8467        46.5813        31.4539         2.3969         -51065.7344    -85341.7729         0.0000         0.0000     10503.4733        -125807.7553       296.7015   -136311.2285   -125881.9371       297.9860             -8.8604        -4.0911    180609.3509       -64.1330       -64.8782

WRITING EXTENDED SYSTEM TO RESTART FILE AT STEP 3990000
WRITING COORDINATES TO DCD FILE ../output/02_eq_2_CLKW.0.dcd AT STEP 3990000
WRITING COORDINATES TO RESTART FILE AT STEP 3990000
FINISHED WRITING RESTART COORDINATES
WRITING VELOCITIES TO RESTART FILE AT STEP 3990000
FINISHED WRITING RESTART VELOCITIES
PRESSURE: 4000000 2065.7 140.384 -200.473 140.386 -1777.54 -245.135 -200.473 -245.134 328.825
GPRESSURE: 4000000 2111.55 97.6748 -448.78 216.362 -1758.91 -299.668 -19.3918 -263.255 256.309
PRESSAVG: 4000000 1955.28 37.1176 -51.2916 37.1176 -2022.99 9.23643 -51.2916 9.23643 -181.423
GPRESSAVG: 4000000 1946.53 42.1265 -69.8988 51.1163 -2030.64 8.93096 -34.5481 -17.3123 -167.539
TIMING: 4000000  CPU: 3562.99, 0.000886278/step  Wall: 3563.57, 0.00088631/step, 389.931 ns/days, 0.246197 hours remaining, 0.000000 MB of memory in use.
PERFORMANCE: 4000000  averaging 387.928 ns/day, 0.000890888 sec/step with standard deviation 2.27049e-06
ETITLE:      TS           BOND          ANGLE          DIHED          IMPRP               ELECT            VDW       BOUNDARY           MISC        KINETIC               TOTAL           TEMP      POTENTIAL       TOTALAVG        TEMPAVG            PRESSURE      GPRESSURE         VOLUME       PRESSAVG      GPRESSAVG

ENERGY: 4000000        12.2200        44.0060        27.2972         2.0993         -51358.5022    -85196.3349         0.0000         0.0000     10395.5586        -126073.6559       293.6531   -136469.2145   -125890.4326       297.7806            205.6615       202.9818    180863.4630       -83.0446       -83.8816

WRITING EXTENDED SYSTEM TO RESTART FILE AT STEP 4000000
WRITING COORDINATES TO DCD FILE ../output/02_eq_2_CLKW.0.dcd AT STEP 4000000
WRITING COORDINATES TO RESTART FILE AT STEP 4000000
FINISHED WRITING RESTART COORDINATES
WRITING VELOCITIES TO RESTART FILE AT STEP 4000000
FINISHED WRITING RESTART VELOCITIES
PRESSURE: 4010000 1659.53 -170.251 -114.947 -170.253 -1666.81 -460.941 -114.949 -460.941 162.143
GPRESSURE: 4010000 1689.76 -240.025 -111.015 -204.968 -1715.85 -410.458 -221.517 -529.775 190.153
PRESSAVG: 4010000 1976.38 14.5355 -57.257 14.5355 -1976.21 -14.2843 -57.257 -14.2843 -136.782
GPRESSAVG: 4010000 1970.61 11.771 -75.7638 30.367 -1987.49 -10.1074 -43.7138 -40.6928 -121.711
TIMING: 4010000  CPU: 3571.87, 0.000887441/step  Wall: 3572.45, 0.000887619/step, 389.356 ns/days, 0.244095 hours remaining, 0.000000 MB of memory in use.
PERFORMANCE: 4010000  averaging 387.931 ns/day, 0.000890879 sec/step with standard deviation 2.27352e-06
ENERGY: 4010000        14.5628        45.1677        34.3057         0.5841         -50739.9066    -85489.5749         0.0000         0.0000     10516.2208        -125618.6403       297.0616   -136134.8611   -125871.3772       297.8538             51.6208        54.6877    181472.9913       -45.5360       -46.1969

WRITING EXTENDED SYSTEM TO RESTART FILE AT STEP 4010000
WRITING COORDINATES TO DCD FILE ../output/02_eq_2_CLKW.0.dcd AT STEP 4010000
WRITING COORDINATES TO RESTART FILE AT STEP 4010000
FINISHED WRITING RESTART COORDINATES
WRITING VELOCITIES TO RESTART FILE AT STEP 4010000
FINISHED WRITING RESTART VELOCITIES
PRESSURE: 4020000 1594.99 462.218 423.688 462.216 -2591.88 -60.3857 423.688 -60.3866 466.07
GPRESSURE: 4020000 1597.69 440.762 309.21 445.736 -2596.36 -63.7631 414.747 -65.2179 478.627
PRESSAVG: 4020000 1943.73 40.459 -39.5101 40.459 -2023.93 -22.8968 -39.5101 -22.8968 -132.319
GPRESSAVG: 4020000 1940.4 32.6484 -65.2563 57.5467 -2033.4 -17.3691 -26.8581 -48.3606 -120.39
TIMING: 4020000  CPU: 3580.74, 0.000887629/step  Wall: 3581.32, 0.000887778/step, 389.286 ns/days, 0.241673 hours remaining, 0.000000 MB of memory in use.
PERFORMANCE: 4020000  averaging 387.935 ns/day, 0.000890872 sec/step with standard deviation 2.27595e-06
ENERGY: 4020000        19.4542        48.7340        25.4205         0.9113         -51409.9982    -85378.8300         0.0000         0.0000     10364.5037        -126329.8045       292.7759   -136694.3082   -125885.4262       297.7051           -176.9410      -173.3464    180459.0979       -70.8372       -71.1320

WRITING EXTENDED SYSTEM TO RESTART FILE AT STEP 4020000
WRITING COORDINATES TO DCD FILE ../output/02_eq_2_CLKW.0.dcd AT STEP 4020000
WRITING COORDINATES TO RESTART FILE AT STEP 4020000
FINISHED WRITING RESTART COORDINATES
WRITING VELOCITIES TO RESTART FILE AT STEP 4020000
FINISHED WRITING RESTART VELOCITIES
PRESSURE: 4030000 2017.18 24.3691 148.581 24.3697 -2214.48 42.3711 148.581 42.3694 112.035
GPRESSURE: 4030000 2002.52 110.826 168.698 -28.1842 -2181.53 111.652 61.3196 58.472 107.511
PRESSAVG: 4030000 1945.91 41.6814 -20.257 41.6814 -2040.75 -14.3418 -20.257 -14.3418 -129.13
GPRESSAVG: 4030000 1941.95 36.3262 -46.0577 52.1165 -2047.37 -5.7307 -13.3305 -35.9416 -118.41
TIMING: 4030000  CPU: 3589.61, 0.0008869/step  Wall: 3590.2, 0.000887089/step, 389.589 ns/days, 0.239021 hours remaining, 0.000000 MB of memory in use.
PERFORMANCE: 4030000  averaging 387.939 ns/day, 0.000890862 sec/step with standard deviation 2.28091e-06
ENERGY: 4030000        12.2394        44.6182        30.5521         2.7291         -50988.1152    -85440.4462         0.0000         0.0000     10568.6503        -125769.7723       298.5426   -136338.4226   -125876.7334       297.8065            -28.4229       -23.8328    181890.5623       -74.6561       -74.6117

WRITING EXTENDED SYSTEM TO RESTART FILE AT STEP 4030000
WRITING COORDINATES TO DCD FILE ../output/02_eq_2_CLKW.0.dcd AT STEP 4030000
WRITING COORDINATES TO RESTART FILE AT STEP 4030000
FINISHED WRITING RESTART COORDINATES
WRITING VELOCITIES TO RESTART FILE AT STEP 4030000
FINISHED WRITING RESTART VELOCITIES
PRESSURE: 4040000 874.312 -47.8938 107.056 -47.8916 -2410.39 -267.134 107.055 -267.132 -570.364
GPRESSURE: 4040000 942.659 3.11385 151.129 -86.4373 -2458.09 -213.885 105.213 -238.117 -579.324
PRESSAVG: 4040000 1899.14 43.6153 -10.4472 43.6153 -2053.17 -28.3356 -10.4472 -28.3356 -156.054
GPRESSAVG: 4040000 1896.96 44.6221 -34.4299 47.1665 -2062.71 -17.9349 -4.68552 -51.5104 -143.981
TIMING: 4040000  CPU: 3598.5, 0.000888493/step  Wall: 3599.08, 0.000888711/step, 388.878 ns/days, 0.23699 hours remaining, 0.000000 MB of memory in use.
PERFORMANCE: 4040000  averaging 387.941 ns/day, 0.000890857 sec/step with standard deviation 2.28059e-06
ENERGY: 4040000        18.8006        50.2013        25.4121         2.3413         -51378.6622    -85439.9198         0.0000         0.0000     10586.0150        -126135.8116       299.0331   -136721.8266   -125882.4609       297.8914           -702.1457      -698.2508    180670.2882      -103.3633      -103.2433

WRITING EXTENDED SYSTEM TO RESTART FILE AT STEP 4040000
WRITING COORDINATES TO DCD FILE ../output/02_eq_2_CLKW.0.dcd AT STEP 4040000
WRITING COORDINATES TO RESTART FILE AT STEP 4040000
FINISHED WRITING RESTART COORDINATES
WRITING VELOCITIES TO RESTART FILE AT STEP 4040000
FINISHED WRITING RESTART VELOCITIES
PRESSURE: 4050000 2373.8 31.2609 277.691 31.2626 -1414.19 -269.212 277.69 -269.213 -35.3804
GPRESSURE: 4050000 2352.09 28.4076 181.207 50.3734 -1378.65 -296.454 289.554 -140.133 -70.541
PRESSAVG: 4050000 1938.29 51.0811 5.35067 51.0811 -1994.6 -55.688 5.35067 -55.688 -129.689
GPRESSAVG: 4050000 1939.27 52.0081 -17.8112 56.8838 -2001.1 -44.3205 5.69842 -74.1858 -124.446
TIMING: 4050000  CPU: 3607.38, 0.000888698/step  Wall: 3607.97, 0.00088888/step, 388.804 ns/days, 0.234565 hours remaining, 0.000000 MB of memory in use.
PERFORMANCE: 4050000  averaging 387.943 ns/day, 0.000890852 sec/step with standard deviation 2.27989e-06
ENERGY: 4050000         9.1138        41.0344        33.2534         2.1496         -51144.4642    -85295.6468         0.0000         0.0000     10587.5702        -125766.9897       299.0770   -136354.5599   -125862.0360       298.0197            308.0759       300.9654    180882.2546       -61.9989       -62.0917

WRITING EXTENDED SYSTEM TO RESTART FILE AT STEP 4050000
WRITING COORDINATES TO DCD FILE ../output/02_eq_2_CLKW.0.dcd AT STEP 4050000
WRITING COORDINATES TO RESTART FILE AT STEP 4050000
FINISHED WRITING RESTART COORDINATES
WRITING VELOCITIES TO RESTART FILE AT STEP 4050000
FINISHED WRITING RESTART VELOCITIES
PRESSURE: 4060000 1955.52 -46.7482 30.131 -46.748 -1772.7 -137.34 30.1294 -137.34 1288.21
GPRESSURE: 4060000 1984.37 -32.6326 75.4095 18.1423 -1764.64 -138.58 -10.7442 -163.828 1259.33
PRESSAVG: 4060000 1929.17 36.2711 6.03804 36.2711 -1994.24 -59.154 6.03804 -59.154 -52.468
GPRESSAVG: 4060000 1931.67 34.8149 -16.3145 49.5305 -1999.65 -48.4908 5.96885 -77.6276 -49.2123
TIMING: 4060000  CPU: 3616.27, 0.000888691/step  Wall: 3616.86, 0.000888971/step, 388.764 ns/days, 0.23212 hours remaining, 0.000000 MB of memory in use.
PERFORMANCE: 4060000  averaging 387.945 ns/day, 0.000890847 sec/step with standard deviation 2.27898e-06
ENERGY: 4060000        20.2887        39.6983        27.7531         3.0056         -50940.4863    -85505.8789         0.0000         0.0000     10427.7764        -125927.8432       294.5632   -136355.6196   -125870.3097       297.6153            490.3402       493.0215    181383.9632       -39.1802       -39.0656

WRITING EXTENDED SYSTEM TO RESTART FILE AT STEP 4060000
WRITING COORDINATES TO DCD FILE ../output/02_eq_2_CLKW.0.dcd AT STEP 4060000
WRITING COORDINATES TO RESTART FILE AT STEP 4060000
FINISHED WRITING RESTART COORDINATES
WRITING VELOCITIES TO RESTART FILE AT STEP 4060000
FINISHED WRITING RESTART VELOCITIES
PRESSURE: 4070000 1806.34 183.856 -126.563 183.853 -1827.69 -75.2116 -126.561 -75.212 -156.619
GPRESSURE: 4070000 1784.34 158.264 -123.365 59.5157 -1785.49 -111.102 -101.172 3.95339 -178.371
PRESSAVG: 4070000 1942.49 41.3812 -9.82076 41.3812 -1989.64 -54.7175 -9.82076 -54.7175 -4.13848
GPRESSAVG: 4070000 1946.39 34.4252 -36.025 50.1012 -1994.96 -43.8273 -3.43563 -74.4783 -2.32428
TIMING: 4070000  CPU: 3625.17, 0.000889531/step  Wall: 3625.76, 0.000889694/step, 388.448 ns/days, 0.229838 hours remaining, 0.000000 MB of memory in use.
PERFORMANCE: 4070000  averaging 387.946 ns/day, 0.000890845 sec/step with standard deviation 2.27689e-06
ENERGY: 4070000        15.9847        40.9120        30.1046         0.5519         -51281.5160    -85328.3737         0.0000         0.0000     10497.8496        -126024.4869       296.5426   -136522.3365   -125885.1720       297.5836            -59.3243       -59.8402    180993.6927       -17.0970       -16.9627

WRITING EXTENDED SYSTEM TO RESTART FILE AT STEP 4070000
WRITING COORDINATES TO DCD FILE ../output/02_eq_2_CLKW.0.dcd AT STEP 4070000
WRITING COORDINATES TO RESTART FILE AT STEP 4070000
FINISHED WRITING RESTART COORDINATES
WRITING VELOCITIES TO RESTART FILE AT STEP 4070000
FINISHED WRITING RESTART VELOCITIES
PRESSURE: 4080000 2498.24 -128.481 64.3997 -128.481 -1836.57 -10.1743 64.3994 -10.1745 -81.6981
GPRESSURE: 4080000 2462.51 -237.673 133.66 -26.9962 -1844.99 95.82 63.2728 -116.491 -45.0533
PRESSAVG: 4080000 1931.39 32.2138 -1.20277 32.2138 -1994.1 -70.0099 -1.20277 -70.0099 19.1023
GPRESSAVG: 4080000 1931.55 20.0502 -21.6882 44.697 -2002.99 -57.0864 6.86275 -90.6208 28.0319
TIMING: 4080000  CPU: 3634.04, 0.0008878/step  Wall: 3634.64, 0.000887938/step, 389.216 ns/days, 0.226917 hours remaining, 0.000000 MB of memory in use.
PERFORMANCE: 4080000  averaging 387.95 ns/day, 0.000890838 sec/step with standard deviation 2.27864e-06
ENERGY: 4080000        15.6826        49.3716        30.4824         1.8356         -51285.4148    -85297.2768         0.0000         0.0000     10551.1315        -125934.1880       298.0477   -136485.3195   -125894.8582       297.6117            193.3266       190.8213    180244.5703       -14.5375       -14.4685

WRITING EXTENDED SYSTEM TO RESTART FILE AT STEP 4080000
WRITING COORDINATES TO DCD FILE ../output/02_eq_2_CLKW.0.dcd AT STEP 4080000
WRITING COORDINATES TO RESTART FILE AT STEP 4080000
FINISHED WRITING RESTART COORDINATES
WRITING VELOCITIES TO RESTART FILE AT STEP 4080000
FINISHED WRITING RESTART VELOCITIES
PRESSURE: 4090000 1923.69 -150.535 -80.9938 -150.536 -1649.27 -93.3729 -80.9925 -93.3747 941.332
GPRESSURE: 4090000 1905.82 -247.116 -157.54 -183.988 -1712.76 -81.9661 102.779 -76.2781 1033.95
PRESSAVG: 4090000 1947.88 25.4329 -6.53646 25.4329 -1968.68 -62.4813 -6.53646 -62.4813 61.2512
GPRESSAVG: 4090000 1948.82 9.22703 -26.1201 29.1468 -1981.78 -44.2678 5.1195 -82.6666 73.965
TIMING: 4090000  CPU: 3642.93, 0.000888758/step  Wall: 3643.53, 0.00088885/step, 388.817 ns/days, 0.224682 hours remaining, 0.000000 MB of memory in use.
PERFORMANCE: 4090000  averaging 387.952 ns/day, 0.000890833 sec/step with standard deviation 2.27797e-06
ENERGY: 4090000        21.0373        41.0920        24.9941         3.7048         -51435.1429    -85085.5863         0.0000         0.0000     10543.3507        -125886.5502       297.8279   -136429.9009   -125895.4530       297.7164            405.2525       409.0018    180422.9036        13.4832        13.6689

WRITING EXTENDED SYSTEM TO RESTART FILE AT STEP 4090000
WRITING COORDINATES TO DCD FILE ../output/02_eq_2_CLKW.0.dcd AT STEP 4090000
WRITING COORDINATES TO RESTART FILE AT STEP 4090000
FINISHED WRITING RESTART COORDINATES
WRITING VELOCITIES TO RESTART FILE AT STEP 4090000
FINISHED WRITING RESTART VELOCITIES
PRESSURE: 4100000 2119.18 11.9265 -172.904 11.9276 -1216.59 -119.03 -172.902 -119.03 824.107
GPRESSURE: 4100000 2111.04 37.9992 -11.5917 126.567 -1217.17 -52.4748 -301.129 -278.624 830.295
PRESSAVG: 4100000 1945.25 18.0949 -13.5396 18.0949 -1920.44 -80.1117 -13.5396 -80.1117 100.8
GPRESSAVG: 4100000 1947.68 3.72441 -21.8118 29.2635 -1936.44 -60.4388 -10.6287 -100.711 114.928
TIMING: 4100000  CPU: 3651.81, 0.000887443/step  Wall: 3652.4, 0.000887545/step, 389.389 ns/days, 0.221886 hours remaining, 0.000000 MB of memory in use.
PERFORMANCE: 4100000  averaging 387.955 ns/day, 0.000890825 sec/step with standard deviation 2.28097e-06
ETITLE:      TS           BOND          ANGLE          DIHED          IMPRP               ELECT            VDW       BOUNDARY           MISC        KINETIC               TOTAL           TEMP      POTENTIAL       TOTALAVG        TEMPAVG            PRESSURE      GPRESSURE         VOLUME       PRESSAVG      GPRESSAVG

ENERGY: 4100000        11.2083        48.7475        30.3121         2.0370         -51235.1730    -85299.8690         0.0000         0.0000     10545.2569        -125897.4802       297.8818   -136442.7371   -125892.3137       297.6562            575.5628       574.7209    181910.8022        41.8715        42.0580

WRITING EXTENDED SYSTEM TO RESTART FILE AT STEP 4100000
WRITING COORDINATES TO DCD FILE ../output/02_eq_2_CLKW.0.dcd AT STEP 4100000
WRITING COORDINATES TO RESTART FILE AT STEP 4100000
FINISHED WRITING RESTART COORDINATES
WRITING VELOCITIES TO RESTART FILE AT STEP 4100000
FINISHED WRITING RESTART VELOCITIES
PRESSURE: 4110000 2457.57 -199.678 44.1387 -199.679 -1743.01 82.9148 44.1421 82.9159 -189.223
GPRESSURE: 4110000 2405.65 -231.542 109.001 -338.657 -1719.21 139.035 28.8499 15.7721 -157.306
PRESSAVG: 4110000 1960.31 18.2521 -0.725452 18.2521 -1884.11 -72.2969 -0.725452 -72.2969 80.7179
GPRESSAVG: 4110000 1961.54 3.27405 -1.77147 21.8517 -1897.49 -47.3967 1.06751 -94.5319 93.4967
TIMING: 4110000  CPU: 3660.69, 0.000888263/step  Wall: 3661.29, 0.000888356/step, 389.033 ns/days, 0.219621 hours remaining, 0.000000 MB of memory in use.
PERFORMANCE: 4110000  averaging 387.958 ns/day, 0.000890819 sec/step with standard deviation 2.28144e-06
ENERGY: 4110000        20.1114        42.9812        27.4250         1.1468         -51129.9964    -85468.7410         0.0000         0.0000     10642.8790        -125864.1941       300.6394   -136507.0730   -125890.7512       297.6713            175.1115       176.3789    180526.8895        52.3033        52.5136

WRITING EXTENDED SYSTEM TO RESTART FILE AT STEP 4110000
WRITING COORDINATES TO DCD FILE ../output/02_eq_2_CLKW.0.dcd AT STEP 4110000
WRITING COORDINATES TO RESTART FILE AT STEP 4110000
FINISHED WRITING RESTART COORDINATES
WRITING VELOCITIES TO RESTART FILE AT STEP 4110000
FINISHED WRITING RESTART VELOCITIES
PRESSURE: 4120000 1096.16 -133.059 -89.3642 -133.057 -2835.2 -27.6428 -89.3644 -27.6414 -757.89
GPRESSURE: 4120000 1132.11 -62.2597 -37.972 -210.464 -2894.77 -121.048 -126.96 64.0231 -731.362
PRESSAVG: 4120000 1901.42 17.0476 16.3462 17.0476 -1957.81 -57.0352 16.3462 -57.0352 55.7503
GPRESSAVG: 4120000 1904.77 3.35839 14.9781 11.4109 -1973.19 -38.0647 11.8455 -75.9715 68.61
TIMING: 4120000  CPU: 3669.57, 0.000887745/step  Wall: 3670.16, 0.000887915/step, 389.227 ns/days, 0.217046 hours remaining, 0.000000 MB of memory in use.
PERFORMANCE: 4120000  averaging 387.961 ns/day, 0.000890812 sec/step with standard deviation 2.28315e-06
ENERGY: 4120000        15.6557        51.5936        27.2399         3.0756         -50903.2996    -85564.2926         0.0000         0.0000     10368.8338        -126001.1937       292.8982   -136370.0275   -125893.2229       297.3548           -832.3093      -831.3428    181519.7623        -0.2152         0.0636

WRITING EXTENDED SYSTEM TO RESTART FILE AT STEP 4120000
WRITING COORDINATES TO DCD FILE ../output/02_eq_2_CLKW.0.dcd AT STEP 4120000
WRITING COORDINATES TO RESTART FILE AT STEP 4120000
FINISHED WRITING RESTART COORDINATES
WRITING VELOCITIES TO RESTART FILE AT STEP 4120000
FINISHED WRITING RESTART VELOCITIES
PRESSURE: 4130000 2345.62 -133.128 -16.7092 -133.129 -1794.06 32.1009 -16.7094 32.1031 465.29
GPRESSURE: 4130000 2349.97 -200.127 -2.58278 -100.826 -1887.39 46.2406 -10.9525 17.445 560.815
PRESSAVG: 4130000 1897.99 -1.20269 12.4618 -1.20269 -1974.19 -55.6482 12.4618 -55.6482 85.9644
GPRESSAVG: 4130000 1905.02 -19.6514 11.2563 -1.97545 -1994.29 -40.819 4.09195 -78.2193 100.937
TIMING: 4130000  CPU: 3678.42, 0.000885753/step  Wall: 3679.02, 0.000885761/step, 390.173 ns/days, 0.214059 hours remaining, 0.000000 MB of memory in use.
PERFORMANCE: 4130000  averaging 387.966 ns/day, 0.000890799 sec/step with standard deviation 2.29388e-06
ENERGY: 4130000        15.3144        47.6998        28.4339         2.0108         -50889.9641    -85536.9121         0.0000         0.0000     10537.0878        -125796.3296       297.6510   -136333.4174   -125894.6080       297.3421            338.9504       341.1312    181133.1362         3.2529         3.8906

WRITING EXTENDED SYSTEM TO RESTART FILE AT STEP 4130000
WRITING COORDINATES TO DCD FILE ../output/02_eq_2_CLKW.0.dcd AT STEP 4130000
WRITING COORDINATES TO RESTART FILE AT STEP 4130000
FINISHED WRITING RESTART COORDINATES
WRITING VELOCITIES TO RESTART FILE AT STEP 4130000
FINISHED WRITING RESTART VELOCITIES
PRESSURE: 4140000 2383.46 -84.7062 118.23 -84.7075 -1583.66 349.438 118.23 349.439 528.311
GPRESSURE: 4140000 2355 -36.9572 119.693 -46.1574 -1575.39 402.712 213.308 340.479 544.867
PRESSAVG: 4140000 1900.51 -7.08978 12.5916 -7.08978 -1970.7 -40.5618 12.5916 -40.5618 82.9748
GPRESSAVG: 4140000 1904.15 -16.5942 11.4584 -8.19997 -1985.78 -27.5141 11.0529 -61.5947 96.3662
TIMING: 4140000  CPU: 3687.3, 0.000887819/step  Wall: 3687.9, 0.000888004/step, 389.187 ns/days, 0.212134 hours remaining, 0.000000 MB of memory in use.
PERFORMANCE: 4140000  averaging 387.969 ns/day, 0.000890793 sec/step with standard deviation 2.29521e-06
ENERGY: 4140000        11.5045        51.1919        29.2776         1.3056         -51080.7430    -85545.5522         0.0000         0.0000     10625.1763        -125907.8392       300.1393   -136533.0155   -125902.6179       297.4278            442.7035       441.4909    181063.3013         4.2619         4.9131

WRITING EXTENDED SYSTEM TO RESTART FILE AT STEP 4140000
WRITING COORDINATES TO DCD FILE ../output/02_eq_2_CLKW.0.dcd AT STEP 4140000
WRITING COORDINATES TO RESTART FILE AT STEP 4140000
FINISHED WRITING RESTART COORDINATES
WRITING VELOCITIES TO RESTART FILE AT STEP 4140000
FINISHED WRITING RESTART VELOCITIES
PRESSURE: 4150000 1656.78 -174.122 20.6275 -174.125 -2132.44 21.1422 20.6275 21.1417 482.345
GPRESSURE: 4150000 1526.44 -102.956 69.5657 -251.457 -2002.65 37.4775 16.5995 59.4528 474.895
PRESSAVG: 4150000 1915.03 -11.6042 15.2707 -11.6042 -1937.59 -49.7822 15.2707 -49.7822 127.291
GPRESSAVG: 4150000 1910.44 -24.0195 14.4467 -15.4358 -1941.69 -33.6469 16.2118 -63.6959 137.745
TIMING: 4150000  CPU: 3696.17, 0.000887136/step  Wall: 3696.78, 0.000887318/step, 389.488 ns/days, 0.209506 hours remaining, 0.000000 MB of memory in use.
PERFORMANCE: 4150000  averaging 387.973 ns/day, 0.000890784 sec/step with standard deviation 2.29877e-06
ENERGY: 4150000        18.2318        46.0153        23.2629         1.3841         -51135.1307    -85299.6009         0.0000         0.0000     10503.6349        -125842.2027       296.7060   -136345.8376   -125907.6559       297.1569              2.2289        -0.4392    181289.1738        34.9123        35.4972

WRITING EXTENDED SYSTEM TO RESTART FILE AT STEP 4150000
WRITING COORDINATES TO DCD FILE ../output/02_eq_2_CLKW.0.dcd AT STEP 4150000
WRITING COORDINATES TO RESTART FILE AT STEP 4150000
FINISHED WRITING RESTART COORDINATES
WRITING VELOCITIES TO RESTART FILE AT STEP 4150000
FINISHED WRITING RESTART VELOCITIES
PRESSURE: 4160000 2013.98 -9.78859 -25.906 -9.78767 -1787.02 -91.9983 -25.9049 -91.9973 150.907
GPRESSURE: 4160000 2054.44 -60.7472 -81.0036 46.7375 -1826.53 -68.4069 36.9735 -191.695 157.305
PRESSAVG: 4160000 1918.04 -18.4538 7.6795 -18.4538 -1932.75 -66.1552 7.6795 -66.1552 169.107
GPRESSAVG: 4160000 1918.58 -31.1466 4.93744 -18.7759 -1938.72 -46.1687 12.3307 -85.1119 176.745
TIMING: 4160000  CPU: 3705.06, 0.000888856/step  Wall: 3705.66, 0.000888885/step, 388.802 ns/days, 0.207406 hours remaining, 0.000000 MB of memory in use.
PERFORMANCE: 4160000  averaging 387.975 ns/day, 0.00089078 sec/step with standard deviation 2.29789e-06
ENERGY: 4160000        14.2361        38.1208        30.6727         0.6874         -51199.2451    -85443.6279         0.0000         0.0000     10564.8367        -125994.3191       298.4349   -136559.1558   -125915.5316       297.1006            125.9551       128.4049    180368.8643        51.4680        52.2026

WRITING EXTENDED SYSTEM TO RESTART FILE AT STEP 4160000
WRITING COORDINATES TO DCD FILE ../output/02_eq_2_CLKW.0.dcd AT STEP 4160000
WRITING COORDINATES TO RESTART FILE AT STEP 4160000
FINISHED WRITING RESTART COORDINATES
WRITING VELOCITIES TO RESTART FILE AT STEP 4160000
FINISHED WRITING RESTART VELOCITIES
PRESSURE: 4170000 1323.17 258.464 165.265 258.463 -1932.92 -285.895 165.267 -285.896 190.712
GPRESSURE: 4170000 1337.95 266.179 120.162 181.803 -1902.2 -324.391 114.441 -179.644 151.578
PRESSAVG: 4170000 1899.29 -16.0992 10.0338 -16.0992 -1935.38 -82.4752 10.0338 -82.4752 197.202
GPRESSAVG: 4170000 1897.97 -25.97 3.02621 -23.6677 -1938.41 -68.7126 11.6146 -91.878 204.789
TIMING: 4170000  CPU: 3713.97, 0.000891003/step  Wall: 3714.58, 0.000891197/step, 387.793 ns/days, 0.20547 hours remaining, 0.000000 MB of memory in use.
PERFORMANCE: 4170000  averaging 387.974 ns/day, 0.000890781 sec/step with standard deviation 2.29522e-06
ENERGY: 4170000        18.4764        41.4498        33.5187         0.3601         -50963.9921    -85506.9145         0.0000         0.0000     10528.7763        -125848.3253       297.4162   -136377.1016   -125916.8940       297.1583           -139.6792      -137.5598    180862.7444        53.7044        54.7843

WRITING EXTENDED SYSTEM TO RESTART FILE AT STEP 4170000
WRITING COORDINATES TO DCD FILE ../output/02_eq_2_CLKW.0.dcd AT STEP 4170000
WRITING COORDINATES TO RESTART FILE AT STEP 4170000
FINISHED WRITING RESTART COORDINATES
WRITING VELOCITIES TO RESTART FILE AT STEP 4170000
FINISHED WRITING RESTART VELOCITIES
PRESSURE: 4180000 2337.14 151.521 324.433 151.52 -1673.48 -41.8727 324.43 -41.8735 43.4948
GPRESSURE: 4180000 2338.19 216.612 251.53 234.821 -1727.42 6.67593 407.007 8.15724 99.9382
PRESSAVG: 4180000 1915.86 -10.058 28.0036 -10.058 -1891.48 -87.7863 28.0036 -87.7863 216.048
GPRESSAVG: 4180000 1915.94 -14.4373 18.078 -19.96 -1899.26 -69.8459 34.7968 -97.6572 226.596
TIMING: 4180000  CPU: 3722.87, 0.000890033/step  Wall: 3723.48, 0.000890179/step, 388.236 ns/days, 0.202763 hours remaining, 0.000000 MB of memory in use.
PERFORMANCE: 4180000  averaging 387.975 ns/day, 0.000890779 sec/step with standard deviation 2.29265e-06
ENERGY: 4180000        17.2551        43.2096        29.0311         0.7099         -51058.9048    -85398.3466         0.0000         0.0000     10523.5005        -125843.5452       297.2672   -136367.0457   -125913.5463       297.1430            235.7171       236.9032    179847.8026        80.1412        81.0903

WRITING EXTENDED SYSTEM TO RESTART FILE AT STEP 4180000
WRITING COORDINATES TO DCD FILE ../output/02_eq_2_CLKW.0.dcd AT STEP 4180000
WRITING COORDINATES TO RESTART FILE AT STEP 4180000
FINISHED WRITING RESTART COORDINATES
WRITING VELOCITIES TO RESTART FILE AT STEP 4180000
FINISHED WRITING RESTART VELOCITIES
PRESSURE: 4190000 1356.23 -436.464 53.3629 -436.462 -2176.85 -281.936 53.3608 -281.935 -190.308
GPRESSURE: 4190000 1361.44 -339.237 25.4809 -475.56 -2130.02 -185.148 -8.95355 -370.749 -225.93
PRESSAVG: 4190000 1892.93 -22.5429 47.4872 -22.5429 -1901.84 -96.9656 47.4872 -96.9656 200.115
GPRESSAVG: 4190000 1890.28 -21.5717 37.0448 -28.6818 -1904 -76.3866 52.6623 -102.303 207.884
TIMING: 4190000  CPU: 3731.78, 0.000890538/step  Wall: 3732.38, 0.000890698/step, 388.01 ns/days, 0.200407 hours remaining, 0.000000 MB of memory in use.
PERFORMANCE: 4190000  averaging 387.975 ns/day, 0.000890779 sec/step with standard deviation 2.28991e-06
ENERGY: 4190000        14.4874        47.1661        29.7997         2.4668         -50784.9367    -85601.3874         0.0000         0.0000     10548.2322        -125744.1720       297.9658   -136292.4042   -125910.3672       297.2062           -336.9778      -331.5041    181085.1221        63.7353        64.7197

WRITING EXTENDED SYSTEM TO RESTART FILE AT STEP 4190000
WRITING COORDINATES TO DCD FILE ../output/02_eq_2_CLKW.0.dcd AT STEP 4190000
WRITING COORDINATES TO RESTART FILE AT STEP 4190000
FINISHED WRITING RESTART COORDINATES
WRITING VELOCITIES TO RESTART FILE AT STEP 4190000
FINISHED WRITING RESTART VELOCITIES
PRESSURE: 4200000 1702.16 94.9401 -153.746 94.9369 -2484.54 129.846 -153.747 129.847 -854.213
GPRESSURE: 4200000 1693.98 171.306 -240.504 46.9441 -2507.55 109.172 -170.327 181.54 -821.25
PRESSAVG: 4200000 1874.75 -24.8154 49.8234 -24.8154 -1937.19 -78.2165 49.8234 -78.2165 140.963
GPRESSAVG: 4200000 1869.4 -17.8901 47.4586 -37.1528 -1941.43 -55.9446 45.1155 -80.0628 154.006
TIMING: 4200000  CPU: 3740.69, 0.00089138/step  Wall: 3741.3, 0.000891455/step, 387.681 ns/days, 0.198101 hours remaining, 0.000000 MB of memory in use.
PERFORMANCE: 4200000  averaging 387.974 ns/day, 0.000890781 sec/step with standard deviation 2.28742e-06
ETITLE:      TS           BOND          ANGLE          DIHED          IMPRP               ELECT            VDW       BOUNDARY           MISC        KINETIC               TOTAL           TEMP      POTENTIAL       TOTALAVG        TEMPAVG            PRESSURE      GPRESSURE         VOLUME       PRESSAVG      GPRESSAVG

ENERGY: 4200000        14.6128        43.4459        28.9634         2.2937         -50975.9490    -85556.6442         0.0000         0.0000     10630.4235        -125812.8538       300.2875   -136443.2773   -125897.3271       297.5379           -545.5336      -544.9373    181975.9431        26.1756        27.3237

WRITING EXTENDED SYSTEM TO RESTART FILE AT STEP 4200000
WRITING COORDINATES TO DCD FILE ../output/02_eq_2_CLKW.0.dcd AT STEP 4200000
WRITING COORDINATES TO RESTART FILE AT STEP 4200000
FINISHED WRITING RESTART COORDINATES
WRITING VELOCITIES TO RESTART FILE AT STEP 4200000
FINISHED WRITING RESTART VELOCITIES
PRESSURE: 4210000 2010.8 211.858 31.0655 211.859 -1661.62 126.126 31.0662 126.127 729.461
GPRESSURE: 4210000 2068.88 199.722 151.646 220.587 -1709.58 143.6 82.764 117.061 723.049
PRESSAVG: 4210000 1892.32 -5.70976 57.1242 -5.70976 -1936.93 -48.8632 57.1242 -48.8632 169.329
GPRESSAVG: 4210000 1888.35 4.09721 60.5917 -15.875 -1941.12 -28.2417 60.3295 -47.721 180.651
TIMING: 4210000  CPU: 3749.59, 0.000890228/step  Wall: 3750.2, 0.0008904/step, 388.14 ns/days, 0.195393 hours remaining, 0.000000 MB of memory in use.
PERFORMANCE: 4210000  averaging 387.975 ns/day, 0.00089078 sec/step with standard deviation 2.28477e-06
ENERGY: 4210000        21.9291        49.6302        29.2336         0.9222         -51075.5744    -85365.6897         0.0000         0.0000     10474.0493        -125865.4996       295.8703   -136339.5489   -125909.6700       297.4784            359.5486       360.7856    180977.1727        41.5720        42.6286

WRITING EXTENDED SYSTEM TO RESTART FILE AT STEP 4210000
WRITING COORDINATES TO DCD FILE ../output/02_eq_2_CLKW.0.dcd AT STEP 4210000
WRITING COORDINATES TO RESTART FILE AT STEP 4210000
FINISHED WRITING RESTART COORDINATES
WRITING VELOCITIES TO RESTART FILE AT STEP 4210000
FINISHED WRITING RESTART VELOCITIES
PRESSURE: 4220000 1977.8 25.5336 154.47 25.529 -1723.49 -141.143 154.471 -141.145 355.065
GPRESSURE: 4220000 1998.48 -71.7212 9.84292 31.0076 -1703.66 -131.55 261.206 -181.915 311.786
PRESSAVG: 4220000 1911.46 -27.5441 43.6633 -27.5441 -1893.51 -52.9011 43.6633 -52.9011 163.779
GPRESSAVG: 4220000 1908.39 -21.5269 45.6233 -36.6114 -1896.48 -31.631 52.6524 -53.5559 172.309
TIMING: 4220000  CPU: 3758.5, 0.000890245/step  Wall: 3759.11, 0.000890366/step, 388.155 ns/days, 0.192913 hours remaining, 0.000000 MB of memory in use.
PERFORMANCE: 4220000  averaging 387.975 ns/day, 0.000890779 sec/step with standard deviation 2.28214e-06
ENERGY: 4220000        18.6991        40.0960        29.7362         1.7249         -51298.0578    -85367.9557         0.0000         0.0000     10400.0643        -126175.6931       293.7804   -136575.7574   -125901.9645       297.5286            203.1245       202.2006    180861.8456        60.5752        61.4060

WRITING EXTENDED SYSTEM TO RESTART FILE AT STEP 4220000
WRITING COORDINATES TO DCD FILE ../output/02_eq_2_CLKW.0.dcd AT STEP 4220000
WRITING COORDINATES TO RESTART FILE AT STEP 4220000
FINISHED WRITING RESTART COORDINATES
WRITING VELOCITIES TO RESTART FILE AT STEP 4220000
FINISHED WRITING RESTART VELOCITIES
PRESSURE: 4230000 1726.87 182.999 53.156 182.998 -1511.81 -72.9167 53.156 -72.918 703.158
GPRESSURE: 4230000 1744.64 -41.8034 41.3196 312.431 -1519.48 -14.9983 -28.5951 -44.4732 683.948
PRESSAVG: 4230000 1896.94 -19.6127 38.8921 -19.6127 -1858.38 -58.6655 38.8921 -58.6655 193.335
GPRESSAVG: 4230000 1895.5 -29.1584 39.2544 -19.5807 -1863.38 -37.9636 48.1567 -58.7032 201.131
TIMING: 4230000  CPU: 3767.39, 0.000889132/step  Wall: 3768, 0.000889345/step, 388.601 ns/days, 0.190221 hours remaining, 0.000000 MB of memory in use.
PERFORMANCE: 4230000  averaging 387.977 ns/day, 0.000890775 sec/step with standard deviation 2.2805e-06
ENERGY: 4230000        13.1778        45.1209        31.3507         1.2532         -50994.9213    -85398.6778         0.0000         0.0000     10547.0722        -125755.6243       297.9330   -136302.6966   -125901.2571       297.4981            306.0717       303.0386    181262.1527        77.3000        77.7495

WRITING EXTENDED SYSTEM TO RESTART FILE AT STEP 4230000
WRITING COORDINATES TO DCD FILE ../output/02_eq_2_CLKW.0.dcd AT STEP 4230000
WRITING COORDINATES TO RESTART FILE AT STEP 4230000
FINISHED WRITING RESTART COORDINATES
WRITING VELOCITIES TO RESTART FILE AT STEP 4230000
FINISHED WRITING RESTART VELOCITIES
PRESSURE: 4240000 1890.16 -249.429 -7.56716 -249.429 -2035.17 -265.424 -7.56507 -265.424 321.086
GPRESSURE: 4240000 1871.84 -271.134 -51.3286 -158.926 -2054.17 -248.261 149.779 -270.008 366.097
PRESSAVG: 4240000 1947.73 -29.6895 33.1611 -29.6895 -1839.61 -58.58 33.1611 -58.58 237.907
GPRESSAVG: 4240000 1941.96 -42.8708 29.1315 -23.2051 -1843.19 -39.6824 50.385 -60.2977 248.402
TIMING: 4240000  CPU: 3776.31, 0.000892469/step  Wall: 3776.93, 0.000892505/step, 387.225 ns/days, 0.188418 hours remaining, 0.000000 MB of memory in use.
PERFORMANCE: 4240000  averaging 387.975 ns/day, 0.000890779 sec/step with standard deviation 2.27935e-06
ENERGY: 4240000        20.3482        52.0137        29.0343         2.6450         -51094.2604    -85521.3711         0.0000         0.0000     10580.0571        -125931.5332       298.8648   -136511.5903   -125891.0432       297.4897             58.6917        61.2565    180705.6466       115.3418       115.7249

WRITING EXTENDED SYSTEM TO RESTART FILE AT STEP 4240000
WRITING COORDINATES TO DCD FILE ../output/02_eq_2_CLKW.0.dcd AT STEP 4240000
WRITING COORDINATES TO RESTART FILE AT STEP 4240000
FINISHED WRITING RESTART COORDINATES
WRITING VELOCITIES TO RESTART FILE AT STEP 4240000
FINISHED WRITING RESTART VELOCITIES
PRESSURE: 4250000 1327.73 156.11 259.095 156.111 -2296.21 35.1755 259.095 35.1739 740.895
GPRESSURE: 4250000 1332.97 275.054 307.195 187.356 -2232.24 -57.7203 236.013 63.2087 667.329
PRESSAVG: 4250000 1895.43 -23.4471 32.2313 -23.4471 -1883.72 -43.3606 32.2313 -43.3606 276.721
GPRESSAVG: 4250000 1891 -30.5385 35.4309 -16.356 -1885.87 -27.7457 47.708 -50.1306 285.296
TIMING: 4250000  CPU: 3785.23, 0.000891962/step  Wall: 3785.85, 0.000891988/step, 387.449 ns/days, 0.185831 hours remaining, 0.000000 MB of memory in use.
PERFORMANCE: 4250000  averaging 387.974 ns/day, 0.000890782 sec/step with standard deviation 2.27742e-06
ENERGY: 4250000        13.0927        40.4880        28.7338         0.7462         -50912.7540    -85500.5055         0.0000         0.0000     10486.0442        -125844.1546       296.2091   -136330.1988   -125894.9014       297.3463            -75.8612       -77.3147    181485.3910        96.1450        96.8109

WRITING EXTENDED SYSTEM TO RESTART FILE AT STEP 4250000
WRITING COORDINATES TO DCD FILE ../output/02_eq_2_CLKW.0.dcd AT STEP 4250000
WRITING COORDINATES TO RESTART FILE AT STEP 4250000
FINISHED WRITING RESTART COORDINATES
WRITING VELOCITIES TO RESTART FILE AT STEP 4250000
FINISHED WRITING RESTART VELOCITIES
PRESSURE: 4260000 2374.37 337.987 119.753 337.986 -1505.08 252.931 119.755 252.93 118.331
GPRESSURE: 4260000 2301.53 189.266 64.0735 338.4 -1533.88 266.346 187.293 171.217 213.951
PRESSAVG: 4260000 1916.37 -4.21039 36.7126 -4.21039 -1870.33 -23.8471 36.7126 -23.8471 218.227
GPRESSAVG: 4260000 1906.86 -19.4436 34.8641 -0.343088 -1874.33 -7.49934 57.6098 -33.3784 233.026
TIMING: 4260000  CPU: 3794.15, 0.000891468/step  Wall: 3794.76, 0.000891417/step, 387.697 ns/days, 0.183236 hours remaining, 0.000000 MB of memory in use.
PERFORMANCE: 4260000  averaging 387.973 ns/day, 0.000890784 sec/step with standard deviation 2.27494e-06
ENERGY: 4260000        13.1814        41.5348        27.8851         0.5364         -51117.4978    -85366.2152         0.0000         0.0000     10619.3259        -125781.2493       299.9741   -136400.5753   -125887.5717       297.6169            329.2073       327.2010    181005.3562        88.0883        88.5199

WRITING EXTENDED SYSTEM TO RESTART FILE AT STEP 4260000
WRITING COORDINATES TO DCD FILE ../output/02_eq_2_CLKW.0.dcd AT STEP 4260000
WRITING COORDINATES TO RESTART FILE AT STEP 4260000
FINISHED WRITING RESTART COORDINATES
WRITING VELOCITIES TO RESTART FILE AT STEP 4260000
FINISHED WRITING RESTART VELOCITIES
PRESSURE: 4270000 1528.28 -18.8584 -126.668 -18.8589 -2635.73 263.753 -126.669 263.753 87.0115
GPRESSURE: 4270000 1491.55 -165.744 -70.6039 26.7801 -2600.61 321.217 -176.971 326.642 106.906
PRESSAVG: 4270000 1902.47 -14.346 36.7072 -14.346 -1910.74 -6.89891 36.7072 -6.89891 230.409
GPRESSAVG: 4270000 1892.22 -35.644 37.5022 -1.97987 -1915.08 14.1166 53.8199 -17.244 247.29
TIMING: 4270000  CPU: 3803.07, 0.000892036/step  Wall: 3803.68, 0.000892261/step, 387.331 ns/days, 0.180931 hours remaining, 0.000000 MB of memory in use.
PERFORMANCE: 4270000  averaging 387.971 ns/day, 0.000890787 sec/step with standard deviation 2.2734e-06
ENERGY: 4270000        11.5921        48.0925        31.9579         2.6000         -51020.9888    -85401.0706         0.0000         0.0000     10596.3452        -125731.4717       299.3249   -136327.8168   -125872.9209       297.7560           -340.1477      -334.0494    180816.9984        74.0472        74.8094

WRITING EXTENDED SYSTEM TO RESTART FILE AT STEP 4270000
WRITING COORDINATES TO DCD FILE ../output/02_eq_2_CLKW.0.dcd AT STEP 4270000
WRITING COORDINATES TO RESTART FILE AT STEP 4270000
FINISHED WRITING RESTART COORDINATES
WRITING VELOCITIES TO RESTART FILE AT STEP 4270000
FINISHED WRITING RESTART VELOCITIES
PRESSURE: 4280000 1946.95 142.131 103.466 142.131 -2524.69 401.629 103.467 401.628 -683.923
GPRESSURE: 4280000 1949.45 94.947 186.457 160.31 -2541.53 384.864 -91.1351 310.965 -678.23
PRESSAVG: 4280000 1874.91 -0.815409 38.6606 -0.815409 -1945.14 13.6912 38.6606 13.6912 200.297
GPRESSAVG: 4280000 1866.57 -19.013 40.142 7.38545 -1949.91 28.5688 46.0995 4.12881 215.631
TIMING: 4280000  CPU: 3811.98, 0.000891035/step  Wall: 3812.59, 0.000891172/step, 387.804 ns/days, 0.178234 hours remaining, 0.000000 MB of memory in use.
PERFORMANCE: 4280000  averaging 387.971 ns/day, 0.000890788 sec/step with standard deviation 2.27081e-06
ENERGY: 4280000        20.0285        55.5781        32.4156         2.5044         -51406.1359    -85436.4174         0.0000         0.0000     10643.7844        -126088.2424       300.6650   -136732.0268   -125880.6237       297.8868           -420.5531      -423.4352    180601.1230        43.3532        44.0966

WRITING EXTENDED SYSTEM TO RESTART FILE AT STEP 4280000
WRITING COORDINATES TO DCD FILE ../output/02_eq_2_CLKW.0.dcd AT STEP 4280000
WRITING COORDINATES TO RESTART FILE AT STEP 4280000
FINISHED WRITING RESTART COORDINATES
WRITING VELOCITIES TO RESTART FILE AT STEP 4280000
FINISHED WRITING RESTART VELOCITIES
PRESSURE: 4290000 2382.78 -102.8 -33.3636 -102.803 -1853.13 120.93 -33.3636 120.93 29.7357
GPRESSURE: 4290000 2299.02 -62.3612 -25.2481 -132.231 -1792.38 121.68 -138.731 81.1584 32.0234
PRESSAVG: 4290000 1897.86 1.57125 41.0421 1.57125 -1955.34 24.4065 41.0421 24.4065 154.718
GPRESSAVG: 4290000 1886.23 -9.77527 46.7566 9.97332 -1953.89 38.7511 34.024 12.0006 165.535
TIMING: 4290000  CPU: 3820.9, 0.000892105/step  Wall: 3821.52, 0.000892336/step, 387.298 ns/days, 0.175988 hours remaining, 0.000000 MB of memory in use.
PERFORMANCE: 4290000  averaging 387.969 ns/day, 0.000890792 sec/step with standard deviation 2.26938e-06
ENERGY: 4290000        22.3544        42.3532        34.4268         3.1292         -50763.3233    -85460.0026         0.0000         0.0000     10637.0379        -125484.0244       300.4744   -136121.0623   -125860.4974       298.0192            186.4633       179.5543    181552.9596        32.4137        32.6242

WRITING EXTENDED SYSTEM TO RESTART FILE AT STEP 4290000
WRITING COORDINATES TO DCD FILE ../output/02_eq_2_CLKW.0.dcd AT STEP 4290000
WRITING COORDINATES TO RESTART FILE AT STEP 4290000
FINISHED WRITING RESTART COORDINATES
WRITING VELOCITIES TO RESTART FILE AT STEP 4290000
FINISHED WRITING RESTART VELOCITIES
PRESSURE: 4300000 2329.02 -162.623 -82.3998 -162.623 -2269.79 282.447 -82.3995 282.446 -335.261
GPRESSURE: 4300000 2367.76 -213.458 -13.4393 -18.1414 -2301.91 207.487 -189.107 346.204 -358.263
PRESSAVG: 4300000 1908.35 -7.1563 45.5672 -7.1563 -2008 44.4803 45.5672 44.4803 96.7492
GPRESSAVG: 4300000 1899.06 -22.3481 46.6643 2.73791 -2008.13 51.7492 39.6251 43.242 106.107
TIMING: 4300000  CPU: 3829.83, 0.000893139/step  Wall: 3830.45, 0.000893275/step, 386.891 ns/days, 0.173692 hours remaining, 0.000000 MB of memory in use.
PERFORMANCE: 4300000  averaging 387.967 ns/day, 0.000890798 sec/step with standard deviation 2.2699e-06
ETITLE:      TS           BOND          ANGLE          DIHED          IMPRP               ELECT            VDW       BOUNDARY           MISC        KINETIC               TOTAL           TEMP      POTENTIAL       TOTALAVG        TEMPAVG            PRESSURE      GPRESSURE         VOLUME       PRESSAVG      GPRESSAVG

ENERGY: 4300000        16.7219        43.8111        33.2079         1.5467         -51013.8187    -85491.8099         0.0000         0.0000     10649.4120        -125760.9289       300.8239   -136410.3409   -125853.6698       298.1663            -92.0108       -97.4686    180295.2080        -0.9650        -0.9853

WRITING EXTENDED SYSTEM TO RESTART FILE AT STEP 4300000
WRITING COORDINATES TO DCD FILE ../output/02_eq_2_CLKW.0.dcd AT STEP 4300000
WRITING COORDINATES TO RESTART FILE AT STEP 4300000
FINISHED WRITING RESTART COORDINATES
WRITING VELOCITIES TO RESTART FILE AT STEP 4300000
FINISHED WRITING RESTART VELOCITIES
PRESSURE: 4310000 2226.25 99.3238 165.663 99.327 -2023.38 -16.2035 165.661 -16.2037 732.643
GPRESSURE: 4310000 2185.49 83.6653 249.704 -1.85295 -1999.44 113.272 166.582 -111.681 751.751
PRESSAVG: 4310000 1896.79 7.79399 51.6432 7.79399 -2022.01 39.5243 51.6432 39.5243 142.842
GPRESSAVG: 4310000 1888.06 -6.58773 53.6994 19.5781 -2022.14 50.461 46.5117 36.8694 151.56
TIMING: 4310000  CPU: 3838.76, 0.000893006/step  Wall: 3839.38, 0.000893206/step, 386.921 ns/days, 0.171198 hours remaining, 0.000000 MB of memory in use.
PERFORMANCE: 4310000  averaging 387.965 ns/day, 0.000890803 sec/step with standard deviation 2.27023e-06
ENERGY: 4310000        25.4251        51.4888        35.5374         2.4356         -51270.6918    -85430.4251         0.0000         0.0000     10561.8053        -126024.4248       298.3492   -136586.2301   -125861.6813       298.0518            311.8383       312.5988    180283.3728         5.8714         5.8257

WRITING EXTENDED SYSTEM TO RESTART FILE AT STEP 4310000
WRITING COORDINATES TO DCD FILE ../output/02_eq_2_CLKW.0.dcd AT STEP 4310000
WRITING COORDINATES TO RESTART FILE AT STEP 4310000
FINISHED WRITING RESTART COORDINATES
WRITING VELOCITIES TO RESTART FILE AT STEP 4310000
FINISHED WRITING RESTART VELOCITIES
PRESSURE: 4320000 2103.88 44.324 -92.5322 44.3263 -1930.56 94.4422 -92.5333 94.4399 -300.004
GPRESSURE: 4320000 2192.41 76.4114 -181.66 29.6639 -1994.67 277.193 -147.823 15.3494 -328.451
PRESSAVG: 4320000 1947.17 16.6632 51.4847 16.6632 -1976.78 45.6283 51.4847 45.6283 165.737
GPRESSAVG: 4320000 1941.07 0.345825 46.515 31.5845 -1977.13 70.3731 45.4685 34.4357 171.706
TIMING: 4320000  CPU: 3847.69, 0.000893046/step  Wall: 3848.31, 0.000893207/step, 386.92 ns/days, 0.168717 hours remaining, 0.000000 MB of memory in use.
PERFORMANCE: 4320000  averaging 387.962 ns/day, 0.000890809 sec/step with standard deviation 2.27054e-06
ENERGY: 4320000        19.3368        45.0698        32.1741         0.1760         -51002.4527    -85481.2973         0.0000         0.0000     10555.2959        -125831.6974       298.1653   -136386.9933   -125853.2065       298.3151            -42.2276       -43.5719    181869.2014        45.3755        45.2143

WRITING EXTENDED SYSTEM TO RESTART FILE AT STEP 4320000
WRITING COORDINATES TO DCD FILE ../output/02_eq_2_CLKW.0.dcd AT STEP 4320000
WRITING COORDINATES TO RESTART FILE AT STEP 4320000
FINISHED WRITING RESTART COORDINATES
WRITING VELOCITIES TO RESTART FILE AT STEP 4320000
FINISHED WRITING RESTART VELOCITIES
PRESSURE: 4330000 1828.24 216.148 -75.2944 216.15 -1721.03 -87.991 -75.2925 -87.9935 -142.534
GPRESSURE: 4330000 1819.29 182.405 -106.079 106.576 -1747.07 -145.307 11.0954 30.306 -113.4
PRESSAVG: 4330000 1921.3 34.1271 48.5556 34.1271 -1973.13 39.6235 48.5556 39.6235 135.346
GPRESSAVG: 4330000 1914.54 19.4724 41.3402 41.9546 -1970.12 60.7957 46.5709 35.0787 137.995
TIMING: 4330000  CPU: 3856.6, 0.000891331/step  Wall: 3857.23, 0.00089149/step, 387.666 ns/days, 0.165916 hours remaining, 0.000000 MB of memory in use.
PERFORMANCE: 4330000  averaging 387.961 ns/day, 0.00089081 sec/step with standard deviation 2.26814e-06
ENERGY: 4330000        11.3701        41.0824        32.9073         0.9118         -50949.0036    -85392.0010         0.0000         0.0000     10510.3259        -125744.4071       296.8950   -136254.7330   -125850.6104       298.2773            -11.7750       -13.7272    182115.7134        27.8392        27.4713

WRITING EXTENDED SYSTEM TO RESTART FILE AT STEP 4330000
WRITING COORDINATES TO DCD FILE ../output/02_eq_2_CLKW.0.dcd AT STEP 4330000
WRITING COORDINATES TO RESTART FILE AT STEP 4330000
FINISHED WRITING RESTART COORDINATES
WRITING VELOCITIES TO RESTART FILE AT STEP 4330000
FINISHED WRITING RESTART VELOCITIES
PRESSURE: 4340000 1517.38 44.5452 -84.5254 44.5448 -2682.97 196.048 -84.5261 196.049 -372.329
GPRESSURE: 4340000 1444.49 166.397 -22.655 -2.35454 -2665.44 172.523 -27.467 274.124 -319.294
PRESSAVG: 4340000 1878 40.5897 38.4178 40.5897 -2028.1 31.954 38.4178 31.954 90.3136
GPRESSAVG: 4340000 1869.01 29.6402 34.2228 44.1447 -2024.62 49.2863 34.5322 31.761 94.7869
TIMING: 4340000  CPU: 3865.53, 0.00089281/step  Wall: 3866.16, 0.000892972/step, 387.022 ns/days, 0.163712 hours remaining, 0.000000 MB of memory in use.
PERFORMANCE: 4340000  averaging 387.959 ns/day, 0.000890815 sec/step with standard deviation 2.2679e-06
ENERGY: 4340000        19.6140        47.6494        31.3078         1.3154         -51143.9754    -85446.7525         0.0000         0.0000     10482.6255        -126008.2159       296.1126   -136490.8414   -125855.6292       298.0760           -512.6386      -513.4132    181620.4184       -19.9279       -20.2739

WRITING EXTENDED SYSTEM TO RESTART FILE AT STEP 4340000
WRITING COORDINATES TO DCD FILE ../output/02_eq_2_CLKW.0.dcd AT STEP 4340000
WRITING COORDINATES TO RESTART FILE AT STEP 4340000
FINISHED WRITING RESTART COORDINATES
WRITING VELOCITIES TO RESTART FILE AT STEP 4340000
FINISHED WRITING RESTART VELOCITIES
PRESSURE: 4350000 1468.45 -28.7256 68.4523 -28.7243 -2470.11 156.318 68.4504 156.32 -257.584
GPRESSURE: 4350000 1489.73 -64.4147 52.9581 103.254 -2499.43 144.143 31.0759 213.631 -240.579
PRESSAVG: 4350000 1868.58 47.8597 40.8089 47.8597 -2044.98 38.7129 40.8089 38.7129 53.3172
GPRESSAVG: 4350000 1867.18 31.5672 33.3924 61.8803 -2049.46 54.6196 35.256 39.4699 59.0132
TIMING: 4350000  CPU: 3874.45, 0.000892018/step  Wall: 3875.08, 0.000892199/step, 387.357 ns/days, 0.161092 hours remaining, 0.000000 MB of memory in use.
PERFORMANCE: 4350000  averaging 387.958 ns/day, 0.000890818 sec/step with standard deviation 2.26626e-06
ENERGY: 4350000        14.0665        42.0162        30.9039         1.6187         -51286.0460    -85377.5699         0.0000         0.0000     10549.9251        -126025.0856       298.0136   -136575.0107   -125864.7734       298.1414           -419.7459      -416.7594    181684.0223       -41.0266       -41.0899

WRITING EXTENDED SYSTEM TO RESTART FILE AT STEP 4350000
WRITING COORDINATES TO DCD FILE ../output/02_eq_2_CLKW.0.dcd AT STEP 4350000
WRITING COORDINATES TO RESTART FILE AT STEP 4350000
FINISHED WRITING RESTART COORDINATES
WRITING VELOCITIES TO RESTART FILE AT STEP 4350000
FINISHED WRITING RESTART VELOCITIES
PRESSURE: 4360000 2055.41 -75.066 -93.3482 -75.0652 -2007.5 75.5117 -93.3485 75.5122 -542.931
GPRESSURE: 4360000 2059.59 -229.707 -79.637 35.5776 -2010.45 63.3087 -111.572 54.6352 -554.501
PRESSAVG: 4360000 1870.65 44.5959 37.4368 44.5959 -2056 47.0884 37.4368 47.0884 18.6252
GPRESSAVG: 4360000 1867.43 23.1192 33.4608 61.3223 -2058.66 61.2053 27.8287 51.7864 23.423
TIMING: 4360000  CPU: 3883.36, 0.000890719/step  Wall: 3883.99, 0.000890924/step, 387.912 ns/days, 0.158386 hours remaining, 0.000000 MB of memory in use.
PERFORMANCE: 4360000  averaging 387.958 ns/day, 0.000890819 sec/step with standard deviation 2.26366e-06
ENERGY: 4360000        17.2277        49.5439        34.9539         2.6544         -51250.2457    -85518.5346         0.0000         0.0000     10505.8762        -126158.5242       296.7693   -136664.4003   -125872.9836       298.0581           -165.0085      -168.4536    179561.3213       -55.5748       -55.9328

WRITING EXTENDED SYSTEM TO RESTART FILE AT STEP 4360000
WRITING COORDINATES TO DCD FILE ../output/02_eq_2_CLKW.0.dcd AT STEP 4360000
WRITING COORDINATES TO RESTART FILE AT STEP 4360000
FINISHED WRITING RESTART COORDINATES
WRITING VELOCITIES TO RESTART FILE AT STEP 4360000
FINISHED WRITING RESTART VELOCITIES
PRESSURE: 4370000 1933.94 -249.177 -281.966 -249.177 -1710.19 315.458 -281.963 315.461 -144.607
GPRESSURE: 4370000 1897 -219.07 -141.702 -225.686 -1757.88 423.154 -301.234 143.396 -57.2662
PRESSAVG: 4370000 1901.19 19.2139 15.0752 19.2139 -2044.87 77.1562 15.0752 77.1562 1.85931
GPRESSAVG: 4370000 1895.39 -1.1432 20.3676 40.9479 -2051.44 98.5826 7.04496 67.9384 12.9807
TIMING: 4370000  CPU: 3892.26, 0.000890132/step  Wall: 3892.89, 0.000890299/step, 388.184 ns/days, 0.155802 hours remaining, 0.000000 MB of memory in use.
PERFORMANCE: 4370000  averaging 387.958 ns/day, 0.000890817 sec/step with standard deviation 2.2612e-06
ENERGY: 4370000        16.4611        41.8939        29.5989         1.2479         -51236.9626    -85394.4916         0.0000         0.0000     10557.0499        -125985.2024       298.2149   -136542.2523   -125879.8275       298.0980             26.3800        27.2832    180664.7098       -47.2719       -47.6906

WRITING EXTENDED SYSTEM TO RESTART FILE AT STEP 4370000
WRITING COORDINATES TO DCD FILE ../output/02_eq_2_CLKW.0.dcd AT STEP 4370000
WRITING COORDINATES TO RESTART FILE AT STEP 4370000
FINISHED WRITING RESTART COORDINATES
WRITING VELOCITIES TO RESTART FILE AT STEP 4370000
FINISHED WRITING RESTART VELOCITIES
PRESSURE: 4380000 1971.68 -39.7271 123.612 -39.7252 -2145.88 119.605 123.613 119.607 -756.192
GPRESSURE: 4380000 1875.42 -125.078 68.8237 116.424 -2181.71 266.898 58.8883 49.5379 -651.018
PRESSAVG: 4380000 1882.92 9.65158 5.03441 9.65158 -2068.49 85.2302 5.03441 85.2302 -38.125
GPRESSAVG: 4380000 1872.25 -18.2277 11.2322 35.028 -2074.15 111.594 -10.361 70.0074 -24.5671
TIMING: 4380000  CPU: 3901.17, 0.000891143/step  Wall: 3901.81, 0.00089131/step, 387.744 ns/days, 0.153503 hours remaining, 0.000000 MB of memory in use.
PERFORMANCE: 4380000  averaging 387.958 ns/day, 0.000890819 sec/step with standard deviation 2.25873e-06
ENERGY: 4380000        18.6557        45.4539        32.4240         4.0833         -50907.1896    -85600.0595         0.0000         0.0000     10489.0371        -125917.5950       296.2937   -136406.6321   -125883.5300       298.0493           -310.1315      -319.1026    181334.9712       -74.5643       -75.4909

WRITING EXTENDED SYSTEM TO RESTART FILE AT STEP 4380000
WRITING COORDINATES TO DCD FILE ../output/02_eq_2_CLKW.0.dcd AT STEP 4380000
WRITING COORDINATES TO RESTART FILE AT STEP 4380000
FINISHED WRITING RESTART COORDINATES
WRITING VELOCITIES TO RESTART FILE AT STEP 4380000
FINISHED WRITING RESTART VELOCITIES
PRESSURE: 4390000 2420.73 -315.159 -28.7925 -315.157 -2136.62 212.471 -28.7931 212.469 -303.265
GPRESSURE: 4390000 2389.54 -246.896 -75.1012 -219.086 -2111.02 255.852 -14.0777 173.103 -305.233
PRESSAVG: 4390000 1936.14 15.7169 0.926717 15.7169 -2066.47 109.95 0.926717 109.95 -43.7729
GPRESSAVG: 4390000 1923.65 -13.6107 6.20314 47.8517 -2073.2 133.644 -10.6172 97.2 -28.5322
TIMING: 4390000  CPU: 3910.07, 0.000890226/step  Wall: 3910.71, 0.000890353/step, 388.161 ns/days, 0.150865 hours remaining, 0.000000 MB of memory in use.
PERFORMANCE: 4390000  averaging 387.958 ns/day, 0.000890818 sec/step with standard deviation 2.25626e-06
ENERGY: 4390000        17.8740        40.2515        33.9347         1.3022         -51396.8531    -85245.5015         0.0000         0.0000     10527.0065        -126021.9857       297.3662   -136548.9922   -125897.4207       298.0194             -6.3845        -8.9037    180743.3754       -58.0346       -59.3609

WRITING EXTENDED SYSTEM TO RESTART FILE AT STEP 4390000
WRITING COORDINATES TO DCD FILE ../output/02_eq_2_CLKW.0.dcd AT STEP 4390000
WRITING COORDINATES TO RESTART FILE AT STEP 4390000
FINISHED WRITING RESTART COORDINATES
WRITING VELOCITIES TO RESTART FILE AT STEP 4390000
FINISHED WRITING RESTART VELOCITIES
PRESSURE: 4400000 1974.91 125.921 337.104 125.92 -1550.09 -119.161 337.104 -119.158 -336.925
GPRESSURE: 4400000 1997.96 50.0337 342.596 143.35 -1514.67 -85.2787 346.474 -251.727 -408.674
PRESSAVG: 4400000 1949.78 17.266 25.4693 17.266 -2019.75 97.5002 25.4693 97.5002 -17.9084
GPRESSAVG: 4400000 1938.85 -19.6743 35.3581 52.672 -2023.56 123.921 15.2229 75.5367 -7.90344
TIMING: 4400000  CPU: 3918.97, 0.000890041/step  Wall: 3919.61, 0.000890217/step, 388.22 ns/days, 0.14837 hours remaining, 0.000000 MB of memory in use.
PERFORMANCE: 4400000  averaging 387.959 ns/day, 0.000890816 sec/step with standard deviation 2.25387e-06
ETITLE:      TS           BOND          ANGLE          DIHED          IMPRP               ELECT            VDW       BOUNDARY           MISC        KINETIC               TOTAL           TEMP      POTENTIAL       TOTALAVG        TEMPAVG            PRESSURE      GPRESSURE         VOLUME       PRESSAVG      GPRESSAVG

ENERGY: 4400000        15.9439        49.4634        32.8209         1.1130         -51061.3555    -85308.9956         0.0000         0.0000     10588.0763        -125682.9337       299.0913   -136271.0100   -125890.9247       297.9596             29.2965        24.8723    181153.2828       -29.2931       -30.8704

WRITING EXTENDED SYSTEM TO RESTART FILE AT STEP 4400000
WRITING COORDINATES TO DCD FILE ../output/02_eq_2_CLKW.0.dcd AT STEP 4400000
WRITING COORDINATES TO RESTART FILE AT STEP 4400000
FINISHED WRITING RESTART COORDINATES
WRITING VELOCITIES TO RESTART FILE AT STEP 4400000
FINISHED WRITING RESTART VELOCITIES
PRESSURE: 4410000 2205.19 -22.1958 -209.39 -22.1947 -1551.01 -49.476 -209.391 -49.4763 -376.395
GPRESSURE: 4410000 2235.02 -89.844 -116.178 95.7064 -1503.83 44.6802 -266.513 -61.428 -445.798
PRESSAVG: 4410000 1959.5 5.56335 13.4464 5.56335 -2014.22 88.72 13.4464 88.72 -73.2012
GPRESSAVG: 4410000 1947.16 -34.1526 21.9669 46.4279 -2013.27 118.975 -2.241 66.6122 -66.3458
TIMING: 4410000  CPU: 3927.88, 0.000891045/step  Wall: 3928.52, 0.000891266/step, 387.763 ns/days, 0.146069 hours remaining, 0.000000 MB of memory in use.
PERFORMANCE: 4410000  averaging 387.958 ns/day, 0.000890817 sec/step with standard deviation 2.25141e-06
ENERGY: 4410000        14.0583        46.4651        31.9689         3.2874         -51045.4446    -85397.4130         0.0000         0.0000     10597.3009        -125749.7770       299.3519   -136347.0779   -125885.1385       298.1336             92.5951        95.1325    180854.6643       -42.6408       -44.1531

WRITING EXTENDED SYSTEM TO RESTART FILE AT STEP 4410000
WRITING COORDINATES TO DCD FILE ../output/02_eq_2_CLKW.0.dcd AT STEP 4410000
WRITING COORDINATES TO RESTART FILE AT STEP 4410000
FINISHED WRITING RESTART COORDINATES
WRITING VELOCITIES TO RESTART FILE AT STEP 4410000
FINISHED WRITING RESTART VELOCITIES
PRESSURE: 4420000 1714.98 64.5857 -255.531 64.5898 -1831.16 -256.865 -255.528 -256.865 731.156
GPRESSURE: 4420000 1730.22 2.64878 -269.261 -102.905 -1825.17 -285.953 -149.016 -265.611 714.322
PRESSAVG: 4420000 1946.36 7.51639 -7.05353 7.51639 -2019.61 82.934 -7.05353 82.934 -54.3967
GPRESSAVG: 4420000 1933.75 -30.4341 8.01174 39.7323 -2019.35 111.255 -22.7521 62.4274 -46.219
TIMING: 4420000  CPU: 3936.8, 0.00089134/step  Wall: 3937.44, 0.000891511/step, 387.657 ns/days, 0.143632 hours remaining, 0.000000 MB of memory in use.
PERFORMANCE: 4420000  averaging 387.958 ns/day, 0.000890819 sec/step with standard deviation 2.2491e-06
ENERGY: 4420000        13.8463        38.5504        30.2353         1.8336         -51176.3105    -85376.1083         0.0000         0.0000     10635.7661        -125832.1872       300.4385   -136467.9533   -125867.9632       298.4665            204.9923       206.4556    180710.2247       -42.5474       -43.9403

WRITING EXTENDED SYSTEM TO RESTART FILE AT STEP 4420000
WRITING COORDINATES TO DCD FILE ../output/02_eq_2_CLKW.0.dcd AT STEP 4420000
WRITING COORDINATES TO RESTART FILE AT STEP 4420000
FINISHED WRITING RESTART COORDINATES
WRITING VELOCITIES TO RESTART FILE AT STEP 4420000
FINISHED WRITING RESTART VELOCITIES
PRESSURE: 4430000 2630.81 5.26028 -255.771 5.26123 -1456.11 -76.1475 -255.772 -76.1482 91.6755
GPRESSURE: 4430000 2612.64 -25.4738 -331.972 50.6397 -1391.34 -62.8287 -142.039 -13.1897 36.9921
PRESSAVG: 4430000 1991.56 -1.37047 -22.4999 -1.37047 -2016.82 82.7725 -22.4999 82.7725 -84.9708
GPRESSAVG: 4430000 1977.15 -29.6177 -10.6528 26.6427 -2012.94 108.863 -28.4243 63.9916 -78.5668
TIMING: 4430000  CPU: 3945.68, 0.000888276/step  Wall: 3946.32, 0.000888239/step, 389.084 ns/days, 0.140638 hours remaining, 0.000000 MB of memory in use.
PERFORMANCE: 4430000  averaging 387.96 ns/day, 0.000890813 sec/step with standard deviation 2.24989e-06
ENERGY: 4430000        12.2659        42.9696        27.9241         2.1968         -51119.7595    -85408.4350         0.0000         0.0000     10694.8147        -125748.0234       302.1065   -136442.8382   -125867.5832       298.6752            422.1267       419.4278    180869.2608       -36.7447       -38.1209

WRITING EXTENDED SYSTEM TO RESTART FILE AT STEP 4430000
WRITING COORDINATES TO DCD FILE ../output/02_eq_2_CLKW.0.dcd AT STEP 4430000
WRITING COORDINATES TO RESTART FILE AT STEP 4430000
FINISHED WRITING RESTART COORDINATES
WRITING VELOCITIES TO RESTART FILE AT STEP 4430000
FINISHED WRITING RESTART VELOCITIES
PRESSURE: 4440000 1734.81 -33.7751 372.262 -33.7746 -2471.23 268.057 372.262 268.056 -226.48
GPRESSURE: 4440000 1729.23 -97.7105 349.674 -3.43603 -2529.46 289.885 349.018 220.669 -164.484
PRESSAVG: 4440000 1983.79 9.41224 -3.50857 9.41224 -2038.62 109.446 -3.50857 109.446 -112.349
GPRESSAVG: 4440000 1970.02 -20.9465 9.3973 34.4172 -2036.71 135.771 -18.4623 88.5255 -105.096
TIMING: 4440000  CPU: 3954.57, 0.000888742/step  Wall: 3955.21, 0.000888921/step, 388.786 ns/days, 0.138277 hours remaining, 0.000000 MB of memory in use.
PERFORMANCE: 4440000  averaging 387.962 ns/day, 0.000890809 sec/step with standard deviation 2.24914e-06
ENERGY: 4440000        17.0209        41.9781        33.7238         0.7926         -51062.5170    -85442.0493         0.0000         0.0000     10566.8024        -125844.2486       298.4904   -136411.0509   -125863.2190       298.6565           -320.9694      -321.5736    181160.1815       -55.7277       -57.2624

WRITING EXTENDED SYSTEM TO RESTART FILE AT STEP 4440000
WRITING COORDINATES TO DCD FILE ../output/02_eq_2_CLKW.0.dcd AT STEP 4440000
WRITING COORDINATES TO RESTART FILE AT STEP 4440000
FINISHED WRITING RESTART COORDINATES
WRITING VELOCITIES TO RESTART FILE AT STEP 4440000
FINISHED WRITING RESTART VELOCITIES
PRESSURE: 4450000 1180.07 114.576 294.564 114.577 -2691.41 -229.306 294.562 -229.307 286.947
GPRESSURE: 4450000 1179.3 114.641 271.415 90.8086 -2731.42 -100.069 264.572 -323.21 321.273
PRESSAVG: 4450000 1976.41 7.33554 -1.73521 7.33554 -2058.38 96.2224 -1.73521 96.2224 -135.046
GPRESSAVG: 4450000 1962.33 -28.9671 7.60828 29.5899 -2061.67 133.653 -17.0344 69.2046 -122.399
TIMING: 4450000  CPU: 3963.46, 0.000889151/step  Wall: 3964.1, 0.000889316/step, 388.613 ns/days, 0.135868 hours remaining, 0.000000 MB of memory in use.
PERFORMANCE: 4450000  averaging 387.964 ns/day, 0.000890805 sec/step with standard deviation 2.24772e-06
ENERGY: 4450000        15.1149        37.3361        29.8862         0.9048         -51037.9914    -85436.9779         0.0000         0.0000     10490.4550        -125901.2724       296.3337   -136391.7274   -125866.0749       298.6627           -408.1314      -410.2822    181421.2714       -72.3412       -73.9108

WRITING EXTENDED SYSTEM TO RESTART FILE AT STEP 4450000
WRITING COORDINATES TO DCD FILE ../output/02_eq_2_CLKW.0.dcd AT STEP 4450000
WRITING COORDINATES TO RESTART FILE AT STEP 4450000
FINISHED WRITING RESTART COORDINATES
WRITING VELOCITIES TO RESTART FILE AT STEP 4450000
FINISHED WRITING RESTART VELOCITIES
PRESSURE: 4460000 1920.14 199.901 -26.4745 199.902 -1740.05 283.017 -26.4744 283.017 771.625
GPRESSURE: 4460000 1914.86 180.634 -26.2982 240.404 -1729.24 226.133 -8.39651 290.715 756.285
PRESSAVG: 4460000 1953.69 0.431321 -9.04668 0.431321 -2070.13 97.7268 -9.04668 97.7268 -102.382
GPRESSAVG: 4460000 1943 -29.3987 3.08969 24.69 -2071.43 131.643 -26.8188 75.1795 -95.282
TIMING: 4460000  CPU: 3972.35, 0.000889408/step  Wall: 3973, 0.000889606/step, 388.487 ns/days, 0.133441 hours remaining, 0.000000 MB of memory in use.
PERFORMANCE: 4460000  averaging 387.965 ns/day, 0.000890803 sec/step with standard deviation 2.24591e-06
ENERGY: 4460000        16.2716        41.1316        29.8598         0.3574         -51266.6874    -85280.1857         0.0000         0.0000     10483.6781        -125975.5746       296.1423   -136459.2527   -125875.7911       298.4711            317.2377       313.9708    180494.0023       -72.9397       -74.5723

WRITING EXTENDED SYSTEM TO RESTART FILE AT STEP 4460000
WRITING COORDINATES TO DCD FILE ../output/02_eq_2_CLKW.0.dcd AT STEP 4460000
WRITING COORDINATES TO RESTART FILE AT STEP 4460000
FINISHED WRITING RESTART COORDINATES
WRITING VELOCITIES TO RESTART FILE AT STEP 4460000
FINISHED WRITING RESTART VELOCITIES
PRESSURE: 4470000 1832.05 250.047 47.5267 250.047 -2147.31 29.4229 47.5244 29.4226 -62.0689
GPRESSURE: 4470000 1809 265.908 44.768 171.542 -2158 -30.2807 103.263 21.324 -34.9207
PRESSAVG: 4470000 1968.88 13.8766 -0.337028 13.8766 -2045.71 86.0103 -0.337028 86.0103 -109.836
GPRESSAVG: 4470000 1958.87 -7.81606 8.85829 31.9281 -2049.3 114.068 -12.8071 59.9136 -102.373
TIMING: 4470000  CPU: 3981.25, 0.000889657/step  Wall: 3981.9, 0.000889662/step, 388.462 ns/days, 0.130978 hours remaining, 0.000000 MB of memory in use.
PERFORMANCE: 4470000  averaging 387.966 ns/day, 0.0008908 sec/step with standard deviation 2.24404e-06
ENERGY: 4470000        13.7734        45.8152        25.1040         2.0149         -51184.2749    -85355.5852         0.0000         0.0000     10519.4914        -125933.6611       297.1539   -136453.1526   -125885.9006       298.3626           -125.7751      -127.9742    181730.7026       -62.2211       -64.2685

WRITING EXTENDED SYSTEM TO RESTART FILE AT STEP 4470000
WRITING COORDINATES TO DCD FILE ../output/02_eq_2_CLKW.0.dcd AT STEP 4470000
WRITING COORDINATES TO RESTART FILE AT STEP 4470000
FINISHED WRITING RESTART COORDINATES
WRITING VELOCITIES TO RESTART FILE AT STEP 4470000
FINISHED WRITING RESTART VELOCITIES
PRESSURE: 4480000 1391.67 47.6395 74.1711 47.639 -2493.21 -29.2768 74.1704 -29.2767 -541.269
GPRESSURE: 4480000 1412.73 172.162 132.362 -34.7709 -2520.18 -82.9822 -25.7848 -52.7164 -533.233
PRESSAVG: 4480000 1941.12 9.15203 -1.80185 9.15203 -2044.14 64.465 -1.80185 64.465 -102.703
GPRESSAVG: 4480000 1932.04 -3.95529 6.15353 22.1741 -2048.24 90.6755 -9.53963 41.7295 -95.1234
TIMING: 4480000  CPU: 3990.15, 0.000890114/step  Wall: 3990.8, 0.000890278/step, 388.193 ns/days, 0.128596 hours remaining, 0.000000 MB of memory in use.
PERFORMANCE: 4480000  averaging 387.966 ns/day, 0.000890799 sec/step with standard deviation 2.24167e-06
ENERGY: 4480000        13.7635        41.5167        25.1124         1.1357         -51235.0677    -85366.7825         0.0000         0.0000     10548.5878        -125971.7342       297.9759   -136520.3219   -125880.0752       298.2281           -547.6025      -546.8960    181212.6174       -68.5735       -70.4415

WRITING EXTENDED SYSTEM TO RESTART FILE AT STEP 4480000
WRITING COORDINATES TO DCD FILE ../output/02_eq_2_CLKW.0.dcd AT STEP 4480000
WRITING COORDINATES TO RESTART FILE AT STEP 4480000
FINISHED WRITING RESTART COORDINATES
WRITING VELOCITIES TO RESTART FILE AT STEP 4480000
FINISHED WRITING RESTART VELOCITIES
PRESSURE: 4490000 1766.68 166.669 160.012 166.666 -2178.35 -71.7449 160.013 -71.7447 266.747
GPRESSURE: 4490000 1778.44 103.929 233.583 151.071 -2192.59 51.412 116.16 -98.9919 268.938
PRESSAVG: 4490000 1910.31 22.6255 7.86695 22.6255 -2060.4 54.8313 7.86695 54.8313 -90.8525
GPRESSAVG: 4490000 1906.01 4.35923 19.0951 36.3392 -2068.25 87.1621 3.20493 32.722 -83.2777
TIMING: 4490000  CPU: 3999.05, 0.000889972/step  Wall: 3999.7, 0.000889998/step, 388.315 ns/days, 0.126083 hours remaining, 0.000000 MB of memory in use.
PERFORMANCE: 4490000  averaging 387.967 ns/day, 0.000890797 sec/step with standard deviation 2.23948e-06
ENERGY: 4490000        16.7608        50.3449        31.9250         2.8091         -50918.7197    -85460.3940         0.0000         0.0000     10465.6270        -125811.6468       295.6324   -136277.2738   -125896.4563       297.9860            -48.3070       -48.4037    180529.1302       -80.3121       -81.8394

WRITING EXTENDED SYSTEM TO RESTART FILE AT STEP 4490000
WRITING COORDINATES TO DCD FILE ../output/02_eq_2_CLKW.0.dcd AT STEP 4490000
WRITING COORDINATES TO RESTART FILE AT STEP 4490000
FINISHED WRITING RESTART COORDINATES
WRITING VELOCITIES TO RESTART FILE AT STEP 4490000
FINISHED WRITING RESTART VELOCITIES
PRESSURE: 4500000 2096.44 -13.9391 -308.186 -13.9391 -2197.19 140.168 -308.186 140.167 2.83123
GPRESSURE: 4500000 2061.07 -83.7375 -404.209 77.1655 -2205.32 156.943 -215.264 206.143 58.7161
PRESSAVG: 4500000 1898.68 30.0597 -3.42236 30.0597 -2056.77 47.7173 -3.42236 47.7173 -73.9479
GPRESSAVG: 4500000 1890.67 10.8452 -0.443412 41.1045 -2063.42 84.6349 1.89707 25.719 -62.4287
TIMING: 4500000  CPU: 4007.93, 0.000888201/step  Wall: 4008.58, 0.000888475/step, 388.981 ns/days, 0.123399 hours remaining, 0.000000 MB of memory in use.
PERFORMANCE: 4500000  averaging 387.969 ns/day, 0.000890792 sec/step with standard deviation 2.23966e-06
ETITLE:      TS           BOND          ANGLE          DIHED          IMPRP               ELECT            VDW       BOUNDARY           MISC        KINETIC               TOTAL           TEMP      POTENTIAL       TOTALAVG        TEMPAVG            PRESSURE      GPRESSURE         VOLUME       PRESSAVG      GPRESSAVG

ENERGY: 4500000        19.1799        36.8979        29.8798         1.5821         -50983.1402    -85484.4531         0.0000         0.0000     10571.9606        -125808.0930       298.6361   -136380.0536   -125898.8145       297.8766            -32.6397       -28.5111    181738.4362       -77.3435       -78.3916

WRITING EXTENDED SYSTEM TO RESTART FILE AT STEP 4500000
WRITING COORDINATES TO DCD FILE ../output/02_eq_2_CLKW.0.dcd AT STEP 4500000
WRITING COORDINATES TO RESTART FILE AT STEP 4500000
FINISHED WRITING RESTART COORDINATES
WRITING VELOCITIES TO RESTART FILE AT STEP 4500000
FINISHED WRITING RESTART VELOCITIES
PRESSURE: 4510000 1602.2 -409.423 -462.702 -409.424 -1914.06 18.4787 -462.701 18.4774 465.464
GPRESSURE: 4510000 1655.63 -426.906 -408.918 -396.056 -1953.66 33.3964 -517.376 84.7624 452.455
PRESSAVG: 4510000 1867.48 4.62212 -34.8405 4.62212 -2051.3 49.4514 -34.8405 49.4514 -87.3068
GPRESSAVG: 4510000 1864.18 -14.6833 -33.3745 21.3943 -2061.13 80.6411 -32.3008 35.5411 -77.3935
TIMING: 4510000  CPU: 4016.81, 0.000888135/step  Wall: 4017.47, 0.000888238/step, 389.085 ns/days, 0.120899 hours remaining, 0.000000 MB of memory in use.
PERFORMANCE: 4510000  averaging 387.972 ns/day, 0.000890786 sec/step with standard deviation 2.2404e-06
ENERGY: 4510000        14.8079        39.2274        33.7205         1.2677         -51138.5132    -85478.8598         0.0000         0.0000     10462.7461        -126065.6034       295.5510   -136528.3495   -125900.8734       297.7367             51.2015        51.4746    180826.1842       -90.3753       -91.4478

WRITING EXTENDED SYSTEM TO RESTART FILE AT STEP 4510000
WRITING COORDINATES TO DCD FILE ../output/02_eq_2_CLKW.0.dcd AT STEP 4510000
WRITING COORDINATES TO RESTART FILE AT STEP 4510000
FINISHED WRITING RESTART COORDINATES
WRITING VELOCITIES TO RESTART FILE AT STEP 4510000
FINISHED WRITING RESTART VELOCITIES
PRESSURE: 4520000 2110.92 27.6303 -113.304 27.6292 -1479.69 -152.85 -113.303 -152.849 198.967
GPRESSURE: 4520000 2087.64 123.794 -92.8597 -14.6731 -1430.93 -243.185 -62.904 -122.49 159.992
PRESSAVG: 4520000 1867.83 3.78727 -35.879 3.78727 -2028.76 37.0869 -35.879 37.0869 -62.3583
GPRESSAVG: 4520000 1858.94 -12.3142 -28.9345 19.1775 -2032.94 54.6222 -28.0549 28.6492 -52.9714
TIMING: 4520000  CPU: 4025.69, 0.000887738/step  Wall: 4026.35, 0.000887931/step, 389.219 ns/days, 0.118391 hours remaining, 0.000000 MB of memory in use.
PERFORMANCE: 4520000  averaging 387.975 ns/day, 0.00089078 sec/step with standard deviation 2.24194e-06
ENERGY: 4520000        15.7325        47.5975        33.3396         1.9243         -50996.5374    -85432.7535         0.0000         0.0000     10502.6354        -125828.0616       296.6778   -136330.6970   -125900.6916       297.6623            276.7321       272.2335    181078.9253       -74.4274       -75.6575

WRITING EXTENDED SYSTEM TO RESTART FILE AT STEP 4520000
WRITING COORDINATES TO DCD FILE ../output/02_eq_2_CLKW.0.dcd AT STEP 4520000
WRITING COORDINATES TO RESTART FILE AT STEP 4520000
FINISHED WRITING RESTART COORDINATES
WRITING VELOCITIES TO RESTART FILE AT STEP 4520000
FINISHED WRITING RESTART VELOCITIES
PRESSURE: 4530000 2264.82 -302.496 -449.937 -302.497 -1448.72 213.738 -449.936 213.737 357.208
GPRESSURE: 4530000 2342.34 -275.269 -408.237 -151.988 -1474.79 162.79 -514.351 320.585 324.649
PRESSAVG: 4530000 1889.66 -22.1451 -54.6112 -22.1451 -2015.14 52.1734 -54.6112 52.1734 -37.3711
GPRESSAVG: 4530000 1885.09 -35.1979 -44.0424 6.24931 -2019.33 70.027 -54.3272 43.1631 -31.0689
TIMING: 4530000  CPU: 4034.57, 0.000887926/step  Wall: 4035.23, 0.000888102/step, 389.144 ns/days, 0.115947 hours remaining, 0.000000 MB of memory in use.
PERFORMANCE: 4530000  averaging 387.977 ns/day, 0.000890774 sec/step with standard deviation 2.24299e-06
ENERGY: 4530000        16.1466        39.9918        32.2948         0.7717         -51167.7643    -85299.7868         0.0000         0.0000     10538.0573        -125840.2888       297.6784   -136378.3461   -125905.4857       297.7015            391.1056       397.4000    180584.3549       -54.2833       -55.1011

WRITING EXTENDED SYSTEM TO RESTART FILE AT STEP 4530000
WRITING COORDINATES TO DCD FILE ../output/02_eq_2_CLKW.0.dcd AT STEP 4530000
WRITING COORDINATES TO RESTART FILE AT STEP 4530000
FINISHED WRITING RESTART COORDINATES
WRITING VELOCITIES TO RESTART FILE AT STEP 4530000
FINISHED WRITING RESTART VELOCITIES
PRESSURE: 4540000 2325.8 -12.463 167.006 -12.4662 -1930.49 137.948 167.006 137.949 -159.935
GPRESSURE: 4540000 2330.1 61.8514 199.24 -75.9816 -1885.11 1.23907 102.937 116.589 -236.034
PRESSAVG: 4540000 1930.08 -24.9956 -42.0346 -24.9956 -1977.52 49.2684 -42.0346 49.2684 -26.7514
GPRESSAVG: 4540000 1929.37 -40.4252 -32.9476 2.56796 -1980.31 61.4628 -47.807 35.2863 -26.9059
TIMING: 4540000  CPU: 4043.44, 0.000887141/step  Wall: 4044.1, 0.00088729/step, 389.501 ns/days, 0.113376 hours remaining, 0.000000 MB of memory in use.
PERFORMANCE: 4540000  averaging 387.981 ns/day, 0.000890766 sec/step with standard deviation 2.24647e-06
ENERGY: 4540000        17.0836        46.4811        29.2374         2.4218         -50972.8379    -85417.8488         0.0000         0.0000     10567.6614        -125727.8013       298.5146   -136295.4627   -125891.4650       297.8216             78.4586        69.6546    181724.6484       -24.7285       -25.9478

WRITING EXTENDED SYSTEM TO RESTART FILE AT STEP 4540000
WRITING COORDINATES TO DCD FILE ../output/02_eq_2_CLKW.0.dcd AT STEP 4540000
WRITING COORDINATES TO RESTART FILE AT STEP 4540000
FINISHED WRITING RESTART COORDINATES
WRITING VELOCITIES TO RESTART FILE AT STEP 4540000
FINISHED WRITING RESTART VELOCITIES
PRESSURE: 4550000 1215.56 151.677 282.916 151.68 -2216.67 -55.075 282.915 -55.0764 -110.799
GPRESSURE: 4550000 1188.91 248.151 312.925 24.2133 -2194.75 47.3978 286.877 -99.8456 -115.632
PRESSAVG: 4550000 1917.44 -15.9754 -31.3113 -15.9754 -1964.85 38.6986 -31.3113 38.6986 -19.4122
GPRESSAVG: 4550000 1914.33 -24.7969 -19.9493 -1.38408 -1965.08 56.6256 -35.0169 19.6125 -20.6585
TIMING: 4550000  CPU: 4052.31, 0.000886648/step  Wall: 4052.97, 0.000886755/step, 389.736 ns/days, 0.110844 hours remaining, 0.000000 MB of memory in use.
PERFORMANCE: 4550000  averaging 387.984 ns/day, 0.000890758 sec/step with standard deviation 2.25187e-06
ENERGY: 4550000        14.1600        51.5788        31.1555         1.0729         -51206.3088    -85360.3029         0.0000         0.0000     10644.2847        -125824.3598       300.6791   -136468.6445   -125881.4287       297.9549           -370.6357      -373.8245    181209.1758       -22.2730       -23.8010

WRITING EXTENDED SYSTEM TO RESTART FILE AT STEP 4550000
WRITING COORDINATES TO DCD FILE ../output/02_eq_2_CLKW.0.dcd AT STEP 4550000
WRITING COORDINATES TO RESTART FILE AT STEP 4550000
FINISHED WRITING RESTART COORDINATES
WRITING VELOCITIES TO RESTART FILE AT STEP 4550000
FINISHED WRITING RESTART VELOCITIES
PRESSURE: 4560000 2248.77 0.869844 -219.049 0.869878 -1365.46 -368.851 -219.05 -368.851 261.227
GPRESSURE: 4560000 2268.47 -26.6039 -219.227 -44.4197 -1406.16 -260.195 -211.418 -325.315 292.631
PRESSAVG: 4560000 1927.11 -12.1787 -37.5964 -12.1787 -1932.74 16.4805 -37.5964 16.4805 20.7957
GPRESSAVG: 4560000 1924.78 -14.6418 -26.9288 -5.38395 -1934.86 40.4504 -40.0092 0.615017 21.698
TIMING: 4560000  CPU: 4061.18, 0.00088708/step  Wall: 4061.84, 0.00088717/step, 389.553 ns/days, 0.108432 hours remaining, 0.000000 MB of memory in use.
PERFORMANCE: 4560000  averaging 387.988 ns/day, 0.00089075 sec/step with standard deviation 2.25566e-06
ENERGY: 4560000        12.1700        39.2770        36.2203         1.6613         -50943.1765    -85349.9271         0.0000         0.0000     10483.3109        -125720.4641       296.1319   -136203.7750   -125859.5257       297.9230            381.5114       384.9797    182003.4378         5.0530         3.8707

WRITING EXTENDED SYSTEM TO RESTART FILE AT STEP 4560000
WRITING COORDINATES TO DCD FILE ../output/02_eq_2_CLKW.0.dcd AT STEP 4560000
WRITING COORDINATES TO RESTART FILE AT STEP 4560000
FINISHED WRITING RESTART COORDINATES
WRITING VELOCITIES TO RESTART FILE AT STEP 4560000
FINISHED WRITING RESTART VELOCITIES
PRESSURE: 4570000 2020.51 -88.8937 160.519 -88.892 -1732.46 -249.484 160.518 -249.482 115.841
GPRESSURE: 4570000 2058.39 -224.536 169.069 -13.943 -1659.81 -233.81 205.661 -377.28 9.94201
PRESSAVG: 4570000 1931.44 -4.16441 -15.4723 -4.16441 -1933.86 -11.7667 -15.4723 -11.7667 33.8181
GPRESSAVG: 4570000 1932.85 -14.9151 -11.3902 5.2032 -1929.96 7.60219 -14.6644 -25.4188 25.0584
TIMING: 4570000  CPU: 4070.06, 0.000887711/step  Wall: 4070.72, 0.000887851/step, 389.254 ns/days, 0.106049 hours remaining, 0.000000 MB of memory in use.
PERFORMANCE: 4570000  averaging 387.991 ns/day, 0.000890743 sec/step with standard deviation 2.25726e-06
ENERGY: 4570000        18.3825        45.4789        31.4038         0.5215         -51155.3346    -85448.4776         0.0000         0.0000     10566.3250        -125941.7006       298.4769   -136508.0256   -125857.3506       297.9361            134.6280       136.1728    180390.4726        10.4654         9.3151

WRITING EXTENDED SYSTEM TO RESTART FILE AT STEP 4570000
WRITING COORDINATES TO DCD FILE ../output/02_eq_2_CLKW.0.dcd AT STEP 4570000
WRITING COORDINATES TO RESTART FILE AT STEP 4570000
FINISHED WRITING RESTART COORDINATES
WRITING VELOCITIES TO RESTART FILE AT STEP 4570000
FINISHED WRITING RESTART VELOCITIES
PRESSURE: 4580000 2399.93 -507.231 -311.122 -507.228 -1091.44 -282.677 -311.122 -282.679 939.42
GPRESSURE: 4580000 2364.01 -547.818 -308.479 -597.923 -1027.07 -201.397 -411.777 -314.573 910.832
PRESSAVG: 4580000 1952.85 -27.5396 -37.2091 -27.5396 -1881.14 -31.8809 -37.2091 -31.8809 118.599
GPRESSAVG: 4580000 1957.27 -36.0521 -30.2554 -30.5142 -1872.23 -15.8126 -38.1977 -43.6244 103.151
TIMING: 4580000  CPU: 4078.93, 0.000887301/step  Wall: 4079.59, 0.000887526/step, 389.397 ns/days, 0.103545 hours remaining, 0.000000 MB of memory in use.
PERFORMANCE: 4580000  averaging 387.994 ns/day, 0.000890736 sec/step with standard deviation 2.25979e-06
ENERGY: 4580000        10.2323        41.6892        31.3056         0.9152         -51274.6296    -85237.8028         0.0000         0.0000     10478.6770        -125949.6130       296.0010   -136428.2900   -125858.9515       297.9215            749.3022       749.2573    179941.0516        63.4371        62.7331

WRITING EXTENDED SYSTEM TO RESTART FILE AT STEP 4580000
WRITING COORDINATES TO DCD FILE ../output/02_eq_2_CLKW.0.dcd AT STEP 4580000
WRITING COORDINATES TO RESTART FILE AT STEP 4580000
FINISHED WRITING RESTART COORDINATES
WRITING VELOCITIES TO RESTART FILE AT STEP 4580000
FINISHED WRITING RESTART VELOCITIES
PRESSURE: 4590000 2172.59 -237.236 -243.215 -237.24 -1696.42 -430.417 -243.215 -430.416 53.8534
GPRESSURE: 4590000 2206.22 -298.845 -195.112 -230.536 -1777.9 -464.608 -239.848 -369.368 101.538
PRESSAVG: 4590000 1940.44 -23.6437 -47.9302 -23.6437 -1859.13 -64.0252 -47.9302 -64.0252 136.455
GPRESSAVG: 4590000 1948.11 -38.6495 -36.2559 -31.0866 -1855.57 -51.8356 -49.4862 -70.7479 123.489
TIMING: 4590000  CPU: 4087.8, 0.000887443/step  Wall: 4088.47, 0.000887571/step, 389.377 ns/days, 0.101085 hours remaining, 0.000000 MB of memory in use.
PERFORMANCE: 4590000  averaging 387.997 ns/day, 0.000890729 sec/step with standard deviation 2.26215e-06
ENERGY: 4590000        18.9922        38.5595        33.4928         0.9699         -51366.4240    -85281.7668         0.0000         0.0000     10535.2530        -126020.9234       297.5992   -136556.1764   -125858.8984       297.9331            176.6727       176.6187    180252.3971        72.5900        72.0092

WRITING EXTENDED SYSTEM TO RESTART FILE AT STEP 4590000
WRITING COORDINATES TO DCD FILE ../output/02_eq_2_CLKW.0.dcd AT STEP 4590000
WRITING COORDINATES TO RESTART FILE AT STEP 4590000
FINISHED WRITING RESTART COORDINATES
WRITING VELOCITIES TO RESTART FILE AT STEP 4590000
FINISHED WRITING RESTART VELOCITIES
PRESSURE: 4600000 2127.06 100.791 90.2984 100.79 -1927.74 22.582 90.2985 22.582 206.407
GPRESSURE: 4600000 2105.04 120.079 -5.15033 42.8041 -1966.43 130.891 204.648 -95.185 263.949
PRESSAVG: 4600000 1948.05 -24.9003 -60.2704 -24.9003 -1878.01 -56.9382 -60.2704 -56.9382 163.621
GPRESSAVG: 4600000 1953.46 -35.1472 -53.6433 -36.1139 -1878.16 -41.0271 -56.5775 -62.9208 157.121
TIMING: 4600000  CPU: 4096.69, 0.000888765/step  Wall: 4097.36, 0.000888778/step, 388.849 ns/days, 0.0987531 hours remaining, 0.000000 MB of memory in use.
PERFORMANCE: 4600000  averaging 387.998 ns/day, 0.000890725 sec/step with standard deviation 2.26152e-06
ETITLE:      TS           BOND          ANGLE          DIHED          IMPRP               ELECT            VDW       BOUNDARY           MISC        KINETIC               TOTAL           TEMP      POTENTIAL       TOTALAVG        TEMPAVG            PRESSURE      GPRESSURE         VOLUME       PRESSAVG      GPRESSAVG

ENERGY: 4600000        13.8753        50.6810        33.9753         0.5762         -50881.8018    -85521.6171         0.0000         0.0000     10619.3857        -125684.9253       299.9757   -136304.3111   -125858.9980       297.9774            135.2427       134.1865    181527.2527        77.8873        77.4750

WRITING EXTENDED SYSTEM TO RESTART FILE AT STEP 4600000
WRITING COORDINATES TO DCD FILE ../output/02_eq_2_CLKW.0.dcd AT STEP 4600000
WRITING COORDINATES TO RESTART FILE AT STEP 4600000
FINISHED WRITING RESTART COORDINATES
WRITING VELOCITIES TO RESTART FILE AT STEP 4600000
FINISHED WRITING RESTART VELOCITIES
PRESSURE: 4610000 3007.43 -101.351 -249.884 -101.348 -1310.33 4.8419 -249.884 4.8447 543.646
GPRESSURE: 4610000 3022.97 -145.075 -171.47 -102.758 -1248.26 16.3905 -224.803 -2.92787 463.039
PRESSAVG: 4610000 1988.16 -28.8579 -62.2951 -28.8579 -1865.97 -54.2222 -62.2951 -54.2222 209.623
GPRESSAVG: 4610000 1992.86 -37.9088 -56.4079 -46.0371 -1865.38 -42.4416 -54.492 -59.9958 202.562
TIMING: 4610000  CPU: 4105.56, 0.000886977/step  Wall: 4106.23, 0.000887044/step, 389.609 ns/days, 0.0960964 hours remaining, 0.000000 MB of memory in use.
PERFORMANCE: 4610000  averaging 388.002 ns/day, 0.000890717 sec/step with standard deviation 2.26556e-06
ENERGY: 4610000        16.1398        40.0508        29.6168         1.1415         -51342.5575    -85236.7515         0.0000         0.0000     10556.7444        -125935.6158       298.2063   -136492.3601   -125868.2899       297.9201            746.9175       745.9150    180292.7948       110.6034       110.0141

WRITING EXTENDED SYSTEM TO RESTART FILE AT STEP 4610000
WRITING COORDINATES TO DCD FILE ../output/02_eq_2_CLKW.0.dcd AT STEP 4610000
WRITING COORDINATES TO RESTART FILE AT STEP 4610000
FINISHED WRITING RESTART COORDINATES
WRITING VELOCITIES TO RESTART FILE AT STEP 4610000
FINISHED WRITING RESTART VELOCITIES
PRESSURE: 4620000 2097.09 -195.352 -473.306 -195.352 -1422.9 43.1612 -473.306 43.1614 -455.708
GPRESSURE: 4620000 2059.32 -247.671 -493.165 -96.6347 -1423.13 -28.6253 -377.211 122.934 -407.905
PRESSAVG: 4620000 2007.27 -41.855 -73.184 -41.855 -1845.56 -39.2208 -73.184 -39.2208 150.28
GPRESSAVG: 4620000 2009.31 -50.4247 -67.6031 -45.7236 -1845.28 -29.5752 -65.9017 -40.5686 146.451
TIMING: 4620000  CPU: 4114.44, 0.000887381/step  Wall: 4115.1, 0.000887421/step, 389.443 ns/days, 0.0936722 hours remaining, 0.000000 MB of memory in use.
PERFORMANCE: 4620000  averaging 388.005 ns/day, 0.00089071 sec/step with standard deviation 2.26829e-06
ENERGY: 4620000        18.3207        41.0791        30.2017         1.6769         -51106.7306    -85401.7744         0.0000         0.0000     10424.7613        -125992.4653       294.4780   -136417.2266   -125876.3038       297.6221             72.8283        76.0935    180966.8259       103.9952       103.4960

WRITING EXTENDED SYSTEM TO RESTART FILE AT STEP 4620000
WRITING COORDINATES TO DCD FILE ../output/02_eq_2_CLKW.0.dcd AT STEP 4620000
WRITING COORDINATES TO RESTART FILE AT STEP 4620000
FINISHED WRITING RESTART COORDINATES
WRITING VELOCITIES TO RESTART FILE AT STEP 4620000
FINISHED WRITING RESTART VELOCITIES
PRESSURE: 4630000 731.416 48.3987 -293.552 48.4011 -2717.11 -151.378 -293.553 -151.379 97.3849
GPRESSURE: 4630000 702.449 34.5204 -379.273 106.429 -2673.03 -163.39 -294.925 -102.666 77.9919
PRESSAVG: 4630000 1912.3 -39.698 -75.0731 -39.698 -1908.61 -42.9824 -75.0731 -42.9824 150.566
GPRESSAVG: 4630000 1913.81 -47.425 -69.9681 -42.9341 -1909.36 -34.6033 -73.546 -45.0424 148.501
TIMING: 4630000  CPU: 4123.31, 0.000886999/step  Wall: 4123.97, 0.000887196/step, 389.542 ns/days, 0.091184 hours remaining, 0.000000 MB of memory in use.
PERFORMANCE: 4630000  averaging 388.008 ns/day, 0.000890702 sec/step with standard deviation 2.27171e-06
ENERGY: 4630000        13.5531        48.2008        30.7636         2.0905         -50741.4556    -85456.7375         0.0000         0.0000     10435.2465        -125668.3387       294.7742   -136103.5852   -125872.3196       297.2554           -629.4358      -630.8639    181793.5736        51.4171        50.9814

WRITING EXTENDED SYSTEM TO RESTART FILE AT STEP 4630000
WRITING COORDINATES TO DCD FILE ../output/02_eq_2_CLKW.0.dcd AT STEP 4630000
WRITING COORDINATES TO RESTART FILE AT STEP 4630000
FINISHED WRITING RESTART COORDINATES
WRITING VELOCITIES TO RESTART FILE AT STEP 4630000
FINISHED WRITING RESTART VELOCITIES
PRESSURE: 4640000 1624.51 36.8617 2.03624 36.862 -2545.31 105.137 2.03393 105.138 -451.918
GPRESSURE: 4640000 1611.47 188.117 -5.53782 -29.1742 -2520.66 220.332 -87.1452 -115.18 -466.2
PRESSAVG: 4640000 1906.78 -36.1662 -93.5845 -36.1662 -1912.32 -51.1283 -93.5845 -51.1283 139.294
GPRESSAVG: 4640000 1907.92 -33.1336 -87.7287 -44.221 -1908.92 -38.0809 -95.3542 -61.8348 133.415
TIMING: 4640000  CPU: 4132.17, 0.000886822/step  Wall: 4132.84, 0.000887004/step, 389.626 ns/days, 0.0887004 hours remaining, 0.000000 MB of memory in use.
PERFORMANCE: 4640000  averaging 388.012 ns/day, 0.000890695 sec/step with standard deviation 2.27574e-06
ENERGY: 4640000        22.1264        40.9029        30.1208         0.4312         -50919.6341    -85531.9436         0.0000         0.0000     10559.7271        -125798.2692       298.2905   -136357.9963   -125870.0206       297.2454           -457.5743      -458.4620    182168.4822        44.5868        44.1370

WRITING EXTENDED SYSTEM TO RESTART FILE AT STEP 4640000
WRITING COORDINATES TO DCD FILE ../output/02_eq_2_CLKW.0.dcd AT STEP 4640000
WRITING COORDINATES TO RESTART FILE AT STEP 4640000
FINISHED WRITING RESTART COORDINATES
WRITING VELOCITIES TO RESTART FILE AT STEP 4640000
FINISHED WRITING RESTART VELOCITIES
PRESSURE: 4650000 1495.66 111.842 -164.427 111.841 -2387.47 -59.8135 -164.427 -59.8143 358.926
GPRESSURE: 4650000 1425.92 22.704 -59.1325 80.0059 -2339.82 -96.8361 -269.734 -56.5632 372.341
PRESSAVG: 4650000 1922.56 -36.303 -116.534 -36.303 -1897.12 -42.6536 -116.534 -42.6536 142.893
GPRESSAVG: 4650000 1920.25 -37.7305 -104.256 -44.7612 -1889.34 -37.9192 -122.069 -48.5025 135.969
TIMING: 4650000  CPU: 4141.04, 0.000886845/step  Wall: 4141.71, 0.000887014/step, 389.622 ns/days, 0.0862374 hours remaining, 0.000000 MB of memory in use.
PERFORMANCE: 4650000  averaging 388.015 ns/day, 0.000890687 sec/step with standard deviation 2.27969e-06
ENERGY: 4650000        19.2915        43.5369        30.5289         0.5185         -51156.6685    -85458.2148         0.0000         0.0000     10508.7889        -126012.2185       296.8516   -136521.0073   -125875.5679       297.2713           -177.6283      -180.5198    181066.6698        56.1120        55.6251

WRITING EXTENDED SYSTEM TO RESTART FILE AT STEP 4650000
WRITING COORDINATES TO DCD FILE ../output/02_eq_2_CLKW.0.dcd AT STEP 4650000
WRITING COORDINATES TO RESTART FILE AT STEP 4650000
FINISHED WRITING RESTART COORDINATES
WRITING VELOCITIES TO RESTART FILE AT STEP 4650000
FINISHED WRITING RESTART VELOCITIES
PRESSURE: 4660000 2275.68 -35.89 -110.42 -35.8884 -1817.6 137.223 -110.42 137.223 300.942
GPRESSURE: 4660000 2262.21 -65.2679 -169.136 -57.8135 -1818.68 119.959 -80.6926 198.409 301.673
PRESSAVG: 4660000 1940.34 -48.0925 -120.731 -48.0925 -1901 -49.9433 -120.731 -49.9433 119.358
GPRESSAVG: 4660000 1937.62 -50.0256 -111.398 -59.672 -1893.81 -43.228 -125.684 -53.1178 113.238
TIMING: 4660000  CPU: 4149.92, 0.000887632/step  Wall: 4150.59, 0.000887728/step, 389.309 ns/days, 0.0838409 hours remaining, 0.000000 MB of memory in use.
PERFORMANCE: 4660000  averaging 388.018 ns/day, 0.00089068 sec/step with standard deviation 2.28136e-06
ENERGY: 4660000        13.8555        49.7021        27.2547         3.7022         -51086.0109    -85383.2729         0.0000         0.0000     10757.4988        -125617.2705       303.8772   -136374.7693   -125857.6527       297.6581            253.0094       248.3994    181332.8103        52.9006        52.3465

WRITING EXTENDED SYSTEM TO RESTART FILE AT STEP 4660000
WRITING COORDINATES TO DCD FILE ../output/02_eq_2_CLKW.0.dcd AT STEP 4660000
WRITING COORDINATES TO RESTART FILE AT STEP 4660000
FINISHED WRITING RESTART COORDINATES
WRITING VELOCITIES TO RESTART FILE AT STEP 4660000
FINISHED WRITING RESTART VELOCITIES
PRESSURE: 4670000 1125.97 43.9973 6.73158 43.996 -2513.91 1.26274 6.73301 1.26167 -180.309
GPRESSURE: 4670000 1106.1 90.5734 36.2138 48.0595 -2519.27 96.4497 -97.8012 -70.9992 -144.607
PRESSAVG: 4670000 1905.04 -58.395 -122.771 -58.395 -1919.33 -51.3514 -122.771 -51.3514 113.446
GPRESSAVG: 4670000 1902.47 -58.7923 -111.826 -65.8461 -1911.88 -36.8914 -135.738 -57.7339 107.754
TIMING: 4670000  CPU: 4158.81, 0.000888676/step  Wall: 4159.48, 0.000888693/step, 388.886 ns/days, 0.0814635 hours remaining, 0.000000 MB of memory in use.
PERFORMANCE: 4670000  averaging 388.02 ns/day, 0.000890676 sec/step with standard deviation 2.28076e-06
ENERGY: 4670000        15.2620        48.1278        33.2899         0.8910         -50908.3028    -85474.4270         0.0000         0.0000     10520.4106        -125764.7485       297.1799   -136285.1591   -125849.2071       297.6594           -522.7494      -519.2600    181269.0788        33.0519        32.7822

WRITING EXTENDED SYSTEM TO RESTART FILE AT STEP 4670000
WRITING COORDINATES TO DCD FILE ../output/02_eq_2_CLKW.0.dcd AT STEP 4670000
WRITING COORDINATES TO RESTART FILE AT STEP 4670000
FINISHED WRITING RESTART COORDINATES
WRITING VELOCITIES TO RESTART FILE AT STEP 4670000
FINISHED WRITING RESTART VELOCITIES
PRESSURE: 4680000 2463.24 124.52 -104.342 124.518 -1933.08 -133.966 -104.342 -133.965 3.4404
GPRESSURE: 4680000 2460.82 208.876 -84.0865 61.3692 -1862.93 -47.5366 -145.969 -206.195 -56.0587
PRESSAVG: 4680000 1958.61 -54.5511 -131.696 -54.5511 -1891.32 -56.5858 -131.696 -56.5858 140.682
GPRESSAVG: 4680000 1954.88 -56.9567 -122.648 -61.0391 -1879.02 -35.1192 -141.747 -65.4079 131.612
TIMING: 4680000  CPU: 4167.69, 0.000888533/step  Wall: 4168.36, 0.000888723/step, 388.872 ns/days, 0.0789976 hours remaining, 0.000000 MB of memory in use.
PERFORMANCE: 4680000  averaging 388.022 ns/day, 0.000890672 sec/step with standard deviation 2.28011e-06
ENERGY: 4680000        14.6540        40.0461        28.5071         1.0660         -51166.4484    -85440.9581         0.0000         0.0000     10670.6324        -125852.5009       301.4234   -136523.1333   -125843.2454       297.8318            177.8672       180.6095    180767.5960        69.3254        69.1575

WRITING EXTENDED SYSTEM TO RESTART FILE AT STEP 4680000
WRITING COORDINATES TO DCD FILE ../output/02_eq_2_CLKW.0.dcd AT STEP 4680000
WRITING COORDINATES TO RESTART FILE AT STEP 4680000
FINISHED WRITING RESTART COORDINATES
WRITING VELOCITIES TO RESTART FILE AT STEP 4680000
FINISHED WRITING RESTART VELOCITIES
PRESSURE: 4690000 2218.73 -65.2216 -99.0056 -65.2249 -1955.59 -12.5746 -99.0044 -12.5739 -80.4613
GPRESSURE: 4690000 2234.35 136.013 -165.162 -172.737 -2007.16 -43.3036 -138.418 -52.133 -51.7315
PRESSAVG: 4690000 1981.22 -66.1456 -144.647 -66.1456 -1880.18 -53.6273 -144.647 -53.6273 123.321
GPRESSAVG: 4690000 1977.67 -55.3525 -142.585 -77.2295 -1869.74 -39.8549 -154.476 -63.0649 115.579
TIMING: 4690000  CPU: 4176.59, 0.000890308/step  Wall: 4177.27, 0.000890505/step, 388.094 ns/days, 0.0766824 hours remaining, 0.000000 MB of memory in use.
PERFORMANCE: 4690000  averaging 388.022 ns/day, 0.000890671 sec/step with standard deviation 2.27768e-06
ENERGY: 4690000        16.4563        52.0279        34.1751         1.4071         -51124.5457    -85450.9730         0.0000         0.0000     10568.3975        -125903.0548       298.5354   -136471.4523   -125847.8158       297.9769             60.8929        58.4861    180675.5723        74.7853        74.5020

WRITING EXTENDED SYSTEM TO RESTART FILE AT STEP 4690000
WRITING COORDINATES TO DCD FILE ../output/02_eq_2_CLKW.0.dcd AT STEP 4690000
WRITING COORDINATES TO RESTART FILE AT STEP 4690000
FINISHED WRITING RESTART COORDINATES
WRITING VELOCITIES TO RESTART FILE AT STEP 4690000
FINISHED WRITING RESTART VELOCITIES
PRESSURE: 4700000 1564.42 -29.9065 -76.3679 -29.9048 -2388.64 47.6423 -76.367 47.6413 -508.902
GPRESSURE: 4700000 1592.12 40.3008 -126.711 -70.3344 -2356.18 36.8904 1.19082 137.362 -557.171
PRESSAVG: 4700000 1954.62 -66.9439 -133.056 -66.9439 -1889.75 -58.2535 -133.056 -58.2535 97.7348
GPRESSAVG: 4700000 1954.22 -49.1506 -128.71 -84.6045 -1877.29 -45.8576 -143.653 -66.504 84.7846
TIMING: 4700000  CPU: 4185.51, 0.000891325/step  Wall: 4186.18, 0.000891466/step, 387.676 ns/days, 0.0742888 hours remaining, 0.000000 MB of memory in use.
PERFORMANCE: 4700000  averaging 388.021 ns/day, 0.000890673 sec/step with standard deviation 2.27555e-06
ETITLE:      TS           BOND          ANGLE          DIHED          IMPRP               ELECT            VDW       BOUNDARY           MISC        KINETIC               TOTAL           TEMP      POTENTIAL       TOTALAVG        TEMPAVG            PRESSURE      GPRESSURE         VOLUME       PRESSAVG      GPRESSAVG

ENERGY: 4700000        13.0188        47.1970        30.8980         3.5447         -51046.6178    -85395.7952         0.0000         0.0000     10499.2182        -125848.5363       296.5813   -136347.7545   -125849.8380       297.8742           -444.3755      -440.4104    181227.1863        54.1986        53.9070

WRITING EXTENDED SYSTEM TO RESTART FILE AT STEP 4700000
WRITING COORDINATES TO DCD FILE ../output/02_eq_2_CLKW.0.dcd AT STEP 4700000
WRITING COORDINATES TO RESTART FILE AT STEP 4700000
FINISHED WRITING RESTART COORDINATES
WRITING VELOCITIES TO RESTART FILE AT STEP 4700000
FINISHED WRITING RESTART VELOCITIES
PRESSURE: 4710000 1822.76 40.3165 298.25 40.3136 -2005.34 -53.4012 298.25 -53.4011 338.71
GPRESSURE: 4710000 1807.79 48.0059 145.614 -29.5077 -1982.53 -90.8397 241.598 28.5034 348.618
PRESSAVG: 4710000 1965.64 -44.457 -95.0087 -44.457 -1894.32 -61.8475 -95.0087 -61.8475 91.3971
GPRESSAVG: 4710000 1961.83 -25.405 -100.984 -66.2771 -1878.73 -52.0694 -105.704 -69.3169 79.5928
TIMING: 4710000  CPU: 4194.42, 0.000891537/step  Wall: 4195.1, 0.000891773/step, 387.543 ns/days, 0.0718372 hours remaining, 0.000000 MB of memory in use.
PERFORMANCE: 4710000  averaging 388.02 ns/day, 0.000890675 sec/step with standard deviation 2.27369e-06
ENERGY: 4710000        17.1628        42.7222        31.4547         2.6512         -50831.2801    -85472.7656         0.0000         0.0000     10482.7724        -125727.2823       296.1167   -136210.0546   -125832.9219       297.9025             52.0432        57.9592    181602.8007        54.2406        54.2313

WRITING EXTENDED SYSTEM TO RESTART FILE AT STEP 4710000
WRITING COORDINATES TO DCD FILE ../output/02_eq_2_CLKW.0.dcd AT STEP 4710000
WRITING COORDINATES TO RESTART FILE AT STEP 4710000
FINISHED WRITING RESTART COORDINATES
WRITING VELOCITIES TO RESTART FILE AT STEP 4710000
FINISHED WRITING RESTART VELOCITIES
PRESSURE: 4720000 1912.67 129.66 -83.8802 129.66 -2175.52 -224.301 -83.8796 -224.301 231.689
GPRESSURE: 4720000 1968.36 140.43 -132.99 133.595 -2243.69 -272.215 -28.6934 -130.193 254.506
PRESSAVG: 4720000 1955.73 -39.3555 -93.5376 -39.3555 -1929.11 -65.42 -93.5376 -65.42 93.0332
GPRESSAVG: 4720000 1955.87 -24.5732 -102.99 -58.8637 -1919.37 -53.5209 -103.994 -69.7021 84.3185
TIMING: 4720000  CPU: 4203.33, 0.000890276/step  Wall: 4204, 0.000890263/step, 388.2 ns/days, 0.0692426 hours remaining, 0.000000 MB of memory in use.
PERFORMANCE: 4720000  averaging 388.02 ns/day, 0.000890675 sec/step with standard deviation 2.27135e-06
ENERGY: 4720000        17.3978        42.4158        26.3945         2.9000         -51326.1511    -85320.3579         0.0000         0.0000     10447.8538        -126109.5471       295.1303   -136557.4009   -125846.9962       297.8251            -10.3862        -6.9419    181080.2112        39.8847        40.2725

WRITING EXTENDED SYSTEM TO RESTART FILE AT STEP 4720000
WRITING COORDINATES TO DCD FILE ../output/02_eq_2_CLKW.0.dcd AT STEP 4720000
WRITING COORDINATES TO RESTART FILE AT STEP 4720000
FINISHED WRITING RESTART COORDINATES
WRITING VELOCITIES TO RESTART FILE AT STEP 4720000
FINISHED WRITING RESTART VELOCITIES
PRESSURE: 4730000 1790.54 -26.5077 -75.0636 -26.5096 -2124.39 -122.527 -75.0641 -122.526 93.8022
GPRESSURE: 4730000 1736.46 22.5393 -36.3309 -25.1801 -2159.13 -200.316 -89.7346 -91.7097 170.662
PRESSAVG: 4730000 1932.02 -25.5561 -74.794 -25.5561 -1962.89 -82.2332 -74.794 -82.2332 79.8629
GPRESSAVG: 4730000 1925.57 -9.68275 -84.3951 -52.5233 -1953.59 -71.6762 -82.7628 -90.3168 76.6192
TIMING: 4730000  CPU: 4212.23, 0.000890096/step  Wall: 4212.91, 0.000890306/step, 388.181 ns/days, 0.0667729 hours remaining, 0.000000 MB of memory in use.
PERFORMANCE: 4730000  averaging 388.021 ns/day, 0.000890674 sec/step with standard deviation 2.26901e-06
ENERGY: 4730000        12.8321        51.3666        29.8053         2.9746         -50975.3851    -85396.5761         0.0000         0.0000     10490.7635        -125784.2192       296.3424   -136274.9827   -125844.1927       297.7583            -80.0160       -84.0002    181727.1392        16.3286        16.2025

WRITING EXTENDED SYSTEM TO RESTART FILE AT STEP 4730000
WRITING COORDINATES TO DCD FILE ../output/02_eq_2_CLKW.0.dcd AT STEP 4730000
WRITING COORDINATES TO RESTART FILE AT STEP 4730000
FINISHED WRITING RESTART COORDINATES
WRITING VELOCITIES TO RESTART FILE AT STEP 4730000
FINISHED WRITING RESTART VELOCITIES
PRESSURE: 4740000 1598.49 -143.614 -120.861 -143.612 -2361.32 -70.7592 -120.863 -70.7571 -218.891
GPRESSURE: 4740000 1644.69 -32.5783 -186.288 -141.085 -2402.46 -147.167 -45.2884 -150.843 -212.184
PRESSAVG: 4740000 1895.65 -32.1134 -89.1874 -32.1134 -1984.44 -92.6685 -89.1874 -92.6685 76.9151
GPRESSAVG: 4740000 1891.3 -14.4042 -103.671 -55.7785 -1979.45 -79.0965 -90.1741 -103.688 77.8116
TIMING: 4740000  CPU: 4221.13, 0.000890807/step  Wall: 4221.82, 0.000890981/step, 387.887 ns/days, 0.0643487 hours remaining, 0.000000 MB of memory in use.
PERFORMANCE: 4740000  averaging 388.021 ns/day, 0.000890674 sec/step with standard deviation 2.26665e-06
ENERGY: 4740000        19.8915        45.4477        28.9056         0.3901         -51019.3071    -85559.8406         0.0000         0.0000     10491.2853        -125993.2275       296.3572   -136484.5128   -125857.4640       297.6504           -327.2407      -323.3161    181134.9554        -3.9563        -3.4461

WRITING EXTENDED SYSTEM TO RESTART FILE AT STEP 4740000
WRITING COORDINATES TO DCD FILE ../output/02_eq_2_CLKW.0.dcd AT STEP 4740000
WRITING COORDINATES TO RESTART FILE AT STEP 4740000
FINISHED WRITING RESTART COORDINATES
WRITING VELOCITIES TO RESTART FILE AT STEP 4740000
FINISHED WRITING RESTART VELOCITIES
PRESSURE: 4750000 1705.5 177.827 134.4 177.827 -2147.28 85.7882 134.402 85.7896 -823.993
GPRESSURE: 4750000 1749.02 221.619 63.4059 168.4 -2165.74 51.2704 160.295 122.658 -847.364
PRESSAVG: 4750000 1920.15 -30.806 -96.6131 -30.806 -1980.97 -85.6252 -96.6131 -85.6252 41.2554
GPRESSAVG: 4750000 1919.31 -15.7308 -116.147 -48.5691 -1978 -78.9029 -96.5032 -92.5632 41.225
TIMING: 4750000  CPU: 4230.05, 0.000891313/step  Wall: 4230.73, 0.000891563/step, 387.634 ns/days, 0.0619141 hours remaining, 0.000000 MB of memory in use.
PERFORMANCE: 4750000  averaging 388.02 ns/day, 0.000890676 sec/step with standard deviation 2.26463e-06
ENERGY: 4750000        13.8847        46.4619        27.0243         0.7946         -50870.7717    -85506.1425         0.0000         0.0000     10546.3373        -125742.4114       297.9123   -136288.7486   -125853.3666       297.5121           -421.9257      -421.3613    182555.2270        -6.5208        -5.8229

WRITING EXTENDED SYSTEM TO RESTART FILE AT STEP 4750000
WRITING COORDINATES TO DCD FILE ../output/02_eq_2_CLKW.0.dcd AT STEP 4750000
WRITING COORDINATES TO RESTART FILE AT STEP 4750000
FINISHED WRITING RESTART COORDINATES
WRITING VELOCITIES TO RESTART FILE AT STEP 4750000
FINISHED WRITING RESTART VELOCITIES
PRESSURE: 4760000 1934.1 -30.3029 -1.12268 -30.3012 -1883.46 244.17 -1.12281 244.169 15.4003
GPRESSURE: 4760000 1926.46 -52.4183 -38.0858 -65.1722 -1876.31 163.157 172.59 240.777 11.9278
PRESSAVG: 4760000 1904.42 -32.3646 -85.7167 -32.3646 -2006.87 -54.9742 -85.7167 -54.9742 28.964
GPRESSAVG: 4760000 1902.21 -17.0215 -107.09 -49.6067 -2001.51 -57.7352 -77.3028 -64.2586 27.1899
TIMING: 4760000  CPU: 4238.95, 0.000889753/step  Wall: 4239.63, 0.00088978/step, 388.411 ns/days, 0.0593187 hours remaining, 0.000000 MB of memory in use.
PERFORMANCE: 4760000  averaging 388.021 ns/day, 0.000890674 sec/step with standard deviation 2.26262e-06
ENERGY: 4760000        16.0284        43.5909        24.7204         2.5141         -51097.9360    -85488.7423         0.0000         0.0000     10540.9521        -125958.8724       297.7602   -136499.8245   -125865.2870       297.5935             22.0139        20.6914    181034.5075       -24.4957       -24.0373

WRITING EXTENDED SYSTEM TO RESTART FILE AT STEP 4760000
WRITING COORDINATES TO DCD FILE ../output/02_eq_2_CLKW.0.dcd AT STEP 4760000
WRITING COORDINATES TO RESTART FILE AT STEP 4760000
FINISHED WRITING RESTART COORDINATES
WRITING VELOCITIES TO RESTART FILE AT STEP 4760000
FINISHED WRITING RESTART VELOCITIES
PRESSURE: 4770000 1619.66 154.707 16.6864 154.708 -2321.62 110.396 16.6856 110.397 -22.0209
GPRESSURE: 4770000 1647.82 95.261 80.2794 231.137 -2375.26 133.28 -85.6674 105.558 22.5137
PRESSAVG: 4770000 1884.37 -20.1845 -92.9084 -20.1845 -2036.32 -36.9803 -92.9084 -36.9803 22.0709
GPRESSAVG: 4770000 1881.68 -1.03168 -111.53 -37.3527 -2037.28 -39.3808 -91.8692 -40.1167 27.8185
TIMING: 4770000  CPU: 4247.86, 0.00089101/step  Wall: 4248.54, 0.0008912/step, 387.792 ns/days, 0.0569378 hours remaining, 0.000000 MB of memory in use.
PERFORMANCE: 4770000  averaging 388.02 ns/day, 0.000890676 sec/step with standard deviation 2.26037e-06
ENERGY: 4770000        24.5910        42.2700        27.8357         2.8210         -50985.9187    -85623.0822         0.0000         0.0000     10460.6636        -126050.8196       295.4922   -136511.4832   -125870.7430       297.4442           -241.3274      -234.9740    180696.0298       -43.2935       -42.5947

WRITING EXTENDED SYSTEM TO RESTART FILE AT STEP 4770000
WRITING COORDINATES TO DCD FILE ../output/02_eq_2_CLKW.0.dcd AT STEP 4770000
WRITING COORDINATES TO RESTART FILE AT STEP 4770000
FINISHED WRITING RESTART COORDINATES
WRITING VELOCITIES TO RESTART FILE AT STEP 4770000
FINISHED WRITING RESTART VELOCITIES
PRESSURE: 4780000 2193.07 -314.437 -51.3341 -314.438 -2083.53 131.121 -51.3353 131.121 -570.802
GPRESSURE: 4780000 2175.53 -320.356 -93.057 -239.03 -2066.65 7.79995 -2.22737 126.837 -560.307
PRESSAVG: 4780000 1874.03 -10.545 -79.919 -10.545 -2085.93 -16.2903 -79.919 -16.2903 -53.4402
GPRESSAVG: 4780000 1872.26 10.3414 -100.759 -19.4081 -2089.26 -28.9209 -71.3918 -18.0462 -45.7385
TIMING: 4780000  CPU: 4256.76, 0.000890847/step  Wall: 4257.45, 0.000891006/step, 387.876 ns/days, 0.0544503 hours remaining, 0.000000 MB of memory in use.
PERFORMANCE: 4780000  averaging 388.02 ns/day, 0.000890676 sec/step with standard deviation 2.25805e-06
ENERGY: 4780000        15.6322        49.1233        23.9634         1.9912         -50975.8979    -85462.9267         0.0000         0.0000     10551.9909        -125796.1236       298.0720   -136348.1145   -125863.0685       297.5478           -153.7532      -150.4741    181887.1324       -88.4462       -87.5812

WRITING EXTENDED SYSTEM TO RESTART FILE AT STEP 4780000
WRITING COORDINATES TO DCD FILE ../output/02_eq_2_CLKW.0.dcd AT STEP 4780000
WRITING COORDINATES TO RESTART FILE AT STEP 4780000
FINISHED WRITING RESTART COORDINATES
WRITING VELOCITIES TO RESTART FILE AT STEP 4780000
FINISHED WRITING RESTART VELOCITIES
PRESSURE: 4790000 2574.24 202.844 248.82 202.841 -1835.38 -154.833 248.822 -154.833 -416.976
GPRESSURE: 4790000 2579.04 80.9367 179.626 313.186 -1814.73 -228.946 250.602 -181.963 -446.847
PRESSAVG: 4790000 1894.11 11.459 -55.3172 11.459 -2092.88 -2.51111 -55.3172 -2.51111 -76.9817
GPRESSAVG: 4790000 1890.9 29.3305 -82.0219 7.77793 -2091.1 -17.1378 -46.8692 -8.67587 -73.1577
TIMING: 4790000  CPU: 4265.68, 0.000891342/step  Wall: 4266.37, 0.000891459/step, 387.679 ns/days, 0.0520018 hours remaining, 0.000000 MB of memory in use.
PERFORMANCE: 4790000  averaging 388.019 ns/day, 0.000890678 sec/step with standard deviation 2.25597e-06
ENERGY: 4790000        19.2937        45.7008        29.5710         1.9868         -51082.9520    -85344.7087         0.0000         0.0000     10438.1925        -125892.9159       294.8574   -136331.1083   -125856.6681       297.4107            107.2958       105.8213    180672.6271       -91.9151       -91.1211

WRITING EXTENDED SYSTEM TO RESTART FILE AT STEP 4790000
WRITING COORDINATES TO DCD FILE ../output/02_eq_2_CLKW.0.dcd AT STEP 4790000
WRITING COORDINATES TO RESTART FILE AT STEP 4790000
FINISHED WRITING RESTART COORDINATES
WRITING VELOCITIES TO RESTART FILE AT STEP 4790000
FINISHED WRITING RESTART VELOCITIES
PRESSURE: 4800000 1062.91 -276.999 -8.04872 -276.999 -2544.22 -607.59 -8.04721 -607.59 -65.9826
GPRESSURE: 4800000 1102.26 -339.6 37.7968 -214.1 -2574.66 -481.076 -71.4353 -575.136 -82.8842
PRESSAVG: 4800000 1840.91 -7.43045 -60.2345 -7.43045 -2123.7 -34.0197 -60.2345 -34.0197 -90.6012
GPRESSAVG: 4800000 1840.76 6.34656 -79.8745 -5.06727 -2121.51 -47.7361 -60.6734 -32.6734 -90.4994
TIMING: 4800000  CPU: 4274.59, 0.000891706/step  Wall: 4275.29, 0.000891874/step, 387.499 ns/days, 0.0495485 hours remaining, 0.000000 MB of memory in use.
PERFORMANCE: 4800000  averaging 388.018 ns/day, 0.00089068 sec/step with standard deviation 2.25427e-06
ETITLE:      TS           BOND          ANGLE          DIHED          IMPRP               ELECT            VDW       BOUNDARY           MISC        KINETIC               TOTAL           TEMP      POTENTIAL       TOTALAVG        TEMPAVG            PRESSURE      GPRESSURE         VOLUME       PRESSAVG      GPRESSAVG

ENERGY: 4800000        14.4664        52.3280        30.5893         2.7540         -50979.8198    -85496.9274         0.0000         0.0000     10525.3089        -125851.3006       297.3183   -136376.6095   -125864.9869       297.2778           -515.7664      -518.4275    181290.1619      -124.4655      -123.7518

WRITING EXTENDED SYSTEM TO RESTART FILE AT STEP 4800000
WRITING COORDINATES TO DCD FILE ../output/02_eq_2_CLKW.0.dcd AT STEP 4800000
WRITING COORDINATES TO RESTART FILE AT STEP 4800000
FINISHED WRITING RESTART COORDINATES
WRITING VELOCITIES TO RESTART FILE AT STEP 4800000
FINISHED WRITING RESTART VELOCITIES
PRESSURE: 4810000 2145.69 0.023482 187.188 0.0204408 -2051.98 224.575 187.19 224.577 -689.896
GPRESSURE: 4810000 2149.64 7.33422 40.5508 131.646 -2030.86 247.828 233.005 94.3941 -700.086
PRESSAVG: 4810000 1797.82 -2.36202 -38.3807 -2.36202 -2160.78 -23.0331 -38.3807 -23.0331 -152.278
GPRESSAVG: 4810000 1797.09 13.967 -69.2735 6.65294 -2160.64 -36.1643 -37.783 -27.8073 -148.656
TIMING: 4810000  CPU: 4283.49, 0.000889399/step  Wall: 4284.18, 0.000889653/step, 388.466 ns/days, 0.0469539 hours remaining, 0.000000 MB of memory in use.
PERFORMANCE: 4810000  averaging 388.019 ns/day, 0.000890678 sec/step with standard deviation 2.25241e-06
ENERGY: 4810000        17.9762        49.9814        25.3819         2.3663         -51068.3074    -85326.5928         0.0000         0.0000     10529.1623        -125770.0321       297.4271   -136299.1944   -125856.7077       297.2389           -198.7291      -193.7663    180891.3911      -171.7479      -170.7359

WRITING EXTENDED SYSTEM TO RESTART FILE AT STEP 4810000
WRITING COORDINATES TO DCD FILE ../output/02_eq_2_CLKW.0.dcd AT STEP 4810000
WRITING COORDINATES TO RESTART FILE AT STEP 4810000
FINISHED WRITING RESTART COORDINATES
WRITING VELOCITIES TO RESTART FILE AT STEP 4810000
FINISHED WRITING RESTART VELOCITIES
PRESSURE: 4820000 1337.75 36.3095 271.406 36.3098 -1831.23 -77.3926 271.407 -77.3934 59.6345
GPRESSURE: 4820000 1279.46 92.0166 213.502 -34.8115 -1813.67 -143.636 215.591 -23.2905 110.658
PRESSAVG: 4820000 1759.85 9.22107 -1.14509 9.22107 -2181.2 -29.0608 -1.14509 -29.0608 -126.511
GPRESSAVG: 4820000 1758.1 30.9514 -33.9401 9.7441 -2180.17 -41.9148 -8.1429 -35.1185 -122.727
TIMING: 4820000  CPU: 4292.4, 0.000891236/step  Wall: 4293.1, 0.000891389/step, 387.709 ns/days, 0.0445695 hours remaining, 0.000000 MB of memory in use.
PERFORMANCE: 4820000  averaging 388.018 ns/day, 0.00089068 sec/step with standard deviation 2.2503e-06
ENERGY: 4820000        19.7123        45.0244        27.7199         0.5260         -51201.2455    -85411.6553         0.0000         0.0000     10615.9584        -125903.9597       299.8789   -136519.9182   -125852.2824       297.5089           -144.6139      -141.1837    180935.0229      -182.6200      -181.5997

WRITING EXTENDED SYSTEM TO RESTART FILE AT STEP 4820000
WRITING COORDINATES TO DCD FILE ../output/02_eq_2_CLKW.0.dcd AT STEP 4820000
WRITING COORDINATES TO RESTART FILE AT STEP 4820000
FINISHED WRITING RESTART COORDINATES
WRITING VELOCITIES TO RESTART FILE AT STEP 4820000
FINISHED WRITING RESTART VELOCITIES
PRESSURE: 4830000 2099.03 238.869 -142.858 238.869 -2069.75 -301.381 -142.858 -301.38 -23.6359
GPRESSURE: 4830000 2110.14 214.464 -7.71387 202.73 -2058 -184.024 -107.575 -372.67 -44.5671
PRESSAVG: 4830000 1828.23 18.7445 6.38967 18.7445 -2148.83 -36.5609 6.38967 -36.5609 -132.562
GPRESSAVG: 4830000 1828.48 39.9486 -15.3621 14.5591 -2149.42 -42.9465 1.22457 -48.6187 -128.855
TIMING: 4830000  CPU: 4301.32, 0.000891777/step  Wall: 4302.01, 0.000891779/step, 387.54 ns/days, 0.0421118 hours remaining, 0.000000 MB of memory in use.
PERFORMANCE: 4830000  averaging 388.017 ns/day, 0.000890682 sec/step with standard deviation 2.24852e-06
ENERGY: 4830000        14.1432        45.3530        30.2880         1.4829         -51155.7725    -85462.6586         0.0000         0.0000     10414.5023        -126112.6616       294.1882   -136527.1640   -125874.4986       297.4796              1.8813         2.5247    180896.7317      -151.0541      -149.9303

WRITING EXTENDED SYSTEM TO RESTART FILE AT STEP 4830000
WRITING COORDINATES TO DCD FILE ../output/02_eq_2_CLKW.0.dcd AT STEP 4830000
WRITING COORDINATES TO RESTART FILE AT STEP 4830000
FINISHED WRITING RESTART COORDINATES
WRITING VELOCITIES TO RESTART FILE AT STEP 4830000
FINISHED WRITING RESTART VELOCITIES
PRESSURE: 4840000 2050.36 -34.5115 -54.9351 -34.5085 -2304.24 266.557 -54.9333 266.556 429.214
GPRESSURE: 4840000 2069.92 -79.2591 -38.804 42.0431 -2316.68 175.556 -160.459 266.058 423.125
PRESSAVG: 4840000 1849.52 15.1759 3.54131 15.1759 -2136.78 -28.49 3.54131 -28.49 -88.5056
GPRESSAVG: 4840000 1851.41 26.5797 -17.0255 18.12 -2139.22 -45.1853 -2.44113 -29.5568 -84.3891
TIMING: 4840000  CPU: 4310.23, 0.000890772/step  Wall: 4310.92, 0.000890853/step, 387.943 ns/days, 0.0395935 hours remaining, 0.000000 MB of memory in use.
PERFORMANCE: 4840000  averaging 388.017 ns/day, 0.000890682 sec/step with standard deviation 2.24621e-06
ENERGY: 4840000        14.9434        46.9734        26.9650         1.3601         -51063.8829    -85477.9545         0.0000         0.0000     10385.2069        -126066.3886       293.3607   -136451.5955   -125887.9046       297.2331             58.4449        58.7873    180881.8204      -125.2532      -124.0678

WRITING EXTENDED SYSTEM TO RESTART FILE AT STEP 4840000
WRITING COORDINATES TO DCD FILE ../output/02_eq_2_CLKW.0.dcd AT STEP 4840000
WRITING COORDINATES TO RESTART FILE AT STEP 4840000
FINISHED WRITING RESTART COORDINATES
WRITING VELOCITIES TO RESTART FILE AT STEP 4840000
FINISHED WRITING RESTART VELOCITIES
PRESSURE: 4850000 2158.84 -224.066 -38.2784 -224.067 -1797.2 -387.427 -38.2776 -387.43 637.246
GPRESSURE: 4850000 2101.06 -195.893 -189.39 -343.724 -1783.97 -355.455 126.742 -442.811 691.049
PRESSAVG: 4850000 1882.68 -1.6195 9.84876 -1.6195 -2107.26 -44.8708 9.84876 -44.8708 -74.5896
GPRESSAVG: 4850000 1885.16 15.6499 -23.5383 -3.06651 -2111.43 -58.1163 17.3827 -48.8692 -68.4537
TIMING: 4850000  CPU: 4319.13, 0.000890022/step  Wall: 4319.83, 0.00089021/step, 388.223 ns/days, 0.0370921 hours remaining, 0.000000 MB of memory in use.
PERFORMANCE: 4850000  averaging 388.018 ns/day, 0.000890681 sec/step with standard deviation 2.24399e-06
ENERGY: 4850000        12.3961        49.8202        25.1059         1.8795         -51417.5213    -85345.9112         0.0000         0.0000     10576.6602        -126097.5706       298.7688   -136674.2309   -125892.1722       297.3290            332.9631       336.0446    180417.4865       -99.7236       -98.2396

WRITING EXTENDED SYSTEM TO RESTART FILE AT STEP 4850000
WRITING COORDINATES TO DCD FILE ../output/02_eq_2_CLKW.0.dcd AT STEP 4850000
WRITING COORDINATES TO RESTART FILE AT STEP 4850000
FINISHED WRITING RESTART COORDINATES
WRITING VELOCITIES TO RESTART FILE AT STEP 4850000
FINISHED WRITING RESTART VELOCITIES
PRESSURE: 4860000 1683.01 115.856 -126.32 115.854 -2409.04 126.417 -126.32 126.417 205.561
GPRESSURE: 4860000 1646.17 177.051 -129.824 38.2351 -2370.27 82.8881 -127.295 116.682 205.551
PRESSAVG: 4860000 1853.05 5.9676 9.05374 5.9676 -2136.84 -45.4111 9.05374 -45.4111 -79.3586
GPRESSAVG: 4860000 1854.36 27.7658 -21.5727 1.73592 -2139.01 -59.9698 15.0525 -52.9556 -73.2598
TIMING: 4860000  CPU: 4328.04, 0.000891057/step  Wall: 4328.74, 0.000891524/step, 387.651 ns/days, 0.0346704 hours remaining, 0.000000 MB of memory in use.
PERFORMANCE: 4860000  averaging 388.017 ns/day, 0.000890683 sec/step with standard deviation 2.242e-06
ENERGY: 4860000        10.3849        41.6697        28.0595         1.5115         -51087.1376    -85293.7479         0.0000         0.0000     10440.8863        -125858.3737       294.9335   -136299.2600   -125904.2273       296.8818           -173.4906      -172.8489    181312.9232      -121.0486      -119.3020

WRITING EXTENDED SYSTEM TO RESTART FILE AT STEP 4860000
WRITING COORDINATES TO DCD FILE ../output/02_eq_2_CLKW.0.dcd AT STEP 4860000
WRITING COORDINATES TO RESTART FILE AT STEP 4860000
FINISHED WRITING RESTART COORDINATES
WRITING VELOCITIES TO RESTART FILE AT STEP 4860000
FINISHED WRITING RESTART VELOCITIES
PRESSURE: 4870000 2062.28 116.218 -153.286 116.219 -1850.1 -75.1829 -153.285 -75.1823 18.6098
GPRESSURE: 4870000 2014.26 22.3274 -128.737 128.75 -1842.56 -154.349 -206.861 -118.722 46.9522
PRESSAVG: 4870000 1899.86 9.57876 1.05282 9.57876 -2103.65 -49.2333 1.05282 -49.2333 -69.4127
GPRESSAVG: 4870000 1899.77 24.3535 -29.8203 5.77047 -2105.17 -72.5097 9.59956 -55.3417 -63.6818
TIMING: 4870000  CPU: 4336.93, 0.000889731/step  Wall: 4337.64, 0.000889986/step, 388.321 ns/days, 0.0321384 hours remaining, 0.000000 MB of memory in use.
PERFORMANCE: 4870000  averaging 388.017 ns/day, 0.000890682 sec/step with standard deviation 2.23991e-06
ENERGY: 4870000        11.7593        41.7087        34.4669         2.6625         -50967.6925    -85472.6558         0.0000         0.0000     10544.9885        -125804.7625       297.8742   -136349.7509   -125906.2280       296.9165             76.9297        72.8829    180539.4223       -91.0646       -89.6949

WRITING EXTENDED SYSTEM TO RESTART FILE AT STEP 4870000
WRITING COORDINATES TO DCD FILE ../output/02_eq_2_CLKW.0.dcd AT STEP 4870000
WRITING COORDINATES TO RESTART FILE AT STEP 4870000
FINISHED WRITING RESTART COORDINATES
WRITING VELOCITIES TO RESTART FILE AT STEP 4870000
FINISHED WRITING RESTART VELOCITIES
PRESSURE: 4880000 2223.69 115.272 -104.5 115.272 -1907.52 154.328 -104.501 154.327 -27.7794
GPRESSURE: 4880000 2334.79 210.005 -155.909 115.668 -2002.9 92.3876 -40.9421 105.2 -50.4875
PRESSAVG: 4880000 1887.89 9.11644 1.04486 9.11644 -2102.37 -34.8187 1.04486 -34.8187 -70.9737
GPRESSAVG: 4880000 1893.47 24.41 -33.4114 8.4854 -2112.17 -65.5135 14.8509 -39.772 -63.4033
TIMING: 4880000  CPU: 4345.84, 0.000890139/step  Wall: 4346.54, 0.000890267/step, 388.198 ns/days, 0.0296756 hours remaining, 0.000000 MB of memory in use.
PERFORMANCE: 4880000  averaging 388.018 ns/day, 0.000890681 sec/step with standard deviation 2.23769e-06
ENERGY: 4880000        15.5179        45.7431        28.3648         3.1347         -51205.9826    -85350.7159         0.0000         0.0000     10618.3633        -125845.5747       299.9469   -136463.9380   -125905.8817       296.8427             96.1325        93.8005    181072.2557       -95.1514       -94.0353

WRITING EXTENDED SYSTEM TO RESTART FILE AT STEP 4880000
WRITING COORDINATES TO DCD FILE ../output/02_eq_2_CLKW.0.dcd AT STEP 4880000
WRITING COORDINATES TO RESTART FILE AT STEP 4880000
FINISHED WRITING RESTART COORDINATES
WRITING VELOCITIES TO RESTART FILE AT STEP 4880000
FINISHED WRITING RESTART VELOCITIES
PRESSURE: 4890000 1710.53 190.647 142.786 190.648 -2283.15 -32.817 142.787 -32.816 478.619
GPRESSURE: 4890000 1677.94 301.59 250.678 159.026 -2235.43 -128.26 118.951 57.1948 456.115
PRESSAVG: 4890000 1862.48 21.9101 13.1344 21.9101 -2118.75 -35.8308 13.1344 -35.8308 -43.0197
GPRESSAVG: 4890000 1865.65 32.6888 -12.6194 25.0736 -2123.58 -69.7614 27.7193 -34.3056 -38.011
TIMING: 4890000  CPU: 4354.75, 0.000891078/step  Wall: 4355.45, 0.000891112/step, 387.83 ns/days, 0.0272284 hours remaining, 0.000000 MB of memory in use.
PERFORMANCE: 4890000  averaging 388.017 ns/day, 0.000890682 sec/step with standard deviation 2.23548e-06
ENERGY: 4890000        15.6889        44.7963        29.0426         1.1314         -51256.7678    -85363.9651         0.0000         0.0000     10706.3901        -125823.6836       302.4334   -136530.0737   -125901.9131       297.0376            -31.3328       -33.7921    181513.6994       -99.7627       -98.6492

WRITING EXTENDED SYSTEM TO RESTART FILE AT STEP 4890000
WRITING COORDINATES TO DCD FILE ../output/02_eq_2_CLKW.0.dcd AT STEP 4890000
WRITING COORDINATES TO RESTART FILE AT STEP 4890000
FINISHED WRITING RESTART COORDINATES
WRITING VELOCITIES TO RESTART FILE AT STEP 4890000
FINISHED WRITING RESTART VELOCITIES
PRESSURE: 4900000 2032.56 -264.707 90.8807 -264.709 -2080.41 -316.92 90.881 -316.92 196.283
GPRESSURE: 4900000 2054.84 -225.562 144.147 -366.348 -2128.87 -326.102 19.908 -333.458 223.973
PRESSAVG: 4900000 1885.88 10.1698 21.4968 10.1698 -2103.33 -54.0588 21.4968 -54.0588 -7.76036
GPRESSAVG: 4900000 1888.78 19.3957 0.923475 10.2729 -2112.22 -87.911 28.6552 -57.8466 1.04623
TIMING: 4900000  CPU: 4363.65, 0.000890611/step  Wall: 4364.36, 0.000890724/step, 387.999 ns/days, 0.0247423 hours remaining, 0.000000 MB of memory in use.
PERFORMANCE: 4900000  averaging 388.017 ns/day, 0.000890682 sec/step with standard deviation 2.2332e-06
ETITLE:      TS           BOND          ANGLE          DIHED          IMPRP               ELECT            VDW       BOUNDARY           MISC        KINETIC               TOTAL           TEMP      POTENTIAL       TOTALAVG        TEMPAVG            PRESSURE      GPRESSURE         VOLUME       PRESSAVG      GPRESSAVG

ENERGY: 4900000        18.6241        51.9796        26.8191         1.3668         -51187.6005    -85231.6586         0.0000         0.0000     10508.6634        -125811.8060       296.8481   -136320.4695   -125900.0766       297.0509             49.4793        49.9791    181682.2149       -75.0699       -74.1298

WRITING EXTENDED SYSTEM TO RESTART FILE AT STEP 4900000
WRITING COORDINATES TO DCD FILE ../output/02_eq_2_CLKW.0.dcd AT STEP 4900000
WRITING COORDINATES TO RESTART FILE AT STEP 4900000
FINISHED WRITING RESTART COORDINATES
WRITING VELOCITIES TO RESTART FILE AT STEP 4900000
FINISHED WRITING RESTART VELOCITIES
PRESSURE: 4910000 2635.24 83.0243 -406.552 83.0243 -1928.78 211.343 -406.551 211.343 826.69
GPRESSURE: 4910000 2611.26 0.524387 -336.283 155.765 -1966.08 275.771 -431.943 349.037 869.405
PRESSAVG: 4910000 1926.51 12.3054 -13.7432 12.3054 -2099.51 -40.8216 -13.7432 -40.8216 16.6386
GPRESSAVG: 4910000 1928.96 17.0216 -23.1713 19.5365 -2111.4 -69.5805 -5.02183 -41.8199 27.0856
TIMING: 4910000  CPU: 4372.57, 0.000891877/step  Wall: 4373.28, 0.000891938/step, 387.471 ns/days, 0.0222985 hours remaining, 0.000000 MB of memory in use.
PERFORMANCE: 4910000  averaging 388.016 ns/day, 0.000890684 sec/step with standard deviation 2.23164e-06
ENERGY: 4910000        21.8191        45.0110        29.5522         0.8345         -51191.5609    -85326.5813         0.0000         0.0000     10596.6818        -125824.2437       299.3344   -136420.9255   -125904.9247       297.2118            511.0493       504.8614    181390.7115       -52.1196       -51.7846

WRITING EXTENDED SYSTEM TO RESTART FILE AT STEP 4910000
WRITING COORDINATES TO DCD FILE ../output/02_eq_2_CLKW.0.dcd AT STEP 4910000
WRITING COORDINATES TO RESTART FILE AT STEP 4910000
FINISHED WRITING RESTART COORDINATES
WRITING VELOCITIES TO RESTART FILE AT STEP 4910000
FINISHED WRITING RESTART VELOCITIES
PRESSURE: 4920000 2000.15 52.3863 -96.8528 52.386 -2039.33 161.537 -96.8522 161.539 -350.785
GPRESSURE: 4920000 2022.65 80.7813 -67.0718 46.2075 -2069.25 31.2776 -139.448 352.024 -350.076
PRESSAVG: 4920000 1930.88 8.44167 -14.3919 8.44167 -2092.7 -21.5296 -14.3919 -21.5296 -12.4851
GPRESSAVG: 4920000 1931.67 14.0392 -19.8755 15.1671 -2102.67 -54.4058 -10.5596 -17.709 -3.1435
TIMING: 4920000  CPU: 4381.49, 0.000891902/step  Wall: 4382.2, 0.000892148/step, 387.38 ns/days, 0.0198255 hours remaining, 0.000000 MB of memory in use.
PERFORMANCE: 4920000  averaging 388.015 ns/day, 0.000890687 sec/step with standard deviation 2.23034e-06
ENERGY: 4920000        18.9441        57.0386        23.9368         1.8272         -50897.0733    -85417.3262         0.0000         0.0000     10539.3494        -125673.3035       297.7149   -136212.6529   -125883.1125       297.3411           -129.9888      -132.2251    181888.7828       -58.0997       -58.0488

WRITING EXTENDED SYSTEM TO RESTART FILE AT STEP 4920000
WRITING COORDINATES TO DCD FILE ../output/02_eq_2_CLKW.0.dcd AT STEP 4920000
WRITING COORDINATES TO RESTART FILE AT STEP 4920000
FINISHED WRITING RESTART COORDINATES
WRITING VELOCITIES TO RESTART FILE AT STEP 4920000
FINISHED WRITING RESTART VELOCITIES
PRESSURE: 4930000 2160.19 206.336 268.108 206.337 -1375.68 50.6802 268.106 50.681 404.089
GPRESSURE: 4930000 2194.99 215.519 207.793 203.552 -1403.49 13.8562 352.461 -15.837 399.715
PRESSAVG: 4930000 1949.36 20.084 2.76664 20.084 -2055.26 -12.8693 2.76664 -12.8693 3.02924
GPRESSAVG: 4930000 1954.6 23.6882 -7.66926 26.6037 -2064.89 -43.6972 11.5502 -13.9154 8.30915
TIMING: 4930000  CPU: 4390.4, 0.000890914/step  Wall: 4391.11, 0.000891087/step, 387.841 ns/days, 0.0173267 hours remaining, 0.000000 MB of memory in use.
PERFORMANCE: 4930000  averaging 388.015 ns/day, 0.000890688 sec/step with standard deviation 2.22814e-06
ENERGY: 4930000        12.4235        42.9751        27.4711         1.4040         -51641.4126    -85098.9822         0.0000         0.0000     10591.4059        -126064.7152       299.1854   -136656.1212   -125897.1373       297.4832            396.2005       397.0687    180171.8677       -34.2889       -33.9954

WRITING EXTENDED SYSTEM TO RESTART FILE AT STEP 4930000
WRITING COORDINATES TO DCD FILE ../output/02_eq_2_CLKW.0.dcd AT STEP 4930000
WRITING COORDINATES TO RESTART FILE AT STEP 4930000
FINISHED WRITING RESTART COORDINATES
WRITING VELOCITIES TO RESTART FILE AT STEP 4930000
FINISHED WRITING RESTART VELOCITIES
PRESSURE: 4940000 1856.08 -67.2623 -119.026 -67.2623 -1965.12 -75.4883 -119.026 -75.4883 -345.273
GPRESSURE: 4940000 1899.76 -36.1658 -50.889 -39.3993 -1987.13 -62.9077 -109.848 -187.687 -363.353
PRESSAVG: 4940000 1962.24 23.9015 2.85849 23.9015 -2035.45 -13.1058 2.85849 -13.1058 -3.2899
GPRESSAVG: 4940000 1967.35 23.5088 -0.899327 31.688 -2044.13 -39.4842 8.32225 -15.7576 0.750691
TIMING: 4940000  CPU: 4399.32, 0.000891994/step  Wall: 4400.04, 0.000892204/step, 387.355 ns/days, 0.0148701 hours remaining, 0.000000 MB of memory in use.
PERFORMANCE: 4940000  averaging 388.013 ns/day, 0.000890691 sec/step with standard deviation 2.22693e-06
ENERGY: 4940000        15.1895        45.3281        33.5291         2.2653         -51246.1111    -85394.8874         0.0000         0.0000     10486.0095        -126058.6769       296.2081   -136544.6864   -125900.4098       297.4757           -151.4389      -150.2415    180381.9220       -25.4988       -25.3416

WRITING EXTENDED SYSTEM TO RESTART FILE AT STEP 4940000
WRITING COORDINATES TO DCD FILE ../output/02_eq_2_CLKW.0.dcd AT STEP 4940000
WRITING COORDINATES TO RESTART FILE AT STEP 4940000
FINISHED WRITING RESTART COORDINATES
WRITING VELOCITIES TO RESTART FILE AT STEP 4940000
FINISHED WRITING RESTART VELOCITIES
PRESSURE: 4950000 2550.68 -116.537 -165.701 -116.538 -1451.43 -186.034 -165.703 -186.034 -577.712
GPRESSURE: 4950000 2492.68 -79.6937 -23.2124 -186.5 -1438.69 -137.412 -204.771 -182.639 -536.747
PRESSAVG: 4950000 2004.5 9.18317 -12.1467 9.18317 -2000.66 -26.697 -12.1467 -26.697 9.02419
GPRESSAVG: 4950000 2004.53 8.44315 -5.23024 13.943 -2007.77 -48.9183 -9.9311 -31.0224 16.2815
TIMING: 4950000  CPU: 4408.24, 0.000892303/step  Wall: 4408.96, 0.000892447/step, 387.25 ns/days, 0.0123951 hours remaining, 0.000000 MB of memory in use.
PERFORMANCE: 4950000  averaging 388.012 ns/day, 0.000890695 sec/step with standard deviation 2.22607e-06
ENERGY: 4950000        14.8088        42.9194        29.1093         0.7413         -51165.5519    -85296.7254         0.0000         0.0000     10555.1676        -125819.5310       298.1617   -136374.6986   -125904.2658       297.4882            173.8474       172.4142    180036.1578         4.2898         4.3471

WRITING EXTENDED SYSTEM TO RESTART FILE AT STEP 4950000
WRITING COORDINATES TO DCD FILE ../output/02_eq_2_CLKW.0.dcd AT STEP 4950000
WRITING COORDINATES TO RESTART FILE AT STEP 4950000
FINISHED WRITING RESTART COORDINATES
WRITING VELOCITIES TO RESTART FILE AT STEP 4950000
FINISHED WRITING RESTART VELOCITIES
PRESSURE: 4960000 1313.65 -388.77 -138.8 -388.772 -2152.79 -195.406 -138.802 -195.407 -924.519
GPRESSURE: 4960000 1311.86 -301.219 -95.2932 -459.476 -2161.87 -112.963 -159.603 -230.024 -925.72
PRESSAVG: 4960000 1973.48 -8.74037 -19.0307 -8.74037 -2014.12 -48.6758 -19.0307 -48.6758 -37.9718
GPRESSAVG: 4960000 1973.8 -3.99691 -8.09061 -5.77219 -2022.05 -62.7244 -26.5408 -54.5625 -30.6009
TIMING: 4960000  CPU: 4417.16, 0.000891337/step  Wall: 4417.88, 0.000891554/step, 387.638 ns/days, 0.00990616 hours remaining, 0.000000 MB of memory in use.
PERFORMANCE: 4960000  averaging 388.011 ns/day, 0.000890697 sec/step with standard deviation 2.22416e-06
ENERGY: 4960000        11.3076        43.5531        24.7845         1.8639         -50719.8833    -85640.5103         0.0000         0.0000     10574.9007        -125703.9838       298.7191   -136278.8845   -125891.5214       297.5362           -587.8873      -591.9118    181507.1004       -26.2052       -26.2830

WRITING EXTENDED SYSTEM TO RESTART FILE AT STEP 4960000
WRITING COORDINATES TO DCD FILE ../output/02_eq_2_CLKW.0.dcd AT STEP 4960000
WRITING COORDINATES TO RESTART FILE AT STEP 4960000
FINISHED WRITING RESTART COORDINATES
WRITING VELOCITIES TO RESTART FILE AT STEP 4960000
FINISHED WRITING RESTART VELOCITIES
PRESSURE: 4970000 1916.35 71.5997 -222.779 71.6019 -1854.69 -218.229 -222.779 -218.229 331.315
GPRESSURE: 4970000 1871.98 57.0009 -239.234 37.9121 -1778.2 -224.166 -185.314 -164.948 289.891
PRESSAVG: 4970000 1988.32 -12.8957 -31.0039 -12.8957 -1990.78 -65.1071 -31.0039 -65.1071 -20.305
GPRESSAVG: 4970000 1985.01 -5.90991 -24.0663 -15.4334 -1992.2 -80.5966 -31.5231 -68.0878 -17.232
TIMING: 4970000  CPU: 4426.05, 0.00088965/step  Wall: 4426.77, 0.000889719/step, 388.437 ns/days, 0.00741432 hours remaining, 0.000000 MB of memory in use.
PERFORMANCE: 4970000  averaging 388.012 ns/day, 0.000890695 sec/step with standard deviation 2.22235e-06
ENERGY: 4970000        10.5676        55.7538        36.2400         1.0415         -51209.6894    -85327.1785         0.0000         0.0000     10502.3213        -125930.9436       296.6689   -136433.2649   -125885.5276       297.5950            130.9921       127.8907    180791.5177        -7.5893        -8.1398

WRITING EXTENDED SYSTEM TO RESTART FILE AT STEP 4970000
WRITING COORDINATES TO DCD FILE ../output/02_eq_2_CLKW.0.dcd AT STEP 4970000
WRITING COORDINATES TO RESTART FILE AT STEP 4970000
FINISHED WRITING RESTART COORDINATES
WRITING VELOCITIES TO RESTART FILE AT STEP 4970000
FINISHED WRITING RESTART VELOCITIES
PRESSURE: 4980000 2006.88 -167.848 -28.6857 -167.85 -1980.76 -38.8529 -28.6852 -38.8542 32.5969
GPRESSURE: 4980000 1897.9 -185.528 -29.087 -167.225 -1858.27 -150.137 -67.0233 15.0622 9.21467
PRESSAVG: 4980000 1979.01 -5.56632 -29.8714 -5.56632 -1985.64 -73.6058 -29.8714 -73.6058 9.86498
GPRESSAVG: 4980000 1971.13 0.831481 -20.8678 -11.8432 -1981.78 -88.4935 -34.7629 -73.6766 11.2441
TIMING: 4980000  CPU: 4434.96, 0.000890798/step  Wall: 4435.68, 0.000890905/step, 387.92 ns/days, 0.00494947 hours remaining, 0.000000 MB of memory in use.
PERFORMANCE: 4980000  averaging 388.012 ns/day, 0.000890695 sec/step with standard deviation 2.22013e-06
ENERGY: 4980000        17.4382        37.8732        25.3259         2.6613         -51153.6704    -85408.1343         0.0000         0.0000     10308.0749        -126170.4313       291.1819   -136478.5063   -125904.2429       297.2505             19.5716        16.2802    180636.3157         1.0770         0.1979

WRITING EXTENDED SYSTEM TO RESTART FILE AT STEP 4980000
WRITING COORDINATES TO DCD FILE ../output/02_eq_2_CLKW.0.dcd AT STEP 4980000
WRITING COORDINATES TO RESTART FILE AT STEP 4980000
FINISHED WRITING RESTART COORDINATES
WRITING VELOCITIES TO RESTART FILE AT STEP 4980000
FINISHED WRITING RESTART VELOCITIES
PRESSURE: 4990000 1688.57 -228.973 194.837 -228.97 -2653.99 96.8148 194.839 96.8156 -213.677
GPRESSURE: 4990000 1653.67 -258.339 306.644 -192.998 -2560.76 211.132 164.912 91.7775 -267.523
PRESSAVG: 4990000 1934.72 -27.1568 -32.5706 -27.1568 -2026.57 -61.0234 -32.5706 -61.0234 20.0299
GPRESSAVG: 4990000 1924.86 -16.1323 -14.5169 -37.1524 -2019.08 -66.4896 -39.0474 -59.9896 20.2103
TIMING: 4990000  CPU: 4443.87, 0.000891075/step  Wall: 4444.59, 0.000891146/step, 387.815 ns/days, 0.0024754 hours remaining, 0.000000 MB of memory in use.
PERFORMANCE: 4990000  averaging 388.011 ns/day, 0.000890696 sec/step with standard deviation 2.21799e-06
ENERGY: 4990000        17.9524        47.7011        33.5328         2.6790         -50990.3212    -85496.7226         0.0000         0.0000     10496.8588        -125888.3198       296.5146   -136385.1786   -125904.0131       297.3334           -393.0347      -391.5366    181087.6678       -23.9395       -24.6700

WRITING EXTENDED SYSTEM TO RESTART FILE AT STEP 4990000
WRITING COORDINATES TO DCD FILE ../output/02_eq_2_CLKW.0.dcd AT STEP 4990000
WRITING COORDINATES TO RESTART FILE AT STEP 4990000
FINISHED WRITING RESTART COORDINATES
WRITING VELOCITIES TO RESTART FILE AT STEP 4990000
FINISHED WRITING RESTART VELOCITIES
PRESSURE: 5000000 2656.72 88.4086 79.5208 88.4089 -1425 153.838 79.5185 153.839 -59.0821
GPRESSURE: 5000000 2645.82 154.139 179.437 25.4859 -1442.96 251.396 50.0291 127.363 -32.999
PRESSAVG: 5000000 2014.41 -8.88643 -28.1923 -8.88643 -1970.61 -22.952 -28.1923 -22.952 20.375
GPRESSAVG: 5000000 2002.04 8.55466 -7.43485 -25.1731 -1962.5 -29.866 -32.9742 -24.8647 22.7045
TIMING: 5000000  CPU: 4452.79, 0.000891795/step  Wall: 4453.51, 0.000891955/step, 387.464 ns/days, 0 hours remaining, 0.000000 MB of memory in use.
PERFORMANCE: 5000000  averaging 388.01 ns/day, 0.000890698 sec/step with standard deviation 2.21648e-06
ETITLE:      TS           BOND          ANGLE          DIHED          IMPRP               ELECT            VDW       BOUNDARY           MISC        KINETIC               TOTAL           TEMP      POTENTIAL       TOTALAVG        TEMPAVG            PRESSURE      GPRESSURE         VOLUME       PRESSAVG      GPRESSAVG

ENERGY: 5000000        18.5135        54.4662        34.8926         1.3155         -51096.9592    -85506.0960         0.0000         0.0000     10551.2682        -125942.5994       298.0516   -136493.8676   -125908.5781       297.3700            390.8771       389.9532    180500.5702        21.3926        20.7491

WRITING EXTENDED SYSTEM TO RESTART FILE AT STEP 5000000
WRITING COORDINATES TO DCD FILE ../output/02_eq_2_CLKW.0.dcd AT STEP 5000000
WRITING COORDINATES TO RESTART FILE AT STEP 5000000
FINISHED WRITING RESTART COORDINATES
WRITING VELOCITIES TO RESTART FILE AT STEP 5000000
FINISHED WRITING RESTART VELOCITIES
WRITING EXTENDED SYSTEM TO OUTPUT FILE AT STEP 5000000
CLOSING EXTENDED SYSTEM TRAJECTORY FILE
WRITING COORDINATES TO OUTPUT FILE AT STEP 5000000
CLOSING COORDINATE DCD FILE ../output/02_eq_2_CLKW.0.dcd
WRITING VELOCITIES TO OUTPUT FILE AT STEP 5000000
====================================================

WallClock: 4455.626953  CPUTime: 4454.619141  Memory: 0.000000 MB
[Partition 0][Node 0] End of program
