Tiempo	Replica	Distancia_Global	CYS1	TRP4	TRP5	TRP6	Distancia_Global_Smooth	CYS1_Smooth	TRP4_Smooth	TRP5_Smooth	TRP6_Smooth
0.000	R1	9.864	14.350	16.623	19.847	18.756	11.624	17.892	17.569	20.146	14.703
0.040	R1	12.982	18.678	18.100	21.288	15.971	11.732	18.177	17.854	20.417	15.110
0.080	R1	13.780	20.405	16.008	20.328	13.780	12.115	18.307	18.179	20.734	15.711
0.120	R1	11.395	15.236	15.702	18.133	15.502	12.564	18.470	18.280	20.926	16.157
0.160	R1	11.409	17.477	16.860	19.571	13.400	12.945	18.690	18.499	21.174	16.578
0.200	R1	10.221	17.953	18.612	19.596	10.720	13.048	18.654	18.517	21.217	16.767
0.240	R1	11.251	20.144	17.933	19.907	11.251	13.339	18.717	18.489	21.280	16.904
0.280	R1	11.411	17.538	17.663	19.612	13.708	13.503	18.835	18.491	21.323	16.919
0.320	R1	10.623	16.472	17.130	19.454	14.768	13.668	18.943	18.443	21.324	16.940
0.360	R1	13.305	20.665	21.054	23.722	19.169	13.761	19.096	18.633	21.476	16.981
0.400	R1	12.810	21.034	20.710	23.130	19.189	13.819	19.239	18.862	21.615	17.044
0.440	R1	16.325	19.730	21.751	24.226	22.320	14.109	19.658	19.177	21.853	17.022
0.480	R1	17.951	20.431	19.494	23.230	21.506	14.167	19.826	19.388	21.946	17.057
0.520	R1	17.906	21.545	21.344	24.398	22.056	14.316	19.824	19.758	22.134	17.305
0.560	R1	14.480	18.146	18.775	21.820	19.414	14.480	19.980	20.012	22.226	17.313
0.600	R1	17.707	19.664	18.063	22.217	18.955	14.595	20.100	20.242	22.196	17.460
0.640	R1	16.134	20.735	18.532	22.020	17.154	14.703	20.258	20.402	22.114	17.542
0.680	R1	16.469	20.764	17.619	21.343	17.300	14.808	20.331	20.586	22.117	17.704
0.720	R1	15.437	21.855	22.062	24.211	17.716	14.883	20.577	20.810	22.029	17.664
0.760	R1	14.922	21.954	23.197	24.255	18.238	14.983	20.981	21.131	21.951	17.557
0.800	R1	15.662	22.726	22.937	24.605	18.325	14.956	21.174	21.283	21.540	17.236
0.840	R1	14.144	22.039	22.320	23.149	16.670	14.976	21.305	21.430	21.138	16.938
0.880	R1	16.766	20.365	23.409	24.073	18.729	14.710	21.196	21.332	20.493	16.372
0.920	R1	14.670	18.369	20.777	19.972	15.671	14.497	20.960	21.301	20.028	16.062
0.960	R1	13.707	19.879	21.459	18.988	16.331	14.312	20.744	21.118	19.518	15.840
1.000	R1	12.373	21.102	21.818	17.950	12.373	14.286	20.811	21.244	19.125	15.663
1.040	R1	13.349	21.615	21.610	19.961	14.478	14.046	20.996	21.514	18.754	15.360
1.080	R1	12.913	22.449	22.142	17.853	12.913	13.756	21.059	21.708	18.354	15.020
1.120	R1	12.622	24.557	23.540	17.903	12.622	13.494	21.146	21.943	18.066	14.716
1.160	R1	12.762	24.531	24.099	15.503	12.762	13.394	21.018	21.926	17.603	14.512
1.200	R1	13.226	23.650	23.663	15.081	13.226	13.380	20.750	21.871	17.242	14.445
1.240	R1	11.003	17.553	19.773	11.331	11.003	13.446	20.631	21.935	17.079	14.477
1.280	R1	13.696	15.703	18.889	13.926	15.312	13.641	20.724	22.129	17.000	14.625
1.320	R1	14.191	17.220	17.668	14.191	17.599	13.571	20.840	21.727	16.886	14.895
1.360	R1	13.965	19.493	21.305	13.965	15.879	13.598	21.227	21.448	17.007	15.275
1.400	R1	12.906	23.364	23.469	14.807	12.906	13.575	21.569	21.037	17.060	15.437
1.440	R1	10.341	21.989	22.403	14.013	10.341	13.684	21.558	20.675	17.015	15.878
1.480	R1	11.215	22.499	22.327	15.573	11.215	13.779	21.588	20.356	17.119	16.339
1.520	R1	13.451	19.309	21.709	14.956	13.647	13.989	21.402	20.105	17.279	16.901
1.560	R1	14.634	16.597	22.113	17.047	16.893	14.165	21.200	19.890	17.489	17.569
1.600	R1	16.983	20.341	24.210	21.328	18.963	14.390	21.100	19.681	17.784	18.241
1.640	R1	18.044	23.890	26.193	21.584	19.644	14.604	21.087	19.471	17.981	18.831
1.680	R1	15.371	22.694	15.371	21.795	24.112	14.874	21.546	19.302	18.316	19.420
1.720	R1	15.201	26.106	15.201	22.383	23.271	14.830	22.080	18.998	18.465	19.712
1.760	R1	13.248	26.721	13.248	20.042	19.580	14.892	22.339	18.887	18.570	19.943
1.800	R1	14.565	20.870	14.565	17.063	21.196	14.919	22.298	18.547	18.728	20.192
1.840	R1	15.241	22.232	15.241	22.036	23.688	14.907	21.964	18.007	18.817	20.582
1.880	R1	17.106	18.716	17.106	21.046	24.148	14.649	21.670	17.145	18.648	20.819
1.920	R1	16.144	20.526	19.239	22.108	25.992	14.353	21.299	16.294	18.439	21.004
1.960	R1	17.261	22.517	19.920	21.394	26.204	13.942	21.144	15.470	18.286	20.920
2.000	R1	17.519	23.405	19.471	19.022	25.027	13.444	21.085	14.598	18.004	20.677
2.040	R1	16.392	26.728	16.392	18.046	22.786	12.851	20.923	13.644	17.510	20.266
2.080	R1	12.813	26.384	12.813	16.898	21.152	12.358	20.748	12.743	17.031	19.753
2.120	R1	15.436	22.403	15.436	16.283	22.224	11.858	20.602	12.371	16.557	18.816
2.160	R1	14.506	18.664	14.506	17.131	20.858	11.363	20.223	12.123	15.925	17.918
2.200	R1	12.676	16.696	12.676	16.594	20.696	10.969	19.725	12.032	15.204	17.207
2.240	R1	5.172	16.097	5.172	10.634	15.078	10.583	19.588	11.711	14.798	16.489
2.280	R1	5.299	15.085	5.299	11.391	14.920	10.146	19.375	11.338	14.022	15.633
2.320	R1	5.236	16.214	5.236	11.886	11.968	9.557	19.200	11.005	13.236	14.721
2.360	R1	4.659	15.402	4.659	11.419	12.043	8.995	19.000	10.437	12.376	13.783
2.400	R1	5.129	17.107	5.129	11.453	10.731	8.353	18.734	9.770	11.527	12.877
2.440	R1	8.185	20.393	8.185	11.993	9.389	7.711	18.535	9.165	10.810	12.147
2.480	R1	5.363	19.772	7.926	12.328	5.363	7.255	18.184	8.761	10.272	11.692
2.520	R1	5.318	18.526	10.248	9.726	5.318	7.130	17.990	8.698	9.942	11.426
2.560	R1	5.355	16.764	11.421	5.634	5.355	6.979	18.015	8.643	9.749	11.105
2.600	R1	6.842	18.136	8.147	8.947	6.842	6.845	18.275	8.602	9.483	10.669
2.640	R1	6.510	17.954	7.773	6.510	6.573	6.574	18.622	8.493	9.016	10.173
2.680	R1	5.323	15.227	10.449	5.323	5.894	6.547	18.724	8.730	8.716	9.899
2.720	R1	4.913	16.525	7.888	4.913	7.237	6.542	18.935	8.986	8.407	9.598
2.760	R1	4.411	17.207	6.582	4.411	8.085	6.523	19.073	9.134	8.055	9.382
2.800	R1	4.682	19.418	7.370	4.682	10.428	6.629	19.109	9.350	7.823	9.158
2.840	R1	7.279	19.713	8.299	7.279	13.686	6.659	18.898	9.474	7.537	8.992
2.880	R1	10.311	22.506	11.564	10.311	15.839	6.642	18.628	9.457	7.352	9.082
2.920	R1	12.416	22.887	14.328	12.416	15.806	6.740	18.393	9.427	7.408	9.593
2.960	R1	11.820	23.866	13.696	11.820	12.129	6.884	17.986	9.325	7.560	10.065
3.000	R1	7.251	23.652	10.491	7.251	10.785	7.042	17.699	9.180	7.930	10.531
3.040	R1	4.629	18.127	9.914	4.629	9.591	7.215	17.322	9.287	8.154	11.051
3.080	R1	5.212	19.314	10.416	5.212	8.907	7.360	17.149	9.368	8.549	11.517
3.120	R1	4.844	18.973	8.203	4.844	7.647	7.519	17.040	9.271	8.938	11.977
3.160	R1	6.786	16.123	8.977	6.786	7.556	7.661	17.008	9.265	9.395	12.465
3.200	R1	5.723	12.869	7.600	5.723	7.414	8.000	17.081	9.495	9.918	12.964
3.240	R1	7.848	14.996	7.848	8.296	11.180	8.391	16.949	9.752	10.526	13.404
3.280	R1	7.332	15.080	7.332	13.450	15.586	8.515	16.771	9.825	11.021	13.725
3.320	R1	8.202	10.386	8.202	12.760	14.753	8.388	16.480	9.635	11.114	13.749
3.360	R1	8.517	11.023	8.517	13.038	14.684	8.162	15.967	9.314	11.237	13.831
3.400	R1	10.291	10.598	10.291	13.432	17.234	7.967	15.480	9.025	11.381	14.123
3.440	R1	9.403	14.500	9.403	14.409	15.899	7.846	15.011	8.742	11.458	14.266
3.480	R1	8.504	13.044	8.504	13.099	15.093	7.879	14.752	8.510	11.730	14.468
3.520	R1	7.761	15.876	7.761	14.045	17.003	7.908	14.664	8.279	11.855	14.575
3.560	R1	11.185	18.660	11.185	14.871	18.067	7.946	14.617	8.149	12.034	14.798
3.600	R1	12.503	16.784	12.503	16.851	19.230	7.926	14.785	8.020	12.080	15.085
3.640	R1	9.758	16.150	9.758	17.184	20.104	7.895	15.003	7.895	12.133	15.342
3.680	R1	7.780	16.699	7.780	12.165	16.319	7.795	14.951	7.795	12.280	15.479
3.720	R1	7.894	12.612	7.894	14.872	17.430	7.763	14.783	7.905	12.256	15.448
3.760	R1	7.919	14.143	7.919	14.704	17.979	7.894	15.180	8.036	12.402	15.612
3.800	R1	4.834	14.256	4.834	8.791	13.653	7.947	15.295	8.116	12.512	15.800
3.840	R1	5.282	12.950	5.282	10.077	13.614	7.802	15.570	7.971	12.513	15.791
3.880	R1	5.793	17.559	5.793	7.699	11.058	7.665	15.531	7.834	12.364	15.770
3.920	R1	5.597	18.031	5.597	8.435	12.104	7.800	15.846	7.969	12.309	15.825
3.960	R1	6.397	19.483	6.397	7.696	13.304	7.800	15.938	7.987	11.995	15.606
4.000	R1	5.093	17.234	5.093	6.784	12.542	7.627	15.975	7.965	11.637	15.367
4.040	R1	5.848	13.959	5.848	11.248	13.926	7.469	16.060	7.962	11.262	15.153
4.080	R1	6.695	11.719	9.543	12.953	14.955	7.536	16.139	8.080	10.958	14.919
4.120	R1	10.824	18.315	10.824	15.678	18.044	7.697	16.109	8.634	10.900	14.931
4.160	R1	9.581	13.338	10.119	15.239	18.439	7.835	16.228	9.109	10.689	14.792
4.200	R1	7.384	16.093	7.384	13.469	17.056	8.067	16.494	9.638	10.581	14.702
4.240	R1	6.671	13.708	6.671	11.420	15.476	8.476	16.692	10.252	10.816	14.930
4.280	R1	11.203	19.352	11.203	12.002	16.187	8.762	17.156	10.828	10.862	15.086
4.320	R1	7.757	17.710	8.103	7.757	12.626	9.010	17.287	11.076	11.064	15.316
4.360	R1	7.725	19.404	10.746	7.725	13.288	9.167	17.498	11.512	11.079	15.377
4.400	R1	9.343	18.487	12.456	9.343	14.952	9.338	17.539	11.684	11.186	15.479
4.440	R1	11.097	17.731	12.117	11.097	15.435	9.504	17.700	11.851	11.440	15.544
4.480	R1	11.007	16.099	18.850	11.007	16.554	9.649	17.806	12.052	11.315	15.386
4.520	R1	10.658	14.995	17.401	10.658	14.657	9.865	18.023	12.126	11.278	15.333
4.560	R1	12.548	19.467	18.490	12.548	16.174	9.743	18.091	12.186	10.914	15.096
4.600	R1	13.021	18.215	17.131	13.493	18.211	9.729	18.344	12.347	10.616	14.949
4.640	R1	10.996	22.221	16.800	10.996	16.740	9.925	18.331	12.749	10.547	14.935
4.680	R1	10.747	20.186	10.747	11.742	15.655	10.105	18.358	13.242	10.670	15.067
4.720	R1	8.736	22.237	14.325	8.736	13.326	10.139	18.206	13.547	10.702	15.133
4.760	R1	9.819	20.309	9.828	9.819	15.344	10.227	17.983	13.941	10.947	15.367
4.800	R1	8.427	20.448	8.427	11.872	13.830	10.378	17.958	14.247	11.351	15.710
4.840	R1	8.742	16.077	9.877	8.742	10.767	10.536	17.964	14.389	11.760	16.018
4.880	R1	11.011	16.078	11.011	12.220	13.905	10.535	17.733	14.573	12.130	16.331
4.920	R1	8.396	19.662	12.037	8.396	13.301	10.598	17.545	14.401	12.521	16.589
4.960	R1	9.285	18.401	13.329	9.285	15.491	10.486	17.216	14.322	12.867	16.864
5.000	R1	11.303	15.837	15.424	12.089	16.783	10.245	16.629	14.221	13.176	17.104
5.040	R1	10.287	14.245	16.545	13.883	18.121	9.936	16.061	14.138	13.437	17.204
5.080	R1	11.868	16.317	17.286	12.628	17.499	9.708	15.271	14.031	13.813	17.350
5.120	R1	9.530	13.237	15.994	12.659	17.298	9.430	14.674	14.159	14.039	17.491
5.160	R1	10.735	18.913	16.857	15.803	20.146	9.318	14.053	14.222	14.508	17.839
5.200	R1	12.502	18.610	15.300	17.536	21.117	9.072	13.392	14.364	14.789	17.978
5.240	R1	11.091	13.099	15.795	18.480	21.705	8.911	12.785	14.625	15.048	18.163
5.280	R1	12.264	12.347	15.413	18.840	21.710	8.724	12.350	14.754	15.420	18.473
5.320	R1	8.418	8.418	15.832	17.577	20.154	8.454	11.979	14.892	15.626	18.674
5.360	R1	7.731	7.731	16.453	18.716	20.985	8.395	11.448	15.099	16.024	19.014
5.400	R1	6.837	6.837	15.473	18.723	20.195	8.363	10.961	15.286	16.479	19.325
5.440	R1	6.429	6.429	14.665	18.523	19.670	8.390	10.762	15.397	16.756	19.620
5.480	R1	5.180	8.249	13.301	16.243	18.478	8.506	10.679	15.582	17.161	19.974
5.520	R1	6.499	9.805	15.591	18.135	20.272	8.322	10.273	15.377	17.365	20.081
5.560	R1	4.895	7.092	12.661	15.422	18.128	8.302	10.067	15.246	17.544	20.194
5.600	R1	5.214	8.320	13.645	17.062	17.528	8.169	9.526	15.065	17.522	20.131
5.640	R1	5.008	7.364	12.476	16.181	16.974	7.971	9.022	14.929	17.410	20.010
5.680	R1	5.603	8.659	13.768	16.338	17.930	7.946	8.896	14.834	17.304	19.896
5.720	R1	7.211	9.054	16.175	16.357	20.095	7.693	8.640	14.648	17.141	19.718
5.760	R1	8.651	8.651	17.067	18.394	21.710	7.616	8.562	14.396	16.812	19.513
5.800	R1	11.852	11.852	17.635	17.626	22.676	7.547	8.493	14.133	16.471	19.269
5.840	R1	12.598	12.598	20.254	21.971	25.203	7.648	8.594	14.033	16.136	19.109
5.880	R1	8.187	8.187	13.182	16.706	19.636	7.686	8.632	13.919	15.899	19.009
5.920	R1	9.124	9.124	13.376	16.256	19.572	8.027	8.820	13.868	15.816	19.001
5.960	R1	8.085	8.085	13.232	15.348	18.892	8.222	8.850	13.753	15.633	18.909
6.000	R1	8.532	8.532	12.590	15.299	18.682	8.436	8.954	13.890	15.814	19.042
6.040	R1	10.594	10.594	13.896	16.362	19.430	8.649	9.012	13.735	15.777	19.049
6.080	R1	7.212	7.212	11.683	15.578	18.148	8.841	9.106	13.620	15.796	19.019
6.120	R1	6.870	6.870	10.793	11.008	16.049	8.968	9.079	13.494	15.747	18.964
6.160	R1	6.354	6.354	11.198	11.880	16.117	9.228	9.397	13.384	15.807	18.919
6.200	R1	8.851	8.851	13.467	12.030	16.989	9.323	9.694	13.059	15.700	18.691
6.240	R1	7.194	7.194	12.389	13.793	17.669	9.258	9.707	12.705	15.495	18.401
6.280	R1	12.007	12.007	12.284	14.582	18.326	9.048	9.551	12.112	15.021	17.754
6.320	R1	10.401	10.401	13.283	14.475	18.430	8.925	9.428	11.877	14.817	17.347
6.360	R1	9.167	9.167	15.405	19.026	20.780	8.709	9.211	11.561	14.639	16.927
6.400	R1	9.475	9.475	10.538	16.323	17.667	8.545	9.048	11.195	14.458	16.480
6.440	R1	8.855	9.246	10.190	16.577	16.377	8.429	8.932	10.996	14.368	16.054
6.480	R1	8.132	8.132	11.248	15.358	16.830	8.235	8.893	10.783	14.077	15.418
6.520	R1	12.412	15.397	13.972	17.557	19.195	8.118	9.060	10.578	13.766	14.754
6.560	R1	10.559	14.599	10.559	16.256	17.162	8.022	9.271	10.425	13.631	14.199
6.600	R1	10.553	12.110	10.553	13.514	16.864	7.944	9.502	10.172	13.456	13.633
6.640	R1	8.402	9.484	8.402	12.498	12.274	7.718	9.757	9.949	13.296	13.000
6.680	R1	5.727	5.727	8.485	12.619	11.482	7.733	10.174	9.826	13.368	12.492
6.720	R1	4.790	4.790	7.045	12.693	11.169	7.522	10.304	9.743	13.369	11.964
6.760	R1	4.814	4.814	5.923	11.739	9.970	7.526	10.600	9.768	13.608	11.567
6.800	R1	6.209	6.209	8.615	13.487	10.145	7.469	10.829	9.610	13.439	10.930
6.840	R1	6.714	9.815	9.633	10.544	6.714	7.408	10.976	9.796	13.482	10.458
6.880	R1	4.869	10.561	7.577	9.368	4.869	7.473	11.220	10.061	13.602	10.148
6.920	R1	4.948	11.092	7.733	8.300	4.948	7.753	11.541	10.462	13.710	9.992
6.960	R1	4.809	10.973	6.134	8.381	4.809	7.721	11.360	10.640	13.798	9.821
7.000	R1	4.325	13.951	9.012	8.840	4.325	7.775	11.283	11.009	13.937	9.663
7.040	R1	7.499	15.527	9.918	15.235	7.499	7.797	11.227	11.392	14.016	9.533
7.080	R1	7.778	14.600	10.636	14.598	7.778	8.013	11.407	11.818	14.212	9.566
7.120	R1	10.488	16.332	13.780	19.240	10.488	8.288	11.828	12.188	14.362	9.765
7.160	R1	8.030	13.749	12.245	15.655	8.030	8.521	12.339	12.558	14.523	10.026
7.200	R1	8.237	12.416	14.267	17.188	8.237	8.832	12.883	13.108	14.832	10.464
7.240	R1	10.164	14.120	15.472	18.974	10.164	8.986	13.366	13.522	15.199	10.900
7.280	R1	13.725	14.551	19.279	17.521	13.725	9.201	13.673	13.980	15.795	11.757
7.320	R1	11.783	11.783	17.522	19.304	15.771	9.588	14.039	14.616	16.544	12.690
7.360	R1	11.642	13.052	17.938	19.053	13.994	10.049	14.494	15.256	17.362	13.753
7.400	R1	10.993	10.993	18.218	15.085	14.271	10.482	14.798	15.986	18.140	14.798
7.440	R1	12.718	13.089	16.924	16.409	12.924	10.926	15.030	16.612	18.977	15.934
7.480	R1	11.232	14.141	15.880	15.627	15.459	11.148	15.061	17.122	19.420	16.897
7.520	R1	9.452	15.018	14.457	15.913	16.398	11.323	15.005	17.555	19.850	17.795
7.560	R1	11.024	15.697	16.908	17.912	18.722	11.368	14.910	17.814	20.002	18.537
7.600	R1	9.285	15.859	16.912	20.837	18.875	11.612	15.215	18.227	20.280	19.514
7.640	R1	11.023	15.961	18.794	22.453	23.860	11.833	15.462	18.550	20.534	20.420
7.680	R1	12.614	17.884	20.278	24.361	23.514	11.915	15.728	18.722	20.600	21.218
7.720	R1	14.155	20.191	20.541	24.649	26.219	11.764	15.976	18.714	20.721	21.748
7.760	R1	13.479	17.042	20.728	23.953	25.696	11.721	16.384	18.781	20.754	22.090
7.800	R1	13.203	18.599	21.546	25.568	27.055	11.796	16.677	18.890	20.817	22.488
7.840	R1	11.932	16.140	20.114	24.100	26.756	11.803	16.953	18.893	21.178	22.671
7.880	R1	11.277	13.485	19.293	23.204	25.741	11.573	16.878	18.760	21.225	22.822
7.920	R1	11.382	14.431	18.972	22.275	25.329	11.418	16.742	18.772	21.432	22.628
7.960	R1	12.910	19.854	20.488	21.207	27.571	11.529	16.656	18.978	21.732	22.535
8.000	R1	12.672	17.355	20.726	22.282	26.362	11.693	16.703	19.198	22.064	22.477
8.040	R1	11.789	19.445	18.912	20.296	26.113	12.006	16.866	19.463	22.286	22.483
8.080	R1	10.723	19.501	19.130	19.928	24.319	12.397	17.188	19.685	22.497	22.231
8.120	R1	10.918	19.937	18.865	19.977	22.627	12.705	17.579	19.917	22.688	21.994
8.160	R1	13.131	18.917	20.118	20.307	21.952	12.898	17.767	20.085	22.752	21.637
8.200	R1	11.140	16.506	18.264	22.296	17.929	12.903	18.013	20.019	22.737	21.032
8.240	R1	8.125	11.595	14.269	17.350	15.938	12.891	18.379	20.034	22.608	20.327
8.280	R1	8.133	11.415	16.129	19.767	11.591	13.160	18.690	20.144	22.664	19.854
8.320	R1	11.670	13.296	18.579	21.923	14.525	13.424	19.188	20.366	22.777	19.395
8.360	R1	14.293	16.656	21.297	24.548	17.568	13.786	19.707	20.616	22.982	19.060
8.400	R1	15.559	19.100	22.213	25.276	18.990	13.926	19.734	20.603	23.024	18.570
8.440	R1	18.826	22.413	23.238	26.682	18.826	14.062	19.862	20.606	23.109	18.355
8.480	R1	18.774	25.705	24.927	28.176	18.774	14.154	19.877	20.692	23.196	17.997
8.520	R1	18.021	23.954	23.899	25.934	19.078	14.301	19.660	20.711	23.209	17.654
8.560	R1	13.589	21.957	19.411	23.638	13.589	14.324	19.232	20.666	23.213	17.142
8.600	R1	12.953	25.921	21.841	22.996	12.953	14.184	18.862	20.567	23.251	16.671
8.640	R1	17.312	22.351	22.305	25.225	17.312	14.001	18.448	20.442	22.950	16.149
8.680	R1	16.553	23.443	23.733	25.452	16.553	13.978	18.348	20.478	22.806	15.735
8.720	R1	18.636	24.825	23.967	26.385	18.636	13.951	18.300	20.395	22.573	15.693
8.760	R1	15.710	20.390	20.228	22.044	17.771	13.862	18.336	20.138	22.073	15.494
8.800	R1	15.380	19.915	20.793	23.980	22.060	13.579	17.969	19.858	21.801	15.212
8.840	R1	13.636	19.751	20.641	22.039	18.952	13.353	17.565	19.580	21.546	14.938
8.880	R1	13.660	15.155	19.496	20.182	17.464	12.960	16.993	19.318	21.306	14.773
8.920	R1	11.387	11.387	17.982	20.061	12.377	12.599	16.286	18.997	20.957	14.636
8.960	R1	10.323	11.509	18.138	21.060	12.537	12.229	15.618	18.699	20.682	14.462
9.000	R1	7.487	8.216	15.753	16.270	7.487	12.192	15.164	18.644	20.620	14.692
9.040	R1	7.656	9.602	14.999	14.475	7.656	12.258	14.648	18.362	20.510	14.941
9.080	R1	7.602	10.454	14.466	15.120	10.747	11.977	14.122	18.089	20.303	14.839
9.120	R1	9.874	14.009	13.427	11.915	10.540	11.666	13.589	17.753	20.085	14.854
9.160	R1	8.646	9.318	15.703	19.104	11.934	11.364	12.978	17.511	19.892	14.753
9.200	R1	11.030	11.030	16.651	20.186	13.520	11.154	12.534	17.429	19.876	14.635
9.240	R1	10.965	10.965	18.008	21.876	15.522	10.982	12.135	17.316	19.736	14.405
9.280	R1	11.560	11.560	18.492	21.191	16.027	10.874	11.722	17.295	19.802	14.501
9.320	R1	10.609	10.609	17.949	20.433	15.611	10.664	11.437	17.201	19.824	14.618
9.360	R1	12.866	12.866	18.308	22.408	18.174	10.462	11.235	17.116	19.710	15.105
9.400	R1	14.266	15.600	16.203	20.796	17.935	10.297	11.010	17.041	19.598	15.475
9.440	R1	11.690	11.844	16.842	21.074	15.270	10.309	10.986	17.055	19.728	16.202
9.480	R1	10.327	12.778	17.016	21.107	16.852	10.362	10.942	17.237	19.992	17.019
9.520	R1	12.598	12.598	19.131	22.521	16.632	10.436	10.873	17.418	20.255	17.630
9.560	R1	11.510	11.510	18.575	21.729	15.399	10.448	10.678	17.703	20.710	18.194
9.600	R1	11.944	11.944	18.549	21.164	17.465	10.548	10.745	17.886	20.922	18.647
9.640	R1	11.480	11.480	20.212	23.367	20.860	10.690	10.887	17.953	21.033	19.069
9.680	R1	9.460	9.460	17.612	20.618	19.811	10.790	10.987	17.984	21.137	19.473
9.720	R1	7.341	7.341	16.285	17.788	22.120	11.000	11.197	18.239	21.430	20.030
9.760	R1	7.025	7.025	16.645	18.828	19.932	11.207	11.404	18.439	21.723	20.710
9.800	R1	7.727	7.727	16.035	18.869	22.032	11.439	11.636	18.513	21.844	21.041
9.840	R1	8.724	8.724	18.636	19.738	23.994	11.416	11.546	18.664	21.995	21.444
9.880	R1	9.081	9.081	18.079	20.394	22.962	11.463	11.586	18.821	22.163	22.045
9.920	R1	10.107	10.107	19.122	21.018	21.822	11.710	11.710	19.189	22.457	22.685
9.960	R1	10.648	10.648	19.364	23.326	21.008	11.993	11.993	19.360	22.696	23.353
10.000	R1	13.863	13.863	18.007	22.418	21.945	12.401	12.504	19.508	22.925	23.897
10.040	R1	12.974	12.974	18.621	23.958	23.615	12.739	12.842	19.669	23.177	24.385
10.080	R1	15.764	15.764	23.583	27.046	27.156	13.207	13.446	19.701	23.345	24.525
10.120	R1	14.741	14.741	21.949	26.286	29.218	13.689	14.103	19.775	23.580	24.727
10.160	R1	17.503	17.503	19.793	24.844	24.794	14.221	14.914	19.860	23.835	24.624
10.200	R1	13.804	13.804	19.217	23.803	25.988	14.809	15.727	20.003	24.112	24.567
10.240	R1	12.645	12.645	19.991	24.434	27.303	15.384	16.468	20.242	24.461	24.427
10.280	R1	15.258	15.258	24.383	26.987	29.634	15.837	16.921	20.349	24.704	24.134
10.320	R1	18.256	18.256	22.553	27.299	29.996	16.276	17.359	20.455	24.932	23.940
10.360	R1	19.683	21.734	21.523	26.310	26.277	16.642	17.726	20.492	25.066	23.782
10.400	R1	18.700	18.700	21.778	26.217	27.226	17.205	18.366	20.709	25.282	23.827
10.440	R1	20.837	23.568	20.837	26.710	23.669	17.628	18.994	20.924	25.582	23.924
10.480	R1	19.099	22.601	19.099	25.324	23.841	18.207	19.778	21.258	25.872	23.971
10.520	R1	17.980	23.559	17.980	22.894	20.070	18.516	20.506	21.280	25.893	23.710
10.560	R1	18.794	23.283	19.504	24.371	18.794	18.891	21.440	21.383	25.945	23.361
10.600	R1	19.225	22.549	20.812	25.844	19.225	19.102	22.192	21.612	26.096	23.208
10.640	R1	17.775	17.775	20.787	24.595	18.140	19.538	23.150	21.939	26.346	23.034
10.680	R1	17.855	17.855	20.203	24.958	19.079	20.025	24.289	22.157	26.514	22.788
10.720	R1	17.445	17.445	19.856	23.691	18.668	20.188	25.009	21.994	26.389	22.233
10.760	R1	21.901	23.436	23.700	27.653	21.901	20.209	25.701	21.950	26.133	21.667
10.800	R1	22.316	26.440	22.316	28.420	23.880	20.071	26.047	21.863	25.888	21.200
10.840	R1	24.566	28.639	25.294	29.759	24.566	19.932	26.398	21.686	25.627	20.634
10.880	R1	21.940	30.321	24.025	27.454	21.940	19.533	26.425	21.465	25.200	20.093
10.920	R1	22.238	33.432	23.999	27.331	22.238	19.139	26.537	21.213	24.714	19.462
10.960	R1	21.730	32.535	24.373	27.870	21.730	18.913	26.626	21.083	24.408	19.132
11.000	R1	22.510	32.967	25.771	28.804	22.510	18.715	26.955	21.054	24.103	18.933
11.040	R1	22.386	35.436	24.352	27.782	22.386	18.447	27.344	20.964	23.733	18.665
11.080	R1	18.524	29.656	21.119	24.499	18.524	18.138	27.694	20.650	23.356	18.339
11.120	R1	18.668	32.098	21.681	22.166	18.668	17.813	28.072	20.360	22.925	17.952
11.160	R1	16.938	28.644	19.764	21.416	16.938	17.527	28.514	20.096	22.610	17.605
11.200	R1	15.917	25.730	18.244	20.997	15.917	17.111	28.634	19.609	22.141	17.189
11.240	R1	12.848	24.105	16.422	18.168	12.848	16.615	28.630	19.147	21.598	16.615
11.280	R1	11.217	24.843	14.065	15.608	11.217	16.033	28.507	18.604	20.985	16.033
11.320	R1	13.470	25.325	15.364	16.773	13.470	15.609	28.520	18.255	20.485	15.609
11.360	R1	14.821	29.875	18.936	18.263	14.821	15.088	28.240	17.880	19.883	15.088
11.400	R1	13.865	30.321	19.002	18.445	13.865	14.534	28.000	17.374	19.221	14.534
11.440	R1	11.606	24.768	14.518	17.071	11.606	13.992	27.734	16.891	18.484	13.992
11.480	R1	11.351	25.420	14.408	16.328	11.351	13.199	27.137	16.149	17.651	13.199
11.520	R1	11.718	26.290	14.571	17.387	11.718	12.712	26.814	15.694	16.963	12.712
11.560	R1	13.587	25.835	13.950	18.280	13.587	12.387	26.336	15.218	16.492	12.387
11.600	R1	12.404	26.364	13.087	17.551	12.404	12.195	26.132	14.885	16.200	12.231
11.640	R1	12.930	26.169	14.435	17.518	12.930	11.971	25.945	14.819	15.812	12.007
11.680	R1	13.458	30.584	17.036	17.439	13.458	11.940	25.829	14.805	15.589	11.976
11.720	R1	11.810	27.844	16.501	15.288	11.810	11.876	25.659	14.598	15.395	12.002
11.760	R1	10.652	27.736	14.251	14.646	10.652	11.640	25.566	14.268	15.223	11.822
11.800	R1	11.670	27.640	16.104	14.047	11.670	11.168	24.962	13.590	14.695	11.444
11.840	R1	6.519	23.494	9.530	11.131	6.519	10.721	24.355	12.985	14.197	10.998
11.880	R1	8.782	23.191	12.002	10.744	8.782	10.404	23.906	12.723	13.701	10.680
11.920	R1	12.169	22.542	12.169	12.738	12.181	10.088	23.407	12.537	13.221	10.365
11.960	R1	13.106	24.557	13.106	15.573	13.818	9.762	22.975	12.127	12.707	10.038
12.000	R1	11.435	21.993	16.923	13.244	11.435	9.333	22.551	12.035	12.155	9.610
12.040	R1	12.222	21.779	16.136	13.710	12.222	8.959	22.178	11.864	11.690	9.236
12.080	R1	9.939	21.456	9.939	11.713	11.740	8.660	21.951	11.719	11.174	8.936
12.120	R1	8.756	23.456	8.756	13.334	9.867	8.452	21.471	11.601	10.777	8.729
12.160	R1	5.370	17.798	5.370	7.703	7.265	8.260	21.093	11.514	10.411	8.596
12.200	R1	4.940	18.192	6.907	8.488	4.940	8.025	20.669	11.532	9.977	8.646
12.240	R1	5.253	15.779	9.286	7.149	5.253	7.970	20.406	11.560	9.803	8.606
12.280	R1	5.043	15.438	10.678	6.737	5.043	8.054	20.196	11.915	9.656	8.864
12.320	R1	5.185	17.653	6.384	7.104	5.185	8.049	19.791	12.150	9.553	9.009
12.360	R1	5.018	17.349	12.105	7.237	5.018	7.909	19.615	12.354	9.385	9.130
12.400	R1	4.924	18.903	9.670	8.266	4.924	7.759	19.167	12.489	9.176	9.182
12.440	R1	6.939	21.646	11.523	7.196	6.939	7.682	18.917	12.431	9.011	9.276
12.480	R1	9.310	20.983	14.675	9.502	9.310	7.478	18.490	12.328	8.733	9.149
12.520	R1	7.966	20.280	14.764	7.966	9.156	7.418	18.174	12.559	8.608	9.060
12.560	R1	5.962	19.257	14.613	5.962	11.647	7.564	17.997	12.849	8.555	9.151
12.600	R1	10.567	22.383	16.669	10.567	10.877	7.967	18.275	13.459	9.028	9.459
12.640	R1	8.189	19.288	16.620	8.189	11.671	8.288	18.555	13.815	9.280	9.780
12.680	R1	8.692	15.095	16.705	8.692	11.697	8.722	19.007	14.267	9.727	10.214
12.720	R1	9.370	19.019	16.254	9.370	14.600	9.160	19.433	14.599	10.177	10.652
12.760	R1	10.095	15.604	15.801	11.391	14.849	9.443	19.703	15.022	10.579	10.935
12.800	R1	9.896	16.985	15.759	9.945	13.310	9.842	20.038	15.271	10.959	11.396
12.840	R1	8.148	13.233	14.078	8.148	9.681	10.073	20.315	15.520	11.231	11.627
12.880	R1	8.736	15.150	14.559	9.213	9.977	10.155	20.354	15.747	11.570	11.709
12.920	R1	11.683	19.915	14.561	12.284	11.683	10.161	20.520	15.710	11.857	11.715
12.960	R1	13.429	23.348	17.568	17.146	13.429	10.359	20.824	15.803	12.271	11.853
13.000	R1	11.347	23.796	14.021	13.530	11.347	10.575	21.048	15.876	12.568	11.785
13.040	R1	13.946	24.810	18.329	16.087	13.946	10.576	21.044	15.833	12.748	11.771
13.080	R1	13.793	23.953	17.314	15.751	13.793	10.667	21.211	15.743	12.875	11.688
13.120	R1	10.846	23.069	14.847	15.131	10.846	10.654	21.542	15.550	12.976	11.524
13.160	R1	13.007	24.048	17.098	14.842	14.245	10.582	21.608	15.424	13.000	11.191
13.200	R1	9.536	24.445	14.637	13.709	9.536	10.435	21.680	15.228	12.916	10.806
13.240	R1	8.586	22.410	16.078	13.973	8.586	10.360	21.468	14.958	12.838	10.606
13.280	R1	9.422	24.314	13.929	15.252	9.422	10.343	21.584	14.745	12.821	10.532
13.320	R1	11.927	26.362	16.622	16.242	11.927	10.261	21.627	14.586	12.727	10.388
13.360	R1	10.278	23.723	16.064	11.907	10.278	9.953	21.469	14.435	12.538	10.080
13.400	R1	10.601	22.306	15.810	14.150	10.601	9.549	21.061	14.096	11.948	9.745
13.440	R1	10.011	22.636	14.829	10.737	10.011	9.230	20.522	13.838	11.520	9.448
13.480	R1	8.418	21.705	12.838	10.704	8.418	8.787	19.856	13.270	10.971	9.039
13.520	R1	7.938	20.356	13.734	9.863	7.938	8.328	19.088	12.680	10.469	8.580
13.560	R1	7.153	17.027	11.882	9.696	7.153	8.050	18.453	12.253	9.976	8.400
13.600	R1	8.400	12.752	10.362	8.400	9.297	7.653	17.830	11.665	9.487	7.973
13.640	R1	7.799	15.550	9.813	7.799	8.205	7.422	17.289	11.280	9.056	7.743
13.680	R1	7.092	16.011	11.376	7.331	7.092	7.226	16.990	11.027	8.631	7.547
13.720	R1	5.533	16.754	11.550	8.514	5.533	7.016	16.537	10.865	8.130	7.358
13.760	R1	5.349	15.199	10.789	5.349	6.727	6.685	15.915	10.562	7.583	7.038
13.800	R1	4.964	13.006	8.865	4.964	5.416	6.437	15.450	10.254	7.253	6.803
13.840	R1	5.095	11.489	6.970	5.095	5.750	6.121	15.052	10.004	6.800	6.745
13.880	R1	4.611	8.598	5.506	5.713	4.611	5.901	14.641	9.784	6.544	6.534
13.920	R1	5.282	10.376	6.306	5.282	7.256	5.755	14.183	9.596	6.284	6.455
13.960	R1	5.060	11.579	5.343	5.060	5.714	5.637	13.867	9.314	6.070	6.444
14.000	R1	4.917	13.618	6.926	5.079	4.917	5.552	13.611	9.120	5.858	6.423
14.040	R1	4.676	16.431	11.033	5.478	4.676	5.368	13.702	9.093	5.716	6.194
14.080	R1	5.226	15.258	10.675	5.226	5.644	5.248	13.547	8.962	5.595	6.057
14.120	R1	5.307	13.932	10.566	5.307	5.534	5.172	13.394	8.825	5.507	6.028
14.160	R1	5.303	14.408	9.904	5.303	5.571	5.185	13.173	8.754	5.372	6.067
14.200	R1	4.278	14.348	10.819	5.102	9.434	5.199	13.146	8.726	5.386	6.053
14.240	R1	5.612	14.424	10.430	5.612	5.801	5.216	13.220	8.781	5.403	6.164
14.280	R1	5.498	12.543	9.067	5.498	6.834	5.225	13.184	8.794	5.412	6.254
14.320	R1	5.590	14.036	8.106	5.590	7.722	5.277	13.476	9.049	5.408	6.485
14.360	R1	5.452	11.913	7.994	5.452	6.724	5.288	13.625	9.151	5.420	6.569
14.400	R1	4.723	14.576	9.825	5.562	4.723	5.291	13.714	9.353	5.422	6.555
14.440	R1	5.389	12.440	7.188	5.389	5.453	5.294	13.690	9.477	5.423	6.558
14.480	R1	5.570	12.950	8.649	5.570	6.523	5.240	13.557	9.345	5.383	6.504
14.520	R1	5.810	12.341	10.111	5.810	6.303	5.120	13.426	9.264	5.363	6.364
14.560	R1	5.625	14.663	10.235	5.625	6.459	5.094	13.468	9.224	5.356	6.326
14.600	R1	5.306	14.483	9.966	5.306	7.641	5.074	13.427	9.158	5.346	6.292
14.640	R1	5.267	10.769	7.231	5.267	7.549	5.116	13.480	9.186	5.360	6.077
14.680	R1	5.644	14.428	10.602	5.644	9.225	5.081	13.542	9.175	5.347	6.033
14.720	R1	5.511	13.355	8.357	5.511	8.926	5.046	13.611	9.203	5.334	5.930
14.760	R1	5.108	13.357	9.374	5.108	5.439	4.999	13.575	9.237	5.326	5.777
14.800	R1	4.983	13.152	9.404	5.099	4.983	4.979	13.708	9.204	5.316	5.694
14.840	R1	3.591	13.770	8.393	4.683	3.591	4.999	13.632	9.209	5.298	5.713
14.880	R1	2.844	12.623	9.068	4.818	2.844	4.968	13.751	9.254	5.275	5.679
14.920	R1	4.778	14.777	9.766	5.181	4.778	4.922	13.792	9.247	5.257	5.586
14.960	R1	4.896	13.589	8.577	5.088	4.896	4.884	13.892	9.230	5.242	5.523
15.000	R1	5.132	15.408	11.383	5.391	5.132	4.841	13.763	9.157	5.224	5.438
15.040	R1	4.909	15.674	10.204	5.342	4.909	4.834	13.642	8.994	5.224	5.315
15.080	R1	4.785	13.908	9.635	5.253	4.785	4.815	13.788	9.037	5.229	5.182
15.120	R1	4.661	13.334	8.771	5.412	4.661	4.782	13.758	9.001	5.213	4.969
15.160	R1	5.055	14.568	7.343	5.253	5.055	4.762	13.674	9.106	5.219	4.778
15.200	R1	5.118	13.054	9.927	5.209	5.118	4.723	13.644	9.134	5.221	4.723
15.240	R1	4.768	14.822	8.082	4.930	4.768	4.734	13.609	9.188	5.226	4.735
15.280	R1	4.651	13.772	8.509	5.208	4.651	4.810	13.433	9.184	5.248	4.821
15.320	R1	5.050	14.341	9.762	5.518	5.050	4.929	13.398	9.262	5.267	4.944
15.360	R1	4.756	12.081	8.791	5.265	4.756	4.903	13.262	9.320	5.283	4.918
15.400	R1	5.176	12.050	6.690	5.296	5.176	4.865	13.059	9.438	5.288	4.881
15.440	R1	4.890	13.703	8.104	5.363	4.890	4.834	12.870	9.406	5.292	4.849
15.480	R1	4.971	13.822	9.880	5.326	4.971	4.855	12.733	9.392	5.292	4.875
15.520	R1	5.111	11.669	10.455	5.633	5.111	4.856	12.633	9.364	5.455	4.876
15.560	R1	4.334	12.763	9.933	5.147	4.334	4.867	12.557	9.329	5.696	4.887
15.600	R1	5.209	12.451	10.485	5.209	5.219	4.865	12.378	9.367	5.944	4.885
15.640	R1	5.113	10.253	8.312	5.113	5.311	4.842	12.185	9.281	6.189	4.863
15.680	R1	5.209	11.919	10.623	5.209	5.313	4.902	11.901	9.336	6.458	4.923
15.720	R1	4.263	12.058	10.937	5.499	4.263	4.945	11.766	9.322	6.736	4.965
15.760	R1	4.140	9.532	10.934	5.187	4.140	4.942	11.676	9.238	6.967	4.963
15.800	R1	4.501	11.618	10.746	5.471	4.501	4.993	11.698	9.265	7.170	5.014
15.840	R1	5.330	12.941	9.916	5.330	5.429	4.978	11.671	9.331	7.456	4.998
15.880	R1	4.805	11.908	9.075	8.520	4.805	4.995	11.593	9.325	7.714	5.015
15.920	R1	4.882	11.817	8.072	10.235	4.882	4.999	11.586	9.226	7.959	5.020
15.960	R1	5.015	10.994	8.100	10.216	5.015	5.025	11.804	9.124	8.221	5.046
16.000	R1	4.667	9.194	8.214	10.108	4.667	5.081	11.899	9.078	8.592	5.102
16.040	R1	5.968	9.142	9.172	10.302	5.968	5.185	12.073	9.051	8.975	5.205
16.080	R1	5.509	11.064	8.230	10.771	5.509	5.389	12.324	9.359	9.575	5.399
16.120	R1	4.997	12.545	8.095	10.141	4.997	5.696	12.581	9.573	10.114	5.701
16.160	R1	5.770	12.525	9.322	9.327	5.770	6.015	12.662	9.680	10.676	6.020
16.200	R1	4.870	11.501	8.022	11.019	4.870	6.388	13.051	9.908	11.301	6.393
16.240	R1	5.228	12.150	7.978	10.519	5.228	6.689	13.147	10.041	11.782	6.694
16.280	R1	5.065	13.671	7.900	10.220	5.065	6.905	13.147	10.176	12.312	6.905
16.320	R1	5.629	16.043	8.403	10.878	5.629	7.128	13.147	10.357	12.732	7.128
16.360	R1	5.449	14.654	9.025	12.561	5.449	7.393	13.187	10.599	13.103	7.393
16.400	R1	7.284	15.936	9.943	12.877	7.284	7.686	13.499	10.873	13.457	7.686
16.440	R1	9.202	15.266	14.478	17.105	9.202	7.906	13.914	11.067	13.801	7.906
16.480	R1	11.340	17.068	14.887	15.991	11.340	8.173	14.285	11.259	14.192	8.173
16.520	R1	10.658	13.668	13.083	16.750	10.658	8.484	14.560	11.482	14.576	8.484
16.560	R1	11.585	17.315	15.490	17.676	11.585	8.849	14.547	11.772	15.038	8.895
16.600	R1	10.536	13.538	13.421	15.086	10.536	9.111	14.471	11.897	15.446	9.220
16.640	R1	9.643	12.931	12.618	15.927	9.643	9.269	14.552	12.075	15.748	9.379
16.680	R1	9.264	11.914	12.678	16.933	9.264	9.516	14.515	12.184	16.022	9.631
16.720	R1	10.183	12.613	12.920	17.653	10.183	9.673	14.436	12.253	16.264	9.788
16.760	R1	10.880	17.246	13.588	17.290	10.880	9.828	14.213	12.299	16.465	9.943
16.800	R1	9.059	17.490	12.089	16.989	9.059	10.005	14.141	12.326	16.567	10.120
16.840	R1	11.304	16.556	13.018	18.129	11.304	9.889	13.974	12.279	16.581	10.004
16.880	R1	11.742	16.569	12.692	18.455	11.742	9.695	13.705	11.868	16.175	9.810
16.920	R1	12.281	12.281	13.877	19.369	13.199	9.350	13.340	11.410	15.814	9.465
16.960	R1	11.012	11.012	11.828	17.494	12.279	9.066	13.111	11.019	15.343	9.181
17.000	R1	8.042	13.116	11.589	17.062	8.042	8.740	12.694	10.499	14.845	8.856
17.040	R1	10.153	11.414	10.153	15.985	10.275	8.347	12.526	10.081	14.463	8.462
17.080	R1	8.210	12.095	9.287	15.069	8.210	8.002	12.313	9.679	14.046	8.117
17.120	R1	8.731	11.584	9.311	14.906	8.731	7.655	12.168	9.282	13.536	7.770
17.160	R1	8.992	13.214	9.564	14.590	8.992	7.282	12.034	8.912	13.018	7.398
17.200	R1	4.954	12.597	9.002	13.156	4.954	6.880	11.608	8.478	12.543	6.996
17.240	R1	5.326	9.876	6.265	8.996	5.326	6.567	11.158	8.142	12.102	6.682
17.280	R1	4.439	9.779	5.727	8.758	4.439	6.133	10.851	7.751	11.565	6.249
17.320	R1	4.975	9.072	5.262	7.338	4.975	5.667	10.599	7.374	11.009	5.782
17.360	R1	5.081	8.988	5.101	7.725	5.081	5.189	10.477	6.933	10.380	5.258
17.400	R1	2.668	10.174	5.051	7.434	2.668	4.779	10.401	6.647	9.866	4.785
17.440	R1	2.733	8.661	4.581	7.586	2.733	4.515	10.087	6.337	9.379	4.521
17.480	R1	2.333	9.022	4.727	6.740	2.333	4.140	9.803	6.101	8.876	4.140
17.520	R1	2.731	9.941	5.529	7.292	2.731	3.862	9.370	5.893	8.422	3.862
17.560	R1	2.836	8.713	4.908	7.780	2.836	3.547	8.982	5.690	7.929	3.547
17.600	R1	2.791	8.494	5.364	8.180	2.791	3.222	8.474	5.519	7.461	3.222
17.640	R1	2.633	10.416	5.204	7.393	2.633	3.089	7.959	5.337	7.081	3.094
17.680	R1	2.418	11.521	5.158	7.329	2.418	2.948	7.605	5.277	6.991	2.953
17.720	R1	2.713	9.840	5.056	6.782	2.713	2.852	7.249	5.245	6.827	2.858
17.760	R1	2.817	9.495	6.092	7.209	2.817	2.732	6.924	5.244	6.801	2.746
17.800	R1	2.769	6.837	5.394	7.329	2.769	2.603	6.619	5.245	6.777	2.617
17.840	R1	2.652	5.743	5.430	5.928	2.652	2.593	6.233	5.254	6.728	2.617
17.880	R1	2.642	3.431	5.142	5.993	2.642	2.580	5.924	5.292	6.648	2.612
17.920	R1	2.439	3.818	5.252	5.049	2.439	2.594	5.614	5.313	6.664	2.626
17.960	R1	2.479	3.069	6.133	5.228	2.479	2.572	5.262	5.304	6.648	2.604
18.000	R1	2.294	2.294	5.362	5.560	2.406	2.565	4.977	5.340	6.633	2.598
18.040	R1	2.509	2.801	5.063	7.179	2.509	2.556	4.689	5.357	6.530	2.588
18.080	R1	2.533	2.651	5.093	5.494	2.533	2.560	4.307	5.381	6.498	2.592
18.120	R1	2.572	2.572	5.239	6.816	2.742	2.565	3.888	5.393	6.449	2.597
18.160	R1	2.498	2.884	5.132	7.245	2.498	2.557	3.543	5.399	6.447	2.589
18.200	R1	2.463	2.463	5.228	6.444	2.674	2.536	3.187	5.335	6.446	2.569
18.240	R1	2.478	2.478	5.325	5.982	2.632	2.520	2.968	5.290	6.453	2.561
18.280	R1	2.605	2.812	5.150	7.077	2.605	2.511	2.815	5.284	6.507	2.552
18.320	R1	2.293	2.913	5.356	6.955	2.293	2.498	2.766	5.281	6.535	2.539
18.360	R1	2.707	3.011	5.620	7.489	2.707	2.492	2.748	5.277	6.619	2.534
18.400	R1	2.599	2.723	5.707	6.130	2.599	2.491	2.749	5.209	6.718	2.533
18.440	R1	2.716	2.785	5.691	6.739	2.716	2.503	2.770	5.202	6.820	2.538
18.480	R1	2.518	3.139	5.400	6.351	2.518	2.503	2.757	5.196	6.832	2.538
18.520	R1	2.559	2.935	5.168	6.736	2.559	2.480	2.728	5.189	6.966	2.549
18.560	R1	2.385	2.385	4.822	7.194	2.412	2.459	2.707	5.189	7.004	2.533
18.600	R1	2.454	2.454	4.497	7.469	2.609	2.452	2.695	5.178	6.999	2.537
18.640	R1	2.474	2.673	5.295	7.004	2.474	2.450	2.692	5.156	7.000	2.534
18.680	R1	2.382	2.466	5.090	6.558	2.382	2.447	2.690	5.151	7.075	2.528
18.720	R1	2.325	3.444	5.179	6.739	2.325	2.442	2.679	5.150	7.039	2.527
18.760	R1	2.462	3.096	4.768	7.191	2.462	2.455	2.661	5.143	7.049	2.543
18.800	R1	2.520	2.720	5.224	7.606	2.520	2.438	2.636	5.104	6.945	2.533
18.840	R1	2.508	2.536	4.936	7.415	2.508	2.421	2.614	5.078	6.917	2.537
18.880	R1	2.074	2.074	4.962	8.171	2.749	2.410	2.602	5.035	6.876	2.534
18.920	R1	2.149	2.149	5.225	7.577	2.425	2.404	2.573	5.030	6.811	2.533
18.960	R1	2.360	2.635	4.924	7.161	2.574	2.395	2.544	5.015	6.724	2.538
19.000	R1	2.421	2.421	4.779	6.450	2.609	2.394	2.553	5.033	6.613	2.555
19.040	R1	2.430	2.430	5.238	7.479	2.515	2.394	2.560	5.062	6.489	2.547
19.080	R1	2.510	2.593	5.119	6.358	2.579	2.391	2.552	5.055	6.425	2.547
19.120	R1	2.545	2.545	5.221	7.155	2.624	2.396	2.555	5.065	6.380	2.556
19.160	R1	2.357	2.517	4.831	5.417	2.493	2.406	2.518	5.075	6.317	2.566
19.200	R1	2.277	2.277	5.191	5.568	2.693	2.398	2.479	5.089	6.286	2.575
19.240	R1	2.495	2.551	4.824	5.931	2.643	2.383	2.453	5.087	6.221	2.572
19.280	R1	2.388	2.549	5.309	5.047	2.511	2.357	2.426	5.114	6.113	2.578
19.320	R1	2.372	2.372	4.866	4.997	2.647	2.366	2.448	5.121	6.065	2.576
19.360	R1	2.369	2.560	5.189	4.964	2.754	2.382	2.464	5.111	6.053	2.583
19.400	R1	2.455	2.586	5.068	4.988	2.455	2.387	2.455	5.134	6.078	2.594
19.440	R1	2.416	2.509	5.156	5.725	2.465	2.387	2.455	5.158	6.120	2.595
19.480	R1	2.487	2.532	5.285	5.656	2.569	2.388	2.461	5.173	6.136	2.613
19.520	R1	2.526	2.717	5.383	5.482	2.526	2.381	2.451	5.189	6.184	2.617
19.560	R1	2.304	2.304	5.057	6.567	2.634	2.368	2.437	5.181	6.206	2.606
19.600	R1	2.207	2.207	5.177	6.311	2.474	2.377	2.438	5.200	6.278	2.612
19.640	R1	1.996	1.996	5.474	5.263	2.630	2.385	2.454	5.196	6.355	2.612
19.680	R1	2.263	2.519	5.095	7.210	2.708	2.377	2.443	5.225	6.445	2.606
19.720	R1	2.453	2.453	5.029	7.328	2.560	2.375	2.433	5.217	6.566	2.611
19.760	R1	2.467	2.467	5.390	7.668	2.796	2.375	2.442	5.232	6.650	2.606
19.800	R1	2.422	2.422	5.260	7.290	2.631	2.350	2.407	5.241	6.778	2.616
19.840	R1	2.451	2.544	5.532	7.799	2.860	2.348	2.406	5.239	6.886	2.622
19.880	R1	2.376	2.389	5.432	7.308	2.665	2.348	2.414	5.250	6.936	2.635
19.920	R1	2.276	2.276	5.071	7.602	2.405	2.343	2.406	5.252	7.010	2.638
19.960	R1	2.535	2.535	5.204	6.863	2.622	2.320	2.373	5.233	7.070	2.645
20.000	R1	2.438	2.594	5.122	7.099	2.679	2.307	2.360	5.237	7.087	2.637
20.040	R1	2.334	2.334	5.402	7.732	2.522	2.320	2.379	5.245	7.142	2.646
20.080	R1	2.344	2.344	5.138	7.469	2.610	2.341	2.399	5.234	7.243	2.643
20.120	R1	2.377	2.546	5.182	6.669	2.563	2.348	2.401	5.229	7.261	2.643
20.160	R1	1.860	1.860	5.360	7.523	2.943	2.344	2.397	5.247	7.290	2.648
20.200	R1	2.418	2.567	5.023	7.149	2.582	2.342	2.398	5.232	7.287	2.637
20.240	R1	2.429	2.664	5.387	6.735	2.712	2.343	2.399	5.230	7.289	2.634
20.280	R1	2.384	2.384	5.322	7.134	2.630	2.338	2.407	5.213	7.252	2.609
20.320	R1	2.057	2.057	5.007	6.683	2.679	2.348	2.432	5.209	7.280	2.617
20.360	R1	2.049	2.049	5.130	6.899	2.468	2.357	2.441	5.216	7.248	2.625
20.400	R1	2.474	2.583	5.348	7.412	2.645	2.353	2.442	5.216	7.284	2.622
20.440	R1	2.400	2.400	5.253	7.284	2.580	2.353	2.435	5.206	7.291	2.617
20.480	R1	2.416	2.542	4.988	7.569	2.709	2.355	2.437	5.193	7.266	2.612
20.520	R1	2.372	2.372	5.391	7.914	2.652	2.356	2.438	5.210	7.258	2.613
20.560	R1	2.422	2.492	5.079	7.611	2.582	2.358	2.437	5.209	7.317	2.616
20.600	R1	2.444	2.446	5.227	7.323	2.572	2.386	2.465	5.204	7.313	2.606
20.640	R1	2.358	2.711	5.201	7.052	2.358	2.393	2.465	5.187	7.285	2.605
20.680	R1	2.573	2.878	5.344	7.885	2.818	2.393	2.471	5.182	7.314	2.615
20.720	R1	2.461	2.461	5.222	6.962	2.573	2.388	2.471	5.173	7.306	2.618
20.760	R1	2.443	2.557	5.196	7.566	2.557	2.411	2.494	5.181	7.273	2.612
20.800	R1	2.449	2.449	4.911	7.238	2.594	2.426	2.511	5.180	7.254	2.608
20.840	R1	2.367	2.367	5.151	7.233	2.409	2.423	2.506	5.175	7.258	2.607
20.880	R1	2.369	2.369	5.483	7.311	2.627	2.410	2.493	5.176	7.226	2.605
20.920	R1	2.414	2.524	5.155	7.847	2.621	2.408	2.487	5.170	7.206	2.595
20.960	R1	2.425	2.425	5.252	7.447	2.758	2.390	2.469	5.159	7.166	2.590
21.000	R1	2.549	2.567	4.695	6.597	2.549	2.392	2.467	5.152	7.143	2.584
21.040	R1	2.433	2.775	5.278	7.305	2.917	2.393	2.468	5.147	7.130	2.586
21.080	R1	2.292	2.390	5.140	6.979	2.686	2.390	2.459	5.145	7.148	2.589
21.120	R1	2.504	2.511	5.172	6.019	2.558	2.381	2.434	5.154	7.102	2.580
21.160	R1	2.351	2.406	5.109	6.533	2.396	2.372	2.441	5.156	7.078	2.574
21.200	R1	2.418	2.478	5.262	7.485	2.627	2.373	2.436	5.152	7.036	2.575
21.240	R1	2.148	2.148	5.260	6.648	2.532	2.367	2.438	5.166	7.011	2.573
21.280	R1	2.378	2.408	4.866	7.176	2.520	2.364	2.435	5.164	6.980	2.576
21.320	R1	2.012	2.012	5.179	7.107	2.556	2.364	2.435	5.139	6.983	2.574
21.360	R1	2.448	2.456	4.939	7.152	2.448	2.362	2.440	5.137	6.938	2.567
21.400	R1	2.461	2.461	5.123	7.065	2.625	2.364	2.450	5.124	6.892	2.552
21.440	R1	2.315	2.541	5.159	7.414	2.412	2.354	2.447	5.132	6.855	2.542
21.480	R1	2.379	2.379	5.529	6.964	2.634	2.351	2.426	5.117	6.796	2.518
21.520	R1	2.289	2.598	5.255	6.471	2.459	2.354	2.435	5.101	6.711	2.524
21.560	R1	2.458	2.458	5.114	6.737	2.571	2.333	2.414	5.086	6.664	2.530
21.600	R1	2.326	2.488	5.198	6.727	2.563	2.341	2.418	5.075	6.560	2.539
21.640	R1	2.311	2.311	5.109	6.607	2.467	2.339	2.418	5.065	6.440	2.534
21.680	R1	2.362	2.362	4.982	7.387	2.574	2.352	2.434	5.032	6.374	2.531
21.720	R1	2.389	2.622	5.115	6.940	2.486	2.355	2.435	5.033	6.288	2.536
21.760	R1	2.455	2.634	4.992	6.530	2.455	2.377	2.459	5.023	6.200	2.544
21.800	R1	2.353	2.492	4.852	5.856	2.353	2.382	2.463	5.059	6.108	2.551
21.840	R1	2.372	2.372	4.982	6.123	2.429	2.379	2.460	5.065	6.015	2.547
21.880	R1	2.344	2.554	4.823	5.280	2.808	2.379	2.448	5.082	5.927	2.561
21.920	R1	2.098	2.098	4.879	5.085	2.680	2.379	2.449	5.065	5.845	2.556
21.960	R1	2.497	2.497	4.882	4.455	2.588	2.357	2.412	5.057	5.804	2.569
22.000	R1	2.385	2.477	5.071	5.084	2.522	2.346	2.400	5.058	5.723	2.562
22.040	R1	2.406	2.462	4.598	5.329	2.479	2.351	2.401	5.070	5.661	2.566
22.080	R1	2.429	2.429	4.889	5.440	2.611	2.355	2.405	5.079	5.579	2.574
22.120	R1	2.470	2.481	4.975	5.355	2.723	2.360	2.423	5.102	5.468	2.580
22.160	R1	2.541	2.541	5.650	5.317	2.586	2.360	2.422	5.109	5.403	2.589
22.200	R1	2.402	2.406	5.252	5.201	2.541	2.344	2.397	5.116	5.345	2.594
22.240	R1	2.307	2.307	5.491	5.644	2.691	2.326	2.372	5.145	5.315	2.609
22.280	R1	2.390	2.390	5.193	5.333	2.524	2.329	2.384	5.162	5.267	2.610
22.320	R1	1.852	1.852	5.087	5.642	2.734	2.333	2.380	5.176	5.276	2.603
22.360	R1	2.222	2.222	5.135	5.115	2.434	2.346	2.401	5.197	5.320	2.609
22.400	R1	2.428	2.504	5.440	5.504	2.636	2.343	2.400	5.208	5.432	2.620
22.440	R1	2.391	2.391	5.288	4.963	2.627	2.324	2.376	5.206	5.539	2.626
22.480	R1	2.472	2.722	5.455	5.167	2.700	2.315	2.364	5.200	5.641	2.634
22.520	R1	2.383	2.608	5.252	5.627	2.657	2.310	2.368	5.194	5.703	2.627
22.560	R1	2.127	2.127	5.130	5.383	2.555	2.296	2.353	5.209	5.814	2.614
22.600	R1	2.007	2.007	5.437	5.262	2.659	2.285	2.350	5.174	5.889	2.612
22.640	R1	2.436	2.599	5.318	5.151	2.436	2.286	2.352	5.175	5.961	2.610
22.680	R1	2.414	2.473	5.104	5.455	2.683	2.292	2.360	5.138	6.025	2.614
22.720	R1	2.370	2.516	5.293	5.972	2.784	2.295	2.376	5.120	6.095	2.621
22.760	R1	2.435	2.480	5.110	6.685	2.825	2.325	2.407	5.129	6.101	2.618
22.800	R1	2.006	2.006	5.019	7.225	2.624	2.329	2.423	5.132	6.107	2.620
22.840	R1	2.224	2.224	4.482	7.385	2.653	2.329	2.423	5.119	6.166	2.623
22.880	R1	2.332	2.497	4.775	6.666	2.475	2.330	2.429	5.120	6.199	2.613
22.920	R1	2.179	2.179	5.275	7.573	2.461	2.324	2.411	5.098	6.211	2.607
22.960	R1	2.318	2.499	4.936	6.832	2.549	2.327	2.408	5.096	6.292	2.617
23.000	R1	2.435	2.435	5.271	6.629	2.494	2.345	2.429	5.093	6.380	2.620
23.040	R1	2.424	2.466	4.755	6.921	2.768	2.366	2.450	5.079	6.446	2.615
23.080	R1	2.450	2.723	4.845	6.739	2.670	2.364	2.453	5.080	6.557	2.628
23.120	R1	2.453	2.462	5.256	5.773	2.662	2.370	2.462	5.099	6.629	2.630
23.160	R1	2.289	2.553	5.194	5.223	2.485	2.377	2.466	5.125	6.579	2.617
23.200	R1	2.433	2.497	5.194	6.687	2.703	2.377	2.472	5.125	6.565	2.598
23.240	R1	2.421	2.514	5.302	5.626	2.421	2.396	2.500	5.121	6.466	2.595
23.280	R1	2.348	2.348	5.012	5.414	2.585	2.411	2.520	5.149	6.360	2.592
23.320	R1	2.433	2.556	5.207	7.234	2.841	2.415	2.515	5.181	6.307	2.592
23.360	R1	2.496	2.551	5.078	7.144	2.619	2.408	2.508	5.181	6.189	2.591
23.400	R1	2.430	2.430	5.145	6.583	2.560	2.412	2.503	5.195	6.110	2.586
23.440	R1	2.387	2.648	5.348	7.369	2.705	2.414	2.505	5.178	6.060	2.594
23.480	R1	2.528	2.659	5.484	6.907	2.710	2.416	2.522	5.205	5.992	2.588
23.520	R1	2.512	2.595	5.805	4.965	2.535	2.417	2.511	5.215	6.051	2.587
23.560	R1	2.442	2.605	5.121	6.415	2.445	2.417	2.510	5.226	6.114	2.579
23.600	R1	2.390	2.560	4.940	5.231	2.568	2.422	2.513	5.227	6.093	2.574
23.640	R1	2.529	2.625	5.045	5.278	2.586	2.418	2.507	5.233	6.021	2.567
23.680	R1	2.396	2.396	5.417	5.603	2.476	2.420	2.504	5.228	5.981	2.569
23.720	R1	2.045	2.045	5.276	5.207	2.429	2.416	2.500	5.232	5.989	2.573
23.760	R1	2.390	2.390	5.198	5.251	2.459	2.416	2.497	5.235	5.986	2.563
23.800	R1	2.475	2.475	4.940	5.623	2.652	2.412	2.493	5.239	5.980	2.567
23.840	R1	2.472	2.802	5.292	5.560	2.652	2.410	2.503	5.248	5.999	2.571
23.880	R1	2.478	2.514	5.051	7.930	2.639	2.419	2.507	5.219	5.970	2.579
23.920	R1	2.448	2.448	5.474	7.023	2.516	2.415	2.509	5.183	5.988	2.577
23.960	R1	2.379	2.608	5.219	4.801	2.379	2.410	2.500	5.136	6.051	2.588
24.000	R1	2.369	2.369	5.296	5.261	2.558	2.405	2.487	5.147	6.046	2.586
24.040	R1	2.458	2.460	5.209	4.826	2.458	2.409	2.484	5.151	6.139	2.586
24.080	R1	2.257	2.257	5.085	5.579	2.667	2.402	2.476	5.162	6.220	2.577
24.120	R1	2.434	2.510	5.275	7.167	2.644	2.398	2.472	5.163	6.311	2.578
24.160	R1	2.426	2.475	5.151	7.028	2.697	2.416	2.496	5.153	6.398	2.589
24.200	R1	2.392	2.611	5.341	6.949	2.649	2.414	2.504	5.155	6.400	2.584
24.240	R1	2.561	2.731	4.761	6.791	2.854	2.408	2.502	5.177	6.437	2.585
24.280	R1	2.457	2.716	4.768	7.263	2.669	2.392	2.469	5.160	6.402	2.590
24.320	R1	2.397	2.397	4.853	6.239	2.764	2.386	2.461	5.178	6.293	2.579
24.360	R1	2.342	2.342	5.345	6.307	2.397	2.364	2.439	5.163	6.211	2.583
24.400	R1	2.473	2.519	5.026	7.087	2.583	2.364	2.440	5.160	6.352	2.595
24.440	R1	2.394	2.448	5.265	6.901	2.394	2.366	2.446	5.170	6.451	2.597
24.480	R1	2.317	2.317	5.433	7.431	2.509	2.345	2.426	5.177	6.538	2.605
24.520	R1	2.397	2.530	5.068	6.945	2.633	2.344	2.425	5.169	6.629	2.601
24.560	R1	2.365	2.559	5.255	5.286	2.365	2.344	2.431	5.161	6.620	2.590
24.600	R1	2.350	2.425	5.368	6.367	2.678	2.346	2.438	5.183	6.605	2.579
24.640	R1	2.139	2.139	4.963	4.857	2.743	2.351	2.432	5.171	6.549	2.578
24.680	R1	2.363	2.363	5.400	5.759	2.429	2.340	2.428	5.200	6.459	2.560
24.720	R1	2.006	2.006	5.174	5.382	2.587	2.318	2.393	5.218	6.374	2.553
24.760	R1	2.387	2.616	5.173	7.616	2.616	2.295	2.370	5.221	6.338	2.535
24.800	R1	2.396	2.501	5.478	7.237	2.602	2.281	2.356	5.213	6.364	2.533
24.840	R1	2.048	2.048	5.362	6.577	2.617	2.252	2.325	5.223	6.388	2.535
24.880	R1	2.240	2.240	4.927	7.395	2.593	2.238	2.308	5.196	6.394	2.540
24.920	R1	2.428	2.628	5.112	6.987	2.428	2.245	2.315	5.177	6.375	2.547
24.960	R1	2.463	2.626	5.593	6.734	2.463	2.226	2.290	5.170	6.423	2.545
25.000	R1	2.490	2.490	5.096	5.821	2.628	2.230	2.290	5.162	6.560	2.555
25.040	R1	2.346	2.646	5.344	4.994	2.510	2.208	2.264	5.139	6.597	2.547
25.080	R1	2.018	2.018	5.126	5.568	2.531	2.224	2.281	5.149	6.713	2.541
25.120	R1	1.926	1.926	4.914	5.516	2.386	2.229	2.292	5.147	6.808	2.544
25.160	R1	2.080	2.080	5.176	6.813	2.374	2.247	2.327	5.148	6.935	2.552
25.200	R1	1.887	1.887	5.242	7.580	2.609	2.244	2.313	5.146	6.897	2.546
25.240	R1	2.105	2.105	4.719	7.013	2.498	2.249	2.314	5.133	6.884	2.547
25.280	R1	2.464	2.464	5.045	7.061	2.656	2.267	2.334	5.091	6.909	2.543
25.320	R1	2.022	2.022	4.940	7.904	2.577	2.278	2.345	5.087	6.910	2.549
25.360	R1	2.450	2.577	5.080	8.016	2.575	2.277	2.337	5.101	6.894	2.548
25.400	R1	1.900	1.900	4.909	7.119	2.518	2.273	2.326	5.055	6.826	2.544
25.440	R1	2.465	2.468	5.168	7.164	2.631	2.270	2.329	5.052	6.803	2.538
25.480	R1	2.452	2.599	5.364	7.657	2.479	2.273	2.342	5.057	6.835	2.540
25.520	R1	2.370	2.706	5.201	7.923	2.753	2.284	2.352	5.063	6.876	2.543
25.560	R1	2.321	2.321	5.128	6.867	2.489	2.303	2.371	5.052	6.990	2.552
25.600	R1	2.509	2.528	5.217	6.969	2.630	2.303	2.372	5.049	7.002	2.576
25.640	R1	2.405	2.452	4.521	7.084	2.529	2.333	2.402	5.044	7.002	2.580
25.680	R1	2.463	2.463	4.855	7.411	2.712	2.343	2.428	5.058	7.033	2.584
25.720	R1	2.404	2.462	5.391	6.663	2.409	2.342	2.436	5.048	7.003	2.588
25.760	R1	2.379	2.406	4.660	5.384	2.379	2.361	2.456	5.042	6.983	2.596
25.800	R1	2.443	2.544	5.040	5.354	2.517	2.330	2.419	5.047	6.956	2.591
25.840	R1	2.395	2.904	5.443	5.632	2.557	2.348	2.437	5.051	6.972	2.603
25.880	R1	2.232	2.232	5.250	6.399	2.583	2.347	2.439	5.036	6.961	2.604
25.920	R1	2.308	2.308	4.696	7.794	2.565	2.341	2.432	5.007	6.869	2.599
25.960	R1	2.092	2.092	5.101	7.053	2.849	2.341	2.415	4.988	6.728	2.588
26.000	R1	2.484	2.484	5.161	7.579	2.703	2.341	2.415	4.987	6.642	2.587
26.040	R1	2.298	2.636	4.988	7.621	2.575	2.335	2.408	4.973	6.533	2.580
26.080	R1	2.446	2.624	4.846	6.463	2.738	2.340	2.418	5.002	6.434	2.578
26.120	R1	2.403	2.418	4.815	7.513	2.733	2.337	2.421	4.993	6.349	2.573
26.160	R1	1.833	1.833	5.192	7.478	2.461	2.340	2.424	4.995	6.143	2.587
26.200	R1	2.250	2.250	4.981	7.437	2.765	2.340	2.422	5.015	6.003	2.591
26.240	R1	2.451	2.518	4.867	6.935	2.652	2.335	2.430	5.023	5.853	2.589
26.280	R1	2.339	2.458	4.784	5.815	2.375	2.342	2.420	5.016	5.698	2.588
26.320	R1	2.369	2.369	4.824	5.114	2.541	2.354	2.440	5.006	5.503	2.583
26.360	R1	2.324	2.324	5.110	5.149	2.458	2.357	2.461	5.019	5.245	2.574
26.400	R1	2.378	2.378	4.934	4.789	2.491	2.376	2.491	5.027	5.018	2.557
26.440	R1	2.503	2.646	5.094	5.089	2.503	2.374	2.492	5.024	4.773	2.554
26.480	R1	2.415	2.523	4.686	5.724	2.609	2.365	2.466	5.036	4.532	2.539
26.520	R1	2.463	2.524	5.423	2.545	2.678	2.363	2.458	5.053	4.334	2.532
26.560	R1	2.372	2.372	5.064	2.579	2.467	2.362	2.463	5.089	4.090	2.514
26.600	R1	2.351	2.699	5.208	2.351	2.477	2.390	2.491	5.084	3.838	2.518
26.640	R1	2.535	2.719	5.290	2.535	2.542	2.398	2.500	5.084	3.600	2.508
26.680	R1	2.467	2.631	5.062	2.488	2.468	2.385	2.483	5.080	3.387	2.500
26.720	R1	2.371	2.721	4.947	2.637	2.396	2.388	2.480	5.114	3.239	2.505
26.760	R1	2.463	2.692	5.266	2.518	2.508	2.388	2.497	5.121	3.121	2.499
26.800	R1	2.445	2.502	5.094	2.681	2.644	2.391	2.506	5.137	2.999	2.495
26.840	R1	2.126	2.126	5.225	2.807	2.283	2.391	2.509	5.158	2.886	2.497
26.880	R1	2.403	2.463	5.189	2.501	2.593	2.391	2.507	5.174	2.766	2.497
26.920	R1	2.376	2.511	5.550	2.636	2.376	2.378	2.489	5.204	2.606	2.498
26.960	R1	2.402	2.402	5.074	2.427	2.543	2.380	2.490	5.191	2.618	2.489
27.000	R1	2.416	2.416	4.981	2.670	2.548	2.380	2.500	5.195	2.615	2.501
27.040	R1	2.185	2.185	4.797	2.694	2.506	2.387	2.493	5.203	2.623	2.503
27.080	R1	2.403	2.403	5.471	2.854	2.471	2.383	2.480	5.197	2.621	2.510
27.120	R1	2.364	2.701	4.961	2.750	2.410	2.389	2.478	5.220	2.635	2.523
27.160	R1	2.387	2.502	5.427	2.714	2.387	2.389	2.460	5.236	2.645	2.526
27.200	R1	2.373	2.439	5.351	2.521	2.523	2.390	2.451	5.221	2.653	2.535
27.240	R1	2.494	2.607	5.406	2.685	2.513	2.381	2.439	5.227	2.656	2.532
27.280	R1	2.169	2.169	5.285	2.532	2.633	2.397	2.458	5.244	2.646	2.545
27.320	R1	2.491	2.547	5.170	2.771	2.491	2.383	2.441	5.264	2.653	2.537
27.360	R1	2.379	2.558	5.153	2.529	2.697	2.363	2.414	5.259	2.649	2.546
27.400	R1	2.498	2.572	5.371	2.507	2.526	2.347	2.398	5.271	2.660	2.543
27.440	R1	2.448	2.448	5.168	2.504	2.673	2.346	2.401	5.274	2.647	2.535
27.480	R1	2.595	2.595	5.518	2.757	2.729	2.348	2.403	5.282	2.630	2.545
27.520	R1	2.361	2.361	5.258	2.836	2.461	2.333	2.389	5.245	2.619	2.557
27.560	R1	2.489	2.511	4.963	2.685	2.688	2.327	2.365	5.256	2.605	2.559
27.600	R1	2.261	2.261	5.230	2.745	2.580	2.325	2.357	5.247	2.597	2.579
27.640	R1	2.441	2.500	5.565	2.606	2.556	2.334	2.369	5.248	2.605	2.592
27.680	R1	2.134	2.134	5.582	2.636	2.421	2.331	2.359	5.236	2.611	2.599
27.720	R1	1.968	1.968	5.453	2.566	2.563	2.344	2.372	5.240	2.609	2.602
27.760	R1	2.084	2.084	5.310	2.632	2.476	2.338	2.370	5.225	2.601	2.597
27.800	R1	2.386	2.468	5.049	2.418	2.386	2.335	2.366	5.235	2.590	2.603
27.840	R1	2.228	2.228	4.947	2.355	2.721	2.331	2.358	5.223	2.591	2.606
27.880	R1	2.117	2.117	4.725	2.623	2.696	2.315	2.343	5.213	2.592	2.601
27.920	R1	2.233	2.233	5.180	2.482	2.457	2.306	2.341	5.199	2.585	2.585
27.960	R1	2.347	2.347	5.249	2.549	2.780	2.304	2.340	5.202	2.573	2.588
28.000	R1	2.564	2.664	5.385	2.680	2.789	2.301	2.336	5.211	2.573	2.582
28.040	R1	2.417	2.417	5.149	2.816	2.658	2.308	2.350	5.221	2.563	2.576
28.080	R1	2.432	2.432	5.380	2.484	2.700	2.283	2.321	5.206	2.570	2.586
28.120	R1	2.372	2.501	4.868	2.612	2.372	2.294	2.338	5.168	2.557	2.595
28.160	R1	2.315	2.479	5.345	2.315	2.818	2.319	2.367	5.140	2.561	2.599
28.200	R1	2.423	2.423	5.142	2.515	2.595	2.332	2.379	5.133	2.571	2.619
28.240	R1	2.132	2.132	4.956	2.529	2.569	2.337	2.386	5.116	2.577	2.624
28.280	R1	2.410	2.570	5.240	2.612	2.410	2.342	2.395	5.118	2.575	2.610
28.320	R1	2.334	2.334	5.331	2.607	2.518	2.362	2.415	5.115	2.571	2.602
28.360	R1	2.421	2.421	5.143	2.687	2.575	2.378	2.430	5.101	2.581	2.614
28.400	R1	2.408	2.545	5.426	2.534	2.462	2.383	2.447	5.098	2.580	2.603
28.440	R1	1.929	1.929	5.261	2.748	2.762	2.370	2.449	5.101	2.587	2.591
28.480	R1	2.370	2.470	4.823	2.370	2.591	2.368	2.460	5.114	2.581	2.594
28.520	R1	2.467	2.544	4.897	2.660	2.649	2.366	2.459	5.107	2.588	2.595
28.560	R1	2.335	2.335	5.154	2.820	2.863	2.369	2.463	5.133	2.585	2.602
28.600	R1	2.493	2.597	4.716	2.533	2.493	2.369	2.462	5.122	2.587	2.580
28.640	R1	2.328	2.407	4.990	2.328	2.439	2.369	2.477	5.125	2.582	2.581
28.680	R1	2.520	2.520	4.663	2.537	2.542	2.384	2.500	5.133	2.588	2.575
28.720	R1	2.543	2.543	4.901	2.673	2.695	2.382	2.494	5.141	2.583	2.586
28.760	R1	2.448	2.684	5.183	2.530	2.565	2.380	2.500	5.144	2.581	2.600
28.800	R1	2.311	2.702	5.443	2.827	2.536	2.380	2.534	5.152	2.567	2.597
28.840	R1	2.368	2.634	5.418	2.703	2.721	2.380	2.534	5.144	2.563	2.598
28.880	R1	2.402	2.402	5.242	2.617	2.729	2.408	2.574	5.161	2.561	2.592
28.920	R1	2.418	2.589	5.386	2.545	2.501	2.404	2.589	5.160	2.569	2.589
28.960	R1	2.327	2.465	5.131	2.361	2.391	2.398	2.581	5.196	2.554	2.590
29.000	R1	2.424	2.715	5.206	2.424	2.614	2.400	2.583	5.183	2.545	2.576
29.040	R1	2.423	2.588	5.099	2.637	2.446	2.379	2.556	5.205	2.552	2.588
29.080	R1	2.367	2.457	5.409	2.520	2.621	2.385	2.563	5.224	2.558	2.590
29.120	R1	2.306	2.460	5.389	2.574	2.808	2.381	2.580	5.240	2.561	2.585
29.160	R1	2.408	3.096	5.297	2.408	2.522	2.375	2.585	5.229	2.554	2.582
29.200	R1	2.412	2.545	5.277	2.443	2.483	2.366	2.580	5.233	2.557	2.574
29.240	R1	2.485	2.730	5.601	2.711	2.632	2.368	2.567	5.212	2.539	2.570
29.280	R1	2.285	2.773	4.794	2.534	2.537	2.366	2.565	5.207	2.527	2.559
29.320	R1	2.363	2.370	5.620	2.363	2.663	2.367	2.576	5.205	2.520	2.545
29.360	R1	2.372	2.376	4.894	2.630	2.590	2.367	2.567	5.173	2.522	2.552
29.400	R1	2.068	2.068	5.164	2.669	2.730	2.368	2.573	5.192	2.533	2.562
29.440	R1	2.449	2.546	5.361	2.449	2.464	2.365	2.555	5.193	2.552	2.559
29.480	R1	2.431	2.869	4.994	2.602	2.444	2.345	2.526	5.188	2.551	2.566
29.520	R1	2.435	2.630	4.680	2.525	2.639	2.329	2.505	5.190	2.564	2.574
29.560	R1	2.275	2.580	5.254	2.597	2.405	2.332	2.505	5.187	2.562	2.569
29.600	R1	2.343	2.444	5.020	2.469	2.462	2.299	2.437	5.197	2.580	2.575
29.640	R1	2.333	2.594	5.325	2.469	2.489	2.301	2.433	5.197	2.581	2.583
29.680	R1	2.415	2.620	5.194	2.478	2.455	2.296	2.416	5.169	2.569	2.593
29.720	R1	2.412	2.412	4.752	2.571	2.652	2.303	2.399	5.179	2.563	2.606
29.760	R1	2.364	2.583	5.508	2.592	2.593	2.303	2.399	5.158	2.579	2.605
29.800	R1	2.357	2.357	5.235	2.808	2.549	2.284	2.379	5.168	2.584	2.618
29.840	R1	2.019	2.019	4.993	2.614	2.592	2.299	2.398	5.173	2.576	2.614
29.880	R1	2.040	2.040	5.441	2.766	2.762	2.302	2.397	5.171	2.597	2.624
29.920	R1	2.377	2.453	5.325	2.549	2.717	2.281	2.354	5.173	2.588	2.630
29.960	R1	1.742	1.742	5.512	2.759	2.641	2.283	2.362	5.205	2.591	2.628
30.000	R1	2.455	2.455	5.276	2.459	2.643	2.287	2.356	5.214	2.583	2.642
30.040	R1	2.375	2.392	5.043	2.473	2.834	2.287	2.363	5.221	2.582	2.661
30.080	R1	2.424	2.428	4.989	2.424	2.789	2.288	2.351	5.208	2.580	2.664
30.120	R1	2.376	2.376	5.204	2.680	2.649	2.283	2.356	5.209	2.576	2.666
30.160	R1	1.979	1.979	5.098	2.722	2.850	2.282	2.354	5.228	2.568	2.663
30.200	R1	2.377	2.451	5.254	2.509	2.651	2.292	2.363	5.206	2.566	2.665
30.240	R1	2.516	2.517	5.325	2.879	2.666	2.276	2.348	5.176	2.564	2.674
30.280	R1	2.008	2.008	5.030	2.420	2.562	2.293	2.377	5.201	2.555	2.672
30.320	R1	2.481	2.785	5.326	2.581	2.598	2.295	2.379	5.188	2.541	2.660
30.360	R1	2.338	2.469	5.436	2.442	2.695	2.295	2.389	5.186	2.535	2.662
30.400	R1	2.354	2.583	5.161	2.437	2.841	2.317	2.411	5.164	2.526	2.652
30.440	R1	2.341	2.341	5.060	2.428	2.544	2.288	2.382	5.169	2.527	2.655
30.480	R1	2.324	2.724	5.207	2.397	2.487	2.296	2.390	5.196	2.532	2.659
30.520	R1	2.386	2.386	5.139	2.418	2.607	2.281	2.374	5.200	2.546	2.658
30.560	R1	2.562	2.754	5.067	2.562	2.627	2.280	2.374	5.193	2.529	2.658
30.600	R1	2.049	2.049	4.629	2.765	2.731	2.302	2.397	5.193	2.527	2.656
30.640	R1	2.348	2.609	5.506	2.435	2.544	2.303	2.394	5.166	2.535	2.657
30.680	R1	2.078	2.078	5.174	2.479	2.529	2.298	2.405	5.165	2.518	2.659
30.720	R1	2.390	2.657	5.286	2.431	2.750	2.307	2.414	5.169	2.531	2.661
30.760	R1	2.177	2.177	5.064	2.578	2.438	2.304	2.407	5.168	2.531	2.652
30.800	R1	1.877	1.877	5.376	2.487	2.716	2.307	2.404	5.159	2.543	2.651
30.840	R1	2.529	2.549	5.592	2.558	2.908	2.310	2.396	5.170	2.550	2.637
30.880	R1	2.119	2.119	5.066	2.701	2.760	2.310	2.396	5.195	2.559	2.634
30.920	R1	2.357	2.365	5.061	2.357	2.654	2.312	2.378	5.199	2.568	2.642
30.960	R1	2.434	2.434	5.109	2.677	2.805	2.315	2.402	5.194	2.574	2.640
31.000	R1	2.391	2.391	4.711	2.674	2.678	2.299	2.390	5.196	2.582	2.638
31.040	R1	2.409	2.739	5.292	2.525	2.705	2.313	2.420	5.226	2.575	2.634
31.080	R1	2.192	2.192	5.124	2.686	2.608	2.306	2.400	5.242	2.581	2.634
31.120	R1	2.421	2.652	5.302	2.572	2.421	2.320	2.418	5.261	2.583	2.636
31.160	R1	2.401	2.401	5.246	2.699	2.657	2.319	2.405	5.261	2.602	2.617
31.200	R1	2.405	2.425	5.383	2.565	2.576	2.335	2.423	5.247	2.607	2.623
31.240	R1	2.348	2.348	5.558	2.604	2.477	2.362	2.456	5.248	2.609	2.611
31.280	R1	2.357	2.357	5.286	2.576	2.649	2.359	2.462	5.235	2.617	2.599
31.320	R1	2.444	2.858	5.050	2.556	2.572	2.373	2.488	5.242	2.605	2.605
31.360	R1	2.258	2.512	5.097	2.718	2.573	2.360	2.474	5.252	2.610	2.586
31.400	R1	2.319	2.658	5.242	2.611	2.658	2.355	2.477	5.257	2.611	2.569
31.440	R1	2.212	2.212	5.828	2.572	2.544	2.358	2.495	5.264	2.600	2.559
31.480	R1	2.365	2.442	5.549	2.507	2.569	2.353	2.473	5.261	2.605	2.565
31.520	R1	2.367	2.392	5.275	2.807	2.367	2.369	2.502	5.249	2.600	2.560
31.560	R1	2.485	2.529	4.793	2.682	2.572	2.360	2.482	5.241	2.597	2.567
31.600	R1	2.416	2.545	5.401	2.522	2.466	2.355	2.477	5.219	2.584	2.566
31.640	R1	2.481	2.665	5.323	2.734	2.672	2.353	2.480	5.196	2.578	2.570
31.680	R1	2.403	2.640	5.209	2.455	2.884	2.356	2.485	5.151	2.578	2.583
31.720	R1	2.082	2.082	5.272	2.465	2.277	2.352	2.492	5.152	2.571	2.576
31.760	R1	2.341	2.491	5.199	2.685	2.446	2.354	2.479	5.169	2.577	2.579
31.800	R1	2.456	2.753	4.849	2.456	2.497	2.355	2.479	5.183	2.564	2.563
31.840	R1	2.315	2.315	5.239	2.618	2.807	2.346	2.453	5.196	2.551	2.568
31.880	R1	2.495	2.762	4.888	2.592	2.518	2.356	2.463	5.181	2.551	2.563
31.920	R1	2.255	2.255	5.142	2.524	2.551	2.353	2.472	5.161	2.540	2.573
31.960	R1	2.292	2.292	4.804	2.420	2.649	2.359	2.482	5.149	2.525	2.591
32.000	R1	2.373	2.499	4.925	2.448	2.648	2.353	2.473	5.153	2.523	2.595
32.040	R1	2.411	2.446	4.658	2.615	2.737	2.340	2.454	5.153	2.518	2.600
32.080	R1	2.278	2.500	5.308	2.441	2.513	2.333	2.438	5.172	2.509	2.602
32.120	R1	2.486	2.599	5.385	2.657	2.621	2.331	2.424	5.170	2.512	2.596
32.160	R1	2.273	2.494	5.367	2.472	2.273	2.352	2.445	5.170	2.514	2.607
32.200	R1	2.141	2.141	5.516	2.341	2.739	2.342	2.428	5.181	2.514	2.611
32.240	R1	2.412	2.412	5.513	2.575	2.460	2.343	2.414	5.207	2.517	2.621
32.280	R1	2.290	2.628	5.166	2.290	2.769	2.348	2.425	5.212	2.517	2.605
32.320	R1	2.498	2.584	5.028	2.498	2.717	2.343	2.411	5.218	2.507	2.604
32.360	R1	2.352	2.352	4.868	2.658	2.648	2.350	2.426	5.226	2.500	2.620
32.400	R1	2.171	2.171	5.413	2.411	2.577	2.358	2.435	5.249	2.506	2.614
32.440	R1	2.339	2.339	5.697	2.568	2.710	2.359	2.431	5.261	2.508	2.614
32.480	R1	2.364	2.364	5.165	2.504	2.756	2.351	2.421	5.280	2.497	2.607
32.520	R1	2.494	2.497	5.266	2.509	2.494	2.362	2.422	5.279	2.500	2.609
32.560	R1	2.147	2.147	5.432	2.682	2.541	2.357	2.421	5.299	2.487	2.606
32.600	R1	2.482	2.482	5.368	2.525	2.687	2.347	2.400	5.295	2.480	2.626
32.640	R1	2.409	2.534	5.326	2.608	2.500	2.346	2.398	5.277	2.485	2.618
32.680	R1	2.401	2.485	5.022	2.401	2.495	2.342	2.402	5.243	2.490	2.628
32.720	R1	2.386	2.556	5.300	2.386	2.872	2.344	2.396	5.259	2.500	2.626
32.760	R1	2.446	2.480	5.265	2.524	2.519	2.323	2.371	5.278	2.505	2.615
32.800	R1	2.407	2.407	5.163	2.488	2.652	2.317	2.365	5.292	2.498	2.624
32.840	R1	2.248	2.248	5.037	2.407	2.593	2.335	2.385	5.284	2.505	2.628
32.880	R1	2.489	2.516	5.285	2.489	2.562	2.325	2.375	5.261	2.512	2.622
32.920	R1	2.400	2.578	5.792	2.400	2.549	2.331	2.389	5.282	2.523	2.608
32.960	R1	2.071	2.071	5.276	2.342	2.673	2.325	2.405	5.278	2.529	2.631
33.000	R1	2.107	2.107	5.164	2.434	2.585	2.340	2.428	5.258	2.522	2.644
33.040	R1	2.333	2.498	4.836	2.680	2.656	2.340	2.428	5.238	2.530	2.640
33.080	R1	2.329	2.503	5.485	2.479	2.727	2.331	2.413	5.219	2.535	2.646
33.120	R1	2.093	2.093	5.398	2.610	2.503	2.334	2.418	5.227	2.540	2.666
33.160	R1	2.222	2.222	5.140	2.523	2.825	2.331	2.406	5.253	2.549	2.666
33.200	R1	2.540	2.575	5.254	2.540	2.655	2.329	2.403	5.227	2.551	2.683
33.240	R1	2.138	2.138	5.246	2.714	2.589	2.331	2.404	5.207	2.550	2.685
33.280	R1	2.485	2.651	5.584	2.729	2.485	2.342	2.416	5.193	2.559	2.700
33.320	R1	2.372	2.815	5.191	2.622	2.950	2.335	2.413	5.190	2.552	2.708
33.360	R1	2.445	2.602	5.018	2.535	2.805	2.340	2.408	5.132	2.558	2.709
33.400	R1	2.475	2.475	4.981	2.687	2.602	2.351	2.419	5.106	2.567	2.707
33.440	R1	2.239	2.239	4.948	2.710	2.621	2.362	2.430	5.087	2.571	2.716
33.480	R1	2.459	2.579	5.172	2.492	2.904	2.356	2.416	5.095	2.561	2.721
33.520	R1	2.321	2.321	5.820	2.569	2.872	2.362	2.424	5.061	2.560	2.718
33.560	R1	2.415	2.415	4.747	2.560	2.848	2.373	2.434	5.005	2.571	2.726
33.600	R1	2.439	2.439	4.772	2.471	2.697	2.380	2.442	4.998	2.577	2.713
33.640	R1	2.475	2.475	4.759	2.584	2.882	2.378	2.442	4.985	2.574	2.715
33.680	R1	2.350	2.455	5.212	2.350	2.723	2.388	2.458	4.966	2.573	2.716
33.720	R1	2.496	2.496	4.637	2.530	2.571	2.385	2.446	4.948	2.561	2.729
33.760	R1	2.280	2.280	4.764	2.513	2.640	2.387	2.427	4.946	2.554	2.715
33.800	R1	2.327	2.327	4.775	2.516	2.770	2.388	2.420	4.946	2.555	2.704
33.840	R1	2.220	2.220	5.000	2.492	2.743	2.382	2.432	4.965	2.555	2.707
33.880	R1	2.449	2.656	4.805	2.449	2.676	2.387	2.444	4.969	2.551	2.706
33.920	R1	2.307	2.307	4.265	2.838	2.660	2.381	2.438	4.976	2.553	2.696
33.960	R1	2.374	2.374	5.001	2.641	2.569	2.381	2.438	4.942	2.545	2.677
34.000	R1	2.484	2.574	4.994	2.484	2.695	2.381	2.438	4.970	2.546	2.661
34.040	R1	2.352	2.459	4.873	2.682	2.607	2.364	2.421	4.980	2.553	2.653
34.080	R1	2.411	2.411	5.224	2.498	2.751	2.357	2.414	4.978	2.546	2.645
34.120	R1	2.430	2.430	5.157	2.484	2.657	2.357	2.418	4.970	2.554	2.637
34.160	R1	2.461	2.461	5.007	2.559	2.592	2.348	2.423	5.001	2.560	2.645
34.200	R1	2.346	2.730	5.369	2.685	2.663	2.357	2.437	5.047	2.564	2.646
34.240	R1	2.343	2.466	5.025	2.614	2.599	2.361	2.444	5.068	2.563	2.637
34.280	R1	2.342	2.467	5.310	2.537	2.714	2.364	2.447	5.087	2.565	2.624
34.320	R1	2.314	2.314	5.143	2.403	2.482	2.365	2.443	5.086	2.578	2.615
34.360	R1	2.411	2.411	5.318	2.594	2.538	2.367	2.458	5.129	2.559	2.612
34.400	R1	2.106	2.106	4.959	2.613	2.525	2.367	2.458	5.149	2.559	2.614
34.440	R1	2.327	2.327	4.726	2.434	2.720	2.365	2.455	5.190	2.559	2.621
34.480	R1	2.366	2.546	5.042	2.515	2.572	2.351	2.435	5.207	2.554	2.603
34.520	R1	2.314	2.597	5.271	2.650	2.734	2.355	2.447	5.199	2.554	2.602
34.560	R1	2.453	2.556	5.683	2.599	2.666	2.354	2.470	5.191	2.553	2.601
34.600	R1	2.412	2.475	5.198	2.494	2.587	2.324	2.440	5.222	2.552	2.591
34.640	R1	2.274	2.274	5.364	2.527	2.476	2.319	2.415	5.211	2.548	2.586
34.680	R1	2.467	2.576	4.790	2.699	2.505	2.324	2.419	5.212	2.540	2.593
34.720	R1	2.354	2.614	5.134	2.468	2.590	2.328	2.417	5.206	2.541	2.590
34.760	R1	2.376	2.376	5.395	2.647	2.602	2.333	2.423	5.205	2.542	2.590
34.800	R1	2.442	2.504	5.819	2.482	2.842	2.330	2.433	5.195	2.537	2.594
34.840	R1	2.070	2.070	5.217	2.582	2.244	2.342	2.454	5.206	2.529	2.590
34.880	R1	2.486	2.652	5.058	2.487	2.733	2.348	2.463	5.224	2.530	2.579
34.920	R1	2.422	2.872	4.986	2.466	2.644	2.344	2.450	5.217	2.533	2.584
34.960	R1	1.861	1.861	5.631	2.541	2.387	2.349	2.443	5.215	2.526	2.587
35.000	R1	2.235	2.235	5.145	2.611	2.564	2.351	2.439	5.182	2.523	2.580
35.040	R1	2.453	2.559	5.045	2.453	2.727	2.345	2.437	5.187	2.521	2.584
35.080	R1	2.416	2.416	5.204	2.561	2.669	2.350	2.453	5.189	2.515	2.591
35.120	R1	2.416	2.434	5.118	2.416	2.466	2.342	2.447	5.216	2.508	2.600
35.160	R1	2.344	2.620	5.114	2.502	2.618	2.348	2.444	5.219	2.508	2.600
35.200	R1	2.344	2.518	5.190	2.442	2.462	2.347	2.456	5.205	2.502	2.592
35.240	R1	2.455	2.508	5.079	2.455	2.488	2.344	2.463	5.166	2.504	2.575
35.280	R1	2.295	2.295	4.907	2.572	2.686	2.341	2.460	5.163	2.495	2.592
35.320	R1	2.413	2.447	5.232	2.511	2.782	2.328	2.439	5.159	2.504	2.579
35.360	R1	2.476	2.476	5.011	2.538	2.534	2.332	2.431	5.176	2.505	2.586
35.400	R1	2.302	2.442	5.311	2.455	2.668	2.357	2.456	5.144	2.508	2.591
35.440	R1	2.369	2.578	5.396	2.411	2.602	2.358	2.469	5.141	2.501	2.589
35.480	R1	2.313	2.467	5.334	2.555	2.687	2.354	2.469	5.160	2.508	2.580
35.520	R1	2.476	2.544	5.192	2.483	2.599	2.350	2.470	5.143	2.502	2.581
35.560	R1	2.347	2.629	5.117	2.512	2.442	2.347	2.473	5.151	2.512	2.587
35.600	R1	2.379	2.638	5.030	2.526	2.494	2.346	2.464	5.148	2.534	2.585
35.640	R1	2.015	2.015	5.164	2.405	2.591	2.352	2.463	5.142	2.546	2.589
35.680	R1	2.233	2.233	4.968	2.658	2.478	2.349	2.458	5.149	2.552	2.592
35.720	R1	2.495	2.711	5.333	2.502	2.771	2.358	2.467	5.138	2.547	2.598
35.760	R1	2.356	2.356	4.994	2.601	2.481	2.355	2.462	5.146	2.551	2.577
35.800	R1	2.270	2.493	5.081	2.460	2.534	2.346	2.462	5.158	2.540	2.586
35.840	R1	2.369	2.567	5.429	2.596	2.543	2.360	2.468	5.151	2.554	2.584
35.880	R1	2.330	2.432	4.861	2.430	2.685	2.359	2.466	5.140	2.564	2.592
35.920	R1	2.361	2.495	5.269	2.618	2.585	2.346	2.445	5.143	2.563	2.591
35.960	R1	2.329	2.441	5.056	2.949	2.579	2.339	2.443	5.154	2.573	2.595
36.000	R1	2.446	2.494	5.071	2.686	2.551	2.344	2.448	5.162	2.570	2.603
36.040	R1	2.400	2.400	5.223	2.562	2.550	2.346	2.437	5.171	2.572	2.606
36.080	R1	2.478	2.487	4.692	2.478	2.804	2.362	2.457	5.162	2.577	2.612
36.120	R1	2.348	2.348	5.383	2.602	2.368	2.373	2.471	5.170	2.577	2.620
36.160	R1	2.311	2.460	5.262	2.311	2.716	2.351	2.438	5.174	2.583	2.616
36.200	R1	2.574	2.574	5.163	2.728	2.612	2.347	2.434	5.179	2.590	2.621
36.240	R1	2.354	2.540	5.184	2.612	2.771	2.358	2.445	5.185	2.598	2.627
36.280	R1	2.048	2.048	5.378	2.551	2.658	2.352	2.445	5.188	2.599	2.633
36.320	R1	2.335	2.501	5.429	2.676	2.687	2.358	2.446	5.214	2.601	2.624
36.360	R1	2.444	2.719	5.266	2.444	2.604	2.358	2.444	5.219	2.598	2.631
36.400	R1	2.424	2.424	5.208	2.570	2.557	2.364	2.444	5.226	2.582	2.644
36.440	R1	2.326	2.407	4.978	2.507	2.706	2.364	2.441	5.249	2.573	2.645
36.480	R1	2.461	2.515	5.142	2.658	2.637	2.368	2.445	5.237	2.580	2.642
36.520	R1	2.064	2.064	5.416	2.612	2.690	2.361	2.438	5.264	2.595	2.629
36.560	R1	2.270	2.270	5.097	2.759	2.586	2.364	2.441	5.277	2.595	2.634
36.600	R1	2.477	2.715	5.192	2.604	2.653	2.372	2.452	5.280	2.603	2.624
36.640	R1	2.267	2.570	5.490	2.630	2.653	2.356	2.437	5.274	2.600	2.615
36.680	R1	2.441	2.441	5.381	2.463	2.509	2.364	2.438	5.281	2.599	2.602
36.720	R1	2.371	2.452	5.375	2.551	2.718	2.383	2.471	5.282	2.593	2.604
36.760	R1	2.448	2.448	5.199	2.631	2.855	2.387	2.482	5.281	2.593	2.613
36.800	R1	2.431	2.431	5.530	2.507	2.573	2.383	2.464	5.287	2.604	2.608
36.840	R1	2.478	2.484	4.967	2.710	2.478	2.388	2.473	5.289	2.602	2.617
36.880	R1	2.347	2.347	5.239	2.770	2.540	2.376	2.457	5.323	2.603	2.606
36.920	R1	2.416	2.416	5.646	2.611	2.486	2.358	2.436	5.325	2.588	2.608
36.960	R1	2.463	2.680	5.327	2.470	2.507	2.357	2.436	5.329	2.588	2.593
37.000	R1	2.256	2.256	5.044	2.657	2.422	2.363	2.442	5.337	2.571	2.585
37.040	R1	2.510	2.567	5.310	2.593	2.510	2.337	2.404	5.355	2.579	2.575
37.080	R1	2.434	2.709	5.411	2.434	2.708	2.341	2.402	5.350	2.573	2.560
37.120	R1	2.417	2.726	5.398	2.669	2.856	2.327	2.388	5.338	2.588	2.563
37.160	R1	2.358	2.358	5.385	2.680	2.522	2.329	2.386	5.323	2.585	2.551
37.200	R1	2.529	2.608	5.260	2.529	2.733	2.325	2.382	5.317	2.587	2.535
37.240	R1	2.075	2.075	5.643	2.525	2.473	2.321	2.394	5.324	2.579	2.534
37.280	R1	2.102	2.102	5.189	2.349	2.693	2.316	2.399	5.349	2.573	2.534
37.320	R1	2.056	2.056	5.490	2.612	2.383	2.312	2.395	5.348	2.560	2.545
37.360	R1	2.376	2.389	5.261	2.422	2.423	2.316	2.399	5.339	2.556	2.561
37.400	R1	1.969	1.969	5.551	2.773	2.447	2.297	2.369	5.338	2.557	2.560
37.440	R1	2.353	2.529	5.402	2.493	2.353	2.311	2.388	5.341	2.552	2.574
37.480	R1	2.160	2.160	5.136	2.776	2.569	2.309	2.388	5.340	2.546	2.575
37.520	R1	2.407	2.407	5.068	2.481	2.491	2.304	2.373	5.318	2.550	2.575
37.560	R1	2.375	2.375	5.075	2.670	2.524	2.304	2.357	5.305	2.545	2.564
37.600	R1	2.346	2.669	5.684	2.351	2.566	2.298	2.363	5.292	2.550	2.550
37.640	R1	2.378	2.576	5.452	2.589	2.479	2.292	2.357	5.302	2.556	2.552
37.680	R1	2.269	2.269	5.228	2.509	2.761	2.295	2.361	5.261	2.556	2.565
37.720	R1	2.493	2.493	5.462	2.533	2.803	2.312	2.377	5.245	2.564	2.571
37.760	R1	2.088	2.088	5.305	2.492	2.481	2.328	2.393	5.224	2.559	2.586
37.800	R1	2.528	2.632	5.117	2.557	2.713	2.337	2.402	5.228	2.568	2.598
37.840	R1	2.464	2.569	5.277	2.486	2.515	2.360	2.431	5.221	2.555	2.608
37.880	R1	2.339	2.416	4.975	2.498	2.719	2.365	2.433	5.197	2.564	2.613
37.920	R1	2.410	2.410	5.148	2.579	2.629	2.360	2.429	5.187	2.549	2.613
37.960	R1	2.235	2.471	5.107	2.780	2.235	2.330	2.399	5.195	2.552	2.609
38.000	R1	2.415	2.491	5.479	2.636	2.779	2.339	2.407	5.203	2.567	2.611
38.040	R1	2.143	2.143	4.805	2.535	2.740	2.343	2.399	5.183	2.579	2.615
38.080	R1	2.436	2.436	4.880	2.502	2.801	2.342	2.398	5.157	2.577	2.625
38.120	R1	2.376	2.376	5.066	2.513	2.698	2.346	2.406	5.150	2.576	2.627
38.160	R1	2.562	2.562	5.352	2.606	2.659	2.339	2.409	5.117	2.580	2.625
38.200	R1	2.430	2.539	5.398	2.525	2.648	2.357	2.426	5.114	2.578	2.625
38.240	R1	2.440	2.579	4.924	2.674	2.440	2.348	2.425	5.107	2.577	2.631
38.280	R1	2.068	2.068	4.933	2.464	2.570	2.325	2.396	5.109	2.580	2.640
38.320	R1	1.812	1.812	5.230	2.552	2.418	2.315	2.383	5.102	2.582	2.629
38.360	R1	2.540	2.540	5.241	2.966	2.568	2.316	2.387	5.102	2.578	2.626
38.400	R1	2.439	2.515	5.278	2.588	2.650	2.320	2.379	5.106	2.559	2.639
38.440	R1	2.358	2.542	4.934	2.540	2.683	2.317	2.377	5.084	2.551	2.629
38.480	R1	2.336	2.443	5.087	2.495	2.792	2.335	2.397	5.092	2.551	2.618
38.520	R1	2.366	2.545	4.811	2.612	2.772	2.330	2.393	5.104	2.565	2.601
38.560	R1	2.436	2.436	5.226	2.456	2.474	2.328	2.406	5.108	2.561	2.604
38.600	R1	2.355	2.605	4.981	2.524	2.834	2.328	2.406	5.100	2.558	2.604
38.640	R1	1.995	1.995	5.316	2.559	2.701	2.315	2.387	5.078	2.558	2.604
38.680	R1	2.143	2.143	4.839	2.537	2.491	2.318	2.392	5.090	2.554	2.613
38.720	R1	2.438	2.490	5.156	2.490	2.573	2.338	2.413	5.104	2.555	2.618
38.760	R1	2.316	2.316	5.192	2.399	2.497	2.367	2.445	5.082	2.554	2.627
38.800	R1	2.353	2.456	5.037	2.474	2.580	2.360	2.438	5.072	2.535	2.632
38.840	R1	2.504	2.536	4.963	2.545	2.504	2.356	2.432	5.076	2.531	2.632
38.880	R1	2.328	2.360	5.124	2.778	2.476	2.360	2.427	5.083	2.527	2.634
38.920	R1	2.348	2.635	5.135	2.424	2.754	2.363	2.432	5.115	2.528	2.615
38.960	R1	2.556	2.556	5.195	2.562	2.664	2.363	2.423	5.137	2.519	2.613
39.000	R1	2.165	2.165	4.965	2.528	2.631	2.358	2.422	5.138	2.546	2.606
39.040	R1	2.495	2.687	5.166	2.579	2.636	2.363	2.415	5.157	2.548	2.607
39.080	R1	2.478	2.478	5.196	2.488	2.672	2.383	2.443	5.156	2.545	2.592
39.120	R1	2.385	2.455	4.800	2.529	2.592	2.390	2.451	5.190	2.548	2.587
39.160	R1	2.410	2.410	5.039	2.598	2.667	2.389	2.454	5.186	2.548	2.590
39.200	R1	2.352	2.390	5.360	2.499	2.655	2.393	2.458	5.213	2.558	2.600
39.240	R1	2.440	2.440	5.076	2.470	2.725	2.400	2.460	5.242	2.569	2.599
39.280	R1	2.395	2.540	5.724	2.512	2.410	2.391	2.457	5.253	2.580	2.609
39.320	R1	2.367	2.367	5.242	2.432	2.729	2.391	2.455	5.224	2.565	2.616
39.360	R1	2.328	2.416	5.254	2.987	2.328	2.392	2.445	5.240	2.571	2.599
39.400	R1	2.459	2.461	5.353	2.580	2.857	2.384	2.441	5.222	2.568	2.601
39.440	R1	2.391	2.562	5.313	2.488	2.397	2.384	2.441	5.239	2.567	2.606
39.480	R1	2.300	2.300	5.505	2.598	2.391	2.377	2.438	5.245	2.571	2.595
39.520	R1	2.407	2.543	5.089	2.496	2.632	2.364	2.425	5.254	2.585	2.587
39.560	R1	2.406	2.406	5.727	2.592	2.705	2.348	2.406	5.270	2.587	2.585
39.600	R1	2.483	2.483	5.614	2.699	2.547	2.343	2.412	5.265	2.585	2.567
39.640	R1	2.329	2.487	5.177	2.766	2.717	2.342	2.417	5.269	2.589	2.566
39.680	R1	2.326	2.326	4.555	2.482	2.601	2.326	2.402	5.274	2.590	2.554
39.720	R1	2.376	2.423	5.455	2.535	2.416	2.329	2.402	5.256	2.593	2.564
39.760	R1	2.387	2.485	4.821	2.509	2.710	2.324	2.397	5.244	2.595	2.547
39.800	R1	2.169	2.169	5.305	2.502	2.724	2.331	2.401	5.232	2.585	2.560
39.840	R1	2.353	2.621	5.289	2.666	2.415	2.331	2.404	5.239	2.592	2.543
39.880	R1	2.223	2.223	5.385	2.759	2.515	2.334	2.406	5.240	2.599	2.554
39.920	R1	2.060	2.060	5.114	2.574	2.558	2.340	2.414	5.214	2.600	2.555
39.960	R1	2.301	2.533	4.950	2.545	2.301	2.317	2.385	5.212	2.606	2.549
40.000	R1	2.329	2.502	5.438	2.589	2.645	2.313	2.381	5.184	2.603	2.530
40.040	R1	2.130	2.130	5.174	2.488	2.473	2.309	2.376	5.159	2.599	2.533
40.080	R1	2.453	2.533	5.369	2.572	2.618	2.315	2.376	5.145	2.584	2.527
40.120	R1	2.275	2.275	4.988	2.482	2.388	2.319	2.379	5.178	2.584	2.526
40.160	R1	2.456	2.492	5.023	2.780	2.584	2.320	2.377	5.162	2.586	2.531
40.200	R1	2.463	2.530	5.495	2.711	2.511	2.317	2.370	5.162	2.586	2.522
40.240	R1	2.460	2.590	5.318	2.637	2.620	2.327	2.381	5.162	2.587	2.523
40.280	R1	2.414	2.475	4.986	2.609	2.414	2.328	2.371	5.163	2.587	2.534
40.320	R1	1.950	1.950	5.056	2.618	2.507	2.340	2.389	5.140	2.582	2.544
40.360	R1	2.328	2.330	5.172	2.532	2.338	2.356	2.406	5.132	2.572	2.547
40.400	R1	2.394	2.394	5.118	2.632	2.610	2.360	2.399	5.113	2.570	2.563
40.440	R1	2.462	2.472	4.899	2.462	2.599	2.361	2.391	5.115	2.568	2.561
40.480	R1	2.389	2.389	5.197	2.474	2.578	2.362	2.392	5.112	2.578	2.571
40.520	R1	2.395	2.395	5.147	2.580	2.509	2.352	2.378	5.098	2.571	2.589
40.560	R1	2.335	2.335	4.824	2.503	2.537	2.358	2.385	5.110	2.579	2.592
40.600	R1	2.361	2.389	5.288	2.519	2.732	2.347	2.371	5.095	2.575	2.583
40.640	R1	2.387	2.430	5.312	2.669	2.649	2.329	2.350	5.087	2.568	2.599
40.680	R1	2.453	2.573	4.929	2.656	2.711	2.329	2.347	5.059	2.573	2.596
40.720	R1	2.373	2.399	4.965	2.373	2.614	2.316	2.332	5.048	2.575	2.609
40.760	R1	2.390	2.390	4.569	2.510	2.618	2.335	2.351	5.047	2.566	2.621
40.800	R1	2.345	2.345	5.479	2.559	2.605	2.338	2.356	5.037	2.574	2.622
40.840	R1	2.148	2.148	5.114	2.688	2.681	2.326	2.344	5.018	2.573	2.635
40.880	R1	2.253	2.253	5.083	2.425	2.963	2.333	2.357	5.024	2.599	2.640
40.920	R1	2.412	2.412	5.226	2.645	2.448	2.334	2.367	5.021	2.598	2.648
40.960	R1	2.228	2.228	4.717	2.700	2.419	2.328	2.373	5.036	2.592	2.654
41.000	R1	2.096	2.096	5.347	2.561	2.835	2.334	2.382	5.033	2.603	2.657
41.040	R1	2.457	2.541	4.742	2.753	2.543	2.337	2.391	5.003	2.608	2.646
41.080	R1	2.161	2.161	4.779	2.647	2.680	2.327	2.379	4.980	2.609	2.634
41.120	R1	2.342	2.342	5.036	2.437	2.747	2.316	2.363	4.990	2.612	2.626
41.160	R1	2.368	2.420	4.974	2.693	2.368	2.299	2.344	5.001	2.619	2.628
41.200	R1	2.154	2.154	4.720	2.604	2.857	2.308	2.353	5.010	2.630	2.639
41.240	R1	2.619	2.738	5.019	2.974	2.704	2.313	2.363	4.981	2.633	2.635
41.280	R1	2.399	2.579	5.153	2.464	2.746	2.323	2.386	4.975	2.616	2.633
41.320	R1	2.286	2.534	5.436	2.468	2.620	2.333	2.396	4.969	2.637	2.614
41.360	R1	2.438	2.508	4.759	2.716	2.593	2.336	2.408	4.982	2.628	2.628
41.400	R1	2.429	2.577	4.692	2.626	2.521	2.346	2.428	4.997	2.626	2.640
41.440	R1	2.181	2.181	4.865	2.685	2.402	2.357	2.439	4.974	2.621	2.625
41.480	R1	2.248	2.248	5.119	2.702	2.563	2.355	2.433	4.990	2.607	2.633
41.520	R1	2.026	2.026	5.190	2.528	2.651	2.369	2.448	5.005	2.604	2.623
41.560	R1	2.564	2.564	4.749	2.731	2.829	2.377	2.462	5.000	2.609	2.618
41.600	R1	2.453	2.554	4.905	2.621	2.531	2.385	2.469	5.008	2.600	2.638
41.640	R1	2.344	2.597	4.990	2.344	2.632	2.396	2.484	5.023	2.589	2.620
41.680	R1	2.458	2.458	4.955	2.849	2.592	2.375	2.457	5.024	2.573	2.599
41.720	R1	2.461	2.645	5.482	2.461	2.733	2.372	2.453	5.006	2.573	2.579
41.760	R1	2.444	2.643	5.035	2.666	2.646	2.376	2.457	4.993	2.576	2.565
41.800	R1	2.308	2.308	4.886	2.459	2.547	2.374	2.461	5.004	2.571	2.581
41.840	R1	2.424	2.430	5.046	2.475	2.700	2.364	2.444	5.045	2.564	2.591
41.880	R1	2.433	2.452	5.082	2.575	2.480	2.375	2.463	5.069	2.567	2.612
41.920	R1	2.510	2.619	4.936	2.541	2.653	2.380	2.475	5.073	2.554	2.604
41.960	R1	2.521	2.576	5.132	2.521	2.755	2.391	2.485	5.054	2.556	2.603
42.000	R1	2.381	2.436	5.024	2.381	2.494	2.380	2.484	5.072	2.544	2.580
42.040	R1	2.196	2.196	5.050	2.641	2.286	2.374	2.473	5.112	2.540	2.582
42.080	R1	2.344	2.518	4.778	2.469	2.348	2.380	2.473	5.105	2.554	2.574
42.120	R1	2.349	2.609	5.180	2.537	2.349	2.376	2.471	5.125	2.533	2.565
42.160	R1	2.403	2.584	4.986	2.603	2.914	2.371	2.474	5.106	2.539	2.555
42.200	R1	2.235	2.235	5.514	2.486	2.723	2.367	2.467	5.102	2.531	2.565
42.240	R1	2.397	2.553	5.341	2.760	2.818	2.368	2.467	5.121	2.542	2.579
42.280	R1	2.355	2.493	5.191	2.426	2.388	2.363	2.463	5.117	2.543	2.567
42.320	R1	2.230	2.230	4.822	2.573	2.643	2.359	2.458	5.133	2.539	2.575
42.360	R1	2.361	2.549	5.115	2.493	2.373	2.337	2.430	5.124	2.546	2.574
42.400	R1	2.334	2.334	5.703	2.544	2.570	2.332	2.422	5.119	2.560	2.570
42.440	R1	2.461	2.599	4.850	2.611	2.461	2.333	2.422	5.129	2.562	2.578
42.480	R1	2.382	2.406	5.339	2.444	2.425	2.348	2.446	5.124	2.562	2.589
42.520	R1	2.350	2.706	5.113	2.573	2.533	2.350	2.441	5.117	2.575	2.599
42.560	R1	2.375	2.511	4.955	2.509	2.845	2.356	2.434	5.094	2.584	2.617
42.600	R1	2.315	2.315	5.269	2.675	2.812	2.350	2.419	5.098	2.586	2.601
42.640	R1	2.333	2.333	4.957	2.506	2.478	2.354	2.423	5.086	2.598	2.591
42.680	R1	2.351	2.351	5.411	2.493	2.627	2.337	2.398	5.067	2.588	2.581
42.720	R1	2.072	2.072	4.759	2.680	2.629	2.311	2.366	5.050	2.601	2.583
42.760	R1	2.410	2.410	5.033	2.795	2.677	2.320	2.379	5.051	2.602	2.571
42.800	R1	2.415	2.440	5.206	2.415	2.667	2.318	2.372	5.059	2.600	2.581
42.840	R1	2.497	2.680	4.951	2.642	2.497	2.321	2.378	5.046	2.602	2.587
42.880	R1	2.375	2.411	4.640	2.734	2.554	2.315	2.369	5.075	2.606	2.596
42.920	R1	2.472	2.472	4.725	2.720	2.696	2.317	2.372	5.061	2.607	2.596
42.960	R1	2.284	2.284	5.073	2.637	2.605	2.316	2.358	5.060	2.596	2.597
43.000	R1	2.318	2.318	5.275	2.728	2.516	2.316	2.364	5.065	2.605	2.589
43.040	R1	2.044	2.044	4.950	2.557	2.617	2.321	2.377	5.058	2.592	2.591
43.080	R1	1.850	1.850	4.865	2.684	2.440	2.306	2.361	5.064	2.592	2.597
43.120	R1	2.397	2.491	4.830	2.599	2.397	2.300	2.370	5.051	2.579	2.608
43.160	R1	2.324	2.423	5.283	2.450	2.582	2.324	2.395	5.065	2.577	2.618
43.200	R1	2.401	2.455	5.437	2.599	2.688	2.321	2.402	5.057	2.569	2.627
43.240	R1	2.334	2.415	5.424	2.680	2.640	2.316	2.395	5.060	2.573	2.619
43.280	R1	2.423	2.455	5.071	2.476	2.423	2.312	2.392	5.070	2.562	2.630
43.320	R1	2.335	2.426	5.077	2.335	2.548	2.320	2.398	5.080	2.562	2.637
43.360	R1	2.375	2.639	5.065	2.691	2.676	2.319	2.401	5.103	2.549	2.641
43.400	R1	2.417	2.564	5.136	2.417	2.862	2.323	2.405	5.106	2.546	2.652
43.440	R1	2.027	2.027	5.064	2.515	2.599	2.324	2.420	5.089	2.538	2.676
43.480	R1	2.230	2.534	5.161	2.230	2.839	2.319	2.415	5.069	2.540	2.683
43.520	R1	2.558	2.558	5.032	2.636	2.840	2.346	2.441	5.061	2.533	2.693
43.560	R1	2.350	2.545	4.868	2.631	2.859	2.342	2.432	5.052	2.531	2.701
43.600	R1	2.313	2.313	5.276	2.508	2.501	2.343	2.431	5.031	2.531	2.698
43.640	R1	2.420	2.607	5.145	2.420	2.724	2.345	2.431	4.999	2.524	2.702
43.680	R1	2.535	2.535	4.836	2.729	2.684	2.345	2.433	4.968	2.512	2.714
43.720	R1	2.453	2.540	5.194	2.453	2.787	2.342	2.439	4.956	2.519	2.712
43.760	R1	2.363	2.363	5.126	2.594	2.809	2.339	2.443	4.943	2.529	2.711
43.800	R1	2.337	2.610	4.930	2.550	3.002	2.323	2.414	4.952	2.528	2.712
43.840	R1	1.944	1.944	4.554	2.601	2.753	2.311	2.394	4.957	2.541	2.701
43.880	R1	2.381	2.381	4.718	2.540	2.638	2.333	2.418	4.966	2.549	2.695
43.920	R1	2.311	2.311	4.649	2.565	2.557	2.339	2.409	4.964	2.568	2.689
43.960	R1	2.352	2.399	4.855	2.442	2.520	2.325	2.394	4.948	2.563	2.676
44.000	R1	2.445	2.445	4.800	2.476	2.783	2.323	2.383	4.981	2.562	2.679
44.040	R1	2.320	2.466	4.792	2.426	2.883	2.305	2.366	4.961	2.559	2.681
44.080	R1	2.370	2.572	4.836	2.631	2.370	2.311	2.362	4.969	2.571	2.676
44.120	R1	2.274	2.501	4.817	2.519	2.537	2.306	2.370	4.980	2.573	2.669
44.160	R1	2.062	2.062	5.242	2.677	2.682	2.279	2.339	4.989	2.576	2.666
44.200	R1	2.167	2.167	5.245	2.674	2.651	2.282	2.349	4.996	2.568	2.654
44.240	R1	2.469	2.502	5.244	2.684	2.483	2.287	2.340	4.995	2.571	2.632
44.280	R1	2.353	2.353	5.130	2.611	2.723	2.309	2.369	5.014	2.564	2.635
44.320	R1	2.274	2.274	4.704	2.524	2.562	2.311	2.372	5.054	2.570	2.628
44.360	R1	2.307	2.307	5.527	2.623	2.926	2.310	2.371	5.090	2.567	2.628
44.400	R1	1.972	1.972	4.882	2.436	2.539	2.287	2.346	5.084	2.571	2.631
44.440	R1	2.536	2.543	5.309	2.673	2.639	2.281	2.348	5.108	2.573	2.624
44.480	R1	2.423	2.682	5.055	2.769	2.539	2.288	2.352	5.114	2.580	2.615
44.520	R1	1.926	1.926	5.373	2.512	2.732	2.289	2.351	5.113	2.568	2.623
44.560	R1	2.423	2.565	5.267	2.423	2.568	2.296	2.355	5.115	2.570	2.617
44.600	R1	2.435	2.435	4.907	2.617	2.553	2.311	2.387	5.120	2.556	2.612
44.640	R1	2.370	2.519	4.925	2.466	2.809	2.305	2.381	5.102	2.545	2.611
44.680	R1	2.431	2.440	5.522	2.647	2.495	2.285	2.359	5.083	2.535	2.623
44.720	R1	2.297	2.297	5.371	2.513	2.560	2.265	2.339	5.090	2.534	2.625
44.760	R1	1.881	1.881	4.735	2.526	2.584	2.260	2.334	5.111	2.528	2.614
44.800	R1	2.325	2.493	5.273	2.516	2.641	2.264	2.338	5.094	2.536	2.604
44.840	R1	2.473	2.551	4.925	2.560	2.706	2.282	2.363	5.107	2.552	2.597
44.880	R1	2.382	2.543	4.807	2.382	2.531	2.268	2.349	5.091	2.546	2.587
44.920	R1	2.411	2.594	4.862	2.562	2.411	2.260	2.344	5.115	2.537	2.580
44.960	R1	2.365	2.687	5.348	2.395	2.588	2.284	2.368	5.125	2.545	2.565
45.000	R1	2.055	2.055	4.871	2.464	2.625	2.284	2.373	5.123	2.545	2.574
45.040	R1	2.057	2.057	4.867	2.490	2.722	2.288	2.377	5.126	2.567	2.582
45.080	R1	1.954	1.954	5.268	2.584	2.768	2.287	2.373	5.118	2.572	2.575
45.120	R1	2.185	2.185	5.130	2.396	2.334	2.286	2.377	5.092	2.572	2.590
45.160	R1	2.379	2.379	5.179	2.779	2.734	2.278	2.369	5.066	2.571	2.588
45.200	R1	2.330	2.480	5.141	2.761	2.405	2.308	2.401	5.107	2.572	2.588
45.240	R1	2.252	2.252	4.994	2.561	2.439	2.311	2.402	5.123	2.583	2.580
45.280	R1	2.264	2.580	5.542	2.590	2.389	2.301	2.405	5.145	2.587	2.571
45.320	R1	2.411	2.411	5.571	2.659	2.438	2.306	2.409	5.156	2.594	2.582
45.360	R1	2.426	2.662	5.213	2.426	2.748	2.305	2.399	5.188	2.602	2.595
45.400	R1	2.507	2.520	4.978	3.063	2.717	2.310	2.387	5.183	2.621	2.611
45.440	R1	2.356	2.441	4.762	2.574	2.665	2.328	2.409	5.219	2.635	2.606
45.480	R1	2.410	2.519	5.003	2.642	2.788	2.321	2.402	5.247	2.635	2.593
45.520	R1	2.141	2.141	4.860	2.494	2.524	2.349	2.436	5.239	2.634	2.600
45.560	R1	2.469	2.508	5.553	2.540	2.580	2.357	2.445	5.236	2.643	2.618
45.600	R1	2.391	2.526	5.577	2.733	2.491	2.352	2.453	5.244	2.618	2.604
45.640	R1	2.270	2.613	5.365	2.653	2.512	2.352	2.446	5.242	2.610	2.617
45.680	R1	2.487	2.611	5.037	2.508	2.763	2.365	2.459	5.241	2.610	2.622
45.720	R1	2.398	2.398	5.510	2.722	2.667	2.370	2.458	5.198	2.598	2.638
45.760	R1	2.457	2.457	5.232	2.778	2.906	2.362	2.462	5.159	2.602	2.642
45.800	R1	2.409	2.478	5.597	2.749	2.532	2.358	2.466	5.153	2.608	2.630
45.840	R1	1.928	1.928	5.426	2.482	2.465	2.354	2.473	5.171	2.582	2.627
45.880	R1	2.519	2.635	5.106	2.576	2.898	2.353	2.475	5.197	2.578	2.636
45.920	R1	2.332	2.372	5.081	2.565	2.694	2.351	2.482	5.207	2.577	2.619
45.960	R1	2.287	2.537	5.325	2.287	2.465	2.362	2.493	5.219	2.585	2.618
46.000	R1	2.327	2.327	5.103	2.586	2.664	2.357	2.505	5.197	2.576	2.630
46.040	R1	2.522	2.522	4.980	2.561	2.526	2.351	2.493	5.164	2.577	2.644
46.080	R1	2.363	2.563	4.689	2.363	2.722	2.362	2.494	5.158	2.574	2.645
46.120	R1	2.244	2.485	4.776	2.731	2.511	2.358	2.500	5.172	2.569	2.637
46.160	R1	2.337	2.737	5.106	2.552	2.519	2.343	2.485	5.125	2.560	2.629
46.200	R1	2.438	2.668	5.332	2.541	2.646	2.340	2.486	5.111	2.541	2.626
46.240	R1	2.331	2.480	5.280	2.503	2.847	2.339	2.483	5.076	2.526	2.629
46.280	R1	2.374	2.662	5.208	2.609	2.454	2.362	2.506	5.049	2.522	2.636
46.320	R1	2.355	2.355	5.102	2.649	2.493	2.351	2.500	5.052	2.511	2.624
46.360	R1	2.366	2.748	5.101	2.370	2.816	2.352	2.504	5.046	2.512	2.628
46.400	R1	2.282	2.282	4.921	2.755	2.787	2.354	2.495	5.023	2.517	2.634
46.440	R1	2.481	2.628	5.258	2.585	2.524	2.351	2.504	5.007	2.507	2.636
46.480	R1	2.407	2.730	5.310	2.407	2.614	2.343	2.506	5.015	2.503	2.647
46.520	R1	2.108	2.108	4.575	2.555	2.491	2.342	2.505	5.033	2.511	2.648
46.560	R1	2.395	2.480	4.950	2.395	2.853	2.348	2.505	5.041	2.516	2.648
46.600	R1	2.386	2.405	4.894	2.446	2.592	2.347	2.484	5.056	2.516	2.652
46.640	R1	2.386	2.386	4.893	2.400	2.604	2.327	2.453	5.036	2.507	2.642
46.680	R1	2.307	2.531	5.152	2.356	2.659	2.325	2.443	5.035	2.511	2.622
46.720	R1	2.348	2.454	4.956	2.589	2.777	2.311	2.415	5.012	2.517	2.632
46.760	R1	2.314	2.339	4.879	2.398	2.591	2.312	2.420	4.979	2.521	2.647
46.800	R1	2.274	2.511	4.775	2.368	2.704	2.310	2.402	4.967	2.532	2.633
46.840	R1	2.361	2.574	5.143	2.480	2.735	2.314	2.409	4.978	2.512	2.613
46.880	R1	2.352	2.533	5.058	2.532	2.749	2.309	2.396	4.957	2.519	2.608
46.920	R1	2.352	2.490	4.924	2.832	2.506	2.302	2.382	4.930	2.538	2.604
46.960	R1	2.320	2.320	5.408	2.551	2.600	2.317	2.397	4.928	2.534	2.604
47.000	R1	2.044	2.044	4.939	2.357	2.438	2.317	2.400	4.941	2.542	2.586
47.040	R1	2.279	2.279	5.249	2.584	2.452	2.299	2.382	4.953	2.565	2.580
47.080	R1	2.107	2.107	4.749	2.735	2.651	2.298	2.381	4.984	2.576	2.584
47.120	R1	2.371	2.454	4.441	2.729	2.790	2.277	2.348	4.980	2.589	2.574
47.160	R1	2.325	2.385	4.876	2.579	2.542	2.278	2.350	5.009	2.589	2.573
47.200	R1	2.364	2.415	5.139	2.364	2.385	2.283	2.358	5.002	2.608	2.576
47.240	R1	2.383	2.383	4.836	2.717	2.434	2.284	2.352	5.015	2.620	2.571
47.280	R1	2.252	2.440	4.771	2.786	2.524	2.284	2.342	5.011	2.637	2.572
47.320	R1	2.408	2.408	4.536	2.486	2.500	2.282	2.339	5.004	2.637	2.560
47.360	R1	2.398	2.551	5.212	2.542	2.492	2.284	2.347	5.017	2.618	2.568
47.400	R1	2.033	2.033	5.129	2.912	2.471	2.286	2.350	4.969	2.614	2.572
47.440	R1	2.364	2.364	5.509	2.617	2.686	2.309	2.375	4.959	2.628	2.583
47.480	R1	1.878	1.878	5.064	2.631	2.445	2.303	2.369	4.948	2.627	2.611
47.520	R1	2.375	2.484	5.542	2.573	2.757	2.314	2.390	4.970	2.622	2.603
47.560	R1	2.416	2.506	4.748	2.777	2.668	2.315	2.386	4.986	2.614	2.592
47.600	R1	2.292	2.400	5.026	2.611	2.599	2.308	2.377	5.006	2.619	2.607
47.640	R1	2.362	2.362	5.069	2.822	2.749	2.287	2.353	4.988	2.641	2.630
47.680	R1	2.317	2.483	4.912	2.532	2.515	2.282	2.348	5.011	2.630	2.634
47.720	R1	2.384	2.644	5.187	2.444	2.671	2.288	2.354	5.033	2.629	2.643
47.760	R1	2.374	2.374	4.456	2.473	2.669	2.293	2.362	5.049	2.635	2.643
47.800	R1	2.490	2.548	4.728	2.639	2.665	2.291	2.356	5.009	2.635	2.645
47.840	R1	2.166	2.166	5.030	2.567	3.015	2.306	2.385	5.005	2.606	2.654
47.880	R1	2.335	2.523	5.191	2.645	2.493	2.281	2.360	4.971	2.603	2.642
47.920	R1	2.378	2.379	4.765	2.572	2.561	2.303	2.392	4.952	2.602	2.656
47.960	R1	2.190	2.190	5.273	2.673	2.842	2.304	2.387	4.927	2.600	2.648
48.000	R1	1.944	1.944	4.768	2.809	2.842	2.295	2.374	4.932	2.588	2.652
48.040	R1	2.274	2.274	5.312	2.489	2.520	2.281	2.355	4.948	2.584	2.668
48.080	R1	2.385	2.572	5.208	2.763	2.693	2.282	2.365	4.934	2.567	2.655
48.120	R1	2.503	2.567	4.857	2.606	2.503	2.286	2.361	4.932	2.566	2.659
48.160	R1	2.364	2.432	4.408	2.549	2.539	2.283	2.346	4.913	2.570	2.663
48.200	R1	2.329	2.610	5.051	2.329	2.651	2.286	2.351	4.944	2.567	2.668
48.240	R1	1.863	1.863	4.829	2.556	2.445	2.277	2.351	4.946	2.551	2.664
48.280	R1	2.313	2.512	4.672	2.616	2.716	2.288	2.377	4.948	2.544	2.651
48.320	R1	2.395	2.395	5.061	2.538	2.614	2.293	2.372	4.929	2.537	2.659
48.360	R1	2.251	2.251	4.843	2.537	2.748	2.274	2.353	4.933	2.539	2.652
48.400	R1	2.011	2.011	5.343	2.520	2.900	2.267	2.346	4.914	2.547	2.650
48.440	R1	2.379	2.570	4.796	2.483	2.504	2.263	2.342	4.949	2.538	2.642
48.480	R1	2.390	2.405	4.869	2.508	2.595	2.266	2.353	4.946	2.530	2.654
48.520	R1	2.336	2.336	4.800	2.525	2.756	2.266	2.344	4.929	2.511	2.656
48.560	R1	2.424	2.482	5.072	2.424	2.769	2.259	2.334	4.919	2.511	2.658
48.600	R1	2.310	2.539	4.780	2.310	2.585	2.258	2.330	4.938	2.510	2.672
48.640	R1	2.394	2.679	5.061	2.426	2.740	2.259	2.321	4.947	2.510	2.665
48.680	R1	2.422	2.422	4.816	2.514	2.658	2.281	2.344	4.929	2.517	2.679
48.720	R1	2.006	2.006	4.848	2.608	2.423	2.284	2.336	4.963	2.518	2.675
48.760	R1	2.054	2.054	4.880	2.834	2.791	2.292	2.346	4.952	2.522	2.677
48.800	R1	1.852	1.852	5.470	2.623	2.682	2.296	2.351	4.965	2.528	2.666
48.840	R1	2.332	2.507	5.262	2.332	2.765	2.312	2.381	4.948	2.532	2.655
48.880	R1	2.382	2.382	4.859	2.386	2.744	2.311	2.376	4.942	2.531	2.659
48.920	R1	2.364	2.364	4.655	2.609	2.533	2.310	2.377	4.944	2.538	2.662
48.960	R1	2.358	2.358	4.797	2.530	2.812	2.298	2.365	4.957	2.544	2.647
49.000	R1	2.333	2.426	5.237	2.333	2.526	2.278	2.342	4.952	2.552	2.642
49.040	R1	2.322	2.322	4.464	2.679	2.727	2.278	2.340	4.950	2.558	2.650
49.080	R1	2.357	2.357	5.340	2.647	2.632	2.279	2.330	4.955	2.558	2.652
49.120	R1	2.571	2.596	4.843	2.615	2.652	2.259	2.309	4.986	2.554	2.654
49.160	R1	2.312	2.343	5.105	2.650	2.517	2.276	2.332	5.001	2.569	2.656
49.200	R1	2.334	2.615	5.011	2.595	2.688	2.270	2.326	4.999	2.562	2.650
49.240	R1	2.363	2.470	4.673	2.477	2.579	2.300	2.360	4.984	2.558	2.643
49.280	R1	2.370	2.422	4.899	2.652	2.668	2.294	2.358	4.980	2.573	2.637
49.320	R1	2.102	2.102	5.060	2.637	2.444	2.271	2.334	5.001	2.578	2.625
49.360	R1	2.023	2.023	4.984	2.582	2.674	2.277	2.342	5.021	2.579	2.632
49.400	R1	2.302	2.507	4.735	2.427	2.742	2.277	2.342	5.037	2.577	2.631
49.440	R1	2.426	2.467	5.152	2.426	2.778	2.283	2.347	5.030	2.594	2.627
49.480	R1	2.015	2.015	5.444	2.444	2.706	2.283	2.347	5.053	2.595	2.622
49.520	R1	2.350	2.448	5.140	2.909	2.468	2.284	2.352	5.014	2.590	2.625
49.560	R1	1.939	1.939	4.852	2.682	2.669	2.268	2.335	5.022	2.588	2.623
49.600	R1	2.444	2.543	5.161	2.545	2.531	2.272	2.337	5.012	2.578	2.633
49.640	R1	2.219	2.454	5.179	2.642	2.651	2.268	2.324	5.006	2.580	2.611
49.680	R1	1.905	1.905	5.292	2.470	2.504	2.248	2.299	5.016	2.587	2.615
49.720	R1	2.492	2.530	5.053	2.635	2.665	2.229	2.278	4.995	2.580	2.620
49.760	R1	2.364	2.364	5.112	2.493	2.803	2.248	2.300	4.995	2.572	2.637
49.800	R1	2.443	2.523	5.103	2.670	2.443	2.273	2.333	5.025	2.574	2.632
49.840	R1	2.320	2.320	4.919	2.703	2.630	2.248	2.298	5.007	2.577	2.629
49.880	R1	2.382	2.454	4.571	2.541	2.678	2.241	2.294	5.008	2.581	2.620
49.920	R1	2.259	2.259	5.002	2.584	2.618	2.258	2.314	4.970	2.590	2.601
49.960	R1	2.384	2.384	4.901	2.447	2.726	2.246	2.297	4.952	2.576	2.602
50.000	R1	2.251	2.357	4.883	2.631	2.251	2.249	2.300	4.936	2.573	2.599
50.040	R1	1.975	1.975	4.879	2.623	2.658	2.243	2.290	4.916	2.576	2.610
50.080	R1	1.991	1.991	4.472	2.512	2.765	2.231	2.266	4.916	2.573	2.605
50.120	R1	2.468	2.539	5.069	2.468	2.771	2.254	2.295	4.894	2.574	2.622
50.160	R1	2.532	2.681	5.587	2.626	2.590	2.250	2.297	4.866	2.563	2.634
50.200	R1	1.808	1.808	4.366	2.488	2.680	2.252	2.299	4.850	2.565	2.623
50.240	R1	2.285	2.388	5.180	2.505	2.589	2.253	2.299	4.803	2.557	2.627
50.280	R1	2.340	2.413	4.671	2.636	2.340	2.251	2.298	4.799	2.553	2.622
50.320	R1	2.112	2.112	4.790	2.625	2.472	2.249	2.300	4.814	2.552	2.630
50.360	R1	2.002	2.002	4.537	2.611	2.608	2.231	2.282	4.819	2.554	2.638
50.400	R1	2.337	2.342	4.752	2.618	2.760	2.232	2.294	4.823	2.552	2.644
50.440	R1	1.968	1.968	5.179	2.573	2.552	2.243	2.299	4.801	2.551	2.673
50.480	R1	2.367	2.486	4.857	2.497	2.849	2.260	2.317	4.811	2.543	2.670
50.520	R1	2.406	2.575	4.484	2.406	2.890	2.279	2.336	4.828	2.555	2.663
50.560	R1	2.410	2.410	4.800	2.544	2.582	2.273	2.327	4.831	2.555	2.661
50.600	R1	2.455	2.524	4.168	2.503	2.534	2.251	2.297	4.804	2.559	2.673
50.640	R1	2.289	2.289	4.829	2.631	2.531	2.279	2.332	4.817	2.560	2.666
50.680	R1	2.340	2.498	4.864	2.515	2.839	2.280	2.328	4.800	2.561	2.671
50.720	R1	1.896	1.896	5.116	2.614	2.767	2.257	2.301	4.819	2.556	2.683
50.760	R1	2.404	2.622	4.976	2.410	2.855	2.274	2.327	4.811	2.552	2.694
50.800	R1	2.468	2.468	4.450	2.609	2.833	2.297	2.352	4.838	2.543	2.691
50.840	R1	2.333	2.333	5.078	2.470	2.600	2.277	2.332	4.859	2.540	2.680
50.880	R1	2.362	2.362	4.803	2.745	2.611	2.279	2.333	4.847	2.530	2.691
50.920	R1	2.356	2.356	5.139	2.471	2.744	2.278	2.331	4.849	2.536	2.682
50.960	R1	2.084	2.084	5.039	2.709	2.833	2.274	2.319	4.861	2.539	2.667
51.000	R1	2.370	2.509	4.621	2.509	2.540	2.273	2.318	4.885	2.539	2.675
51.040	R1	2.300	2.313	4.848	2.528	2.676	2.249	2.290	4.933	2.546	2.678
51.080	R1	1.874	1.874	5.039	2.537	2.584	2.239	2.280	4.943	2.544	2.687
51.120	R1	2.470	2.621	4.633	2.531	2.694	2.229	2.262	4.937	2.537	2.678
51.160	R1	2.445	2.500	5.093	2.445	2.537	2.247	2.280	4.921	2.543	2.662
51.200	R1	1.947	1.947	5.170	2.559	2.555	2.245	2.267	4.928	2.547	2.651
51.240	R1	2.003	2.003	4.939	2.359	2.760	2.215	2.238	4.935	2.542	2.641
51.280	R1	2.352	2.435	4.898	2.621	2.665	2.217	2.251	4.934	2.545	2.633
51.320	R1	2.331	2.331	4.725	2.464	2.598	2.223	2.268	4.934	2.532	2.637
51.360	R1	2.387	2.387	5.265	2.546	2.749	2.224	2.269	4.933	2.537	2.640
51.400	R1	1.974	1.974	5.138	2.646	2.591	2.238	2.283	4.899	2.529	2.637
51.440	R1	2.083	2.083	5.028	2.593	2.699	2.231	2.269	4.927	2.535	2.641
51.480	R1	2.135	2.135	4.733	2.364	2.665	2.237	2.281	4.926	2.530	2.647
51.520	R1	2.267	2.267	4.814	2.735	2.450	2.236	2.280	4.900	2.539	2.655
51.560	R1	2.352	2.352	5.106	2.495	2.645	2.236	2.272	4.920	2.543	2.647
51.600	R1	1.887	1.887	4.599	2.510	2.623	2.238	2.277	4.924	2.547	2.661
51.640	R1	2.361	2.592	5.058	2.537	2.436	2.233	2.272	4.921	2.540	2.673
51.680	R1	2.483	2.707	4.790	2.483	2.704	2.252	2.297	4.908	2.548	2.670
51.720	R1	2.387	2.387	5.126	2.571	2.801	2.257	2.298	4.900	2.546	2.675
51.760	R1	2.360	2.360	4.356	2.550	2.768	2.238	2.279	4.913	2.558	2.688
51.800	R1	2.217	2.217	5.179	2.630	2.619	2.238	2.291	4.888	2.552	2.696
51.840	R1	2.425	2.556	4.823	2.425	2.804	2.264	2.317	4.866	2.544	2.711
51.880	R1	1.866	1.866	4.524	2.723	2.740	2.283	2.339	4.857	2.540	2.718
51.920	R1	2.451	2.451	5.028	2.601	2.529	2.294	2.363	4.862	2.545	2.709
51.960	R1	2.485	2.608	5.176	2.523	2.815	2.303	2.374	4.860	2.531	2.720
52.000	R1	1.850	1.850	5.118	2.428	2.792	2.308	2.380	4.860	2.528	2.719
52.040	R1	2.388	2.498	4.667	2.519	2.700	2.331	2.407	4.865	2.530	2.717
52.080	R1	2.450	2.450	4.748	2.569	2.769	2.332	2.396	4.849	2.536	2.727
52.120	R1	1.945	1.945	4.982	2.714	2.867	2.324	2.383	4.868	2.535	2.729
52.160	R1	2.389	2.636	4.774	2.413	2.911	2.321	2.388	4.868	2.525	2.720
52.200	R1	2.491	2.494	4.697	2.493	2.882	2.324	2.398	4.901	2.522	2.702
52.240	R1	2.478	2.516	4.839	2.517	2.838	2.333	2.415	4.871	2.524	2.716
52.280	R1	2.353	2.629	4.841	2.468	2.491	2.331	2.413	4.883	2.532	2.712
52.320	R1	2.442	2.490	4.777	2.444	2.659	2.342	2.425	4.903	2.530	2.711
52.360	R1	2.449	2.466	5.095	2.449	2.641	2.338	2.421	4.894	2.542	2.727
52.400	R1	2.360	2.419	4.702	2.553	2.582	2.331	2.412	4.859	2.546	2.723
52.440	R1	2.371	2.371	4.744	2.656	2.631	2.358	2.446	4.883	2.544	2.709
52.480	R1	2.332	2.445	5.169	2.454	2.740	2.348	2.430	4.892	2.550	2.706
52.520	R1	2.321	2.500	5.113	2.368	2.621	2.347	2.434	4.905	2.551	2.697
52.560	R1	2.409	2.560	5.023	2.493	2.409	2.372	2.458	4.919	2.544	2.684
52.600	R1	2.412	2.551	4.574	2.662	2.907	2.348	2.422	4.927	2.551	2.675
52.640	R1	2.373	2.521	5.069	2.594	2.713	2.343	2.421	4.949	2.550	2.671
52.680	R1	2.093	2.093	4.930	2.684	2.720	2.334	2.419	4.970	2.545	2.667
52.720	R1	2.369	2.369	4.847	2.844	2.854	2.322	2.393	4.968	2.559	2.683
52.760	R1	2.352	2.434	4.471	2.599	2.724	2.301	2.370	4.966	2.565	2.686
52.800	R1	2.391	2.527	5.606	2.391	2.516	2.283	2.351	4.949	2.574	2.696
52.840	R1	2.174	2.174	4.846	2.637	2.651	2.269	2.334	4.948	2.581	2.690
52.880	R1	2.441	2.530	5.011	2.582	2.582	2.269	2.336	4.967	2.567	2.697
52.920	R1	2.435	2.435	5.245	2.574	2.614	2.266	2.329	4.953	2.579	2.701
52.960	R1	1.911	1.911	4.944	2.549	2.722	2.243	2.296	4.943	2.587	2.696
53.000	R1	2.400	2.472	5.126	2.478	2.806	2.247	2.293	4.942	2.603	2.715
53.040	R1	2.296	2.488	5.271	2.428	2.759	2.247	2.290	4.972	2.597	2.708
53.080	R1	2.104	2.104	4.790	2.738	2.801	2.253	2.289	4.959	2.603	2.699
53.120	R1	2.030	2.030	4.742	2.569	2.718	2.266	2.308	4.948	2.601	2.708
53.160	R1	2.076	2.076	4.750	2.629	2.844	2.245	2.287	4.967	2.592	2.698
53.200	R1	2.085	2.085	4.688	2.688	2.470	2.249	2.286	4.973	2.591	2.693
53.240	R1	2.372	2.405	5.117	2.372	2.766	2.249	2.282	4.925	2.601	2.704
53.280	R1	2.280	2.309	4.905	2.711	2.829	2.261	2.297	4.911	2.594	2.704
53.320	R1	1.849	1.849	4.906	2.520	2.513	2.263	2.295	4.902	2.593	2.719
53.360	R1	2.499	2.499	4.999	2.819	2.784	2.265	2.296	4.891	2.593	2.727
53.400	R1	2.412	2.488	5.184	2.536	2.767	2.263	2.294	4.877	2.597	2.721
53.440	R1	2.483	2.498	4.804	2.710	2.546	2.268	2.297	4.883	2.602	2.717
53.480	R1	2.363	2.470	4.706	2.648	2.902	2.259	2.278	4.866	2.605	2.718
53.520	R1	1.955	1.955	5.238	2.656	2.638	2.269	2.288	4.872	2.597	2.721
53.560	R1	2.419	2.419	4.591	2.589	2.638	2.267	2.286	4.872	2.598	2.711
53.600	R1	2.404	2.438	4.629	2.580	2.727	2.283	2.304	4.877	2.589	2.709
53.640	R1	2.407	2.475	4.567	2.499	2.653	2.300	2.327	4.861	2.586	2.719
53.680	R1	2.485	2.485	4.838	2.576	2.872	2.301	2.332	4.847	2.594	2.714
53.720	R1	2.463	2.464	5.026	2.559	2.778	2.291	2.321	4.840	2.585	2.704
53.760	R1	1.872	1.872	4.671	2.644	2.600	2.316	2.357	4.841	2.583	2.714
53.800	R1	2.507	2.530	5.230	2.568	2.736	2.306	2.354	4.839	2.568	2.716
53.840	R1	2.114	2.114	4.939	2.490	2.774	2.308	2.354	4.807	2.567	2.714
53.880	R1	2.297	2.297	4.903	2.568	2.863	2.300	2.348	4.798	2.557	2.716
53.920	R1	1.990	1.990	4.758	2.597	2.525	2.302	2.350	4.814	2.545	2.701
53.960	R1	2.404	2.446	4.838	2.460	2.790	2.325	2.373	4.790	2.537	2.706
54.000	R1	2.421	2.537	4.371	2.611	2.676	2.317	2.365	4.803	2.528	2.711
54.040	R1	2.393	2.499	4.832	2.530	2.659	2.293	2.340	4.808	2.531	2.715
54.080	R1	2.092	2.092	4.774	2.545	2.640	2.289	2.332	4.829	2.532	2.721
54.120	R1	2.335	2.582	4.919	2.485	2.709	2.256	2.299	4.836	2.522	2.708
54.160	R1	2.307	2.428	4.963	2.508	2.821	2.244	2.303	4.826	2.524	2.698
54.200	R1	2.452	2.489	4.538	2.517	2.734	2.242	2.301	4.850	2.518	2.694
54.240	R1	2.326	2.378	4.628	2.506	2.591	2.212	2.270	4.809	2.509	2.684
54.280	R1	2.406	2.520	5.025	2.406	2.596	2.219	2.289	4.829	2.507	2.682
54.320	R1	2.401	2.401	4.769	2.493	2.742	2.220	2.289	4.813	2.508	2.680
54.360	R1	2.258	2.258	4.846	2.421	2.739	2.240	2.312	4.826	2.504	2.690
54.400	R1	1.938	1.938	4.733	2.633	2.797	2.240	2.320	4.832	2.500	2.673
54.440	R1	2.318	2.318	4.987	2.532	2.771	2.231	2.314	4.846	2.496	2.681
54.480	R1	1.825	1.825	4.965	2.375	2.628	2.231	2.319	4.852	2.494	2.684
54.520	R1	2.224	2.542	4.836	2.590	2.570	2.221	2.309	4.838	2.496	2.694
54.560	R1	1.835	1.835	5.140	2.520	2.512	2.224	2.306	4.819	2.498	2.696
54.600	R1	1.905	1.905	4.422	2.401	2.549	2.213	2.288	4.806	2.493	2.700
54.640	R1	2.261	2.491	5.334	2.433	2.732	2.211	2.292	4.811	2.488	2.705
54.680	R1	2.315	2.315	4.576	2.605	2.825	2.216	2.295	4.828	2.492	2.713
54.720	R1	2.385	2.432	5.020	2.500	2.720	2.214	2.294	4.843	2.502	2.711
54.760	R1	2.397	2.614	4.970	2.397	2.448	2.211	2.292	4.845	2.494	2.700
54.800	R1	2.249	2.427	4.649	2.519	2.832	2.219	2.300	4.852	2.496	2.711
54.840	R1	2.389	2.589	4.954	2.495	2.714	2.245	2.327	4.856	2.492	2.701
54.880	R1	1.891	1.891	4.487	2.584	2.841	2.250	2.340	4.858	2.494	2.698
54.920	R1	2.405	2.517	4.539	2.525	2.752	2.282	2.375	4.866	2.507	2.690
54.960	R1	2.073	2.073	4.695	2.419	2.897	2.292	2.370	4.872	2.508	2.690
55.000	R1	2.412	2.577	4.650	2.412	2.851	2.321	2.403	4.869	2.509	2.696
55.040	R1	2.435	2.435	4.962	2.578	2.744	2.342	2.424	4.897	2.510	2.698
55.080	R1	2.366	2.497	5.334	2.607	2.561	2.350	2.421	4.886	2.515	2.697
55.120	R1	2.343	2.358	4.802	2.343	2.522	2.353	2.424	4.884	2.513	2.688
55.160	R1	2.419	2.419	4.989	2.449	2.958	2.328	2.396	4.884	2.513	2.686
55.200	R1	2.457	2.484	4.804	2.555	2.597	2.329	2.392	4.878	2.521	2.711
55.240	R1	2.418	2.575	5.027	2.568	2.714	2.338	2.392	4.893	2.517	2.707
55.280	R1	2.453	2.523	5.138	2.650	2.453	2.342	2.386	4.902	2.517	2.710
55.320	R1	2.426	2.445	4.942	2.594	2.576	2.362	2.413	4.897	2.508	2.711
55.360	R1	2.424	2.496	5.084	2.549	2.636	2.363	2.410	4.900	2.518	2.715
55.400	R1	2.320	2.320	4.990	2.424	2.590	2.358	2.405	4.920	2.526	2.708
55.440	R1	2.429	2.429	5.108	2.520	2.718	2.357	2.396	4.922	2.533	2.686
55.480	R1	2.375	2.375	4.545	2.575	2.641	2.350	2.396	4.937	2.530	2.678
55.520	R1	1.872	1.872	5.015	2.489	2.678	2.350	2.394	4.922	2.527	2.695
55.560	R1	2.429	2.541	4.854	2.570	2.947	2.342	2.385	4.945	2.534	2.707
55.600	R1	2.418	2.425	4.943	2.428	2.741	2.340	2.383	4.934	2.540	2.700
55.640	R1	2.468	2.468	5.141	2.502	2.778	2.332	2.385	4.950	2.548	2.703
55.680	R1	2.297	2.434	4.386	2.394	2.868	2.316	2.361	4.933	2.547	2.704
55.720	R1	2.426	2.456	4.587	2.741	2.824	2.316	2.365	4.931	2.539	2.712
55.760	R1	1.978	1.978	5.091	2.569	2.760	2.302	2.350	4.938	2.535	2.714
55.800	R1	2.389	2.389	4.693	2.553	2.404	2.299	2.358	4.933	2.525	2.718
55.840	R1	2.291	2.433	5.262	2.526	2.602	2.306	2.380	4.936	2.527	2.730
55.880	R1	2.358	2.455	5.040	2.545	2.891	2.309	2.383	4.931	2.536	2.735
55.920	R1	2.186	2.186	5.259	2.476	2.765	2.286	2.360	4.957	2.529	2.729
55.960	R1	2.376	2.376	4.763	2.567	2.810	2.309	2.394	4.952	2.524	2.725
56.000	R1	2.314	2.532	5.136	2.711	2.654	2.309	2.391	4.965	2.517	2.715
56.040	R1	2.082	2.082	4.688	2.562	2.739	2.310	2.392	4.964	2.527	2.710
56.080	R1	2.469	2.614	5.088	2.484	2.625	2.300	2.382	4.953	2.523	2.707
56.120	R1	2.145	2.145	5.083	2.516	2.601	2.303	2.387	4.971	2.534	2.691
56.160	R1	2.350	2.655	4.997	2.350	2.724	2.301	2.388	4.979	2.524	2.688
56.200	R1	2.465	2.749	5.051	2.465	2.835	2.317	2.409	4.982	2.523	2.686
56.240	R1	2.487	2.487	4.990	2.706	2.803	2.316	2.408	4.971	2.525	2.711
56.280	R1	1.921	1.921	5.076	2.420	2.534	2.320	2.410	4.960	2.531	2.713
56.320	R1	2.324	2.549	4.907	2.390	2.592	2.318	2.405	4.974	2.529	2.705
56.360	R1	2.435	2.496	5.126	2.435	2.741	2.327	2.414	4.950	2.545	2.695
56.400	R1	2.434	2.434	4.910	2.626	2.650	2.311	2.398	4.962	2.546	2.689
56.440	R1	2.275	2.275	4.934	2.428	2.714	2.309	2.398	4.948	2.534	2.685
56.480	R1	2.350	2.531	4.732	2.610	2.542	2.302	2.390	4.953	2.529	2.673
56.520	R1	2.388	2.472	4.752	2.544	2.779	2.302	2.384	4.943	2.533	2.668
56.560	R1	2.302	2.391	5.150	2.547	2.706	2.305	2.387	4.939	2.527	2.680
56.600	R1	2.377	2.377	4.470	2.584	2.920	2.306	2.372	4.928	2.535	2.686
56.640	R1	2.367	2.480	5.048	2.652	2.633	2.304	2.367	4.931	2.539	2.689
56.680	R1	2.320	2.352	5.319	2.505	2.724	2.298	2.361	4.924	2.529	2.685
56.720	R1	2.366	2.366	4.770	2.805	2.572	2.322	2.385	4.917	2.533	2.701
56.760	R1	2.051	2.051	5.002	2.584	2.685	2.328	2.380	4.938	2.538	2.708
56.800	R1	2.280	2.536	4.871	2.460	2.586	2.306	2.354	4.922	2.544	2.712
56.840	R1	1.925	1.925	4.773	2.462	2.491	2.300	2.355	4.921	2.543	2.711
56.880	R1	2.479	2.479	4.892	2.566	2.534	2.289	2.344	4.925	2.551	2.699
56.920	R1	2.206	2.206	5.009	2.402	2.831	2.269	2.315	4.954	2.548	2.707
56.960	R1	2.373	2.373	4.781	2.518	2.836	2.269	2.324	4.975	2.547	2.709
57.000	R1	2.416	2.637	5.115	2.545	2.898	2.275	2.327	4.962	2.541	2.710
57.040	R1	2.369	2.369	4.848	2.497	2.723	2.272	2.324	4.995	2.540	2.703
57.080	R1	2.400	2.400	4.928	2.494	2.861	2.274	2.322	4.989	2.527	2.710
57.120	R1	2.454	2.454	5.319	2.494	2.735	2.276	2.336	4.987	2.532	2.708
57.160	R1	1.979	1.979	4.812	2.548	2.810	2.260	2.320	4.980	2.512	2.723
57.200	R1	2.323	2.444	4.889	2.622	2.642	2.277	2.337	4.989	2.511	2.725
57.240	R1	2.064	2.064	5.021	2.580	2.480	2.285	2.332	4.996	2.512	2.726
57.280	R1	1.944	1.944	5.314	2.543	2.684	2.298	2.346	5.006	2.521	2.737
57.320	R1	2.377	2.659	5.168	2.526	2.821	2.288	2.335	5.006	2.522	2.746
57.360	R1	2.426	2.441	4.887	2.426	2.735	2.293	2.340	4.991	2.531	2.745
57.400	R1	2.313	2.313	5.125	2.562	2.779	2.300	2.350	5.008	2.534	2.738
57.440	R1	2.409	2.456	4.931	2.409	2.771	2.295	2.335	4.983	2.541	2.720
57.480	R1	2.369	2.631	5.277	2.588	2.683	2.294	2.334	4.994	2.543	2.718
57.520	R1	2.043	2.043	4.633	2.411	2.870	2.291	2.341	5.003	2.536	2.707
57.560	R1	2.386	2.386	5.190	2.565	2.725	2.287	2.349	4.956	2.539	2.707
57.600	R1	2.439	2.439	5.009	2.475	2.611	2.308	2.371	4.945	2.536	2.695
57.640	R1	2.195	2.195	4.967	2.638	2.713	2.314	2.371	4.943	2.530	2.702
57.680	R1	2.276	2.276	4.901	2.595	2.718	2.332	2.391	4.936	2.533	2.724
57.720	R1	2.300	2.300	4.696	2.589	2.809	2.349	2.408	4.909	2.534	2.728
57.760	R1	2.520	2.571	5.133	2.577	2.687	2.344	2.395	4.899	2.535	2.701
57.800	R1	2.309	2.342	4.607	2.676	2.550	2.330	2.381	4.917	2.533	2.694
57.840	R1	2.349	2.349	5.076	2.536	2.676	2.336	2.393	4.916	2.527	2.686
57.880	R1	2.353	2.541	5.113	2.353	2.646	2.327	2.381	4.910	2.535	2.681
57.920	R1	2.368	2.602	4.369	2.555	2.724	2.327	2.368	4.870	2.547	2.678
57.960	R1	2.395	2.415	4.592	2.489	2.573	2.330	2.372	4.886	2.541	2.671
58.000	R1	2.456	2.456	4.860	2.509	2.792	2.327	2.369	4.879	2.558	2.680
58.040	R1	2.413	2.459	4.871	2.630	2.911	2.298	2.340	4.867	2.566	2.680
58.080	R1	2.286	2.286	4.765	2.576	2.762	2.286	2.327	4.870	2.570	2.677
58.120	R1	2.278	2.404	4.987	2.546	2.278	2.272	2.314	4.857	2.565	2.683
58.160	R1	2.149	2.149	5.237	2.373	2.609	2.270	2.312	4.858	2.557	2.674
58.200	R1	2.431	2.564	5.106	2.444	2.619	2.263	2.308	4.836	2.547	2.672
58.240	R1	2.217	2.217	4.815	2.567	2.665	2.244	2.288	4.831	2.542	2.685
58.280	R1	2.369	2.369	4.469	2.829	2.630	2.249	2.293	4.817	2.545	2.691
58.320	R1	2.118	2.118	4.953	2.300	2.716	2.255	2.297	4.792	2.564	2.697
58.360	R1	2.325	2.325	5.063	2.907	2.918	2.231	2.260	4.812	2.568	2.695
58.400	R1	1.851	1.851	4.752	2.622	2.600	2.236	2.264	4.829	2.573	2.717
58.440	R1	1.949	1.949	5.042	2.728	2.655	2.232	2.269	4.835	2.569	2.712
58.480	R1	2.009	2.009	4.631	2.495	2.850	2.225	2.267	4.829	2.558	2.692
58.520	R1	2.254	2.254	4.710	2.435	2.627	2.209	2.251	4.841	2.556	2.688
58.560	R1	2.375	2.504	4.694	2.375	2.635	2.212	2.253	4.841	2.547	2.709
58.600	R1	1.944	1.944	4.515	2.565	2.818	2.222	2.263	4.844	2.553	2.716
58.640	R1	2.433	2.445	4.804	2.593	2.793	2.213	2.248	4.836	2.562	2.728
58.680	R1	2.485	2.612	4.595	2.738	2.767	2.215	2.254	4.843	2.560	2.724
58.720	R1	1.878	1.878	4.772	2.649	2.693	2.199	2.237	4.873	2.539	2.731
58.760	R1	2.492	2.492	4.946	2.584	3.004	2.210	2.250	4.876	2.547	2.731
58.800	R1	2.379	2.542	4.967	2.431	2.693	2.212	2.251	4.856	2.536	2.718
58.840	R1	2.275	2.425	4.750	2.405	2.509	2.241	2.281	4.858	2.541	2.724
58.880	R1	1.969	1.969	5.017	2.527	2.690	2.257	2.304	4.865	2.522	2.730
58.920	R1	2.334	2.452	4.973	2.383	2.680	2.271	2.320	4.889	2.527	2.725
58.960	R1	2.350	2.350	5.306	2.476	2.762	2.286	2.335	4.915	2.536	2.724
59.000	R1	2.249	2.249	4.941	2.635	2.857	2.287	2.329	4.930	2.541	2.733
59.040	R1	2.271	2.335	4.950	2.525	2.586	2.291	2.333	4.961	2.549	2.719
59.080	R1	2.042	2.042	5.086	2.416	2.758	2.286	2.335	4.971	2.538	2.713
59.120	R1	2.344	2.374	5.004	2.449	2.725	2.283	2.337	5.000	2.529	2.700
59.160	R1	2.354	2.354	4.671	2.693	2.656	2.314	2.368	5.006	2.531	2.694
59.200	R1	2.447	2.447	4.785	2.727	2.727	2.309	2.366	5.011	2.532	2.674
59.240	R1	2.257	2.414	5.183	2.347	2.765	2.292	2.340	5.016	2.557	2.665
59.280	R1	2.284	2.313	5.117	2.586	2.759	2.299	2.340	5.034	2.559	2.680
59.320	R1	2.566	2.566	5.230	2.624	2.610	2.320	2.361	5.016	2.561	2.681
59.360	R1	2.384	2.384	4.994	2.470	2.817	2.325	2.368	5.033	2.569	2.680
59.400	R1	2.025	2.025	5.133	2.725	2.534	2.334	2.382	5.016	2.576	2.672
59.440	R1	2.336	2.480	5.005	2.362	2.667	2.323	2.371	5.042	2.570	2.667
59.480	R1	2.432	2.654	5.161	2.561	2.510	2.329	2.377	5.055	2.574	2.675
59.520	R1	2.497	2.497	4.893	2.698	2.563	2.346	2.408	5.049	2.571	2.672
59.560	R1	2.386	2.441	5.053	2.605	2.608	2.351	2.423	5.026	2.582	2.671
59.600	R1	2.033	2.033	5.074	2.931	2.515	2.348	2.433	5.042	2.568	2.669
59.640	R1	2.416	2.416	5.114	2.445	2.817	2.343	2.434	5.052	2.556	2.668
59.680	R1	2.394	2.394	4.640	2.559	2.700	2.352	2.440	5.049	2.564	2.671
59.720	R1	2.444	2.602	5.327	2.549	2.670	2.361	2.448	5.032	2.562	2.671
59.760	R1	2.518	2.619	4.960	2.605	2.596	2.349	2.445	5.023	2.551	2.683
59.800	R1	2.023	2.023	5.460	2.519	2.766	2.347	2.454	4.999	2.549	2.683
59.840	R1	2.407	2.469	5.210	2.602	2.736	2.364	2.473	4.985	2.543	2.684
59.880	R1	2.367	2.649	4.973	2.370	2.706	2.352	2.454	4.982	2.558	2.675
59.920	R1	2.462	2.673	4.533	2.661	2.692	2.345	2.442	4.994	2.548	2.688
59.960	R1	2.275	2.556	5.005	2.416	2.616	2.335	2.432	5.010	2.552	2.687
60.000	R1	2.361	2.468	4.974	2.489	2.719	2.331	2.433	5.009	2.542	2.685
60.040	R1	2.436	2.543	5.134	2.509	2.822	2.354	2.460	5.004	2.544	2.689
60.080	R1	2.460	2.460	4.764	2.533	2.754	2.351	2.456	5.005	2.549	2.677
60.120	R1	2.317	2.512	5.060	2.410	2.854	2.350	2.458	5.025	2.539	2.672
60.160	R1	2.356	2.573	4.516	2.433	2.818	2.352	2.452	5.024	2.542	2.671
60.200	R1	2.366	2.400	4.839	2.597	2.547	2.345	2.440	5.011	2.539	2.661
60.240	R1	2.099	2.099	4.944	2.658	2.498	2.356	2.452	4.975	2.534	2.657
60.280	R1	2.290	2.420	5.401	2.367	2.762	2.353	2.451	4.936	2.521	2.665
60.320	R1	2.282	2.282	5.222	2.785	2.554	2.359	2.442	4.952	2.540	2.672
60.360	R1	2.321	2.479	5.029	2.394	2.550	2.356	2.434	4.968	2.531	2.664
60.400	R1	2.496	2.557	4.967	2.974	2.610	2.357	2.421	4.946	2.542	2.668
60.440	R1	2.351	2.351	5.136	2.541	2.563	2.360	2.429	4.928	2.539	2.659
60.480	R1	2.370	2.436	5.041	2.370	2.605	2.355	2.418	4.914	2.545	2.656
60.520	R1	2.478	2.478	5.321	2.605	2.648	2.351	2.415	4.911	2.549	2.657
60.560	R1	2.379	2.379	4.689	2.541	2.408	2.344	2.398	4.910	2.555	2.633
60.600	R1	2.250	2.250	4.740	2.418	2.673	2.343	2.397	4.944	2.569	2.628
60.640	R1	2.355	2.452	4.432	2.355	2.896	2.345	2.405	4.959	2.564	2.641
60.680	R1	2.472	2.472	5.294	2.745	2.841	2.359	2.427	4.997	2.550	2.646
60.720	R1	2.398	2.509	4.848	2.488	2.541	2.362	2.426	4.978	2.565	2.638
60.760	R1	2.296	2.296	4.572	2.620	2.701	2.366	2.429	4.965	2.552	2.640
60.800	R1	2.431	2.627	4.609	2.431	2.542	2.368	2.424	4.954	2.562	2.638
60.840	R1	2.336	2.336	4.849	2.637	2.751	2.364	2.420	4.961	2.534	2.647
60.880	R1	2.388	2.399	4.718	2.615	2.774	2.365	2.421	4.927	2.531	2.648
60.920	R1	2.172	2.172	5.039	2.531	2.388	2.364	2.420	4.931	2.537	2.644
60.960	R1	2.340	2.553	5.187	2.704	2.703	2.360	2.422	4.912	2.536	2.654
61.000	R1	2.396	2.553	5.133	2.506	2.821	2.358	2.420	4.941	2.539	2.662
61.040	R1	2.375	2.543	5.704	2.375	2.594	2.367	2.435	4.964	2.539	2.664
61.080	R1	2.357	2.397	5.025	2.666	2.605	2.349	2.412	4.979	2.554	2.654
61.120	R1	2.351	2.351	4.958	2.530	2.580	2.343	2.406	4.945	2.548	2.644
61.160	R1	2.376	2.376	4.810	2.581	2.512	2.342	2.400	4.940	2.558	2.648
61.200	R1	2.412	2.465	5.107	2.412	2.794	2.350	2.408	4.994	2.554	2.641
61.240	R1	2.371	2.371	4.457	2.488	2.575	2.346	2.395	5.016	2.559	2.655
61.280	R1	2.351	2.429	5.126	2.486	2.533	2.348	2.403	5.016	2.561	2.652
61.320	R1	2.387	2.510	4.951	2.584	2.846	2.347	2.408	5.004	2.559	2.636
61.360	R1	2.344	2.344	5.253	2.599	2.570	2.359	2.420	4.989	2.565	2.644
61.400	R1	2.435	2.547	5.208	2.435	2.719	2.351	2.402	4.969	2.557	2.639
61.440	R1	2.000	2.000	4.723	2.644	2.690	2.342	2.384	4.935	2.553	2.629
61.480	R1	2.334	2.334	4.617	2.636	2.646	2.343	2.377	4.874	2.574	2.636
61.520	R1	2.386	2.402	4.751	2.676	2.610	2.346	2.378	4.862	2.577	2.629
61.560	R1	2.457	2.457	5.651	2.552	2.569	2.354	2.395	4.860	2.587	2.626
61.600	R1	2.353	2.353	5.054	2.524	2.821	2.359	2.401	4.881	2.593	2.629
61.640	R1	2.380	2.513	4.853	2.674	2.686	2.358	2.406	4.889	2.591	2.613
61.680	R1	2.357	2.492	4.470	2.571	2.468	2.365	2.415	4.927	2.597	2.619
61.720	R1	2.412	2.412	4.743	2.655	2.531	2.370	2.416	4.931	2.600	2.630
61.760	R1	2.188	2.188	4.783	2.535	2.619	2.372	2.411	4.941	2.594	2.621
61.800	R1	2.205	2.205	4.454	2.444	2.607	2.375	2.423	4.946	2.585	2.632
61.840	R1	2.402	2.402	4.488	2.793	2.732	2.372	2.421	4.945	2.620	2.633
61.880	R1	2.413	2.413	4.793	2.721	2.478	2.390	2.439	4.968	2.610	2.631
61.920	R1	2.523	2.698	4.903	2.731	2.523	2.394	2.446	5.017	2.606	2.625
61.960	R1	2.470	2.494	5.232	2.693	2.567	2.383	2.434	5.037	2.595	2.622
62.000	R1	2.384	2.565	5.281	2.384	2.466	2.366	2.417	5.021	2.597	2.627
62.040	R1	2.521	2.542	5.201	2.597	2.694	2.358	2.409	5.021	2.599	2.605
62.080	R1	2.453	2.453	5.212	2.560	2.753	2.359	2.412	5.024	2.588	2.606
62.120	R1	2.416	2.416	5.149	2.463	2.670	2.358	2.407	5.076	2.582	2.598
62.160	R1	2.416	2.569	5.365	2.416	2.787	2.354	2.407	5.110	2.566	2.595
62.200	R1	2.373	2.513	5.171	3.120	2.739	2.367	2.427	5.105	2.562	2.593
62.240	R1	2.359	2.359	5.194	2.453	2.652	2.376	2.437	5.143	2.561	2.590
62.280	R1	2.405	2.468	5.591	2.548	2.521	2.372	2.440	5.191	2.537	2.582
62.320	R1	2.163	2.163	5.146	2.458	2.554	2.373	2.445	5.220	2.533	2.580
62.360	R1	2.129	2.129	5.337	2.599	2.666	2.371	2.435	5.226	2.529	2.587
62.400	R1	2.192	2.192	5.060	2.557	2.383	2.361	2.423	5.245	2.530	2.601
62.440	R1	2.404	2.565	4.914	2.451	2.703	2.366	2.428	5.237	2.541	2.617
62.480	R1	2.323	2.394	5.496	2.466	2.323	2.345	2.406	5.231	2.534	2.605
62.520	R1	2.338	2.407	5.430	2.338	2.460	2.339	2.407	5.244	2.525	2.585
62.560	R1	2.444	2.601	4.679	2.444	2.588	2.335	2.403	5.250	2.539	2.578
62.600	R1	2.399	2.399	5.228	2.429	2.546	2.332	2.398	5.254	2.558	2.579
62.640	R1	2.318	2.455	5.448	2.318	2.567	2.337	2.400	5.242	2.529	2.577
62.680	R1	2.433	2.521	5.356	2.627	2.433	2.340	2.407	5.247	2.529	2.574
62.720	R1	2.475	2.487	5.027	2.662	2.678	2.337	2.400	5.221	2.521	2.578
62.760	R1	2.267	2.267	5.615	2.715	2.833	2.351	2.414	5.225	2.529	2.587
62.800	R1	2.487	2.666	5.126	2.602	2.795	2.362	2.425	5.230	2.529	2.580
62.840	R1	2.095	2.095	5.077	2.453	2.459	2.374	2.455	5.251	2.529	2.596
62.880	R1	2.336	2.470	5.472	2.377	2.336	2.374	2.458	5.284	2.527	2.598
62.920	R1	2.346	2.346	5.267	2.751	2.545	2.383	2.470	5.278	2.537	2.611
62.960	R1	2.345	2.467	5.453	2.785	2.800	2.365	2.448	5.274	2.537	2.606
63.000	R1	2.486	2.543	4.917	2.555	2.699	2.368	2.448	5.295	2.545	2.614
63.040	R1	2.423	2.498	5.303	2.436	2.591	2.373	2.455	5.311	2.552	2.628
63.080	R1	2.339	2.339	5.074	2.393	2.601	2.370	2.445	5.290	2.572	2.625
63.120	R1	2.444	2.444	5.221	2.624	2.739	2.351	2.421	5.293	2.567	2.627
63.160	R1	2.335	2.335	5.445	2.590	2.518	2.323	2.393	5.300	2.558	2.628
63.200	R1	2.441	2.807	5.477	2.564	2.714	2.330	2.401	5.276	2.542	2.615
63.240	R1	2.408	2.618	5.573	2.415	2.726	2.328	2.390	5.266	2.546	2.604
63.280	R1	2.493	2.627	5.378	2.654	2.583	2.347	2.411	5.259	2.552	2.617
63.320	R1	1.982	1.982	5.342	2.350	2.369	2.351	2.408	5.233	2.555	2.634
63.360	R1	2.513	2.584	5.097	2.601	2.738	2.340	2.397	5.230	2.546	2.640
63.400	R1	2.491	2.542	5.548	2.577	2.831	2.339	2.398	5.212	2.538	2.635
63.440	R1	2.270	2.270	5.041	2.715	2.513	2.339	2.395	5.216	2.535	2.630
63.480	R1	2.037	2.037	5.409	2.527	2.474	2.317	2.369	5.210	2.540	2.625
63.520	R1	1.928	1.928	5.172	2.481	2.695	2.307	2.360	5.217	2.542	2.634
63.560	R1	2.397	2.412	5.124	2.397	2.578	2.302	2.355	5.205	2.540	2.622
63.600	R1	2.456	2.456	4.920	2.684	2.573	2.305	2.370	5.189	2.540	2.630
63.640	R1	2.466	2.505	4.945	2.573	2.712	2.308	2.376	5.173	2.538	2.624
63.680	R1	2.421	2.422	4.948	2.421	2.672	2.309	2.366	5.145	2.556	2.612
63.720	R1	2.123	2.123	5.210	2.580	2.672	2.299	2.370	5.145	2.539	2.607
63.760	R1	2.327	2.489	5.092	2.617	2.698	2.316	2.388	5.144	2.538	2.617
63.800	R1	2.488	2.488	5.004	2.507	2.612	2.309	2.384	5.139	2.546	2.613
63.840	R1	1.979	1.979	5.174	2.531	2.484	2.306	2.390	5.115	2.573	2.595
63.880	R1	2.144	2.144	5.228	2.443	2.785	2.311	2.395	5.114	2.570	2.603
63.920	R1	2.345	2.345	4.982	2.576	2.490	2.328	2.416	5.096	2.578	2.611
63.960	R1	2.398	2.636	5.118	2.582	2.677	2.350	2.450	5.085	2.579	2.607
64.000	R1	2.494	2.923	5.153	2.530	2.601	2.357	2.461	5.079	2.586	2.619
64.040	R1	2.431	2.431	5.015	2.780	2.488	2.358	2.465	5.065	2.577	2.613
64.080	R1	2.289	2.695	5.376	2.315	2.487	2.356	2.474	5.082	2.569	2.610
64.120	R1	2.328	2.359	5.326	2.328	2.567	2.357	2.486	5.099	2.582	2.610
64.160	R1	2.380	2.488	5.002	2.762	2.648	2.368	2.509	5.094	2.576	2.601
64.200	R1	2.430	2.675	5.058	3.109	2.480	2.374	2.507	5.096	2.570	2.604
64.240	R1	2.360	2.360	5.031	2.656	2.673	2.371	2.503	5.124	2.575	2.614
64.280	R1	2.379	2.463	5.036	2.693	2.633	2.393	2.535	5.123	2.570	2.613
64.320	R1	2.376	2.596	4.957	2.494	2.610	2.404	2.553	5.115	2.584	2.608
64.360	R1	2.535	2.647	4.999	2.535	2.814	2.405	2.554	5.120	2.575	2.621
64.400	R1	2.466	2.529	4.650	2.508	2.466	2.409	2.549	5.124	2.579	2.625
64.440	R1	2.419	2.689	5.291	2.419	2.633	2.404	2.523	5.106	2.574	2.624
64.480	R1	2.459	2.651	5.272	2.668	2.682	2.399	2.537	5.096	2.552	2.616
64.520	R1	2.331	2.590	5.122	2.460	2.499	2.401	2.537	5.072	2.553	2.640
64.560	R1	2.448	2.448	5.123	2.493	2.749	2.401	2.536	5.047	2.565	2.628
64.600	R1	2.420	2.420	5.568	2.611	2.808	2.404	2.539	5.040	2.556	2.617
64.640	R1	2.437	2.614	5.147	2.437	2.477	2.397	2.539	5.018	2.521	2.617
64.680	R1	2.363	2.509	5.073	2.724	2.683	2.399	2.558	5.012	2.515	2.610
64.720	R1	2.356	2.356	5.076	2.394	2.748	2.404	2.568	5.008	2.512	2.605
64.760	R1	2.481	2.539	5.209	2.658	2.756	2.410	2.566	5.010	2.515	2.616
64.800	R1	2.395	2.395	4.787	2.425	2.577	2.401	2.570	5.015	2.519	2.598
64.840	R1	2.327	2.712	4.819	2.352	2.327	2.397	2.563	5.047	2.527	2.601
64.880	R1	2.334	2.702	4.903	2.334	2.975	2.393	2.554	5.052	2.532	2.594
64.920	R1	2.328	2.329	4.807	2.560	2.328	2.390	2.541	5.043	2.525	2.587
64.960	R1	2.429	2.548	4.879	2.583	2.429	2.391	2.541	5.051	2.529	2.589
65.000	R1	2.291	2.672	4.602	2.412	2.468	2.392	2.547	5.036	2.532	2.575
65.040	R1	2.411	2.747	4.917	2.531	2.543	2.394	2.556	4.979	2.524	2.561
65.080	R1	2.475	2.660	4.965	2.639	2.525	2.390	2.543	4.945	2.528	2.565
65.120	R1	2.497	2.559	4.989	2.562	2.833	2.392	2.541	4.913	2.527	2.557
65.160	R1	2.350	2.724	5.109	2.612	2.461	2.400	2.549	4.892	2.534	2.549
65.200	R1	2.393	2.393	5.292	2.666	2.528	2.397	2.547	4.860	2.538	2.543
65.240	R1	2.335	2.509	5.377	2.513	2.477	2.389	2.539	4.859	2.541	2.538
65.280	R1	2.400	2.400	5.094	2.525	2.544	2.398	2.530	4.864	2.559	2.563
65.320	R1	2.355	2.591	5.292	2.549	2.545	2.399	2.516	4.836	2.579	2.545
65.360	R1	2.464	2.566	4.819	2.542	2.464	2.401	2.518	4.852	2.574	2.557
65.400	R1	2.454	2.588	4.433	2.454	2.525	2.393	2.504	4.833	2.572	2.566
65.440	R1	2.359	2.359	4.459	2.525	2.570	2.393	2.492	4.868	2.579	2.568
65.480	R1	2.400	2.467	4.437	2.706	2.508	2.372	2.454	4.868	2.592	2.558
65.520	R1	2.513	2.513	4.663	2.535	2.602	2.367	2.440	4.869	2.590	2.564
65.560	R1	2.427	2.510	4.560	2.732	2.625	2.371	2.443	4.867	2.590	2.562
65.600	R1	2.234	2.234	4.773	2.493	2.485	2.372	2.425	4.872	2.592	2.561
65.640	R1	2.513	2.528	4.921	2.701	2.821	2.370	2.423	4.858	2.585	2.577
65.680	R1	2.348	2.415	4.329	2.742	2.619	2.372	2.420	4.841	2.593	2.586
65.720	R1	2.376	2.376	5.139	2.454	2.572	2.368	2.416	4.815	2.602	2.583
65.760	R1	2.272	2.272	4.483	2.539	2.604	2.364	2.400	4.770	2.604	2.604
65.800	R1	2.284	2.433	5.318	2.548	2.501	2.363	2.396	4.761	2.610	2.613
65.840	R1	1.990	1.990	4.913	2.792	2.362	2.349	2.374	4.816	2.623	2.613
65.880	R1	2.380	2.380	4.990	2.598	2.643	2.352	2.378	4.856	2.627	2.606
65.920	R1	2.575	2.616	4.951	2.575	2.793	2.341	2.364	4.881	2.615	2.607
65.960	R1	2.366	2.366	5.205	2.657	2.440	2.340	2.369	4.913	2.616	2.613
66.000	R1	2.353	2.353	5.015	2.518	2.831	2.341	2.387	4.931	2.609	2.610
66.040	R1	2.374	2.444	5.027	2.677	2.675	2.353	2.412	4.937	2.611	2.613
66.080	R1	2.325	2.325	4.570	2.706	2.479	2.330	2.388	4.950	2.607	2.595
66.120	R1	2.264	2.264	4.403	2.582	2.959	2.339	2.412	4.986	2.603	2.603
66.160	R1	2.461	2.484	4.641	2.673	2.653	2.337	2.426	4.992	2.602	2.602
66.200	R1	2.158	2.158	5.526	2.699	2.516	2.347	2.453	5.019	2.612	2.601
66.240	R1	2.425	2.436	5.250	2.613	2.425	2.355	2.456	5.017	2.625	2.604
66.280	R1	2.175	2.175	4.934	2.462	2.542	2.377	2.478	5.020	2.614	2.612
66.320	R1	2.508	2.624	5.320	2.567	2.711	2.379	2.483	5.015	2.614	2.606
66.360	R1	2.445	2.869	4.911	2.590	2.567	2.360	2.462	5.024	2.628	2.595
66.400	R1	2.467	2.727	4.900	2.527	2.548	2.358	2.460	5.023	2.632	2.604
66.440	R1	2.048	2.048	5.185	2.611	2.459	2.346	2.448	5.050	2.653	2.589
66.480	R1	2.528	2.894	5.046	2.668	2.781	2.327	2.426	5.070	2.642	2.582
66.520	R1	2.349	2.665	5.254	2.437	2.544	2.336	2.435	5.097	2.632	2.592
66.560	R1	2.465	2.804	5.022	2.749	2.598	2.341	2.451	5.130	2.632	2.573
66.600	R1	2.451	2.496	5.271	2.804	2.552	2.335	2.444	5.173	2.625	2.572
66.640	R1	2.425	2.425	4.974	2.562	2.514	2.344	2.464	5.159	2.623	2.577
66.680	R1	2.410	2.484	4.894	2.601	2.524	2.342	2.470	5.173	2.625	2.589
66.720	R1	2.205	2.205	5.124	2.862	2.585	2.339	2.467	5.193	2.640	2.585
66.760	R1	2.326	2.326	5.198	2.740	2.625	2.334	2.461	5.192	2.639	2.585
66.800	R1	2.112	2.112	5.557	2.920	2.515	2.330	2.443	5.218	2.627	2.586
66.840	R1	1.996	1.996	5.418	2.476	2.543	2.329	2.428	5.214	2.636	2.594
66.880	R1	2.497	2.516	5.120	2.501	2.680	2.349	2.448	5.217	2.631	2.594
66.920	R1	2.364	2.583	5.061	2.575	2.588	2.346	2.429	5.221	2.622	2.590
66.960	R1	2.343	2.343	5.493	2.546	2.620	2.331	2.398	5.204	2.627	2.591
67.000	R1	2.350	2.546	5.247	2.644	2.611	2.324	2.374	5.209	2.624	2.584
67.040	R1	2.373	2.560	5.530	2.658	2.663	2.322	2.370	5.206	2.607	2.587
67.080	R1	2.115	2.115	5.329	2.755	2.467	2.321	2.372	5.224	2.599	2.589
67.120	R1	2.419	2.504	5.299	2.547	2.716	2.301	2.348	5.251	2.597	2.588
67.160	R1	2.360	2.506	5.434	2.360	2.596	2.311	2.358	5.269	2.591	2.581
67.200	R1	2.438	2.438	4.830	2.712	2.693	2.312	2.360	5.273	2.590	2.579
67.240	R1	2.448	2.448	5.242	2.510	2.465	2.320	2.367	5.246	2.569	2.580
67.280	R1	2.474	2.508	5.121	2.474	2.695	2.340	2.393	5.233	2.570	2.573
67.320	R1	2.040	2.040	4.910	2.544	2.569	2.343	2.402	5.239	2.576	2.583
67.360	R1	2.338	2.338	5.131	2.692	2.456	2.348	2.399	5.247	2.579	2.590
67.400	R1	2.403	2.403	5.206	2.462	2.607	2.357	2.407	5.236	2.595	2.588
67.440	R1	2.405	2.466	5.338	2.405	2.557	2.339	2.380	5.230	2.600	2.580
67.480	R1	2.010	2.010	5.436	2.551	2.504	2.342	2.379	5.188	2.605	2.575
67.520	R1	2.410	2.410	5.484	2.745	2.457	2.361	2.399	5.196	2.608	2.578
67.560	R1	2.356	2.356	5.270	2.723	2.571	2.335	2.369	5.197	2.609	2.570
67.600	R1	2.266	2.266	5.031	2.508	2.548	2.319	2.346	5.183	2.637	2.567
67.640	R1	2.392	2.504	5.153	2.486	2.392	2.304	2.332	5.208	2.636	2.557
67.680	R1	2.552	2.694	5.241	2.619	2.884	2.305	2.336	5.204	2.635	2.560
67.720	R1	2.478	2.526	5.215	2.632	2.719	2.297	2.326	5.189	2.641	2.561
67.760	R1	2.512	2.512	5.269	2.881	2.579	2.318	2.350	5.184	2.673	2.563
67.800	R1	2.000	2.000	5.130	2.728	2.455	2.318	2.350	5.177	2.687	2.588
67.840	R1	2.420	2.533	4.698	2.773	2.560	2.301	2.333	5.196	2.690	2.592
67.880	R1	2.491	2.530	5.480	2.799	2.539	2.298	2.327	5.180	2.728	2.587
67.920	R1	1.901	1.901	5.316	2.579	2.560	2.315	2.344	5.165	2.758	2.595
67.960	R1	2.042	2.042	5.161	2.924	2.519	2.296	2.325	5.137	2.849	2.609
68.000	R1	2.147	2.147	5.324	2.681	2.495	2.299	2.338	5.107	2.912	2.618
68.040	R1	2.461	2.527	5.166	2.496	2.528	2.291	2.329	5.105	3.002	2.623
68.080	R1	2.309	2.309	4.818	2.601	2.719	2.290	2.323	5.103	3.079	2.636
68.120	R1	2.477	2.533	4.805	3.169	2.612	2.255	2.280	5.113	3.191	2.623
68.160	R1	2.330	2.330	4.987	2.973	2.943	2.220	2.244	5.105	3.313	2.631
68.200	R1	2.065	2.065	5.598	2.536	2.689	2.201	2.224	5.094	3.423	2.630
68.240	R1	2.346	2.346	5.006	3.160	2.468	2.227	2.252	5.106	3.508	2.633
68.280	R1	2.340	2.340	5.155	3.137	2.656	2.219	2.259	5.146	3.617	2.630
68.320	R1	2.030	2.030	4.918	4.584	2.742	2.214	2.255	5.122	3.682	2.632
68.360	R1	2.426	2.623	4.661	3.972	2.742	2.206	2.248	5.122	3.728	2.633
68.400	R1	2.098	2.098	4.991	4.300	2.648	2.226	2.268	5.127	3.832	2.629
68.440	R1	2.367	2.367	5.112	4.044	2.665	2.238	2.283	5.120	3.942	2.632
68.480	R1	1.850	1.850	5.451	4.859	2.622	2.224	2.265	5.109	4.036	2.627
68.520	R1	1.797	1.797	5.048	5.072	2.872	2.231	2.275	5.121	4.128	2.616
68.560	R1	2.118	2.118	5.046	5.064	2.564	2.206	2.248	5.147	4.210	2.611
68.600	R1	2.522	2.547	5.387	4.435	2.522	2.209	2.265	5.168	4.314	2.591
68.640	R1	2.263	2.671	5.492	4.954	2.492	2.230	2.288	5.148	4.449	2.583
68.680	R1	2.382	2.465	5.004	4.091	2.587	2.235	2.293	5.152	4.543	2.608
68.720	R1	1.757	1.757	5.318	3.514	2.578	2.241	2.306	5.150	4.618	2.606
68.760	R1	2.425	2.445	5.252	4.991	2.425	2.259	2.324	5.161	4.619	2.602
68.800	R1	2.392	2.433	5.192	4.884	2.574	2.258	2.322	5.182	4.634	2.590
68.840	R1	2.183	2.183	4.931	4.371	2.422	2.255	2.320	5.190	4.673	2.587
68.880	R1	2.445	2.511	5.064	4.451	2.494	2.252	2.317	5.192	4.730	2.584
68.920	R1	1.993	1.993	5.335	4.816	2.510	2.260	2.325	5.172	4.686	2.585
68.960	R1	2.375	2.667	5.399	5.037	2.539	2.266	2.330	5.193	4.658	2.580
69.000	R1	2.480	2.509	5.199	5.243	2.529	2.269	2.334	5.226	4.645	2.585
69.040	R1	2.449	2.449	5.083	5.051	2.969	2.265	2.334	5.214	4.666	2.590
69.080	R1	2.470	2.612	5.125	4.622	2.616	2.265	2.313	5.206	4.650	2.607
69.120	R1	2.385	2.385	5.132	4.611	2.678	2.260	2.304	5.206	4.693	2.614
69.160	R1	2.400	2.588	5.081	4.274	2.496	2.293	2.347	5.204	4.782	2.614
69.200	R1	2.053	2.053	5.156	5.074	2.591	2.293	2.346	5.190	4.760	2.636
69.240	R1	2.303	2.303	5.146	5.183	2.600	2.294	2.346	5.199	4.761	2.648
69.280	R1	2.007	2.007	5.056	3.980	2.646	2.307	2.358	5.220	4.799	2.661
69.320	R1	1.907	1.907	5.470	4.521	2.779	2.302	2.350	5.231	4.836	2.666
69.360	R1	2.189	2.189	5.707	4.801	2.659	2.321	2.377	5.227	4.862	2.672
69.400	R1	2.444	2.547	5.137	4.849	2.618	2.325	2.368	5.235	4.875	2.681
69.440	R1	2.265	2.265	5.338	4.644	2.833	2.326	2.373	5.239	4.874	2.680
69.480	R1	2.282	2.282	4.997	4.952	2.734	2.303	2.351	5.252	4.850	2.660
69.520	R1	2.411	2.622	5.277	5.296	2.574	2.294	2.356	5.251	4.810	2.660
69.560	R1	2.417	2.417	4.986	4.549	2.869	2.292	2.356	5.249	4.807	2.651
69.600	R1	2.429	2.429	5.352	4.892	2.805	2.274	2.329	5.264	4.819	2.665
69.640	R1	2.435	2.435	5.352	5.142	2.679	2.286	2.343	5.270	4.806	2.669
69.680	R1	2.342	2.342	5.294	5.180	2.598	2.285	2.346	5.276	4.785	2.673
69.720	R1	2.381	2.537	5.254	5.342	2.639	2.302	2.365	5.289	4.832	2.675
69.760	R1	2.461	2.485	5.559	5.294	2.702	2.326	2.394	5.278	4.852	2.668
69.800	R1	2.492	2.613	5.276	5.233	2.521	2.335	2.408	5.250	4.855	2.669
69.840	R1	1.997	1.997	5.344	4.571	2.573	2.328	2.398	5.258	4.856	2.673
69.880	R1	2.273	2.722	5.108	3.821	2.613	2.332	2.408	5.251	4.872	2.660
69.920	R1	2.348	2.371	5.085	4.546	2.502	2.337	2.419	5.273	4.865	2.654
69.960	R1	2.054	2.054	5.384	4.519	2.774	2.330	2.400	5.272	4.826	2.661
