Tiempo	Replica	Distancia_Global	CYS1	TRP4	TRP5	TRP6	Distancia_Global_Smooth	CYS1_Smooth	TRP4_Smooth	TRP5_Smooth	TRP6_Smooth
0.000	R3	9.864	14.350	16.623	19.847	18.756	11.624	17.892	17.569	20.146	14.703
0.040	R3	12.982	18.678	18.100	21.288	15.971	11.732	18.177	17.854	20.417	15.110
0.080	R3	13.780	20.405	16.008	20.328	13.780	12.115	18.307	18.179	20.734	15.711
0.120	R3	11.395	15.236	15.702	18.133	15.502	12.564	18.470	18.280	20.926	16.157
0.160	R3	11.409	17.477	16.860	19.571	13.400	12.945	18.690	18.499	21.174	16.578
0.200	R3	10.221	17.953	18.612	19.596	10.720	13.048	18.654	18.517	21.217	16.767
0.240	R3	11.251	20.144	17.933	19.907	11.251	13.339	18.717	18.489	21.280	16.904
0.280	R3	11.411	17.538	17.663	19.612	13.708	13.503	18.835	18.491	21.323	16.919
0.320	R3	10.623	16.472	17.130	19.454	14.768	13.668	18.943	18.443	21.324	16.940
0.360	R3	13.305	20.665	21.054	23.722	19.169	13.761	19.096	18.633	21.476	16.981
0.400	R3	12.810	21.034	20.710	23.130	19.189	13.819	19.239	18.862	21.615	17.044
0.440	R3	16.325	19.730	21.751	24.226	22.320	14.109	19.658	19.177	21.853	17.022
0.480	R3	17.951	20.431	19.494	23.230	21.506	14.167	19.826	19.388	21.946	17.057
0.520	R3	17.906	21.545	21.344	24.398	22.056	14.316	19.824	19.758	22.134	17.305
0.560	R3	14.480	18.146	18.775	21.820	19.414	14.480	19.980	20.012	22.226	17.313
0.600	R3	17.707	19.664	18.063	22.217	18.955	14.595	20.100	20.242	22.196	17.460
0.640	R3	16.134	20.735	18.532	22.020	17.154	14.703	20.258	20.402	22.114	17.542
0.680	R3	16.469	20.764	17.619	21.343	17.300	14.808	20.331	20.586	22.117	17.704
0.720	R3	15.437	21.855	22.062	24.211	17.716	14.883	20.577	20.810	22.029	17.664
0.760	R3	14.922	21.954	23.197	24.255	18.238	14.983	20.981	21.131	21.951	17.557
0.800	R3	15.662	22.726	22.937	24.605	18.325	14.956	21.174	21.283	21.540	17.236
0.840	R3	14.144	22.039	22.320	23.149	16.670	14.976	21.305	21.430	21.138	16.938
0.880	R3	16.766	20.365	23.409	24.073	18.729	14.710	21.196	21.332	20.493	16.372
0.920	R3	14.670	18.369	20.777	19.972	15.671	14.497	20.960	21.301	20.028	16.062
0.960	R3	13.707	19.879	21.459	18.988	16.331	14.312	20.744	21.118	19.518	15.840
1.000	R3	12.373	21.102	21.818	17.950	12.373	14.286	20.811	21.244	19.125	15.663
1.040	R3	13.349	21.615	21.610	19.961	14.478	14.046	20.996	21.514	18.754	15.360
1.080	R3	12.913	22.449	22.142	17.853	12.913	13.756	21.059	21.708	18.354	15.020
1.120	R3	12.622	24.557	23.540	17.903	12.622	13.494	21.146	21.943	18.066	14.716
1.160	R3	12.762	24.531	24.099	15.503	12.762	13.394	21.018	21.926	17.603	14.512
1.200	R3	13.226	23.650	23.663	15.081	13.226	13.380	20.750	21.871	17.242	14.445
1.240	R3	11.003	17.553	19.773	11.331	11.003	13.446	20.631	21.935	17.079	14.477
1.280	R3	13.696	15.703	18.889	13.926	15.312	13.641	20.724	22.129	17.000	14.625
1.320	R3	14.191	17.220	17.668	14.191	17.599	13.571	20.840	21.727	16.886	14.895
1.360	R3	13.965	19.493	21.305	13.965	15.879	13.598	21.227	21.448	17.007	15.275
1.400	R3	12.906	23.364	23.469	14.807	12.906	13.575	21.569	21.037	17.060	15.437
1.440	R3	10.341	21.989	22.403	14.013	10.341	13.684	21.558	20.675	17.015	15.878
1.480	R3	11.215	22.499	22.327	15.573	11.215	13.779	21.588	20.356	17.119	16.339
1.520	R3	13.451	19.309	21.709	14.956	13.647	13.989	21.402	20.105	17.279	16.901
1.560	R3	14.634	16.597	22.113	17.047	16.893	14.165	21.200	19.890	17.489	17.569
1.600	R3	16.983	20.341	24.210	21.328	18.963	14.390	21.100	19.681	17.784	18.241
1.640	R3	18.044	23.890	26.193	21.584	19.644	14.604	21.087	19.471	17.981	18.831
1.680	R3	15.371	22.694	15.371	21.795	24.112	14.874	21.546	19.302	18.316	19.420
1.720	R3	15.201	26.106	15.201	22.383	23.271	14.830	22.080	18.998	18.465	19.712
1.760	R3	13.248	26.721	13.248	20.042	19.580	14.892	22.339	18.887	18.570	19.943
1.800	R3	14.565	20.870	14.565	17.063	21.196	14.919	22.298	18.547	18.728	20.192
1.840	R3	15.241	22.232	15.241	22.036	23.688	14.907	21.964	18.007	18.817	20.582
1.880	R3	17.106	18.716	17.106	21.046	24.148	14.649	21.670	17.145	18.648	20.819
1.920	R3	16.144	20.526	19.239	22.108	25.992	14.353	21.299	16.294	18.439	21.004
1.960	R3	17.261	22.517	19.920	21.394	26.204	13.942	21.144	15.470	18.286	20.920
2.000	R3	17.519	23.405	19.471	19.022	25.027	13.444	21.085	14.598	18.004	20.677
2.040	R3	16.392	26.728	16.392	18.046	22.786	12.851	20.923	13.644	17.510	20.266
2.080	R3	12.813	26.384	12.813	16.898	21.152	12.358	20.748	12.743	17.031	19.753
2.120	R3	15.436	22.403	15.436	16.283	22.224	11.858	20.602	12.371	16.557	18.816
2.160	R3	14.506	18.664	14.506	17.131	20.858	11.363	20.223	12.123	15.925	17.918
2.200	R3	12.676	16.696	12.676	16.594	20.696	10.969	19.725	12.032	15.204	17.207
2.240	R3	5.172	16.097	5.172	10.634	15.078	10.583	19.588	11.711	14.798	16.489
2.280	R3	5.299	15.085	5.299	11.391	14.920	10.146	19.375	11.338	14.022	15.633
2.320	R3	5.236	16.214	5.236	11.886	11.968	9.557	19.200	11.005	13.236	14.721
2.360	R3	4.659	15.402	4.659	11.419	12.043	8.995	19.000	10.437	12.376	13.783
2.400	R3	5.129	17.107	5.129	11.453	10.731	8.353	18.734	9.770	11.527	12.877
2.440	R3	8.185	20.393	8.185	11.993	9.389	7.711	18.535	9.165	10.810	12.147
2.480	R3	5.363	19.772	7.926	12.328	5.363	7.255	18.184	8.761	10.272	11.692
2.520	R3	5.318	18.526	10.248	9.726	5.318	7.130	17.990	8.698	9.942	11.426
2.560	R3	5.355	16.764	11.421	5.634	5.355	6.979	18.015	8.643	9.749	11.105
2.600	R3	6.842	18.136	8.147	8.947	6.842	6.845	18.275	8.602	9.483	10.669
2.640	R3	6.510	17.954	7.773	6.510	6.573	6.574	18.622	8.493	9.016	10.173
2.680	R3	5.323	15.227	10.449	5.323	5.894	6.547	18.724	8.730	8.716	9.899
2.720	R3	4.913	16.525	7.888	4.913	7.237	6.542	18.935	8.986	8.407	9.598
2.760	R3	4.411	17.207	6.582	4.411	8.085	6.523	19.073	9.134	8.055	9.382
2.800	R3	4.682	19.418	7.370	4.682	10.428	6.629	19.109	9.350	7.823	9.158
2.840	R3	7.279	19.713	8.299	7.279	13.686	6.659	18.898	9.474	7.537	8.992
2.880	R3	10.311	22.506	11.564	10.311	15.839	6.642	18.628	9.457	7.352	9.082
2.920	R3	12.416	22.887	14.328	12.416	15.806	6.740	18.393	9.427	7.408	9.593
2.960	R3	11.820	23.866	13.696	11.820	12.129	6.884	17.986	9.325	7.560	10.065
3.000	R3	7.251	23.652	10.491	7.251	10.785	7.042	17.699	9.180	7.930	10.531
3.040	R3	4.629	18.127	9.914	4.629	9.591	7.215	17.322	9.287	8.154	11.051
3.080	R3	5.212	19.314	10.416	5.212	8.907	7.360	17.149	9.368	8.549	11.517
3.120	R3	4.844	18.973	8.203	4.844	7.647	7.519	17.040	9.271	8.938	11.977
3.160	R3	6.786	16.123	8.977	6.786	7.556	7.661	17.008	9.265	9.395	12.465
3.200	R3	5.723	12.869	7.600	5.723	7.414	8.000	17.081	9.495	9.918	12.964
3.240	R3	7.848	14.996	7.848	8.296	11.180	8.391	16.949	9.752	10.526	13.404
3.280	R3	7.332	15.080	7.332	13.450	15.586	8.515	16.771	9.825	11.021	13.725
3.320	R3	8.202	10.386	8.202	12.760	14.753	8.388	16.480	9.635	11.114	13.749
3.360	R3	8.517	11.023	8.517	13.038	14.684	8.162	15.967	9.314	11.237	13.831
3.400	R3	10.291	10.598	10.291	13.432	17.234	7.967	15.480	9.025	11.381	14.123
3.440	R3	9.403	14.500	9.403	14.409	15.899	7.846	15.011	8.742	11.458	14.266
3.480	R3	8.504	13.044	8.504	13.099	15.093	7.879	14.752	8.510	11.730	14.468
3.520	R3	7.761	15.876	7.761	14.045	17.003	7.908	14.664	8.279	11.855	14.575
3.560	R3	11.185	18.660	11.185	14.871	18.067	7.946	14.617	8.149	12.034	14.798
3.600	R3	12.503	16.784	12.503	16.851	19.230	7.926	14.785	8.020	12.080	15.085
3.640	R3	9.758	16.150	9.758	17.184	20.104	7.895	15.003	7.895	12.133	15.342
3.680	R3	7.780	16.699	7.780	12.165	16.319	7.795	14.951	7.795	12.280	15.479
3.720	R3	7.894	12.612	7.894	14.872	17.430	7.763	14.783	7.905	12.256	15.448
3.760	R3	7.919	14.143	7.919	14.704	17.979	7.894	15.180	8.036	12.402	15.612
3.800	R3	4.834	14.256	4.834	8.791	13.653	7.947	15.295	8.116	12.512	15.800
3.840	R3	5.282	12.950	5.282	10.077	13.614	7.802	15.570	7.971	12.513	15.791
3.880	R3	5.793	17.559	5.793	7.699	11.058	7.665	15.531	7.834	12.364	15.770
3.920	R3	5.597	18.031	5.597	8.435	12.104	7.800	15.846	7.969	12.309	15.825
3.960	R3	6.397	19.483	6.397	7.696	13.304	7.800	15.938	7.987	11.995	15.606
4.000	R3	5.093	17.234	5.093	6.784	12.542	7.627	15.975	7.965	11.637	15.367
4.040	R3	5.848	13.959	5.848	11.248	13.926	7.469	16.060	7.962	11.262	15.153
4.080	R3	6.695	11.719	9.543	12.953	14.955	7.536	16.139	8.080	10.958	14.919
4.120	R3	10.824	18.315	10.824	15.678	18.044	7.697	16.109	8.634	10.900	14.931
4.160	R3	9.581	13.338	10.119	15.239	18.439	7.835	16.228	9.109	10.689	14.792
4.200	R3	7.384	16.093	7.384	13.469	17.056	8.067	16.494	9.638	10.581	14.702
4.240	R3	6.671	13.708	6.671	11.420	15.476	8.476	16.692	10.252	10.816	14.930
4.280	R3	11.203	19.352	11.203	12.002	16.187	8.762	17.156	10.828	10.862	15.086
4.320	R3	7.757	17.710	8.103	7.757	12.626	9.010	17.287	11.076	11.064	15.316
4.360	R3	7.725	19.404	10.746	7.725	13.288	9.167	17.498	11.512	11.079	15.377
4.400	R3	9.343	18.487	12.456	9.343	14.952	9.338	17.539	11.684	11.186	15.479
4.440	R3	11.097	17.731	12.117	11.097	15.435	9.504	17.700	11.851	11.440	15.544
4.480	R3	11.007	16.099	18.850	11.007	16.554	9.649	17.806	12.052	11.315	15.386
4.520	R3	10.658	14.995	17.401	10.658	14.657	9.865	18.023	12.126	11.278	15.333
4.560	R3	12.548	19.467	18.490	12.548	16.174	9.743	18.091	12.186	10.914	15.096
4.600	R3	13.021	18.215	17.131	13.493	18.211	9.729	18.344	12.347	10.616	14.949
4.640	R3	10.996	22.221	16.800	10.996	16.740	9.925	18.331	12.749	10.547	14.935
4.680	R3	10.747	20.186	10.747	11.742	15.655	10.105	18.358	13.242	10.670	15.067
4.720	R3	8.736	22.237	14.325	8.736	13.326	10.139	18.206	13.547	10.702	15.133
4.760	R3	9.819	20.309	9.828	9.819	15.344	10.227	17.983	13.941	10.947	15.367
4.800	R3	8.427	20.448	8.427	11.872	13.830	10.378	17.958	14.247	11.351	15.710
4.840	R3	8.742	16.077	9.877	8.742	10.767	10.536	17.964	14.389	11.760	16.018
4.880	R3	11.011	16.078	11.011	12.220	13.905	10.535	17.733	14.573	12.130	16.331
4.920	R3	8.396	19.662	12.037	8.396	13.301	10.598	17.545	14.401	12.521	16.589
4.960	R3	9.285	18.401	13.329	9.285	15.491	10.486	17.216	14.322	12.867	16.864
5.000	R3	11.303	15.837	15.424	12.089	16.783	10.245	16.629	14.221	13.176	17.104
5.040	R3	10.287	14.245	16.545	13.883	18.121	9.936	16.061	14.138	13.437	17.204
5.080	R3	11.868	16.317	17.286	12.628	17.499	9.708	15.271	14.031	13.813	17.350
5.120	R3	9.530	13.237	15.994	12.659	17.298	9.430	14.674	14.159	14.039	17.491
5.160	R3	10.735	18.913	16.857	15.803	20.146	9.318	14.053	14.222	14.508	17.839
5.200	R3	12.502	18.610	15.300	17.536	21.117	9.072	13.392	14.364	14.789	17.978
5.240	R3	11.091	13.099	15.795	18.480	21.705	8.911	12.785	14.625	15.048	18.163
5.280	R3	12.264	12.347	15.413	18.840	21.710	8.724	12.350	14.754	15.420	18.473
5.320	R3	8.418	8.418	15.832	17.577	20.154	8.454	11.979	14.892	15.626	18.674
5.360	R3	7.731	7.731	16.453	18.716	20.985	8.395	11.448	15.099	16.024	19.014
5.400	R3	6.837	6.837	15.473	18.723	20.195	8.363	10.961	15.286	16.479	19.325
5.440	R3	6.429	6.429	14.665	18.523	19.670	8.390	10.762	15.397	16.756	19.620
5.480	R3	5.180	8.249	13.301	16.243	18.478	8.506	10.679	15.582	17.161	19.974
5.520	R3	6.499	9.805	15.591	18.135	20.272	8.322	10.273	15.377	17.365	20.081
5.560	R3	4.895	7.092	12.661	15.422	18.128	8.302	10.067	15.246	17.544	20.194
5.600	R3	5.214	8.320	13.645	17.062	17.528	8.169	9.526	15.065	17.522	20.131
5.640	R3	5.008	7.364	12.476	16.181	16.974	7.971	9.022	14.929	17.410	20.010
5.680	R3	5.603	8.659	13.768	16.338	17.930	7.946	8.896	14.834	17.304	19.896
5.720	R3	7.211	9.054	16.175	16.357	20.095	7.693	8.640	14.648	17.141	19.718
5.760	R3	8.651	8.651	17.067	18.394	21.710	7.616	8.562	14.396	16.812	19.513
5.800	R3	11.852	11.852	17.635	17.626	22.676	7.547	8.493	14.133	16.471	19.269
5.840	R3	12.598	12.598	20.254	21.971	25.203	7.648	8.594	14.033	16.136	19.109
5.880	R3	8.187	8.187	13.182	16.706	19.636	7.686	8.632	13.919	15.899	19.009
5.920	R3	9.124	9.124	13.376	16.256	19.572	8.027	8.820	13.868	15.816	19.001
5.960	R3	8.085	8.085	13.232	15.348	18.892	8.222	8.850	13.753	15.633	18.909
6.000	R3	8.532	8.532	12.590	15.299	18.682	8.436	8.954	13.890	15.814	19.042
6.040	R3	10.594	10.594	13.896	16.362	19.430	8.649	9.012	13.735	15.777	19.049
6.080	R3	7.212	7.212	11.683	15.578	18.148	8.841	9.106	13.620	15.796	19.019
6.120	R3	6.870	6.870	10.793	11.008	16.049	8.968	9.079	13.494	15.747	18.964
6.160	R3	6.354	6.354	11.198	11.880	16.117	9.228	9.397	13.384	15.807	18.919
6.200	R3	8.851	8.851	13.467	12.030	16.989	9.323	9.694	13.059	15.700	18.691
6.240	R3	7.194	7.194	12.389	13.793	17.669	9.258	9.707	12.705	15.495	18.401
6.280	R3	12.007	12.007	12.284	14.582	18.326	9.048	9.551	12.112	15.021	17.754
6.320	R3	10.401	10.401	13.283	14.475	18.430	8.925	9.428	11.877	14.817	17.347
6.360	R3	9.167	9.167	15.405	19.026	20.780	8.709	9.211	11.561	14.639	16.927
6.400	R3	9.475	9.475	10.538	16.323	17.667	8.545	9.048	11.195	14.458	16.480
6.440	R3	8.855	9.246	10.190	16.577	16.377	8.429	8.932	10.996	14.368	16.054
6.480	R3	8.132	8.132	11.248	15.358	16.830	8.235	8.893	10.783	14.077	15.418
6.520	R3	12.412	15.397	13.972	17.557	19.195	8.118	9.060	10.578	13.766	14.754
6.560	R3	10.559	14.599	10.559	16.256	17.162	8.022	9.271	10.425	13.631	14.199
6.600	R3	10.553	12.110	10.553	13.514	16.864	7.944	9.502	10.172	13.456	13.633
6.640	R3	8.402	9.484	8.402	12.498	12.274	7.718	9.757	9.949	13.296	13.000
6.680	R3	5.727	5.727	8.485	12.619	11.482	7.733	10.174	9.826	13.368	12.492
6.720	R3	4.790	4.790	7.045	12.693	11.169	7.522	10.304	9.743	13.369	11.964
6.760	R3	4.814	4.814	5.923	11.739	9.970	7.526	10.600	9.768	13.608	11.567
6.800	R3	6.209	6.209	8.615	13.487	10.145	7.469	10.829	9.610	13.439	10.930
6.840	R3	6.714	9.815	9.633	10.544	6.714	7.408	10.976	9.796	13.482	10.458
6.880	R3	4.869	10.561	7.577	9.368	4.869	7.473	11.220	10.061	13.602	10.148
6.920	R3	4.948	11.092	7.733	8.300	4.948	7.753	11.541	10.462	13.710	9.992
6.960	R3	4.809	10.973	6.134	8.381	4.809	7.721	11.360	10.640	13.798	9.821
7.000	R3	4.325	13.951	9.012	8.840	4.325	7.775	11.283	11.009	13.937	9.663
7.040	R3	7.499	15.527	9.918	15.235	7.499	7.797	11.227	11.392	14.016	9.533
7.080	R3	7.778	14.600	10.636	14.598	7.778	8.013	11.407	11.818	14.212	9.566
7.120	R3	10.488	16.332	13.780	19.240	10.488	8.288	11.828	12.188	14.362	9.765
7.160	R3	8.030	13.749	12.245	15.655	8.030	8.521	12.339	12.558	14.523	10.026
7.200	R3	8.237	12.416	14.267	17.188	8.237	8.832	12.883	13.108	14.832	10.464
7.240	R3	10.164	14.120	15.472	18.974	10.164	8.986	13.366	13.522	15.199	10.900
7.280	R3	13.725	14.551	19.279	17.521	13.725	9.201	13.673	13.980	15.795	11.757
7.320	R3	11.783	11.783	17.522	19.304	15.771	9.588	14.039	14.616	16.544	12.690
7.360	R3	11.642	13.052	17.938	19.053	13.994	10.049	14.494	15.256	17.362	13.753
7.400	R3	10.993	10.993	18.218	15.085	14.271	10.482	14.798	15.986	18.140	14.798
7.440	R3	12.718	13.089	16.924	16.409	12.924	10.926	15.030	16.612	18.977	15.934
7.480	R3	11.232	14.141	15.880	15.627	15.459	11.148	15.061	17.122	19.420	16.897
7.520	R3	9.452	15.018	14.457	15.913	16.398	11.323	15.005	17.555	19.850	17.795
7.560	R3	11.024	15.697	16.908	17.912	18.722	11.368	14.910	17.814	20.002	18.537
7.600	R3	9.285	15.859	16.912	20.837	18.875	11.612	15.215	18.227	20.280	19.514
7.640	R3	11.023	15.961	18.794	22.453	23.860	11.833	15.462	18.550	20.534	20.420
7.680	R3	12.614	17.884	20.278	24.361	23.514	11.915	15.728	18.722	20.600	21.218
7.720	R3	14.155	20.191	20.541	24.649	26.219	11.764	15.976	18.714	20.721	21.748
7.760	R3	13.479	17.042	20.728	23.953	25.696	11.721	16.384	18.781	20.754	22.090
7.800	R3	13.203	18.599	21.546	25.568	27.055	11.796	16.677	18.890	20.817	22.488
7.840	R3	11.932	16.140	20.114	24.100	26.756	11.803	16.953	18.893	21.178	22.671
7.880	R3	11.277	13.485	19.293	23.204	25.741	11.573	16.878	18.760	21.225	22.822
7.920	R3	11.382	14.431	18.972	22.275	25.329	11.418	16.742	18.772	21.432	22.628
7.960	R3	12.910	19.854	20.488	21.207	27.571	11.529	16.656	18.978	21.732	22.535
8.000	R3	12.672	17.355	20.726	22.282	26.362	11.693	16.703	19.198	22.064	22.477
8.040	R3	11.789	19.445	18.912	20.296	26.113	12.006	16.866	19.463	22.286	22.483
8.080	R3	10.723	19.501	19.130	19.928	24.319	12.397	17.188	19.685	22.497	22.231
8.120	R3	10.918	19.937	18.865	19.977	22.627	12.705	17.579	19.917	22.688	21.994
8.160	R3	13.131	18.917	20.118	20.307	21.952	12.898	17.767	20.085	22.752	21.637
8.200	R3	11.140	16.506	18.264	22.296	17.929	12.903	18.013	20.019	22.737	21.032
8.240	R3	8.125	11.595	14.269	17.350	15.938	12.891	18.379	20.034	22.608	20.327
8.280	R3	8.133	11.415	16.129	19.767	11.591	13.160	18.690	20.144	22.664	19.854
8.320	R3	11.670	13.296	18.579	21.923	14.525	13.424	19.188	20.366	22.777	19.395
8.360	R3	14.293	16.656	21.297	24.548	17.568	13.786	19.707	20.616	22.982	19.060
8.400	R3	15.559	19.100	22.213	25.276	18.990	13.926	19.734	20.603	23.024	18.570
8.440	R3	18.826	22.413	23.238	26.682	18.826	14.062	19.862	20.606	23.109	18.355
8.480	R3	18.774	25.705	24.927	28.176	18.774	14.154	19.877	20.692	23.196	17.997
8.520	R3	18.021	23.954	23.899	25.934	19.078	14.301	19.660	20.711	23.209	17.654
8.560	R3	13.589	21.957	19.411	23.638	13.589	14.324	19.232	20.666	23.213	17.142
8.600	R3	12.953	25.921	21.841	22.996	12.953	14.184	18.862	20.567	23.251	16.671
8.640	R3	17.312	22.351	22.305	25.225	17.312	14.001	18.448	20.442	22.950	16.149
8.680	R3	16.553	23.443	23.733	25.452	16.553	13.978	18.348	20.478	22.806	15.735
8.720	R3	18.636	24.825	23.967	26.385	18.636	13.951	18.300	20.395	22.573	15.693
8.760	R3	15.710	20.390	20.228	22.044	17.771	13.862	18.336	20.138	22.073	15.494
8.800	R3	15.380	19.915	20.793	23.980	22.060	13.579	17.969	19.858	21.801	15.212
8.840	R3	13.636	19.751	20.641	22.039	18.952	13.353	17.565	19.580	21.546	14.938
8.880	R3	13.660	15.155	19.496	20.182	17.464	12.960	16.993	19.318	21.306	14.773
8.920	R3	11.387	11.387	17.982	20.061	12.377	12.599	16.286	18.997	20.957	14.636
8.960	R3	10.323	11.509	18.138	21.060	12.537	12.229	15.618	18.699	20.682	14.462
9.000	R3	7.487	8.216	15.753	16.270	7.487	12.192	15.164	18.644	20.620	14.692
9.040	R3	7.656	9.602	14.999	14.475	7.656	12.258	14.648	18.362	20.510	14.941
9.080	R3	7.602	10.454	14.466	15.120	10.747	11.977	14.122	18.089	20.303	14.839
9.120	R3	9.874	14.009	13.427	11.915	10.540	11.666	13.589	17.753	20.085	14.854
9.160	R3	8.646	9.318	15.703	19.104	11.934	11.364	12.978	17.511	19.892	14.753
9.200	R3	11.030	11.030	16.651	20.186	13.520	11.154	12.534	17.429	19.876	14.635
9.240	R3	10.965	10.965	18.008	21.876	15.522	10.982	12.135	17.316	19.736	14.405
9.280	R3	11.560	11.560	18.492	21.191	16.027	10.874	11.722	17.295	19.802	14.501
9.320	R3	10.609	10.609	17.949	20.433	15.611	10.664	11.437	17.201	19.824	14.618
9.360	R3	12.866	12.866	18.308	22.408	18.174	10.462	11.235	17.116	19.710	15.105
9.400	R3	14.266	15.600	16.203	20.796	17.935	10.297	11.010	17.041	19.598	15.475
9.440	R3	11.690	11.844	16.842	21.074	15.270	10.309	10.986	17.055	19.728	16.202
9.480	R3	10.327	12.778	17.016	21.107	16.852	10.362	10.942	17.237	19.992	17.019
9.520	R3	12.598	12.598	19.131	22.521	16.632	10.436	10.873	17.418	20.255	17.630
9.560	R3	11.510	11.510	18.575	21.729	15.399	10.448	10.678	17.703	20.710	18.194
9.600	R3	11.944	11.944	18.549	21.164	17.465	10.548	10.745	17.886	20.922	18.647
9.640	R3	11.480	11.480	20.212	23.367	20.860	10.690	10.887	17.953	21.033	19.069
9.680	R3	9.460	9.460	17.612	20.618	19.811	10.790	10.987	17.984	21.137	19.473
9.720	R3	7.341	7.341	16.285	17.788	22.120	11.000	11.197	18.239	21.430	20.030
9.760	R3	7.025	7.025	16.645	18.828	19.932	11.207	11.404	18.439	21.723	20.710
9.800	R3	7.727	7.727	16.035	18.869	22.032	11.439	11.636	18.513	21.844	21.041
9.840	R3	8.724	8.724	18.636	19.738	23.994	11.416	11.546	18.664	21.995	21.444
9.880	R3	9.081	9.081	18.079	20.394	22.962	11.463	11.586	18.821	22.163	22.045
9.920	R3	10.107	10.107	19.122	21.018	21.822	11.710	11.710	19.189	22.457	22.685
9.960	R3	10.648	10.648	19.364	23.326	21.008	11.993	11.993	19.360	22.696	23.353
10.000	R3	13.863	13.863	18.007	22.418	21.945	12.401	12.504	19.508	22.925	23.897
10.040	R3	12.974	12.974	18.621	23.958	23.615	12.739	12.842	19.669	23.177	24.385
10.080	R3	15.764	15.764	23.583	27.046	27.156	13.207	13.446	19.701	23.345	24.525
10.120	R3	14.741	14.741	21.949	26.286	29.218	13.689	14.103	19.775	23.580	24.727
10.160	R3	17.503	17.503	19.793	24.844	24.794	14.221	14.914	19.860	23.835	24.624
10.200	R3	13.804	13.804	19.217	23.803	25.988	14.809	15.727	20.003	24.112	24.567
10.240	R3	12.645	12.645	19.991	24.434	27.303	15.384	16.468	20.242	24.461	24.427
10.280	R3	15.258	15.258	24.383	26.987	29.634	15.837	16.921	20.349	24.704	24.134
10.320	R3	18.256	18.256	22.553	27.299	29.996	16.276	17.359	20.455	24.932	23.940
10.360	R3	19.683	21.734	21.523	26.310	26.277	16.642	17.726	20.492	25.066	23.782
10.400	R3	18.700	18.700	21.778	26.217	27.226	17.205	18.366	20.709	25.282	23.827
10.440	R3	20.837	23.568	20.837	26.710	23.669	17.628	18.994	20.924	25.582	23.924
10.480	R3	19.099	22.601	19.099	25.324	23.841	18.207	19.778	21.258	25.872	23.971
10.520	R3	17.980	23.559	17.980	22.894	20.070	18.516	20.506	21.280	25.893	23.710
10.560	R3	18.794	23.283	19.504	24.371	18.794	18.891	21.440	21.383	25.945	23.361
10.600	R3	19.225	22.549	20.812	25.844	19.225	19.102	22.192	21.612	26.096	23.208
10.640	R3	17.775	17.775	20.787	24.595	18.140	19.538	23.150	21.939	26.346	23.034
10.680	R3	17.855	17.855	20.203	24.958	19.079	20.025	24.289	22.157	26.514	22.788
10.720	R3	17.445	17.445	19.856	23.691	18.668	20.188	25.009	21.994	26.389	22.233
10.760	R3	21.901	23.436	23.700	27.653	21.901	20.209	25.701	21.950	26.133	21.667
10.800	R3	22.316	26.440	22.316	28.420	23.880	20.071	26.047	21.863	25.888	21.200
10.840	R3	24.566	28.639	25.294	29.759	24.566	19.932	26.398	21.686	25.627	20.634
10.880	R3	21.940	30.321	24.025	27.454	21.940	19.533	26.425	21.465	25.200	20.093
10.920	R3	22.238	33.432	23.999	27.331	22.238	19.139	26.537	21.213	24.714	19.462
10.960	R3	21.730	32.535	24.373	27.870	21.730	18.913	26.626	21.083	24.408	19.132
11.000	R3	22.510	32.967	25.771	28.804	22.510	18.715	26.955	21.054	24.103	18.933
11.040	R3	22.386	35.436	24.352	27.782	22.386	18.447	27.344	20.964	23.733	18.665
11.080	R3	18.524	29.656	21.119	24.499	18.524	18.138	27.694	20.650	23.356	18.339
11.120	R3	18.668	32.098	21.681	22.166	18.668	17.813	28.072	20.360	22.925	17.952
11.160	R3	16.938	28.644	19.764	21.416	16.938	17.527	28.514	20.096	22.610	17.605
11.200	R3	15.917	25.730	18.244	20.997	15.917	17.111	28.634	19.609	22.141	17.189
11.240	R3	12.848	24.105	16.422	18.168	12.848	16.615	28.630	19.147	21.598	16.615
11.280	R3	11.217	24.843	14.065	15.608	11.217	16.033	28.507	18.604	20.985	16.033
11.320	R3	13.470	25.325	15.364	16.773	13.470	15.609	28.520	18.255	20.485	15.609
11.360	R3	14.821	29.875	18.936	18.263	14.821	15.088	28.240	17.880	19.883	15.088
11.400	R3	13.865	30.321	19.002	18.445	13.865	14.534	28.000	17.374	19.221	14.534
11.440	R3	11.606	24.768	14.518	17.071	11.606	13.992	27.734	16.891	18.484	13.992
11.480	R3	11.351	25.420	14.408	16.328	11.351	13.199	27.137	16.149	17.651	13.199
11.520	R3	11.718	26.290	14.571	17.387	11.718	12.712	26.814	15.694	16.963	12.712
11.560	R3	13.587	25.835	13.950	18.280	13.587	12.387	26.336	15.218	16.492	12.387
11.600	R3	12.404	26.364	13.087	17.551	12.404	12.195	26.132	14.885	16.200	12.231
11.640	R3	12.930	26.169	14.435	17.518	12.930	11.971	25.945	14.819	15.812	12.007
11.680	R3	13.458	30.584	17.036	17.439	13.458	11.940	25.829	14.805	15.589	11.976
11.720	R3	11.810	27.844	16.501	15.288	11.810	11.876	25.659	14.598	15.395	12.002
11.760	R3	10.652	27.736	14.251	14.646	10.652	11.640	25.566	14.268	15.223	11.822
11.800	R3	11.670	27.640	16.104	14.047	11.670	11.168	24.962	13.590	14.695	11.444
11.840	R3	6.519	23.494	9.530	11.131	6.519	10.721	24.355	12.985	14.197	10.998
11.880	R3	8.782	23.191	12.002	10.744	8.782	10.404	23.906	12.723	13.701	10.680
11.920	R3	12.169	22.542	12.169	12.738	12.181	10.088	23.407	12.537	13.221	10.365
11.960	R3	13.106	24.557	13.106	15.573	13.818	9.762	22.975	12.127	12.707	10.038
12.000	R3	11.435	21.993	16.923	13.244	11.435	9.333	22.551	12.035	12.155	9.610
12.040	R3	12.222	21.779	16.136	13.710	12.222	8.959	22.178	11.864	11.690	9.236
12.080	R3	9.939	21.456	9.939	11.713	11.740	8.660	21.951	11.719	11.174	8.936
12.120	R3	8.756	23.456	8.756	13.334	9.867	8.452	21.471	11.601	10.777	8.729
12.160	R3	5.370	17.798	5.370	7.703	7.265	8.260	21.093	11.514	10.411	8.596
12.200	R3	4.940	18.192	6.907	8.488	4.940	8.025	20.669	11.532	9.977	8.646
12.240	R3	5.253	15.779	9.286	7.149	5.253	7.970	20.406	11.560	9.803	8.606
12.280	R3	5.043	15.438	10.678	6.737	5.043	8.054	20.196	11.915	9.656	8.864
12.320	R3	5.185	17.653	6.384	7.104	5.185	8.049	19.791	12.150	9.553	9.009
12.360	R3	5.018	17.349	12.105	7.237	5.018	7.909	19.615	12.354	9.385	9.130
12.400	R3	4.924	18.903	9.670	8.266	4.924	7.759	19.167	12.489	9.176	9.182
12.440	R3	6.939	21.646	11.523	7.196	6.939	7.682	18.917	12.431	9.011	9.276
12.480	R3	9.310	20.983	14.675	9.502	9.310	7.478	18.490	12.328	8.733	9.149
12.520	R3	7.966	20.280	14.764	7.966	9.156	7.418	18.174	12.559	8.608	9.060
12.560	R3	5.962	19.257	14.613	5.962	11.647	7.564	17.997	12.849	8.555	9.151
12.600	R3	10.567	22.383	16.669	10.567	10.877	7.967	18.275	13.459	9.028	9.459
12.640	R3	8.189	19.288	16.620	8.189	11.671	8.288	18.555	13.815	9.280	9.780
12.680	R3	8.692	15.095	16.705	8.692	11.697	8.722	19.007	14.267	9.727	10.214
12.720	R3	9.370	19.019	16.254	9.370	14.600	9.160	19.433	14.599	10.177	10.652
12.760	R3	10.095	15.604	15.801	11.391	14.849	9.443	19.703	15.022	10.579	10.935
12.800	R3	9.896	16.985	15.759	9.945	13.310	9.842	20.038	15.271	10.959	11.396
12.840	R3	8.148	13.233	14.078	8.148	9.681	10.073	20.315	15.520	11.231	11.627
12.880	R3	8.736	15.150	14.559	9.213	9.977	10.155	20.354	15.747	11.570	11.709
12.920	R3	11.683	19.915	14.561	12.284	11.683	10.161	20.520	15.710	11.857	11.715
12.960	R3	13.429	23.348	17.568	17.146	13.429	10.359	20.824	15.803	12.271	11.853
13.000	R3	11.347	23.796	14.021	13.530	11.347	10.575	21.048	15.876	12.568	11.785
13.040	R3	13.946	24.810	18.329	16.087	13.946	10.576	21.044	15.833	12.748	11.771
13.080	R3	13.793	23.953	17.314	15.751	13.793	10.667	21.211	15.743	12.875	11.688
13.120	R3	10.846	23.069	14.847	15.131	10.846	10.654	21.542	15.550	12.976	11.524
13.160	R3	13.007	24.048	17.098	14.842	14.245	10.582	21.608	15.424	13.000	11.191
13.200	R3	9.536	24.445	14.637	13.709	9.536	10.435	21.680	15.228	12.916	10.806
13.240	R3	8.586	22.410	16.078	13.973	8.586	10.360	21.468	14.958	12.838	10.606
13.280	R3	9.422	24.314	13.929	15.252	9.422	10.343	21.584	14.745	12.821	10.532
13.320	R3	11.927	26.362	16.622	16.242	11.927	10.261	21.627	14.586	12.727	10.388
13.360	R3	10.278	23.723	16.064	11.907	10.278	9.953	21.469	14.435	12.538	10.080
13.400	R3	10.601	22.306	15.810	14.150	10.601	9.549	21.061	14.096	11.948	9.745
13.440	R3	10.011	22.636	14.829	10.737	10.011	9.230	20.522	13.838	11.520	9.448
13.480	R3	8.418	21.705	12.838	10.704	8.418	8.787	19.856	13.270	10.971	9.039
13.520	R3	7.938	20.356	13.734	9.863	7.938	8.328	19.088	12.680	10.469	8.580
13.560	R3	7.153	17.027	11.882	9.696	7.153	8.050	18.453	12.253	9.976	8.400
13.600	R3	8.400	12.752	10.362	8.400	9.297	7.653	17.830	11.665	9.487	7.973
13.640	R3	7.799	15.550	9.813	7.799	8.205	7.422	17.289	11.280	9.056	7.743
13.680	R3	7.092	16.011	11.376	7.331	7.092	7.226	16.990	11.027	8.631	7.547
13.720	R3	5.533	16.754	11.550	8.514	5.533	7.016	16.537	10.865	8.130	7.358
13.760	R3	5.349	15.199	10.789	5.349	6.727	6.685	15.915	10.562	7.583	7.038
13.800	R3	4.964	13.006	8.865	4.964	5.416	6.437	15.450	10.254	7.253	6.803
13.840	R3	5.095	11.489	6.970	5.095	5.750	6.121	15.052	10.004	6.800	6.745
13.880	R3	4.611	8.598	5.506	5.713	4.611	5.901	14.641	9.784	6.544	6.534
13.920	R3	5.282	10.376	6.306	5.282	7.256	5.755	14.183	9.596	6.284	6.455
13.960	R3	5.060	11.579	5.343	5.060	5.714	5.637	13.867	9.314	6.070	6.444
14.000	R3	4.917	13.618	6.926	5.079	4.917	5.552	13.611	9.120	5.858	6.423
14.040	R3	4.676	16.431	11.033	5.478	4.676	5.368	13.702	9.093	5.716	6.194
14.080	R3	5.226	15.258	10.675	5.226	5.644	5.248	13.547	8.962	5.595	6.057
14.120	R3	5.307	13.932	10.566	5.307	5.534	5.172	13.394	8.825	5.507	6.028
14.160	R3	5.303	14.408	9.904	5.303	5.571	5.185	13.173	8.754	5.372	6.067
14.200	R3	4.278	14.348	10.819	5.102	9.434	5.199	13.146	8.726	5.386	6.053
14.240	R3	5.612	14.424	10.430	5.612	5.801	5.216	13.220	8.781	5.403	6.164
14.280	R3	5.498	12.543	9.067	5.498	6.834	5.225	13.184	8.794	5.412	6.254
14.320	R3	5.590	14.036	8.106	5.590	7.722	5.277	13.476	9.049	5.408	6.485
14.360	R3	5.452	11.913	7.994	5.452	6.724	5.288	13.625	9.151	5.420	6.569
14.400	R3	4.723	14.576	9.825	5.562	4.723	5.291	13.714	9.353	5.422	6.555
14.440	R3	5.389	12.440	7.188	5.389	5.453	5.294	13.690	9.477	5.423	6.558
14.480	R3	5.570	12.950	8.649	5.570	6.523	5.240	13.557	9.345	5.383	6.504
14.520	R3	5.810	12.341	10.111	5.810	6.303	5.120	13.426	9.264	5.363	6.364
14.560	R3	5.625	14.663	10.235	5.625	6.459	5.094	13.468	9.224	5.356	6.326
14.600	R3	5.306	14.483	9.966	5.306	7.641	5.074	13.427	9.158	5.346	6.292
14.640	R3	5.267	10.769	7.231	5.267	7.549	5.116	13.480	9.186	5.360	6.077
14.680	R3	5.644	14.428	10.602	5.644	9.225	5.081	13.542	9.175	5.347	6.033
14.720	R3	5.511	13.355	8.357	5.511	8.926	5.046	13.611	9.203	5.334	5.930
14.760	R3	5.108	13.357	9.374	5.108	5.439	4.999	13.575	9.237	5.326	5.777
14.800	R3	4.983	13.152	9.404	5.099	4.983	4.979	13.708	9.204	5.316	5.694
14.840	R3	3.591	13.770	8.393	4.683	3.591	4.999	13.632	9.209	5.298	5.713
14.880	R3	2.844	12.623	9.068	4.818	2.844	4.968	13.751	9.254	5.275	5.679
14.920	R3	4.778	14.777	9.766	5.181	4.778	4.922	13.792	9.247	5.257	5.586
14.960	R3	4.896	13.589	8.577	5.088	4.896	4.884	13.892	9.230	5.242	5.523
15.000	R3	5.132	15.408	11.383	5.391	5.132	4.841	13.763	9.157	5.224	5.438
15.040	R3	4.909	15.674	10.204	5.342	4.909	4.834	13.642	8.994	5.224	5.315
15.080	R3	4.785	13.908	9.635	5.253	4.785	4.815	13.788	9.037	5.229	5.182
15.120	R3	4.661	13.334	8.771	5.412	4.661	4.782	13.758	9.001	5.213	4.969
15.160	R3	5.055	14.568	7.343	5.253	5.055	4.762	13.674	9.106	5.219	4.778
15.200	R3	5.118	13.054	9.927	5.209	5.118	4.723	13.644	9.134	5.221	4.723
15.240	R3	4.768	14.822	8.082	4.930	4.768	4.734	13.609	9.188	5.226	4.735
15.280	R3	4.651	13.772	8.509	5.208	4.651	4.810	13.433	9.184	5.248	4.821
15.320	R3	5.050	14.341	9.762	5.518	5.050	4.929	13.398	9.262	5.267	4.944
15.360	R3	4.756	12.081	8.791	5.265	4.756	4.903	13.262	9.320	5.283	4.918
15.400	R3	5.176	12.050	6.690	5.296	5.176	4.865	13.059	9.438	5.288	4.881
15.440	R3	4.890	13.703	8.104	5.363	4.890	4.834	12.870	9.406	5.292	4.849
15.480	R3	4.971	13.822	9.880	5.326	4.971	4.855	12.733	9.392	5.292	4.875
15.520	R3	5.111	11.669	10.455	5.633	5.111	4.856	12.633	9.364	5.455	4.876
15.560	R3	4.334	12.763	9.933	5.147	4.334	4.867	12.557	9.329	5.696	4.887
15.600	R3	5.209	12.451	10.485	5.209	5.219	4.865	12.378	9.367	5.944	4.885
15.640	R3	5.113	10.253	8.312	5.113	5.311	4.842	12.185	9.281	6.189	4.863
15.680	R3	5.209	11.919	10.623	5.209	5.313	4.902	11.901	9.336	6.458	4.923
15.720	R3	4.263	12.058	10.937	5.499	4.263	4.945	11.766	9.322	6.736	4.965
15.760	R3	4.140	9.532	10.934	5.187	4.140	4.942	11.676	9.238	6.967	4.963
15.800	R3	4.501	11.618	10.746	5.471	4.501	4.993	11.698	9.265	7.170	5.014
15.840	R3	5.330	12.941	9.916	5.330	5.429	4.978	11.671	9.331	7.456	4.998
15.880	R3	4.805	11.908	9.075	8.520	4.805	4.995	11.593	9.325	7.714	5.015
15.920	R3	4.882	11.817	8.072	10.235	4.882	4.999	11.586	9.226	7.959	5.020
15.960	R3	5.015	10.994	8.100	10.216	5.015	5.025	11.804	9.124	8.221	5.046
16.000	R3	4.667	9.194	8.214	10.108	4.667	5.081	11.899	9.078	8.592	5.102
16.040	R3	5.968	9.142	9.172	10.302	5.968	5.185	12.073	9.051	8.975	5.205
16.080	R3	5.509	11.064	8.230	10.771	5.509	5.389	12.324	9.359	9.575	5.399
16.120	R3	4.997	12.545	8.095	10.141	4.997	5.696	12.581	9.573	10.114	5.701
16.160	R3	5.770	12.525	9.322	9.327	5.770	6.015	12.662	9.680	10.676	6.020
16.200	R3	4.870	11.501	8.022	11.019	4.870	6.388	13.051	9.908	11.301	6.393
16.240	R3	5.228	12.150	7.978	10.519	5.228	6.689	13.147	10.041	11.782	6.694
16.280	R3	5.065	13.671	7.900	10.220	5.065	6.905	13.147	10.176	12.312	6.905
16.320	R3	5.629	16.043	8.403	10.878	5.629	7.128	13.147	10.357	12.732	7.128
16.360	R3	5.449	14.654	9.025	12.561	5.449	7.393	13.187	10.599	13.103	7.393
16.400	R3	7.284	15.936	9.943	12.877	7.284	7.686	13.499	10.873	13.457	7.686
16.440	R3	9.202	15.266	14.478	17.105	9.202	7.906	13.914	11.067	13.801	7.906
16.480	R3	11.340	17.068	14.887	15.991	11.340	8.173	14.285	11.259	14.192	8.173
16.520	R3	10.658	13.668	13.083	16.750	10.658	8.484	14.560	11.482	14.576	8.484
16.560	R3	11.585	17.315	15.490	17.676	11.585	8.849	14.547	11.772	15.038	8.895
16.600	R3	10.536	13.538	13.421	15.086	10.536	9.111	14.471	11.897	15.446	9.220
16.640	R3	9.643	12.931	12.618	15.927	9.643	9.269	14.552	12.075	15.748	9.379
16.680	R3	9.264	11.914	12.678	16.933	9.264	9.516	14.515	12.184	16.022	9.631
16.720	R3	10.183	12.613	12.920	17.653	10.183	9.673	14.436	12.253	16.264	9.788
16.760	R3	10.880	17.246	13.588	17.290	10.880	9.828	14.213	12.299	16.465	9.943
16.800	R3	9.059	17.490	12.089	16.989	9.059	10.005	14.141	12.326	16.567	10.120
16.840	R3	11.304	16.556	13.018	18.129	11.304	9.889	13.974	12.279	16.581	10.004
16.880	R3	11.742	16.569	12.692	18.455	11.742	9.695	13.705	11.868	16.175	9.810
16.920	R3	12.281	12.281	13.877	19.369	13.199	9.350	13.340	11.410	15.814	9.465
16.960	R3	11.012	11.012	11.828	17.494	12.279	9.066	13.111	11.019	15.343	9.181
17.000	R3	8.042	13.116	11.589	17.062	8.042	8.740	12.694	10.499	14.845	8.856
17.040	R3	10.153	11.414	10.153	15.985	10.275	8.347	12.526	10.081	14.463	8.462
17.080	R3	8.210	12.095	9.287	15.069	8.210	8.002	12.313	9.679	14.046	8.117
17.120	R3	8.731	11.584	9.311	14.906	8.731	7.655	12.168	9.282	13.536	7.770
17.160	R3	8.992	13.214	9.564	14.590	8.992	7.282	12.034	8.912	13.018	7.398
17.200	R3	4.954	12.597	9.002	13.156	4.954	6.880	11.608	8.478	12.543	6.996
17.240	R3	5.326	9.876	6.265	8.996	5.326	6.567	11.158	8.142	12.102	6.682
17.280	R3	4.439	9.779	5.727	8.758	4.439	6.133	10.851	7.751	11.565	6.249
17.320	R3	4.975	9.072	5.262	7.338	4.975	5.667	10.599	7.374	11.009	5.782
17.360	R3	5.081	8.988	5.101	7.725	5.081	5.189	10.477	6.933	10.380	5.258
17.400	R3	2.668	10.174	5.051	7.434	2.668	4.779	10.401	6.647	9.866	4.785
17.440	R3	2.733	8.661	4.581	7.586	2.733	4.515	10.087	6.337	9.379	4.521
17.480	R3	2.333	9.022	4.727	6.740	2.333	4.140	9.803	6.101	8.876	4.140
17.520	R3	2.731	9.941	5.529	7.292	2.731	3.862	9.370	5.893	8.422	3.862
17.560	R3	2.836	8.713	4.908	7.780	2.836	3.547	8.982	5.690	7.929	3.547
17.600	R3	2.791	8.494	5.364	8.180	2.791	3.222	8.474	5.519	7.461	3.222
17.640	R3	2.633	10.416	5.204	7.393	2.633	3.089	7.959	5.337	7.081	3.094
17.680	R3	2.418	11.521	5.158	7.329	2.418	2.948	7.605	5.277	6.991	2.953
17.720	R3	2.713	9.840	5.056	6.782	2.713	2.852	7.249	5.245	6.827	2.858
17.760	R3	2.817	9.495	6.092	7.209	2.817	2.732	6.924	5.244	6.801	2.746
17.800	R3	2.769	6.837	5.394	7.329	2.769	2.603	6.619	5.245	6.777	2.617
17.840	R3	2.652	5.743	5.430	5.928	2.652	2.593	6.233	5.254	6.728	2.617
17.880	R3	2.642	3.431	5.142	5.993	2.642	2.580	5.924	5.292	6.648	2.612
17.920	R3	2.439	3.818	5.252	5.049	2.439	2.594	5.614	5.313	6.664	2.626
17.960	R3	2.479	3.069	6.133	5.228	2.479	2.572	5.262	5.304	6.648	2.604
18.000	R3	2.294	2.294	5.362	5.560	2.406	2.565	4.977	5.340	6.633	2.598
18.040	R3	2.509	2.801	5.063	7.179	2.509	2.556	4.689	5.357	6.530	2.588
18.080	R3	2.533	2.651	5.093	5.494	2.533	2.560	4.307	5.381	6.498	2.592
18.120	R3	2.572	2.572	5.239	6.816	2.742	2.565	3.888	5.393	6.449	2.597
18.160	R3	2.498	2.884	5.132	7.245	2.498	2.557	3.543	5.399	6.447	2.589
18.200	R3	2.463	2.463	5.228	6.444	2.674	2.536	3.187	5.335	6.446	2.569
18.240	R3	2.478	2.478	5.325	5.982	2.632	2.520	2.968	5.290	6.453	2.561
18.280	R3	2.605	2.812	5.150	7.077	2.605	2.511	2.815	5.284	6.507	2.552
18.320	R3	2.293	2.913	5.356	6.955	2.293	2.498	2.766	5.281	6.535	2.539
18.360	R3	2.707	3.011	5.620	7.489	2.707	2.492	2.748	5.277	6.619	2.534
18.400	R3	2.599	2.723	5.707	6.130	2.599	2.491	2.749	5.209	6.718	2.533
18.440	R3	2.716	2.785	5.691	6.739	2.716	2.503	2.770	5.202	6.820	2.538
18.480	R3	2.518	3.139	5.400	6.351	2.518	2.503	2.757	5.196	6.832	2.538
18.520	R3	2.559	2.935	5.168	6.736	2.559	2.480	2.728	5.189	6.966	2.549
18.560	R3	2.385	2.385	4.822	7.194	2.412	2.459	2.707	5.189	7.004	2.533
18.600	R3	2.454	2.454	4.497	7.469	2.609	2.452	2.695	5.178	6.999	2.537
18.640	R3	2.474	2.673	5.295	7.004	2.474	2.450	2.692	5.156	7.000	2.534
18.680	R3	2.382	2.466	5.090	6.558	2.382	2.447	2.690	5.151	7.075	2.528
18.720	R3	2.325	3.444	5.179	6.739	2.325	2.442	2.679	5.150	7.039	2.527
18.760	R3	2.462	3.096	4.768	7.191	2.462	2.455	2.661	5.143	7.049	2.543
18.800	R3	2.520	2.720	5.224	7.606	2.520	2.438	2.636	5.104	6.945	2.533
18.840	R3	2.508	2.536	4.936	7.415	2.508	2.421	2.614	5.078	6.917	2.537
18.880	R3	2.074	2.074	4.962	8.171	2.749	2.410	2.602	5.035	6.876	2.534
18.920	R3	2.149	2.149	5.225	7.577	2.425	2.404	2.573	5.030	6.811	2.533
18.960	R3	2.360	2.635	4.924	7.161	2.574	2.395	2.544	5.015	6.724	2.538
19.000	R3	2.421	2.421	4.779	6.450	2.609	2.394	2.553	5.033	6.613	2.555
19.040	R3	2.430	2.430	5.238	7.479	2.515	2.394	2.560	5.062	6.489	2.547
19.080	R3	2.510	2.593	5.119	6.358	2.579	2.391	2.552	5.055	6.425	2.547
19.120	R3	2.545	2.545	5.221	7.155	2.624	2.396	2.555	5.065	6.380	2.556
19.160	R3	2.357	2.517	4.831	5.417	2.493	2.406	2.518	5.075	6.317	2.566
19.200	R3	2.277	2.277	5.191	5.568	2.693	2.398	2.479	5.089	6.286	2.575
19.240	R3	2.495	2.551	4.824	5.931	2.643	2.383	2.453	5.087	6.221	2.572
19.280	R3	2.388	2.549	5.309	5.047	2.511	2.357	2.426	5.114	6.113	2.578
19.320	R3	2.372	2.372	4.866	4.997	2.647	2.366	2.448	5.121	6.065	2.576
19.360	R3	2.369	2.560	5.189	4.964	2.754	2.382	2.464	5.111	6.053	2.583
19.400	R3	2.455	2.586	5.068	4.988	2.455	2.387	2.455	5.134	6.078	2.594
19.440	R3	2.416	2.509	5.156	5.725	2.465	2.387	2.455	5.158	6.120	2.595
19.480	R3	2.487	2.532	5.285	5.656	2.569	2.388	2.461	5.173	6.136	2.613
19.520	R3	2.526	2.717	5.383	5.482	2.526	2.381	2.451	5.189	6.184	2.617
19.560	R3	2.304	2.304	5.057	6.567	2.634	2.368	2.437	5.181	6.206	2.606
19.600	R3	2.207	2.207	5.177	6.311	2.474	2.377	2.438	5.200	6.278	2.612
19.640	R3	1.996	1.996	5.474	5.263	2.630	2.383	2.459	5.221	6.326	2.616
19.680	R3	2.263	2.519	5.095	7.210	2.708	2.374	2.448	5.228	6.290	2.623
19.720	R3	2.453	2.453	5.029	7.328	2.560	2.374	2.440	5.226	6.273	2.629
19.760	R3	2.467	2.467	5.390	7.668	2.796	2.367	2.433	5.246	6.375	2.628
19.800	R3	2.422	2.422	5.260	7.290	2.631	2.350	2.406	5.265	6.494	2.631
19.840	R3	2.451	2.544	5.532	7.799	2.860	2.348	2.405	5.277	6.613	2.649
19.880	R3	2.376	2.389	5.432	7.308	2.665	2.347	2.406	5.279	6.698	2.656
19.920	R3	2.276	2.276	5.071	7.602	2.405	2.345	2.404	5.300	6.767	2.661
19.960	R3	2.535	2.535	5.204	6.863	2.622	2.340	2.398	5.313	6.859	2.661
20.000	R3	2.390	2.694	5.620	6.529	2.768	2.324	2.381	5.295	6.892	2.650
20.040	R3	2.328	2.328	4.960	5.198	2.774	2.313	2.370	5.298	6.978	2.661
20.080	R3	2.395	2.399	5.267	4.709	2.638	2.330	2.404	5.278	7.055	2.660
20.120	R3	2.215	2.215	5.266	7.041	2.624	2.336	2.402	5.288	7.044	2.644
20.160	R3	2.032	2.032	5.582	7.335	2.807	2.338	2.406	5.297	7.074	2.660
20.200	R3	2.424	2.570	5.309	7.371	2.818	2.330	2.398	5.291	7.047	2.655
20.240	R3	2.389	2.521	5.196	7.426	2.608	2.311	2.380	5.282	6.963	2.654
20.280	R3	2.455	2.493	5.699	7.032	2.664	2.307	2.376	5.251	6.833	2.630
20.320	R3	2.425	2.590	5.631	7.324	2.526	2.310	2.379	5.223	6.744	2.618
20.360	R3	1.969	1.969	4.702	7.226	2.428	2.319	2.396	5.216	6.629	2.629
20.400	R3	1.990	1.990	5.249	8.045	2.691	2.309	2.386	5.199	6.567	2.616
20.440	R3	2.343	2.669	5.070	6.804	2.616	2.314	2.376	5.181	6.505	2.605
20.480	R3	2.381	2.490	5.285	6.989	2.381	2.321	2.383	5.197	6.517	2.602
20.520	R3	2.493	2.530	5.218	7.915	2.874	2.325	2.391	5.189	6.566	2.605
20.560	R3	2.311	2.311	5.261	7.133	2.710	2.329	2.396	5.179	6.458	2.622
20.600	R3	2.044	2.044	5.094	5.619	2.601	2.330	2.398	5.154	6.345	2.612
20.640	R3	2.378	2.478	4.898	5.190	2.378	2.303	2.363	5.147	6.249	2.600
20.680	R3	2.424	2.440	4.883	5.536	2.435	2.281	2.334	5.128	6.123	2.597
20.720	R3	2.467	2.619	4.922	5.286	2.608	2.275	2.326	5.087	6.020	2.590
20.760	R3	2.334	2.334	4.862	5.630	2.366	2.275	2.322	5.083	5.922	2.607
20.800	R3	2.485	2.491	5.262	5.283	2.560	2.278	2.325	5.101	5.890	2.614
20.840	R3	2.467	2.467	5.282	5.440	2.702	2.297	2.344	5.086	5.757	2.624
20.880	R3	2.469	2.562	5.112	5.703	2.702	2.297	2.335	5.083	5.666	2.623
20.920	R3	2.294	2.328	5.069	4.877	2.956	2.294	2.331	5.066	5.620	2.637
20.960	R3	2.063	2.063	5.085	5.071	2.623	2.291	2.326	5.048	5.465	2.620
21.000	R3	1.876	1.876	5.155	5.454	2.565	2.300	2.335	5.042	5.373	2.619
21.040	R3	1.945	1.945	4.820	4.904	2.549	2.328	2.365	5.036	5.341	2.619
21.080	R3	2.335	2.335	4.890	4.973	2.530	2.332	2.369	5.045	5.367	2.623
21.120	R3	2.425	2.493	5.533	5.364	2.864	2.329	2.377	5.053	5.344	2.629
21.160	R3	2.027	2.027	5.079	6.588	2.577	2.333	2.383	5.045	5.357	2.627
21.200	R3	2.371	2.386	4.933	5.381	2.888	2.336	2.391	5.067	5.343	2.628
21.240	R3	2.360	2.473	5.022	4.977	2.588	2.322	2.377	5.048	5.383	2.630
21.280	R3	2.304	2.414	4.939	6.065	2.667	2.325	2.384	5.041	5.357	2.629
21.320	R3	2.439	2.439	4.864	4.823	2.538	2.324	2.379	5.036	5.358	2.630
21.360	R3	2.495	2.495	5.128	5.293	2.686	2.325	2.384	5.045	5.380	2.598
21.400	R3	2.598	2.630	4.992	4.984	2.598	2.338	2.398	5.037	5.407	2.601
21.440	R3	2.454	2.560	5.073	5.697	2.468	2.368	2.428	5.028	5.468	2.610
21.480	R3	2.368	2.612	5.035	5.076	2.551	2.372	2.431	5.051	5.526	2.611
21.520	R3	2.552	2.725	4.756	5.557	2.556	2.357	2.416	5.071	5.615	2.614
21.560	R3	2.391	2.497	5.313	5.338	2.391	2.351	2.407	5.043	5.666	2.592
21.600	R3	2.214	2.214	4.889	6.085	2.606	2.355	2.411	5.039	5.606	2.596
21.640	R3	2.531	2.602	5.127	4.928	2.684	2.354	2.424	5.038	5.584	2.584
21.680	R3	2.441	2.468	5.024	5.715	2.713	2.331	2.397	5.030	5.584	2.579
21.720	R3	2.310	2.428	5.237	5.322	2.310	2.336	2.407	5.060	5.573	2.574
21.760	R3	2.330	2.333	4.931	5.613	2.691	2.332	2.403	5.066	5.577	2.570
21.800	R3	2.477	2.477	4.970	6.666	2.735	2.326	2.409	5.057	5.557	2.573
21.840	R3	2.022	2.022	5.283	6.073	2.569	2.315	2.396	5.069	5.567	2.567
21.880	R3	2.027	2.027	5.288	6.752	2.595	2.310	2.405	5.082	5.538	2.571
21.920	R3	2.313	2.313	4.975	6.391	2.430	2.314	2.402	5.101	5.548	2.570
21.960	R3	2.100	2.100	5.005	5.383	2.659	2.304	2.384	5.112	5.540	2.573
22.000	R3	2.348	2.661	4.909	4.932	2.637	2.292	2.366	5.114	5.582	2.582
22.040	R3	1.915	1.915	4.855	4.991	2.498	2.298	2.372	5.126	5.596	2.584
22.080	R3	2.387	2.620	5.550	5.847	2.555	2.287	2.369	5.108	5.664	2.569
22.120	R3	2.358	2.358	4.982	4.887	2.464	2.287	2.374	5.114	5.684	2.558
22.160	R3	2.377	2.616	4.950	4.898	2.744	2.291	2.375	5.117	5.727	2.567
22.200	R3	2.379	2.379	5.229	5.188	2.477	2.299	2.382	5.130	5.756	2.563
22.240	R3	2.360	2.736	5.333	5.125	2.556	2.290	2.391	5.161	5.754	2.551
22.280	R3	2.450	2.556	5.414	5.261	2.524	2.311	2.417	5.163	5.788	2.545
22.320	R3	2.349	2.349	4.982	5.401	2.611	2.332	2.438	5.148	5.764	2.547
22.360	R3	2.145	2.145	5.350	6.180	2.579	2.337	2.449	5.148	5.733	2.553
22.400	R3	2.335	2.335	5.117	6.365	2.654	2.349	2.460	5.142	5.765	2.545
22.440	R3	2.321	2.537	4.772	6.285	2.376	2.348	2.463	5.160	5.825	2.539
22.480	R3	2.427	2.577	5.155	6.117	2.493	2.373	2.487	5.165	5.887	2.548
22.520	R3	2.404	2.433	5.285	6.192	2.483	2.371	2.474	5.133	5.845	2.559
22.560	R3	2.478	2.478	5.206	6.192	2.615	2.370	2.480	5.132	5.861	2.574
22.600	R3	2.302	2.664	5.587	6.624	2.508	2.375	2.479	5.129	5.875	2.568
22.640	R3	2.446	2.535	5.313	6.752	2.446	2.364	2.468	5.130	5.921	2.586
22.680	R3	2.452	2.452	5.001	6.267	2.632	2.366	2.469	5.120	6.008	2.579
22.720	R3	2.409	2.522	4.972	5.779	2.556	2.364	2.472	5.121	6.135	2.591
22.760	R3	2.339	2.339	4.874	6.012	2.499	2.364	2.472	5.135	6.224	2.592
22.800	R3	2.324	2.703	5.267	6.141	2.505	2.359	2.467	5.119	6.232	2.586
22.840	R3	2.412	2.412	4.969	6.224	2.680	2.361	2.490	5.111	6.272	2.571
22.880	R3	2.351	2.351	4.911	5.011	2.775	2.362	2.505	5.120	6.288	2.577
22.920	R3	2.345	2.476	4.948	5.201	2.772	2.339	2.475	5.136	6.256	2.574
22.960	R3	2.473	2.599	4.901	5.186	2.612	2.338	2.482	5.144	6.228	2.569
23.000	R3	2.155	2.155	5.243	6.100	2.852	2.339	2.486	5.130	6.174	2.567
23.040	R3	2.410	2.769	5.137	6.864	2.410	2.341	2.479	5.120	6.159	2.559
23.080	R3	2.396	2.598	5.423	7.816	2.767	2.338	2.472	5.099	6.183	2.564
23.120	R3	2.354	2.354	5.277	7.180	2.630	2.334	2.473	5.109	6.227	2.554
23.160	R3	2.053	2.053	5.026	6.343	2.448	2.331	2.490	5.113	6.284	2.544
23.200	R3	2.367	2.793	4.965	7.152	2.367	2.332	2.495	5.133	6.252	2.544
23.240	R3	2.343	2.846	4.945	6.615	2.483	2.340	2.492	5.122	6.190	2.545
23.280	R3	1.970	1.970	5.481	5.461	2.442	2.338	2.498	5.134	6.138	2.543
23.320	R3	2.386	2.567	5.431	5.634	2.386	2.335	2.494	5.142	6.199	2.543
23.360	R3	2.489	2.554	4.935	5.125	2.566	2.332	2.499	5.163	6.300	2.530
23.400	R3	2.356	2.540	5.387	6.314	2.356	2.327	2.495	5.186	6.393	2.526
23.440	R3	2.385	2.385	4.883	7.228	2.536	2.332	2.500	5.190	6.465	2.501
23.480	R3	2.364	2.470	5.202	7.162	2.448	2.327	2.484	5.155	6.495	2.508
23.520	R3	2.356	2.864	5.051	6.917	2.356	2.323	2.469	5.140	6.478	2.510
23.560	R3	2.361	2.447	5.290	5.376	2.500	2.327	2.473	5.156	6.486	2.514
23.600	R3	2.467	2.629	5.047	4.899	2.525	2.332	2.478	5.154	6.521	2.520
23.640	R3	2.386	2.533	5.208	5.170	2.624	2.336	2.463	5.173	6.532	2.534
23.680	R3	2.279	2.279	5.068	6.231	2.780	2.344	2.451	5.189	6.564	2.535
23.720	R3	2.299	2.576	5.354	7.230	2.516	2.364	2.471	5.167	6.644	2.539
23.760	R3	2.375	2.528	5.363	7.052	2.522	2.343	2.441	5.163	6.737	2.550
23.800	R3	2.249	2.249	5.325	7.533	2.353	2.337	2.433	5.184	6.816	2.553
23.840	R3	2.307	2.441	4.447	7.455	2.559	2.341	2.438	5.161	6.854	2.564
23.880	R3	2.313	2.313	5.125	7.490	2.796	2.342	2.442	5.170	6.878	2.573
23.920	R3	2.431	2.431	5.581	7.325	2.719	2.329	2.423	5.160	6.876	2.592
23.960	R3	2.147	2.147	4.994	7.060	2.574	2.330	2.406	5.182	6.800	2.610
24.000	R3	2.456	2.501	5.340	7.373	2.639	2.331	2.405	5.175	6.793	2.606
24.040	R3	2.499	2.588	5.271	7.239	2.499	2.325	2.407	5.179	6.805	2.606
24.080	R3	2.373	2.373	5.049	7.072	2.519	2.325	2.409	5.175	6.797	2.602
24.120	R3	1.969	1.969	5.337	7.494	2.621	2.323	2.408	5.179	6.762	2.594
24.160	R3	2.359	2.390	5.358	6.692	2.625	2.330	2.411	5.172	6.725	2.601
24.200	R3	2.455	2.656	4.936	7.083	2.562	2.311	2.385	5.167	6.653	2.608
24.240	R3	2.391	2.455	5.056	7.714	2.719	2.318	2.400	5.167	6.581	2.618
24.280	R3	2.101	2.101	5.003	7.107	2.829	2.321	2.405	5.210	6.481	2.613
24.320	R3	2.391	2.508	5.491	5.404	2.714	2.323	2.410	5.206	6.374	2.591
24.360	R3	2.370	2.438	5.142	5.246	2.419	2.321	2.411	5.182	6.277	2.581
24.400	R3	2.348	2.664	5.129	5.123	2.528	2.333	2.440	5.187	6.245	2.590
24.440	R3	2.380	2.567	5.126	5.024	2.543	2.322	2.426	5.184	6.243	2.581
24.480	R3	2.255	2.255	5.154	5.527	2.622	2.300	2.399	5.184	6.253	2.592
24.520	R3	2.429	2.652	5.221	6.482	2.657	2.300	2.407	5.183	6.244	2.594
24.560	R3	1.997	1.997	5.247	5.611	2.672	2.317	2.446	5.192	6.237	2.592
24.600	R3	2.398	2.561	5.339	6.109	2.550	2.319	2.446	5.179	6.253	2.599
24.640	R3	2.359	2.538	5.297	5.437	2.446	2.313	2.431	5.180	6.258	2.602
24.680	R3	2.355	2.405	5.048	5.352	2.355	2.295	2.409	5.170	6.195	2.595
24.720	R3	2.397	2.447	5.099	5.392	2.517	2.312	2.435	5.174	6.193	2.578
24.760	R3	2.386	2.724	5.103	6.430	2.755	2.309	2.426	5.143	6.300	2.577
24.800	R3	2.223	2.223	5.278	7.327	2.475	2.312	2.425	5.128	6.393	2.594
24.840	R3	2.064	2.064	5.275	7.430	2.717	2.316	2.419	5.116	6.486	2.589
24.880	R3	2.368	2.521	5.015	6.904	2.547	2.317	2.410	5.104	6.551	2.592
24.920	R3	2.318	2.751	5.521	7.348	2.577	2.326	2.423	5.116	6.593	2.608
24.960	R3	2.394	2.398	5.100	7.010	2.766	2.324	2.418	5.108	6.610	2.609
25.000	R3	2.344	2.344	4.950	7.190	2.622	2.338	2.432	5.117	6.673	2.611
25.040	R3	2.031	2.031	4.865	6.445	2.587	2.349	2.438	5.104	6.706	2.615
25.080	R3	2.431	2.610	5.090	7.066	2.493	2.345	2.425	5.117	6.759	2.634
25.120	R3	2.329	2.329	4.860	7.550	2.695	2.354	2.433	5.117	6.834	2.645
25.160	R3	2.422	2.422	4.838	7.110	2.746	2.363	2.440	5.133	6.897	2.649
25.200	R3	2.439	2.535	4.902	6.969	2.439	2.366	2.455	5.143	6.858	2.645
25.240	R3	2.392	2.392	4.877	6.326	2.605	2.351	2.439	5.131	6.751	2.656
25.280	R3	2.442	2.525	5.405	6.377	2.937	2.363	2.461	5.121	6.644	2.635
25.320	R3	2.391	2.541	5.049	6.809	2.675	2.365	2.456	5.142	6.552	2.634
25.360	R3	2.273	2.273	5.437	6.880	2.704	2.374	2.445	5.130	6.454	2.633
25.400	R3	2.621	2.692	5.071	6.763	2.637	2.372	2.444	5.109	6.395	2.621
25.440	R3	2.271	2.271	5.560	6.500	2.827	2.375	2.446	5.119	6.311	2.614
25.480	R3	2.536	2.561	5.041	6.849	2.585	2.380	2.452	5.136	6.348	2.617
25.520	R3	2.582	2.590	5.419	6.659	2.599	2.382	2.444	5.134	6.350	2.625
25.560	R3	2.455	3.017	5.298	5.646	2.667	2.389	2.459	5.127	6.325	2.621
25.600	R3	1.920	1.920	5.043	5.195	2.693	2.385	2.468	5.145	6.358	2.614
25.640	R3	2.303	2.499	5.085	5.277	2.303	2.388	2.471	5.154	6.339	2.620
25.680	R3	2.395	2.418	5.434	5.075	2.532	2.390	2.487	5.158	6.421	2.623
25.720	R3	2.504	2.535	5.266	5.390	2.556	2.395	2.497	5.116	6.455	2.611
25.760	R3	2.367	2.367	4.698	5.827	2.521	2.401	2.495	5.105	6.462	2.603
25.800	R3	2.389	2.389	5.135	5.500	2.474	2.412	2.512	5.081	6.459	2.598
25.840	R3	2.144	2.144	5.210	7.194	2.651	2.400	2.506	5.084	6.479	2.592
25.880	R3	2.467	2.467	5.048	7.113	2.648	2.405	2.524	5.056	6.505	2.570
25.920	R3	2.467	2.621	4.727	7.048	2.619	2.403	2.531	5.086	6.517	2.576
25.960	R3	2.342	2.605	5.191	7.774	2.616	2.392	2.526	5.043	6.547	2.576
26.000	R3	2.488	2.587	5.082	6.574	2.549	2.390	2.503	5.019	6.621	2.563
26.040	R3	2.433	2.712	4.962	7.970	2.676	2.415	2.534	5.016	6.734	2.556
26.080	R3	2.559	2.733	4.553	7.059	2.685	2.422	2.538	5.023	6.739	2.563
26.120	R3	2.496	2.496	4.845	6.939	2.527	2.418	2.552	5.008	6.826	2.558
26.160	R3	2.490	2.615	4.956	6.821	2.594	2.399	2.531	4.994	6.917	2.561
26.200	R3	2.382	2.570	5.121	7.181	2.518	2.410	2.548	5.012	6.968	2.564
26.240	R3	2.389	2.627	5.010	7.017	2.389	2.391	2.529	5.014	7.024	2.565
26.280	R3	2.488	2.712	5.625	7.090	2.704	2.383	2.521	5.005	6.999	2.555
26.320	R3	2.355	2.489	4.571	7.257	2.592	2.372	2.510	5.002	7.023	2.564
26.360	R3	2.423	2.564	4.810	7.116	2.423	2.365	2.496	5.023	7.005	2.550
26.400	R3	2.415	2.535	4.986	7.460	2.542	2.367	2.485	5.038	6.965	2.541
26.440	R3	2.437	2.564	5.234	5.367	2.437	2.371	2.486	5.046	6.964	2.542
26.480	R3	2.325	2.698	5.130	6.826	2.448	2.340	2.441	5.061	6.923	2.542
26.520	R3	2.126	2.126	4.992	7.200	2.599	2.336	2.430	5.085	6.909	2.535
26.560	R3	2.581	2.708	5.043	6.845	2.590	2.326	2.428	5.105	6.891	2.536
26.600	R3	2.003	2.003	5.189	6.627	2.502	2.322	2.417	5.134	6.878	2.528
26.640	R3	1.988	1.988	5.018	6.701	2.451	2.328	2.424	5.152	6.863	2.534
26.680	R3	2.245	2.245	4.990	7.589	2.812	2.327	2.412	5.154	6.747	2.539
26.720	R3	2.341	2.341	5.152	6.689	2.342	2.317	2.408	5.148	6.708	2.518
26.760	R3	2.383	2.383	5.487	6.980	2.446	2.320	2.409	5.176	6.697	2.520
26.800	R3	2.557	2.615	5.249	6.540	2.557	2.319	2.406	5.184	6.747	2.543
26.840	R3	1.816	1.816	5.260	7.163	2.689	2.323	2.405	5.178	6.713	2.540
26.880	R3	2.485	2.504	5.030	6.776	2.531	2.325	2.407	5.163	6.744	2.544
26.920	R3	2.290	2.450	5.241	6.583	2.560	2.324	2.395	5.163	6.730	2.551
26.960	R3	2.409	2.409	5.549	6.553	2.432	2.337	2.416	5.166	6.679	2.547
27.000	R3	2.495	2.702	5.464	6.883	2.628	2.323	2.404	5.158	6.580	2.547
27.040	R3	2.379	2.379	5.065	4.700	2.497	2.334	2.416	5.153	6.527	2.552
27.080	R3	2.279	2.647	5.494	6.297	2.279	2.353	2.435	5.163	6.448	2.553
27.120	R3	2.413	2.499	5.139	7.054	2.636	2.346	2.428	5.154	6.425	2.536
27.160	R3	2.420	2.514	4.962	8.114	2.888	2.354	2.444	5.152	6.431	2.547
27.200	R3	2.480	2.517	4.876	6.778	2.480	2.352	2.454	5.121	6.447	2.548
27.240	R3	2.485	2.598	4.933	5.981	2.503	2.347	2.446	5.107	6.481	2.547
27.280	R3	2.305	2.464	5.124	6.546	2.604	2.374	2.473	5.080	6.482	2.535
27.320	R3	2.378	2.544	5.065	6.190	2.506	2.367	2.466	5.062	6.524	2.542
27.360	R3	2.301	2.462	4.865	4.861	2.596	2.365	2.457	5.041	6.547	2.530
27.400	R3	2.234	2.234	5.106	5.557	2.593	2.364	2.456	4.999	6.606	2.538
27.440	R3	2.373	2.373	5.199	5.129	2.482	2.356	2.443	4.981	6.620	2.524
27.480	R3	2.100	2.100	4.814	7.133	2.462	2.358	2.448	4.994	6.716	2.531
27.520	R3	2.489	2.671	5.124	6.801	2.578	2.363	2.443	4.962	6.730	2.540
27.560	R3	2.361	2.590	4.866	7.312	2.466	2.357	2.433	4.936	6.722	2.534
27.600	R3	2.456	2.456	4.971	7.203	2.523	2.355	2.431	4.949	6.634	2.509
27.640	R3	2.342	2.342	4.721	7.193	2.457	2.355	2.430	4.946	6.535	2.512
27.680	R3	2.342	2.379	4.665	7.607	2.671	2.347	2.421	4.959	6.504	2.511
27.720	R3	2.267	2.267	4.810	7.043	2.320	2.340	2.406	4.940	6.445	2.509
27.760	R3	2.373	2.373	4.715	7.738	2.587	2.340	2.397	4.903	6.511	2.506
27.800	R3	2.346	2.442	5.104	7.168	2.346	2.326	2.376	4.883	6.627	2.505
27.840	R3	2.409	2.479	5.322	6.620	2.645	2.333	2.395	4.877	6.743	2.510
27.880	R3	2.378	2.552	4.861	6.569	2.451	2.338	2.408	4.856	6.832	2.511
27.920	R3	2.296	2.296	4.612	6.901	2.523	2.356	2.429	4.877	6.838	2.533
27.960	R3	2.393	2.475	5.231	6.354	2.393	2.353	2.430	4.860	6.838	2.531
28.000	R3	2.474	2.505	4.809	4.799	2.532	2.361	2.426	4.867	6.790	2.538
28.040	R3	2.327	2.414	5.187	5.352	2.476	2.350	2.416	4.864	6.749	2.540
28.080	R3	2.165	2.165	4.748	5.367	2.582	2.349	2.432	4.881	6.747	2.532
28.120	R3	2.369	2.369	4.335	7.514	2.439	2.349	2.437	4.905	6.749	2.529
28.160	R3	2.033	2.033	4.467	7.186	2.583	2.350	2.437	4.902	6.776	2.545
28.200	R3	2.365	2.621	4.981	7.867	2.685	2.352	2.452	4.943	6.775	2.547
28.240	R3	2.470	2.633	4.771	6.910	2.500	2.357	2.455	4.909	6.797	2.564
28.280	R3	2.468	2.511	5.235	7.265	2.907	2.355	2.450	4.918	6.836	2.565
28.320	R3	2.431	2.695	4.796	6.801	2.541	2.355	2.447	4.941	6.897	2.580
28.360	R3	2.506	2.506	5.006	6.337	2.592	2.366	2.458	4.969	6.917	2.583
28.400	R3	2.255	2.255	4.914	6.399	2.559	2.366	2.456	4.977	6.949	2.588
28.440	R3	2.316	2.666	5.047	7.148	2.316	2.350	2.438	4.988	7.065	2.600
28.480	R3	2.338	2.474	5.143	7.644	2.604	2.343	2.428	4.991	7.161	2.597
28.520	R3	2.276	2.276	4.750	7.591	2.642	2.357	2.449	5.010	7.230	2.602
28.560	R3	2.430	2.664	5.535	7.717	2.629	2.363	2.457	5.051	7.191	2.607
28.600	R3	2.446	2.517	4.428	7.596	2.679	2.391	2.485	5.094	7.160	2.623
28.640	R3	2.367	2.367	5.494	7.407	2.655	2.394	2.479	5.097	7.109	2.611
28.680	R3	2.382	2.504	5.322	7.789	2.761	2.394	2.471	5.100	7.098	2.619
28.720	R3	2.499	2.510	5.173	7.296	2.591	2.390	2.480	5.075	7.085	2.600
28.760	R3	2.408	2.443	5.404	6.999	2.485	2.386	2.463	5.084	7.094	2.601
28.800	R3	2.140	2.140	5.021	7.112	2.773	2.375	2.453	5.051	7.101	2.592
28.840	R3	2.203	2.203	5.246	7.271	2.416	2.384	2.462	5.059	7.116	2.609
28.880	R3	2.444	2.597	5.129	6.746	2.677	2.389	2.450	5.059	7.099	2.623
28.920	R3	2.489	2.535	5.150	6.746	2.538	2.388	2.442	5.034	7.039	2.634
28.960	R3	2.580	2.580	5.333	6.551	2.907	2.397	2.453	5.059	7.004	2.624
29.000	R3	2.442	2.503	5.046	6.853	2.442	2.397	2.444	5.024	6.974	2.628
29.040	R3	2.470	2.470	4.821	6.685	2.658	2.397	2.450	5.050	6.960	2.625
29.080	R3	2.379	2.704	4.743	7.015	2.540	2.398	2.468	5.026	6.920	2.611
29.120	R3	2.345	2.356	4.969	6.974	2.555	2.397	2.462	5.027	6.883	2.591
29.160	R3	2.301	2.301	4.357	6.473	2.416	2.399	2.470	5.031	6.859	2.589
29.200	R3	2.431	2.431	5.072	6.712	2.896	2.398	2.483	5.017	6.840	2.600
29.240	R3	2.417	2.417	5.046	6.797	2.586	2.416	2.502	5.012	6.844	2.590
29.280	R3	2.321	2.321	4.646	6.440	2.835	2.428	2.527	4.977	6.827	2.591
29.320	R3	2.450	2.503	5.253	6.901	2.450	2.428	2.523	4.976	6.832	2.581
29.360	R3	2.430	2.478	4.835	7.108	2.698	2.424	2.522	4.960	6.849	2.574
29.400	R3	2.447	2.643	4.948	7.322	2.616	2.413	2.512	4.938	6.803	2.561
29.440	R3	2.380	2.714	5.007	6.619	2.380	2.410	2.517	4.937	6.825	2.565
29.480	R3	2.369	2.386	5.330	7.044	2.369	2.405	2.512	4.961	6.814	2.569
29.520	R3	2.540	2.674	5.263	6.801	2.540	2.410	2.501	4.999	6.820	2.581
29.560	R3	2.391	2.711	5.117	6.639	2.701	2.398	2.489	5.011	6.829	2.577
29.600	R3	2.489	2.514	4.931	7.192	2.576	2.395	2.485	5.049	6.866	2.584
29.640	R3	2.439	2.697	4.536	6.928	2.439	2.385	2.476	5.045	6.891	2.579
29.680	R3	2.457	2.528	5.107	6.844	2.479	2.375	2.465	5.044	6.923	2.578
29.720	R3	2.403	2.502	4.836	7.079	2.403	2.381	2.480	5.047	6.963	2.562
29.760	R3	2.357	2.380	4.904	5.630	2.641	2.372	2.469	5.040	6.979	2.571
29.800	R3	2.380	2.618	5.025	7.292	2.528	2.369	2.478	5.060	6.961	2.566
29.840	R3	2.373	2.373	5.294	6.463	2.722	2.370	2.479	5.054	6.928	2.564
29.880	R3	2.475	2.475	5.499	7.142	2.787	2.370	2.462	5.060	6.882	2.569
29.920	R3	2.110	2.110	5.220	7.149	2.469	2.369	2.460	5.040	6.813	2.579
29.960	R3	2.232	2.232	5.115	7.221	2.555	2.364	2.455	5.009	6.723	2.577
30.000	R3	2.247	2.247	4.985	7.205	2.809	2.361	2.438	5.002	6.636	2.572
30.040	R3	2.201	2.201	5.034	7.446	2.557	2.356	2.432	5.007	6.552	2.571
30.080	R3	2.441	2.605	4.690	7.243	2.518	2.347	2.410	5.051	6.456	2.580
30.120	R3	2.287	2.287	5.125	7.217	2.641	2.344	2.416	5.065	6.382	2.576
30.160	R3	2.359	2.668	5.223	6.752	2.598	2.346	2.415	5.084	6.261	2.578
30.200	R3	2.468	2.657	4.848	6.659	2.560	2.333	2.400	5.077	6.243	2.570
30.240	R3	2.374	2.374	5.117	5.700	2.488	2.315	2.370	5.089	6.138	2.567
30.280	R3	2.346	2.346	4.924	5.667	2.572	2.317	2.375	5.051	6.128	2.557
30.320	R3	2.443	2.572	4.656	4.991	2.496	2.309	2.367	5.052	6.047	2.543
30.360	R3	2.344	2.385	4.975	4.900	2.592	2.320	2.385	5.051	5.949	2.542
30.400	R3	2.383	2.383	5.036	5.509	2.561	2.331	2.397	5.051	5.883	2.543
30.440	R3	2.258	2.258	5.407	5.009	2.617	2.327	2.393	5.047	5.808	2.536
30.480	R3	2.400	2.653	5.387	5.361	2.400	2.322	2.388	5.070	5.695	2.546
30.520	R3	2.449	2.467	5.208	4.672	2.449	2.322	2.395	5.103	5.616	2.551
30.560	R3	2.084	2.084	4.781	5.269	2.482	2.321	2.394	5.102	5.540	2.558
30.600	R3	2.020	2.020	5.251	5.181	2.474	2.321	2.381	5.075	5.461	2.560
30.640	R3	2.413	2.471	4.533	6.263	2.507	2.322	2.380	5.093	5.401	2.557
30.680	R3	2.310	2.310	5.533	5.534	2.510	2.314	2.372	5.082	5.365	2.559
30.720	R3	2.333	2.483	5.201	5.182	2.456	2.319	2.384	5.072	5.335	2.553
30.760	R3	2.463	2.470	5.108	5.905	2.581	2.324	2.382	5.101	5.356	2.561
30.800	R3	2.157	2.157	4.898	5.697	2.667	2.325	2.382	5.108	5.372	2.571
30.840	R3	2.112	2.112	5.507	5.186	2.761	2.327	2.383	5.104	5.379	2.575
30.880	R3	2.428	2.737	5.352	5.675	2.620	2.317	2.374	5.087	5.407	2.564
30.920	R3	2.270	2.270	5.089	5.687	2.764	2.321	2.371	5.067	5.434	2.569
30.960	R3	2.361	2.405	4.681	5.170	2.654	2.317	2.366	5.050	5.484	2.569
31.000	R3	2.494	2.647	5.210	5.451	2.494	2.338	2.389	5.062	5.492	2.569
31.040	R3	2.201	2.201	4.905	4.994	2.516	2.357	2.415	5.058	5.490	2.567
31.080	R3	2.455	2.592	4.715	5.061	2.455	2.355	2.409	5.084	5.443	2.572
31.120	R3	2.537	2.537	5.252	5.406	2.662	2.356	2.423	5.052	5.429	2.566
31.160	R3	2.377	2.377	5.106	5.223	2.782	2.362	2.425	5.046	5.471	2.566
31.200	R3	2.410	2.410	4.963	5.655	2.647	2.362	2.427	5.044	5.511	2.560
31.240	R3	2.067	2.067	5.070	5.564	2.395	2.366	2.432	5.066	5.493	2.554
31.280	R3	2.477	2.601	4.975	5.913	2.504	2.384	2.449	5.044	5.481	2.546
31.320	R3	2.376	2.376	4.874	5.659	2.448	2.383	2.432	5.021	5.456	2.544
31.360	R3	2.496	2.530	5.012	5.433	2.496	2.381	2.431	5.019	5.440	2.535
31.400	R3	2.412	2.538	5.177	5.149	2.415	2.384	2.431	5.051	5.478	2.530
31.440	R3	2.359	2.359	5.060	5.319	2.614	2.383	2.423	5.038	5.446	2.544
31.480	R3	2.330	2.584	4.896	5.251	2.395	2.393	2.446	5.032	5.482	2.544
31.520	R3	2.456	2.525	5.066	6.014	2.456	2.395	2.441	5.015	5.489	2.556
31.560	R3	2.457	2.514	5.071	6.723	2.457	2.387	2.443	5.005	5.480	2.554
31.600	R3	2.248	2.248	5.333	5.330	2.548	2.394	2.450	4.967	5.460	2.553
31.640	R3	2.467	2.467	5.080	4.943	2.606	2.372	2.428	4.954	5.445	2.552
31.680	R3	2.401	2.401	4.893	5.181	2.564	2.388	2.444	4.950	5.450	2.572
31.720	R3	2.239	2.239	5.041	5.357	2.585	2.382	2.432	4.957	5.407	2.575
31.760	R3	2.413	2.413	5.329	5.927	2.570	2.353	2.403	4.963	5.389	2.584
31.800	R3	2.477	2.486	4.950	4.810	2.765	2.333	2.381	4.959	5.355	2.605
31.840	R3	2.405	2.664	4.778	5.722	2.515	2.335	2.377	4.944	5.352	2.626
31.880	R3	2.492	2.492	4.370	5.200	2.689	2.323	2.365	4.958	5.348	2.636
31.920	R3	2.385	2.575	5.065	5.217	2.639	2.309	2.338	4.974	5.340	2.648
31.960	R3	2.510	2.510	4.335	4.833	2.749	2.300	2.341	4.965	5.317	2.667
32.000	R3	1.966	1.966	4.699	5.353	2.629	2.296	2.336	4.958	5.245	2.680
32.040	R3	2.396	2.396	5.004	5.671	2.791	2.299	2.348	4.935	5.235	2.688
32.080	R3	2.349	2.349	5.114	5.041	2.562	2.299	2.348	4.949	5.252	2.695
32.120	R3	1.810	1.810	4.981	5.305	2.642	2.297	2.355	4.939	5.252	2.698
32.160	R3	2.087	2.087	4.945	4.746	2.904	2.308	2.373	4.935	5.259	2.700
32.200	R3	2.459	2.459	4.865	5.106	2.846	2.295	2.361	4.931	5.216	2.696
32.240	R3	2.121	2.121	5.351	5.228	2.816	2.296	2.361	4.952	5.251	2.683
32.280	R3	2.042	2.042	5.212	5.095	2.633	2.300	2.352	4.966	5.219	2.701
32.320	R3	2.284	2.588	4.892	5.544	2.828	2.290	2.342	4.992	5.226	2.694
32.360	R3	2.375	2.400	4.920	5.291	2.710	2.289	2.331	4.991	5.249	2.684
32.400	R3	2.312	2.488	4.876	5.138	2.719	2.289	2.332	5.022	5.350	2.682
32.440	R3	2.465	2.465	5.351	5.283	2.735	2.302	2.345	5.037	5.457	2.673
32.480	R3	2.356	2.555	4.699	5.176	2.623	2.304	2.347	5.030	5.520	2.662
32.520	R3	2.450	2.595	4.972	5.488	2.634	2.303	2.346	5.039	5.606	2.667
32.560	R3	2.169	2.169	5.233	5.079	2.499	2.333	2.385	5.037	5.700	2.656
32.600	R3	2.484	2.484	5.377	5.503	2.499	2.357	2.416	5.044	5.819	2.639
32.640	R3	2.493	2.493	5.058	5.082	2.879	2.349	2.421	5.050	5.932	2.618
32.680	R3	2.286	2.286	4.898	5.332	2.551	2.368	2.450	5.025	6.019	2.608
32.720	R3	2.363	2.363	5.041	5.686	2.436	2.391	2.484	5.005	6.111	2.605
32.760	R3	2.515	2.515	4.953	6.852	2.696	2.400	2.482	5.005	6.171	2.591
32.800	R3	2.226	2.226	4.997	7.496	2.466	2.400	2.494	4.988	6.252	2.586
32.840	R3	2.438	2.438	4.869	6.920	2.567	2.410	2.495	4.989	6.260	2.581
32.880	R3	2.335	2.335	5.299	6.771	2.667	2.408	2.497	4.976	6.274	2.568
32.920	R3	2.406	2.598	4.926	7.186	2.406	2.416	2.500	5.010	6.141	2.563
32.960	R3	2.567	2.699	5.100	7.125	2.567	2.418	2.500	5.023	5.993	2.556
33.000	R3	2.299	2.561	4.978	7.356	2.433	2.431	2.513	5.039	5.875	2.574
33.040	R3	2.497	2.710	4.856	6.971	2.613	2.411	2.492	5.034	5.722	2.574
33.080	R3	2.507	2.719	4.800	6.944	2.574	2.408	2.490	5.062	5.594	2.558
33.120	R3	2.465	2.542	4.903	6.749	2.550	2.404	2.485	5.061	5.466	2.563
33.160	R3	2.368	2.631	4.585	6.897	2.602	2.391	2.472	5.078	5.313	2.572
33.200	R3	2.513	2.513	4.883	5.300	2.628	2.373	2.454	5.111	5.101	2.572
33.240	R3	2.420	2.519	5.089	5.562	2.468	2.381	2.490	5.132	4.846	2.576
33.280	R3	2.516	2.606	5.373	2.531	2.516	2.383	2.492	5.169	4.626	2.586
33.320	R3	2.495	2.589	5.233	2.509	2.495	2.384	2.492	5.175	4.409	2.571
33.360	R3	2.436	2.436	5.565	2.737	2.874	2.385	2.484	5.215	4.182	2.575
33.400	R3	2.071	2.071	5.270	2.442	2.484	2.384	2.477	5.219	3.954	2.585
33.440	R3	2.444	2.444	5.627	2.523	2.571	2.388	2.471	5.225	3.714	2.608
33.480	R3	2.194	2.194	4.877	2.757	2.653	2.383	2.462	5.234	3.486	2.613
33.520	R3	2.106	2.106	5.374	2.625	2.605	2.383	2.468	5.243	3.267	2.609
33.560	R3	2.154	2.154	5.619	2.625	2.711	2.383	2.464	5.259	3.066	2.611
33.600	R3	2.386	2.928	5.410	2.386	2.545	2.385	2.458	5.313	2.842	2.621
33.640	R3	2.494	2.494	5.613	2.526	2.761	2.383	2.469	5.352	2.704	2.616
33.680	R3	2.338	2.338	5.424	2.428	2.354	2.382	2.534	5.350	2.546	2.623
33.720	R3	2.431	2.431	5.729	2.655	2.488	2.382	2.573	5.357	2.546	2.624
33.760	R3	2.550	2.564	5.172	2.550	2.777	2.382	2.652	5.375	2.554	2.624
33.800	R3	2.385	2.434	5.104	2.574	2.894	2.380	2.820	5.390	2.542	2.600
33.840	R3	2.397	2.534	5.037	2.397	2.704	2.394	3.068	5.404	2.538	2.601
33.880	R3	2.496	2.829	4.974	2.578	2.496	2.374	3.048	5.373	2.694	2.600
33.920	R3	2.459	2.459	5.223	2.717	2.602	2.389	3.278	5.400	2.688	2.592
33.960	R3	2.416	2.523	5.659	2.416	2.792	2.419	3.437	5.396	2.692	2.598
34.000	R3	2.466	2.722	5.669	2.547	2.531	2.439	3.553	5.378	2.704	2.589
34.040	R3	2.396	3.817	5.048	2.396	2.607	2.446	3.661	5.393	2.719	2.588
34.080	R3	2.533	3.391	5.511	2.533	2.546	2.447	3.746	5.390	2.721	2.576
34.120	R3	2.494	4.170	5.595	2.668	2.494	2.459	3.873	5.358	2.729	2.588
34.160	R3	2.385	5.787	5.855	2.501	2.385	2.455	3.959	5.360	2.714	2.595
34.200	R3	2.354	7.034	5.562	2.354	2.512	2.447	4.051	5.371	2.706	2.576
34.240	R3	2.042	2.042	5.004	5.642	2.544	2.450	4.166	5.383	2.721	2.554
34.280	R3	2.493	6.810	5.417	2.635	2.493	2.459	4.319	5.384	2.734	2.547
34.320	R3	2.715	5.274	5.301	2.716	2.715	2.452	4.465	5.409	2.723	2.558
34.360	R3	2.547	4.473	5.253	2.857	2.547	2.458	4.590	5.404	2.716	2.564
34.400	R3	2.526	5.084	5.719	2.684	2.526	2.466	4.717	5.381	2.724	2.566
34.440	R3	2.510	4.209	5.544	2.579	2.510	2.465	4.886	5.362	2.737	2.561
34.480	R3	2.577	4.872	4.783	2.577	2.597	2.464	5.019	5.367	2.749	2.549
34.520	R3	2.360	4.146	5.768	2.360	2.619	2.465	5.058	5.361	2.750	2.559
34.560	R3	2.378	4.410	5.394	2.378	2.401	2.462	5.057	5.336	2.746	2.557
34.600	R3	2.457	4.734	5.346	2.888	2.457	2.465	4.959	5.302	2.757	2.559
34.640	R3	2.574	5.586	5.058	2.644	2.574	2.463	4.805	5.291	2.755	2.560
34.680	R3	2.367	5.760	5.481	2.367	2.697	2.485	5.008	5.294	2.596	2.572
34.720	R3	2.575	4.949	5.121	2.575	2.735	2.481	4.896	5.292	2.586	2.572
34.760	R3	2.580	5.071	5.195	2.580	2.826	2.475	4.834	5.276	2.579	2.572
34.800	R3	2.432	6.112	5.294	2.814	2.432	2.472	4.775	5.278	2.566	2.569
34.840	R3	2.377	6.463	5.143	2.627	2.377	2.475	4.696	5.232	2.561	2.574
34.880	R3	2.553	4.180	5.387	2.553	2.744	2.482	4.656	5.190	2.566	2.581
34.920	R3	2.446	4.147	5.105	2.583	2.446	2.483	4.587	5.223	2.578	2.588
34.960	R3	2.429	3.822	5.176	2.718	2.429	2.489	4.560	5.202	2.586	2.581
35.000	R3	2.323	3.955	5.327	2.323	2.526	2.494	4.539	5.198	2.599	2.585
35.040	R3	2.472	6.096	5.072	2.472	2.784	2.494	4.509	5.205	2.578	2.591
35.080	R3	2.423	4.588	5.375	2.423	2.505	2.491	4.407	5.236	2.571	2.593
35.120	R3	2.587	4.031	4.975	2.587	2.702	2.491	4.297	5.229	2.578	2.576
35.160	R3	2.498	3.297	5.294	2.589	2.498	2.486	4.258	5.222	2.572	2.564
35.200	R3	2.588	3.487	4.798	2.588	2.615	2.480	4.164	5.220	2.571	2.546
35.240	R3	2.651	3.410	4.715	2.677	2.651	2.488	4.034	5.224	2.560	2.555
35.280	R3	2.588	3.496	5.444	2.812	2.737	2.501	3.915	5.245	2.560	2.571
35.320	R3	2.480	3.603	5.351	2.521	2.480	2.493	3.887	5.234	2.553	2.560
35.360	R3	2.489	3.995	5.299	2.646	2.489	2.495	3.886	5.250	2.559	2.562
35.400	R3	2.451	4.143	5.489	2.451	2.583	2.498	3.865	5.258	2.556	2.566
35.440	R3	2.514	3.545	5.670	2.514	2.596	2.505	3.866	5.272	2.562	2.569
35.480	R3	2.368	3.551	5.349	2.499	2.368	2.502	3.681	5.269	2.569	2.565
35.520	R3	2.463	4.172	4.987	2.463	2.495	2.509	3.580	5.276	2.578	2.578
35.560	R3	2.465	3.198	5.158	2.557	2.465	2.504	3.542	5.290	2.573	2.579
35.600	R3	2.604	3.498	5.371	2.604	2.604	2.504	3.523	5.287	2.569	2.596
35.640	R3	2.625	4.081	5.562	2.625	2.694	2.509	3.518	5.329	2.574	2.605
35.680	R3	2.402	3.622	5.168	2.402	2.542	2.499	3.554	5.360	2.562	2.609
35.720	R3	2.482	4.123	5.410	2.718	2.482	2.496	3.575	5.343	2.548	2.599
35.760	R3	2.497	3.415	5.355	2.646	2.497	2.502	3.551	5.333	2.552	2.605
35.800	R3	2.456	3.964	5.591	2.456	2.597	2.510	3.556	5.345	2.553	2.615
35.840	R3	2.406	2.406	5.020	2.594	2.695	2.513	3.580	5.334	2.556	2.620
35.880	R3	2.573	2.573	5.506	2.621	2.777	2.507	3.591	5.335	2.550	2.621
35.920	R3	2.478	3.262	5.262	2.478	2.708	2.524	3.606	5.355	2.563	2.637
35.960	R3	2.506	2.921	5.242	2.506	2.845	2.526	3.634	5.340	2.564	2.644
36.000	R3	2.688	3.375	5.633	2.688	2.798	2.526	3.672	5.350	2.560	2.645
36.040	R3	2.449	4.142	5.332	2.449	2.722	2.524	3.682	5.349	2.559	2.647
36.080	R3	2.517	3.904	5.096	2.517	2.548	2.524	3.680	5.343	2.559	2.643
36.120	R3	2.600	3.132	5.167	2.615	2.600	2.530	3.687	5.358	2.581	2.642
36.160	R3	2.666	4.091	5.531	2.666	2.678	2.527	3.652	5.359	2.566	2.655
36.200	R3	2.513	4.623	5.273	2.513	2.698	2.531	3.645	5.359	2.563	2.658
36.240	R3	2.390	3.766	5.695	2.390	2.600	2.528	3.566	5.337	2.565	2.663
36.280	R3	2.698	3.845	5.735	2.744	2.698	2.528	3.566	5.338	2.557	2.660
36.320	R3	2.501	4.738	4.693	2.501	2.628	2.520	3.559	5.317	2.548	2.653
36.360	R3	2.474	3.954	5.364	2.474	2.486	2.502	3.502	5.300	2.556	2.647
36.400	R3	2.568	3.700	5.340	2.568	2.645	2.481	3.459	5.292	2.549	2.638
36.440	R3	2.612	4.052	5.448	2.628	2.612	2.468	3.423	5.258	2.538	2.620
36.480	R3	2.524	3.760	5.469	2.856	2.524	2.463	3.355	5.271	2.533	2.625
36.520	R3	2.418	3.421	5.434	2.418	2.734	2.453	3.275	5.274	2.530	2.635
36.560	R3	2.574	3.265	5.352	2.577	2.574	2.440	3.236	5.272	2.543	2.632
36.600	R3	2.396	2.396	5.154	2.489	2.690	2.418	3.143	5.267	2.537	2.626
36.640	R3	2.406	2.406	5.023	2.438	2.631	2.417	3.037	5.269	2.539	2.623
36.680	R3	2.417	2.417	5.104	2.439	2.634	2.410	2.961	5.264	2.550	2.616
36.720	R3	2.126	2.126	4.909	2.641	2.587	2.396	2.889	5.237	2.553	2.611
36.760	R3	2.076	2.076	5.084	2.374	2.679	2.395	2.788	5.252	2.568	2.606
36.800	R3	2.441	2.654	4.962	2.455	2.441	2.363	2.682	5.227	2.596	2.612
36.840	R3	2.349	2.775	5.585	2.349	2.815	2.332	2.594	5.240	2.584	2.614
36.880	R3	2.302	2.302	5.164	2.465	2.740	2.323	2.521	5.217	2.575	2.624
36.920	R3	2.343	2.343	5.122	2.883	2.547	2.323	2.468	5.211	2.558	2.628
36.960	R3	2.237	2.237	5.426	2.541	2.549	2.315	2.410	5.191	2.560	2.625
37.000	R3	2.497	2.497	5.306	2.551	2.653	2.305	2.365	5.189	2.554	2.628
37.040	R3	2.248	2.248	5.598	2.611	2.451	2.303	2.369	5.170	2.554	2.626
37.080	R3	2.410	2.417	5.211	2.813	2.592	2.305	2.374	5.162	2.564	2.629
37.120	R3	2.480	2.703	4.987	2.797	2.543	2.312	2.385	5.154	2.577	2.641
37.160	R3	1.834	1.834	4.867	3.024	2.606	2.315	2.389	5.148	2.575	2.631
37.200	R3	1.953	1.953	5.603	2.340	2.675	2.318	2.392	5.133	2.576	2.634
37.240	R3	2.435	2.589	4.980	2.447	2.824	2.311	2.383	5.154	2.580	2.638
37.280	R3	2.517	2.701	5.351	2.517	2.605	2.315	2.379	5.143	2.586	2.619
37.320	R3	2.267	2.267	5.026	2.442	2.658	2.320	2.394	5.131	2.588	2.605
37.360	R3	2.356	2.356	5.323	2.460	2.646	2.325	2.402	5.110	2.569	2.603
37.400	R3	2.359	2.481	4.771	2.501	2.648	2.330	2.419	5.097	2.558	2.619
37.440	R3	2.454	2.510	4.863	2.630	2.690	2.308	2.398	5.068	2.557	2.618
37.480	R3	2.560	2.640	4.935	2.692	2.880	2.317	2.416	5.044	2.560	2.635
37.520	R3	2.192	2.192	4.799	2.612	2.373	2.298	2.396	5.037	2.572	2.646
37.560	R3	2.134	2.134	4.774	2.388	2.734	2.301	2.402	5.023	2.603	2.661
37.600	R3	2.291	2.481	5.384	2.535	2.534	2.326	2.434	5.041	2.644	2.660
37.640	R3	2.425	2.685	5.363	2.474	2.425	2.348	2.464	5.039	2.761	2.657
37.680	R3	2.415	2.603	4.933	2.503	2.468	2.351	2.460	5.034	2.895	2.642
37.720	R3	2.442	2.506	4.694	2.497	2.510	2.346	2.454	5.015	3.020	2.651
37.760	R3	2.324	2.590	5.176	2.324	2.864	2.354	2.470	5.012	3.164	2.654
37.800	R3	2.073	2.073	4.720	2.534	2.642	2.355	2.474	4.999	3.312	2.647
37.840	R3	2.425	2.597	5.115	2.675	2.774	2.347	2.460	5.006	3.448	2.640
37.880	R3	2.025	2.025	5.080	3.047	2.821	2.345	2.456	5.026	3.595	2.637
37.920	R3	2.532	2.831	4.698	3.407	2.836	2.335	2.442	5.037	3.722	2.623
37.960	R3	2.351	2.467	5.233	3.850	2.593	2.348	2.455	5.049	3.855	2.632
38.000	R3	2.382	2.552	5.560	4.687	2.614	2.362	2.470	5.078	3.994	2.616
38.040	R3	2.501	2.501	4.881	5.126	2.522	2.372	2.481	5.064	4.126	2.614
38.080	R3	2.420	2.591	4.978	5.018	2.797	2.367	2.463	5.056	4.253	2.624
38.120	R3	2.423	2.576	4.956	5.319	2.711	2.363	2.450	5.080	4.382	2.630
38.160	R3	2.365	2.437	5.064	5.413	2.512	2.361	2.444	5.109	4.518	2.645
38.200	R3	2.216	2.216	4.908	5.226	2.497	2.365	2.435	5.127	4.678	2.635
38.240	R3	2.403	2.414	5.273	5.564	2.627	2.379	2.453	5.151	4.811	2.637
38.280	R3	2.359	2.359	5.147	5.241	2.603	2.380	2.454	5.154	4.932	2.623
38.320	R3	2.457	2.457	5.049	5.281	2.558	2.396	2.481	5.165	5.050	2.607
38.360	R3	2.403	2.434	5.353	5.154	2.403	2.387	2.464	5.211	5.157	2.594
38.400	R3	2.509	2.712	5.104	5.171	2.509	2.394	2.465	5.206	5.278	2.594
38.440	R3	2.313	2.313	5.195	5.023	2.615	2.396	2.473	5.175	5.366	2.608
38.480	R3	2.342	2.342	5.406	5.092	2.587	2.402	2.753	5.200	5.241	2.613
38.520	R3	2.394	2.394	5.281	5.201	2.812	2.398	2.753	5.207	5.333	2.589
38.560	R3	2.411	2.411	5.543	5.535	2.658	2.401	2.940	5.224	5.191	2.585
38.600	R3	2.350	2.432	5.188	5.184	2.685	2.403	3.144	5.231	5.045	2.579
38.640	R3	2.439	2.622	5.189	5.107	2.503	2.406	3.276	5.246	4.908	2.568
38.680	R3	2.347	2.565	5.290	5.408	2.496	2.414	3.389	5.251	4.758	2.570
38.720	R3	2.352	2.488	5.623	5.547	2.568	2.422	3.600	5.244	4.622	2.576
38.760	R3	2.483	2.485	5.119	6.262	2.592	2.423	3.853	5.255	4.483	2.584
38.800	R3	2.439	2.713	4.950	6.439	2.894	2.431	4.077	5.261	4.352	2.608
38.840	R3	2.623	8.088	5.375	2.633	2.623	2.425	4.269	5.264	4.214	2.619
38.880	R3	2.333	2.598	5.119	6.853	2.333	2.428	4.523	5.257	4.082	2.617
38.920	R3	2.487	6.324	5.298	2.487	2.622	2.440	4.797	5.255	3.957	2.617
38.960	R3	2.396	6.503	5.203	2.496	2.396	2.448	5.076	5.257	3.825	2.627
39.000	R3	2.273	4.856	5.220	2.490	2.273	2.449	5.375	5.233	3.679	2.615
39.040	R3	2.558	4.680	5.372	2.558	2.674	2.449	5.665	5.244	3.537	2.609
39.080	R3	2.527	6.576	5.009	2.527	2.715	2.450	5.912	5.234	3.405	2.612
39.120	R3	2.485	7.516	5.271	2.485	2.726	2.461	6.089	5.249	3.263	2.624
39.160	R3	2.551	6.925	5.454	2.551	2.873	2.462	6.391	5.220	3.104	2.625
39.200	R3	2.400	6.557	5.170	2.400	2.740	2.459	6.681	5.240	2.912	2.628
39.240	R3	2.375	7.387	5.064	2.375	2.578	2.457	6.862	5.261	2.710	2.615
39.280	R3	2.580	7.822	5.352	2.606	2.580	2.450	6.875	5.266	2.703	2.619
39.320	R3	2.551	7.968	5.339	2.551	3.006	2.456	7.161	5.288	2.483	2.626
39.360	R3	2.429	8.406	5.051	2.618	2.429	2.448	7.232	5.295	2.475	2.640
39.400	R3	2.343	8.220	5.412	2.343	2.556	2.461	7.297	5.305	2.483	2.662
39.440	R3	2.472	7.570	4.982	2.472	2.556	2.464	7.333	5.298	2.475	2.686
39.480	R3	2.568	6.091	5.587	2.568	2.753	2.452	7.317	5.274	2.463	2.678
39.520	R3	2.365	8.535	5.060	2.365	2.587	2.446	7.166	5.276	2.461	2.668
39.560	R3	2.430	8.285	5.504	2.430	2.639	2.451	7.009	5.278	2.466	2.664
39.600	R3	2.394	6.324	5.375	2.394	2.634	2.442	6.861	5.268	2.469	2.659
39.640	R3	2.489	8.350	5.472	2.489	2.714	2.453	6.767	5.264	2.489	2.661
39.680	R3	2.452	8.323	5.571	2.452	2.479	2.454	6.612	5.275	2.505	2.670
39.720	R3	2.319	7.742	5.423	2.319	2.898	2.448	6.412	5.258	2.507	2.669
39.760	R3	2.668	7.816	5.408	2.668	2.830	2.433	6.245	5.269	2.514	2.654
39.800	R3	2.331	5.569	5.081	2.331	2.748	2.438	6.046	5.273	2.515	2.665
39.840	R3	2.308	4.360	4.895	2.308	2.524	2.443	5.868	5.268	2.526	2.668
39.880	R3	2.411	3.563	5.049	2.493	2.510	2.433	5.698	5.286	2.528	2.670
39.920	R3	2.582	4.377	5.305	2.582	2.650	2.422	5.622	5.275	2.521	2.662
39.960	R3	2.382	3.956	5.270	2.609	2.778	2.428	5.394	5.289	2.527	2.661
40.000	R3	2.619	4.670	5.084	2.800	2.776	2.426	5.159	5.281	2.531	2.653
40.040	R3	2.380	4.296	5.286	2.699	2.751	2.424	5.051	5.247	2.533	2.649
40.080	R3	2.469	3.821	5.012	2.648	2.562	2.418	4.834	5.227	2.541	2.633
40.120	R3	2.255	4.635	5.555	2.693	2.700	2.411	4.618	5.196	2.538	2.636
40.160	R3	2.522	4.424	5.132	2.633	2.663	2.419	4.435	5.157	2.566	2.615
40.200	R3	2.437	4.653	5.305	2.569	2.612	2.404	4.256	5.143	2.560	2.594
40.240	R3	2.281	4.162	5.358	2.508	2.598	2.410	4.156	5.160	2.575	2.580
40.280	R3	2.343	4.582	5.349	2.430	2.584	2.419	4.123	5.187	2.586	2.591
40.320	R3	2.495	3.962	5.344	2.495	2.566	2.413	4.118	5.208	2.590	2.601
40.360	R3	2.386	3.588	5.352	2.494	2.483	2.405	4.040	5.198	2.588	2.605
40.400	R3	2.348	4.161	4.699	2.435	2.560	2.410	3.981	5.199	2.582	2.598
40.440	R3	2.381	4.016	5.071	2.660	2.381	2.401	3.884	5.198	2.573	2.583
40.480	R3	2.310	3.998	4.946	2.396	2.545	2.401	3.828	5.198	2.574	2.565
40.520	R3	2.472	4.088	4.637	2.869	2.472	2.397	3.778	5.185	2.561	2.563
40.560	R3	2.367	4.229	5.125	2.554	2.419	2.395	3.657	5.147	2.565	2.565
40.600	R3	2.461	3.588	5.424	2.633	2.461	2.390	3.585	5.141	2.566	2.561
40.640	R3	2.485	3.697	5.439	2.514	2.743	2.393	3.493	5.139	2.564	2.558
40.680	R3	2.293	3.448	5.470	2.583	2.711	2.402	3.416	5.130	2.571	2.554
40.720	R3	2.405	2.815	5.108	2.547	2.730	2.410	3.315	5.120	2.591	2.551
40.760	R3	2.487	2.792	5.284	2.487	2.633	2.415	3.248	5.108	2.615	2.555
40.800	R3	2.435	2.722	5.063	2.608	2.482	2.417	3.211	5.109	2.612	2.564
40.840	R3	2.397	3.176	5.278	2.731	2.397	2.425	3.128	5.141	2.623	2.570
40.880	R3	2.379	2.827	4.770	2.379	2.517	2.419	3.059	5.141	2.620	2.588
40.920	R3	2.218	2.218	4.782	2.768	2.737	2.425	2.980	5.146	2.627	2.599
40.960	R3	2.431	2.978	5.026	2.659	2.589	2.420	2.894	5.174	2.615	2.604
41.000	R3	2.490	2.807	5.262	2.523	2.544	2.422	2.803	5.174	2.608	2.617
41.040	R3	2.455	2.636	5.164	2.658	2.532	2.417	2.757	5.150	2.597	2.636
41.080	R3	2.505	2.549	5.154	2.835	2.520	2.416	2.707	5.118	2.602	2.637
41.120	R3	2.590	2.618	5.106	2.973	2.652	2.418	2.675	5.101	2.593	2.627
41.160	R3	2.438	2.853	5.379	2.438	2.666	2.419	2.679	5.096	2.600	2.613
41.200	R3	2.502	2.502	5.327	2.647	2.666	2.423	2.676	5.085	2.605	2.616
41.240	R3	2.272	2.634	5.082	2.602	2.749	2.419	2.670	5.088	2.598	2.625
41.280	R3	2.430	2.430	5.049	2.533	2.762	2.417	2.642	5.082	2.586	2.638
41.320	R3	2.359	2.359	5.184	2.621	2.578	2.412	2.615	5.105	2.612	2.643
41.360	R3	2.408	2.408	5.136	2.427	2.662	2.428	2.637	5.139	2.600	2.641
41.400	R3	2.373	2.682	4.940	2.403	2.842	2.429	2.622	5.133	2.594	2.635
41.440	R3	2.457	2.694	4.797	2.612	2.781	2.430	2.615	5.161	2.595	2.634
41.480	R3	2.342	2.801	5.134	2.401	2.509	2.431	2.681	5.166	2.590	2.630
41.520	R3	2.425	2.900	5.001	2.686	2.453	2.422	2.682	5.160	2.588	2.620
41.560	R3	2.549	2.722	5.074	2.604	2.679	2.411	2.678	5.149	2.564	2.620
41.600	R3	2.360	2.608	5.106	2.464	2.666	2.416	2.664	5.146	2.575	2.635
41.640	R3	2.363	2.616	5.173	2.492	2.659	2.408	2.669	5.138	2.560	2.625
41.680	R3	2.282	2.282	5.230	2.896	2.612	2.412	2.670	5.156	2.547	2.638
41.720	R3	2.521	2.669	5.451	2.521	2.707	2.415	2.686	5.158	2.550	2.632
41.760	R3	2.458	2.666	4.915	2.549	2.458	2.414	2.772	5.153	2.543	2.629
41.800	R3	2.522	2.679	5.809	2.533	2.522	2.419	2.889	5.154	2.550	2.622
41.840	R3	2.465	3.943	5.273	2.573	2.465	2.425	2.985	5.159	2.555	2.609
41.880	R3	2.321	2.574	5.025	2.785	2.321	2.426	2.989	5.174	2.561	2.607
41.920	R3	2.377	2.541	4.897	2.485	2.650	2.428	2.975	5.186	2.560	2.615
41.960	R3	2.533	2.575	5.316	2.661	2.962	2.427	2.951	5.196	2.548	2.630
42.000	R3	2.352	2.608	5.175	2.352	2.464	2.422	2.953	5.187	2.545	2.627
42.040	R3	2.349	2.643	5.439	2.349	3.007	2.431	2.961	5.202	2.550	2.631
42.080	R3	2.478	2.741	5.075	2.580	2.650	2.433	2.950	5.206	2.559	2.628
42.120	R3	2.344	4.090	5.092	2.482	2.517	2.440	2.957	5.207	2.541	2.627
42.160	R3	2.514	4.748	5.164	2.574	2.514	2.432	2.948	5.198	2.543	2.610
42.200	R3	2.492	4.592	5.028	2.492	2.591	2.428	2.934	5.204	2.540	2.628
42.240	R3	2.478	2.779	5.096	2.742	2.729	2.419	2.924	5.170	2.535	2.631
42.280	R3	2.380	2.518	5.375	2.380	2.674	2.415	2.855	5.175	2.531	2.640
42.320	R3	2.392	2.428	5.209	2.438	2.760	2.410	2.837	5.193	2.521	2.664
42.360	R3	2.456	2.761	4.891	2.550	2.602	2.408	2.827	5.206	2.521	2.657
42.400	R3	2.546	2.761	5.405	2.573	2.748	2.399	2.820	5.208	2.505	2.638
42.440	R3	2.406	2.406	5.264	2.669	2.613	2.401	2.818	5.210	2.518	2.651
42.480	R3	2.420	2.420	5.243	2.524	2.590	2.391	2.793	5.213	2.528	2.630
42.520	R3	2.354	2.485	5.261	2.564	2.354	2.379	2.769	5.219	2.526	2.633
42.560	R3	2.388	2.388	5.034	2.501	2.821	2.384	2.685	5.264	2.537	2.640
42.600	R3	2.339	2.481	5.139	2.419	2.596	2.378	2.573	5.259	2.533	2.640
42.640	R3	2.376	2.552	5.368	2.496	2.635	2.380	2.470	5.278	2.535	2.642
42.680	R3	2.230	2.230	5.388	2.587	2.810	2.380	2.460	5.304	2.532	2.639
42.720	R3	2.333	2.333	5.151	2.491	2.511	2.377	2.465	5.304	2.539	2.637
42.760	R3	2.345	2.432	5.366	2.345	2.570	2.379	2.466	5.320	2.541	2.625
42.800	R3	2.390	2.563	5.208	2.598	2.729	2.378	2.454	5.327	2.536	2.622
42.840	R3	2.157	2.157	5.496	2.560	2.591	2.371	2.441	5.303	2.532	2.611
42.880	R3	2.248	2.248	5.195	2.525	2.706	2.372	2.442	5.280	2.522	2.612
42.920	R3	2.426	2.426	6.007	2.711	2.663	2.370	2.440	5.259	2.519	2.609
42.960	R3	2.400	2.493	5.068	2.492	2.496	2.373	2.437	5.237	2.514	2.624
43.000	R3	2.536	2.536	5.396	2.541	2.644	2.374	2.437	5.229	2.515	2.631
43.040	R3	2.488	2.578	5.612	2.681	2.672	2.379	2.435	5.210	2.651	2.631
43.080	R3	2.309	2.615	5.389	2.508	2.626	2.379	2.433	5.198	2.780	2.628
43.120	R3	2.428	2.450	5.522	2.487	2.517	2.387	2.445	5.173	2.913	2.614
43.160	R3	2.447	2.530	5.023	2.447	2.548	2.387	2.454	5.161	3.057	2.614
43.200	R3	2.406	2.505	4.927	2.484	2.520	2.393	2.457	5.154	3.228	2.628
43.240	R3	2.424	2.424	4.805	2.470	2.640	2.396	2.468	5.149	3.378	2.614
43.280	R3	2.371	2.371	4.819	2.479	2.523	2.409	2.481	5.124	3.514	2.613
43.320	R3	2.424	2.424	4.834	2.452	2.656	2.416	2.488	5.113	3.646	2.617
43.360	R3	2.396	2.396	4.877	2.530	2.973	2.415	2.496	5.063	3.776	2.619
43.400	R3	2.441	2.441	4.758	5.143	2.580	2.416	2.513	5.069	3.937	2.670
43.440	R3	2.377	2.502	5.120	5.074	2.578	2.411	2.525	5.054	4.073	2.719
43.480	R3	2.400	2.470	4.891	5.238	2.536	2.412	2.539	5.014	4.191	2.772
43.520	R3	2.320	2.523	4.910	5.371	2.512	2.423	2.601	5.003	4.329	2.840
43.560	R3	2.466	2.483	5.218	5.758	2.841	2.419	2.660	4.982	4.469	2.902
43.600	R3	2.455	2.790	5.117	5.618	2.455	2.418	2.722	4.965	4.613	2.984
43.640	R3	2.415	2.415	4.986	5.269	2.584	2.422	2.791	4.966	4.742	3.050
43.680	R3	2.396	2.396	4.976	5.176	2.776	2.427	2.829	4.963	4.899	3.076
43.720	R3	2.410	2.576	5.006	5.306	2.695	2.426	2.856	4.985	5.054	3.120
43.760	R3	2.415	2.843	5.185	5.715	3.530	2.428	2.972	5.007	5.192	3.136
43.800	R3	2.429	2.760	5.109	5.256	3.613	2.426	3.022	5.029	5.337	3.149
43.840	R3	2.515	2.873	4.809	5.041	3.742	2.423	3.046	5.031	5.358	3.177
43.880	R3	2.532	3.854	5.167	5.262	3.979	2.429	3.076	5.003	5.365	3.223
43.920	R3	2.343	3.621	5.104	5.283	3.753	2.430	3.073	5.009	5.403	3.222
43.960	R3	2.421	3.781	4.679	5.337	4.204	2.415	3.048	5.024	5.441	3.228
44.000	R3	2.489	3.880	4.940	5.069	3.837	2.413	3.129	5.030	5.430	3.213
44.040	R3	2.528	3.191	4.762	5.595	3.147	2.409	3.169	5.013	5.397	3.212
44.080	R3	2.351	2.906	5.260	5.582	3.404	2.410	3.250	5.008	5.431	3.209
44.120	R3	2.454	4.741	5.256	5.209	2.980	2.411	3.323	4.996	5.434	3.202
44.160	R3	2.370	3.385	5.329	5.438	3.241	2.414	3.394	4.987	5.415	3.194
44.200	R3	2.370	2.937	4.802	5.557	3.126	2.416	3.437	4.968	5.254	3.148
44.240	R3	2.509	3.097	4.553	5.224	3.506	2.415	3.495	4.948	5.123	3.106
44.280	R3	2.407	2.407	5.019	5.983	2.525	2.414	3.537	4.966	5.003	3.055
44.320	R3	2.028	2.028	5.192	6.150	2.614	2.409	3.538	4.971	4.869	3.000
44.360	R3	2.415	4.106	5.353	5.534	2.547	2.410	3.546	4.965	4.735	2.943
44.400	R3	2.384	3.587	4.762	4.947	2.441	2.411	3.563	4.997	4.598	2.866
44.440	R3	2.434	4.032	4.895	5.948	2.514	2.402	3.563	5.002	4.460	2.809
44.480	R3	2.425	3.857	4.730	5.237	2.648	2.401	3.608	5.003	4.306	2.795
44.520	R3	2.466	4.005	4.829	4.941	2.533	2.403	3.637	4.996	4.148	2.749
44.560	R3	2.449	3.701	4.801	2.494	2.610	2.403	3.549	5.007	4.011	2.731
44.600	R3	2.405	3.903	4.715	2.631	2.771	2.404	3.555	5.007	3.859	2.707
44.640	R3	2.504	3.726	5.168	2.633	2.713	2.408	3.625	5.019	3.706	2.677
44.680	R3	2.435	3.865	5.280	2.595	2.878	2.407	3.629	5.052	3.573	2.626
44.720	R3	2.349	3.778	4.973	2.587	2.625	2.409	3.659	5.081	3.397	2.641
44.760	R3	2.444	4.128	5.331	2.599	2.659	2.426	3.709	5.067	3.214	2.683
44.800	R3	2.320	3.885	5.035	2.320	2.695	2.421	3.635	5.037	3.067	2.678
44.840	R3	2.503	4.086	4.784	2.503	2.864	2.423	3.578	5.060	2.944	2.686
44.880	R3	2.394	3.488	5.112	2.428	2.495	2.424	3.516	5.067	2.770	2.708
44.920	R3	2.447	2.971	5.477	2.478	2.617	2.427	3.521	5.087	2.657	2.730
44.960	R3	2.390	3.508	5.336	2.390	2.757	2.424	3.538	5.096	2.536	2.774
45.000	R3	2.448	4.338	5.036	2.504	2.526	2.419	3.472	5.126	2.688	2.761
45.040	R3	2.492	3.187	5.222	2.567	2.492	2.419	3.397	5.148	2.820	2.748
45.080	R3	2.444	3.009	5.584	2.444	2.811	2.427	3.344	5.145	2.921	2.758
45.120	R3	2.380	3.011	4.918	2.494	3.464	2.435	3.289	5.154	3.060	2.744
45.160	R3	2.311	2.641	4.757	2.608	2.445	2.446	3.230	5.157	3.200	2.745
45.200	R3	2.418	2.436	5.217	2.488	2.608	2.445	3.144	5.194	3.343	2.733
45.240	R3	2.450	2.801	5.045	2.450	2.945	2.426	3.047	5.213	3.522	2.724
45.280	R3	2.488	3.957	5.113	2.977	3.097	2.401	2.943	5.228	3.661	2.703
45.320	R3	2.406	4.342	5.018	2.527	3.404	2.400	2.888	5.222	3.811	2.698
45.360	R3	2.361	2.385	5.392	5.529	2.361	2.388	2.849	5.237	3.954	2.698
45.400	R3	2.393	2.393	5.171	5.288	2.504	2.369	2.774	5.247	4.105	2.695
45.440	R3	2.662	2.662	5.103	4.641	2.910	2.366	2.677	5.257	4.260	2.703
45.480	R3	2.598	2.784	5.450	5.378	2.598	2.363	2.643	5.247	4.399	2.709
45.520	R3	2.578	2.586	5.048	5.393	2.641	2.363	2.625	5.203	4.555	2.691
45.560	R3	2.419	2.419	6.069	5.462	2.421	2.362	2.593	5.210	4.700	2.647
45.600	R3	1.935	1.935	5.402	5.883	2.520	2.349	2.563	5.250	4.829	2.667
45.640	R3	2.004	2.004	5.083	5.285	2.435	2.337	2.551	5.248	4.983	2.667
45.680	R3	2.382	2.382	4.997	5.442	2.403	2.335	2.536	5.245	5.131	2.646
45.720	R3	2.203	2.203	5.785	5.331	2.613	2.307	2.435	5.276	5.251	2.621
45.760	R3	2.007	2.007	5.539	5.415	2.699	2.307	2.340	5.303	5.435	2.584
45.800	R3	2.391	2.391	5.234	5.595	2.694	2.310	2.458	5.297	5.280	2.660
45.840	R3	2.428	2.509	5.008	5.355	2.612	2.313	2.461	5.329	5.302	2.664
45.880	R3	2.440	2.661	4.718	5.562	2.440	2.293	2.442	5.329	5.320	2.651
45.920	R3	2.355	2.355	5.046	5.384	2.585	2.288	2.431	5.335	5.247	2.646
45.960	R3	2.054	2.054	5.554	5.189	2.853	2.284	2.429	5.330	5.150	2.648
46.000	R3	2.187	2.187	5.188	5.574	2.611	2.291	2.438	5.263	5.050	2.655
46.040	R3	2.405	2.508	4.972	5.404	2.527	2.328	2.475	5.248	4.931	2.668
46.080	R3	1.940	1.940	5.746	5.384	2.580	2.350	2.501	5.240	4.879	2.685
46.120	R3	2.393	2.437	5.547	6.204	2.670	2.352	2.521	5.247	4.808	2.694
46.160	R3	2.421	4.740	5.288	2.421	3.884	2.362	2.531	5.217	4.754	2.715
46.200	R3	2.454	2.454	5.807	5.728	2.590	2.392	2.563	5.187	4.673	2.717
46.240	R3	2.275	2.275	5.089	5.016	2.638	2.392	2.571	5.167	4.630	2.716
46.280	R3	2.498	2.577	5.583	3.917	2.512	2.390	2.588	5.153	4.546	2.716
46.320	R3	2.495	2.550	4.935	3.451	2.669	2.391	2.580	5.180	4.465	2.730
46.360	R3	2.560	2.594	4.737	3.449	2.560	2.396	2.584	5.208	4.392	2.731
46.400	R3	2.675	2.675	5.102	3.518	2.780	2.415	2.615	5.198	4.340	2.710
46.440	R3	2.437	2.531	4.918	4.239	2.783	2.429	2.629	5.199	4.335	2.709
46.480	R3	2.425	2.774	5.144	4.018	2.586	2.417	2.611	5.229	4.330	2.712
46.520	R3	2.411	2.411	5.183	4.249	3.027	2.419	2.614	5.213	4.260	2.725
46.560	R3	2.595	2.647	4.935	3.795	2.735	2.422	2.614	5.210	4.177	2.716
46.600	R3	2.397	2.539	4.840	4.751	2.688	2.420	2.510	5.219	4.235	2.641
46.640	R3	2.386	2.852	4.730	3.660	2.613	2.391	2.482	5.184	4.125	2.648
46.680	R3	2.459	2.494	5.262	3.947	2.709	2.401	2.491	5.205	4.037	2.641
46.720	R3	2.446	2.446	5.606	3.934	2.600	2.400	2.497	5.191	3.966	2.654
46.760	R3	2.442	2.661	5.344	4.149	2.442	2.397	2.491	5.203	3.925	2.652
46.800	R3	2.474	2.474	5.219	5.473	2.581	2.383	2.485	5.230	3.879	2.638
46.840	R3	2.153	2.153	5.572	5.290	2.590	2.372	2.480	5.225	3.841	2.622
46.880	R3	1.991	1.991	5.428	3.994	2.848	2.372	2.492	5.251	3.763	2.605
46.920	R3	2.440	2.440	5.482	4.535	2.496	2.379	2.481	5.241	3.695	2.609
46.960	R3	2.384	2.670	5.457	3.595	2.384	2.378	2.485	5.245	3.602	2.592
47.000	R3	1.887	1.887	5.124	3.514	2.726	2.366	2.473	5.249	3.539	2.578
47.040	R3	2.461	2.461	5.501	3.270	2.501	2.366	2.466	5.255	3.427	2.582
47.080	R3	2.490	2.688	5.292	2.490	2.774	2.367	2.451	5.266	3.382	2.572
47.120	R3	2.437	2.437	5.189	2.626	2.615	2.369	2.451	5.253	3.315	2.570
47.160	R3	2.275	2.460	5.270	2.529	2.275	2.372	2.454	5.203	3.264	2.579
47.200	R3	2.441	2.583	5.002	2.768	2.469	2.372	2.443	5.182	3.179	2.590
47.240	R3	2.445	2.766	5.438	2.673	2.445	2.372	2.445	5.168	3.035	2.587
47.280	R3	2.566	2.566	4.939	2.647	2.658	2.368	2.441	5.154	2.899	2.587
47.320	R3	2.394	2.476	5.279	2.394	2.690	2.399	2.471	5.113	2.830	2.577
47.360	R3	2.346	2.419	5.010	2.539	2.453	2.375	2.448	5.109	2.726	2.598
47.400	R3	2.399	2.399	4.959	2.514	2.768	2.377	2.441	5.094	2.667	2.620
47.440	R3	2.412	2.543	4.949	2.763	2.412	2.399	2.464	5.099	2.608	2.614
47.480	R3	2.490	2.490	4.997	2.604	2.681	2.405	2.472	5.098	2.573	2.631
47.520	R3	2.514	2.514	4.601	2.918	2.777	2.412	2.472	5.081	2.580	2.624
47.560	R3	2.432	2.439	4.925	2.432	2.666	2.398	2.458	5.079	2.578	2.635
47.600	R3	2.492	2.511	4.947	2.609	2.510	2.412	2.474	5.058	2.587	2.649
47.640	R3	2.070	2.070	5.291	2.571	2.589	2.414	2.489	5.056	2.573	2.656
47.680	R3	2.597	2.597	4.609	2.598	2.648	2.418	2.477	5.048	2.566	2.661
47.720	R3	1.976	1.976	5.408	2.458	2.923	2.419	2.487	5.057	2.562	2.661
47.760	R3	2.424	2.545	5.154	2.424	2.827	2.423	2.488	5.061	2.567	2.664
47.800	R3	2.325	2.334	5.217	2.325	2.590	2.428	2.489	5.061	2.572	2.671
47.840	R3	2.582	2.621	5.495	2.582	2.842	2.432	2.493	5.065	2.581	2.661
47.880	R3	2.628	2.692	4.944	2.628	2.643	2.431	2.493	5.077	2.562	2.679
47.920	R3	2.158	2.158	5.153	2.591	2.836	2.430	2.497	5.097	2.556	2.680
47.960	R3	2.544	2.779	4.852	2.709	2.544	2.426	2.493	5.139	2.538	2.692
48.000	R3	2.480	2.879	4.962	2.480	2.611	2.410	2.477	5.133	2.545	2.685
48.040	R3	2.526	2.528	5.267	2.526	2.560	2.396	2.462	5.137	2.556	2.683
48.080	R3	2.583	2.764	5.127	2.583	2.650	2.421	2.487	5.123	2.559	2.691
48.120	R3	2.484	2.500	5.345	2.484	2.750	2.416	2.482	5.166	2.593	2.690
48.160	R3	2.445	2.445	5.026	2.646	2.600	2.434	2.499	5.183	2.602	2.676
48.200	R3	2.474	2.474	5.042	2.683	2.554	2.437	2.497	5.200	2.667	2.659
48.240	R3	2.399	2.542	5.185	2.399	2.769	2.441	2.501	5.230	2.791	2.670
48.280	R3	2.469	2.569	5.388	2.469	2.700	2.438	2.496	5.221	2.952	2.660
48.320	R3	2.435	2.435	5.454	2.572	3.025	2.429	2.486	5.239	3.119	2.650
48.360	R3	2.113	2.113	4.785	2.571	2.535	2.444	2.505	5.249	3.238	2.631
48.400	R3	2.210	2.210	5.042	2.827	2.470	2.416	2.466	5.279	3.330	2.626
48.440	R3	2.575	2.575	4.997	2.630	2.740	2.418	2.448	5.311	3.399	2.628
48.480	R3	2.500	2.500	5.476	3.271	2.632	2.391	2.421	5.353	3.465	2.625
48.520	R3	2.324	2.324	5.742	2.633	2.636	2.367	2.388	5.378	3.509	2.623
48.560	R3	2.482	2.502	5.496	3.734	2.482	2.367	2.387	5.371	3.537	2.610
48.600	R3	2.402	2.402	5.815	4.813	2.813	2.370	2.393	5.373	3.588	2.606
48.640	R3	2.526	2.526	5.314	5.782	2.647	2.371	2.395	5.373	3.579	2.615
48.680	R3	2.443	2.503	5.302	5.978	2.443	2.373	2.399	5.372	3.594	2.598
48.720	R3	2.460	2.537	5.364	4.964	2.460	2.369	2.392	5.364	3.593	2.582
48.760	R3	1.998	1.998	5.452	4.557	2.433	2.352	2.376	5.353	3.600	2.555
48.800	R3	2.505	2.505	5.609	3.866	2.661	2.365	2.405	5.361	3.618	2.547
48.840	R3	2.002	2.002	6.092	3.847	2.494	2.369	2.409	5.366	3.608	2.544
48.880	R3	2.102	2.102	5.628	3.448	2.621	2.365	2.406	5.374	3.606	2.532
48.920	R3	2.478	2.478	5.203	3.049	2.487	2.366	2.407	5.357	3.569	2.528
48.960	R3	2.507	2.563	5.081	3.667	2.507	2.344	2.385	5.324	3.594	2.522
49.000	R3	2.494	2.512	5.026	2.494	2.739	2.351	2.391	5.304	3.551	2.534
49.040	R3	2.429	2.621	5.167	2.701	2.429	2.353	2.405	5.268	3.499	2.516
49.080	R3	2.387	2.439	5.228	2.454	2.387	2.356	2.422	5.263	3.388	2.512
49.120	R3	2.102	2.102	5.247	2.710	2.490	2.350	2.414	5.267	3.232	2.514
49.160	R3	2.372	2.695	4.933	2.936	2.372	2.354	2.417	5.231	3.110	2.518
49.200	R3	2.287	2.287	5.144	2.625	2.401	2.385	2.453	5.222	3.061	2.527
49.240	R3	2.497	2.517	5.171	2.595	2.497	2.383	2.450	5.196	3.008	2.531
49.280	R3	2.520	2.530	5.116	2.520	2.550	2.407	2.522	5.166	2.939	2.542
49.320	R3	1.883	1.883	5.083	3.146	2.519	2.433	2.594	5.131	2.947	2.542
49.360	R3	2.622	2.622	5.101	2.868	2.731	2.432	2.601	5.132	2.917	2.556
49.400	R3	2.446	2.671	5.095	3.779	2.446	2.438	2.604	5.148	2.875	2.566
49.440	R3	2.576	2.881	5.210	3.554	2.576	2.432	2.621	5.133	2.891	2.549
49.480	R3	2.338	2.338	5.391	2.858	2.473	2.431	2.610	5.148	2.890	2.556
49.520	R3	2.534	2.590	4.646	2.534	2.537	2.423	2.601	5.128	2.904	2.582
49.560	R3	2.623	2.713	5.273	3.561	2.623	2.444	2.623	5.096	2.897	2.621
49.600	R3	2.461	2.461	5.088	2.811	2.736	2.448	2.611	5.086	2.875	2.651
49.640	R3	2.476	3.426	5.494	2.476	2.716	2.455	2.629	5.070	2.865	2.694
49.680	R3	2.621	3.551	4.915	3.592	2.621	2.455	2.628	5.057	2.862	2.754
49.720	R3	2.466	2.624	5.220	2.466	2.770	2.439	2.612	5.046	2.864	2.783
49.760	R3	2.617	2.617	5.413	2.815	2.716	2.472	2.645	5.066	2.833	2.791
49.800	R3	2.381	2.847	4.731	2.809	2.381	2.461	2.651	5.070	2.814	2.793
49.840	R3	2.411	2.411	5.469	2.694	2.568	2.460	2.644	5.069	2.757	2.827
49.880	R3	2.226	2.243	4.828	2.731	2.922	2.450	2.628	5.062	2.718	2.842
49.920	R3	2.528	2.552	4.598	2.577	3.265	2.431	2.609	5.066	2.712	2.840
49.960	R3	2.447	2.462	4.741	2.490	2.974	2.428	2.617	5.118	2.709	2.840
50.000	R3	2.430	2.644	4.812	2.430	3.255	2.426	2.615	5.122	2.660	2.861
50.040	R3	2.493	2.493	4.904	2.527	3.696	2.426	2.626	5.108	2.651	2.882
50.080	R3	2.202	2.202	4.908	2.551	3.141	2.427	2.581	5.111	2.655	2.888
50.120	R3	2.534	2.559	5.482	2.545	2.669	2.416	2.524	5.148	2.599	2.892
50.160	R3	2.412	2.740	5.188	2.487	2.776	2.410	2.533	5.135	2.604	2.876
50.200	R3	2.423	2.516	5.078	2.639	3.131	2.401	2.529	5.122	2.614	2.862
50.240	R3	2.366	2.566	5.055	2.774	2.869	2.402	2.524	5.154	2.597	2.869
50.280	R3	1.969	1.969	5.477	2.723	2.426	2.402	2.524	5.140	2.612	2.874
50.320	R3	2.476	2.736	5.676	2.476	2.552	2.412	2.533	5.166	2.606	2.867
50.360	R3	2.575	2.671	5.369	2.584	3.034	2.406	2.535	5.192	2.609	2.829
50.400	R3	2.475	2.697	4.804	2.633	3.160	2.401	2.551	5.195	2.618	2.812
50.440	R3	2.488	2.516	5.543	2.564	2.841	2.399	2.539	5.215	2.618	2.775
50.480	R3	2.406	2.406	5.668	2.456	2.686	2.389	2.549	5.224	2.607	2.729
50.520	R3	2.349	2.807	4.955	2.578	2.455	2.394	2.554	5.230	2.601	2.700
50.560	R3	2.433	2.550	5.158	3.018	2.433	2.388	2.551	5.210	2.615	2.691
50.600	R3	2.400	2.741	5.359	2.471	2.536	2.387	2.548	5.202	2.618	2.688
50.640	R3	2.402	2.402	5.191	2.978	2.663	2.389	2.559	5.211	2.625	2.667
50.680	R3	2.428	2.428	5.364	2.622	2.783	2.395	2.558	5.214	2.612	2.654
50.720	R3	2.414	2.599	5.109	2.634	2.506	2.413	2.617	5.210	2.609	2.673
50.760	R3	2.339	2.767	4.805	2.672	2.636	2.409	2.642	5.200	2.612	2.674
50.800	R3	2.406	2.406	5.205	2.421	2.513	2.402	2.633	5.182	2.605	2.654
50.840	R3	2.283	2.699	5.084	2.313	2.774	2.395	2.619	5.177	2.611	2.632
50.880	R3	2.301	2.310	5.026	2.443	2.564	2.394	2.617	5.167	2.612	2.673
50.920	R3	2.422	2.485	5.088	2.821	2.491	2.396	2.621	5.155	2.614	2.716
50.960	R3	2.380	2.687	5.020	2.552	2.709	2.395	2.609	5.187	2.612	2.753
51.000	R3	2.463	2.742	5.262	2.760	2.716	2.391	2.600	5.217	2.591	2.793
51.040	R3	2.484	2.547	5.109	2.523	2.600	2.390	2.593	5.202	2.591	2.824
51.080	R3	2.326	3.143	5.403	2.654	2.802	2.387	2.600	5.182	2.570	2.836
51.120	R3	2.397	3.241	5.474	2.539	2.570	2.388	2.611	5.165	2.571	2.842
51.160	R3	2.445	2.478	5.007	2.445	2.642	2.393	2.614	5.173	2.573	2.854
51.200	R3	2.336	2.434	4.706	2.760	2.722	2.370	2.570	5.197	2.565	2.866
51.240	R3	2.458	2.458	5.354	2.575	3.659	2.367	2.574	5.211	2.567	2.885
51.280	R3	2.459	2.500	5.419	2.505	3.553	2.375	2.561	5.211	2.573	2.900
51.320	R3	2.317	2.569	5.603	2.539	3.185	2.388	2.574	5.229	2.585	2.920
51.360	R3	2.363	2.363	5.745	2.589	3.245	2.381	2.564	5.240	2.568	2.926
51.400	R3	2.379	2.603	5.061	2.482	3.141	2.353	2.520	5.246	2.563	2.923
51.440	R3	2.334	2.535	4.796	2.548	2.915	2.351	2.505	5.237	2.547	2.932
51.480	R3	2.448	2.650	5.026	2.651	2.893	2.345	2.510	5.235	2.550	2.927
51.520	R3	2.525	2.667	5.271	2.676	2.759	2.325	2.450	5.212	2.555	2.905
51.560	R3	1.877	1.877	5.277	2.504	2.860	2.330	2.424	5.168	2.571	2.903
51.600	R3	2.348	2.484	5.483	2.454	2.899	2.336	2.428	5.178	2.586	2.914
51.640	R3	2.434	2.453	5.094	2.434	3.076	2.335	2.422	5.193	2.577	2.900
51.680	R3	2.555	2.555	5.382	2.680	2.959	2.332	2.433	5.184	2.568	2.856
51.720	R3	2.288	2.288	5.304	2.489	2.616	2.330	2.479	5.153	2.574	2.817
51.760	R3	1.816	1.816	5.140	2.456	2.654	2.339	2.655	5.139	2.576	2.802
51.800	R3	2.430	2.442	5.081	2.430	2.882	2.346	2.804	5.118	2.580	2.811
51.840	R3	2.358	2.639	5.073	2.590	2.511	2.346	2.830	5.143	2.578	2.792
51.880	R3	1.941	1.941	4.946	2.745	2.367	2.349	2.854	5.143	2.571	2.771
51.920	R3	2.496	2.726	4.584	2.869	2.531	2.347	2.907	5.163	2.570	2.760
51.960	R3	2.559	2.559	5.218	2.743	2.857	2.338	2.912	5.145	2.573	2.761
52.000	R3	2.322	2.322	5.006	2.588	2.438	2.363	2.946	5.157	2.567	2.769
52.040	R3	2.398	2.662	5.170	2.398	2.776	2.368	2.945	5.148	2.577	2.755
52.080	R3	2.413	3.433	4.809	2.622	2.777	2.366	2.955	5.154	2.582	2.720
52.120	R3	2.499	6.077	5.316	2.567	2.887	2.359	2.959	5.157	2.578	2.757
52.160	R3	2.507	5.359	5.323	2.667	3.425	2.370	2.970	5.169	2.580	2.777
52.200	R3	2.373	3.117	5.555	2.448	2.758	2.401	3.015	5.168	2.582	2.774
52.240	R3	2.387	3.008	4.802	2.410	2.502	2.408	3.023	5.156	2.592	2.819
52.280	R3	2.413	3.714	5.427	2.628	2.673	2.411	3.021	5.171	2.595	2.894
52.320	R3	2.350	2.757	4.909	2.748	2.767	2.448	3.089	5.191	2.635	2.909
52.360	R3	2.366	2.563	5.518	2.366	3.031	2.425	3.055	5.275	2.621	2.996
52.400	R3	2.462	2.462	5.300	2.664	2.619	2.393	3.023	5.289	2.682	2.982
52.440	R3	2.378	2.664	5.222	2.541	2.378	2.407	3.038	5.273	2.683	2.992
52.480	R3	2.416	2.626	5.429	2.593	3.692	2.406	3.028	5.260	2.689	3.055
52.520	R3	2.518	2.518	5.548	2.528	3.009	2.402	2.973	5.270	2.690	3.047
52.560	R3	2.429	2.715	5.122	2.502	2.598	2.401	2.792	5.278	2.724	3.031
52.600	R3	2.570	2.597	4.850	2.631	3.776	2.408	2.676	5.266	2.724	2.997
52.640	R3	2.432	2.600	5.366	2.651	4.027	2.414	2.657	5.263	2.732	2.983
52.680	R3	2.667	3.308	5.354	3.533	2.667	2.424	2.643	5.313	2.741	2.992
52.720	R3	2.036	2.036	6.266	2.585	4.260	2.430	2.583	5.337	2.737	2.991
52.760	R3	1.919	1.919	5.497	3.969	2.582	2.436	2.570	5.394	2.729	2.976
52.800	R3	2.603	2.625	4.674	2.603	2.643	2.443	2.575	5.420	2.737	2.970
52.840	R3	2.384	2.454	4.912	2.521	4.028	2.443	2.588	5.495	2.730	2.962
52.880	R3	2.341	2.341	5.012	2.649	2.629	2.449	2.603	5.546	2.727	2.970
52.920	R3	2.459	2.459	5.478	3.251	2.556	2.458	2.603	5.568	2.751	2.915
52.960	R3	2.662	3.029	5.073	2.662	2.743	2.457	2.602	5.558	2.751	2.905
53.000	R3	2.491	2.737	5.499	2.598	2.491	2.461	2.607	5.569	2.751	2.909
53.040	R3	2.594	2.733	5.806	2.594	2.673	2.452	2.603	5.598	2.739	2.856
53.080	R3	2.526	2.526	5.905	2.558	2.646	2.453	2.608	5.577	2.729	2.786
53.120	R3	2.467	2.485	6.050	2.588	2.467	2.441	2.576	5.568	2.674	2.781
53.160	R3	2.511	2.673	6.032	2.511	2.913	2.443	2.578	5.514	2.683	2.692
53.200	R3	2.465	2.713	6.797	2.528	2.465	2.466	2.614	5.518	2.603	2.689
53.240	R3	2.486	2.970	6.246	2.486	2.534	2.459	2.615	5.560	2.606	2.680
53.280	R3	2.603	2.615	5.883	3.066	2.603	2.462	2.632	5.582	2.602	2.615
53.320	R3	2.503	2.503	5.347	2.533	2.807	2.466	2.656	5.588	2.597	2.605
53.360	R3	2.494	2.825	5.339	2.494	2.680	2.468	2.657	5.593	2.577	2.603
53.400	R3	2.398	2.509	5.427	2.398	2.704	2.455	2.633	5.612	2.564	2.591
53.440	R3	2.445	2.705	4.946	2.445	2.634	2.454	2.620	5.598	2.564	2.597
53.480	R3	2.438	2.660	5.183	2.438	2.559	2.453	2.616	5.560	2.563	2.597
53.520	R3	2.079	2.079	5.175	2.768	2.480	2.454	2.617	5.530	2.562	2.595
53.560	R3	2.374	2.643	5.583	2.374	2.529	2.463	2.627	5.496	2.565	2.606
53.600	R3	2.459	2.645	5.511	2.656	2.459	2.464	2.628	5.447	2.567	2.597
53.640	R3	2.449	2.791	5.352	2.449	2.733	2.462	2.614	5.373	2.590	2.601
53.680	R3	2.424	2.815	5.122	2.548	2.424	2.463	2.590	5.331	2.602	2.605
53.720	R3	2.492	2.492	5.593	2.841	2.509	2.469	2.622	5.276	2.585	2.620
53.760	R3	2.411	2.540	5.443	2.411	2.507	2.468	2.621	5.259	2.602	2.616
53.800	R3	2.469	2.469	5.223	2.604	2.623	2.476	2.613	5.247	2.620	2.615
53.840	R3	2.564	2.656	5.054	2.564	2.667	2.476	2.612	5.237	2.625	2.599
53.880	R3	2.540	2.553	5.291	2.540	2.611	2.478	2.601	5.234	2.637	2.598
53.920	R3	2.651	2.676	5.372	2.651	2.683	2.481	2.610	5.205	2.651	2.595
53.960	R3	2.538	2.708	5.056	2.538	2.726	2.502	2.631	5.193	2.649	2.611
54.000	R3	2.427	2.427	5.320	3.004	2.540	2.509	2.655	5.148	2.657	2.611
54.040	R3	2.491	2.491	5.409	2.714	2.627	2.507	2.644	5.127	2.648	2.619
54.080	R3	2.735	3.255	4.766	2.735	2.891	2.510	2.649	5.125	2.650	2.611
54.120	R3	2.482	2.482	5.010	2.877	2.735	2.510	2.641	5.127	2.644	2.612
54.160	R3	2.652	2.662	5.109	2.847	2.652	2.509	2.651	5.108	2.640	2.611
54.200	R3	2.396	2.498	5.214	2.497	2.396	2.513	2.669	5.089	2.645	2.615
54.240	R3	2.486	2.486	4.894	2.680	2.609	2.512	2.668	5.088	2.636	2.617
54.280	R3	2.492	2.825	4.598	2.730	2.492	2.498	2.650	5.079	2.630	2.624
54.320	R3	2.506	2.506	4.948	2.711	2.807	2.496	2.647	5.073	2.629	2.625
54.360	R3	2.521	3.130	4.685	2.539	2.521	2.489	2.648	5.071	2.621	2.626
54.400	R3	2.420	2.420	5.091	2.485	2.616	2.486	2.636	5.073	2.629	2.624
54.440	R3	2.492	2.891	5.308	2.492	2.576	2.489	2.648	5.066	2.603	2.638
54.480	R3	2.424	2.644	5.152	2.424	2.456	2.485	2.644	5.073	2.595	2.636
54.520	R3	2.480	2.692	5.223	2.759	2.480	2.473	2.607	5.105	2.593	2.620
54.560	R3	2.501	2.902	5.063	2.501	2.590	2.478	2.622	5.131	2.583	2.612
54.600	R3	2.432	2.450	5.204	2.432	2.662	2.458	2.602	5.111	2.571	2.607
54.640	R3	2.301	2.301	4.860	2.435	2.816	2.464	2.603	5.100	2.575	2.612
54.680	R3	2.499	2.499	5.180	2.520	2.631	2.463	2.602	5.121	2.589	2.614
54.720	R3	2.501	2.685	5.321	2.501	2.705	2.455	2.578	5.150	2.589	2.626
54.760	R3	2.474	2.474	5.105	2.689	2.672	2.454	2.578	5.171	2.578	2.617
54.800	R3	2.486	2.661	5.185	2.486	2.828	2.454	2.550	5.200	2.582	2.619
54.840	R3	2.418	2.418	5.538	2.559	2.575	2.453	2.558	5.202	2.577	2.618
54.880	R3	2.506	2.506	5.422	2.697	2.590	2.423	2.509	5.189	2.576	2.626
54.920	R3	2.565	2.788	5.526	2.669	2.565	2.421	2.495	5.164	2.590	2.643
54.960	R3	2.267	2.267	4.706	2.612	2.545	2.398	2.462	5.167	2.582	2.654
55.000	R3	2.506	2.511	4.987	2.581	2.506	2.397	2.449	5.151	2.583	2.649
55.040	R3	2.472	2.472	5.320	2.954	2.640	2.393	2.444	5.150	2.583	2.650
55.080	R3	2.337	2.337	5.182	2.740	2.734	2.409	2.467	5.172	2.593	2.645
55.120	R3	2.478	2.519	5.372	2.478	2.637	2.386	2.443	5.184	2.587	2.637
55.160	R3	2.518	2.562	5.251	2.616	2.553	2.385	2.433	5.186	2.591	2.633
55.200	R3	2.397	2.575	5.131	2.397	2.600	2.375	2.429	5.181	2.581	2.630
55.240	R3	1.908	1.908	5.051	2.459	2.744	2.369	2.418	5.201	2.576	2.619
55.280	R3	2.381	2.381	4.650	2.719	2.788	2.360	2.408	5.170	2.589	2.611
55.320	R3	2.017	2.017	5.293	2.596	2.701	2.356	2.404	5.167	2.590	2.617
55.360	R3	2.483	2.654	4.739	2.513	2.483	2.343	2.383	5.158	2.596	2.620
55.400	R3	2.339	2.339	5.181	2.443	2.694	2.350	2.389	5.198	2.592	2.620
55.440	R3	2.629	2.759	5.302	2.629	2.706	2.331	2.370	5.220	2.594	2.636
55.480	R3	2.028	2.028	5.419	2.391	2.482	2.328	2.378	5.231	2.568	2.645
55.520	R3	2.484	2.484	5.368	2.596	2.626	2.328	2.377	5.240	2.562	2.648
55.560	R3	2.278	2.397	5.000	2.489	2.603	2.320	2.376	5.222	2.574	2.654
55.600	R3	2.377	2.434	5.583	2.377	2.601	2.298	2.352	5.226	2.568	2.659
55.640	R3	2.226	2.226	4.910	2.830	2.425	2.274	2.319	5.208	2.569	2.663
55.680	R3	2.421	2.421	5.378	2.713	2.702	2.298	2.347	5.224	2.570	2.657
55.720	R3	2.320	2.364	5.339	2.783	2.635	2.283	2.333	5.253	2.560	2.658
55.760	R3	2.400	2.400	5.501	2.529	2.532	2.303	2.365	5.260	2.562	2.651
55.800	R3	2.126	2.126	5.422	2.617	2.832	2.300	2.356	5.312	2.558	2.650
55.840	R3	2.410	2.619	5.547	2.453	2.814	2.297	2.353	5.305	2.569	2.639
55.880	R3	2.334	2.334	5.355	2.619	2.800	2.284	2.343	5.306	2.568	2.623
55.920	R3	2.323	2.496	5.020	2.706	2.767	2.295	2.354	5.307	2.576	2.626
55.960	R3	2.073	2.073	5.341	2.503	2.652	2.294	2.365	5.312	2.574	2.619
56.000	R3	1.927	1.927	4.761	2.408	2.665	2.305	2.370	5.338	2.582	2.619
56.040	R3	2.378	2.467	5.376	2.483	2.622	2.287	2.349	5.315	2.586	2.608
56.080	R3	2.090	2.090	5.224	2.516	2.810	2.288	2.350	5.320	2.568	2.607
56.120	R3	2.404	2.657	5.434	2.647	2.575	2.287	2.349	5.309	2.561	2.599
56.160	R3	2.434	2.486	5.780	2.434	2.458	2.282	2.342	5.320	2.559	2.592
56.200	R3	2.270	2.270	5.040	2.655	2.472	2.282	2.351	5.302	2.558	2.588
56.240	R3	2.378	2.557	5.322	2.613	2.378	2.297	2.366	5.306	2.564	2.569
56.280	R3	2.248	2.248	5.441	2.550	2.546	2.297	2.380	5.309	2.572	2.559
56.320	R3	2.461	2.702	5.475	2.563	2.492	2.299	2.381	5.309	2.562	2.545
56.360	R3	2.502	2.502	5.504	2.636	2.604	2.305	2.380	5.326	2.548	2.532
56.400	R3	2.007	2.007	5.130	2.468	2.372	2.317	2.392	5.322	2.546	2.532
56.440	R3	2.260	2.260	5.013	2.468	2.414	2.337	2.413	5.359	2.551	2.527
56.480	R3	2.396	2.396	5.155	2.567	2.544	2.343	2.414	5.365	2.551	2.535
56.520	R3	2.214	2.214	5.555	2.735	2.483	2.349	2.420	5.389	2.548	2.534
56.560	R3	2.410	2.586	5.137	2.511	2.463	2.353	2.415	5.415	2.540	2.538
56.600	R3	2.420	2.420	5.511	2.752	2.446	2.348	2.421	5.401	2.558	2.538
56.640	R3	2.418	2.897	5.606	2.596	2.626	2.355	2.438	5.416	2.565	2.539
56.680	R3	2.363	2.363	5.348	2.422	2.504	2.351	2.439	5.438	2.571	2.535
56.720	R3	2.437	2.472	5.369	2.437	2.504	2.353	2.441	5.437	2.575	2.550
56.760	R3	2.324	2.324	5.257	2.460	2.664	2.351	2.434	5.426	2.567	2.554
56.800	R3	2.333	2.333	5.502	2.501	2.558	2.350	2.438	5.408	2.566	2.557
56.840	R3	2.482	2.485	5.492	2.482	2.786	2.368	2.456	5.412	2.566	2.567
56.880	R3	2.224	2.224	5.700	2.470	2.786	2.376	2.466	5.412	2.575	2.567
56.920	R3	2.473	2.557	5.960	2.473	2.649	2.380	2.473	5.416	2.573	2.575
56.960	R3	2.348	2.607	5.495	2.796	2.456	2.388	2.492	5.381	2.571	2.593
57.000	R3	2.406	2.612	5.348	2.789	2.493	2.375	2.470	5.388	2.594	2.601
57.040	R3	2.298	2.563	5.759	2.739	2.298	2.363	2.458	5.386	2.581	2.594
57.080	R3	2.287	2.287	5.426	2.632	2.847	2.362	2.444	5.360	2.582	2.586
57.120	R3	2.413	2.573	5.245	2.413	2.582	2.363	2.450	5.363	2.580	2.597
57.160	R3	2.478	2.573	5.159	2.615	2.666	2.341	2.426	5.349	2.585	2.613
57.200	R3	2.372	2.372	5.194	2.465	2.562	2.334	2.420	5.363	2.583	2.607
57.240	R3	2.424	2.469	5.014	2.647	2.424	2.343	2.432	5.345	2.585	2.608
57.280	R3	2.479	2.530	5.234	2.528	2.693	2.345	2.439	5.334	2.591	2.603
57.320	R3	2.373	2.588	4.863	2.701	2.847	2.327	2.420	5.324	2.590	2.607
57.360	R3	2.152	2.152	5.272	2.957	2.636	2.320	2.409	5.285	2.594	2.600
57.400	R3	2.186	2.186	5.482	2.495	2.307	2.309	2.385	5.255	2.581	2.609
57.440	R3	2.382	2.612	5.071	2.609	2.452	2.313	2.385	5.258	2.566	2.616
57.480	R3	2.381	2.481	5.423	2.381	2.734	2.315	2.380	5.241	2.567	2.627
57.520	R3	2.001	2.001	5.084	2.553	2.816	2.317	2.389	5.241	2.569	2.615
57.560	R3	2.187	2.187	5.529	2.417	2.546	2.310	2.374	5.234	2.563	2.629
57.600	R3	2.511	2.575	5.155	2.538	2.585	2.306	2.378	5.202	2.568	2.619
57.640	R3	2.531	2.625	5.265	2.597	2.685	2.307	2.391	5.194	2.574	2.622
57.680	R3	1.857	1.857	5.498	2.448	2.868	2.299	2.381	5.176	2.575	2.633
57.720	R3	2.333	2.333	5.182	2.561	2.511	2.296	2.388	5.147	2.578	2.630
57.760	R3	2.127	2.127	4.906	2.535	2.631	2.300	2.394	5.147	2.566	2.624
57.800	R3	2.485	2.605	5.408	2.485	2.635	2.313	2.437	5.119	2.548	2.630
57.840	R3	2.333	2.460	5.409	2.765	2.516	2.327	2.452	5.079	2.556	2.649
57.880	R3	2.339	2.475	5.425	2.675	2.611	2.323	2.437	5.092	2.553	2.659
57.920	R3	2.265	2.265	5.117	2.286	2.858	2.320	2.435	5.099	2.549	2.653
57.960	R3	2.403	2.655	4.518	2.705	2.454	2.336	2.462	5.131	2.538	2.637
58.000	R3	2.380	2.625	5.016	2.602	2.635	2.346	2.484	5.118	2.553	2.631
58.040	R3	2.280	2.280	4.672	2.663	2.650	2.332	2.484	5.108	2.548	2.613
58.080	R3	2.416	2.659	4.639	2.594	2.620	2.327	2.484	5.099	2.542	2.604
58.120	R3	2.458	2.715	4.862	2.458	2.735	2.362	2.519	5.078	2.551	2.595
58.160	R3	2.408	3.023	4.716	2.600	2.751	2.362	2.523	5.073	2.550	2.586
58.200	R3	2.456	2.471	4.691	2.656	2.679	2.375	2.542	5.102	2.543	2.580
58.240	R3	2.313	2.313	5.319	2.536	2.668	2.358	2.519	5.098	2.546	2.583
58.280	R3	2.308	2.455	5.578	2.308	2.606	2.363	2.518	5.070	2.543	2.595
58.320	R3	2.326	2.526	5.721	2.326	2.497	2.363	2.511	5.059	2.531	2.605
58.360	R3	2.382	2.633	5.269	2.727	2.416	2.358	2.506	5.035	2.540	2.595
58.400	R3	2.231	2.586	4.940	2.436	2.231	2.359	2.496	5.079	2.537	2.607
58.440	R3	2.433	2.617	5.090	2.478	2.511	2.364	2.494	5.102	2.531	2.603
58.480	R3	2.558	2.558	5.079	2.626	2.678	2.373	2.518	5.108	2.527	2.598
58.520	R3	2.343	2.416	5.085	2.543	2.343	2.372	2.505	5.136	2.525	2.596
58.560	R3	2.384	2.504	5.479	2.384	2.514	2.362	2.482	5.138	2.535	2.599
58.600	R3	2.146	2.146	5.329	2.546	2.678	2.361	2.451	5.160	2.538	2.583
58.640	R3	2.430	2.430	4.864	2.702	2.762	2.359	2.452	5.165	2.533	2.575
58.680	R3	2.349	2.349	5.191	2.440	2.824	2.365	2.457	5.135	2.544	2.574
58.720	R3	2.164	2.164	4.648	2.463	2.643	2.362	2.447	5.102	2.553	2.574
58.760	R3	2.407	2.457	5.385	2.662	2.695	2.360	2.436	5.069	2.562	2.580
58.800	R3	2.483	2.571	5.488	2.483	2.565	2.342	2.405	5.062	2.581	2.589
58.840	R3	2.455	2.760	4.788	2.569	2.548	2.349	2.407	5.074	2.591	2.609
58.880	R3	2.397	2.401	5.201	2.556	2.584	2.332	2.380	5.053	2.592	2.606
58.920	R3	2.268	2.268	4.897	2.667	2.784	2.312	2.360	5.051	2.586	2.604
58.960	R3	2.391	2.391	5.163	2.643	2.434	2.312	2.359	5.070	2.576	2.623
59.000	R3	2.419	2.500	4.779	2.564	2.516	2.314	2.356	5.050	2.592	2.619
59.040	R3	2.415	2.415	4.731	2.752	2.657	2.336	2.384	5.056	2.606	2.618
59.080	R3	2.250	2.250	4.913	2.489	2.594	2.329	2.395	5.069	2.603	2.614
59.120	R3	2.297	2.297	5.062	2.512	2.624	2.331	2.397	5.066	2.620	2.594
59.160	R3	2.020	2.020	5.136	3.115	2.604	2.346	2.427	5.105	2.626	2.594
59.200	R3	2.379	2.626	5.178	2.631	2.616	2.353	2.435	5.082	2.629	2.595
59.240	R3	2.080	2.080	4.659	2.498	2.455	2.348	2.428	5.069	2.624	2.608
59.280	R3	2.164	2.164	5.040	2.504	2.634	2.342	2.417	5.067	2.619	2.608
59.320	R3	2.331	2.383	5.459	2.331	2.732	2.339	2.428	5.073	2.613	2.597
59.360	R3	2.428	2.441	5.080	2.704	2.428	2.337	2.426	5.090	2.619	2.584
59.400	R3	2.589	2.714	5.455	2.830	2.664	2.322	2.411	5.094	2.614	2.598
59.440	R3	2.300	2.658	5.125	2.648	2.690	2.308	2.393	5.116	2.613	2.602
59.480	R3	2.378	2.378	5.134	2.777	2.415	2.312	2.403	5.136	2.602	2.609
59.520	R3	2.470	2.772	5.427	2.580	2.645	2.322	2.413	5.159	2.611	2.606
59.560	R3	2.536	2.615	4.935	2.731	2.707	2.328	2.433	5.180	2.618	2.598
59.600	R3	2.386	2.435	5.213	2.386	2.824	2.343	2.448	5.170	2.600	2.598
59.640	R3	2.341	2.539	4.754	2.455	2.552	2.321	2.414	5.168	2.590	2.603
59.680	R3	2.342	2.619	5.317	2.447	2.367	2.334	2.437	5.187	2.582	2.614
59.720	R3	2.224	2.224	5.238	2.787	2.531	2.330	2.433	5.186	2.587	2.612
59.760	R3	2.086	2.086	5.249	2.548	2.700	2.315	2.416	5.184	2.591	2.600
59.800	R3	2.152	2.152	5.225	2.539	2.603	2.309	2.414	5.201	2.590	2.604
59.840	R3	2.494	2.611	5.114	2.520	2.787	2.297	2.405	5.206	2.577	2.602
59.880	R3	2.448	2.448	5.384	2.669	2.551	2.298	2.388	5.219	2.564	2.615
59.920	R3	2.405	2.688	5.487	2.663	2.456	2.299	2.396	5.214	2.545	2.625
59.960	R3	2.334	2.334	4.926	2.756	2.605	2.294	2.395	5.207	2.552	2.613
60.000	R3	1.939	1.939	5.140	2.431	2.717	2.285	2.403	5.218	2.538	2.604
60.040	R3	2.338	2.547	5.037	2.338	2.665	2.281	2.401	5.229	2.535	2.582
60.080	R3	2.080	2.080	5.026	2.606	2.599	2.289	2.411	5.244	2.548	2.597
60.120	R3	2.032	2.032	5.409	2.402	2.492	2.289	2.425	5.214	2.552	2.603
60.160	R3	2.301	2.408	5.424	2.678	2.507	2.304	2.448	5.229	2.543	2.604
60.200	R3	2.359	2.536	5.567	2.573	2.635	2.318	2.467	5.215	2.547	2.605
60.240	R3	2.320	2.320	5.381	2.396	2.933	2.331	2.481	5.204	2.541	2.605
60.280	R3	2.399	2.542	5.037	2.399	2.621	2.328	2.486	5.208	2.548	2.597
60.320	R3	2.370	2.754	5.283	2.714	2.415	2.325	2.489	5.198	2.541	2.596
60.360	R3	2.344	2.774	5.154	2.452	2.526	2.326	2.487	5.172	2.541	2.603
60.400	R3	2.321	2.391	5.427	2.321	2.384	2.330	2.491	5.183	2.530	2.606
60.440	R3	2.499	2.741	5.047	2.713	2.853	2.334	2.496	5.196	2.540	2.594
60.480	R3	2.346	2.905	4.715	2.526	2.488	2.327	2.479	5.194	2.543	2.578
60.520	R3	2.509	2.674	5.538	2.611	2.543	2.344	2.495	5.178	2.543	2.585
60.560	R3	2.376	2.463	4.971	2.630	2.718	2.352	2.503	5.157	2.551	2.587
60.600	R3	2.414	2.444	5.008	2.414	2.614	2.357	2.503	5.150	2.557	2.590
60.640	R3	2.431	2.700	5.200	2.666	2.615	2.362	2.507	5.125	2.557	2.600
60.680	R3	2.384	2.501	5.172	2.527	2.531	2.369	2.527	5.102	2.568	2.582
60.720	R3	2.420	2.665	4.968	2.677	2.610	2.366	2.523	5.101	2.578	2.584
60.760	R3	2.411	2.411	5.152	2.518	2.654	2.367	2.522	5.097	2.562	2.585
60.800	R3	2.030	2.030	5.395	2.650	2.471	2.372	2.510	5.104	2.586	2.586
60.840	R3	2.203	2.203	5.002	2.388	2.358	2.378	2.521	5.076	2.607	2.603
60.880	R3	2.411	2.411	4.711	2.597	2.742	2.368	2.499	5.099	2.596	2.594
60.920	R3	2.196	2.196	4.987	2.571	2.515	2.374	2.476	5.135	2.599	2.601
60.960	R3	2.405	2.405	5.293	2.806	2.581	2.369	2.475	5.118	2.597	2.605
61.000	R3	2.442	2.618	5.057	2.558	2.826	2.368	2.477	5.121	2.596	2.600
61.040	R3	2.478	2.708	4.913	2.622	2.585	2.366	2.474	5.123	2.623	2.597
61.080	R3	2.332	2.477	5.034	2.606	2.645	2.362	2.457	5.130	2.614	2.597
61.120	R3	2.383	2.723	5.198	2.383	2.442	2.368	2.458	5.112	2.629	2.595
61.160	R3	2.455	2.535	5.297	2.932	2.538	2.366	2.443	5.123	2.634	2.593
61.200	R3	2.443	2.607	4.864	2.740	2.737	2.369	2.447	5.141	2.644	2.592
61.240	R3	2.297	2.297	5.503	2.499	2.658	2.387	2.469	5.148	2.630	2.601
61.280	R3	2.453	2.453	5.445	2.589	2.641	2.403	2.493	5.165	2.646	2.624
61.320	R3	2.414	2.648	5.187	2.564	2.621	2.404	2.506	5.187	2.645	2.613
61.360	R3	2.364	2.504	5.030	2.609	2.608	2.400	2.503	5.191	2.645	2.632
61.400	R3	2.364	2.390	5.047	2.958	2.566	2.403	2.514	5.188	2.639	2.643
61.440	R3	2.350	2.350	5.342	2.493	2.607	2.399	2.501	5.198	2.641	2.624
61.480	R3	2.505	2.522	4.812	2.816	2.505	2.395	2.486	5.201	2.633	2.620
61.520	R3	2.375	2.375	5.187	2.790	2.557	2.377	2.461	5.232	2.619	2.632
61.560	R3	2.483	2.483	5.510	2.700	2.632	2.371	2.448	5.240	2.646	2.644
61.600	R3	2.377	2.475	5.542	2.377	2.656	2.363	2.437	5.239	2.628	2.654
61.640	R3	2.539	2.675	5.335	2.714	2.811	2.344	2.410	5.257	2.631	2.652
61.680	R3	2.422	2.684	5.153	2.568	2.533	2.347	2.432	5.250	2.636	2.646
61.720	R3	2.124	2.124	5.074	2.585	2.887	2.343	2.428	5.244	2.639	2.648
61.760	R3	2.464	2.632	5.226	2.675	2.806	2.342	2.423	5.238	2.637	2.645
61.800	R3	2.348	2.348	5.252	2.599	2.444	2.341	2.416	5.221	2.638	2.645
61.840	R3	2.407	2.424	4.990	2.456	2.511	2.346	2.419	5.240	2.618	2.648
61.880	R3	1.963	1.963	5.638	2.337	2.877	2.348	2.422	5.248	2.623	2.657
61.920	R3	2.265	2.479	5.358	2.913	2.677	2.344	2.417	5.264	2.607	2.668
61.960	R3	2.306	2.306	5.276	2.587	2.753	2.347	2.428	5.253	2.595	2.670
62.000	R3	2.066	2.066	5.229	2.783	2.698	2.346	2.433	5.232	2.597	2.673
62.040	R3	2.354	2.746	5.361	2.613	2.529	2.354	2.436	5.190	2.605	2.670
62.080	R3	2.368	2.368	5.328	2.647	2.681	2.339	2.415	5.181	2.595	2.661
62.120	R3	2.387	2.553	5.078	2.518	2.558	2.342	2.412	5.179	2.604	2.662
62.160	R3	2.354	2.354	4.689	2.622	2.621	2.359	2.441	5.173	2.607	2.643
62.200	R3	2.456	2.460	5.429	2.574	2.609	2.360	2.443	5.173	2.598	2.633
62.240	R3	2.394	2.394	5.490	2.593	2.801	2.355	2.442	5.145	2.598	2.636
62.280	R3	2.424	2.424	5.128	2.497	2.710	2.349	2.453	5.153	2.597	2.642
62.320	R3	2.437	2.603	4.981	2.545	2.605	2.372	2.478	5.137	2.615	2.626
62.360	R3	2.461	2.582	5.090	2.737	2.692	2.385	2.484	5.136	2.599	2.617
62.400	R3	2.531	2.544	4.685	2.531	2.593	2.392	2.491	5.134	2.594	2.608
62.440	R3	2.241	2.241	5.168	2.521	2.631	2.394	2.493	5.135	2.588	2.614
62.480	R3	2.493	2.626	5.108	2.747	2.554	2.404	2.487	5.131	2.595	2.616
62.520	R3	2.456	2.715	4.961	2.637	2.500	2.407	2.497	5.120	2.584	2.622
62.560	R3	2.498	2.672	5.212	2.498	2.612	2.406	2.493	5.123	2.578	2.629
62.600	R3	2.231	2.323	4.705	2.597	2.509	2.407	2.498	5.177	2.565	2.630
62.640	R3	2.284	2.636	5.151	2.439	2.627	2.405	2.508	5.161	2.557	2.639
62.680	R3	2.441	2.467	5.310	2.699	2.553	2.407	2.518	5.150	2.551	2.636
62.720	R3	2.510	2.596	5.335	2.587	2.510	2.410	2.521	5.158	2.568	2.633
62.760	R3	2.448	2.448	5.252	2.493	2.560	2.407	2.510	5.176	2.567	2.637
62.800	R3	2.108	2.108	5.230	2.671	2.834	2.403	2.502	5.180	2.558	2.632
62.840	R3	2.552	2.620	5.296	2.739	2.552	2.395	2.503	5.183	2.556	2.623
62.880	R3	2.439	2.565	5.094	2.439	2.810	2.397	2.505	5.176	2.575	2.613
62.920	R3	2.366	2.490	5.148	2.390	2.688	2.387	2.502	5.164	2.553	2.608
62.960	R3	2.366	2.453	5.773	2.366	2.641	2.387	2.492	5.176	2.553	2.606
63.000	R3	2.422	2.653	5.111	2.422	2.808	2.383	2.483	5.167	2.564	2.597
63.040	R3	2.436	2.596	5.271	2.462	2.727	2.392	2.487	5.160	2.569	2.601
63.080	R3	2.476	2.488	5.279	2.846	2.654	2.384	2.461	5.128	2.567	2.590
63.120	R3	2.375	2.375	5.344	2.515	2.679	2.378	2.483	5.114	2.548	2.594
63.160	R3	2.396	2.424	5.164	2.563	2.593	2.363	2.463	5.120	2.543	2.607
63.200	R3	2.358	2.568	4.750	2.481	2.428	2.358	2.458	5.113	2.551	2.608
63.240	R3	2.277	2.277	5.029	2.910	2.420	2.374	2.481	5.113	2.539	2.604
63.280	R3	2.297	2.576	4.862	2.297	2.457	2.368	2.471	5.094	2.532	2.614
63.320	R3	2.456	2.498	5.198	2.650	2.465	2.367	2.486	5.085	2.538	2.611
63.360	R3	2.428	2.490	5.039	2.709	2.428	2.373	2.487	5.087	2.551	2.601
63.400	R3	2.414	2.414	4.557	2.704	2.590	2.375	2.498	5.050	2.559	2.606
63.440	R3	2.118	2.118	4.511	2.395	2.398	2.370	2.491	5.038	2.562	2.600
63.480	R3	2.315	2.899	5.032	2.315	2.636	2.364	2.477	5.034	2.561	2.591
63.520	R3	2.208	2.208	5.454	2.486	2.763	2.359	2.472	5.025	2.552	2.592
63.560	R3	2.344	2.344	5.115	2.667	2.587	2.363	2.485	5.030	2.550	2.600
63.600	R3	2.434	2.567	5.238	2.434	2.754	2.364	2.499	5.049	2.556	2.597
63.640	R3	2.426	2.426	4.909	2.588	2.747	2.368	2.493	5.079	2.558	2.613
63.680	R3	2.435	2.853	4.907	2.558	2.761	2.380	2.504	5.097	2.538	2.626
63.720	R3	2.484	2.518	5.197	2.656	2.484	2.388	2.512	5.102	2.556	2.637
63.760	R3	2.392	2.668	5.026	2.531	2.736	2.361	2.483	5.094	2.550	2.649
63.800	R3	2.325	2.512	4.875	2.474	2.695	2.359	2.485	5.099	2.544	2.647
63.840	R3	2.320	2.320	5.193	2.442	2.552	2.356	2.497	5.118	2.539	2.650
63.880	R3	2.387	2.387	5.104	2.677	2.670	2.365	2.521	5.128	2.556	2.661
63.920	R3	2.448	2.638	5.436	2.473	2.842	2.369	2.503	5.108	2.571	2.658
63.960	R3	2.423	2.711	5.548	2.668	2.537	2.356	2.489	5.102	2.578	2.650
64.000	R3	2.437	2.437	5.358	2.523	2.747	2.357	2.490	5.108	2.576	2.644
64.040	R3	2.505	2.505	5.382	2.516	2.678	2.359	2.490	5.115	2.579	2.638
64.080	R3	2.461	2.735	4.961	2.666	2.679	2.361	2.496	5.130	2.584	2.631
64.120	R3	1.913	1.913	5.031	2.524	2.692	2.354	2.469	5.145	2.581	2.640
64.160	R3	2.385	2.521	5.154	2.577	2.385	2.348	2.474	5.135	2.571	2.651
64.200	R3	2.358	2.654	4.932	2.616	2.653	2.348	2.475	5.123	2.567	2.640
64.240	R3	2.303	2.608	4.713	2.722	2.615	2.346	2.476	5.126	2.574	2.647
64.280	R3	2.406	2.528	4.622	2.630	2.583	2.348	2.489	5.116	2.575	2.651
64.320	R3	1.933	1.933	5.346	2.620	2.593	2.354	2.510	5.102	2.568	2.651
64.360	R3	2.370	2.370	5.231	2.634	2.473	2.357	2.508	5.091	2.569	2.643
64.400	R3	2.475	2.560	5.382	2.495	2.639	2.359	2.506	5.068	2.559	2.647
64.440	R3	2.455	2.556	5.200	2.679	2.612	2.359	2.509	5.049	2.558	2.631
64.480	R3	2.312	2.312	5.201	2.502	2.929	2.340	2.490	5.063	2.565	2.636
64.520	R3	2.365	2.605	5.003	2.453	2.707	2.343	2.485	5.081	2.567	2.628
64.560	R3	2.380	2.705	4.792	2.456	2.509	2.370	2.513	5.079	2.577	2.617
64.600	R3	2.298	2.523	4.935	2.605	2.834	2.374	2.511	5.087	2.574	2.632
64.640	R3	2.345	2.578	4.995	2.463	2.646	2.379	2.504	5.111	2.583	2.625
64.680	R3	2.513	2.810	4.808	2.531	2.672	2.383	2.499	5.135	2.567	2.634
64.720	R3	2.507	2.592	5.235	2.507	2.665	2.384	2.500	5.141	2.570	2.634
64.760	R3	2.464	2.664	5.083	2.464	2.627	2.405	2.535	5.113	2.578	2.632
64.800	R3	2.431	2.500	4.982	2.502	2.431	2.412	2.553	5.105	2.575	2.633
64.840	R3	2.132	2.132	5.653	2.648	2.781	2.410	2.546	5.092	2.585	2.629
64.880	R3	2.510	2.633	5.317	2.710	2.510	2.410	2.541	5.085	2.583	2.627
64.920	R3	2.463	2.483	4.985	2.718	2.481	2.412	2.557	5.074	2.580	2.606
64.960	R3	2.465	2.465	5.327	2.527	2.685	2.408	2.553	5.093	2.594	2.603
65.000	R3	2.444	2.524	5.408	2.801	2.507	2.413	2.552	5.089	2.608	2.608
65.040	R3	2.389	2.512	5.187	2.389	2.801	2.425	2.556	5.097	2.608	2.600
65.080	R3	2.432	2.545	4.755	2.693	2.583	2.431	2.550	5.111	2.620	2.607
65.120	R3	2.356	2.623	4.784	2.774	2.537	2.416	2.520	5.126	2.621	2.599
65.160	R3	2.496	2.730	5.075	2.573	2.496	2.409	2.509	5.123	2.623	2.586
65.200	R3	2.433	2.435	5.122	2.707	2.561	2.403	2.500	5.119	2.623	2.586
65.240	R3	2.455	2.455	5.050	2.641	2.571	2.402	2.496	5.119	2.646	2.593
65.280	R3	2.356	2.615	4.991	2.441	2.514	2.417	2.515	5.092	2.649	2.597
65.320	R3	2.291	2.534	5.375	2.729	2.644	2.384	2.477	5.080	2.653	2.604
65.360	R3	2.482	2.691	4.709	2.745	2.620	2.372	2.475	5.074	2.656	2.618
65.400	R3	2.530	2.599	5.102	2.594	2.670	2.370	2.473	5.050	2.686	2.609
65.440	R3	2.463	2.463	5.266	2.713	2.781	2.339	2.438	5.050	2.678	2.614
65.480	R3	2.213	2.213	5.112	2.546	2.516	2.335	2.437	5.027	2.691	2.611
65.520	R3	2.372	2.372	5.177	2.541	2.412	2.333	2.444	5.063	2.706	2.605
65.560	R3	2.348	2.473	5.010	2.471	2.621	2.330	2.442	5.093	2.772	2.615
65.600	R3	2.413	2.413	4.966	2.951	2.570	2.323	2.423	5.107	2.815	2.613
65.640	R3	2.420	2.526	5.120	2.708	2.852	2.324	2.439	5.091	2.852	2.615
65.680	R3	1.864	1.864	5.079	2.806	2.657	2.299	2.414	5.096	2.856	2.619
65.720	R3	2.216	2.440	4.867	2.764	2.769	2.276	2.378	5.090	2.865	2.615
65.760	R3	2.430	2.430	4.854	3.136	2.503	2.265	2.355	5.097	2.877	2.620
65.800	R3	1.823	1.823	5.393	2.644	2.604	2.245	2.325	5.106	2.917	2.631
65.840	R3	2.313	2.507	4.728	2.645	2.742	2.241	2.317	5.108	2.945	2.625
65.880	R3	2.394	2.678	5.477	3.000	2.467	2.223	2.299	5.109	2.989	2.614
65.920	R3	2.299	2.591	5.383	4.078	2.722	2.229	2.308	5.104	3.061	2.614
65.960	R3	2.345	2.345	5.351	3.446	2.467	2.228	2.319	5.105	3.117	2.625
66.000	R3	2.465	2.759	4.806	3.431	2.604	2.229	2.322	5.120	3.126	2.619
66.040	R3	1.952	1.952	5.160	2.735	2.642	2.231	2.327	5.127	3.110	2.613
66.080	R3	1.891	1.891	4.856	2.614	2.438	2.235	2.330	5.145	3.128	2.613
66.120	R3	2.073	2.073	5.519	2.964	2.737	2.264	2.359	5.163	3.127	2.623
66.160	R3	2.087	2.087	4.896	3.547	2.843	2.280	2.364	5.170	3.184	2.611
66.200	R3	2.445	2.445	5.143	3.151	2.548	2.282	2.370	5.157	3.224	2.609
66.240	R3	2.100	2.100	5.274	3.609	2.564	2.310	2.398	5.148	3.244	2.608
66.280	R3	2.331	2.400	5.019	3.982	2.509	2.310	2.405	5.160	3.302	2.604
66.320	R3	2.343	2.577	5.208	3.655	2.649	2.302	2.383	5.143	3.368	2.611
66.360	R3	2.372	2.547	5.308	2.659	2.486	2.303	2.370	5.139	3.357	2.600
66.400	R3	2.452	2.503	5.092	2.625	2.452	2.309	2.379	5.117	3.395	2.611
66.440	R3	2.507	2.586	5.479	3.064	2.861	2.308	2.363	5.153	3.372	2.610
66.480	R3	2.443	2.443	5.452	2.792	2.844	2.308	2.364	5.150	3.409	2.619
66.520	R3	2.537	2.541	5.001	3.910	2.537	2.317	2.372	5.164	3.472	2.631
66.560	R3	2.473	2.549	4.603	3.937	2.473	2.326	2.381	5.134	3.537	2.626
66.600	R3	2.383	2.383	5.210	3.033	2.571	2.322	2.377	5.134	3.495	2.609
66.640	R3	2.297	2.641	4.960	3.802	2.659	2.307	2.362	5.129	3.466	2.619
66.680	R3	2.238	2.238	5.136	4.330	2.617	2.326	2.392	5.112	3.411	2.617
66.720	R3	2.332	2.332	5.312	3.844	2.508	2.332	2.405	5.123	3.352	2.623
66.760	R3	2.451	2.527	4.900	4.205	2.670	2.316	2.377	5.118	3.297	2.627
66.800	R3	2.442	2.442	5.534	2.987	2.595	2.319	2.371	5.123	3.296	2.631
66.840	R3	1.971	1.971	5.089	3.469	2.818	2.314	2.376	5.142	3.298	2.627
66.880	R3	2.062	2.062	5.153	3.869	2.682	2.287	2.345	5.140	3.305	2.612
66.920	R3	2.256	2.256	4.903	4.274	2.635	2.283	2.353	5.139	3.293	2.595
66.960	R3	1.996	1.996	4.908	2.702	2.506	2.254	2.323	5.157	3.248	2.610
67.000	R3	2.154	2.154	5.045	2.573	2.743	2.248	2.313	5.189	3.199	2.630
67.040	R3	2.471	2.682	4.926	2.513	2.527	2.251	2.320	5.177	3.281	2.624
67.080	R3	2.466	2.673	5.237	2.800	2.625	2.257	2.309	5.196	3.233	2.618
67.120	R3	2.014	2.014	5.120	2.558	2.738	2.285	2.349	5.204	3.157	2.635
67.160	R3	2.429	2.429	5.400	2.625	2.563	2.285	2.351	5.199	3.156	2.649
67.200	R3	2.352	2.598	5.470	2.668	2.366	2.282	2.345	5.221	3.103	2.646
67.240	R3	1.976	1.976	5.443	3.200	2.571	2.289	2.351	5.205	3.158	2.656
67.280	R3	2.364	2.588	5.439	2.554	2.493	2.316	2.403	5.198	3.227	2.641
67.320	R3	1.953	1.953	5.348	3.020	2.831	2.309	2.397	5.185	3.242	2.635
67.360	R3	2.351	2.351	5.255	2.952	2.892	2.322	2.414	5.201	3.243	2.629
67.400	R3	2.434	2.524	4.966	4.671	2.434	2.335	2.428	5.205	3.305	2.633
67.440	R3	2.416	2.416	5.344	2.845	2.546	2.331	2.423	5.219	3.400	2.619
67.480	R3	2.803	3.028	5.297	2.803	2.965	2.328	2.419	5.234	3.494	2.613
67.520	R3	2.335	2.384	5.208	3.833	2.787	2.327	2.414	5.224	3.591	2.608
67.560	R3	2.400	2.400	5.334	3.144	2.607	2.354	2.441	5.235	3.687	2.607
67.600	R3	2.566	2.566	5.213	4.085	2.799	2.354	2.441	5.231	3.795	2.611
67.640	R3	2.511	3.006	4.949	4.845	2.511	2.357	2.439	5.226	3.893	2.613
67.680	R3	1.939	1.939	4.892	4.172	2.565	2.384	2.472	5.214	3.992	2.611
67.720	R3	2.506	2.604	5.224	4.285	2.506	2.406	2.487	5.224	4.088	2.626
67.760	R3	2.267	2.267	4.994	3.949	2.599	2.438	2.526	5.222	4.143	2.615
67.800	R3	2.067	2.067	5.318	4.473	2.455	2.449	2.560	5.207	4.171	2.598
67.840	R3	2.409	2.591	5.225	4.386	2.409	2.455	2.562	5.198	4.138	2.609
67.880	R3	2.439	2.570	5.041	4.742	2.523	2.466	2.593	5.178	4.181	2.616
67.920	R3	2.562	2.562	5.342	4.479	2.723	2.447	2.563	5.167	4.167	2.597
67.960	R3	2.419	2.419	5.326	4.782	2.637	2.453	2.630	5.166	4.109	2.581
68.000	R3	2.415	2.564	5.366	4.636	2.415	2.466	2.721	5.147	4.085	2.583
68.040	R3	2.525	2.646	5.198	5.171	2.525	2.471	2.792	5.162	4.026	2.577
68.080	R3	2.793	2.890	5.632	4.492	2.793	2.477	2.825	5.162	3.922	2.582
68.120	R3	2.605	2.726	5.317	4.120	2.605	2.516	2.934	5.188	3.860	2.590
68.160	R3	2.565	3.036	4.948	3.504	2.565	2.510	3.008	5.180	3.784	2.584
68.200	R3	2.557	2.557	4.784	4.019	2.637	2.522	3.090	5.194	3.715	2.580
68.240	R3	2.631	3.041	4.959	3.700	2.700	2.545	3.155	5.196	3.632	2.584
68.280	R3	2.419	2.419	5.077	2.527	2.571	2.553	3.225	5.196	3.548	2.592
68.320	R3	2.474	3.721	5.184	2.656	2.474	2.556	3.300	5.205	3.445	2.590
68.360	R3	2.649	4.230	4.940	2.664	2.649	2.552	3.462	5.180	3.345	2.584
68.400	R3	2.671	3.989	5.517	2.924	2.671	2.548	3.588	5.142	3.240	2.569
68.440	R3	2.626	3.660	4.960	2.765	2.626	2.548	3.683	5.117	3.131	2.569
68.480	R3	2.725	4.128	5.399	2.917	2.725	2.553	3.783	5.114	3.012	2.574
68.520	R3	2.387	4.081	5.076	2.776	2.387	2.532	3.791	5.075	2.906	2.561
68.560	R3	2.504	3.894	5.271	2.570	2.504	2.531	3.854	5.037	2.829	2.570
68.600	R3	2.534	3.384	5.352	2.801	2.534	2.527	3.919	5.048	2.778	2.581
68.640	R3	2.568	3.976	5.233	2.706	2.568	2.521	3.994	5.072	2.699	2.577
68.680	R3	2.488	4.078	5.219	2.681	2.488	2.513	3.994	5.073	2.638	2.583
68.720	R3	2.479	5.810	4.844	2.479	2.600	2.518	4.025	5.105	2.653	2.580
68.760	R3	2.337	4.932	4.562	2.695	2.337	2.514	3.989	5.113	2.641	2.592
68.800	R3	2.427	4.472	4.873	2.459	2.427	2.514	3.946	5.125	2.640	2.594
68.840	R3	2.629	4.631	5.128	2.785	2.629	2.514	3.880	5.109	2.636	2.594
68.880	R3	2.360	3.050	4.855	2.360	2.518	2.510	3.845	5.122	2.669	2.590
68.920	R3	2.587	3.993	4.554	2.587	2.783	2.497	3.773	5.117	2.689	2.577
68.960	R3	2.493	4.327	5.165	2.493	2.798	2.517	3.715	5.109	2.758	2.599
69.000	R3	2.428	4.058	5.271	2.428	2.544	2.524	3.669	5.100	2.847	2.614
69.040	R3	2.478	3.040	4.987	2.478	2.832	2.523	3.631	5.077	2.937	2.612
69.080	R3	2.507	3.043	5.716	2.839	2.507	2.519	3.573	5.074	2.977	2.609
69.120	R3	2.410	3.003	5.334	2.410	2.716	2.513	3.511	5.076	3.080	2.607
69.160	R3	2.647	3.379	5.186	2.647	2.690	2.518	3.355	5.091	3.140	2.605
69.200	R3	2.664	2.664	5.204	2.846	2.670	2.519	3.235	5.131	3.240	2.607
69.240	R3	2.554	2.959	5.206	3.425	2.554	2.531	3.153	5.144	3.340	2.619
69.280	R3	2.460	2.694	5.303	3.321	2.460	2.528	3.088	5.156	3.437	2.616
69.320	R3	2.783	2.923	4.910	4.147	2.827	2.531	3.060	5.153	3.553	2.612
69.360	R3	2.653	2.972	5.107	4.359	2.795	2.529	2.990	5.191	3.675	2.600
69.400	R3	2.501	2.616	4.874	4.591	2.501	2.524	2.893	5.169	3.778	2.584
69.440	R3	2.504	2.823	5.185	3.505	2.504	2.520	2.807	5.154	3.904	2.586
69.480	R3	2.358	2.840	5.265	4.744	2.443	2.520	2.779	5.161	4.054	2.578
69.520	R3	2.573	2.690	5.135	3.681	2.573	2.515	2.750	5.116	4.120	2.589
69.560	R3	2.364	2.531	5.361	4.696	2.364	2.510	2.715	5.089	4.253	2.568
69.600	R3	2.671	2.831	5.137	4.465	2.671	2.493	2.680	5.076	4.356	2.564
69.640	R3	2.556	3.322	5.367	4.726	2.568	2.484	2.681	5.070	4.435	2.558
69.680	R3	2.438	2.490	4.796	4.674	2.438	2.480	2.665	5.062	4.491	2.558
69.720	R3	2.546	2.589	5.304	5.034	2.546	2.481	2.663	5.048	4.560	2.564
69.760	R3	2.385	2.385	4.727	4.539	2.466	2.462	2.647	5.056	4.586	2.548
69.800	R3	2.340	2.340	4.982	4.948	2.600	2.449	2.626	5.053	4.601	2.531
69.840	R3	2.481	2.481	5.112	5.475	2.671	2.446	2.626	5.066	4.602	2.533
69.880	R3	2.412	2.462	4.828	4.168	2.721	2.441	2.611	5.057	4.686	2.536
69.920	R3	2.304	2.318	4.795	5.077	2.304	2.448	2.592	5.039	4.681	2.543
69.960	R3	2.305	2.664	4.928	4.691	2.597	2.437	2.583	5.031	4.772	2.541
