Tiempo	Replica	Distancia_Global	CYS1	TRP4	TRP5	TRP6	Distancia_Global_Smooth	CYS1_Smooth	TRP4_Smooth	TRP5_Smooth	TRP6_Smooth
0.000	R2	9.864	14.350	16.623	19.847	18.756	11.624	17.892	17.569	20.146	14.703
0.040	R2	12.982	18.678	18.100	21.288	15.971	11.732	18.177	17.854	20.417	15.110
0.080	R2	13.780	20.405	16.008	20.328	13.780	12.115	18.307	18.179	20.734	15.711
0.120	R2	11.395	15.236	15.702	18.133	15.502	12.564	18.470	18.280	20.926	16.157
0.160	R2	11.409	17.477	16.860	19.571	13.400	12.945	18.690	18.499	21.174	16.578
0.200	R2	10.221	17.953	18.612	19.596	10.720	13.048	18.654	18.517	21.217	16.767
0.240	R2	11.251	20.144	17.933	19.907	11.251	13.339	18.717	18.489	21.280	16.904
0.280	R2	11.411	17.538	17.663	19.612	13.708	13.503	18.835	18.491	21.323	16.919
0.320	R2	10.623	16.472	17.130	19.454	14.768	13.668	18.943	18.443	21.324	16.940
0.360	R2	13.305	20.665	21.054	23.722	19.169	13.761	19.096	18.633	21.476	16.981
0.400	R2	12.810	21.034	20.710	23.130	19.189	13.819	19.239	18.862	21.615	17.044
0.440	R2	16.325	19.730	21.751	24.226	22.320	14.109	19.658	19.177	21.853	17.022
0.480	R2	17.951	20.431	19.494	23.230	21.506	14.167	19.826	19.388	21.946	17.057
0.520	R2	17.906	21.545	21.344	24.398	22.056	14.316	19.824	19.758	22.134	17.305
0.560	R2	14.480	18.146	18.775	21.820	19.414	14.480	19.980	20.012	22.226	17.313
0.600	R2	17.707	19.664	18.063	22.217	18.955	14.595	20.100	20.242	22.196	17.460
0.640	R2	16.134	20.735	18.532	22.020	17.154	14.703	20.258	20.402	22.114	17.542
0.680	R2	16.469	20.764	17.619	21.343	17.300	14.808	20.331	20.586	22.117	17.704
0.720	R2	15.437	21.855	22.062	24.211	17.716	14.883	20.577	20.810	22.029	17.664
0.760	R2	14.922	21.954	23.197	24.255	18.238	14.983	20.981	21.131	21.951	17.557
0.800	R2	15.662	22.726	22.937	24.605	18.325	14.956	21.174	21.283	21.540	17.236
0.840	R2	14.144	22.039	22.320	23.149	16.670	14.976	21.305	21.430	21.138	16.938
0.880	R2	16.766	20.365	23.409	24.073	18.729	14.710	21.196	21.332	20.493	16.372
0.920	R2	14.670	18.369	20.777	19.972	15.671	14.497	20.960	21.301	20.028	16.062
0.960	R2	13.707	19.879	21.459	18.988	16.331	14.312	20.744	21.118	19.518	15.840
1.000	R2	12.373	21.102	21.818	17.950	12.373	14.286	20.811	21.244	19.125	15.663
1.040	R2	13.349	21.615	21.610	19.961	14.478	14.046	20.996	21.514	18.754	15.360
1.080	R2	12.913	22.449	22.142	17.853	12.913	13.756	21.059	21.708	18.354	15.020
1.120	R2	12.622	24.557	23.540	17.903	12.622	13.494	21.146	21.943	18.066	14.716
1.160	R2	12.762	24.531	24.099	15.503	12.762	13.394	21.018	21.926	17.603	14.512
1.200	R2	13.226	23.650	23.663	15.081	13.226	13.380	20.750	21.871	17.242	14.445
1.240	R2	11.003	17.553	19.773	11.331	11.003	13.446	20.631	21.935	17.079	14.477
1.280	R2	13.696	15.703	18.889	13.926	15.312	13.641	20.724	22.129	17.000	14.625
1.320	R2	14.191	17.220	17.668	14.191	17.599	13.571	20.840	21.727	16.886	14.895
1.360	R2	13.965	19.493	21.305	13.965	15.879	13.598	21.227	21.448	17.007	15.275
1.400	R2	12.906	23.364	23.469	14.807	12.906	13.575	21.569	21.037	17.060	15.437
1.440	R2	10.341	21.989	22.403	14.013	10.341	13.684	21.558	20.675	17.015	15.878
1.480	R2	11.215	22.499	22.327	15.573	11.215	13.779	21.588	20.356	17.119	16.339
1.520	R2	13.451	19.309	21.709	14.956	13.647	13.989	21.402	20.105	17.279	16.901
1.560	R2	14.634	16.597	22.113	17.047	16.893	14.165	21.200	19.890	17.489	17.569
1.600	R2	16.983	20.341	24.210	21.328	18.963	14.390	21.100	19.681	17.784	18.241
1.640	R2	18.044	23.890	26.193	21.584	19.644	14.604	21.087	19.471	17.981	18.831
1.680	R2	15.371	22.694	15.371	21.795	24.112	14.874	21.546	19.302	18.316	19.420
1.720	R2	15.201	26.106	15.201	22.383	23.271	14.830	22.080	18.998	18.465	19.712
1.760	R2	13.248	26.721	13.248	20.042	19.580	14.892	22.339	18.887	18.570	19.943
1.800	R2	14.565	20.870	14.565	17.063	21.196	14.919	22.298	18.547	18.728	20.192
1.840	R2	15.241	22.232	15.241	22.036	23.688	14.907	21.964	18.007	18.817	20.582
1.880	R2	17.106	18.716	17.106	21.046	24.148	14.649	21.670	17.145	18.648	20.819
1.920	R2	16.144	20.526	19.239	22.108	25.992	14.353	21.299	16.294	18.439	21.004
1.960	R2	17.261	22.517	19.920	21.394	26.204	13.942	21.144	15.470	18.286	20.920
2.000	R2	17.519	23.405	19.471	19.022	25.027	13.444	21.085	14.598	18.004	20.677
2.040	R2	16.392	26.728	16.392	18.046	22.786	12.851	20.923	13.644	17.510	20.266
2.080	R2	12.813	26.384	12.813	16.898	21.152	12.358	20.748	12.743	17.031	19.753
2.120	R2	15.436	22.403	15.436	16.283	22.224	11.858	20.602	12.371	16.557	18.816
2.160	R2	14.506	18.664	14.506	17.131	20.858	11.363	20.223	12.123	15.925	17.918
2.200	R2	12.676	16.696	12.676	16.594	20.696	10.969	19.725	12.032	15.204	17.207
2.240	R2	5.172	16.097	5.172	10.634	15.078	10.583	19.588	11.711	14.798	16.489
2.280	R2	5.299	15.085	5.299	11.391	14.920	10.146	19.375	11.338	14.022	15.633
2.320	R2	5.236	16.214	5.236	11.886	11.968	9.557	19.200	11.005	13.236	14.721
2.360	R2	4.659	15.402	4.659	11.419	12.043	8.995	19.000	10.437	12.376	13.783
2.400	R2	5.129	17.107	5.129	11.453	10.731	8.353	18.734	9.770	11.527	12.877
2.440	R2	8.185	20.393	8.185	11.993	9.389	7.711	18.535	9.165	10.810	12.147
2.480	R2	5.363	19.772	7.926	12.328	5.363	7.255	18.184	8.761	10.272	11.692
2.520	R2	5.318	18.526	10.248	9.726	5.318	7.130	17.990	8.698	9.942	11.426
2.560	R2	5.355	16.764	11.421	5.634	5.355	6.979	18.015	8.643	9.749	11.105
2.600	R2	6.842	18.136	8.147	8.947	6.842	6.845	18.275	8.602	9.483	10.669
2.640	R2	6.510	17.954	7.773	6.510	6.573	6.574	18.622	8.493	9.016	10.173
2.680	R2	5.323	15.227	10.449	5.323	5.894	6.547	18.724	8.730	8.716	9.899
2.720	R2	4.913	16.525	7.888	4.913	7.237	6.542	18.935	8.986	8.407	9.598
2.760	R2	4.411	17.207	6.582	4.411	8.085	6.523	19.073	9.134	8.055	9.382
2.800	R2	4.682	19.418	7.370	4.682	10.428	6.629	19.109	9.350	7.823	9.158
2.840	R2	7.279	19.713	8.299	7.279	13.686	6.659	18.898	9.474	7.537	8.992
2.880	R2	10.311	22.506	11.564	10.311	15.839	6.642	18.628	9.457	7.352	9.082
2.920	R2	12.416	22.887	14.328	12.416	15.806	6.740	18.393	9.427	7.408	9.593
2.960	R2	11.820	23.866	13.696	11.820	12.129	6.884	17.986	9.325	7.560	10.065
3.000	R2	7.251	23.652	10.491	7.251	10.785	7.042	17.699	9.180	7.930	10.531
3.040	R2	4.629	18.127	9.914	4.629	9.591	7.215	17.322	9.287	8.154	11.051
3.080	R2	5.212	19.314	10.416	5.212	8.907	7.360	17.149	9.368	8.549	11.517
3.120	R2	4.844	18.973	8.203	4.844	7.647	7.519	17.040	9.271	8.938	11.977
3.160	R2	6.786	16.123	8.977	6.786	7.556	7.661	17.008	9.265	9.395	12.465
3.200	R2	5.723	12.869	7.600	5.723	7.414	8.000	17.081	9.495	9.918	12.964
3.240	R2	7.848	14.996	7.848	8.296	11.180	8.391	16.949	9.752	10.526	13.404
3.280	R2	7.332	15.080	7.332	13.450	15.586	8.515	16.771	9.825	11.021	13.725
3.320	R2	8.202	10.386	8.202	12.760	14.753	8.388	16.480	9.635	11.114	13.749
3.360	R2	8.517	11.023	8.517	13.038	14.684	8.162	15.967	9.314	11.237	13.831
3.400	R2	10.291	10.598	10.291	13.432	17.234	7.967	15.480	9.025	11.381	14.123
3.440	R2	9.403	14.500	9.403	14.409	15.899	7.846	15.011	8.742	11.458	14.266
3.480	R2	8.504	13.044	8.504	13.099	15.093	7.879	14.752	8.510	11.730	14.468
3.520	R2	7.761	15.876	7.761	14.045	17.003	7.908	14.664	8.279	11.855	14.575
3.560	R2	11.185	18.660	11.185	14.871	18.067	7.946	14.617	8.149	12.034	14.798
3.600	R2	12.503	16.784	12.503	16.851	19.230	7.926	14.785	8.020	12.080	15.085
3.640	R2	9.758	16.150	9.758	17.184	20.104	7.895	15.003	7.895	12.133	15.342
3.680	R2	7.780	16.699	7.780	12.165	16.319	7.795	14.951	7.795	12.280	15.479
3.720	R2	7.894	12.612	7.894	14.872	17.430	7.763	14.783	7.905	12.256	15.448
3.760	R2	7.919	14.143	7.919	14.704	17.979	7.894	15.180	8.036	12.402	15.612
3.800	R2	4.834	14.256	4.834	8.791	13.653	7.947	15.295	8.116	12.512	15.800
3.840	R2	5.282	12.950	5.282	10.077	13.614	7.802	15.570	7.971	12.513	15.791
3.880	R2	5.793	17.559	5.793	7.699	11.058	7.665	15.531	7.834	12.364	15.770
3.920	R2	5.597	18.031	5.597	8.435	12.104	7.800	15.846	7.969	12.309	15.825
3.960	R2	6.397	19.483	6.397	7.696	13.304	7.800	15.938	7.987	11.995	15.606
4.000	R2	5.093	17.234	5.093	6.784	12.542	7.627	15.975	7.965	11.637	15.367
4.040	R2	5.848	13.959	5.848	11.248	13.926	7.469	16.060	7.962	11.262	15.153
4.080	R2	6.695	11.719	9.543	12.953	14.955	7.536	16.139	8.080	10.958	14.919
4.120	R2	10.824	18.315	10.824	15.678	18.044	7.697	16.109	8.634	10.900	14.931
4.160	R2	9.581	13.338	10.119	15.239	18.439	7.835	16.228	9.109	10.689	14.792
4.200	R2	7.384	16.093	7.384	13.469	17.056	8.067	16.494	9.638	10.581	14.702
4.240	R2	6.671	13.708	6.671	11.420	15.476	8.476	16.692	10.252	10.816	14.930
4.280	R2	11.203	19.352	11.203	12.002	16.187	8.762	17.156	10.828	10.862	15.086
4.320	R2	7.757	17.710	8.103	7.757	12.626	9.010	17.287	11.076	11.064	15.316
4.360	R2	7.725	19.404	10.746	7.725	13.288	9.167	17.498	11.512	11.079	15.377
4.400	R2	9.343	18.487	12.456	9.343	14.952	9.338	17.539	11.684	11.186	15.479
4.440	R2	11.097	17.731	12.117	11.097	15.435	9.504	17.700	11.851	11.440	15.544
4.480	R2	11.007	16.099	18.850	11.007	16.554	9.649	17.806	12.052	11.315	15.386
4.520	R2	10.658	14.995	17.401	10.658	14.657	9.865	18.023	12.126	11.278	15.333
4.560	R2	12.548	19.467	18.490	12.548	16.174	9.743	18.091	12.186	10.914	15.096
4.600	R2	13.021	18.215	17.131	13.493	18.211	9.729	18.344	12.347	10.616	14.949
4.640	R2	10.996	22.221	16.800	10.996	16.740	9.925	18.331	12.749	10.547	14.935
4.680	R2	10.747	20.186	10.747	11.742	15.655	10.105	18.358	13.242	10.670	15.067
4.720	R2	8.736	22.237	14.325	8.736	13.326	10.139	18.206	13.547	10.702	15.133
4.760	R2	9.819	20.309	9.828	9.819	15.344	10.227	17.983	13.941	10.947	15.367
4.800	R2	8.427	20.448	8.427	11.872	13.830	10.378	17.958	14.247	11.351	15.710
4.840	R2	8.742	16.077	9.877	8.742	10.767	10.536	17.964	14.389	11.760	16.018
4.880	R2	11.011	16.078	11.011	12.220	13.905	10.535	17.733	14.573	12.130	16.331
4.920	R2	8.396	19.662	12.037	8.396	13.301	10.598	17.545	14.401	12.521	16.589
4.960	R2	9.285	18.401	13.329	9.285	15.491	10.486	17.216	14.322	12.867	16.864
5.000	R2	11.303	15.837	15.424	12.089	16.783	10.245	16.629	14.221	13.176	17.104
5.040	R2	10.287	14.245	16.545	13.883	18.121	9.936	16.061	14.138	13.437	17.204
5.080	R2	11.868	16.317	17.286	12.628	17.499	9.708	15.271	14.031	13.813	17.350
5.120	R2	9.530	13.237	15.994	12.659	17.298	9.430	14.674	14.159	14.039	17.491
5.160	R2	10.735	18.913	16.857	15.803	20.146	9.318	14.053	14.222	14.508	17.839
5.200	R2	12.502	18.610	15.300	17.536	21.117	9.072	13.392	14.364	14.789	17.978
5.240	R2	11.091	13.099	15.795	18.480	21.705	8.911	12.785	14.625	15.048	18.163
5.280	R2	12.264	12.347	15.413	18.840	21.710	8.724	12.350	14.754	15.420	18.473
5.320	R2	8.418	8.418	15.832	17.577	20.154	8.454	11.979	14.892	15.626	18.674
5.360	R2	7.731	7.731	16.453	18.716	20.985	8.395	11.448	15.099	16.024	19.014
5.400	R2	6.837	6.837	15.473	18.723	20.195	8.363	10.961	15.286	16.479	19.325
5.440	R2	6.429	6.429	14.665	18.523	19.670	8.390	10.762	15.397	16.756	19.620
5.480	R2	5.180	8.249	13.301	16.243	18.478	8.506	10.679	15.582	17.161	19.974
5.520	R2	6.499	9.805	15.591	18.135	20.272	8.322	10.273	15.377	17.365	20.081
5.560	R2	4.895	7.092	12.661	15.422	18.128	8.302	10.067	15.246	17.544	20.194
5.600	R2	5.214	8.320	13.645	17.062	17.528	8.169	9.526	15.065	17.522	20.131
5.640	R2	5.008	7.364	12.476	16.181	16.974	7.971	9.022	14.929	17.410	20.010
5.680	R2	5.603	8.659	13.768	16.338	17.930	7.946	8.896	14.834	17.304	19.896
5.720	R2	7.211	9.054	16.175	16.357	20.095	7.693	8.640	14.648	17.141	19.718
5.760	R2	8.651	8.651	17.067	18.394	21.710	7.616	8.562	14.396	16.812	19.513
5.800	R2	11.852	11.852	17.635	17.626	22.676	7.547	8.493	14.133	16.471	19.269
5.840	R2	12.598	12.598	20.254	21.971	25.203	7.648	8.594	14.033	16.136	19.109
5.880	R2	8.187	8.187	13.182	16.706	19.636	7.686	8.632	13.919	15.899	19.009
5.920	R2	9.124	9.124	13.376	16.256	19.572	8.027	8.820	13.868	15.816	19.001
5.960	R2	8.085	8.085	13.232	15.348	18.892	8.222	8.850	13.753	15.633	18.909
6.000	R2	8.532	8.532	12.590	15.299	18.682	8.436	8.954	13.890	15.814	19.042
6.040	R2	10.594	10.594	13.896	16.362	19.430	8.649	9.012	13.735	15.777	19.049
6.080	R2	7.212	7.212	11.683	15.578	18.148	8.841	9.106	13.620	15.796	19.019
6.120	R2	6.870	6.870	10.793	11.008	16.049	8.968	9.079	13.494	15.747	18.964
6.160	R2	6.354	6.354	11.198	11.880	16.117	9.228	9.397	13.384	15.807	18.919
6.200	R2	8.851	8.851	13.467	12.030	16.989	9.323	9.694	13.059	15.700	18.691
6.240	R2	7.194	7.194	12.389	13.793	17.669	9.258	9.707	12.705	15.495	18.401
6.280	R2	12.007	12.007	12.284	14.582	18.326	9.048	9.551	12.112	15.021	17.754
6.320	R2	10.401	10.401	13.283	14.475	18.430	8.925	9.428	11.877	14.817	17.347
6.360	R2	9.167	9.167	15.405	19.026	20.780	8.709	9.211	11.561	14.639	16.927
6.400	R2	9.475	9.475	10.538	16.323	17.667	8.545	9.048	11.195	14.458	16.480
6.440	R2	8.855	9.246	10.190	16.577	16.377	8.429	8.932	10.996	14.368	16.054
6.480	R2	8.132	8.132	11.248	15.358	16.830	8.235	8.893	10.783	14.077	15.418
6.520	R2	12.412	15.397	13.972	17.557	19.195	8.118	9.060	10.578	13.766	14.754
6.560	R2	10.559	14.599	10.559	16.256	17.162	8.022	9.271	10.425	13.631	14.199
6.600	R2	10.553	12.110	10.553	13.514	16.864	7.944	9.502	10.172	13.456	13.633
6.640	R2	8.402	9.484	8.402	12.498	12.274	7.718	9.757	9.949	13.296	13.000
6.680	R2	5.727	5.727	8.485	12.619	11.482	7.733	10.174	9.826	13.368	12.492
6.720	R2	4.790	4.790	7.045	12.693	11.169	7.522	10.304	9.743	13.369	11.964
6.760	R2	4.814	4.814	5.923	11.739	9.970	7.526	10.600	9.768	13.608	11.567
6.800	R2	6.209	6.209	8.615	13.487	10.145	7.469	10.829	9.610	13.439	10.930
6.840	R2	6.714	9.815	9.633	10.544	6.714	7.408	10.976	9.796	13.482	10.458
6.880	R2	4.869	10.561	7.577	9.368	4.869	7.473	11.220	10.061	13.602	10.148
6.920	R2	4.948	11.092	7.733	8.300	4.948	7.753	11.541	10.462	13.710	9.992
6.960	R2	4.809	10.973	6.134	8.381	4.809	7.721	11.360	10.640	13.798	9.821
7.000	R2	4.325	13.951	9.012	8.840	4.325	7.775	11.283	11.009	13.937	9.663
7.040	R2	7.499	15.527	9.918	15.235	7.499	7.797	11.227	11.392	14.016	9.533
7.080	R2	7.778	14.600	10.636	14.598	7.778	8.013	11.407	11.818	14.212	9.566
7.120	R2	10.488	16.332	13.780	19.240	10.488	8.288	11.828	12.188	14.362	9.765
7.160	R2	8.030	13.749	12.245	15.655	8.030	8.521	12.339	12.558	14.523	10.026
7.200	R2	8.237	12.416	14.267	17.188	8.237	8.832	12.883	13.108	14.832	10.464
7.240	R2	10.164	14.120	15.472	18.974	10.164	8.986	13.366	13.522	15.199	10.900
7.280	R2	13.725	14.551	19.279	17.521	13.725	9.201	13.673	13.980	15.795	11.757
7.320	R2	11.783	11.783	17.522	19.304	15.771	9.588	14.039	14.616	16.544	12.690
7.360	R2	11.642	13.052	17.938	19.053	13.994	10.049	14.494	15.256	17.362	13.753
7.400	R2	10.993	10.993	18.218	15.085	14.271	10.482	14.798	15.986	18.140	14.798
7.440	R2	12.718	13.089	16.924	16.409	12.924	10.926	15.030	16.612	18.977	15.934
7.480	R2	11.232	14.141	15.880	15.627	15.459	11.148	15.061	17.122	19.420	16.897
7.520	R2	9.452	15.018	14.457	15.913	16.398	11.323	15.005	17.555	19.850	17.795
7.560	R2	11.024	15.697	16.908	17.912	18.722	11.368	14.910	17.814	20.002	18.537
7.600	R2	9.285	15.859	16.912	20.837	18.875	11.612	15.215	18.227	20.280	19.514
7.640	R2	11.023	15.961	18.794	22.453	23.860	11.833	15.462	18.550	20.534	20.420
7.680	R2	12.614	17.884	20.278	24.361	23.514	11.915	15.728	18.722	20.600	21.218
7.720	R2	14.155	20.191	20.541	24.649	26.219	11.764	15.976	18.714	20.721	21.748
7.760	R2	13.479	17.042	20.728	23.953	25.696	11.721	16.384	18.781	20.754	22.090
7.800	R2	13.203	18.599	21.546	25.568	27.055	11.796	16.677	18.890	20.817	22.488
7.840	R2	11.932	16.140	20.114	24.100	26.756	11.803	16.953	18.893	21.178	22.671
7.880	R2	11.277	13.485	19.293	23.204	25.741	11.573	16.878	18.760	21.225	22.822
7.920	R2	11.382	14.431	18.972	22.275	25.329	11.418	16.742	18.772	21.432	22.628
7.960	R2	12.910	19.854	20.488	21.207	27.571	11.529	16.656	18.978	21.732	22.535
8.000	R2	12.672	17.355	20.726	22.282	26.362	11.693	16.703	19.198	22.064	22.477
8.040	R2	11.789	19.445	18.912	20.296	26.113	12.006	16.866	19.463	22.286	22.483
8.080	R2	10.723	19.501	19.130	19.928	24.319	12.397	17.188	19.685	22.497	22.231
8.120	R2	10.918	19.937	18.865	19.977	22.627	12.705	17.579	19.917	22.688	21.994
8.160	R2	13.131	18.917	20.118	20.307	21.952	12.898	17.767	20.085	22.752	21.637
8.200	R2	11.140	16.506	18.264	22.296	17.929	12.903	18.013	20.019	22.737	21.032
8.240	R2	8.125	11.595	14.269	17.350	15.938	12.891	18.379	20.034	22.608	20.327
8.280	R2	8.133	11.415	16.129	19.767	11.591	13.160	18.690	20.144	22.664	19.854
8.320	R2	11.670	13.296	18.579	21.923	14.525	13.424	19.188	20.366	22.777	19.395
8.360	R2	14.293	16.656	21.297	24.548	17.568	13.786	19.707	20.616	22.982	19.060
8.400	R2	15.559	19.100	22.213	25.276	18.990	13.926	19.734	20.603	23.024	18.570
8.440	R2	18.826	22.413	23.238	26.682	18.826	14.062	19.862	20.606	23.109	18.355
8.480	R2	18.774	25.705	24.927	28.176	18.774	14.154	19.877	20.692	23.196	17.997
8.520	R2	18.021	23.954	23.899	25.934	19.078	14.301	19.660	20.711	23.209	17.654
8.560	R2	13.589	21.957	19.411	23.638	13.589	14.324	19.232	20.666	23.213	17.142
8.600	R2	12.953	25.921	21.841	22.996	12.953	14.184	18.862	20.567	23.251	16.671
8.640	R2	17.312	22.351	22.305	25.225	17.312	14.001	18.448	20.442	22.950	16.149
8.680	R2	16.553	23.443	23.733	25.452	16.553	13.978	18.348	20.478	22.806	15.735
8.720	R2	18.636	24.825	23.967	26.385	18.636	13.951	18.300	20.395	22.573	15.693
8.760	R2	15.710	20.390	20.228	22.044	17.771	13.862	18.336	20.138	22.073	15.494
8.800	R2	15.380	19.915	20.793	23.980	22.060	13.579	17.969	19.858	21.801	15.212
8.840	R2	13.636	19.751	20.641	22.039	18.952	13.353	17.565	19.580	21.546	14.938
8.880	R2	13.660	15.155	19.496	20.182	17.464	12.960	16.993	19.318	21.306	14.773
8.920	R2	11.387	11.387	17.982	20.061	12.377	12.599	16.286	18.997	20.957	14.636
8.960	R2	10.323	11.509	18.138	21.060	12.537	12.229	15.618	18.699	20.682	14.462
9.000	R2	7.487	8.216	15.753	16.270	7.487	12.192	15.164	18.644	20.620	14.692
9.040	R2	7.656	9.602	14.999	14.475	7.656	12.258	14.648	18.362	20.510	14.941
9.080	R2	7.602	10.454	14.466	15.120	10.747	11.977	14.122	18.089	20.303	14.839
9.120	R2	9.874	14.009	13.427	11.915	10.540	11.666	13.589	17.753	20.085	14.854
9.160	R2	8.646	9.318	15.703	19.104	11.934	11.364	12.978	17.511	19.892	14.753
9.200	R2	11.030	11.030	16.651	20.186	13.520	11.154	12.534	17.429	19.876	14.635
9.240	R2	10.965	10.965	18.008	21.876	15.522	10.982	12.135	17.316	19.736	14.405
9.280	R2	11.560	11.560	18.492	21.191	16.027	10.874	11.722	17.295	19.802	14.501
9.320	R2	10.609	10.609	17.949	20.433	15.611	10.664	11.437	17.201	19.824	14.618
9.360	R2	12.866	12.866	18.308	22.408	18.174	10.462	11.235	17.116	19.710	15.105
9.400	R2	14.266	15.600	16.203	20.796	17.935	10.297	11.010	17.041	19.598	15.475
9.440	R2	11.690	11.844	16.842	21.074	15.270	10.309	10.986	17.055	19.728	16.202
9.480	R2	10.327	12.778	17.016	21.107	16.852	10.362	10.942	17.237	19.992	17.019
9.520	R2	12.598	12.598	19.131	22.521	16.632	10.436	10.873	17.418	20.255	17.630
9.560	R2	11.510	11.510	18.575	21.729	15.399	10.448	10.678	17.703	20.710	18.194
9.600	R2	11.944	11.944	18.549	21.164	17.465	10.548	10.745	17.886	20.922	18.647
9.640	R2	11.480	11.480	20.212	23.367	20.860	10.690	10.887	17.953	21.033	19.069
9.680	R2	9.460	9.460	17.612	20.618	19.811	10.790	10.987	17.984	21.137	19.473
9.720	R2	7.341	7.341	16.285	17.788	22.120	11.000	11.197	18.239	21.430	20.030
9.760	R2	7.025	7.025	16.645	18.828	19.932	11.207	11.404	18.439	21.723	20.710
9.800	R2	7.727	7.727	16.035	18.869	22.032	11.439	11.636	18.513	21.844	21.041
9.840	R2	8.724	8.724	18.636	19.738	23.994	11.416	11.546	18.664	21.995	21.444
9.880	R2	9.081	9.081	18.079	20.394	22.962	11.463	11.586	18.821	22.163	22.045
9.920	R2	10.107	10.107	19.122	21.018	21.822	11.710	11.710	19.189	22.457	22.685
9.960	R2	10.648	10.648	19.364	23.326	21.008	11.993	11.993	19.360	22.696	23.353
10.000	R2	13.863	13.863	18.007	22.418	21.945	12.401	12.504	19.508	22.925	23.897
10.040	R2	12.974	12.974	18.621	23.958	23.615	12.739	12.842	19.669	23.177	24.385
10.080	R2	15.764	15.764	23.583	27.046	27.156	13.207	13.446	19.701	23.345	24.525
10.120	R2	14.741	14.741	21.949	26.286	29.218	13.689	14.103	19.775	23.580	24.727
10.160	R2	17.503	17.503	19.793	24.844	24.794	14.221	14.914	19.860	23.835	24.624
10.200	R2	13.804	13.804	19.217	23.803	25.988	14.809	15.727	20.003	24.112	24.567
10.240	R2	12.645	12.645	19.991	24.434	27.303	15.384	16.468	20.242	24.461	24.427
10.280	R2	15.258	15.258	24.383	26.987	29.634	15.837	16.921	20.349	24.704	24.134
10.320	R2	18.256	18.256	22.553	27.299	29.996	16.276	17.359	20.455	24.932	23.940
10.360	R2	19.683	21.734	21.523	26.310	26.277	16.642	17.726	20.492	25.066	23.782
10.400	R2	18.700	18.700	21.778	26.217	27.226	17.205	18.366	20.709	25.282	23.827
10.440	R2	20.837	23.568	20.837	26.710	23.669	17.628	18.994	20.924	25.582	23.924
10.480	R2	19.099	22.601	19.099	25.324	23.841	18.207	19.778	21.258	25.872	23.971
10.520	R2	17.980	23.559	17.980	22.894	20.070	18.516	20.506	21.280	25.893	23.710
10.560	R2	18.794	23.283	19.504	24.371	18.794	18.891	21.440	21.383	25.945	23.361
10.600	R2	19.225	22.549	20.812	25.844	19.225	19.102	22.192	21.612	26.096	23.208
10.640	R2	17.775	17.775	20.787	24.595	18.140	19.538	23.150	21.939	26.346	23.034
10.680	R2	17.855	17.855	20.203	24.958	19.079	20.025	24.289	22.157	26.514	22.788
10.720	R2	17.445	17.445	19.856	23.691	18.668	20.188	25.009	21.994	26.389	22.233
10.760	R2	21.901	23.436	23.700	27.653	21.901	20.209	25.701	21.950	26.133	21.667
10.800	R2	22.316	26.440	22.316	28.420	23.880	20.071	26.047	21.863	25.888	21.200
10.840	R2	24.566	28.639	25.294	29.759	24.566	19.932	26.398	21.686	25.627	20.634
10.880	R2	21.940	30.321	24.025	27.454	21.940	19.533	26.425	21.465	25.200	20.093
10.920	R2	22.238	33.432	23.999	27.331	22.238	19.139	26.537	21.213	24.714	19.462
10.960	R2	21.730	32.535	24.373	27.870	21.730	18.913	26.626	21.083	24.408	19.132
11.000	R2	22.510	32.967	25.771	28.804	22.510	18.715	26.955	21.054	24.103	18.933
11.040	R2	22.386	35.436	24.352	27.782	22.386	18.447	27.344	20.964	23.733	18.665
11.080	R2	18.524	29.656	21.119	24.499	18.524	18.138	27.694	20.650	23.356	18.339
11.120	R2	18.668	32.098	21.681	22.166	18.668	17.813	28.072	20.360	22.925	17.952
11.160	R2	16.938	28.644	19.764	21.416	16.938	17.527	28.514	20.096	22.610	17.605
11.200	R2	15.917	25.730	18.244	20.997	15.917	17.111	28.634	19.609	22.141	17.189
11.240	R2	12.848	24.105	16.422	18.168	12.848	16.615	28.630	19.147	21.598	16.615
11.280	R2	11.217	24.843	14.065	15.608	11.217	16.033	28.507	18.604	20.985	16.033
11.320	R2	13.470	25.325	15.364	16.773	13.470	15.609	28.520	18.255	20.485	15.609
11.360	R2	14.821	29.875	18.936	18.263	14.821	15.088	28.240	17.880	19.883	15.088
11.400	R2	13.865	30.321	19.002	18.445	13.865	14.534	28.000	17.374	19.221	14.534
11.440	R2	11.606	24.768	14.518	17.071	11.606	13.992	27.734	16.891	18.484	13.992
11.480	R2	11.351	25.420	14.408	16.328	11.351	13.199	27.137	16.149	17.651	13.199
11.520	R2	11.718	26.290	14.571	17.387	11.718	12.712	26.814	15.694	16.963	12.712
11.560	R2	13.587	25.835	13.950	18.280	13.587	12.387	26.336	15.218	16.492	12.387
11.600	R2	12.404	26.364	13.087	17.551	12.404	12.195	26.132	14.885	16.200	12.231
11.640	R2	12.930	26.169	14.435	17.518	12.930	11.971	25.945	14.819	15.812	12.007
11.680	R2	13.458	30.584	17.036	17.439	13.458	11.940	25.829	14.805	15.589	11.976
11.720	R2	11.810	27.844	16.501	15.288	11.810	11.876	25.659	14.598	15.395	12.002
11.760	R2	10.652	27.736	14.251	14.646	10.652	11.640	25.566	14.268	15.223	11.822
11.800	R2	11.670	27.640	16.104	14.047	11.670	11.168	24.962	13.590	14.695	11.444
11.840	R2	6.519	23.494	9.530	11.131	6.519	10.721	24.355	12.985	14.197	10.998
11.880	R2	8.782	23.191	12.002	10.744	8.782	10.404	23.906	12.723	13.701	10.680
11.920	R2	12.169	22.542	12.169	12.738	12.181	10.088	23.407	12.537	13.221	10.365
11.960	R2	13.106	24.557	13.106	15.573	13.818	9.762	22.975	12.127	12.707	10.038
12.000	R2	11.435	21.993	16.923	13.244	11.435	9.333	22.551	12.035	12.155	9.610
12.040	R2	12.222	21.779	16.136	13.710	12.222	8.959	22.178	11.864	11.690	9.236
12.080	R2	9.939	21.456	9.939	11.713	11.740	8.660	21.951	11.719	11.174	8.936
12.120	R2	8.756	23.456	8.756	13.334	9.867	8.452	21.471	11.601	10.777	8.729
12.160	R2	5.370	17.798	5.370	7.703	7.265	8.260	21.093	11.514	10.411	8.596
12.200	R2	4.940	18.192	6.907	8.488	4.940	8.025	20.669	11.532	9.977	8.646
12.240	R2	5.253	15.779	9.286	7.149	5.253	7.970	20.406	11.560	9.803	8.606
12.280	R2	5.043	15.438	10.678	6.737	5.043	8.054	20.196	11.915	9.656	8.864
12.320	R2	5.185	17.653	6.384	7.104	5.185	8.049	19.791	12.150	9.553	9.009
12.360	R2	5.018	17.349	12.105	7.237	5.018	7.909	19.615	12.354	9.385	9.130
12.400	R2	4.924	18.903	9.670	8.266	4.924	7.759	19.167	12.489	9.176	9.182
12.440	R2	6.939	21.646	11.523	7.196	6.939	7.682	18.917	12.431	9.011	9.276
12.480	R2	9.310	20.983	14.675	9.502	9.310	7.478	18.490	12.328	8.733	9.149
12.520	R2	7.966	20.280	14.764	7.966	9.156	7.418	18.174	12.559	8.608	9.060
12.560	R2	5.962	19.257	14.613	5.962	11.647	7.564	17.997	12.849	8.555	9.151
12.600	R2	10.567	22.383	16.669	10.567	10.877	7.967	18.275	13.459	9.028	9.459
12.640	R2	8.189	19.288	16.620	8.189	11.671	8.288	18.555	13.815	9.280	9.780
12.680	R2	8.692	15.095	16.705	8.692	11.697	8.722	19.007	14.267	9.727	10.214
12.720	R2	9.370	19.019	16.254	9.370	14.600	9.160	19.433	14.599	10.177	10.652
12.760	R2	10.095	15.604	15.801	11.391	14.849	9.443	19.703	15.022	10.579	10.935
12.800	R2	9.896	16.985	15.759	9.945	13.310	9.842	20.038	15.271	10.959	11.396
12.840	R2	8.148	13.233	14.078	8.148	9.681	10.073	20.315	15.520	11.231	11.627
12.880	R2	8.736	15.150	14.559	9.213	9.977	10.155	20.354	15.747	11.570	11.709
12.920	R2	11.683	19.915	14.561	12.284	11.683	10.161	20.520	15.710	11.857	11.715
12.960	R2	13.429	23.348	17.568	17.146	13.429	10.359	20.824	15.803	12.271	11.853
13.000	R2	11.347	23.796	14.021	13.530	11.347	10.575	21.048	15.876	12.568	11.785
13.040	R2	13.946	24.810	18.329	16.087	13.946	10.576	21.044	15.833	12.748	11.771
13.080	R2	13.793	23.953	17.314	15.751	13.793	10.667	21.211	15.743	12.875	11.688
13.120	R2	10.846	23.069	14.847	15.131	10.846	10.654	21.542	15.550	12.976	11.524
13.160	R2	13.007	24.048	17.098	14.842	14.245	10.582	21.608	15.424	13.000	11.191
13.200	R2	9.536	24.445	14.637	13.709	9.536	10.435	21.680	15.228	12.916	10.806
13.240	R2	8.586	22.410	16.078	13.973	8.586	10.360	21.468	14.958	12.838	10.606
13.280	R2	9.422	24.314	13.929	15.252	9.422	10.343	21.584	14.745	12.821	10.532
13.320	R2	11.927	26.362	16.622	16.242	11.927	10.261	21.627	14.586	12.727	10.388
13.360	R2	10.278	23.723	16.064	11.907	10.278	9.953	21.469	14.435	12.538	10.080
13.400	R2	10.601	22.306	15.810	14.150	10.601	9.549	21.061	14.096	11.948	9.745
13.440	R2	10.011	22.636	14.829	10.737	10.011	9.230	20.522	13.838	11.520	9.448
13.480	R2	8.418	21.705	12.838	10.704	8.418	8.787	19.856	13.270	10.971	9.039
13.520	R2	7.938	20.356	13.734	9.863	7.938	8.328	19.088	12.680	10.469	8.580
13.560	R2	7.153	17.027	11.882	9.696	7.153	8.050	18.453	12.253	9.976	8.400
13.600	R2	8.400	12.752	10.362	8.400	9.297	7.653	17.830	11.665	9.487	7.973
13.640	R2	7.799	15.550	9.813	7.799	8.205	7.422	17.289	11.280	9.056	7.743
13.680	R2	7.092	16.011	11.376	7.331	7.092	7.226	16.990	11.027	8.631	7.547
13.720	R2	5.533	16.754	11.550	8.514	5.533	7.016	16.537	10.865	8.130	7.358
13.760	R2	5.349	15.199	10.789	5.349	6.727	6.685	15.915	10.562	7.583	7.038
13.800	R2	4.964	13.006	8.865	4.964	5.416	6.437	15.450	10.254	7.253	6.803
13.840	R2	5.095	11.489	6.970	5.095	5.750	6.121	15.052	10.004	6.800	6.745
13.880	R2	4.611	8.598	5.506	5.713	4.611	5.901	14.641	9.784	6.544	6.534
13.920	R2	5.282	10.376	6.306	5.282	7.256	5.755	14.183	9.596	6.284	6.455
13.960	R2	5.060	11.579	5.343	5.060	5.714	5.637	13.867	9.314	6.070	6.444
14.000	R2	4.917	13.618	6.926	5.079	4.917	5.552	13.611	9.120	5.858	6.423
14.040	R2	4.676	16.431	11.033	5.478	4.676	5.368	13.702	9.093	5.716	6.194
14.080	R2	5.226	15.258	10.675	5.226	5.644	5.248	13.547	8.962	5.595	6.057
14.120	R2	5.307	13.932	10.566	5.307	5.534	5.172	13.394	8.825	5.507	6.028
14.160	R2	5.303	14.408	9.904	5.303	5.571	5.185	13.173	8.754	5.372	6.067
14.200	R2	4.278	14.348	10.819	5.102	9.434	5.199	13.146	8.726	5.386	6.053
14.240	R2	5.612	14.424	10.430	5.612	5.801	5.216	13.220	8.781	5.403	6.164
14.280	R2	5.498	12.543	9.067	5.498	6.834	5.225	13.184	8.794	5.412	6.254
14.320	R2	5.590	14.036	8.106	5.590	7.722	5.277	13.476	9.049	5.408	6.485
14.360	R2	5.452	11.913	7.994	5.452	6.724	5.288	13.625	9.151	5.420	6.569
14.400	R2	4.723	14.576	9.825	5.562	4.723	5.291	13.714	9.353	5.422	6.555
14.440	R2	5.389	12.440	7.188	5.389	5.453	5.294	13.690	9.477	5.423	6.558
14.480	R2	5.570	12.950	8.649	5.570	6.523	5.240	13.557	9.345	5.383	6.504
14.520	R2	5.810	12.341	10.111	5.810	6.303	5.120	13.426	9.264	5.363	6.364
14.560	R2	5.625	14.663	10.235	5.625	6.459	5.094	13.468	9.224	5.356	6.326
14.600	R2	5.306	14.483	9.966	5.306	7.641	5.074	13.427	9.158	5.346	6.292
14.640	R2	5.267	10.769	7.231	5.267	7.549	5.116	13.480	9.186	5.360	6.077
14.680	R2	5.644	14.428	10.602	5.644	9.225	5.081	13.542	9.175	5.347	6.033
14.720	R2	5.511	13.355	8.357	5.511	8.926	5.046	13.611	9.203	5.334	5.930
14.760	R2	5.108	13.357	9.374	5.108	5.439	4.999	13.575	9.237	5.326	5.777
14.800	R2	4.983	13.152	9.404	5.099	4.983	4.979	13.708	9.204	5.316	5.694
14.840	R2	3.591	13.770	8.393	4.683	3.591	4.999	13.632	9.209	5.298	5.713
14.880	R2	2.844	12.623	9.068	4.818	2.844	4.968	13.751	9.254	5.275	5.679
14.920	R2	4.778	14.777	9.766	5.181	4.778	4.922	13.792	9.247	5.257	5.586
14.960	R2	4.896	13.589	8.577	5.088	4.896	4.884	13.892	9.230	5.242	5.523
15.000	R2	5.132	15.408	11.383	5.391	5.132	4.841	13.763	9.157	5.224	5.438
15.040	R2	4.909	15.674	10.204	5.342	4.909	4.834	13.642	8.994	5.224	5.315
15.080	R2	4.785	13.908	9.635	5.253	4.785	4.815	13.788	9.037	5.229	5.182
15.120	R2	4.661	13.334	8.771	5.412	4.661	4.782	13.758	9.001	5.213	4.969
15.160	R2	5.055	14.568	7.343	5.253	5.055	4.762	13.674	9.106	5.219	4.778
15.200	R2	5.118	13.054	9.927	5.209	5.118	4.723	13.644	9.134	5.221	4.723
15.240	R2	4.768	14.822	8.082	4.930	4.768	4.734	13.609	9.188	5.226	4.735
15.280	R2	4.651	13.772	8.509	5.208	4.651	4.810	13.433	9.184	5.248	4.821
15.320	R2	5.050	14.341	9.762	5.518	5.050	4.929	13.398	9.262	5.267	4.944
15.360	R2	4.756	12.081	8.791	5.265	4.756	4.903	13.262	9.320	5.283	4.918
15.400	R2	5.176	12.050	6.690	5.296	5.176	4.865	13.059	9.438	5.288	4.881
15.440	R2	4.890	13.703	8.104	5.363	4.890	4.834	12.870	9.406	5.292	4.849
15.480	R2	4.971	13.822	9.880	5.326	4.971	4.855	12.733	9.392	5.292	4.875
15.520	R2	5.111	11.669	10.455	5.633	5.111	4.856	12.633	9.364	5.455	4.876
15.560	R2	4.334	12.763	9.933	5.147	4.334	4.867	12.557	9.329	5.696	4.887
15.600	R2	5.209	12.451	10.485	5.209	5.219	4.865	12.378	9.367	5.944	4.885
15.640	R2	5.113	10.253	8.312	5.113	5.311	4.842	12.185	9.281	6.189	4.863
15.680	R2	5.209	11.919	10.623	5.209	5.313	4.902	11.901	9.336	6.458	4.923
15.720	R2	4.263	12.058	10.937	5.499	4.263	4.945	11.766	9.322	6.736	4.965
15.760	R2	4.140	9.532	10.934	5.187	4.140	4.942	11.676	9.238	6.967	4.963
15.800	R2	4.501	11.618	10.746	5.471	4.501	4.993	11.698	9.265	7.170	5.014
15.840	R2	5.330	12.941	9.916	5.330	5.429	4.978	11.671	9.331	7.456	4.998
15.880	R2	4.805	11.908	9.075	8.520	4.805	4.995	11.593	9.325	7.714	5.015
15.920	R2	4.882	11.817	8.072	10.235	4.882	4.999	11.586	9.226	7.959	5.020
15.960	R2	5.015	10.994	8.100	10.216	5.015	5.025	11.804	9.124	8.221	5.046
16.000	R2	4.667	9.194	8.214	10.108	4.667	5.081	11.899	9.078	8.592	5.102
16.040	R2	5.968	9.142	9.172	10.302	5.968	5.185	12.073	9.051	8.975	5.205
16.080	R2	5.509	11.064	8.230	10.771	5.509	5.389	12.324	9.359	9.575	5.399
16.120	R2	4.997	12.545	8.095	10.141	4.997	5.696	12.581	9.573	10.114	5.701
16.160	R2	5.770	12.525	9.322	9.327	5.770	6.015	12.662	9.680	10.676	6.020
16.200	R2	4.870	11.501	8.022	11.019	4.870	6.388	13.051	9.908	11.301	6.393
16.240	R2	5.228	12.150	7.978	10.519	5.228	6.689	13.147	10.041	11.782	6.694
16.280	R2	5.065	13.671	7.900	10.220	5.065	6.905	13.147	10.176	12.312	6.905
16.320	R2	5.629	16.043	8.403	10.878	5.629	7.128	13.147	10.357	12.732	7.128
16.360	R2	5.449	14.654	9.025	12.561	5.449	7.393	13.187	10.599	13.103	7.393
16.400	R2	7.284	15.936	9.943	12.877	7.284	7.686	13.499	10.873	13.457	7.686
16.440	R2	9.202	15.266	14.478	17.105	9.202	7.906	13.914	11.067	13.801	7.906
16.480	R2	11.340	17.068	14.887	15.991	11.340	8.173	14.285	11.259	14.192	8.173
16.520	R2	10.658	13.668	13.083	16.750	10.658	8.484	14.560	11.482	14.576	8.484
16.560	R2	11.585	17.315	15.490	17.676	11.585	8.849	14.547	11.772	15.038	8.895
16.600	R2	10.536	13.538	13.421	15.086	10.536	9.111	14.471	11.897	15.446	9.220
16.640	R2	9.643	12.931	12.618	15.927	9.643	9.269	14.552	12.075	15.748	9.379
16.680	R2	9.264	11.914	12.678	16.933	9.264	9.516	14.515	12.184	16.022	9.631
16.720	R2	10.183	12.613	12.920	17.653	10.183	9.673	14.436	12.253	16.264	9.788
16.760	R2	10.880	17.246	13.588	17.290	10.880	9.828	14.213	12.299	16.465	9.943
16.800	R2	9.059	17.490	12.089	16.989	9.059	10.005	14.141	12.326	16.567	10.120
16.840	R2	11.304	16.556	13.018	18.129	11.304	9.889	13.974	12.279	16.581	10.004
16.880	R2	11.742	16.569	12.692	18.455	11.742	9.695	13.705	11.868	16.175	9.810
16.920	R2	12.281	12.281	13.877	19.369	13.199	9.350	13.340	11.410	15.814	9.465
16.960	R2	11.012	11.012	11.828	17.494	12.279	9.066	13.111	11.019	15.343	9.181
17.000	R2	8.042	13.116	11.589	17.062	8.042	8.740	12.694	10.499	14.845	8.856
17.040	R2	10.153	11.414	10.153	15.985	10.275	8.347	12.526	10.081	14.463	8.462
17.080	R2	8.210	12.095	9.287	15.069	8.210	8.002	12.313	9.679	14.046	8.117
17.120	R2	8.731	11.584	9.311	14.906	8.731	7.655	12.168	9.282	13.536	7.770
17.160	R2	8.992	13.214	9.564	14.590	8.992	7.282	12.034	8.912	13.018	7.398
17.200	R2	4.954	12.597	9.002	13.156	4.954	6.880	11.608	8.478	12.543	6.996
17.240	R2	5.326	9.876	6.265	8.996	5.326	6.567	11.158	8.142	12.102	6.682
17.280	R2	4.439	9.779	5.727	8.758	4.439	6.133	10.851	7.751	11.565	6.249
17.320	R2	4.975	9.072	5.262	7.338	4.975	5.667	10.599	7.374	11.009	5.782
17.360	R2	5.081	8.988	5.101	7.725	5.081	5.189	10.477	6.933	10.380	5.258
17.400	R2	2.668	10.174	5.051	7.434	2.668	4.779	10.401	6.647	9.866	4.785
17.440	R2	2.733	8.661	4.581	7.586	2.733	4.515	10.087	6.337	9.379	4.521
17.480	R2	2.333	9.022	4.727	6.740	2.333	4.140	9.803	6.101	8.876	4.140
17.520	R2	2.731	9.941	5.529	7.292	2.731	3.862	9.370	5.893	8.422	3.862
17.560	R2	2.836	8.713	4.908	7.780	2.836	3.547	8.982	5.690	7.929	3.547
17.600	R2	2.791	8.494	5.364	8.180	2.791	3.222	8.474	5.519	7.461	3.222
17.640	R2	2.633	10.416	5.204	7.393	2.633	3.089	7.959	5.337	7.081	3.094
17.680	R2	2.418	11.521	5.158	7.329	2.418	2.948	7.605	5.277	6.991	2.953
17.720	R2	2.713	9.840	5.056	6.782	2.713	2.852	7.249	5.245	6.827	2.858
17.760	R2	2.817	9.495	6.092	7.209	2.817	2.732	6.924	5.244	6.801	2.746
17.800	R2	2.769	6.837	5.394	7.329	2.769	2.603	6.619	5.245	6.777	2.617
17.840	R2	2.652	5.743	5.430	5.928	2.652	2.593	6.233	5.254	6.728	2.617
17.880	R2	2.642	3.431	5.142	5.993	2.642	2.580	5.924	5.292	6.648	2.612
17.920	R2	2.439	3.818	5.252	5.049	2.439	2.594	5.614	5.313	6.664	2.626
17.960	R2	2.479	3.069	6.133	5.228	2.479	2.572	5.262	5.304	6.648	2.604
18.000	R2	2.294	2.294	5.362	5.560	2.406	2.565	4.977	5.340	6.633	2.598
18.040	R2	2.509	2.801	5.063	7.179	2.509	2.556	4.689	5.357	6.530	2.588
18.080	R2	2.533	2.651	5.093	5.494	2.533	2.560	4.307	5.381	6.498	2.592
18.120	R2	2.572	2.572	5.239	6.816	2.742	2.565	3.888	5.393	6.449	2.597
18.160	R2	2.498	2.884	5.132	7.245	2.498	2.557	3.543	5.399	6.447	2.589
18.200	R2	2.463	2.463	5.228	6.444	2.674	2.536	3.187	5.335	6.446	2.569
18.240	R2	2.478	2.478	5.325	5.982	2.632	2.520	2.968	5.290	6.453	2.561
18.280	R2	2.605	2.812	5.150	7.077	2.605	2.511	2.815	5.284	6.507	2.552
18.320	R2	2.293	2.913	5.356	6.955	2.293	2.498	2.766	5.281	6.535	2.539
18.360	R2	2.707	3.011	5.620	7.489	2.707	2.492	2.748	5.277	6.619	2.534
18.400	R2	2.599	2.723	5.707	6.130	2.599	2.491	2.749	5.209	6.718	2.533
18.440	R2	2.716	2.785	5.691	6.739	2.716	2.503	2.770	5.202	6.820	2.538
18.480	R2	2.518	3.139	5.400	6.351	2.518	2.503	2.757	5.196	6.832	2.538
18.520	R2	2.559	2.935	5.168	6.736	2.559	2.480	2.728	5.189	6.966	2.549
18.560	R2	2.385	2.385	4.822	7.194	2.412	2.459	2.707	5.189	7.004	2.533
18.600	R2	2.454	2.454	4.497	7.469	2.609	2.452	2.695	5.178	6.999	2.537
18.640	R2	2.474	2.673	5.295	7.004	2.474	2.450	2.692	5.156	7.000	2.534
18.680	R2	2.382	2.466	5.090	6.558	2.382	2.447	2.690	5.151	7.075	2.528
18.720	R2	2.325	3.444	5.179	6.739	2.325	2.442	2.679	5.150	7.039	2.527
18.760	R2	2.462	3.096	4.768	7.191	2.462	2.455	2.661	5.143	7.049	2.543
18.800	R2	2.520	2.720	5.224	7.606	2.520	2.438	2.636	5.104	6.945	2.533
18.840	R2	2.508	2.536	4.936	7.415	2.508	2.421	2.614	5.078	6.917	2.537
18.880	R2	2.074	2.074	4.962	8.171	2.749	2.410	2.602	5.035	6.876	2.534
18.920	R2	2.149	2.149	5.225	7.577	2.425	2.404	2.573	5.030	6.811	2.533
18.960	R2	2.360	2.635	4.924	7.161	2.574	2.395	2.544	5.015	6.724	2.538
19.000	R2	2.421	2.421	4.779	6.450	2.609	2.394	2.553	5.033	6.613	2.555
19.040	R2	2.430	2.430	5.238	7.479	2.515	2.394	2.560	5.062	6.489	2.547
19.080	R2	2.510	2.593	5.119	6.358	2.579	2.391	2.552	5.055	6.425	2.547
19.120	R2	2.545	2.545	5.221	7.155	2.624	2.396	2.555	5.065	6.380	2.556
19.160	R2	2.357	2.517	4.831	5.417	2.493	2.406	2.518	5.075	6.317	2.566
19.200	R2	2.277	2.277	5.191	5.568	2.693	2.398	2.479	5.089	6.286	2.575
19.240	R2	2.495	2.551	4.824	5.931	2.643	2.383	2.453	5.087	6.221	2.572
19.280	R2	2.388	2.549	5.309	5.047	2.511	2.357	2.426	5.114	6.113	2.578
19.320	R2	2.372	2.372	4.866	4.997	2.647	2.366	2.448	5.121	6.065	2.576
19.360	R2	2.369	2.560	5.189	4.964	2.754	2.382	2.464	5.111	6.053	2.583
19.400	R2	2.455	2.586	5.068	4.988	2.455	2.387	2.455	5.134	6.078	2.594
19.440	R2	2.416	2.509	5.156	5.725	2.465	2.387	2.455	5.158	6.120	2.595
19.480	R2	2.487	2.532	5.285	5.656	2.569	2.388	2.461	5.173	6.136	2.613
19.520	R2	2.526	2.717	5.383	5.482	2.526	2.381	2.451	5.189	6.184	2.617
19.560	R2	2.304	2.304	5.057	6.567	2.634	2.368	2.437	5.181	6.206	2.606
19.600	R2	2.207	2.207	5.177	6.311	2.474	2.377	2.438	5.200	6.278	2.612
19.640	R2	1.996	1.996	5.474	5.263	2.630	2.388	2.465	5.209	6.338	2.617
19.680	R2	2.263	2.519	5.095	7.210	2.708	2.385	2.466	5.217	6.392	2.620
19.720	R2	2.453	2.453	5.029	7.328	2.560	2.377	2.449	5.209	6.453	2.616
19.760	R2	2.467	2.467	5.390	7.668	2.796	2.378	2.455	5.240	6.519	2.603
19.800	R2	2.422	2.422	5.260	7.290	2.631	2.374	2.441	5.239	6.525	2.587
19.840	R2	2.451	2.544	5.532	7.799	2.860	2.368	2.445	5.254	6.521	2.597
19.880	R2	2.376	2.389	5.432	7.308	2.665	2.370	2.442	5.258	6.577	2.609
19.920	R2	2.276	2.276	5.071	7.602	2.405	2.374	2.444	5.246	6.584	2.615
19.960	R2	2.535	2.535	5.204	6.863	2.622	2.365	2.435	5.233	6.676	2.614
20.000	R2	2.498	2.805	5.370	6.753	2.779	2.369	2.445	5.250	6.618	2.606
20.040	R2	2.439	2.576	4.987	7.016	2.700	2.364	2.440	5.258	6.577	2.615
20.080	R2	2.220	2.220	5.146	6.276	2.437	2.364	2.440	5.251	6.528	2.622
20.120	R2	2.393	2.478	5.500	6.315	2.393	2.372	2.435	5.237	6.451	2.619
20.160	R2	2.292	2.292	5.157	5.072	2.422	2.372	2.452	5.244	6.352	2.624
20.200	R2	2.335	2.650	5.372	4.912	2.668	2.370	2.449	5.236	6.259	2.616
20.240	R2	2.459	2.459	5.229	6.850	2.697	2.351	2.431	5.246	6.185	2.612
20.280	R2	2.574	2.574	5.051	5.800	2.690	2.353	2.435	5.224	6.082	2.595
20.320	R2	2.334	2.542	5.129	7.317	2.501	2.339	2.419	5.205	6.002	2.587
20.360	R2	2.390	2.497	5.395	5.403	2.481	2.343	2.423	5.224	5.937	2.596
20.400	R2	2.098	2.098	5.331	5.487	2.651	2.326	2.407	5.210	5.845	2.590
20.440	R2	1.999	1.999	5.343	4.285	2.770	2.318	2.387	5.207	5.779	2.581
20.480	R2	2.422	2.422	4.815	5.672	2.651	2.315	2.388	5.222	5.741	2.564
20.520	R2	2.456	2.788	5.162	5.352	2.660	2.324	2.406	5.196	5.675	2.573
20.560	R2	2.422	2.422	5.227	5.797	2.632	2.321	2.417	5.156	5.624	2.581
20.600	R2	2.053	2.053	5.468	5.822	2.548	2.332	2.439	5.140	5.656	2.593
20.640	R2	2.496	2.615	5.084	5.740	2.533	2.333	2.431	5.134	5.677	2.587
20.680	R2	2.078	2.078	5.065	5.706	2.504	2.326	2.427	5.126	5.579	2.590
20.720	R2	2.367	2.367	5.442	6.294	2.576	2.325	2.430	5.138	5.548	2.588
20.760	R2	2.197	2.197	4.923	5.028	2.517	2.324	2.436	5.135	5.451	2.584
20.800	R2	2.341	2.411	5.324	5.425	2.582	2.306	2.412	5.112	5.462	2.599
20.840	R2	2.378	2.600	5.280	6.258	2.378	2.325	2.434	5.101	5.456	2.598
20.880	R2	2.398	2.579	4.626	4.963	2.600	2.348	2.456	5.086	5.483	2.587
20.920	R2	2.321	2.707	4.704	5.300	2.566	2.341	2.449	5.100	5.454	2.578
20.960	R2	2.513	2.723	4.833	5.706	2.662	2.343	2.438	5.101	5.459	2.573
21.000	R2	2.361	2.493	5.250	5.337	2.540	2.340	2.435	5.123	5.478	2.573
21.040	R2	2.317	2.367	5.078	4.881	2.752	2.347	2.442	5.127	5.440	2.572
21.080	R2	2.560	2.646	5.279	5.191	2.649	2.338	2.439	5.126	5.413	2.579
21.120	R2	2.317	2.650	5.062	5.367	2.421	2.351	2.454	5.121	5.428	2.587
21.160	R2	2.020	2.020	4.953	5.627	2.795	2.351	2.454	5.088	5.401	2.590
21.200	R2	2.489	2.535	5.098	5.364	2.618	2.355	2.473	5.086	5.398	2.589
21.240	R2	2.445	2.445	5.046	4.826	2.560	2.355	2.475	5.052	5.371	2.589
21.280	R2	2.282	2.282	5.102	5.104	2.475	2.325	2.435	5.042	5.298	2.593
21.320	R2	2.512	2.577	5.184	5.450	2.554	2.313	2.414	5.061	5.288	2.602
21.360	R2	2.359	2.359	5.657	6.172	2.625	2.311	2.393	5.073	5.282	2.587
21.400	R2	2.186	2.186	5.554	5.071	2.542	2.304	2.382	5.076	5.273	2.574
21.440	R2	2.315	2.561	5.066	5.185	2.674	2.303	2.378	5.073	5.250	2.585
21.480	R2	2.334	2.368	4.956	6.003	2.660	2.292	2.364	5.074	5.258	2.579
21.520	R2	2.372	2.372	4.793	5.757	2.627	2.285	2.354	5.070	5.291	2.582
21.560	R2	2.282	2.590	4.869	4.978	2.492	2.302	2.355	5.079	5.377	2.595
21.600	R2	2.330	2.440	4.648	4.877	2.598	2.315	2.368	5.078	5.452	2.587
21.640	R2	1.796	1.796	5.090	4.808	2.460	2.307	2.358	5.064	5.556	2.580
21.680	R2	2.159	2.159	4.992	4.757	2.761	2.283	2.334	5.060	5.655	2.587
21.720	R2	2.269	2.282	4.941	5.181	2.269	2.267	2.317	5.074	5.742	2.597
21.760	R2	2.384	2.504	4.897	5.524	2.410	2.238	2.285	5.068	5.831	2.599
21.800	R2	2.325	2.424	5.201	4.867	2.752	2.233	2.302	5.019	5.853	2.599
21.840	R2	2.094	2.094	5.089	5.058	2.643	2.230	2.299	4.991	5.906	2.601
21.880	R2	2.439	2.439	5.211	5.835	2.711	2.232	2.289	4.994	6.034	2.599
21.920	R2	2.649	2.662	5.233	7.089	2.676	2.234	2.303	5.009	6.076	2.600
21.960	R2	2.286	2.286	4.931	7.133	2.625	2.239	2.311	5.016	6.156	2.604
22.000	R2	2.326	2.326	4.818	7.454	2.487	2.249	2.306	5.020	6.247	2.614
22.040	R2	1.966	1.966	4.970	6.796	2.689	2.250	2.306	5.014	6.319	2.607
22.080	R2	1.956	1.956	5.385	6.846	2.678	2.267	2.323	5.008	6.451	2.614
22.120	R2	1.937	1.937	5.050	7.224	2.605	2.277	2.338	5.022	6.531	2.613
22.160	R2	2.251	2.689	4.681	6.611	2.624	2.270	2.330	5.022	6.605	2.631
22.200	R2	2.126	2.126	4.990	6.128	2.579	2.263	2.317	5.025	6.686	2.641
22.240	R2	2.362	2.362	5.142	7.748	2.626	2.268	2.318	5.019	6.751	2.639
22.280	R2	2.373	2.658	5.248	6.851	2.693	2.276	2.326	5.010	6.869	2.651
22.320	R2	2.468	2.535	4.924	7.347	2.708	2.251	2.300	5.012	6.925	2.645
22.360	R2	2.480	2.480	4.953	6.803	2.679	2.243	2.292	5.008	6.941	2.640
22.400	R2	2.348	2.437	4.532	6.314	2.468	2.248	2.296	5.004	6.907	2.634
22.440	R2	2.141	2.141	4.974	7.455	2.605	2.258	2.313	5.013	6.918	2.646
22.480	R2	2.362	2.454	5.277	6.349	2.738	2.283	2.337	5.014	6.917	2.643
22.520	R2	2.133	2.133	4.930	6.663	2.624	2.281	2.335	4.977	6.900	2.635
22.560	R2	2.238	2.238	4.955	7.149	2.601	2.304	2.358	4.971	6.839	2.632
22.600	R2	2.429	2.435	5.094	6.161	2.725	2.296	2.328	4.982	6.904	2.632
22.640	R2	2.259	2.259	4.897	7.425	2.879	2.301	2.333	4.988	6.963	2.623
22.680	R2	1.925	1.925	5.253	6.946	2.586	2.302	2.336	5.008	6.913	2.616
22.720	R2	2.491	2.491	5.149	7.416	2.588	2.282	2.302	5.007	6.954	2.618
22.760	R2	2.380	2.380	4.854	6.450	2.508	2.267	2.283	4.996	6.932	2.606
22.800	R2	2.539	2.650	5.006	7.686	2.713	2.265	2.282	4.988	6.918	2.600
22.840	R2	2.457	2.457	4.985	6.777	2.639	2.245	2.257	5.007	6.931	2.601
22.880	R2	1.920	1.920	4.640	6.496	2.505	2.258	2.270	5.019	6.913	2.604
22.920	R2	2.392	2.392	4.926	6.004	2.547	2.259	2.272	5.023	6.966	2.597
22.960	R2	2.087	2.087	4.902	7.904	2.635	2.275	2.288	5.030	7.021	2.615
23.000	R2	2.236	2.236	5.120	7.312	2.391	2.282	2.295	5.046	7.029	2.615
23.040	R2	2.372	2.408	5.536	6.754	2.492	2.275	2.288	5.067	7.083	2.619
23.080	R2	1.988	1.988	5.227	7.671	2.731	2.278	2.291	5.065	7.074	2.614
23.120	R2	2.153	2.153	4.712	6.904	2.467	2.298	2.324	5.053	7.085	2.601
23.160	R2	2.449	2.449	4.802	6.518	2.551	2.294	2.325	5.050	7.041	2.592
23.200	R2	1.952	1.952	4.904	6.578	2.505	2.298	2.333	5.050	7.094	2.593
23.240	R2	2.394	2.394	5.220	7.104	2.650	2.271	2.300	5.046	7.055	2.583
23.280	R2	2.391	2.498	5.343	7.403	2.610	2.271	2.300	5.046	7.097	2.584
23.320	R2	2.456	2.456	5.086	7.754	2.986	2.272	2.301	5.070	7.121	2.589
23.360	R2	2.377	2.377	5.256	7.307	2.601	2.267	2.312	5.085	7.154	2.590
23.400	R2	2.288	2.288	5.529	7.260	2.797	2.259	2.303	5.097	7.117	2.579
23.440	R2	2.317	2.317	4.855	7.241	2.781	2.246	2.291	5.101	7.109	2.589
23.480	R2	2.317	2.589	5.005	7.168	2.317	2.250	2.292	5.054	7.110	2.600
23.520	R2	2.419	2.509	5.098	6.520	2.419	2.271	2.313	5.026	7.114	2.614
23.560	R2	2.466	2.538	4.850	7.527	2.514	2.268	2.311	5.048	7.100	2.637
23.600	R2	1.997	1.997	4.921	6.897	2.512	2.266	2.316	5.055	7.087	2.638
23.640	R2	2.451	2.451	4.984	7.626	2.667	2.272	2.322	5.063	7.131	2.644
23.680	R2	1.939	1.939	5.121	6.962	2.599	2.254	2.305	5.042	7.101	2.640
23.720	R2	2.300	2.612	5.222	6.677	2.574	2.255	2.300	5.039	7.058	2.635
23.760	R2	1.909	1.909	5.154	7.165	2.409	2.240	2.285	5.025	7.006	2.608
23.800	R2	1.988	1.988	5.200	7.147	2.601	2.243	2.293	5.017	6.998	2.605
23.840	R2	2.443	2.443	4.598	6.777	2.708	2.249	2.299	4.998	7.008	2.600
23.880	R2	2.409	2.409	4.652	7.752	3.007	2.255	2.315	5.003	6.987	2.596
23.920	R2	2.106	2.106	5.159	6.610	2.939	2.259	2.308	5.007	6.979	2.617
23.960	R2	2.395	2.555	4.938	6.258	2.556	2.257	2.314	5.017	7.022	2.623
24.000	R2	2.070	2.070	5.077	7.472	2.636	2.239	2.292	5.018	7.002	2.636
24.040	R2	2.051	2.051	4.790	6.488	2.563	2.259	2.320	5.020	6.983	2.646
24.080	R2	2.397	2.397	5.285	6.550	2.513	2.258	2.320	5.023	6.956	2.651
24.120	R2	2.161	2.161	4.805	6.725	2.441	2.282	2.356	5.031	6.989	2.644
24.160	R2	2.432	2.528	5.087	7.147	2.539	2.269	2.326	5.035	7.003	2.651
24.200	R2	2.408	2.408	5.164	7.450	2.709	2.276	2.333	5.031	6.986	2.667
24.240	R2	2.441	2.633	4.955	6.823	2.705	2.296	2.353	5.023	6.968	2.661
24.280	R2	2.397	2.457	5.086	7.005	2.735	2.289	2.352	5.027	6.983	2.644
24.320	R2	2.386	2.636	5.283	7.390	2.528	2.291	2.357	5.068	6.915	2.623
24.360	R2	2.099	2.099	4.870	7.115	2.776	2.304	2.377	5.042	6.843	2.612
24.400	R2	2.397	2.551	4.978	6.519	2.724	2.306	2.378	5.031	6.770	2.617
24.440	R2	2.439	2.449	5.025	7.095	2.761	2.303	2.375	5.017	6.664	2.603
24.480	R2	2.417	2.649	5.296	7.607	2.445	2.296	2.368	4.999	6.564	2.615
24.520	R2	2.027	2.027	5.292	6.958	2.732	2.282	2.354	4.988	6.370	2.614
24.560	R2	2.051	2.051	5.074	6.829	2.729	2.297	2.372	5.015	6.167	2.620
24.600	R2	2.390	2.390	5.048	6.791	2.482	2.294	2.366	5.015	5.935	2.620
24.640	R2	2.305	2.419	4.678	7.077	2.365	2.292	2.364	4.991	5.687	2.613
24.680	R2	2.461	2.506	5.464	6.385	2.581	2.292	2.355	4.996	5.479	2.610
24.720	R2	2.357	2.512	4.637	5.175	2.711	2.292	2.363	5.001	5.258	2.614
24.760	R2	2.431	2.562	4.722	4.799	2.655	2.291	2.360	5.006	5.006	2.614
24.800	R2	2.018	2.018	4.793	5.350	2.358	2.306	2.380	5.021	4.788	2.603
24.840	R2	1.903	1.903	4.438	4.495	2.807	2.284	2.350	5.010	4.591	2.598
24.880	R2	2.130	2.130	5.070	2.662	2.496	2.284	2.349	4.993	4.365	2.586
24.920	R2	2.443	2.504	5.343	2.675	2.553	2.278	2.332	4.958	4.118	2.605
24.960	R2	2.385	2.423	5.080	2.504	2.547	2.297	2.351	4.948	3.896	2.596
25.000	R2	2.363	2.363	4.682	2.482	2.562	2.314	2.368	4.943	3.679	2.589
25.040	R2	2.449	2.449	5.063	2.672	2.648	2.308	2.362	4.951	3.465	2.608
25.080	R2	2.401	2.628	5.181	2.571	2.815	2.303	2.376	4.962	3.222	2.620
25.120	R2	2.357	2.573	5.392	2.357	2.528	2.279	2.349	4.967	3.029	2.627
25.160	R2	2.407	2.501	5.166	2.756	2.569	2.277	2.340	5.033	2.896	2.619
25.200	R2	1.948	1.948	4.763	2.589	2.621	2.250	2.306	5.062	2.793	2.612
25.240	R2	2.433	2.433	4.678	2.572	2.518	2.244	2.300	5.062	2.653	2.639
25.280	R2	2.310	2.310	4.599	2.656	2.818	2.271	2.332	5.103	2.560	2.628
25.320	R2	2.396	2.396	5.085	2.522	2.557	2.285	2.350	5.107	2.553	2.630
25.360	R2	2.393	2.393	4.981	2.485	2.589	2.280	2.347	5.090	2.537	2.635
25.400	R2	2.264	2.264	5.196	2.521	2.862	2.283	2.351	5.086	2.535	2.637
25.440	R2	2.209	2.698	4.905	2.209	2.612	2.287	2.354	5.093	2.558	2.640
25.480	R2	1.973	1.973	5.569	2.519	2.720	2.289	2.357	5.089	2.549	2.647
25.520	R2	2.333	2.333	5.961	2.517	2.541	2.285	2.352	5.068	2.548	2.633
25.560	R2	1.889	1.889	5.304	2.751	2.522	2.285	2.341	5.039	2.565	2.634
25.600	R2	1.895	1.895	4.790	2.549	2.888	2.279	2.341	5.021	2.552	2.628
25.640	R2	2.433	2.548	5.246	2.627	2.587	2.275	2.337	5.030	2.553	2.628
25.680	R2	2.414	2.483	5.154	2.526	2.537	2.249	2.311	5.052	2.548	2.634
25.720	R2	2.357	2.447	4.996	2.365	2.649	2.258	2.323	5.078	2.549	2.623
25.760	R2	2.446	2.505	5.016	2.446	2.589	2.256	2.332	5.088	2.554	2.612
25.800	R2	2.423	2.423	4.820	2.943	2.635	2.257	2.340	5.121	2.550	2.610
25.840	R2	2.492	2.507	4.979	2.492	2.790	2.270	2.353	5.113	2.559	2.597
25.880	R2	2.322	2.515	4.758	2.568	2.537	2.256	2.315	5.101	2.569	2.588
25.920	R2	2.359	2.359	4.822	2.679	2.534	2.256	2.315	5.075	2.563	2.589
25.960	R2	2.284	2.496	4.798	2.514	2.463	2.257	2.322	5.031	2.579	2.593
26.000	R2	1.867	1.867	4.940	2.605	2.615	2.258	2.323	5.012	2.557	2.599
26.040	R2	1.929	1.929	5.125	2.462	2.645	2.283	2.349	5.020	2.550	2.585
26.080	R2	2.490	2.538	5.113	2.686	2.588	2.273	2.339	5.021	2.539	2.585
26.120	R2	2.342	2.576	5.281	2.609	2.342	2.268	2.340	4.999	2.554	2.589
26.160	R2	2.421	2.558	5.642	2.421	2.554	2.247	2.314	5.007	2.563	2.591
26.200	R2	2.526	2.527	5.044	2.699	2.586	2.231	2.296	4.998	2.560	2.591
26.240	R2	1.925	1.925	4.651	2.398	2.438	2.213	2.277	5.015	2.528	2.596
26.280	R2	1.977	1.977	5.050	2.401	2.731	2.207	2.271	5.010	2.537	2.582
26.320	R2	2.360	2.485	5.083	2.835	2.634	2.212	2.266	5.038	2.534	2.592
26.360	R2	1.903	1.903	4.934	2.324	2.636	2.205	2.259	5.042	2.526	2.599
26.400	R2	2.392	2.403	4.948	2.392	2.609	2.211	2.257	5.056	2.523	2.603
26.440	R2	2.229	2.357	5.264	2.418	2.591	2.211	2.257	5.056	2.518	2.600
26.480	R2	2.324	2.508	4.707	2.815	2.613	2.227	2.275	5.045	2.529	2.610
26.520	R2	1.928	1.928	5.170	2.560	2.690	2.220	2.266	5.024	2.523	2.605
26.560	R2	2.129	2.129	4.831	2.376	2.596	2.223	2.257	5.002	2.513	2.626
26.600	R2	2.052	2.052	5.155	2.298	2.720	2.219	2.246	4.976	2.519	2.623
26.640	R2	2.384	2.384	4.876	2.689	2.523	2.209	2.237	4.964	2.508	2.639
26.680	R2	2.413	2.413	5.321	2.499	2.730	2.233	2.262	4.969	2.512	2.660
26.720	R2	2.233	2.233	4.897	2.518	2.683	2.230	2.258	4.943	2.532	2.657
26.760	R2	2.404	2.450	5.085	2.445	2.530	2.232	2.261	4.941	2.517	2.655
26.800	R2	1.858	1.858	4.945	2.520	2.560	2.256	2.296	4.944	2.529	2.663
26.840	R2	2.248	2.296	4.896	2.685	2.855	2.257	2.299	4.956	2.535	2.658
26.880	R2	2.349	2.349	4.700	2.556	2.483	2.261	2.316	4.932	2.536	2.659
26.920	R2	2.411	2.411	4.849	2.418	2.758	2.268	2.323	4.943	2.521	2.654
26.960	R2	2.328	2.328	5.107	2.534	2.488	2.298	2.352	4.932	2.528	2.649
27.000	R2	2.336	2.361	4.808	2.487	2.905	2.308	2.363	4.938	2.541	2.648
27.040	R2	2.410	2.410	4.757	2.467	2.860	2.308	2.363	4.933	2.556	2.641
27.080	R2	1.909	1.909	4.526	2.800	2.674	2.304	2.366	4.943	2.536	2.653
27.120	R2	2.405	2.539	5.045	2.540	2.596	2.302	2.364	4.940	2.551	2.653
27.160	R2	2.375	2.604	4.988	2.560	2.793	2.295	2.357	4.933	2.556	2.645
27.200	R2	2.420	2.456	5.190	2.507	2.507	2.293	2.354	4.919	2.563	2.651
27.240	R2	2.299	2.699	4.792	2.452	2.625	2.320	2.382	4.925	2.564	2.643
27.280	R2	2.466	2.643	4.916	2.513	2.504	2.304	2.363	4.929	2.550	2.628
27.320	R2	2.523	2.523	4.948	2.687	2.591	2.307	2.370	4.928	2.545	2.636
27.360	R2	2.343	2.343	4.966	2.641	2.575	2.309	2.373	4.911	2.554	2.628
27.400	R2	2.047	2.047	5.055	2.594	2.574	2.315	2.378	4.902	2.558	2.639
27.440	R2	2.305	2.443	5.076	2.305	2.778	2.319	2.381	4.909	2.560	2.622
27.480	R2	2.372	2.372	5.251	2.790	2.721	2.318	2.385	4.914	2.582	2.609
27.520	R2	2.091	2.091	4.768	2.616	2.526	2.322	2.390	4.926	2.570	2.605
27.560	R2	2.360	2.401	4.800	2.580	2.649	2.319	2.386	4.946	2.570	2.605
27.600	R2	2.405	2.410	5.062	2.552	2.405	2.316	2.373	4.911	2.568	2.597
27.640	R2	1.925	1.925	4.970	2.390	2.544	2.310	2.368	4.905	2.564	2.595
27.680	R2	2.404	2.495	4.687	2.462	2.646	2.312	2.356	4.894	2.564	2.592
27.720	R2	2.466	2.466	4.515	2.596	2.599	2.305	2.354	4.896	2.554	2.589
27.760	R2	2.432	2.432	4.925	2.624	2.716	2.283	2.333	4.890	2.554	2.583
27.800	R2	2.415	2.415	4.950	2.521	2.551	2.286	2.339	4.879	2.544	2.578
27.840	R2	2.391	2.485	4.851	2.908	2.598	2.303	2.355	4.866	2.540	2.580
27.880	R2	2.004	2.004	4.761	2.560	2.598	2.290	2.335	4.863	2.552	2.565
27.920	R2	2.339	2.470	5.454	2.543	2.609	2.289	2.335	4.842	2.553	2.555
27.960	R2	2.304	2.348	4.280	2.512	2.634	2.301	2.347	4.854	2.548	2.567
28.000	R2	2.299	2.350	5.076	2.426	2.449	2.306	2.350	4.867	2.549	2.570
28.040	R2	2.353	2.452	4.563	2.451	2.581	2.308	2.361	4.872	2.544	2.576
28.080	R2	2.316	2.617	4.953	2.316	2.445	2.330	2.391	4.871	2.546	2.581
28.120	R2	2.091	2.091	4.827	2.691	2.455	2.331	2.387	4.885	2.551	2.582
28.160	R2	2.406	2.462	4.752	2.434	2.482	2.335	2.399	4.912	2.549	2.581
28.200	R2	2.378	2.378	4.797	2.528	2.616	2.334	2.399	4.923	2.539	2.576
28.240	R2	2.045	2.045	5.017	2.534	2.485	2.307	2.372	4.922	2.543	2.577
28.280	R2	2.368	2.369	4.833	2.825	2.512	2.309	2.374	4.927	2.525	2.581
28.320	R2	2.331	2.331	5.008	2.508	2.762	2.325	2.391	4.929	2.538	2.576
28.360	R2	2.459	2.459	5.056	2.605	2.712	2.326	2.384	4.886	2.539	2.575
28.400	R2	2.439	2.624	5.166	2.439	2.530	2.329	2.386	4.923	2.547	2.582
28.440	R2	2.358	2.519	4.958	2.444	2.632	2.316	2.370	4.897	2.562	2.578
28.480	R2	2.423	2.423	4.958	2.563	2.668	2.318	2.375	4.899	2.578	2.570
28.520	R2	2.553	2.709	5.049	2.553	2.578	2.321	2.367	4.896	2.580	2.580
28.560	R2	2.418	2.437	5.143	2.418	2.614	2.336	2.382	4.906	2.574	2.591
28.600	R2	1.878	1.878	4.947	2.600	2.579	2.325	2.369	4.913	2.591	2.587
28.640	R2	2.417	2.519	4.950	2.553	2.683	2.329	2.372	4.929	2.587	2.591
28.680	R2	2.337	2.337	4.788	2.819	2.501	2.332	2.375	4.917	2.579	2.609
28.720	R2	2.343	2.343	4.592	2.567	2.574	2.337	2.388	4.919	2.568	2.607
28.760	R2	2.381	2.381	5.020	2.665	2.789	2.313	2.364	4.932	2.572	2.605
28.800	R2	2.035	2.035	4.557	2.732	2.355	2.307	2.375	4.930	2.564	2.607
28.840	R2	2.396	2.535	4.607	2.764	2.426	2.304	2.371	4.974	2.568	2.619
28.880	R2	2.364	2.467	4.900	2.364	2.637	2.289	2.349	4.959	2.578	2.614
28.920	R2	2.395	2.395	5.034	2.567	2.690	2.272	2.331	4.951	2.586	2.600
28.960	R2	2.188	2.188	4.884	2.765	2.386	2.260	2.312	4.964	2.583	2.607
29.000	R2	2.444	2.444	5.120	2.461	2.710	2.259	2.319	4.952	2.597	2.607
29.040	R2	2.117	2.117	4.766	2.373	2.847	2.285	2.360	4.964	2.587	2.613
29.080	R2	2.473	2.613	4.888	2.591	2.473	2.270	2.340	4.964	2.577	2.600
29.120	R2	1.850	1.850	5.258	2.606	2.723	2.274	2.348	4.963	2.560	2.599
29.160	R2	2.337	2.695	5.021	2.436	2.747	2.262	2.337	4.983	2.555	2.597
29.200	R2	2.365	2.540	6.040	2.519	2.771	2.260	2.335	4.986	2.551	2.584
29.240	R2	2.069	2.069	4.652	2.643	2.520	2.276	2.353	5.024	2.544	2.592
29.280	R2	2.077	2.077	4.808	2.715	2.391	2.278	2.364	5.058	2.528	2.599
29.320	R2	2.325	2.325	5.305	2.499	2.719	2.277	2.364	5.097	2.544	2.596
29.360	R2	2.394	2.564	4.905	2.690	2.612	2.280	2.367	5.097	2.546	2.584
29.400	R2	2.403	2.710	5.186	2.414	2.695	2.289	2.382	5.104	2.535	2.603
29.440	R2	2.114	2.114	4.944	2.351	2.424	2.281	2.374	5.103	2.539	2.587
29.480	R2	2.402	2.509	4.767	2.470	2.479	2.292	2.385	5.130	2.559	2.589
29.520	R2	2.121	2.121	4.994	2.473	2.541	2.279	2.365	5.147	2.556	2.601
29.560	R2	2.336	2.336	5.095	2.596	2.528	2.310	2.399	5.130	2.550	2.598
29.600	R2	2.342	2.388	5.307	2.584	2.520	2.311	2.383	5.123	2.545	2.589
29.640	R2	2.452	2.768	5.291	2.452	2.570	2.314	2.380	5.079	2.554	2.579
29.680	R2	2.347	2.466	5.668	2.674	2.568	2.341	2.406	5.085	2.555	2.586
29.720	R2	2.439	2.439	5.043	2.605	2.462	2.354	2.429	5.116	2.543	2.600
29.760	R2	2.366	2.487	5.018	2.551	2.759	2.352	2.438	5.093	2.539	2.587
29.800	R2	2.287	2.287	5.108	2.529	2.399	2.347	2.425	5.105	2.525	2.599
29.840	R2	2.351	2.351	5.303	2.790	2.881	2.337	2.400	5.083	2.537	2.594
29.880	R2	2.205	2.205	5.223	2.528	2.716	2.350	2.425	5.098	2.539	2.612
29.920	R2	2.475	2.524	4.918	2.475	2.653	2.350	2.420	5.111	2.546	2.620
29.960	R2	2.343	2.390	4.892	2.343	2.564	2.359	2.430	5.091	2.552	2.619
30.000	R2	2.442	2.462	5.156	2.690	2.577	2.366	2.437	5.074	2.555	2.625
30.040	R2	2.592	2.592	4.767	2.664	2.655	2.364	2.433	5.058	2.563	2.636
30.080	R2	2.348	2.546	5.428	2.485	2.673	2.353	2.406	5.045	2.563	2.636
30.120	R2	2.280	2.504	4.850	2.425	2.472	2.351	2.408	5.006	2.558	2.643
30.160	R2	2.294	2.294	5.145	2.396	2.851	2.351	2.408	4.984	2.568	2.646
30.200	R2	2.208	2.208	4.738	2.665	2.580	2.350	2.401	4.970	2.570	2.634
30.240	R2	2.376	2.618	5.246	2.376	2.802	2.350	2.401	4.963	2.568	2.644
30.280	R2	2.390	2.424	5.032	2.622	2.629	2.325	2.376	4.951	2.560	2.637
30.320	R2	2.315	2.315	4.583	2.599	2.515	2.327	2.391	4.931	2.582	2.639
30.360	R2	2.469	2.469	4.760	2.654	2.665	2.324	2.388	4.931	2.579	2.637
30.400	R2	2.307	2.307	4.990	2.737	2.723	2.312	2.374	4.916	2.592	2.632
30.440	R2	2.227	2.227	5.040	2.443	2.569	2.309	2.371	4.907	2.587	2.632
30.480	R2	2.305	2.504	4.882	2.585	2.706	2.293	2.363	4.913	2.580	2.641
30.520	R2	2.437	2.445	4.605	2.805	2.537	2.293	2.353	4.872	2.578	2.642
30.560	R2	2.352	2.352	4.728	2.583	2.520	2.301	2.354	4.869	2.597	2.641
30.600	R2	2.292	2.292	4.967	2.502	2.587	2.306	2.365	4.855	2.597	2.639
30.640	R2	1.845	1.845	5.060	2.626	2.746	2.314	2.373	4.896	2.598	2.646
30.680	R2	2.243	2.504	4.823	2.965	2.758	2.312	2.370	4.896	2.611	2.638
30.720	R2	2.416	2.472	4.936	2.416	2.620	2.310	2.366	4.895	2.608	2.629
30.760	R2	2.099	2.099	4.591	2.595	2.456	2.311	2.368	4.922	2.609	2.632
30.800	R2	2.394	2.394	4.974	2.598	2.573	2.298	2.355	4.930	2.608	2.626
30.840	R2	2.263	2.450	4.875	2.518	2.836	2.303	2.362	4.903	2.598	2.610
30.880	R2	2.344	2.344	4.620	2.447	2.696	2.306	2.371	4.874	2.603	2.618
30.920	R2	2.440	2.524	4.795	2.803	2.449	2.307	2.361	4.874	2.603	2.614
30.960	R2	2.400	2.506	4.852	2.400	2.811	2.305	2.368	4.877	2.589	2.617
31.000	R2	2.359	2.359	5.566	2.697	2.723	2.303	2.373	4.911	2.584	2.623
31.040	R2	2.347	2.570	5.238	2.618	2.647	2.310	2.381	4.888	2.590	2.629
31.080	R2	2.342	2.342	5.023	2.566	2.454	2.333	2.403	4.869	2.590	2.626
31.120	R2	2.338	2.358	5.119	2.628	2.565	2.321	2.379	4.851	2.566	2.631
31.160	R2	2.214	2.214	4.919	2.630	2.549	2.316	2.371	4.824	2.567	2.635
31.200	R2	2.400	2.438	4.452	2.538	2.400	2.328	2.391	4.828	2.559	2.656
31.240	R2	2.296	2.410	4.458	2.533	2.739	2.325	2.388	4.822	2.563	2.658
31.280	R2	2.311	2.311	4.873	2.600	2.621	2.336	2.390	4.834	2.572	2.652
31.320	R2	2.403	2.575	4.664	2.513	2.593	2.336	2.390	4.850	2.575	2.646
31.360	R2	2.309	2.450	5.422	2.493	2.636	2.332	2.385	4.866	2.562	2.670
31.400	R2	2.444	2.456	4.506	2.613	2.714	2.330	2.387	4.875	2.561	2.658
31.440	R2	2.289	2.289	4.683	2.627	2.679	2.307	2.364	4.840	2.554	2.651
31.480	R2	2.012	2.012	4.462	2.488	2.859	2.305	2.360	4.816	2.548	2.634
31.520	R2	2.324	2.324	4.395	2.442	2.696	2.312	2.368	4.820	2.545	2.648
31.560	R2	2.321	2.483	4.664	2.428	2.879	2.317	2.372	4.823	2.542	2.652
31.600	R2	2.344	2.344	4.859	2.672	2.610	2.307	2.362	4.830	2.543	2.654
31.640	R2	2.476	2.487	5.101	2.703	2.713	2.305	2.364	4.840	2.535	2.677
31.680	R2	2.353	2.353	4.949	2.516	2.580	2.312	2.365	4.862	2.540	2.671
31.720	R2	2.357	2.410	5.122	2.543	2.940	2.291	2.344	4.860	2.539	2.665
31.760	R2	2.363	2.552	5.030	2.363	2.560	2.291	2.336	4.885	2.533	2.658
31.800	R2	1.903	1.903	4.853	2.563	2.577	2.299	2.338	4.865	2.533	2.653
31.840	R2	2.308	2.486	4.764	2.506	2.308	2.290	2.347	4.877	2.525	2.640
31.880	R2	2.469	2.504	5.100	2.506	2.740	2.283	2.340	4.902	2.518	2.641
31.920	R2	2.437	2.437	5.183	2.556	2.648	2.304	2.368	4.932	2.526	2.625
31.960	R2	2.017	2.017	5.053	2.666	2.589	2.296	2.360	4.959	2.536	2.615
32.000	R2	2.369	2.468	4.649	2.369	2.852	2.297	2.362	4.944	2.548	2.599
32.040	R2	2.440	2.440	4.899	2.635	2.617	2.297	2.362	4.952	2.533	2.592
32.080	R2	1.881	1.881	4.851	2.580	2.511	2.295	2.360	4.945	2.522	2.593
32.120	R2	2.402	2.433	5.156	2.402	2.446	2.282	2.347	4.951	2.526	2.597
32.160	R2	2.461	2.478	5.015	2.475	2.543	2.263	2.325	4.941	2.530	2.590
32.200	R2	2.276	2.647	4.759	2.457	2.445	2.262	2.319	4.930	2.529	2.594
32.240	R2	2.140	2.140	5.170	2.487	2.702	2.272	2.329	4.941	2.524	2.585
32.280	R2	2.443	2.579	5.072	2.644	2.543	2.278	2.330	4.950	2.524	2.605
32.320	R2	2.168	2.168	4.932	2.648	2.503	2.261	2.311	4.953	2.526	2.608
32.360	R2	2.323	2.514	4.370	2.673	2.551	2.260	2.313	4.944	2.529	2.609
32.400	R2	2.353	2.353	5.019	2.378	2.475	2.281	2.335	4.923	2.518	2.613
32.440	R2	2.438	2.438	4.948	2.474	2.738	2.263	2.312	4.915	2.536	2.597
32.480	R2	2.098	2.098	5.081	2.604	2.655	2.265	2.319	4.903	2.539	2.590
32.520	R2	1.963	1.963	4.911	2.610	2.789	2.289	2.343	4.919	2.542	2.594
32.560	R2	2.354	2.440	4.811	2.354	2.652	2.291	2.344	4.899	2.546	2.607
32.600	R2	2.102	2.102	5.077	2.456	2.390	2.277	2.329	4.884	2.561	2.624
32.640	R2	2.429	2.503	4.952	2.498	2.711	2.287	2.323	4.906	2.563	2.638
32.680	R2	2.124	2.124	5.162	2.556	2.805	2.289	2.325	4.887	2.573	2.630
32.720	R2	2.420	2.478	5.001	2.607	2.655	2.263	2.292	4.883	2.579	2.640
32.760	R2	2.444	2.458	4.616	2.459	2.680	2.274	2.312	4.861	2.566	2.649
32.800	R2	2.005	2.005	4.501	2.716	2.534	2.280	2.313	4.899	2.558	2.643
32.840	R2	2.471	2.588	4.657	2.706	2.471	2.281	2.314	4.888	2.562	2.651
32.880	R2	2.358	2.358	5.171	2.644	2.586	2.281	2.315	4.880	2.574	2.650
32.920	R2	2.450	2.450	4.763	2.473	2.711	2.289	2.338	4.882	2.575	2.650
32.960	R2	2.174	2.174	4.700	2.783	2.881	2.314	2.366	4.897	2.568	2.655
33.000	R2	2.493	2.529	5.213	2.493	2.726	2.317	2.370	4.892	2.577	2.643
33.040	R2	2.169	2.169	4.781	2.689	2.538	2.330	2.384	4.877	2.576	2.654
33.080	R2	1.924	1.924	4.989	2.766	2.754	2.329	2.379	4.887	2.581	2.651
33.120	R2	2.380	2.576	4.491	2.380	2.669	2.336	2.386	4.877	2.584	2.638
33.160	R2	2.445	2.528	5.129	2.520	2.445	2.327	2.375	4.883	2.581	2.638
33.200	R2	2.376	2.376	4.798	2.451	2.637	2.326	2.372	4.922	2.591	2.628
33.240	R2	2.442	2.457	4.793	2.712	2.721	2.330	2.377	4.970	2.587	2.637
33.280	R2	2.255	2.568	5.133	2.631	2.648	2.325	2.377	4.997	2.585	2.651
33.320	R2	2.468	2.514	5.201	2.468	2.885	2.305	2.356	4.996	2.585	2.662
33.360	R2	2.409	2.521	4.714	2.526	2.409	2.310	2.362	5.031	2.596	2.673
33.400	R2	2.359	2.370	4.777	2.440	2.607	2.324	2.375	5.041	2.582	2.662
33.440	R2	2.413	2.413	5.144	2.606	2.654	2.319	2.369	5.025	2.589	2.661
33.480	R2	2.258	2.258	4.963	2.615	2.540	2.331	2.382	5.037	2.601	2.669
33.520	R2	2.255	2.255	5.123	2.532	2.656	2.353	2.408	5.038	2.589	2.649
33.560	R2	2.413	2.413	5.407	2.679	2.486	2.362	2.408	5.047	2.602	2.656
33.600	R2	2.095	2.095	5.455	2.629	2.715	2.343	2.385	5.037	2.602	2.672
33.640	R2	2.372	2.585	5.188	2.666	2.743	2.345	2.387	5.027	2.611	2.679
33.680	R2	1.945	1.945	5.156	2.651	2.809	2.323	2.364	5.043	2.606	2.682
33.720	R2	2.562	2.562	5.457	2.691	2.933	2.332	2.357	5.042	2.605	2.680
33.760	R2	2.443	2.443	4.904	2.503	2.663	2.326	2.355	5.035	2.600	2.674
33.800	R2	2.388	2.409	4.896	2.631	2.708	2.325	2.352	5.036	2.601	2.696
33.840	R2	2.426	2.426	5.030	2.928	2.687	2.329	2.360	5.048	2.601	2.696
33.880	R2	2.363	2.452	4.998	2.528	2.363	2.324	2.370	5.047	2.603	2.698
33.920	R2	2.549	2.563	4.666	2.643	2.811	2.329	2.375	5.054	2.594	2.701
33.960	R2	2.066	2.066	4.933	2.509	2.760	2.332	2.382	5.060	2.592	2.712
34.000	R2	2.417	2.417	4.599	2.631	2.785	2.334	2.384	5.043	2.591	2.735
34.040	R2	1.995	1.995	5.113	2.608	2.776	2.348	2.398	5.009	2.583	2.729
34.080	R2	2.442	2.442	5.126	2.620	2.608	2.346	2.386	4.992	2.568	2.724
34.120	R2	2.358	2.467	5.048	2.358	2.769	2.370	2.410	4.985	2.562	2.728
34.160	R2	2.373	2.465	4.746	2.552	2.855	2.365	2.413	4.968	2.551	2.720
34.200	R2	2.446	2.531	5.019	2.446	2.598	2.368	2.415	4.972	2.557	2.721
34.240	R2	2.318	2.617	5.120	2.640	2.703	2.366	2.416	4.986	2.557	2.722
34.280	R2	2.346	2.346	5.107	2.442	2.600	2.363	2.412	5.030	2.538	2.722
34.320	R2	2.319	2.409	5.240	2.494	2.866	2.363	2.412	5.039	2.547	2.746
34.360	R2	2.452	2.452	5.069	2.654	2.938	2.350	2.399	5.048	2.538	2.742
34.400	R2	2.375	2.375	4.758	2.465	2.603	2.361	2.410	5.044	2.542	2.748
34.440	R2	2.339	2.339	4.865	2.363	2.642	2.343	2.392	5.073	2.532	2.739
34.480	R2	2.418	2.418	5.012	2.542	2.896	2.363	2.411	5.069	2.534	2.741
34.520	R2	2.472	2.626	5.113	2.472	2.775	2.349	2.397	5.080	2.523	2.743
34.560	R2	2.488	2.488	4.977	2.624	2.674	2.354	2.397	5.091	2.539	2.737
34.600	R2	2.363	2.418	5.188	2.629	2.733	2.359	2.398	5.081	2.534	2.729
34.640	R2	2.363	2.363	5.906	2.548	2.678	2.356	2.393	5.060	2.545	2.735
34.680	R2	2.357	2.445	5.170	2.696	2.859	2.355	2.377	5.069	2.546	2.731
34.720	R2	2.294	2.294	4.858	2.459	2.727	2.357	2.380	5.077	2.556	2.742
34.760	R2	2.293	2.293	4.842	2.595	2.881	2.350	2.369	5.057	2.563	2.733
34.800	R2	2.056	2.056	5.188	2.438	2.596	2.348	2.368	5.042	2.556	2.719
34.840	R2	2.378	2.378	5.034	2.643	2.822	2.351	2.370	5.055	2.558	2.736
34.880	R2	2.162	2.162	5.350	2.403	2.651	2.349	2.368	5.063	2.563	2.736
34.920	R2	2.467	2.470	5.253	2.675	2.653	2.342	2.367	5.073	2.565	2.723
34.960	R2	2.465	2.474	4.550	2.465	2.690	2.339	2.362	5.095	2.574	2.709
35.000	R2	2.402	2.437	4.610	2.649	2.711	2.335	2.357	5.095	2.579	2.713
35.040	R2	2.290	2.290	5.291	2.657	2.621	2.330	2.350	5.079	2.575	2.706
35.080	R2	2.384	2.417	5.269	2.656	2.824	2.309	2.329	5.050	2.571	2.719
35.120	R2	2.181	2.181	4.832	2.627	2.687	2.312	2.327	5.029	2.566	2.712
35.160	R2	2.422	2.428	4.782	2.527	2.654	2.298	2.313	5.023	2.575	2.718
35.200	R2	2.431	2.431	5.013	2.494	2.939	2.291	2.306	5.014	2.591	2.715
35.240	R2	2.292	2.292	5.012	2.459	2.648	2.306	2.323	5.001	2.592	2.722
35.280	R2	2.277	2.401	5.214	2.578	2.640	2.304	2.331	5.010	2.594	2.720
35.320	R2	2.421	2.513	5.561	2.665	2.499	2.310	2.336	4.999	2.618	2.726
35.360	R2	2.407	2.407	4.983	2.722	2.754	2.307	2.334	4.982	2.618	2.724
35.400	R2	2.265	2.265	4.867	2.539	2.594	2.303	2.334	5.005	2.626	2.721
35.440	R2	1.945	1.945	5.315	2.474	2.932	2.301	2.335	5.020	2.627	2.729
35.480	R2	2.409	2.409	4.764	2.593	2.725	2.282	2.315	5.001	2.616	2.739
35.520	R2	2.016	2.016	4.734	2.653	2.831	2.281	2.313	4.976	2.614	2.744
35.560	R2	2.141	2.141	4.649	2.903	2.831	2.280	2.312	4.963	2.615	2.747
35.600	R2	2.362	2.401	4.925	2.468	2.742	2.276	2.311	4.978	2.630	2.749
35.640	R2	2.346	2.539	5.214	2.682	2.772	2.272	2.315	4.959	2.630	2.749
35.680	R2	2.269	2.269	5.149	2.869	2.765	2.276	2.327	4.958	2.630	2.737
35.720	R2	2.420	2.420	4.904	2.679	2.616	2.288	2.335	4.952	2.629	2.749
35.760	R2	2.382	2.487	5.008	2.626	2.633	2.289	2.333	4.915	2.619	2.758
35.800	R2	2.358	2.439	4.917	2.669	2.877	2.290	2.335	4.916	2.604	2.763
35.840	R2	1.909	1.909	4.912	2.438	2.823	2.299	2.347	4.923	2.599	2.769
35.880	R2	2.370	2.370	4.765	2.617	2.922	2.313	2.361	4.895	2.603	2.757
35.920	R2	2.153	2.153	4.569	2.642	2.747	2.314	2.366	4.904	2.610	2.754
35.960	R2	2.354	2.407	5.092	2.824	2.684	2.308	2.360	4.915	2.621	2.751
36.000	R2	2.349	2.524	4.622	2.493	2.945	2.318	2.369	4.927	2.603	2.742
36.040	R2	2.368	2.534	4.994	2.458	2.414	2.324	2.373	4.930	2.619	2.732
36.080	R2	2.513	2.552	5.102	2.571	2.880	2.314	2.354	4.927	2.617	2.716
36.120	R2	2.454	2.479	4.815	2.454	2.680	2.312	2.381	4.918	2.600	2.712
36.160	R2	2.422	2.444	5.000	2.422	2.856	2.300	2.369	4.911	2.613	2.706
36.200	R2	2.444	2.497	4.999	2.444	2.703	2.310	2.374	4.914	2.619	2.715
36.240	R2	2.221	2.221	4.760	2.558	2.703	2.311	2.371	4.927	2.615	2.709
36.280	R2	2.436	2.512	4.942	2.733	2.650	2.340	2.400	4.938	2.626	2.711
36.320	R2	1.892	1.892	4.963	2.879	2.769	2.331	2.391	4.934	2.622	2.698
36.360	R2	2.340	2.340	4.895	2.527	2.655	2.343	2.407	4.954	2.628	2.694
36.400	R2	2.478	2.478	4.986	2.792	2.557	2.331	2.393	4.954	2.624	2.699
36.440	R2	2.155	2.155	5.151	2.651	2.445	2.341	2.394	4.981	2.629	2.689
36.480	R2	2.229	2.807	4.954	2.517	2.681	2.343	2.390	4.985	2.638	2.698
36.520	R2	2.173	2.173	4.777	2.937	2.493	2.337	2.388	4.952	2.629	2.679
36.560	R2	2.581	2.591	5.065	2.756	2.819	2.335	2.390	4.977	2.627	2.675
36.600	R2	2.383	2.383	5.186	2.590	2.765	2.334	2.391	4.983	2.635	2.672
36.640	R2	2.485	2.485	5.132	2.665	2.852	2.327	2.382	4.989	2.632	2.674
36.680	R2	2.185	2.185	4.681	2.522	2.659	2.323	2.378	4.989	2.630	2.673
36.720	R2	2.391	2.486	4.959	2.776	2.676	2.319	2.370	4.983	2.624	2.673
36.760	R2	2.129	2.129	5.097	2.738	2.787	2.336	2.387	4.984	2.612	2.666
36.800	R2	2.546	2.546	5.152	2.601	2.728	2.336	2.387	4.970	2.614	2.670
36.840	R2	2.400	2.446	5.073	2.628	2.592	2.336	2.389	4.951	2.604	2.680
36.880	R2	2.393	2.518	4.450	2.393	2.509	2.334	2.387	4.951	2.601	2.697
36.920	R2	2.416	2.507	5.313	2.416	2.601	2.320	2.344	4.950	2.629	2.686
36.960	R2	2.400	2.470	5.124	2.570	2.802	2.329	2.353	4.954	2.610	2.687
37.000	R2	2.310	2.310	5.115	2.389	2.727	2.323	2.348	4.948	2.596	2.670
37.040	R2	2.144	2.144	4.772	2.529	2.689	2.327	2.353	4.929	2.589	2.661
37.080	R2	2.351	2.351	4.810	2.606	2.650	2.300	2.326	4.925	2.584	2.645
37.120	R2	2.231	2.231	4.988	2.644	2.624	2.307	2.334	4.922	2.589	2.643
37.160	R2	2.348	2.348	4.620	2.558	2.748	2.302	2.324	4.912	2.579	2.644
37.200	R2	2.466	2.513	4.607	2.600	2.757	2.310	2.332	4.913	2.575	2.635
37.240	R2	2.122	2.122	5.138	2.578	2.774	2.304	2.340	4.908	2.566	2.640
37.280	R2	1.952	1.952	4.933	3.092	2.473	2.299	2.333	4.871	2.556	2.645
37.320	R2	2.338	2.338	4.870	2.550	2.502	2.302	2.335	4.915	2.566	2.650
37.360	R2	2.471	2.505	4.945	2.471	2.486	2.300	2.329	4.890	2.573	2.651
37.400	R2	2.456	2.476	4.803	2.456	2.575	2.290	2.315	4.876	2.569	2.648
37.440	R2	1.952	1.952	5.043	2.570	2.532	2.278	2.303	4.843	2.574	2.643
37.480	R2	2.329	2.329	4.617	2.609	2.628	2.296	2.324	4.854	2.573	2.652
37.520	R2	2.292	2.292	4.771	2.585	2.692	2.307	2.337	4.846	2.571	2.668
37.560	R2	2.288	2.288	5.120	2.656	2.609	2.319	2.349	4.844	2.567	2.676
37.600	R2	2.427	2.705	5.046	2.427	2.834	2.322	2.360	4.847	2.566	2.677
37.640	R2	2.303	2.303	4.341	2.421	2.679	2.316	2.358	4.850	2.560	2.673
37.680	R2	2.438	2.561	5.320	2.587	2.612	2.319	2.361	4.834	2.552	2.668
37.720	R2	2.388	2.388	4.815	2.569	2.629	2.339	2.394	4.840	2.520	2.684
37.760	R2	2.188	2.188	4.856	2.481	2.736	2.330	2.385	4.829	2.523	2.693
37.800	R2	2.072	2.072	4.442	2.496	2.638	2.324	2.377	4.826	2.548	2.697
37.840	R2	2.513	2.573	4.995	2.513	2.872	2.321	2.374	4.827	2.547	2.692
37.880	R2	2.565	2.610	4.650	2.565	2.968	2.342	2.401	4.834	2.557	2.712
37.920	R2	2.473	2.473	4.947	2.553	2.770	2.346	2.404	4.848	2.554	2.721
37.960	R2	2.415	2.563	4.673	2.532	2.768	2.349	2.414	4.859	2.552	2.717
38.000	R2	2.329	2.466	4.668	2.493	2.683	2.356	2.431	4.843	2.551	2.722
38.040	R2	2.187	2.187	4.829	2.413	2.685	2.361	2.427	4.848	2.697	2.723
38.080	R2	2.354	2.604	5.056	2.448	2.778	2.359	2.425	4.858	2.848	2.723
38.120	R2	2.160	2.160	4.637	2.613	2.680	2.355	2.415	4.836	2.977	2.740
38.160	R2	2.345	2.345	4.899	2.971	2.582	2.349	2.409	4.844	3.107	2.748
38.200	R2	2.394	2.424	4.819	2.432	2.473	2.360	2.420	4.836	3.231	2.741
38.240	R2	2.386	2.485	5.176	2.785	2.928	2.372	2.432	4.861	3.371	2.739
38.280	R2	2.403	2.403	4.901	2.539	2.804	2.368	2.425	4.860	3.488	2.728
38.320	R2	2.354	2.487	4.996	2.540	2.613	2.364	2.421	4.880	3.627	2.716
38.360	R2	2.419	2.631	4.805	2.635	2.701	2.357	2.418	4.859	3.775	2.716
38.400	R2	2.526	2.612	5.127	5.358	2.866	2.361	2.417	4.880	3.904	2.719
38.440	R2	2.275	2.275	4.549	5.436	2.682	2.361	2.410	4.902	4.032	2.720
38.480	R2	2.360	2.360	4.872	5.165	2.935	2.371	2.430	4.915	4.172	2.731
38.520	R2	2.264	2.264	4.994	5.168	2.790	2.359	2.405	4.899	4.330	2.740
38.560	R2	2.400	2.400	4.686	4.960	2.596	2.365	2.420	4.931	4.454	2.730
38.600	R2	2.317	2.317	4.933	5.297	2.613	2.364	2.433	4.923	4.558	2.732
38.640	R2	2.438	2.438	4.984	4.862	2.641	2.359	2.434	4.910	4.695	2.741
38.680	R2	2.478	2.517	5.057	5.338	2.733	2.357	2.429	4.916	4.802	2.737
38.720	R2	2.340	2.414	4.515	5.507	2.763	2.362	2.438	4.921	4.965	2.736
38.760	R2	2.495	2.544	5.090	5.116	2.826	2.364	2.433	4.925	5.091	2.733
38.800	R2	2.326	2.326	5.111	5.050	2.706	2.361	2.419	4.944	5.226	2.738
38.840	R2	2.383	2.586	5.103	5.221	2.909	2.354	2.408	4.919	5.205	2.733
38.880	R2	2.120	2.120	4.736	5.609	2.951	2.360	2.414	4.938	5.197	2.730
38.920	R2	2.284	2.444	5.276	5.089	2.489	2.367	2.422	4.972	5.207	2.715
38.960	R2	2.327	2.604	4.738	5.057	2.627	2.372	2.427	4.954	5.227	2.713
39.000	R2	2.279	2.452	4.543	5.162	2.649	2.373	2.430	4.953	5.241	2.723
39.040	R2	2.353	2.392	5.306	4.940	2.839	2.374	2.438	4.940	5.229	2.735
39.080	R2	2.508	2.569	5.004	5.791	2.784	2.356	2.421	4.914	5.252	2.731
39.120	R2	2.382	2.386	5.075	5.061	2.569	2.360	2.423	4.901	5.254	2.728
39.160	R2	2.364	2.364	5.189	5.338	2.800	2.363	2.422	4.912	5.238	2.718
39.200	R2	2.398	2.398	4.616	4.937	2.763	2.360	2.416	4.901	5.251	2.706
39.240	R2	2.389	2.389	4.934	5.276	2.614	2.365	2.424	4.888	5.251	2.699
39.280	R2	2.488	2.510	5.556	5.367	2.629	2.369	2.422	4.867	5.243	2.689
39.320	R2	2.378	2.378	4.629	5.569	2.765	2.384	2.438	4.861	5.229	2.687
39.360	R2	2.412	2.447	4.671	5.229	2.786	2.391	2.443	4.831	5.245	2.702
39.400	R2	2.333	2.483	4.670	5.063	2.865	2.390	2.429	4.848	5.263	2.703
39.440	R2	2.089	2.089	4.467	5.320	2.549	2.393	2.430	4.876	5.279	2.701
39.480	R2	2.557	2.557	4.800	5.375	2.675	2.393	2.433	4.854	5.352	2.677
39.520	R2	2.399	2.399	4.723	5.184	2.559	2.385	2.422	4.846	5.431	2.673
39.560	R2	2.430	2.430	4.864	5.376	2.597	2.383	2.420	4.850	5.540	2.671
39.600	R2	2.435	2.479	4.861	5.054	2.563	2.365	2.402	4.840	5.601	2.661
39.640	R2	2.454	2.559	4.689	5.068	2.713	2.348	2.385	4.869	5.737	2.660
39.680	R2	2.428	2.428	4.601	5.332	2.903	2.350	2.390	4.867	5.830	2.656
39.720	R2	2.416	2.556	4.689	5.400	2.792	2.349	2.387	4.824	5.896	2.655
39.760	R2	2.310	2.310	5.072	5.425	2.656	2.329	2.368	4.841	5.976	2.638
39.800	R2	2.334	2.469	5.116	5.479	2.606	2.327	2.363	4.876	6.028	2.641
39.840	R2	2.358	2.465	4.852	6.400	2.358	2.332	2.364	4.917	6.149	2.624
39.880	R2	2.350	2.350	4.851	7.365	2.688	2.348	2.386	4.931	6.205	2.627
39.920	R2	2.341	2.341	5.146	7.247	2.540	2.345	2.383	4.945	6.322	2.624
39.960	R2	2.003	2.003	4.997	6.552	2.597	2.331	2.368	4.951	6.418	2.616
40.000	R2	2.053	2.053	5.190	7.650	2.741	2.325	2.376	4.963	6.536	2.616
40.040	R2	2.436	2.485	4.904	7.137	2.531	2.322	2.372	4.972	6.622	2.609
40.080	R2	2.459	2.459	4.698	6.698	2.613	2.322	2.369	4.967	6.718	2.604
40.120	R2	1.987	1.987	4.966	7.160	2.436	2.292	2.339	4.984	6.822	2.586
40.160	R2	2.359	2.359	5.357	6.272	2.829	2.281	2.322	4.997	6.879	2.573
40.200	R2	2.448	2.510	5.497	7.481	2.534	2.282	2.338	4.985	6.915	2.556
40.240	R2	2.405	2.512	4.758	6.435	2.612	2.286	2.340	4.964	6.997	2.551
40.280	R2	2.504	2.504	5.080	7.731	2.604	2.285	2.338	4.968	7.019	2.564
40.320	R2	2.101	2.101	4.831	7.105	2.414	2.261	2.314	4.967	6.974	2.562
40.360	R2	2.313	2.594	5.103	7.726	2.596	2.266	2.326	4.969	6.984	2.557
40.400	R2	2.386	2.386	5.039	6.786	2.413	2.289	2.354	4.997	7.037	2.552
40.440	R2	2.441	2.514	4.594	6.978	2.624	2.299	2.364	5.012	7.016	2.541
40.480	R2	1.827	1.827	4.948	7.418	2.531	2.271	2.333	5.043	6.977	2.548
40.520	R2	2.214	2.214	4.940	6.543	2.528	2.255	2.318	5.056	7.008	2.555
40.560	R2	2.319	2.627	4.837	6.139	2.319	2.279	2.343	5.064	7.016	2.570
40.600	R2	2.416	2.513	4.688	7.116	2.519	2.269	2.334	5.047	7.042	2.557
40.640	R2	2.341	2.426	4.928	6.834	2.610	2.268	2.329	5.030	7.044	2.563
40.680	R2	1.867	1.867	4.833	6.479	2.646	2.269	2.325	5.052	7.121	2.563
40.720	R2	2.441	2.573	5.199	7.438	2.441	2.257	2.313	5.078	7.100	2.570
40.760	R2	2.465	2.566	5.540	7.614	2.498	2.264	2.320	5.091	7.056	2.572
40.800	R2	2.250	2.250	5.501	7.230	2.522	2.263	2.307	5.089	7.048	2.576
40.840	R2	1.876	1.876	5.516	6.365	2.675	2.265	2.312	5.095	7.072	2.586
40.880	R2	2.148	2.148	4.958	7.305	2.758	2.249	2.292	5.112	7.068	2.584
40.920	R2	2.455	2.498	5.137	7.323	2.734	2.277	2.319	5.104	7.028	2.593
40.960	R2	2.169	2.169	5.014	6.799	2.553	2.285	2.335	5.122	7.067	2.600
41.000	R2	2.414	2.414	5.148	7.522	2.659	2.284	2.320	5.151	7.106	2.624
41.040	R2	2.433	2.433	5.208	7.971	2.619	2.282	2.313	5.189	7.137	2.647
41.080	R2	2.266	2.266	5.588	7.301	2.746	2.271	2.297	5.197	7.154	2.659
41.120	R2	2.245	2.245	5.103	6.235	2.446	2.302	2.331	5.202	7.174	2.663
41.160	R2	2.298	2.323	5.058	7.570	2.687	2.291	2.313	5.200	7.165	2.673
41.200	R2	2.422	2.486	5.167	7.249	2.600	2.289	2.314	5.179	7.163	2.686
41.240	R2	2.117	2.117	4.922	6.904	2.597	2.296	2.329	5.157	7.167	2.680
41.280	R2	2.378	2.378	4.796	6.620	2.712	2.324	2.362	5.129	7.176	2.674
41.320	R2	2.378	2.536	5.307	7.313	2.652	2.343	2.381	5.135	7.155	2.668
41.360	R2	2.310	2.310	5.401	6.936	2.807	2.343	2.379	5.116	7.098	2.664
41.400	R2	2.375	2.375	5.464	7.721	2.977	2.356	2.403	5.134	7.083	2.672
41.440	R2	2.118	2.118	5.086	7.190	2.850	2.336	2.383	5.127	6.987	2.681
41.480	R2	2.488	2.533	4.927	6.866	2.724	2.335	2.397	5.124	6.846	2.679
41.520	R2	2.213	2.213	5.160	7.262	2.636	2.347	2.419	5.091	6.764	2.673
41.560	R2	2.430	2.584	5.117	7.586	2.764	2.360	2.434	5.084	6.718	2.680
41.600	R2	2.396	2.559	5.058	7.300	2.396	2.364	2.441	5.094	6.593	2.684
41.640	R2	2.432	2.541	4.952	6.554	2.560	2.359	2.432	5.089	6.545	2.687
41.680	R2	2.529	2.529	5.084	6.887	2.646	2.380	2.459	5.116	6.569	2.692
41.720	R2	2.442	2.442	4.769	6.164	2.645	2.377	2.467	5.135	6.559	2.687
41.760	R2	2.436	2.663	5.361	6.507	2.722	2.376	2.458	5.124	6.551	2.687
41.800	R2	2.018	2.018	5.003	5.600	2.831	2.374	2.456	5.096	6.570	2.687
41.840	R2	2.400	2.704	5.148	5.162	2.575	2.372	2.461	5.082	6.515	2.670
41.880	R2	2.514	2.700	4.928	5.654	2.636	2.387	2.477	5.083	6.517	2.649
41.920	R2	2.498	2.556	4.976	5.318	2.590	2.380	2.474	5.099	6.506	2.647
41.960	R2	2.393	2.453	5.253	5.058	2.752	2.388	2.488	5.088	6.511	2.639
42.000	R2	2.319	2.319	5.063	6.308	2.663	2.358	2.450	5.081	6.496	2.622
42.040	R2	2.522	2.654	5.472	7.370	2.695	2.353	2.437	5.082	6.470	2.636
42.080	R2	2.330	2.534	5.166	6.429	2.608	2.346	2.424	5.061	6.505	2.627
42.120	R2	2.353	2.353	5.096	7.144	2.656	2.341	2.424	5.054	6.537	2.632
42.160	R2	2.266	2.266	4.842	7.319	2.816	2.339	2.424	5.064	6.589	2.620
42.200	R2	2.352	2.479	5.168	6.631	2.625	2.312	2.385	5.051	6.613	2.612
42.240	R2	2.408	2.441	5.108	7.212	2.444	2.323	2.396	5.062	6.693	2.593
42.280	R2	2.348	2.475	5.253	6.651	2.683	2.326	2.383	5.055	6.797	2.593
42.320	R2	2.373	2.485	4.945	7.361	2.463	2.305	2.353	5.054	6.895	2.603
42.360	R2	1.837	1.837	4.980	7.299	2.430	2.290	2.335	5.049	6.969	2.593
42.400	R2	2.283	2.283	5.066	6.778	2.689	2.292	2.350	5.030	6.998	2.578
42.440	R2	2.291	2.291	4.547	7.248	2.370	2.298	2.357	5.016	6.947	2.570
42.480	R2	2.442	2.522	4.940	7.529	2.753	2.287	2.344	4.993	6.834	2.563
42.520	R2	2.398	2.436	4.967	7.204	2.398	2.296	2.344	4.996	6.782	2.562
42.560	R2	1.887	1.887	5.098	6.984	2.567	2.302	2.355	4.970	6.770	2.558
42.600	R2	2.253	2.253	5.225	7.201	2.437	2.314	2.367	4.969	6.749	2.546
42.640	R2	2.442	2.442	5.004	7.250	2.593	2.316	2.363	4.957	6.791	2.543
42.680	R2	2.094	2.094	4.918	7.606	2.824	2.308	2.353	4.955	6.831	2.554
42.720	R2	2.204	2.204	4.868	6.804	2.397	2.285	2.323	4.955	6.885	2.551
42.760	R2	2.443	2.753	4.880	5.631	2.443	2.292	2.331	4.976	6.888	2.557
42.800	R2	2.428	2.454	4.774	5.287	2.504	2.311	2.350	4.987	6.911	2.569
42.840	R2	2.309	2.395	5.008	5.122	2.555	2.301	2.340	4.976	6.916	2.573
42.880	R2	2.505	2.519	5.239	5.376	2.587	2.306	2.349	5.019	6.905	2.589
42.920	R2	2.474	2.578	4.581	6.914	2.578	2.305	2.356	5.030	6.863	2.580
42.960	R2	2.514	2.514	4.812	6.884	2.586	2.302	2.351	5.004	6.839	2.585
43.000	R2	2.385	2.385	4.918	7.475	2.566	2.329	2.385	5.006	6.819	2.593
43.040	R2	2.244	2.244	5.068	8.011	2.659	2.332	2.387	5.004	6.811	2.609
43.080	R2	1.892	1.892	5.268	7.729	2.613	2.323	2.379	4.992	6.810	2.615
43.120	R2	2.517	2.639	5.364	7.428	2.582	2.330	2.386	5.000	6.766	2.617
43.160	R2	2.209	2.209	5.201	7.756	2.678	2.324	2.380	4.994	6.789	2.627
43.200	R2	2.095	2.095	4.841	6.888	2.770	2.305	2.345	4.989	6.839	2.638
43.240	R2	2.386	2.471	5.412	7.031	2.692	2.300	2.353	4.998	6.909	2.633
43.280	R2	2.420	2.649	5.157	6.676	2.565	2.275	2.324	4.990	7.012	2.639
43.320	R2	2.335	2.335	4.435	6.733	2.505	2.266	2.314	4.958	7.105	2.643
43.360	R2	2.423	2.565	5.144	6.573	2.728	2.251	2.293	4.984	7.114	2.652
43.400	R2	2.311	2.311	5.190	7.045	2.756	2.239	2.281	4.993	7.109	2.643
43.440	R2	2.265	2.265	4.756	7.240	2.711	2.244	2.286	5.015	7.070	2.650
43.480	R2	2.249	2.249	5.080	6.718	2.861	2.227	2.269	5.002	6.988	2.638
43.520	R2	2.083	2.083	4.749	7.265	2.590	2.251	2.298	4.995	6.928	2.627
43.560	R2	2.054	2.054	4.771	6.623	2.670	2.236	2.277	4.977	6.893	2.638
43.600	R2	2.338	2.610	4.957	6.689	2.408	2.243	2.293	4.961	6.872	2.642
43.640	R2	1.805	1.805	4.862	7.179	2.666	2.260	2.315	4.981	6.852	2.638
43.680	R2	2.323	2.323	4.587	7.240	2.673	2.251	2.302	4.973	6.895	2.637
43.720	R2	2.164	2.164	5.110	7.097	2.751	2.254	2.294	4.962	6.906	2.637
43.760	R2	2.276	2.276	4.993	6.778	2.416	2.229	2.269	4.996	6.902	2.644
43.800	R2	2.488	2.488	5.364	6.693	2.703	2.222	2.269	4.991	6.896	2.641
43.840	R2	1.904	1.904	4.809	6.375	2.426	2.221	2.288	4.978	6.887	2.633
43.880	R2	2.383	2.460	5.117	6.526	2.383	2.229	2.296	5.009	6.867	2.624
43.920	R2	2.217	2.217	5.011	6.742	2.806	2.238	2.308	4.984	6.834	2.612
43.960	R2	2.336	2.542	4.884	7.325	2.751	2.243	2.313	4.988	6.808	2.615
44.000	R2	2.439	2.531	5.223	6.503	2.705	2.265	2.334	5.002	6.825	2.609
44.040	R2	2.202	2.202	5.270	7.885	2.663	2.264	2.334	5.025	6.856	2.622
44.080	R2	2.497	2.497	4.919	6.886	2.571	2.293	2.367	5.038	6.879	2.623
44.120	R2	1.828	1.828	5.124	6.664	2.648	2.299	2.374	5.028	6.889	2.619
44.160	R2	2.275	2.568	5.045	6.452	2.656	2.302	2.378	5.008	6.909	2.616
44.200	R2	2.297	2.690	4.936	6.851	2.606	2.304	2.383	5.007	6.909	2.636
44.240	R2	2.427	2.427	5.373	6.853	2.531	2.285	2.364	4.993	6.935	2.634
44.280	R2	2.434	2.483	4.571	6.058	2.609	2.312	2.402	5.031	6.967	2.641
44.320	R2	2.186	2.186	4.831	6.736	2.657	2.304	2.390	5.023	6.960	2.649
44.360	R2	2.477	2.477	5.052	6.971	2.542	2.312	2.401	5.020	6.945	2.644
44.400	R2	2.321	2.623	5.414	7.306	2.671	2.312	2.399	5.026	6.912	2.635
44.440	R2	2.381	2.461	5.117	7.640	2.687	2.307	2.390	5.003	6.969	2.641
44.480	R2	2.442	2.466	4.389	7.435	2.604	2.315	2.410	4.998	6.941	2.638
44.520	R2	2.236	2.236	4.725	7.498	2.683	2.318	2.412	5.006	6.974	2.644
44.560	R2	2.303	2.371	4.962	6.792	2.813	2.348	2.445	5.017	7.018	2.642
44.600	R2	2.110	2.110	5.083	7.197	2.669	2.357	2.446	5.022	7.032	2.645
44.640	R2	2.456	2.664	5.567	7.023	2.565	2.341	2.411	5.037	7.028	2.650
44.680	R2	2.228	2.228	4.967	6.378	2.537	2.341	2.412	5.024	7.018	2.658
44.720	R2	2.361	2.423	4.949	6.444	2.706	2.313	2.381	5.042	7.062	2.651
44.760	R2	2.343	2.514	5.005	6.662	2.586	2.324	2.394	5.042	7.073	2.653
44.800	R2	2.345	2.345	4.763	7.657	2.814	2.302	2.372	5.034	7.054	2.662
44.840	R2	2.354	2.597	5.164	7.312	2.611	2.288	2.343	5.006	7.008	2.655
44.880	R2	2.550	2.550	5.073	7.563	2.682	2.287	2.342	5.016	6.993	2.653
44.920	R2	2.442	2.483	5.357	7.539	2.616	2.285	2.339	5.050	6.996	2.658
44.960	R2	2.442	2.585	5.139	6.722	2.716	2.295	2.351	5.061	6.965	2.661
45.000	R2	1.982	1.982	5.242	6.783	2.702	2.298	2.358	5.062	6.993	2.655
45.040	R2	2.428	2.456	5.098	6.647	2.693	2.293	2.353	5.075	6.990	2.662
45.080	R2	1.870	1.870	4.932	6.930	2.473	2.287	2.337	5.050	6.993	2.672
45.120	R2	2.403	2.440	4.850	6.961	2.693	2.303	2.372	5.066	6.994	2.675
45.160	R2	2.036	2.036	4.887	6.592	2.727	2.299	2.364	5.077	7.019	2.675
45.200	R2	2.052	2.052	4.850	6.393	2.529	2.299	2.356	5.083	7.062	2.676
45.240	R2	2.361	2.436	5.309	7.325	2.641	2.305	2.376	5.092	7.022	2.666
45.280	R2	2.407	2.407	5.082	7.509	2.705	2.312	2.370	5.074	6.985	2.666
45.320	R2	2.430	2.464	4.947	6.879	2.747	2.300	2.365	5.072	6.979	2.664
45.360	R2	2.355	2.512	4.977	7.345	2.689	2.299	2.367	5.077	6.948	2.659
45.400	R2	2.019	2.019	5.345	7.137	2.810	2.295	2.355	5.085	6.901	2.653
45.440	R2	2.340	2.340	5.065	7.076	2.760	2.318	2.379	5.077	6.838	2.643
45.480	R2	2.541	2.932	5.283	6.402	2.597	2.318	2.383	5.094	6.828	2.636
45.520	R2	2.270	2.270	5.168	6.950	2.708	2.332	2.397	5.108	6.824	2.641
45.560	R2	2.351	2.351	5.129	7.510	2.604	2.332	2.402	5.131	6.794	2.637
45.600	R2	2.465	2.729	4.945	6.862	2.609	2.349	2.425	5.138	6.794	2.619
45.640	R2	2.493	2.493	4.798	6.576	2.629	2.364	2.439	5.131	6.826	2.623
45.680	R2	2.320	2.452	5.029	7.437	2.626	2.342	2.414	5.122	6.810	2.615
45.720	R2	2.425	2.515	5.467	6.917	2.529	2.339	2.425	5.114	6.786	2.611
45.760	R2	2.346	2.346	5.307	5.795	2.590	2.338	2.427	5.134	6.805	2.611
45.800	R2	2.441	2.452	5.063	5.509	2.510	2.343	2.434	5.133	6.795	2.599
45.840	R2	2.445	2.555	5.438	6.465	2.537	2.363	2.454	5.120	6.766	2.587
45.880	R2	2.148	2.148	5.220	6.843	2.586	2.356	2.447	5.119	6.736	2.567
45.920	R2	2.400	2.526	5.313	6.359	2.599	2.343	2.415	5.084	6.766	2.563
45.960	R2	2.376	2.497	5.020	6.584	2.376	2.351	2.422	5.087	6.783	2.560
46.000	R2	2.346	2.346	4.711	7.031	2.605	2.345	2.416	5.075	6.801	2.569
46.040	R2	1.918	1.918	5.136	7.022	2.479	2.335	2.393	5.061	6.844	2.556
46.080	R2	2.360	2.636	4.915	7.019	2.641	2.328	2.387	5.073	6.885	2.565
46.120	R2	2.411	2.511	5.349	7.263	2.737	2.308	2.360	5.051	6.868	2.572
46.160	R2	2.440	2.640	4.952	7.141	2.446	2.307	2.355	5.022	6.860	2.569
46.200	R2	2.424	2.424	5.086	6.553	2.577	2.312	2.360	4.997	6.941	2.573
46.240	R2	2.207	2.207	5.057	6.475	2.350	2.302	2.349	4.977	7.041	2.578
46.280	R2	2.282	2.282	4.583	7.003	2.512	2.295	2.348	4.926	7.079	2.579
46.320	R2	2.418	2.418	5.216	7.304	2.662	2.291	2.345	4.927	7.093	2.581
46.360	R2	2.235	2.235	4.884	7.864	2.781	2.289	2.340	4.905	7.095	2.579
46.400	R2	2.267	2.267	4.665	7.730	2.357	2.267	2.311	4.914	7.119	2.591
46.440	R2	2.360	2.360	5.040	7.391	2.802	2.269	2.319	4.938	7.153	2.594
46.480	R2	1.918	1.918	4.596	7.099	2.765	2.296	2.347	4.931	7.164	2.596
46.520	R2	2.406	2.406	4.895	6.760	2.471	2.306	2.344	4.958	7.145	2.595
46.560	R2	2.448	2.448	4.798	7.402	2.664	2.309	2.345	4.957	7.090	2.589
46.600	R2	2.230	2.230	4.658	7.521	2.619	2.306	2.340	4.970	7.054	2.585
46.640	R2	2.301	2.551	4.425	7.223	2.547	2.304	2.351	4.971	7.022	2.582
46.680	R2	2.079	2.079	5.243	7.113	2.624	2.319	2.370	4.979	7.013	2.595
46.720	R2	2.359	2.422	4.878	6.410	2.562	2.334	2.386	4.982	7.032	2.604
46.760	R2	1.930	1.930	5.200	7.053	2.613	2.336	2.394	4.971	7.030	2.611
46.800	R2	2.397	2.506	5.177	7.713	2.675	2.344	2.415	4.978	6.997	2.620
46.840	R2	2.451	2.472	4.998	7.236	2.506	2.355	2.428	4.990	6.875	2.626
46.880	R2	2.564	2.566	5.462	6.651	2.623	2.358	2.447	4.981	6.773	2.606
46.920	R2	2.467	2.541	5.327	6.151	2.617	2.377	2.484	5.012	6.725	2.584
46.960	R2	2.376	2.532	5.216	6.427	2.376	2.381	2.499	5.012	6.659	2.588
47.000	R2	2.379	2.645	5.111	5.915	2.518	2.381	2.507	5.044	6.546	2.578
47.040	R2	2.510	2.590	5.199	6.302	2.611	2.388	2.513	5.058	6.434	2.571
47.080	R2	2.575	2.610	4.655	7.380	2.696	2.394	2.516	5.091	6.417	2.592
47.120	R2	2.473	2.575	4.985	7.258	2.799	2.413	2.541	5.085	6.430	2.592
47.160	R2	2.399	2.643	5.038	7.202	2.954	2.415	2.540	5.105	6.467	2.611
47.200	R2	2.479	2.547	4.900	5.299	2.479	2.437	2.562	5.107	6.443	2.610
47.240	R2	2.409	2.733	4.862	5.339	2.409	2.431	2.561	5.102	6.384	2.609
47.280	R2	2.315	2.657	5.208	6.150	2.315	2.431	2.560	5.103	6.397	2.616
47.320	R2	2.479	2.708	4.907	5.430	2.562	2.433	2.562	5.080	6.414	2.623
47.360	R2	2.450	2.597	5.433	5.149	2.450	2.435	2.560	5.059	6.450	2.629
47.400	R2	2.358	2.358	4.931	5.289	2.495	2.430	2.548	5.044	6.455	2.633
47.440	R2	2.432	2.600	5.095	6.878	2.960	2.411	2.515	5.049	6.444	2.639
47.480	R2	2.462	2.590	5.123	7.370	2.618	2.399	2.499	5.041	6.398	2.636
47.520	R2	2.393	2.393	5.268	7.139	2.950	2.390	2.488	5.072	6.276	2.630
47.560	R2	2.372	2.372	5.246	6.584	2.596	2.378	2.471	5.071	6.206	2.612
47.600	R2	2.280	2.490	5.085	6.535	2.654	2.382	2.463	5.100	6.106	2.590
47.640	R2	2.449	2.449	5.008	7.498	2.631	2.374	2.461	5.134	6.102	2.582
47.680	R2	2.605	2.605	5.008	6.983	2.768	2.379	2.460	5.134	6.110	2.593
47.720	R2	2.511	2.511	4.904	6.876	2.739	2.385	2.453	5.121	6.136	2.600
47.760	R2	2.280	2.280	4.912	6.528	2.467	2.384	2.440	5.108	6.219	2.607
47.800	R2	1.988	1.988	5.215	5.685	2.627	2.385	2.433	5.090	6.321	2.629
47.840	R2	2.276	2.276	5.031	5.382	2.553	2.382	2.431	5.098	6.393	2.633
47.880	R2	2.382	2.382	5.284	4.954	2.573	2.381	2.429	5.097	6.394	2.617
47.920	R2	2.237	2.237	4.970	5.859	2.444	2.379	2.424	5.091	6.342	2.623
47.960	R2	2.475	2.488	5.614	5.195	2.505	2.380	2.426	5.065	6.339	2.596
48.000	R2	2.321	2.508	5.581	5.216	2.321	2.382	2.430	5.042	6.345	2.594
48.040	R2	2.506	2.719	4.852	5.496	2.633	2.389	2.426	5.033	6.404	2.592
48.080	R2	2.451	2.502	4.952	6.670	2.451	2.390	2.439	5.030	6.398	2.594
48.120	R2	2.455	2.455	4.646	7.101	2.700	2.380	2.428	5.043	6.399	2.585
48.160	R2	2.456	2.456	5.078	7.190	2.892	2.378	2.430	5.071	6.377	2.584
48.200	R2	2.315	2.315	5.096	6.718	2.573	2.382	2.433	5.095	6.396	2.601
48.240	R2	2.408	2.556	5.065	6.896	2.650	2.402	2.455	5.096	6.463	2.592
48.280	R2	2.410	2.496	5.008	6.342	2.736	2.414	2.469	5.096	6.547	2.600
48.320	R2	2.414	2.439	4.753	7.074	2.414	2.417	2.472	5.069	6.654	2.602
48.360	R2	2.415	2.444	4.769	6.704	2.547	2.430	2.492	5.080	6.669	2.610
48.400	R2	2.414	2.414	4.907	7.722	2.607	2.426	2.488	5.055	6.713	2.614
48.440	R2	2.479	2.702	4.961	7.369	2.677	2.436	2.489	5.032	6.772	2.628
48.480	R2	2.396	2.396	5.256	6.994	2.585	2.437	2.490	5.049	6.831	2.632
48.520	R2	2.484	2.541	5.480	6.449	2.730	2.426	2.477	5.060	6.843	2.635
48.560	R2	2.348	2.348	5.391	6.907	2.796	2.425	2.476	5.070	6.873	2.633
48.600	R2	2.393	2.416	5.237	7.017	2.454	2.419	2.469	5.064	6.901	2.628
48.640	R2	2.521	2.563	5.031	7.076	2.701	2.425	2.475	5.063	6.911	2.625
48.680	R2	2.443	2.450	4.730	7.080	2.627	2.408	2.451	5.061	6.932	2.618
48.720	R2	2.493	2.631	5.189	6.165	2.591	2.409	2.448	5.046	6.974	2.611
48.760	R2	2.401	2.401	5.117	6.071	2.601	2.410	2.448	5.055	6.997	2.635
48.800	R2	2.512	2.526	5.123	6.409	2.596	2.409	2.464	5.067	7.037	2.641
48.840	R2	2.538	2.749	5.197	6.666	2.712	2.409	2.469	5.098	6.977	2.643
48.880	R2	2.232	2.232	5.163	6.905	2.504	2.411	2.460	5.106	6.978	2.637
48.920	R2	2.436	2.436	4.854	7.711	2.666	2.408	2.457	5.081	7.005	2.634
48.960	R2	2.322	2.322	4.951	7.747	2.790	2.409	2.457	5.095	6.981	2.625
49.000	R2	2.436	2.436	5.082	6.923	2.509	2.419	2.471	5.079	6.946	2.616
49.040	R2	2.075	2.075	5.019	7.310	2.520	2.422	2.478	5.075	6.906	2.619
49.080	R2	2.432	2.432	4.702	7.180	2.590	2.396	2.449	5.097	6.824	2.616
49.120	R2	2.439	2.449	4.937	7.530	2.898	2.370	2.423	5.107	6.731	2.611
49.160	R2	2.393	2.764	5.010	7.506	2.671	2.365	2.415	5.080	6.688	2.605
49.200	R2	2.398	2.517	5.529	6.519	2.642	2.363	2.413	5.079	6.657	2.598
49.240	R2	2.520	2.520	5.128	7.403	2.554	2.354	2.403	5.073	6.606	2.590
49.280	R2	2.340	2.340	4.756	7.533	2.518	2.347	2.387	5.073	6.639	2.599
49.320	R2	2.507	2.531	5.752	5.955	2.558	2.347	2.387	5.063	6.636	2.599
49.360	R2	2.547	2.625	5.066	6.210	2.622	2.345	2.392	5.068	6.579	2.586
49.400	R2	2.463	2.554	5.164	6.226	2.503	2.346	2.397	5.067	6.553	2.580
49.440	R2	1.995	1.995	5.466	5.430	2.652	2.351	2.402	5.044	6.567	2.587
49.480	R2	1.920	1.920	4.928	5.220	2.517	2.366	2.417	5.035	6.581	2.598
49.520	R2	2.392	2.472	4.650	5.313	2.471	2.369	2.420	5.057	6.565	2.612
49.560	R2	2.363	2.363	5.113	5.439	2.458	2.365	2.445	5.074	6.535	2.593
49.600	R2	2.332	2.332	5.003	5.382	2.440	2.371	2.432	5.076	6.460	2.590
49.640	R2	2.390	2.424	5.187	7.340	2.893	2.371	2.426	5.069	6.463	2.594
49.680	R2	2.229	2.229	4.971	6.839	2.500	2.364	2.418	5.058	6.458	2.593
49.720	R2	2.411	2.531	4.951	6.566	2.414	2.365	2.423	5.076	6.429	2.588
49.760	R2	2.335	2.429	4.930	7.241	2.675	2.346	2.402	5.048	6.460	2.593
49.800	R2	2.545	2.545	4.611	7.196	2.650	2.317	2.369	5.050	6.496	2.590
49.840	R2	2.371	2.371	4.857	7.594	2.737	2.317	2.376	5.026	6.550	2.595
49.880	R2	2.485	2.485	5.128	6.864	2.873	2.314	2.373	4.991	6.626	2.600
49.920	R2	2.373	2.948	5.284	6.928	2.504	2.340	2.400	4.988	6.708	2.596
49.960	R2	2.502	2.502	5.041	5.999	2.629	2.329	2.385	5.016	6.787	2.606
50.000	R2	2.405	2.405	5.403	6.584	2.714	2.325	2.381	5.023	6.855	2.615
50.040	R2	2.367	2.367	4.908	7.308	2.528	2.331	2.390	5.046	6.946	2.615
50.080	R2	2.375	2.425	5.116	6.941	2.433	2.324	2.381	5.049	6.900	2.590
50.120	R2	2.120	2.120	5.178	6.588	2.654	2.333	2.390	5.057	6.914	2.587
50.160	R2	1.972	1.972	5.110	6.922	2.562	2.320	2.371	5.095	6.942	2.590
50.200	R2	2.458	2.678	4.688	7.307	2.605	2.305	2.352	5.107	6.860	2.581
50.240	R2	1.933	1.933	4.771	6.955	2.737	2.281	2.327	5.129	6.783	2.573
50.280	R2	2.451	2.466	4.869	6.847	2.451	2.280	2.327	5.130	6.666	2.559
50.320	R2	2.171	2.171	5.194	6.899	2.669	2.275	2.332	5.140	6.577	2.539
50.360	R2	2.281	2.281	5.253	6.801	2.630	2.270	2.306	5.115	6.501	2.537
50.400	R2	2.442	2.511	5.477	7.196	2.442	2.268	2.307	5.124	6.473	2.528
50.440	R2	2.256	2.256	5.248	6.433	2.399	2.273	2.314	5.114	6.401	2.519
50.480	R2	2.401	2.401	5.119	7.106	2.435	2.280	2.328	5.119	6.318	2.518
50.520	R2	2.159	2.159	5.712	7.136	2.477	2.290	2.336	5.125	6.231	2.527
50.560	R2	2.036	2.036	5.163	5.606	2.492	2.310	2.358	5.135	6.154	2.524
50.600	R2	2.055	2.055	5.055	5.639	2.490	2.329	2.376	5.117	6.062	2.523
50.640	R2	2.368	2.368	4.882	5.256	2.458	2.323	2.369	5.124	5.967	2.522
50.680	R2	2.368	2.585	5.325	5.099	2.477	2.332	2.379	5.142	5.915	2.513
50.720	R2	2.283	2.440	4.777	5.396	2.451	2.329	2.384	5.138	5.837	2.509
50.760	R2	2.452	2.515	5.238	5.453	2.452	2.345	2.401	5.119	5.751	2.504
50.800	R2	2.513	2.537	5.205	5.130	2.534	2.351	2.411	5.103	5.744	2.492
50.840	R2	2.502	2.659	5.000	5.647	2.502	2.347	2.404	5.080	5.625	2.498
50.880	R2	2.574	2.574	5.239	5.215	2.622	2.352	2.409	5.066	5.579	2.505
50.920	R2	2.528	2.559	5.376	5.036	2.586	2.353	2.424	5.053	5.539	2.504
50.960	R2	2.342	2.342	4.755	5.087	2.551	2.369	2.442	5.011	5.452	2.513
51.000	R2	2.338	2.533	4.825	5.415	2.583	2.386	2.476	5.016	5.427	2.516
51.040	R2	2.126	2.126	5.122	5.907	2.554	2.408	2.500	5.024	5.408	2.519
51.080	R2	2.380	2.580	4.787	5.295	2.380	2.407	2.502	5.036	5.420	2.514
51.120	R2	2.496	2.496	4.817	5.171	2.561	2.406	2.490	5.020	5.438	2.521
51.160	R2	2.401	2.482	4.942	6.651	2.401	2.408	2.485	5.043	5.434	2.529
51.200	R2	2.372	2.377	5.010	4.832	2.561	2.389	2.463	5.031	5.429	2.544
51.240	R2	2.353	2.353	4.977	5.506	2.537	2.390	2.467	5.036	5.529	2.545
51.280	R2	2.405	2.697	4.860	6.314	2.405	2.381	2.460	5.045	5.595	2.537
51.320	R2	2.490	2.530	4.857	5.386	2.656	2.372	2.451	5.041	5.695	2.532
51.360	R2	2.373	2.709	5.265	5.108	2.551	2.365	2.459	5.025	5.802	2.529
51.400	R2	2.506	2.540	5.212	5.254	2.566	2.363	2.457	5.042	5.889	2.536
51.440	R2	2.342	2.416	5.132	5.508	2.342	2.366	2.459	5.047	5.976	2.542
51.480	R2	2.340	2.340	4.999	5.452	2.626	2.381	2.474	5.044	6.060	2.552
51.520	R2	2.327	2.327	5.235	5.311	2.602	2.386	2.470	5.066	6.127	2.563
51.560	R2	2.079	2.079	5.003	5.354	2.769	2.375	2.474	5.079	6.129	2.559
51.600	R2	2.524	2.617	5.304	7.138	2.553	2.376	2.480	5.092	6.096	2.561
51.640	R2	2.325	2.532	5.183	6.961	2.325	2.373	2.480	5.088	6.131	2.549
51.680	R2	2.385	2.385	5.156	7.207	2.524	2.367	2.475	5.094	6.107	2.544
51.720	R2	2.396	2.729	5.067	7.188	2.533	2.371	2.464	5.097	6.038	2.557
51.760	R2	2.301	2.301	5.098	6.820	2.684	2.368	2.477	5.105	6.092	2.560
51.800	R2	2.394	2.556	4.911	7.165	2.707	2.355	2.447	5.097	6.158	2.549
51.840	R2	2.427	2.440	5.061	7.577	2.759	2.348	2.438	5.088	6.163	2.545
51.880	R2	2.492	2.498	5.239	6.635	2.588	2.350	2.436	5.083	6.141	2.556
51.920	R2	2.277	2.576	5.065	5.206	2.496	2.360	2.446	5.094	6.110	2.557
51.960	R2	2.416	2.595	5.198	6.001	2.443	2.361	2.461	5.092	6.104	2.550
52.000	R2	2.311	2.389	4.944	5.522	2.311	2.374	2.475	5.113	6.103	2.541
52.040	R2	2.235	2.235	5.092	5.039	2.440	2.371	2.472	5.103	6.028	2.537
52.080	R2	2.475	2.481	4.912	4.927	2.657	2.363	2.453	5.098	5.925	2.560
52.120	R2	2.442	2.797	5.018	6.460	2.715	2.365	2.467	5.090	5.829	2.555
52.160	R2	2.102	2.102	5.120	6.425	2.335	2.365	2.461	5.075	5.806	2.557
52.200	R2	2.371	2.371	5.030	5.354	2.494	2.372	2.469	5.060	5.795	2.557
52.240	R2	2.380	2.380	5.035	5.079	2.567	2.370	2.471	5.056	5.802	2.550
52.280	R2	2.534	2.534	5.218	4.828	2.644	2.370	2.482	5.039	5.707	2.539
52.320	R2	2.361	2.615	5.193	5.204	2.453	2.368	2.482	5.019	5.697	2.535
52.360	R2	2.335	2.366	5.416	5.328	2.588	2.371	2.477	5.011	5.754	2.530
52.400	R2	2.470	2.564	5.098	5.627	2.470	2.377	2.476	4.979	5.818	2.546
52.440	R2	2.152	2.152	5.087	4.910	2.797	2.366	2.461	4.973	5.884	2.552
52.480	R2	2.423	2.659	5.001	5.275	2.427	2.376	2.473	4.968	5.993	2.559
52.520	R2	2.401	2.615	4.757	6.744	2.570	2.376	2.473	4.952	6.092	2.549
52.560	R2	2.450	2.450	4.810	6.596	2.670	2.378	2.458	4.959	6.143	2.549
52.600	R2	2.343	2.600	4.820	7.309	2.585	2.394	2.474	4.962	6.189	2.571
52.640	R2	2.440	2.653	4.736	5.679	2.532	2.395	2.477	4.995	6.261	2.566
52.680	R2	2.448	2.497	4.838	6.436	2.499	2.401	2.487	4.992	6.351	2.565
52.720	R2	2.333	2.485	4.895	6.331	2.397	2.391	2.485	4.972	6.468	2.554
52.760	R2	2.526	2.577	4.557	7.291	2.771	2.393	2.481	4.971	6.552	2.554
52.800	R2	2.089	2.089	4.826	6.833	2.436	2.395	2.490	4.946	6.641	2.555
52.840	R2	2.455	2.480	4.991	7.223	2.572	2.394	2.485	4.926	6.733	2.564
52.880	R2	2.456	2.478	4.588	6.904	2.456	2.404	2.503	4.922	6.834	2.555
52.920	R2	2.492	2.492	5.167	7.480	2.723	2.384	2.471	4.926	6.934	2.559
52.960	R2	2.428	2.428	5.173	7.348	2.767	2.388	2.465	4.943	6.959	2.556
53.000	R2	2.392	2.423	5.689	6.789	2.392	2.382	2.458	4.961	6.984	2.552
53.040	R2	2.494	2.587	4.981	6.875	2.551	2.380	2.456	4.963	6.966	2.558
53.080	R2	2.335	2.500	4.820	7.168	2.430	2.363	2.428	4.970	7.025	2.550
53.120	R2	2.394	2.519	5.168	6.898	2.440	2.334	2.397	4.981	7.058	2.550
53.160	R2	2.379	2.562	4.915	7.100	2.613	2.340	2.406	4.993	7.049	2.569
53.200	R2	2.449	2.449	4.702	7.466	2.662	2.323	2.387	5.035	6.944	2.561
53.240	R2	2.359	2.524	5.000	6.942	2.610	2.339	2.414	5.042	6.898	2.559
53.280	R2	2.018	2.018	5.083	7.276	2.504	2.336	2.417	5.072	6.767	2.550
53.320	R2	2.484	2.484	5.102	7.226	2.518	2.331	2.413	5.102	6.686	2.553
53.360	R2	2.318	2.318	5.177	7.109	2.591	2.297	2.379	5.098	6.582	2.534
53.400	R2	2.305	2.557	4.861	6.950	2.700	2.285	2.366	5.096	6.570	2.528
53.440	R2	2.104	2.104	4.877	6.857	2.371	2.288	2.371	5.067	6.591	2.540
53.480	R2	1.876	1.876	5.049	7.097	2.497	2.290	2.369	5.088	6.506	2.544
53.520	R2	2.451	2.665	5.140	6.140	2.784	2.273	2.344	5.129	6.428	2.547
53.560	R2	2.186	2.186	5.386	5.203	2.600	2.267	2.331	5.133	6.403	2.558
53.600	R2	2.402	2.627	4.981	5.900	2.402	2.271	2.341	5.126	6.418	2.559
53.640	R2	2.394	2.539	5.577	4.600	2.394	2.268	2.338	5.151	6.393	2.552
53.680	R2	2.368	2.402	5.197	5.298	2.518	2.269	2.349	5.162	6.387	2.550
53.720	R2	1.809	1.809	5.076	5.400	2.336	2.291	2.376	5.146	6.368	2.559
53.760	R2	2.182	2.182	5.144	7.100	2.649	2.270	2.355	5.154	6.368	2.562
53.800	R2	2.445	2.518	5.107	7.210	2.631	2.275	2.367	5.164	6.367	2.566
53.840	R2	2.541	2.541	5.394	5.176	2.628	2.271	2.367	5.187	6.387	2.565
53.880	R2	1.996	1.996	5.643	5.601	2.502	2.284	2.379	5.195	6.383	2.566
53.920	R2	2.271	2.271	5.255	6.399	2.659	2.313	2.409	5.212	6.386	2.566
53.960	R2	2.463	2.748	4.771	7.406	2.626	2.308	2.395	5.200	6.399	2.545
54.000	R2	2.397	2.397	5.205	6.966	2.528	2.318	2.409	5.188	6.515	2.543
54.040	R2	2.374	2.749	5.208	6.824	2.569	2.321	2.409	5.178	6.546	2.547
54.080	R2	2.457	2.551	4.770	6.896	2.674	2.317	2.405	5.145	6.664	2.552
54.120	R2	2.066	2.066	5.252	7.221	2.581	2.317	2.409	5.116	6.681	2.561
54.160	R2	2.407	2.565	5.393	7.087	2.677	2.335	2.428	5.096	6.694	2.567
54.200	R2	2.231	2.541	5.315	7.348	2.668	2.344	2.436	5.087	6.597	2.552
54.240	R2	2.357	2.357	5.034	6.790	2.401	2.327	2.416	5.074	6.508	2.530
54.280	R2	2.461	2.461	5.381	7.153	2.486	2.322	2.410	5.042	6.583	2.530
54.320	R2	2.362	2.394	4.915	6.393	2.362	2.344	2.439	5.006	6.651	2.532
54.360	R2	2.378	2.463	5.138	7.526	2.575	2.343	2.437	5.015	6.684	2.531
54.400	R2	2.467	2.628	4.790	6.527	2.467	2.325	2.405	5.022	6.671	2.530
54.440	R2	2.299	2.451	4.908	6.966	2.496	2.316	2.396	5.026	6.678	2.545
54.480	R2	2.381	2.498	4.623	5.629	2.702	2.302	2.364	5.006	6.681	2.536
54.520	R2	2.175	2.175	4.676	5.662	2.450	2.287	2.343	5.014	6.695	2.537
54.560	R2	2.346	2.346	4.959	5.161	2.354	2.291	2.348	5.012	6.699	2.544
54.600	R2	2.120	2.120	4.840	5.424	2.201	2.292	2.341	4.990	6.678	2.541
54.640	R2	2.424	2.424	4.752	6.681	2.612	2.303	2.356	4.966	6.685	2.533
54.680	R2	2.449	2.571	4.927	6.957	2.557	2.298	2.351	4.965	6.684	2.541
54.720	R2	2.242	2.242	5.435	7.067	2.631	2.287	2.340	4.954	6.674	2.551
54.760	R2	2.106	2.106	4.909	7.138	2.612	2.295	2.347	4.949	6.704	2.568
54.800	R2	2.212	2.212	5.291	7.112	2.834	2.295	2.343	4.935	6.701	2.577
54.840	R2	2.099	2.099	4.812	6.873	2.372	2.291	2.334	4.946	6.746	2.587
54.880	R2	2.148	2.148	4.934	7.173	2.709	2.287	2.322	4.950	6.752	2.593
54.920	R2	2.164	2.164	5.196	7.315	2.719	2.267	2.297	4.962	6.798	2.585
54.960	R2	2.409	2.409	4.953	6.667	2.619	2.279	2.315	4.986	6.880	2.588
55.000	R2	2.465	2.850	4.837	7.483	2.491	2.285	2.321	4.989	6.948	2.601
55.040	R2	2.259	2.259	5.019	6.773	2.577	2.303	2.342	4.990	7.016	2.624
55.080	R2	2.235	2.235	5.165	6.958	2.675	2.300	2.340	5.002	7.029	2.618
55.120	R2	2.527	2.543	4.820	6.980	2.714	2.299	2.340	4.998	7.016	2.615
55.160	R2	2.375	2.375	4.845	7.477	2.746	2.314	2.355	4.976	7.048	2.624
55.200	R2	2.382	2.456	5.022	7.429	2.671	2.318	2.359	4.989	6.975	2.622
55.240	R2	2.212	2.212	4.978	7.081	2.609	2.328	2.380	4.996	6.862	2.606
55.280	R2	1.984	1.984	4.872	6.559	2.546	2.340	2.397	5.013	6.759	2.615
55.320	R2	2.418	2.540	5.161	7.300	2.509	2.349	2.407	4.988	6.664	2.610
55.360	R2	2.477	2.477	5.004	6.505	2.626	2.355	2.422	5.006	6.580	2.594
55.400	R2	2.465	2.541	4.869	6.795	2.659	2.354	2.420	5.017	6.386	2.592
55.440	R2	2.375	2.375	4.985	6.947	2.477	2.347	2.418	5.020	6.139	2.602
55.480	R2	2.430	2.564	4.852	6.693	2.504	2.360	2.431	5.021	5.939	2.601
55.520	R2	2.545	2.545	4.999	7.697	2.808	2.366	2.444	5.027	5.709	2.598
55.560	R2	2.183	2.183	5.157	5.679	2.580	2.364	2.441	5.042	5.492	2.589
55.600	R2	2.414	2.644	5.432	4.862	2.518	2.368	2.450	5.044	5.249	2.581
55.640	R2	2.324	2.442	5.162	4.811	2.546	2.366	2.449	5.060	4.998	2.565
55.680	R2	2.338	2.338	4.429	5.279	2.605	2.372	2.466	5.074	4.773	2.572
55.720	R2	2.291	2.464	5.568	5.631	2.391	2.390	2.490	5.096	4.569	2.562
55.760	R2	2.374	2.374	5.174	2.780	2.596	2.389	2.485	5.101	4.334	2.556
55.800	R2	2.335	2.806	4.898	2.547	2.683	2.371	2.467	5.113	4.138	2.545
55.840	R2	2.522	2.522	5.030	2.777	2.553	2.374	2.476	5.138	3.931	2.545
55.880	R2	2.349	2.489	5.289	2.349	2.626	2.371	2.473	5.148	3.704	2.542
55.920	R2	2.482	2.482	5.119	2.643	2.529	2.374	2.476	5.167	3.501	2.541
55.960	R2	2.459	2.560	4.890	2.624	2.582	2.371	2.473	5.185	3.250	2.530
56.000	R2	2.344	2.438	5.340	2.410	2.344	2.384	2.497	5.207	3.102	2.537
56.040	R2	2.330	2.548	5.259	2.575	2.755	2.383	2.492	5.197	2.986	2.531
56.080	R2	2.345	2.473	5.304	2.472	2.345	2.386	2.499	5.193	2.868	2.523
56.120	R2	2.401	2.438	5.256	2.610	2.401	2.389	2.507	5.240	2.737	2.513
56.160	R2	2.116	2.116	5.251	2.589	2.405	2.390	2.503	5.226	2.589	2.530
56.200	R2	2.514	2.720	5.375	2.652	2.654	2.391	2.504	5.225	2.581	2.523
56.240	R2	2.317	2.317	5.186	2.396	2.405	2.398	2.489	5.239	2.590	2.511
56.280	R2	2.496	2.626	5.217	2.633	2.496	2.395	2.498	5.259	2.581	2.514
56.320	R2	2.483	2.483	5.354	2.675	2.587	2.393	2.489	5.236	2.589	2.520
56.360	R2	2.435	2.654	5.615	2.719	2.718	2.383	2.486	5.231	2.584	2.522
56.400	R2	2.397	2.559	5.222	2.551	2.397	2.376	2.476	5.253	2.584	2.526
56.440	R2	2.383	2.570	5.085	2.444	2.383	2.379	2.475	5.235	2.596	2.536
56.480	R2	2.411	2.499	5.359	2.668	2.411	2.386	2.478	5.227	2.598	2.534
56.520	R2	2.298	2.378	5.287	2.669	2.736	2.392	2.483	5.204	2.601	2.549
56.560	R2	2.411	2.411	5.166	2.619	2.443	2.392	2.482	5.177	2.597	2.560
56.600	R2	2.457	2.506	5.172	2.729	2.457	2.406	2.498	5.142	2.594	2.565
56.640	R2	2.464	2.689	5.434	2.586	2.599	2.403	2.491	5.126	2.584	2.570
56.680	R2	2.324	2.324	4.830	2.517	2.748	2.407	2.494	5.134	2.588	2.578
56.720	R2	2.284	2.406	5.012	2.552	2.574	2.400	2.481	5.097	2.580	2.576
56.760	R2	2.301	2.370	5.340	2.614	2.662	2.396	2.477	5.078	2.576	2.588
56.800	R2	2.408	2.408	4.975	2.658	2.547	2.398	2.472	5.048	2.571	2.586
56.840	R2	2.483	2.620	5.089	2.613	2.712	2.393	2.459	5.025	2.575	2.594
56.880	R2	2.449	2.565	4.845	2.526	2.641	2.395	2.457	5.012	2.585	2.601
56.920	R2	2.412	2.412	4.720	2.535	2.631	2.393	2.458	4.971	2.579	2.598
56.960	R2	2.399	2.450	4.563	2.520	2.491	2.400	2.464	4.961	2.568	2.596
57.000	R2	2.453	2.566	5.049	2.453	2.756	2.401	2.466	4.933	2.570	2.610
57.040	R2	2.388	2.388	5.352	2.491	2.566	2.397	2.460	4.927	2.560	2.618
57.080	R2	2.362	2.362	4.476	2.456	2.466	2.398	2.451	4.890	2.559	2.621
57.120	R2	2.398	2.398	4.976	2.608	2.822	2.403	2.456	4.912	2.567	2.624
57.160	R2	2.471	2.568	5.008	2.618	2.683	2.395	2.442	4.897	2.566	2.639
57.200	R2	2.300	2.300	4.762	2.632	2.551	2.401	2.445	4.863	2.560	2.636
57.240	R2	2.432	2.526	4.832	2.629	2.517	2.401	2.445	4.869	2.555	2.630
57.280	R2	2.359	2.515	4.537	2.549	2.359	2.400	2.447	4.858	2.547	2.625
57.320	R2	2.453	2.496	5.074	2.453	2.699	2.393	2.434	4.874	2.572	2.625
57.360	R2	2.429	2.453	4.621	2.671	2.722	2.397	2.446	4.903	2.571	2.623
57.400	R2	2.379	2.379	5.037	2.529	2.607	2.392	2.438	4.927	2.574	2.635
57.440	R2	2.472	2.515	4.706	2.549	2.672	2.388	2.428	4.932	2.575	2.636
57.480	R2	2.423	2.423	5.261	2.696	2.806	2.389	2.429	4.915	2.595	2.633
57.520	R2	2.131	2.131	4.712	2.518	2.863	2.374	2.414	4.949	2.596	2.629
57.560	R2	2.418	2.418	4.663	2.502	2.616	2.378	2.431	4.948	2.593	2.622
57.600	R2	2.409	2.409	5.095	2.548	2.424	2.377	2.427	4.974	2.593	2.621
57.640	R2	2.455	2.663	4.868	2.455	2.611	2.373	2.424	4.992	2.589	2.624
57.680	R2	2.314	2.314	5.162	3.026	2.642	2.371	2.416	4.987	2.583	2.629
57.720	R2	2.505	2.643	5.309	2.518	2.594	2.361	2.399	5.015	2.598	2.652
57.760	R2	2.289	2.289	5.043	2.589	2.715	2.351	2.386	5.015	2.598	2.642
57.800	R2	2.372	2.372	5.142	2.466	2.777	2.355	2.389	5.030	2.592	2.638
57.840	R2	2.413	2.413	5.007	2.881	2.507	2.347	2.381	5.026	2.610	2.639
57.880	R2	2.062	2.062	5.162	2.491	2.387	2.344	2.383	5.049	2.614	2.630
57.920	R2	2.478	2.734	4.959	2.546	2.692	2.338	2.377	5.039	2.598	2.626
57.960	R2	2.448	2.490	5.531	2.621	2.653	2.352	2.394	5.077	2.597	2.626
58.000	R2	2.226	2.226	5.116	2.552	2.609	2.355	2.410	5.075	2.600	2.631
58.040	R2	2.385	2.385	4.729	2.496	2.627	2.346	2.401	5.055	2.603	2.635
58.080	R2	2.162	2.162	5.107	2.853	2.814	2.336	2.397	5.062	2.610	2.638
58.120	R2	2.246	2.246	5.062	2.455	2.508	2.311	2.372	5.080	2.575	2.636
58.160	R2	2.514	2.514	4.924	2.543	2.637	2.275	2.329	5.074	2.572	2.644
58.200	R2	2.219	2.219	4.959	2.892	2.622	2.281	2.343	5.075	2.576	2.641
58.240	R2	2.421	2.547	5.164	2.624	2.500	2.277	2.358	5.070	2.585	2.626
58.280	R2	2.303	2.303	5.076	2.386	2.715	2.270	2.351	5.063	2.563	2.626
58.320	R2	2.408	2.474	5.472	2.503	2.864	2.290	2.373	5.052	2.568	2.642
58.360	R2	2.462	2.737	4.622	2.558	2.715	2.288	2.374	5.065	2.562	2.648
58.400	R2	2.235	2.235	4.686	2.607	2.521	2.282	2.375	5.043	2.555	2.638
58.440	R2	2.262	2.579	5.003	2.587	2.653	2.288	2.401	5.070	2.545	2.629
58.480	R2	1.815	1.815	5.522	2.334	2.607	2.287	2.401	5.071	2.542	2.632
58.520	R2	1.772	1.772	5.203	2.464	2.750	2.295	2.410	5.075	2.518	2.615
58.560	R2	2.411	2.570	5.052	2.652	2.658	2.305	2.425	5.078	2.518	2.628
58.600	R2	2.305	2.669	5.047	2.647	2.487	2.303	2.425	5.069	2.519	2.625
58.640	R2	2.272	2.272	4.871	2.452	2.499	2.309	2.436	5.098	2.500	2.620
58.680	R2	2.457	2.501	4.935	2.592	2.699	2.309	2.435	5.111	2.514	2.630
58.720	R2	2.431	2.759	5.219	2.431	2.829	2.311	2.438	5.109	2.521	2.628
58.760	R2	2.332	2.516	5.100	2.475	2.453	2.312	2.435	5.089	2.518	2.613
58.800	R2	2.356	2.749	5.655	2.356	2.417	2.306	2.425	5.143	2.513	2.608
58.840	R2	2.349	2.391	4.734	2.421	2.688	2.318	2.437	5.188	2.506	2.614
58.880	R2	2.338	2.338	5.186	2.390	2.468	2.322	2.436	5.188	2.504	2.618
58.920	R2	2.439	2.540	5.138	2.439	2.768	2.351	2.465	5.179	2.507	2.635
58.960	R2	2.472	2.507	4.744	2.569	2.593	2.370	2.484	5.185	2.508	2.626
59.000	R2	2.349	2.437	5.524	2.520	2.521	2.377	2.483	5.188	2.507	2.632
59.040	R2	2.406	2.536	5.434	2.898	2.700	2.387	2.484	5.202	2.511	2.635
59.080	R2	2.356	2.356	5.040	2.526	2.678	2.395	2.497	5.214	2.518	2.653
59.120	R2	2.421	2.421	5.067	2.442	2.548	2.394	2.498	5.229	2.526	2.640
59.160	R2	2.348	2.535	5.706	2.454	2.624	2.396	2.484	5.228	2.528	2.635
59.200	R2	2.474	2.474	5.580	2.481	2.635	2.393	2.472	5.227	2.531	2.638
59.240	R2	2.339	2.557	5.008	2.530	2.743	2.389	2.448	5.190	2.543	2.651
59.280	R2	2.400	2.408	5.343	2.400	2.940	2.391	2.454	5.232	2.545	2.647
59.320	R2	2.149	2.149	5.316	2.494	2.577	2.392	2.465	5.221	2.544	2.651
59.360	R2	2.549	2.549	5.114	2.621	2.775	2.370	2.437	5.226	2.549	2.645
59.400	R2	2.503	2.684	5.330	2.737	2.538	2.366	2.448	5.252	2.554	2.648
59.440	R2	2.432	2.532	5.112	2.586	2.871	2.366	2.467	5.244	2.545	2.646
59.480	R2	2.439	2.514	5.221	2.755	2.439	2.363	2.457	5.241	2.529	2.637
59.520	R2	2.472	2.490	5.203	2.472	2.734	2.364	2.477	5.243	2.535	2.622
59.560	R2	2.274	2.274	5.090	2.520	2.507	2.363	2.477	5.242	2.553	2.635
59.600	R2	2.273	2.273	4.899	2.606	2.668	2.370	2.474	5.216	2.557	2.637
59.640	R2	2.381	2.500	5.579	2.460	2.608	2.366	2.480	5.198	2.554	2.636
59.680	R2	2.361	2.556	4.965	2.361	2.543	2.369	2.476	5.215	2.563	2.618
59.720	R2	1.995	1.995	5.250	2.540	2.664	2.363	2.469	5.217	2.572	2.611
59.760	R2	2.399	2.722	5.265	2.667	2.643	2.372	2.478	5.212	2.582	2.610
59.800	R2	2.340	2.811	5.352	2.340	2.480	2.365	2.473	5.206	2.572	2.610
59.840	R2	2.344	2.344	5.389	2.590	2.518	2.356	2.457	5.184	2.551	2.621
59.880	R2	2.384	2.762	5.072	2.639	2.384	2.361	2.460	5.187	2.551	2.616
59.920	R2	2.409	2.409	5.036	2.799	2.818	2.341	2.436	5.168	2.531	2.617
59.960	R2	2.473	2.473	5.196	2.535	2.655	2.338	2.434	5.167	2.529	2.616
60.000	R2	2.405	2.606	5.228	2.429	2.607	2.321	2.417	5.165	2.534	2.623
60.040	R2	2.390	2.460	5.343	2.712	2.390	2.323	2.419	5.188	2.535	2.619
60.080	R2	2.286	2.286	5.378	2.572	2.798	2.302	2.393	5.194	2.541	2.625
60.120	R2	2.322	2.322	5.221	2.697	2.559	2.305	2.386	5.201	2.562	2.630
60.160	R2	2.422	2.457	4.993	2.422	2.770	2.325	2.406	5.193	2.566	2.634
60.200	R2	2.324	2.363	4.891	2.324	2.761	2.327	2.391	5.184	2.561	2.634
60.240	R2	2.535	2.584	5.172	2.586	2.780	2.331	2.387	5.197	2.579	2.631
60.280	R2	2.035	2.035	4.831	2.348	2.456	2.333	2.396	5.191	2.579	2.630
60.320	R2	2.409	2.458	5.200	2.428	2.704	2.333	2.382	5.179	2.574	2.636
60.360	R2	1.932	1.932	5.037	2.629	2.655	2.338	2.396	5.209	2.559	2.631
60.400	R2	2.310	2.310	5.365	2.619	2.580	2.329	2.400	5.213	2.556	2.628
60.440	R2	1.968	1.968	5.697	2.583	2.740	2.330	2.391	5.220	2.561	2.628
60.480	R2	2.416	2.416	5.114	2.777	2.635	2.331	2.388	5.208	2.557	2.631
60.520	R2	2.402	2.402	5.086	2.618	2.758	2.337	2.398	5.182	2.552	2.628
60.560	R2	2.429	2.429	5.077	2.563	2.635	2.341	2.402	5.185	2.549	2.640
60.600	R2	2.426	2.732	5.624	2.709	2.426	2.334	2.393	5.196	2.555	2.641
60.640	R2	2.391	2.512	5.267	2.583	2.487	2.336	2.393	5.208	2.565	2.635
60.680	R2	2.380	2.488	4.831	2.545	2.510	2.332	2.395	5.185	2.560	2.632
60.720	R2	2.499	2.682	5.629	2.499	2.720	2.350	2.420	5.216	2.576	2.637
60.760	R2	2.308	2.557	5.269	2.468	2.587	2.349	2.425	5.210	2.578	2.634
60.800	R2	2.422	2.422	5.379	2.541	2.603	2.349	2.426	5.217	2.577	2.642
60.840	R2	2.407	2.411	5.102	2.627	2.464	2.349	2.425	5.215	2.570	2.640
60.880	R2	2.408	2.479	4.848	2.481	2.735	2.368	2.445	5.187	2.569	2.640
60.920	R2	2.395	2.395	5.287	2.623	2.788	2.365	2.443	5.179	2.573	2.642
60.960	R2	2.281	2.281	5.209	2.548	2.805	2.364	2.442	5.194	2.568	2.645
61.000	R2	2.366	2.366	5.134	2.524	2.626	2.364	2.445	5.195	2.576	2.646
61.040	R2	2.448	2.632	4.722	2.487	2.733	2.358	2.424	5.180	2.569	2.667
61.080	R2	2.396	2.519	5.439	2.671	2.551	2.361	2.421	5.166	2.565	2.665
61.120	R2	2.386	2.560	5.092	2.461	2.639	2.361	2.416	5.171	2.570	2.668
61.160	R2	1.948	1.948	5.162	2.623	2.827	2.362	2.411	5.152	2.576	2.667
61.200	R2	2.308	2.308	5.332	2.470	2.526	2.368	2.412	5.145	2.574	2.667
61.240	R2	2.338	2.365	5.133	2.561	2.745	2.364	2.415	5.143	2.577	2.655
61.280	R2	2.369	2.369	4.965	2.854	2.683	2.361	2.420	5.146	2.569	2.659
61.320	R2	2.383	2.383	5.373	2.516	2.811	2.363	2.421	5.154	2.593	2.650
61.360	R2	2.422	2.484	5.094	2.729	2.659	2.359	2.417	5.139	2.606	2.646
61.400	R2	2.310	2.310	5.341	2.574	2.842	2.357	2.426	5.129	2.613	2.636
61.440	R2	2.439	2.465	4.970	2.499	2.448	2.366	2.434	5.135	2.614	2.641
61.480	R2	2.383	2.383	4.944	2.655	2.565	2.340	2.399	5.165	2.615	2.634
61.520	R2	2.522	2.590	5.237	2.614	2.705	2.321	2.374	5.163	2.613	2.636
61.560	R2	2.424	2.564	5.136	2.431	2.595	2.309	2.353	5.187	2.620	2.637
61.600	R2	2.355	2.481	5.339	2.592	2.361	2.326	2.370	5.185	2.625	2.626
61.640	R2	2.344	2.514	5.161	2.467	2.535	2.330	2.379	5.183	2.623	2.632
61.680	R2	2.441	2.510	5.009	2.961	2.563	2.338	2.388	5.197	2.625	2.622
61.720	R2	2.314	2.314	4.981	2.882	2.705	2.345	2.395	5.208	2.610	2.618
61.760	R2	2.251	2.446	5.013	2.691	2.601	2.349	2.407	5.217	2.614	2.611
61.800	R2	2.535	2.535	5.265	2.538	2.725	2.349	2.416	5.228	2.607	2.618
61.840	R2	1.935	1.935	5.310	2.515	2.593	2.354	2.427	5.211	2.607	2.608
61.880	R2	2.020	2.020	5.406	2.628	2.600	2.352	2.433	5.220	2.602	2.620
61.920	R2	2.135	2.135	5.577	2.603	2.657	2.337	2.418	5.236	2.601	2.624
61.960	R2	2.295	2.295	5.111	2.721	2.600	2.312	2.390	5.236	2.591	2.614
62.000	R2	2.384	2.483	5.288	2.434	2.644	2.312	2.396	5.245	2.590	2.608
62.040	R2	2.494	2.535	5.421	2.594	2.548	2.311	2.388	5.250	2.594	2.608
62.080	R2	2.519	2.519	5.179	2.547	2.597	2.306	2.375	5.265	2.600	2.601
62.120	R2	2.451	2.614	5.546	2.610	2.671	2.304	2.370	5.270	2.579	2.603
62.160	R2	2.425	2.672	5.333	2.584	2.796	2.311	2.380	5.269	2.569	2.601
62.200	R2	2.410	2.532	4.990	2.566	2.651	2.311	2.370	5.271	2.563	2.609
62.240	R2	2.406	2.589	5.153	2.406	2.689	2.304	2.363	5.217	2.568	2.604
62.280	R2	2.073	2.073	5.267	2.641	2.652	2.303	2.362	5.215	2.574	2.605
62.320	R2	2.037	2.037	5.226	2.400	2.501	2.321	2.382	5.214	2.562	2.599
62.360	R2	2.426	2.678	5.322	2.426	2.477	2.333	2.394	5.215	2.557	2.596
62.400	R2	2.326	2.326	5.445	2.661	2.350	2.334	2.395	5.213	2.546	2.588
62.440	R2	2.244	2.244	5.454	2.586	2.394	2.329	2.399	5.221	2.548	2.591
62.480	R2	2.411	2.411	5.107	2.545	2.618	2.324	2.398	5.212	2.558	2.584
62.520	R2	2.438	2.511	4.957	2.679	2.659	2.323	2.396	5.222	2.564	2.580
62.560	R2	2.263	2.263	5.063	2.582	2.764	2.321	2.387	5.210	2.561	2.574
62.600	R2	2.382	2.382	4.177	2.627	2.610	2.324	2.386	5.196	2.556	2.572
62.640	R2	1.919	1.919	5.271	2.645	2.614	2.317	2.387	5.207	2.562	2.574
62.680	R2	2.376	2.418	5.391	2.376	2.490	2.307	2.368	5.216	2.572	2.584
62.720	R2	2.374	2.374	5.606	2.506	2.585	2.319	2.390	5.226	2.564	2.587
62.760	R2	2.315	2.315	5.060	2.515	2.445	2.337	2.413	5.231	2.578	2.587
62.800	R2	2.286	2.571	5.444	2.462	2.715	2.334	2.405	5.223	2.591	2.599
62.840	R2	2.407	2.510	5.245	2.797	2.407	2.339	2.411	5.207	2.583	2.612
62.880	R2	2.487	2.487	5.385	2.656	2.511	2.350	2.425	5.174	2.582	2.629
62.920	R2	2.419	2.419	5.296	2.556	2.549	2.348	2.425	5.184	2.580	2.638
62.960	R2	2.481	2.651	5.059	2.481	2.768	2.347	2.428	5.196	2.570	2.625
63.000	R2	2.275	2.568	5.208	2.693	2.680	2.354	2.441	5.175	2.572	2.617
63.040	R2	2.208	2.208	5.332	2.613	2.889	2.338	2.425	5.231	2.578	2.617
63.080	R2	2.308	2.499	5.468	2.464	2.709	2.346	2.434	5.217	2.579	2.613
63.120	R2	2.398	2.508	5.334	2.683	2.516	2.353	2.440	5.225	2.590	2.615
63.160	R2	2.357	2.518	5.163	2.699	2.709	2.352	2.444	5.205	2.584	2.616
63.200	R2	2.425	2.439	5.121	2.498	2.611	2.361	2.463	5.222	2.582	2.620
63.240	R2	2.465	2.518	4.794	2.557	2.721	2.362	2.449	5.217	2.594	2.629
63.280	R2	2.387	2.423	5.302	2.502	2.807	2.347	2.428	5.201	2.582	2.633
63.320	R2	2.403	2.559	5.201	2.482	2.403	2.344	2.432	5.198	2.577	2.643
63.360	R2	2.405	2.537	4.639	2.617	2.594	2.343	2.431	5.184	2.570	2.656
63.400	R2	2.064	2.064	5.297	2.749	2.625	2.338	2.426	5.174	2.578	2.652
63.440	R2	2.084	2.084	4.994	2.672	2.517	2.340	2.413	5.180	2.580	2.648
63.480	R2	2.505	2.537	5.548	2.598	2.547	2.348	2.427	5.168	2.579	2.627
63.520	R2	2.372	2.462	5.221	2.379	2.588	2.339	2.408	5.150	2.586	2.631
63.560	R2	2.487	2.687	5.391	2.487	2.524	2.336	2.411	5.146	2.583	2.632
63.600	R2	2.310	2.310	5.334	2.691	2.894	2.339	2.414	5.129	2.574	2.633
63.640	R2	2.090	2.090	4.938	2.554	2.506	2.323	2.398	5.151	2.580	2.637
63.680	R2	2.446	2.559	5.317	2.571	2.700	2.320	2.393	5.171	2.586	2.646
63.720	R2	2.392	2.392	5.023	2.404	2.803	2.321	2.418	5.165	2.591	2.641
63.760	R2	2.379	2.549	4.864	2.652	2.700	2.296	2.385	5.166	2.599	2.655
63.800	R2	2.321	2.321	5.326	2.725	2.591	2.291	2.376	5.201	2.599	2.651
63.840	R2	2.354	2.481	5.079	2.590	2.484	2.309	2.395	5.194	2.595	2.655
63.880	R2	2.128	2.128	5.126	2.602	2.775	2.319	2.404	5.191	2.594	2.656
63.920	R2	2.355	2.556	5.240	2.639	2.531	2.299	2.383	5.189	2.584	2.664
63.960	R2	2.404	2.587	4.820	2.509	2.738	2.302	2.382	5.186	2.589	2.671
64.000	R2	2.118	2.118	5.574	2.623	2.701	2.302	2.372	5.181	2.591	2.678
64.040	R2	2.405	2.424	5.197	2.668	2.893	2.306	2.376	5.180	2.586	2.667
64.080	R2	2.401	2.916	5.170	2.608	2.711	2.320	2.393	5.191	2.586	2.672
64.120	R2	1.899	1.899	5.231	2.645	2.682	2.321	2.389	5.193	2.592	2.666
64.160	R2	2.318	2.356	5.336	2.616	2.514	2.318	2.387	5.190	2.589	2.656
64.200	R2	2.417	2.437	5.158	2.658	2.701	2.315	2.376	5.175	2.583	2.648
64.240	R2	2.272	2.272	4.937	2.666	2.542	2.300	2.360	5.160	2.569	2.645
64.280	R2	2.114	2.114	5.502	2.401	2.712	2.301	2.360	5.158	2.579	2.648
64.320	R2	2.438	2.438	5.163	2.479	2.720	2.320	2.380	5.174	2.586	2.640
64.360	R2	2.484	2.504	5.283	2.526	2.664	2.321	2.373	5.161	2.578	2.644
64.400	R2	2.385	2.385	5.324	2.590	2.674	2.296	2.340	5.154	2.583	2.633
64.440	R2	2.382	2.421	5.149	2.557	2.611	2.307	2.354	5.121	2.577	2.626
64.480	R2	2.465	2.474	5.355	2.686	2.570	2.293	2.340	5.097	2.571	2.605
64.520	R2	2.332	2.371	4.976	2.332	2.601	2.303	2.324	5.095	2.571	2.606
64.560	R2	2.312	2.312	4.559	2.542	2.546	2.324	2.345	5.057	2.557	2.598
64.600	R2	2.016	2.016	5.017	2.452	2.520	2.327	2.346	5.032	2.546	2.597
64.640	R2	2.369	2.463	5.039	2.784	2.554	2.313	2.331	5.006	2.538	2.583
64.680	R2	2.509	2.528	5.456	2.739	2.609	2.314	2.339	5.001	2.519	2.590
64.720	R2	2.376	2.427	4.976	2.488	2.620	2.326	2.351	4.972	2.527	2.590
64.760	R2	1.919	1.919	4.674	2.609	2.519	2.323	2.348	4.950	2.528	2.581
64.800	R2	2.320	2.412	4.926	2.484	2.560	2.322	2.349	4.933	2.529	2.578
64.840	R2	2.127	2.127	4.705	2.555	2.472	2.321	2.358	4.930	2.523	2.571
64.880	R2	2.604	2.604	5.131	2.606	2.733	2.323	2.360	4.908	2.517	2.576
64.920	R2	2.320	2.320	4.477	2.368	2.522	2.324	2.361	4.866	2.513	2.583
64.960	R2	2.383	2.383	4.840	2.398	2.495	2.318	2.353	4.860	2.535	2.581
65.000	R2	2.125	2.125	4.628	2.490	2.421	2.323	2.361	4.874	2.529	2.590
65.040	R2	2.294	2.437	4.836	2.294	2.683	2.345	2.387	4.873	2.536	2.595
65.080	R2	2.359	2.359	4.930	2.565	2.708	2.351	2.389	4.874	2.524	2.597
65.120	R2	2.378	2.378	4.711	2.503	2.532	2.341	2.382	4.847	2.509	2.597
65.160	R2	2.461	2.514	4.955	2.538	2.613	2.340	2.387	4.833	2.511	2.594
65.200	R2	2.359	2.565	5.265	2.476	2.527	2.364	2.416	4.861	2.505	2.605
65.240	R2	2.433	2.468	4.706	2.433	2.720	2.371	2.424	4.881	2.503	2.607
65.280	R2	2.491	2.491	4.507	2.612	2.699	2.385	2.449	4.880	2.500	2.607
65.320	R2	2.204	2.204	4.859	2.768	2.570	2.371	2.445	4.857	2.496	2.609
65.360	R2	2.410	2.482	4.850	2.410	2.724	2.380	2.461	4.891	2.509	2.617
65.400	R2	2.450	2.536	4.983	2.591	2.616	2.383	2.465	4.891	2.524	2.630
65.440	R2	2.508	2.508	5.060	2.550	2.589	2.395	2.476	4.907	2.529	2.635
65.480	R2	2.293	2.374	4.919	2.432	2.615	2.400	2.477	4.922	2.544	2.638
65.520	R2	2.361	2.522	4.698	2.529	2.569	2.400	2.476	4.919	2.549	2.634
65.560	R2	2.402	2.505	5.229	2.497	2.735	2.381	2.457	4.930	2.545	2.642
65.600	R2	2.450	2.576	5.342	2.450	2.606	2.374	2.448	4.920	2.545	2.636
65.640	R2	2.406	2.628	4.683	2.481	2.453	2.369	2.433	4.905	2.554	2.634
65.680	R2	2.335	2.526	4.655	2.542	2.775	2.354	2.416	4.923	2.555	2.623
65.720	R2	2.500	2.643	5.171	2.629	2.681	2.345	2.413	4.929	2.541	2.614
65.760	R2	2.450	2.450	4.833	2.695	2.758	2.345	2.413	4.921	2.529	2.615
65.800	R2	2.358	2.358	4.954	2.585	2.523	2.331	2.396	4.942	2.539	2.600
65.840	R2	2.397	2.446	5.138	2.604	2.755	2.314	2.374	4.936	2.546	2.592
65.880	R2	2.349	2.349	4.856	2.653	2.612	2.290	2.350	4.911	2.547	2.589
65.920	R2	1.999	1.999	4.939	2.419	2.703	2.290	2.346	4.922	2.560	2.600
65.960	R2	2.326	2.326	4.763	2.547	2.485	2.276	2.324	4.969	2.551	2.593
66.000	R2	2.265	2.265	4.946	2.648	2.497	2.274	2.325	4.927	2.545	2.585
66.040	R2	2.133	2.133	5.074	2.452	2.505	2.254	2.298	4.918	2.549	2.590
66.080	R2	2.307	2.435	4.621	2.344	2.518	2.249	2.284	4.934	2.556	2.601
66.120	R2	2.200	2.200	4.710	2.513	2.581	2.232	2.257	4.964	2.564	2.581
66.160	R2	2.131	2.131	5.260	2.613	2.428	2.229	2.247	4.962	2.560	2.575
66.200	R2	2.111	2.111	4.864	2.732	2.445	2.201	2.219	4.984	2.551	2.564
66.240	R2	2.027	2.027	4.570	2.578	2.529	2.204	2.222	4.997	2.546	2.569
66.280	R2	2.284	2.284	5.142	2.684	2.850	2.181	2.197	4.980	2.540	2.556
66.320	R2	2.077	2.077	5.623	2.363	2.415	2.187	2.202	4.987	2.536	2.555
66.360	R2	2.372	2.526	4.403	2.372	2.589	2.213	2.230	4.997	2.544	2.547
66.400	R2	2.053	2.053	5.148	2.536	2.703	2.223	2.240	5.009	2.549	2.564
66.440	R2	2.304	2.334	5.014	2.618	2.669	2.225	2.252	5.018	2.537	2.576
66.480	R2	1.989	1.989	5.248	2.702	2.378	2.238	2.266	5.022	2.539	2.591
66.520	R2	2.443	2.443	5.133	2.536	2.548	2.215	2.237	5.033	2.552	2.594
66.560	R2	1.892	1.892	5.279	2.525	2.553	2.193	2.215	5.059	2.548	2.600
66.600	R2	2.412	2.412	5.207	2.478	2.622	2.196	2.218	5.052	2.546	2.604
66.640	R2	1.952	1.952	4.806	2.495	2.488	2.213	2.237	5.051	2.545	2.615
66.680	R2	2.454	2.454	4.992	2.575	2.592	2.231	2.261	5.076	2.535	2.628
66.720	R2	2.520	2.551	5.135	2.570	2.548	2.230	2.260	5.072	2.528	2.618
66.760	R2	2.527	2.527	5.008	2.643	2.815	2.245	2.281	5.042	2.535	2.627
66.800	R2	2.307	2.504	5.124	2.414	2.737	2.246	2.276	5.102	2.538	2.627
66.840	R2	2.402	2.425	5.155	2.489	2.818	2.243	2.273	5.093	2.537	2.615
66.880	R2	1.842	1.842	4.845	2.605	2.578	2.242	2.288	5.114	2.534	2.614
66.920	R2	1.765	1.765	5.232	2.428	2.697	2.267	2.320	5.099	2.523	2.632
66.960	R2	2.193	2.193	5.115	2.575	2.507	2.266	2.319	5.110	2.531	2.636
67.000	R2	2.447	2.495	4.838	2.706	2.664	2.292	2.352	5.099	2.537	2.633
67.040	R2	2.382	2.500	5.071	2.382	2.784	2.288	2.354	5.065	2.540	2.636
67.080	R2	2.269	2.269	5.070	2.544	2.662	2.302	2.367	5.066	2.537	2.645
67.120	R2	2.367	2.490	5.013	2.501	2.595	2.297	2.363	5.057	2.532	2.656
67.160	R2	2.407	2.435	5.613	2.435	2.591	2.285	2.349	5.063	2.526	2.663
67.200	R2	1.992	1.992	4.966	2.527	2.453	2.280	2.353	5.058	2.517	2.645
67.240	R2	2.283	2.624	5.428	2.545	2.653	2.278	2.341	5.052	2.518	2.638
67.280	R2	2.479	2.627	4.954	2.479	2.723	2.263	2.325	5.040	2.518	2.618
67.320	R2	2.428	2.440	5.340	2.697	2.645	2.266	2.328	5.048	2.514	2.620
67.360	R2	2.419	2.548	5.069	2.661	2.492	2.294	2.368	5.035	2.519	2.620
67.400	R2	2.334	2.453	4.532	2.537	2.675	2.308	2.386	5.025	2.531	2.618
67.440	R2	2.214	2.214	4.828	2.422	2.670	2.276	2.353	5.025	2.526	2.620
67.480	R2	2.370	2.372	4.795	2.478	2.812	2.281	2.355	5.007	2.543	2.624
67.520	R2	2.266	2.266	5.255	2.449	2.693	2.290	2.367	4.996	2.543	2.616
67.560	R2	2.423	2.606	4.915	2.474	2.457	2.295	2.366	4.989	2.547	2.622
67.600	R2	2.269	2.269	5.013	2.419	2.585	2.288	2.370	4.955	2.550	2.625
67.640	R2	2.104	2.104	4.897	2.501	2.415	2.302	2.396	4.962	2.536	2.640
67.680	R2	1.906	1.906	5.016	2.514	2.615	2.305	2.382	4.942	2.539	2.649
67.720	R2	2.320	2.560	4.977	2.537	2.711	2.301	2.390	4.931	2.544	2.639
67.760	R2	2.472	2.554	4.916	2.809	2.472	2.299	2.404	4.933	2.530	2.631
67.800	R2	1.822	1.822	4.820	2.600	2.690	2.296	2.394	4.935	2.517	2.639
67.840	R2	2.465	2.552	4.719	2.729	2.869	2.297	2.394	4.950	2.525	2.632
67.880	R2	2.457	2.498	4.852	2.539	2.507	2.307	2.412	4.949	2.530	2.630
67.920	R2	2.458	2.478	4.874	2.581	2.704	2.310	2.415	4.949	2.528	2.624
67.960	R2	2.287	2.507	4.925	2.497	2.662	2.311	2.415	4.940	2.523	2.613
68.000	R2	2.260	2.513	5.110	2.260	2.754	2.310	2.409	4.934	2.529	2.616
68.040	R2	2.355	2.355	5.040	2.599	2.828	2.315	2.417	4.952	2.538	2.626
68.080	R2	2.380	2.786	4.733	2.585	2.531	2.303	2.405	4.968	2.533	2.629
68.120	R2	2.406	2.712	5.364	2.406	2.468	2.328	2.433	4.975	2.541	2.625
68.160	R2	2.352	2.355	5.111	2.399	2.666	2.326	2.418	4.982	2.547	2.615
68.200	R2	2.354	2.442	4.828	2.699	2.527	2.299	2.387	4.990	2.541	2.627
68.240	R2	2.419	2.574	4.825	2.517	2.633	2.330	2.419	5.007	2.533	2.621
68.280	R2	2.434	2.434	4.779	2.454	2.703	2.305	2.390	5.029	2.523	2.604
68.320	R2	2.281	2.281	5.074	2.336	2.456	2.304	2.387	5.026	2.535	2.618
68.360	R2	2.404	2.473	4.807	2.601	2.516	2.293	2.375	5.035	2.525	2.602
68.400	R2	2.364	2.437	5.365	2.588	2.790	2.285	2.356	5.038	2.529	2.602
68.440	R2	1.868	1.868	5.219	2.414	2.484	2.295	2.365	5.072	2.544	2.596
68.480	R2	2.412	2.450	5.165	2.677	2.528	2.297	2.375	5.080	2.534	2.587
68.520	R2	2.262	2.262	5.116	2.659	2.515	2.294	2.363	5.123	2.537	2.586
68.560	R2	1.949	1.949	5.067	2.677	2.710	2.292	2.350	5.135	2.560	2.599
68.600	R2	2.432	2.455	5.165	2.443	2.574	2.281	2.339	5.139	2.570	2.594
68.640	R2	1.976	1.976	5.150	2.526	2.528	2.281	2.337	5.154	2.561	2.591
68.680	R2	2.434	2.439	4.797	2.792	2.783	2.257	2.305	5.158	2.568	2.594
68.720	R2	2.236	2.236	5.058	2.374	2.384	2.257	2.319	5.165	2.567	2.594
68.760	R2	2.116	2.116	4.985	2.567	2.661	2.264	2.332	5.159	2.577	2.612
68.800	R2	2.474	2.693	5.799	2.571	2.646	2.260	2.330	5.157	2.585	2.610
68.840	R2	2.398	2.569	5.194	2.398	2.643	2.250	2.327	5.138	2.593	2.593
68.880	R2	2.319	2.532	5.589	2.639	2.510	2.276	2.361	5.143	2.598	2.593
68.920	R2	2.349	2.464	5.603	2.863	2.723	2.274	2.357	5.141	2.590	2.593
68.960	R2	2.134	2.134	5.204	2.601	2.566	2.271	2.354	5.171	2.581	2.598
69.000	R2	2.351	2.396	5.125	2.531	2.468	2.285	2.368	5.177	2.574	2.597
69.040	R2	1.944	1.944	4.908	2.639	2.683	2.270	2.352	5.179	2.586	2.602
69.080	R2	2.438	2.701	4.919	2.438	2.708	2.269	2.351	5.181	2.594	2.613
69.120	R2	2.415	2.550	4.955	2.551	2.817	2.268	2.364	5.208	2.593	2.609
69.160	R2	2.323	2.421	4.751	2.747	2.484	2.278	2.384	5.220	2.606	2.623
69.200	R2	2.177	2.376	4.988	2.750	2.451	2.288	2.394	5.228	2.610	2.621
69.240	R2	2.374	2.551	5.327	2.525	2.477	2.287	2.387	5.192	2.604	2.615
69.280	R2	2.380	2.380	5.119	2.516	2.527	2.289	2.385	5.188	2.612	2.610
69.320	R2	2.206	2.206	5.728	2.468	2.620	2.286	2.379	5.151	2.606	2.607
69.360	R2	2.217	2.217	5.182	2.532	2.690	2.282	2.376	5.117	2.576	2.596
69.400	R2	2.141	2.141	5.197	2.689	2.673	2.278	2.373	5.094	2.577	2.598
69.440	R2	1.946	1.946	5.192	2.684	2.745	2.280	2.383	5.157	2.570	2.605
69.480	R2	2.424	2.705	5.339	2.770	2.696	2.274	2.377	5.147	2.560	2.610
69.520	R2	2.441	2.643	5.298	2.648	2.669	2.263	2.353	5.160	2.554	2.606
69.560	R2	2.306	2.306	5.151	2.632	2.619	2.248	2.331	5.155	2.563	2.589
69.600	R2	2.451	2.558	5.071	2.455	2.538	2.254	2.332	5.165	2.550	2.590
69.640	R2	2.435	2.526	5.106	2.561	2.535	2.258	2.330	5.174	2.539	2.598
69.680	R2	2.268	2.411	4.858	2.520	2.443	2.251	2.317	5.165	2.540	2.604
69.720	R2	2.273	2.417	4.928	2.273	2.506	2.244	2.314	5.168	2.542	2.609
69.760	R2	2.055	2.055	4.739	2.607	2.607	2.246	2.320	5.133	2.546	2.608
69.800	R2	2.392	2.612	6.378	2.392	2.621	2.248	2.327	5.130	2.547	2.603
69.840	R2	1.823	1.823	4.720	2.432	2.782	2.256	2.341	5.125	2.537	2.598
69.880	R2	2.206	2.206	5.170	2.331	2.612	2.279	2.371	5.120	2.526	2.586
69.920	R2	2.119	2.119	4.849	2.719	2.493	2.267	2.343	5.102	2.505	2.577
69.960	R2	2.440	2.440	4.953	2.493	2.501	2.252	2.316	5.084	2.492	2.569
