Charm++: standalone mode (not using charmrun)
Charm++> Running in Multicore mode: 8 threads (PEs)
Charm++> Using recursive bisection (scheme 3) for topology aware partitions
Converse/Charm++ Commit ID: 
CharmLB> Load balancer assumes all CPUs are same.
Charm++> cpu affinity enabled. 
Charm++> Running on 1 hosts (1 sockets x 12 cores x 1 PUs = 20-way SMP)
Charm++> cpu topology info is gathered in 0.000 seconds.
Info: Built with CUDA version 11080
Pe 1 physical rank 1 will use CUDA device of pe 4
Pe 5 physical rank 5 will use CUDA device of pe 4
Pe 3 physical rank 3 will use CUDA device of pe 4
Pe 7 physical rank 7 will use CUDA device of pe 4
Pe 0 physical rank 0 will use CUDA device of pe 4
Pe 6 physical rank 6 will use CUDA device of pe 4
Pe 2 physical rank 2 will use CUDA device of pe 4
Pe 4 physical rank 4 binding to CUDA device 0 on greedo: 'NVIDIA GeForce RTX 3060'  Mem: 12015MB  Rev: 8.6  PCI: 0:1:0
CharmLB> Load balancing instrumentation for communication is off.
Info: NAMD 3.0.2 for Linux-x86_64-multicore-CUDA
Info: 
Info: Please visit http://www.ks.uiuc.edu/Research/namd/
Info: for updates, documentation, and support information.
Info: 
Info: Please cite Phillips et al., J. Chem. Phys. 153:044130 (2020) doi:10.1063/5.0014475
Info: in all publications reporting results obtained with NAMD.
Info: 
Info: Based on Charm++/Converse 80000 for multicore-linux-x86_64-gcc
Info: Built Wed Aug 27 15:48:11 CDT 2025 by dhardy on athine.ks.uiuc.edu
Info: 1 NAMD  3.0.2  Linux-x86_64-multicore-CUDA  8    greedo  gespinoza
Info: Running on 8 processors, 1 nodes, 1 physical nodes.
Info: CPU topology information available.
Info: Charm++/Converse parallel runtime startup completed at 0.0670392 s
CkLoopLib is used in SMP with simple dynamic scheduling (converse-level notification)
Info: 0 MB of memory in use based on /proc/self/stat
Info: Configuration file is 02_eq_pamam_1_CLK.0.namd
Info: Working in the current directory /mnt/data/Londro/CLK-peptids/1_CLK/namd
TCL: Suspending until startup complete.
Info: EXTENDED SYSTEM FILE   ../output/01_min_1_CLK.0.restart.xsc
Info: Tuning parameters to improve GPU-resident performance
Warning: The Langevin gamma parameters differ over the particles,
Warning: requiring extra work per step to constrain rigid bonds.
Warning: Disabling lonepair support due to incompatability with GPU-resident.
Info: Running with GPU-resident mode
Warning: Always using force tables for GPU nonbonded kernel due to unsupported config parameters.
Info: SIMULATION PARAMETERS:
Info: TIMESTEP               4
Info: NUMBER OF STEPS        5000000
Info: STEPS PER CYCLE        10
Info: PERIODIC CELL BASIS 1  50.463 0 0
Info: PERIODIC CELL BASIS 2  0 54.107 0
Info: PERIODIC CELL BASIS 3  0 0 67.314
Info: PERIODIC CELL CENTER   0 0 0
Info: WRAPPING ALL CLUSTERS AROUND PERIODIC BOUNDARIES ON OUTPUT.
Info: WRAPPING TO IMAGE NEAREST TO PERIODIC CELL CENTER.
Info: LOAD BALANCER  Centralized
Info: LOAD BALANCING STRATEGY  New Load Balancers -- DEFAULT
Info: LDB PERIOD             2000 steps
Info: FIRST LDB TIMESTEP     50
Info: LAST LDB TIMESTEP     -1
Info: LDB BACKGROUND SCALING 1
Info: HOM BACKGROUND SCALING 1
Info: PME BACKGROUND SCALING 1
Info: MIN ATOMS PER PATCH    40
Info: EMPTY PATCH LOAD       40 ATOMS
Info: VELOCITY FILE          ../output/01_min_1_CLK.0.restart.vel
Info: CENTER OF MASS MOVING INITIALLY? YES
Info: DIELECTRIC             1
Info: EXCLUDE                SCALED ONE-FOUR
Info: 1-4 ELECTROSTATICS SCALED BY 1
Info: MODIFIED 1-4 VDW PARAMETERS WILL BE USED
Info: DCD FILENAME           ../output/01_eq_1_CLK.0.dcd
Info: DCD FREQUENCY          10000
Info: DCD FIRST STEP         10000
Info: DCD FILE WILL CONTAIN UNIT CELL DATA
Info: XST FILENAME           ../output/01_eq_1_CLK.0.xst
Info: XST FREQUENCY          10000
Info: NO VELOCITY DCD OUTPUT
Info: NO FORCE DCD OUTPUT
Info: OUTPUT FILENAME        ../output/01_eq_1_CLK.0
Info: BINARY OUTPUT FILES WILL BE USED
Info: RESTART FILENAME       ../output/01_eq_1_CLK.0.restart
Info: RESTART FREQUENCY      10000
Info: BINARY RESTART FILES WILL BE USED
Info: SWITCHING ACTIVE
Info: VDW FORCE SWITCHING ACTIVE
Info: SWITCHING ON           8
Info: SWITCHING OFF          9
Info: PAIRLIST DISTANCE      11
Info: PAIRLIST SHRINK RATE   0.01
Info: PAIRLIST GROW RATE     0.01
Info: PAIRLIST TRIGGER       0.3
Info: PAIRLISTS PER CYCLE    2
Info: PAIRLISTS ENABLED
Info: MARGIN                 4
Info: HYDROGEN GROUP CUTOFF  2.5
Info: PATCH DIMENSION        17.5
Info: ENERGY OUTPUT STEPS    10000
Info: ENERGY EVALUATION STEPS    10000
Info: OUTPUT ENERGY PRECISION 4
Info: CROSSTERM ENERGY INCLUDED IN DIHEDRAL
Info: TIMING OUTPUT STEPS    10000
Info: PRESSURE OUTPUT STEPS  10000
Info: LANGEVIN DYNAMICS ACTIVE
Info: LANGEVIN TEMPERATURE   300
Info: LANGEVIN USING BBK INTEGRATOR
Info: LANGEVIN DAMPING COEFFICIENT IS 1 INVERSE PS
Info: LANGEVIN DYNAMICS NOT APPLIED TO HYDROGENS
Info: LANGEVIN PISTON PRESSURE CONTROL ACTIVE
Info:        TARGET PRESSURE IS 1.01325 BAR
Info:     OSCILLATION PERIOD IS 400 FS
Info:             DECAY TIME IS 300 FS
Info:     PISTON TEMPERATURE IS 300 K
Info:       PRESSURE CONTROL IS GROUP-BASED
Info:    INITIAL STRAIN RATE IS 0 0 0
Info:       CELL FLUCTUATION IS ANISOTROPIC
Info:     SHAPE OF CELL IS CONSTRAINED IN X-Y PLANE
Info: PARTICLE MESH EWALD (PME) ACTIVE
Info: PME TOLERANCE               1e-06
Info: PME EWALD COEFFICIENT       0.348832
Info: PME INTERPOLATION ORDER     4
Info: PME GRID DIMENSIONS         44 48 60
Info: PME MAXIMUM GRID SPACING    1.2
Info: PME CALCULATION WILL BE PERFORMED ON GPU
Info: FULL ELECTROSTATIC EVALUATION FREQUENCY      1
Info: USING VERLET I (r-RESPA) MTS SCHEME.
Info: C1 SPLITTING OF LONG RANGE ELECTROSTATICS
Info: PLACING ATOMS IN PATCHES BY HYDROGEN GROUPS
Info: RIGID BONDS TO HYDROGEN : ALL
Info:         ERROR TOLERANCE : 1e-08
Info:          MAX ITERATIONS : 100
Info: RIGID WATER USING SETTLE ALGORITHM
Info: RANDOM NUMBER SEED     1768659638
Info: USE HYDROGEN BONDS?    NO
Info: COORDINATE PDB         ../build/final-sist-1_CLK_ion.pdb
Info: STRUCTURE FILE         ../build/repart_1_CLK.psf
Info: PARAMETER file: CHARMM format! 
Info: PARAMETERS             ../parameters/par_all36_prot_lipid_water_ions.prm
Info: PARAMETERS             ../parameters/par_all36_prot_lipid_water_ions_hyp.prm
Info: PARAMETERS             ../parameters/par_all36_cgenff.prm
Info: PARAMETERS             ../parameters/par_all36_prot.prm
Info: PARAMETERS             ../parameters/toppar_water_ions_cgenff.str
Info: PARAMETERS             ../parameters/par_interface.prm
Info: PARAMETERS             ../parameters/par_all36_carb.prm
Info: PARAMETERS             ../parameters/par_all36_na.prm
Info: PARAMETERS             ../parameters/par_all36_cgenff_edit_gold.prm
Info: USING ARITHMETIC MEAN TO COMBINE L-J SIGMA PARAMETERS
Info: BINARY COORDINATES     ../output/01_min_1_CLK.0.restart.coor
Info: SKIPPING rtf SECTION IN STREAM FILE

Warning: DUPLICATE BOND ENTRY FOR CG2O7-OG2D5
PREVIOUS VALUES  k=986  x0=1.16
   USING VALUES  k=986  x0=1.17

Warning: DUPLICATE BOND ENTRY FOR CG331-NG2S3
PREVIOUS VALUES  k=261  x0=1.49
   USING VALUES  k=266  x0=1.46

Warning: DUPLICATE DIHEDRAL ENTRY FOR CG2R61-CG2R61-OG301-CG331
PREVIOUS VALUES MULTIPLICITY: 1
  k=1.74  n=2  delta=180
Warning: IDENTICAL PERIODICITY! REPLACING OLD VALUES BY: 
  k=1.58  n=2  delta=180
Warning: DUPLICATE vdW ENTRY FOR CG1T1
PREVIOUS VALUES  sigma=3.33196 epsilon=0.17 sigma14=3.33196 epsilon14=0.17
   USING VALUES  sigma=3.27851 epsilon=0.167 sigma14=3.27851 epsilon14=0.167
Warning: DUPLICATE vdW ENTRY FOR CLGR1
PREVIOUS VALUES  sigma=3.43887 epsilon=0.32 sigma14=3.43887 epsilon14=0.32
   USING VALUES  sigma=3.31414 epsilon=0.23 sigma14=3.31414 epsilon14=0.23
Warning: DUPLICATE vdW ENTRY FOR BRGR1
PREVIOUS VALUES  sigma=3.68832 epsilon=0.42 sigma14=3.68832 epsilon14=0.42
   USING VALUES  sigma=3.52796 epsilon=0.32 sigma14=3.52796 epsilon14=0.32
Warning: DUPLICATE vdW ENTRY FOR IGR1
PREVIOUS VALUES  sigma=3.90214 epsilon=0.55 sigma14=3.90214 epsilon14=0.55
   USING VALUES  sigma=3.99123 epsilon=0.52 sigma14=3.99123 epsilon14=0.52
Info: SUMMARY OF PARAMETERS:
Info: 2648 BONDS
Info: 10579 ANGLES
Info: 37618 DIHEDRAL
Info: 737 IMPROPER
Info: 18 CROSSTERM
Info: 802 VDW
Info: 77 VDW_PAIRS
Info: 0 NBTHOLE_PAIRS
Info: TIME FOR READING PSF FILE: 0.0494582
Info: Reading pdb file ../build/final-sist-1_CLK_ion.pdb
Info: TIME FOR READING PDB FILE: 0.008802
Info: 
Info: ****************************
Info: STRUCTURE SUMMARY:
Info: 15236 ATOMS
Info: 8590 BONDS
Info: 4368 ANGLES
Info: 140 DIHEDRALS
Info: 5 IMPROPERS
Info: 1 CROSSTERMS
Info: 0 EXCLUSIONS
Info: 12835 RIGID BONDS
Info: 32873 DEGREES OF FREEDOM
Info: 6669 HYDROGEN GROUPS
Info: 4 ATOMS IN LARGEST HYDROGEN GROUP
Info: 6669 MIGRATION GROUPS
Info: 4 ATOMS IN LARGEST MIGRATION GROUP
Info: TOTAL MASS = 545280 amu
Info: TOTAL CHARGE = 2.98023e-08 e
Info: MASS DENSITY = 4.92659 g/cm^3
Info: ATOM DENSITY = 0.082897 atoms/A^3
Info: *****************************
Info: Reading from binary file ../output/01_min_1_CLK.0.restart.coor
Info: 
Info: Entering startup at 2.01881 s, 0 MB of memory in use
Info: Startup phase 0 took 4.8846e-05 s, 0 MB of memory in use
Info: ADDED 13098 IMPLICIT EXCLUSIONS
Info: Startup phase 1 took 0.00891141 s, 0 MB of memory in use
Info: NONBONDED TABLE R-SQUARED SPACING: 0.0625
Info: NONBONDED TABLE SIZE: 705 POINTS
Info: INCONSISTENCY IN FAST TABLE ENERGY VS FORCE: 0.000290481 AT 0.251946
Info: INCONSISTENCY IN SCOR TABLE ENERGY VS FORCE: 0.000238233 AT 8.9687
Info: INCONSISTENCY IN VDWA TABLE ENERGY VS FORCE: 0.0040507 AT 0.251946
Info: ABSOLUTE IMPRECISION IN VDWB TABLE ENERGY: 2.06795e-25 AT 8.99653
Info: RELATIVE IMPRECISION IN VDWB TABLE ENERGY: 1.11702e-16 AT 8.99653
Info: INCONSISTENCY IN VDWB TABLE ENERGY VS FORCE: 0.00150189 AT 0.251946
Info: Startup phase 2 took 0.00306764 s, 0 MB of memory in use
Info: Startup phase 3 took 3.4765e-05 s, 0 MB of memory in use
Info: Startup phase 4 took 8.8239e-05 s, 0 MB of memory in use
Info: Startup phase 5 took 2.897e-05 s, 0 MB of memory in use
Info: PATCH GRID IS 2 (PERIODIC) BY 3 (PERIODIC) BY 3 (PERIODIC)
Info: PATCH GRID IS 1-AWAY BY 1-AWAY BY 1-AWAY
Info: Reading from binary file ../output/01_min_1_CLK.0.restart.vel
Info: LARGEST PATCH (17) HAS 1020 ATOMS
Info: TORUS A SIZE 1 USING 0
Info: TORUS B SIZE 1 USING 0
Info: TORUS C SIZE 1 USING 0
Info: TORUS MINIMAL MESH SIZE IS 1 BY 1 BY 1
Info: Placed 100% of base nodes on same physical node as patch
Info: Startup phase 6 took 0.00380957 s, 0 MB of memory in use
Info: Use 3D box decompostion in PME FFT.
Info: PME using 1 x 1 x 1 pencil grid for FFT and reciprocal sum.
Info: Startup phase 7 took 8.04e-05 s, 0 MB of memory in use
Info: Updated CUDA force table with 4096 elements.
Info: Updated CUDA LJ table with 484 x 484 elements.
Info: Startup phase 8 took 0.00214937 s, 0 MB of memory in use
Info: Startup phase 9 took 4.064e-05 s, 0 MB of memory in use
Info: Startup phase 10 took 2.3346e-05 s, 0 MB of memory in use
Info: Startup phase 11 took 0.00219472 s, 0 MB of memory in use
LDB: Central LB being created...
Info: Startup phase 12 took 0.00131932 s, 0 MB of memory in use
Info: CREATING 442 COMPUTE OBJECTS
Info: Found 45 unique exclusion lists needing 108 bytes
Info: useSync: 0 useProxySync: 0
Info: Startup phase 13 took 0.0103448 s, 0 MB of memory in use
Info: Startup phase 14 took 3.7619e-05 s, 0 MB of memory in use
Info: Startup phase 15 took 1.6026e-05 s, 0 MB of memory in use
Info: Finished startup at 2.05101 s, 0 MB of memory in use

PRESSURE: 0 17107.8 -31.293 41.6349 -31.2943 11020.9 143.727 41.6369 143.727 -4690.94
GPRESSURE: 0 17107.4 -29.7434 41.7859 -31.6012 11021.4 144.292 41.669 143.81 -4691.06
ETITLE:      TS           BOND          ANGLE          DIHED          IMPRP               ELECT            VDW       BOUNDARY           MISC        KINETIC               TOTAL           TEMP      POTENTIAL       TOTALAVG        TEMPAVG            PRESSURE      GPRESSURE         VOLUME       PRESSAVG      GPRESSAVG

ENERGY:       0         1.4114         5.4426        17.5117         0.5344         -57866.1802    -84642.5558         0.0000         0.0000         0.0000        -142483.8359         0.0000   -142483.8359   -142483.8359         0.0000           7812.5888      7812.5689    183794.2493      7812.5888      7812.5689

OPENING EXTENDED SYSTEM TRAJECTORY FILE
Info: Initial time: 8 CPUs 0.000979958 s/step 352.668 ns/day 0 MB memory
Info: Initial time: 8 CPUs 0.000925676 s/step 373.349 ns/day 0 MB memory
Info: Initial time: 8 CPUs 0.000936272 s/step 369.124 ns/day 0 MB memory
Info: Benchmark time: 8 CPUs 0.000942492 s/step 366.687 ns/day 0 MB memory
Info: Benchmark time: 8 CPUs 0.000960225 s/step 359.916 ns/day 0 MB memory
Info: Benchmark time: 8 CPUs 0.000940469 s/step 367.476 ns/day 0 MB memory
Info: Benchmark time: 8 CPUs 0.000938128 s/step 368.393 ns/day 0 MB memory
Info: Benchmark time: 8 CPUs 0.000952506 s/step 362.832 ns/day 0 MB memory
Info: Benchmark time: 8 CPUs 0.000953344 s/step 362.513 ns/day 0 MB memory
PRESSURE: 10000 2160.63 176.866 -0.324353 176.867 -1744.82 -533.408 -0.321779 -533.41 -445.905
GPRESSURE: 10000 2170.73 133.703 58.128 272.265 -1721.68 -618.449 4.41752 -468.276 -467.806
PRESSAVG: 10000 9634.22 72.7864 20.6576 72.7864 4638.03 -194.842 20.6576 -194.842 -2568.42
GPRESSAVG: 10000 9639.05 51.9797 49.9569 120.332 4649.86 -237.079 23.0433 -162.233 -2579.43
TIMING: 10000  CPU: 9.14283, 0.000912084/step  Wall: 9.14145, 0.000912068/step, 378.919 ns/days, 1.26423 hours remaining, 0.000000 MB of memory in use.
PERFORMANCE: 10000  averaging 378.919 ns/day, 0.000912068 sec/step with standard deviation 0
ENERGY:   10000        11.0119        30.1787        18.1994         0.5402         -46327.4611    -85917.2117         0.0000         0.0000      9762.4496        -122422.2930       298.8889   -132184.7427   -132453.0644       149.4445            -10.0311        -6.2518    167176.1410      3901.2789      3903.1585

WRITING EXTENDED SYSTEM TO RESTART FILE AT STEP 10000
OPENING COORDINATE DCD FILE
WRITING COORDINATES TO DCD FILE ../output/01_eq_1_CLK.0.dcd AT STEP 10000
WRITING COORDINATES TO RESTART FILE AT STEP 10000
FINISHED WRITING RESTART COORDINATES
The last position output (seq=10000) takes 0.001 seconds, 0.000 MB of memory in use
WRITING VELOCITIES TO RESTART FILE AT STEP 10000
FINISHED WRITING RESTART VELOCITIES
The last velocity output (seq=10000) takes 0.000 seconds, 0.000 MB of memory in use
PRESSURE: 20000 2338.86 30.7542 99.2716 30.7541 -2105.57 -287.526 99.2735 -287.526 -127.913
GPRESSURE: 20000 2302.51 -42.3755 118.04 102.574 -2116.18 -168.166 70.7248 -334.953 -82.7517
PRESSAVG: 20000 7202.44 58.7756 46.8629 58.7756 2390.17 -225.736 46.8629 -225.736 -1754.92
GPRESSAVG: 20000 7193.54 20.528 72.6514 114.413 2394.51 -214.108 38.9371 -219.806 -1747.21
TIMING: 20000  CPU: 18.2492, 0.000910642/step  Wall: 18.2501, 0.000910868/step, 379.419 ns/days, 1.26003 hours remaining, 0.000000 MB of memory in use.
PERFORMANCE: 20000  averaging 379.169 ns/day, 0.000911468 sec/step with standard deviation 8.48533e-07
ENERGY:   20000        15.0366        29.6296        19.2856         2.5000         -46195.3213    -85898.4952         0.0000         0.0000      9736.6593        -122290.7055       298.0993   -132027.3648   -129065.6114       198.9961             35.1261        34.5252    167315.9451      2612.5613      2613.6141

WRITING EXTENDED SYSTEM TO RESTART FILE AT STEP 20000
WRITING COORDINATES TO DCD FILE ../output/01_eq_1_CLK.0.dcd AT STEP 20000
WRITING COORDINATES TO RESTART FILE AT STEP 20000
FINISHED WRITING RESTART COORDINATES
The last position output (seq=20000) takes 0.001 seconds, 0.000 MB of memory in use
WRITING VELOCITIES TO RESTART FILE AT STEP 20000
FINISHED WRITING RESTART VELOCITIES
The last velocity output (seq=20000) takes 0.000 seconds, 0.000 MB of memory in use
PRESSURE: 30000 2650.32 -50.675 145.359 -50.6751 -1668.71 -195.611 145.359 -195.611 62.9663
GPRESSURE: 30000 2611.32 -4.32703 66.9516 0.942174 -1644.17 -226.027 130.942 -221.63 89.4717
PRESSAVG: 30000 6064.41 31.413 71.487 31.413 1375.45 -218.205 71.487 -218.205 -1300.45
GPRESSAVG: 30000 6047.98 14.3142 71.2265 86.045 1384.84 -217.088 61.9384 -220.262 -1288.04
TIMING: 30000  CPU: 27.3859, 0.000913664/step  Wall: 27.3862, 0.000913612/step, 378.279 ns/days, 1.26129 hours remaining, 0.000000 MB of memory in use.
PERFORMANCE: 30000  averaging 378.872 ns/day, 0.000912182 sec/step with standard deviation 1.37591e-06
ENERGY:   30000         8.5152        28.4696        17.8695         0.9648         -46425.6618    -85786.9183         0.0000         0.0000      9726.4523        -122430.3088       297.7868   -132156.7610   -127406.7858       223.6938            348.1902       352.2080    166108.3963      2046.4685      2048.2626

WRITING EXTENDED SYSTEM TO RESTART FILE AT STEP 30000
WRITING COORDINATES TO DCD FILE ../output/01_eq_1_CLK.0.dcd AT STEP 30000
WRITING COORDINATES TO RESTART FILE AT STEP 30000
FINISHED WRITING RESTART COORDINATES
The last position output (seq=30000) takes 0.001 seconds, 0.000 MB of memory in use
WRITING VELOCITIES TO RESTART FILE AT STEP 30000
FINISHED WRITING RESTART VELOCITIES
The last velocity output (seq=30000) takes 0.000 seconds, 0.000 MB of memory in use
PRESSURE: 40000 1518.47 -224.521 -408.752 -224.521 -2614.47 -27.4882 -408.749 -27.4898 -676.702
GPRESSURE: 40000 1531.85 -227.224 -422.64 -231.612 -2624.75 69.5697 -452.652 -91.7405 -682.32
PRESSAVG: 40000 5155.22 -19.7738 -24.5601 -19.7738 577.464 -180.062 -24.5601 -180.062 -1175.7
GPRESSAVG: 40000 5144.76 -33.9935 -27.5469 22.5136 582.923 -159.756 -40.9797 -194.558 -1166.89
TIMING: 40000  CPU: 36.5076, 0.000912174/step  Wall: 36.5092, 0.000912291/step, 378.827 ns/days, 1.25693 hours remaining, 0.000000 MB of memory in use.
PERFORMANCE: 40000  averaging 378.86 ns/day, 0.000912209 sec/step with standard deviation 1.12473e-06
ENERGY:   40000        14.4364        27.9793        19.0164         2.6871         -46373.9651    -85854.3528         0.0000         0.0000      9720.6778        -122443.5208       297.6100   -132164.1986   -126414.1328       238.4770           -590.8984      -591.7389    167422.5601      1518.9951      1520.2623

WRITING EXTENDED SYSTEM TO RESTART FILE AT STEP 40000
WRITING COORDINATES TO DCD FILE ../output/01_eq_1_CLK.0.dcd AT STEP 40000
WRITING COORDINATES TO RESTART FILE AT STEP 40000
FINISHED WRITING RESTART COORDINATES
The last position output (seq=40000) takes 0.001 seconds, 0.000 MB of memory in use
WRITING VELOCITIES TO RESTART FILE AT STEP 40000
FINISHED WRITING RESTART VELOCITIES
The last velocity output (seq=40000) takes 0.000 seconds, 0.000 MB of memory in use
PRESSURE: 50000 2796.43 130.121 14.8817 130.121 -2375.17 393.147 14.8839 393.144 -568.178
GPRESSURE: 50000 2794.34 117.427 -129.223 69.2042 -2374.21 444.608 132.641 306.435 -552.448
PRESSAVG: 50000 4762.09 5.20872 -17.9861 5.20872 85.359 -84.5276 -17.9861 -84.5276 -1074.45
GPRESSAVG: 50000 4753.02 -8.75673 -44.4929 30.2954 90.0681 -59.0288 -12.043 -111.059 -1064.49
TIMING: 50000  CPU: 45.6629, 0.000915527/step  Wall: 45.6658, 0.000915665/step, 377.43 ns/days, 1.25904 hours remaining, 0.000000 MB of memory in use.
PERFORMANCE: 50000  averaging 378.573 ns/day, 0.000912901 sec/step with standard deviation 1.8269e-06
ENERGY:   50000         5.9277        30.1304        21.0801         1.7007         -46052.0577    -86075.1611         0.0000         0.0000      9705.5712        -122362.8087       297.1475   -132068.3799   -125738.9121       248.2555            -48.9732       -44.1040    166948.0124      1257.6671      1259.5346

WRITING EXTENDED SYSTEM TO RESTART FILE AT STEP 50000
WRITING COORDINATES TO DCD FILE ../output/01_eq_1_CLK.0.dcd AT STEP 50000
WRITING COORDINATES TO RESTART FILE AT STEP 50000
FINISHED WRITING RESTART COORDINATES
The last position output (seq=50000) takes 0.001 seconds, 0.000 MB of memory in use
WRITING VELOCITIES TO RESTART FILE AT STEP 50000
FINISHED WRITING RESTART VELOCITIES
The last velocity output (seq=50000) takes 0.000 seconds, 0.000 MB of memory in use
PRESSURE: 60000 2447.53 -12.0187 -285.046 -12.0208 -1939.94 511.138 -285.045 511.136 58.4549
GPRESSURE: 60000 2464.36 -124.709 -305.551 -67.3 -1954.6 613.233 -258.774 399.02 61.9901
PRESSAVG: 60000 4431.44 2.74737 -56.1374 2.74737 -203.969 0.567201 -56.1374 0.567201 -912.602
GPRESSAVG: 60000 4426.07 -25.3214 -81.7869 16.3532 -202.028 37.0086 -47.2902 -38.1908 -903.561
TIMING: 60000  CPU: 54.7807, 0.000911779/step  Wall: 54.784, 0.000911818/step, 379.023 ns/days, 1.25122 hours remaining, 0.000000 MB of memory in use.
PERFORMANCE: 60000  averaging 378.648 ns/day, 0.00091272 sec/step with standard deviation 1.69276e-06
ENERGY:   60000         9.5142        30.4811        22.2542         1.2421         -46087.7289    -85810.6360         0.0000         0.0000      9726.6101        -122108.2632       297.7917   -131834.8732   -125220.2480       255.3321            188.6812       190.5843    167887.9198      1104.9548      1106.8274

WRITING EXTENDED SYSTEM TO RESTART FILE AT STEP 60000
WRITING COORDINATES TO DCD FILE ../output/01_eq_1_CLK.0.dcd AT STEP 60000
WRITING COORDINATES TO RESTART FILE AT STEP 60000
FINISHED WRITING RESTART COORDINATES
The last position output (seq=60000) takes 0.001 seconds, 0.000 MB of memory in use
WRITING VELOCITIES TO RESTART FILE AT STEP 60000
FINISHED WRITING RESTART VELOCITIES
PRESSURE: 70000 1683.03 123.434 77.4617 123.436 -2587.08 372.555 77.46 372.555 -220.91
GPRESSURE: 70000 1685.13 180.79 103.454 94.8708 -2637.62 315.471 105.468 352.458 -171.165
PRESSAVG: 70000 4087.88 17.8334 -39.4377 17.8334 -501.858 47.0656 -39.4377 47.0656 -826.141
GPRESSAVG: 70000 4083.45 0.442545 -58.6317 26.1679 -506.477 71.8164 -28.1954 10.6403 -812.011
TIMING: 70000  CPU: 63.9003, 0.000911965/step  Wall: 63.9037, 0.000911966/step, 378.962 ns/days, 1.24889 hours remaining, 0.000000 MB of memory in use.
PERFORMANCE: 70000  averaging 378.693 ns/day, 0.000912612 sec/step with standard deviation 1.57136e-06
ENERGY:   70000        12.3336        29.4127        18.2760         1.2540         -46121.8117    -86006.7471         0.0000         0.0000      9635.5616        -122431.7209       295.0041   -132067.2825   -124871.6821       260.2911           -374.9882      -374.5510    167295.1788       919.9619       921.6551

WRITING EXTENDED SYSTEM TO RESTART FILE AT STEP 70000
WRITING COORDINATES TO DCD FILE ../output/01_eq_1_CLK.0.dcd AT STEP 70000
WRITING COORDINATES TO RESTART FILE AT STEP 70000
FINISHED WRITING RESTART COORDINATES
The last position output (seq=70000) takes 0.001 seconds, 0.000 MB of memory in use
WRITING VELOCITIES TO RESTART FILE AT STEP 70000
FINISHED WRITING RESTART VELOCITIES
PRESSURE: 80000 3178.85 -452.367 -315.148 -452.366 -1270.38 148.365 -315.147 148.365 346.725
GPRESSURE: 80000 3140.73 -377.372 -365.35 -397.723 -1213.5 63.8425 -292.853 164.079 333.075
PRESSAVG: 80000 3986.88 -34.411 -70.0721 -34.411 -587.249 58.3211 -70.0721 58.3211 -695.822
GPRESSAVG: 80000 3978.71 -41.5369 -92.7116 -20.9311 -585.035 70.9304 -57.6018 27.689 -684.78
TIMING: 80000  CPU: 73.0512, 0.000915082/step  Wall: 73.0551, 0.000915144/step, 377.646 ns/days, 1.2507 hours remaining, 0.000000 MB of memory in use.
PERFORMANCE: 80000  averaging 378.562 ns/day, 0.000912929 sec/step with standard deviation 1.70802e-06
ENERGY:   80000         8.1777        30.1426        23.3645         1.9099         -46461.4160    -85688.0332         0.0000         0.0000      9738.0777        -122347.7767       298.1428   -132085.8545   -124591.2481       264.4968            751.7325       753.4377    167243.9078       901.2698       902.9643

WRITING EXTENDED SYSTEM TO RESTART FILE AT STEP 80000
WRITING COORDINATES TO DCD FILE ../output/01_eq_1_CLK.0.dcd AT STEP 80000
WRITING COORDINATES TO RESTART FILE AT STEP 80000
FINISHED WRITING RESTART COORDINATES
The last position output (seq=80000) takes 0.001 seconds, 0.000 MB of memory in use
WRITING VELOCITIES TO RESTART FILE AT STEP 80000
FINISHED WRITING RESTART VELOCITIES
PRESSURE: 90000 1886.11 167.478 -99.416 167.474 -2853.5 54.1334 -99.417 54.1324 -899.363
GPRESSURE: 90000 1899.69 78.195 -174.288 146.861 -2866.58 67.064 -86.2697 58.3967 -895.869
PRESSAVG: 90000 3776.8 -14.2225 -73.0066 -14.2225 -813.874 57.9022 -73.0066 57.9022 -716.176
GPRESSAVG: 90000 3770.81 -29.5637 -100.869 -4.15193 -813.189 70.5438 -60.4686 30.7598 -705.889
TIMING: 90000  CPU: 82.161, 0.000910979/step  Wall: 82.1645, 0.000910938/step, 379.389 ns/days, 1.24242 hours remaining, 0.000000 MB of memory in use.
PERFORMANCE: 90000  averaging 378.654 ns/day, 0.000912708 sec/step with standard deviation 1.73008e-06
ENERGY:   90000         7.0449        33.3071        21.0976         0.6697         -46295.0259    -85892.8729         0.0000         0.0000      9607.5317        -122518.2477       294.1459   -132125.7794   -124383.9481       267.4617           -622.2533      -620.9197    167721.1570       748.9175       750.5759

WRITING EXTENDED SYSTEM TO RESTART FILE AT STEP 90000
WRITING COORDINATES TO DCD FILE ../output/01_eq_1_CLK.0.dcd AT STEP 90000
WRITING COORDINATES TO RESTART FILE AT STEP 90000
FINISHED WRITING RESTART COORDINATES
The last position output (seq=90000) takes 0.001 seconds, 0.000 MB of memory in use
WRITING VELOCITIES TO RESTART FILE AT STEP 90000
FINISHED WRITING RESTART VELOCITIES
PRESSURE: 100000 1751.76 -225.733 -194.933 -225.732 -1778.83 -282.404 -194.935 -282.405 98.4609
GPRESSURE: 100000 1765.03 -264.764 -49.8231 -253.922 -1792.96 -196.457 -235.901 -485.551 99.2047
PRESSAVG: 100000 3592.71 -33.4507 -84.091 -33.4507 -901.598 26.9652 -84.091 26.9652 -642.118
GPRESSAVG: 100000 3588.46 -50.9456 -96.2287 -26.8583 -902.259 46.2709 -76.417 -16.1776 -632.698
TIMING: 100000  CPU: 91.2736, 0.000911268/step  Wall: 91.2775, 0.000911301/step, 379.238 ns/days, 1.24038 hours remaining, 0.000000 MB of memory in use.
PERFORMANCE: 100000  averaging 378.712 ns/day, 0.000912567 sec/step with standard deviation 1.69069e-06
ETITLE:      TS           BOND          ANGLE          DIHED          IMPRP               ELECT            VDW       BOUNDARY           MISC        KINETIC               TOTAL           TEMP      POTENTIAL       TOTALAVG        TEMPAVG            PRESSURE      GPRESSURE         VOLUME       PRESSAVG      GPRESSAVG

ENERGY:  100000         9.4184        24.5368        20.6942         0.3544         -46105.8462    -85905.8359         0.0000         0.0000      9582.8765        -122373.8017       293.3911   -131956.6782   -124201.2075       269.8189             23.7948        23.7569    168583.1290       682.9972       684.5014

WRITING EXTENDED SYSTEM TO RESTART FILE AT STEP 100000
WRITING COORDINATES TO DCD FILE ../output/01_eq_1_CLK.0.dcd AT STEP 100000
WRITING COORDINATES TO RESTART FILE AT STEP 100000
FINISHED WRITING RESTART COORDINATES
The last position output (seq=100000) takes 0.001 seconds, 0.000 MB of memory in use
WRITING VELOCITIES TO RESTART FILE AT STEP 100000
FINISHED WRITING RESTART VELOCITIES
PRESSURE: 110000 2303.5 -250.666 -272.62 -250.668 -1728.55 338.26 -272.624 338.259 -47.9305
GPRESSURE: 110000 2297.96 -287.274 -396.752 -298.642 -1714.15 284.796 -210.437 394.405 -47.7037
PRESSAVG: 110000 3485.27 -51.5522 -99.8021 -51.5522 -970.51 52.9063 -99.8021 52.9063 -592.603
GPRESSAVG: 110000 3480.92 -70.6396 -121.272 -49.507 -969.916 66.148 -87.5853 18.0376 -583.949
TIMING: 110000  CPU: 100.397, 0.000912375/step  Wall: 100.402, 0.000912413/step, 378.776 ns/days, 1.23936 hours remaining, 0.000000 MB of memory in use.
PERFORMANCE: 110000  averaging 378.718 ns/day, 0.000912553 sec/step with standard deviation 1.6046e-06
ENERGY:  110000         9.2068        24.2129        17.2600         3.2561         -46296.1108    -85876.4886         0.0000         0.0000      9849.7426        -122268.9211       301.5615   -132118.6637   -124040.1837       272.4642            175.6755       178.7023    167218.5533       640.7204       642.3515

WRITING EXTENDED SYSTEM TO RESTART FILE AT STEP 110000
WRITING COORDINATES TO DCD FILE ../output/01_eq_1_CLK.0.dcd AT STEP 110000
WRITING COORDINATES TO RESTART FILE AT STEP 110000
FINISHED WRITING RESTART COORDINATES
WRITING VELOCITIES TO RESTART FILE AT STEP 110000
FINISHED WRITING RESTART VELOCITIES
PRESSURE: 120000 2412.89 8.55966 -175.036 8.5622 -1948.45 -239.061 -175.036 -239.061 -210.496
GPRESSURE: 120000 2497.05 97.7863 -179.626 -80.1338 -2043.15 -122.371 -230.416 -333.504 -200.536
PRESSAVG: 120000 3402.78 -46.928 -105.589 -46.928 -1045.74 30.4473 -105.589 30.4473 -563.21
GPRESSAVG: 120000 3405.24 -57.6837 -125.761 -51.8629 -1052.47 51.6466 -98.5723 -9.00404 -554.455
TIMING: 120000  CPU: 109.502, 0.000910475/step  Wall: 109.506, 0.000910472/step, 379.583 ns/days, 1.2342 hours remaining, 0.000000 MB of memory in use.
PERFORMANCE: 120000  averaging 378.79 ns/day, 0.00091238 sec/step with standard deviation 1.64361e-06
ENERGY:  120000         8.6071        34.0813        17.2260         0.0374         -45859.0236    -86200.4327         0.0000         0.0000      9750.8497        -122248.6549       298.5338   -131999.5046   -123902.3737       274.4695             84.6462        84.4547    167493.0983       597.9455       599.4364

WRITING EXTENDED SYSTEM TO RESTART FILE AT STEP 120000
WRITING COORDINATES TO DCD FILE ../output/01_eq_1_CLK.0.dcd AT STEP 120000
WRITING COORDINATES TO RESTART FILE AT STEP 120000
FINISHED WRITING RESTART COORDINATES
WRITING VELOCITIES TO RESTART FILE AT STEP 120000
FINISHED WRITING RESTART VELOCITIES
PRESSURE: 130000 2707.93 -3.12391 -424.089 -3.12227 -2166.89 -32.316 -424.087 -32.3133 -456.058
GPRESSURE: 130000 2712.24 -48.2054 -531.404 -104.165 -2205.43 -43.1832 -461.387 104.015 -433.637
PRESSAVG: 130000 3353.15 -43.799 -128.339 -43.799 -1125.82 25.9644 -128.339 25.9644 -555.556
GPRESSAVG: 130000 3355.74 -57.0067 -154.736 -55.5988 -1134.83 44.873 -124.488 -0.931234 -545.826
TIMING: 130000  CPU: 118.64, 0.00091381/step  Wall: 118.646, 0.000913997/step, 378.12 ns/days, 1.23643 hours remaining, 0.000000 MB of memory in use.
PERFORMANCE: 130000  averaging 378.738 ns/day, 0.000912504 sec/step with standard deviation 1.6363e-06
ENERGY:  130000         9.4987        35.1246        17.6073         2.7424         -46283.2358    -85782.2451         0.0000         0.0000      9766.1518        -122234.3560       299.0023   -132000.5078   -123783.2296       276.2219             28.3284        24.3915    168134.5913       557.2585       558.3617

WRITING EXTENDED SYSTEM TO RESTART FILE AT STEP 130000
WRITING COORDINATES TO DCD FILE ../output/01_eq_1_CLK.0.dcd AT STEP 130000
WRITING COORDINATES TO RESTART FILE AT STEP 130000
FINISHED WRITING RESTART COORDINATES
WRITING VELOCITIES TO RESTART FILE AT STEP 130000
FINISHED WRITING RESTART VELOCITIES
PRESSURE: 140000 3242.18 -2.92672 5.6357 -2.92854 -989.016 -16.4916 5.63566 -16.4921 356.401
GPRESSURE: 140000 3258.65 41.8178 -139.77 14.5862 -961.586 -58.2302 -75.6132 31.9901 317.465
PRESSAVG: 140000 3345.75 -41.0743 -119.407 -41.0743 -1116.7 23.134 -119.407 23.134 -494.759
GPRESSAVG: 140000 3349.27 -50.4184 -153.738 -50.9198 -1123.28 37.9995 -121.229 1.26352 -488.273
TIMING: 140000  CPU: 127.769, 0.000912838/step  Wall: 127.776, 0.000913017/step, 378.525 ns/days, 1.23257 hours remaining, 0.000000 MB of memory in use.
PERFORMANCE: 140000  averaging 378.723 ns/day, 0.000912541 sec/step with standard deviation 1.57808e-06
ENERGY:  140000         8.1655        28.8282        20.2059         1.5084         -46337.3574    -85942.3486         0.0000         0.0000      9802.7230        -122418.2750       300.1220   -132220.9980   -123692.2327       277.8152            869.8551       871.5102    165602.1320       578.0983       579.2383

WRITING EXTENDED SYSTEM TO RESTART FILE AT STEP 140000
WRITING COORDINATES TO DCD FILE ../output/01_eq_1_CLK.0.dcd AT STEP 140000
WRITING COORDINATES TO RESTART FILE AT STEP 140000
FINISHED WRITING RESTART COORDINATES
WRITING VELOCITIES TO RESTART FILE AT STEP 140000
FINISHED WRITING RESTART VELOCITIES
PRESSURE: 150000 2353.92 -112.915 25.9311 -112.915 -2110.81 349.141 25.9337 349.14 25.8658
GPRESSURE: 150000 2310.21 -66.4128 -40.2147 -156.089 -2073.9 343.002 38.7989 340.141 39.1344
PRESSAVG: 150000 3283.76 -45.5643 -110.324 -45.5643 -1178.83 43.5093 -110.324 43.5093 -462.22
GPRESSAVG: 150000 3284.32 -51.4181 -146.643 -57.4929 -1182.69 57.0621 -111.228 22.4434 -455.31
TIMING: 150000  CPU: 136.937, 0.000916811/step  Wall: 136.947, 0.000917044/step, 376.863 ns/days, 1.23546 hours remaining, 0.000000 MB of memory in use.
PERFORMANCE: 150000  averaging 378.598 ns/day, 0.000912841 sec/step with standard deviation 1.91423e-06
ENERGY:  150000         6.1619        37.6917        16.7842         0.8433         -46583.6292    -85825.5797         0.0000         0.0000      9704.1919        -122643.5359       297.1053   -132347.7278   -123626.6891       279.0208             89.6565        91.8142    165971.4342       547.5707       548.7743

WRITING EXTENDED SYSTEM TO RESTART FILE AT STEP 150000
WRITING COORDINATES TO DCD FILE ../output/01_eq_1_CLK.0.dcd AT STEP 150000
WRITING COORDINATES TO RESTART FILE AT STEP 150000
FINISHED WRITING RESTART COORDINATES
WRITING VELOCITIES TO RESTART FILE AT STEP 150000
FINISHED WRITING RESTART VELOCITIES
PRESSURE: 160000 1765.61 -188.714 -101.933 -188.717 -2723.88 -260.182 -101.932 -260.182 -493.632
GPRESSURE: 160000 1776.52 -219.053 -88.1012 -163.587 -2676.47 -363.476 -168.536 -232.56 -541.043
PRESSAVG: 160000 3194.46 -53.985 -109.83 -53.985 -1269.72 25.6452 -109.83 25.6452 -464.068
GPRESSAVG: 160000 3195.63 -61.2789 -143.199 -63.7337 -1270.56 32.3246 -114.599 7.44318 -460.353
TIMING: 160000  CPU: 146.111, 0.000917477/step  Wall: 146.122, 0.000917524/step, 376.666 ns/days, 1.23356 hours remaining, 0.000000 MB of memory in use.
PERFORMANCE: 160000  averaging 378.477 ns/day, 0.000913134 sec/step with standard deviation 2.18884e-06
ENERGY:  160000         7.6572        38.8728        18.9624         3.7948         -45931.9304    -86018.9083         0.0000         0.0000      9678.6280        -122202.9237       296.3226   -131881.5516   -123542.9382       280.0386           -483.9674      -480.3300    167711.6596       486.8920       488.2387

WRITING EXTENDED SYSTEM TO RESTART FILE AT STEP 160000
WRITING COORDINATES TO DCD FILE ../output/01_eq_1_CLK.0.dcd AT STEP 160000
WRITING COORDINATES TO RESTART FILE AT STEP 160000
FINISHED WRITING RESTART COORDINATES
WRITING VELOCITIES TO RESTART FILE AT STEP 160000
FINISHED WRITING RESTART VELOCITIES
PRESSURE: 170000 3424.94 271.161 512.425 271.162 -1180 349.655 512.423 349.654 992.401
GPRESSURE: 170000 3402.52 234.604 402.657 151.669 -1194.5 440.986 577.301 139.807 1041.85
PRESSAVG: 170000 3207.26 -35.9213 -75.2605 -35.9213 -1264.73 43.6456 -75.2605 43.6456 -383.153
GPRESSAVG: 170000 3207.12 -44.841 -112.874 -51.7669 -1266.34 55.028 -76.1598 14.7967 -376.898
TIMING: 170000  CPU: 155.275, 0.000916376/step  Wall: 155.285, 0.000916335/step, 377.155 ns/days, 1.22942 hours remaining, 0.000000 MB of memory in use.
PERFORMANCE: 170000  averaging 378.399 ns/day, 0.000913322 sec/step with standard deviation 2.25708e-06
ENERGY:  170000        10.1807        29.3884        19.2931         1.3198         -46297.6455    -85820.3182         0.0000         0.0000      9692.7886        -122364.9931       296.7562   -132057.7817   -123477.4968       280.9673           1079.1154      1083.2873    167923.9354       519.7933       521.2970

WRITING EXTENDED SYSTEM TO RESTART FILE AT STEP 170000
WRITING COORDINATES TO DCD FILE ../output/01_eq_1_CLK.0.dcd AT STEP 170000
WRITING COORDINATES TO RESTART FILE AT STEP 170000
FINISHED WRITING RESTART COORDINATES
WRITING VELOCITIES TO RESTART FILE AT STEP 170000
FINISHED WRITING RESTART VELOCITIES
PRESSURE: 180000 2587.82 79.8463 -14.636 79.8459 -1739.5 -156.111 -14.6348 -156.111 -103.799
GPRESSURE: 180000 2550.77 170.809 28.6576 119.223 -1719.58 -279.796 -109.896 -170.909 -78.2509
PRESSAVG: 180000 3174.66 -29.8283 -72.0696 -29.8283 -1289.72 33.1321 -72.0696 33.1321 -368.45
GPRESSAVG: 180000 3172.58 -33.4909 -105.425 -42.7674 -1290.19 37.4057 -77.9354 5.02272 -361.179
TIMING: 180000  CPU: 164.406, 0.000913074/step  Wall: 164.417, 0.000913146/step, 378.472 ns/days, 1.2226 hours remaining, 0.000000 MB of memory in use.
PERFORMANCE: 180000  averaging 378.403 ns/day, 0.000913312 sec/step with standard deviation 2.19008e-06
ENERGY:  180000         8.2301        20.8402        20.2321         0.8925         -46321.2632    -85823.8786         0.0000         0.0000      9713.5057        -122381.4413       297.3905   -132094.9470   -123419.8097       281.8317            248.1765       250.9775    167229.8509       505.4977       507.0696

WRITING EXTENDED SYSTEM TO RESTART FILE AT STEP 180000
WRITING COORDINATES TO DCD FILE ../output/01_eq_1_CLK.0.dcd AT STEP 180000
WRITING COORDINATES TO RESTART FILE AT STEP 180000
FINISHED WRITING RESTART COORDINATES
WRITING VELOCITIES TO RESTART FILE AT STEP 180000
FINISHED WRITING RESTART VELOCITIES
PRESSURE: 190000 1997.35 319.867 538.605 319.869 -2171.62 -121.124 538.606 -121.124 58.8019
GPRESSURE: 190000 1963.73 288.223 431.285 360.024 -2145.55 -92.4173 553.392 -149.621 80.0694
PRESSAVG: 190000 3115.8 -12.3435 -41.5359 -12.3435 -1333.81 25.4193 -41.5359 25.4193 -347.088
GPRESSAVG: 190000 3112.14 -17.4053 -78.5893 -22.6279 -1332.96 30.9145 -46.369 -2.70948 -339.117
TIMING: 190000  CPU: 173.516, 0.000911038/step  Wall: 173.529, 0.000911192/step, 379.283 ns/days, 1.21745 hours remaining, 0.000000 MB of memory in use.
PERFORMANCE: 190000  averaging 378.449 ns/day, 0.000913201 sec/step with standard deviation 2.18324e-06
ENERGY:  190000         8.2997        27.7840        19.2192         2.2892         -46195.4393    -85992.5646         0.0000         0.0000      9754.0776        -122376.3342       298.6326   -132130.4118   -123367.6359       282.6718            -38.4882       -33.9183    167518.7856       478.2984       480.0202

WRITING EXTENDED SYSTEM TO RESTART FILE AT STEP 190000
WRITING COORDINATES TO DCD FILE ../output/01_eq_1_CLK.0.dcd AT STEP 190000
WRITING COORDINATES TO RESTART FILE AT STEP 190000
FINISHED WRITING RESTART COORDINATES
WRITING VELOCITIES TO RESTART FILE AT STEP 190000
FINISHED WRITING RESTART VELOCITIES
PRESSURE: 200000 2912.79 515.425 84.2137 515.423 -1821.89 63.58 84.214 63.5812 -114.922
GPRESSURE: 200000 2837.03 428.47 98.493 610.326 -1761.11 198.148 84.8095 -3.84901 -100.758
PRESSAVG: 200000 2406.05 14.9924 -39.407 14.9924 -1975.95 21.4121 -39.407 21.4121 -118.287
GPRESSAVG: 200000 2398.62 5.50538 -75.7539 9.46848 -1972.08 33.6074 -44.212 -10.0924 -109.602
TIMING: 200000  CPU: 182.63, 0.000911352/step  Wall: 182.644, 0.000911531/step, 379.142 ns/days, 1.21537 hours remaining, 0.000000 MB of memory in use.
PERFORMANCE: 200000  averaging 378.484 ns/day, 0.000913117 sec/step with standard deviation 2.15755e-06
ETITLE:      TS           BOND          ANGLE          DIHED          IMPRP               ELECT            VDW       BOUNDARY           MISC        KINETIC               TOTAL           TEMP      POTENTIAL       TOTALAVG        TEMPAVG            PRESSURE      GPRESSURE         VOLUME       PRESSAVG      GPRESSAVG

ENERGY:  200000         8.0090        32.4790        16.2599         0.4996         -46689.8675    -85682.7573         0.0000         0.0000      9651.6600        -122663.7174       295.4970   -132315.3774   -122376.6300       297.4466            325.3252       325.0528    166645.3774       103.9352       105.6444

WRITING EXTENDED SYSTEM TO RESTART FILE AT STEP 200000
WRITING COORDINATES TO DCD FILE ../output/01_eq_1_CLK.0.dcd AT STEP 200000
WRITING COORDINATES TO RESTART FILE AT STEP 200000
FINISHED WRITING RESTART COORDINATES
WRITING VELOCITIES TO RESTART FILE AT STEP 200000
FINISHED WRITING RESTART VELOCITIES
PRESSURE: 210000 2125.26 53.9911 49.3322 53.9901 -2266.06 -94.9998 49.3336 -94.9986 212.457
GPRESSURE: 210000 2154.42 -105.627 57.7551 261.482 -2248.64 -18.0838 87.534 -102.882 142.412
PRESSAVG: 210000 2404.28 8.84855 -36.9242 8.84855 -2002.02 43.3326 -36.9242 43.3326 -85.3686
GPRESSAVG: 210000 2397.8 -6.46113 -75.7725 8.92933 -1998.43 63.6256 -40.0562 8.17729 -79.0907
TIMING: 210000  CPU: 191.753, 0.000912274/step  Wall: 191.767, 0.000912257/step, 378.84 ns/days, 1.21381 hours remaining, 0.000000 MB of memory in use.
PERFORMANCE: 210000  averaging 378.501 ns/day, 0.000913076 sec/step with standard deviation 2.11128e-06
ENERGY:  210000         8.8355        34.5477        15.0436         1.1198         -46215.9961    -85934.0849         0.0000         0.0000      9583.1582        -122507.3762       293.3997   -132090.5344   -122380.8841       297.1721             23.8854        16.0635    167827.6617       105.6310       106.7602

WRITING EXTENDED SYSTEM TO RESTART FILE AT STEP 210000
WRITING COORDINATES TO DCD FILE ../output/01_eq_1_CLK.0.dcd AT STEP 210000
WRITING COORDINATES TO RESTART FILE AT STEP 210000
FINISHED WRITING RESTART COORDINATES
WRITING VELOCITIES TO RESTART FILE AT STEP 210000
FINISHED WRITING RESTART VELOCITIES
PRESSURE: 220000 2989.41 293.572 133.154 293.57 -1476.53 377.705 133.156 377.706 615.183
GPRESSURE: 220000 2976.47 342.824 210.435 284.327 -1479 418.938 30.8909 334.955 621.473
PRESSAVG: 220000 2436.8 21.9893 -35.2301 21.9893 -1970.56 76.5942 -35.2301 76.5942 -48.2138
GPRESSAVG: 220000 2431.5 12.7988 -71.1528 18.017 -1966.57 92.9808 -42.0479 41.6727 -43.8795
TIMING: 220000  CPU: 200.884, 0.000913151/step  Wall: 200.9, 0.000913313/step, 378.403 ns/days, 1.21268 hours remaining, 0.000000 MB of memory in use.
PERFORMANCE: 220000  averaging 378.496 ns/day, 0.000913087 sec/step with standard deviation 2.06101e-06
ENERGY:  220000         7.1188        27.1041        18.0322         0.1401         -46373.3994    -85690.9671         0.0000         0.0000      9606.2466        -122405.7247       294.1066   -132011.9713   -122386.6351       296.9725            709.3538       706.3153    167172.2342       139.3424       140.3497

WRITING EXTENDED SYSTEM TO RESTART FILE AT STEP 220000
WRITING COORDINATES TO DCD FILE ../output/01_eq_1_CLK.0.dcd AT STEP 220000
WRITING COORDINATES TO RESTART FILE AT STEP 220000
FINISHED WRITING RESTART COORDINATES
WRITING VELOCITIES TO RESTART FILE AT STEP 220000
FINISHED WRITING RESTART VELOCITIES
PRESSURE: 230000 1352.62 311.076 503.826 311.075 -2795.4 -298.121 503.828 -298.125 -89.8911
GPRESSURE: 230000 1353.47 280.042 493.187 313.851 -2832.2 -215.961 537.46 -305.738 -47.8976
PRESSAVG: 230000 2371.92 40.0769 -17.3067 40.0769 -2026.9 71.4686 -17.3067 71.4686 -55.8567
GPRESSAVG: 230000 2368.61 27.0173 -49.841 33.6624 -2025.97 93.4841 -21.722 37.4673 -50.748
TIMING: 230000  CPU: 210.014, 0.000912939/step  Wall: 210.03, 0.000913056/step, 378.509 ns/days, 1.2098 hours remaining, 0.000000 MB of memory in use.
PERFORMANCE: 230000  averaging 378.497 ns/day, 0.000913086 sec/step with standard deviation 2.01364e-06
ENERGY:  230000         8.1540        22.4557        19.9108         1.3131         -46183.1808    -85999.3616         0.0000         0.0000      9807.9832        -122322.7256       300.2830   -132130.7089   -122381.2559       297.0973           -510.8922      -508.8733    167271.7676        96.3883        97.2957

WRITING EXTENDED SYSTEM TO RESTART FILE AT STEP 230000
WRITING COORDINATES TO DCD FILE ../output/01_eq_1_CLK.0.dcd AT STEP 230000
WRITING COORDINATES TO RESTART FILE AT STEP 230000
FINISHED WRITING RESTART COORDINATES
WRITING VELOCITIES TO RESTART FILE AT STEP 230000
FINISHED WRITING RESTART VELOCITIES
PRESSURE: 240000 1651.64 121.784 -98.1836 121.785 -2139.12 -93.6309 -98.1842 -93.6313 -879.3
GPRESSURE: 240000 1593.21 166.208 -153.573 135.72 -2174.32 63.1842 -30.9639 -155.167 -798.784
PRESSAVG: 240000 2378.58 57.3921 -1.77847 57.3921 -2003.13 68.1615 -1.77847 68.1615 -65.9866
GPRESSAVG: 240000 2371.68 46.6889 -36.3877 52.029 -2003.45 93.1648 -0.637561 34.296 -56.5712
TIMING: 240000  CPU: 219.168, 0.000915471/step  Wall: 219.186, 0.000915567/step, 377.471 ns/days, 1.21058 hours remaining, 0.000000 MB of memory in use.
PERFORMANCE: 240000  averaging 378.454 ns/day, 0.000913189 sec/step with standard deviation 2.03347e-06
ENERGY:  240000        10.5789        30.0725        20.9938         2.5907         -46080.8054    -86019.7397         0.0000         0.0000      9571.9407        -122464.3686       293.0563   -132036.3093   -122382.2983       296.8696           -455.5939      -459.9639    167103.9954       103.1535       103.8844

WRITING EXTENDED SYSTEM TO RESTART FILE AT STEP 240000
WRITING COORDINATES TO DCD FILE ../output/01_eq_1_CLK.0.dcd AT STEP 240000
WRITING COORDINATES TO RESTART FILE AT STEP 240000
FINISHED WRITING RESTART COORDINATES
WRITING VELOCITIES TO RESTART FILE AT STEP 240000
FINISHED WRITING RESTART VELOCITIES
PRESSURE: 250000 2305.3 -109.957 -479.389 -109.956 -2215.39 -211.07 -479.387 -211.071 299.251
GPRESSURE: 250000 2361.38 -56.1232 -510.722 -15.9323 -2237.56 -182.553 -389.517 -167.465 265.636
PRESSAVG: 250000 2354.02 45.3883 -26.492 45.3883 -1995.14 37.9507 -26.492 37.9507 -22.6151
GPRESSAVG: 250000 2350.03 38.0114 -55.4626 47.7722 -1996.62 61.8068 -26.7454 10.601 -15.667
TIMING: 250000  CPU: 228.354, 0.000918548/step  Wall: 228.373, 0.00091864/step, 376.208 ns/days, 1.2121 hours remaining, 0.000000 MB of memory in use.
PERFORMANCE: 250000  averaging 378.364 ns/day, 0.000913407 sec/step with standard deviation 2.26969e-06
ENERGY:  250000         9.6451        30.5799        15.1909         0.6235         -46392.6864    -85842.7958         0.0000         0.0000      9625.9109        -122553.5319       294.7087   -132179.4428   -122391.8345       296.7477            129.7186       129.8189    166653.0370       112.0881       112.5805

WRITING EXTENDED SYSTEM TO RESTART FILE AT STEP 250000
WRITING COORDINATES TO DCD FILE ../output/01_eq_1_CLK.0.dcd AT STEP 250000
WRITING COORDINATES TO RESTART FILE AT STEP 250000
FINISHED WRITING RESTART COORDINATES
WRITING VELOCITIES TO RESTART FILE AT STEP 250000
FINISHED WRITING RESTART VELOCITIES
PRESSURE: 260000 1384.87 69.9712 71.2791 69.9685 -2695.32 58.401 71.2802 58.3995 -130.531
GPRESSURE: 260000 1373.29 118.492 176.128 64.4233 -2653.73 -6.10412 -12.8085 270.898 -172.061
PRESSAVG: 260000 2300.89 49.4878 -8.67578 49.4878 -2032.91 15.3139 -8.67578 15.3139 -32.0644
GPRESSAVG: 260000 2295.48 50.1714 -31.3787 54.3584 -2031.58 30.84 -14.4472 4.19489 -27.3696
TIMING: 260000  CPU: 237.502, 0.000914779/step  Wall: 237.521, 0.000914804/step, 377.786 ns/days, 1.20449 hours remaining, 0.000000 MB of memory in use.
PERFORMANCE: 260000  averaging 378.341 ns/day, 0.000913461 sec/step with standard deviation 2.24065e-06
ENERGY:  260000         7.8335        31.2007        16.3159         0.7820         -46080.4132    -85992.9197         0.0000         0.0000      9842.4714        -122174.7295       301.3389   -132017.2008   -122395.1578       296.9250           -480.3252      -484.1655    167657.6528        78.6378        78.8431

WRITING EXTENDED SYSTEM TO RESTART FILE AT STEP 260000
WRITING COORDINATES TO DCD FILE ../output/01_eq_1_CLK.0.dcd AT STEP 260000
WRITING COORDINATES TO RESTART FILE AT STEP 260000
FINISHED WRITING RESTART COORDINATES
WRITING VELOCITIES TO RESTART FILE AT STEP 260000
FINISHED WRITING RESTART VELOCITIES
PRESSURE: 270000 1899.99 -100.533 -300.999 -100.532 -2472.41 -75.1715 -300.999 -75.1735 -288.347
GPRESSURE: 270000 1911.14 -165.422 -152.835 -148.266 -2464.86 -111.92 -291.988 45.017 -306.193
PRESSAVG: 270000 2311.74 38.2894 -27.5987 38.2894 -2027.18 -7.07254 -27.5987 -7.07254 -35.4363
GPRESSAVG: 270000 2306.78 32.8608 -44.1931 42.2016 -2022.94 9.47043 -34.32 -11.1772 -34.121
TIMING: 270000  CPU: 246.692, 0.000919043/step  Wall: 246.712, 0.000919175/step, 375.99 ns/days, 1.20769 hours remaining, 0.000000 MB of memory in use.
PERFORMANCE: 270000  averaging 378.254 ns/day, 0.000913672 sec/step with standard deviation 2.45695e-06
ENERGY:  270000        10.0012        35.6969        19.5241         0.3072         -46074.3404    -85947.7734         0.0000         0.0000      9750.5076        -122206.0767       298.5233   -131956.5844   -122383.8756       297.1010           -286.9235      -286.6376    166865.2904        83.0410        83.2387

WRITING EXTENDED SYSTEM TO RESTART FILE AT STEP 270000
WRITING COORDINATES TO DCD FILE ../output/01_eq_1_CLK.0.dcd AT STEP 270000
WRITING COORDINATES TO RESTART FILE AT STEP 270000
FINISHED WRITING RESTART COORDINATES
WRITING VELOCITIES TO RESTART FILE AT STEP 270000
FINISHED WRITING RESTART VELOCITIES
PRESSURE: 280000 2618.69 119.363 207.724 119.364 -1369.7 -23.6178 207.725 -23.6179 644.574
GPRESSURE: 280000 2637.72 213.431 271.595 54.5469 -1323.53 -77.0244 122.289 6.12112 586.598
PRESSAVG: 280000 2283.73 66.8759 -1.45514 66.8759 -2032.14 -15.6717 -1.45514 -15.6717 -20.5438
GPRESSAVG: 280000 2281.63 62.401 -12.3459 64.8151 -2028.44 2.42709 -13.5629 -19.075 -21.4449
TIMING: 280000  CPU: 255.906, 0.00092138/step  Wall: 255.927, 0.000921446/step, 375.063 ns/days, 1.20812 hours remaining, 0.000000 MB of memory in use.
PERFORMANCE: 280000  averaging 378.139 ns/day, 0.00091395 sec/step with standard deviation 2.82333e-06
ENERGY:  280000         7.8046        35.8499        17.6441         0.8254         -46160.4921    -85926.0682         0.0000         0.0000      9559.1554        -122465.2809       292.6649   -132024.4363   -122389.7508       296.8271            631.1880       633.5979    166808.4918        77.0138        77.2467

WRITING EXTENDED SYSTEM TO RESTART FILE AT STEP 280000
WRITING COORDINATES TO DCD FILE ../output/01_eq_1_CLK.0.dcd AT STEP 280000
WRITING COORDINATES TO RESTART FILE AT STEP 280000
FINISHED WRITING RESTART COORDINATES
WRITING VELOCITIES TO RESTART FILE AT STEP 280000
FINISHED WRITING RESTART VELOCITIES
PRESSURE: 290000 1685.35 -87.7825 140.046 -87.7798 -2559.07 -374.151 140.048 -374.151 -525.139
GPRESSURE: 290000 1622.43 -16.9288 224.713 -111.284 -2513.52 -429.804 195.234 -374.78 -524.598
PRESSAVG: 290000 2273.69 54.1132 10.5181 54.1132 -2017.42 -37.0858 10.5181 -37.0858 -1.83263
GPRESSAVG: 290000 2267.76 57.6448 7.60421 51.9078 -2010.79 -22.4163 0.512329 -40.7339 -2.88128
TIMING: 290000  CPU: 265.101, 0.000919483/step  Wall: 265.121, 0.000919461/step, 375.872 ns/days, 1.20296 hours remaining, 0.000000 MB of memory in use.
PERFORMANCE: 290000  averaging 378.06 ns/day, 0.00091414 sec/step with standard deviation 2.95529e-06
ENERGY:  290000         6.6683        36.4248        17.3721         0.3307         -45992.1809    -86084.5080         0.0000         0.0000      9825.4160        -122190.4768       300.8167   -132015.8929   -122373.3623       297.1606           -466.2850      -471.8963    167066.6408        84.8122        84.6979

WRITING EXTENDED SYSTEM TO RESTART FILE AT STEP 290000
WRITING COORDINATES TO DCD FILE ../output/01_eq_1_CLK.0.dcd AT STEP 290000
WRITING COORDINATES TO RESTART FILE AT STEP 290000
FINISHED WRITING RESTART COORDINATES
WRITING VELOCITIES TO RESTART FILE AT STEP 290000
FINISHED WRITING RESTART VELOCITIES
PRESSURE: 300000 2323.18 -100.362 -146.136 -100.364 -1935.74 -345.36 -146.134 -345.36 -190.426
GPRESSURE: 300000 2287.09 -184.66 -237.065 25.7842 -1935.45 -417.59 -271.109 -347.094 -162.768
PRESSAVG: 300000 2302.26 60.3816 12.9582 60.3816 -2025.27 -40.2336 12.9582 -40.2336 -16.277
GPRESSAVG: 300000 2293.87 61.65 -1.75787 65.8931 -2017.91 -33.4729 -1.2481 -33.811 -15.9799
TIMING: 300000  CPU: 274.478, 0.000937769/step  Wall: 274.5, 0.000937823/step, 368.513 ns/days, 1.22438 hours remaining, 0.000000 MB of memory in use.
PERFORMANCE: 300000  averaging 377.734 ns/day, 0.000914929 sec/step with standard deviation 5.20855e-06
ETITLE:      TS           BOND          ANGLE          DIHED          IMPRP               ELECT            VDW       BOUNDARY           MISC        KINETIC               TOTAL           TEMP      POTENTIAL       TOTALAVG        TEMPAVG            PRESSURE      GPRESSURE         VOLUME       PRESSAVG      GPRESSAVG

ENERGY:  300000         8.4015        34.7317        17.1576         0.4490         -46303.1574    -85971.2956         0.0000         0.0000      9734.5731        -122479.1400       298.0355   -132213.7131   -122378.6292       297.3929             65.6706        62.9592    166938.4300        86.9060        86.6580

WRITING EXTENDED SYSTEM TO RESTART FILE AT STEP 300000
WRITING COORDINATES TO DCD FILE ../output/01_eq_1_CLK.0.dcd AT STEP 300000
WRITING COORDINATES TO RESTART FILE AT STEP 300000
FINISHED WRITING RESTART COORDINATES
WRITING VELOCITIES TO RESTART FILE AT STEP 300000
FINISHED WRITING RESTART VELOCITIES
PRESSURE: 310000 1548.1 -122.479 61.1869 -122.48 -2374.07 412.687 61.1869 412.688 290.969
GPRESSURE: 310000 1558.66 -101.683 -118.634 -211.063 -2360 410.424 190.041 458.025 263.829
PRESSAVG: 310000 2264.49 66.791 29.6487 66.791 -2057.54 -36.5121 29.6487 -36.5121 0.668001
GPRESSAVG: 310000 2256.9 70.9295 12.148 70.2721 -2050.2 -27.1915 18.7758 -30.63 -0.403314
TIMING: 310000  CPU: 283.803, 0.000932464/step  Wall: 283.824, 0.000932465/step, 370.63 ns/days, 1.2148 hours remaining, 0.000000 MB of memory in use.
PERFORMANCE: 310000  averaging 377.501 ns/day, 0.000915495 sec/step with standard deviation 6.01201e-06
ENERGY:  310000        16.5755        38.2881        19.3495         2.5649         -46232.6180    -86029.0667         0.0000         0.0000      9518.1206        -122666.7861       291.4085   -132184.9066   -122398.5224       296.8852           -178.3334      -179.1730    167119.2763        69.2055        68.7642

WRITING EXTENDED SYSTEM TO RESTART FILE AT STEP 310000
WRITING COORDINATES TO DCD FILE ../output/01_eq_1_CLK.0.dcd AT STEP 310000
WRITING COORDINATES TO RESTART FILE AT STEP 310000
FINISHED WRITING RESTART COORDINATES
WRITING VELOCITIES TO RESTART FILE AT STEP 310000
FINISHED WRITING RESTART VELOCITIES
PRESSURE: 320000 1426.47 -94.6768 -129.515 -94.6782 -2602.12 -148.021 -129.516 -148.019 463.507
GPRESSURE: 320000 1389.67 -36.8537 -209.347 -240.922 -2630.19 -120.659 -148.615 -174.529 521.378
PRESSAVG: 320000 2215.17 61.629 31.9247 61.629 -2090.23 -31.96 31.9247 -31.96 34.3681
GPRESSAVG: 320000 2201.53 64.1975 10.662 62.2327 -2079.56 -27.1059 22.8659 -22.6813 35.6924
TIMING: 320000  CPU: 293.128, 0.00093252/step  Wall: 293.152, 0.000932756/step, 370.515 ns/days, 1.21258 hours remaining, 0.000000 MB of memory in use.
PERFORMANCE: 320000  averaging 377.278 ns/day, 0.000916035 sec/step with standard deviation 6.65497e-06
ENERGY:  320000         9.0630        32.6723        16.0090         1.8655         -45988.1883    -85981.4985         0.0000         0.0000      9700.5177        -122209.5593       296.9928   -131910.0770   -122396.5676       296.8082           -237.3814      -239.7154    167639.6894        53.1042        52.5557

WRITING EXTENDED SYSTEM TO RESTART FILE AT STEP 320000
WRITING COORDINATES TO DCD FILE ../output/01_eq_1_CLK.0.dcd AT STEP 320000
WRITING COORDINATES TO RESTART FILE AT STEP 320000
FINISHED WRITING RESTART COORDINATES
WRITING VELOCITIES TO RESTART FILE AT STEP 320000
FINISHED WRITING RESTART VELOCITIES
PRESSURE: 330000 1831.02 206.318 34.2645 206.318 -2012.6 -43.0317 34.2667 -43.0316 176.227
GPRESSURE: 330000 1830.13 229.309 90.0258 152.626 -2041.06 6.9392 31.2102 -90.6498 229.589
PRESSAVG: 330000 2171.33 72.101 54.8424 72.101 -2082.51 -32.496 54.8424 -32.496 65.9824
GPRESSAVG: 330000 2157.43 78.0732 41.7335 75.0722 -2071.34 -24.5998 47.4957 -32.4145 68.8537
TIMING: 330000  CPU: 302.468, 0.00093398/step  Wall: 302.491, 0.000933965/step, 370.035 ns/days, 1.21156 hours remaining, 0.000000 MB of memory in use.
PERFORMANCE: 330000  averaging 377.055 ns/day, 0.000916578 sec/step with standard deviation 7.25587e-06
ENERGY:  330000         5.9060        27.5760        19.3973         0.2352         -46086.3201    -86142.1302         0.0000         0.0000      9594.1925        -122581.1433       293.7376   -132175.3358   -122413.9070       296.5449             -1.7826         6.2182    167017.3847        51.5986        51.6471

WRITING EXTENDED SYSTEM TO RESTART FILE AT STEP 330000
WRITING COORDINATES TO DCD FILE ../output/01_eq_1_CLK.0.dcd AT STEP 330000
WRITING COORDINATES TO RESTART FILE AT STEP 330000
FINISHED WRITING RESTART COORDINATES
WRITING VELOCITIES TO RESTART FILE AT STEP 330000
FINISHED WRITING RESTART VELOCITIES
PRESSURE: 340000 1869.88 55.4913 -60.4053 55.4908 -2231.03 85.6966 -60.4068 85.6972 -605.011
GPRESSURE: 340000 1851.12 39.0041 4.65272 95.4202 -2208.18 105.076 -108.473 79.6616 -606.322
PRESSAVG: 340000 2102.71 75.022 51.5402 75.022 -2144.61 -27.3865 51.5402 -27.3865 17.9118
GPRESSAVG: 340000 2087.05 77.9325 48.9547 79.1139 -2133.67 -16.4345 45.8528 -30.031 22.6644
TIMING: 340000  CPU: 311.838, 0.000937055/step  Wall: 311.863, 0.000937128/step, 368.786 ns/days, 1.21306 hours remaining, 0.000000 MB of memory in use.
PERFORMANCE: 340000  averaging 376.806 ns/day, 0.000917182 sec/step with standard deviation 7.96701e-06
ENERGY:  340000        10.9450        26.7081        18.2796         1.0278         -46326.7510    -85822.3944         0.0000         0.0000      9755.5841        -122336.6008       298.6787   -132092.1849   -122409.8233       296.4728           -322.0511      -321.1280    167243.8183        -7.9967        -7.9848

WRITING EXTENDED SYSTEM TO RESTART FILE AT STEP 340000
WRITING COORDINATES TO DCD FILE ../output/01_eq_1_CLK.0.dcd AT STEP 340000
WRITING COORDINATES TO RESTART FILE AT STEP 340000
FINISHED WRITING RESTART COORDINATES
WRITING VELOCITIES TO RESTART FILE AT STEP 340000
FINISHED WRITING RESTART VELOCITIES
PRESSURE: 350000 1295.64 118.599 -29.2547 118.601 -2740.66 98.2409 -29.2556 98.2421 -301.502
GPRESSURE: 350000 1284.9 41.2409 47.5809 197.163 -2751.74 90.7804 -48.7274 56.1491 -267.683
PRESSAVG: 350000 2049.8 86.5978 48.7808 86.5978 -2176.1 -39.9314 48.7808 -39.9314 1.54342
GPRESSAVG: 350000 2035.78 83.3152 53.3445 96.7766 -2167.56 -29.0456 41.4764 -44.2306 7.3235
TIMING: 350000  CPU: 321.205, 0.000936672/step  Wall: 321.229, 0.00093665/step, 368.974 ns/days, 1.20984 hours remaining, 0.000000 MB of memory in use.
PERFORMANCE: 350000  averaging 376.578 ns/day, 0.000917739 sec/step with standard deviation 8.51089e-06
ENERGY:  350000        16.9770        25.6802        16.5573         0.4966         -45920.7019    -86136.4656         0.0000         0.0000      9815.1669        -122182.2897       300.5029   -131997.4565   -122386.7610       296.6427           -582.1746      -578.1751    167839.2392       -41.5883       -41.4843

WRITING EXTENDED SYSTEM TO RESTART FILE AT STEP 350000
WRITING COORDINATES TO DCD FILE ../output/01_eq_1_CLK.0.dcd AT STEP 350000
WRITING COORDINATES TO RESTART FILE AT STEP 350000
FINISHED WRITING RESTART COORDINATES
WRITING VELOCITIES TO RESTART FILE AT STEP 350000
FINISHED WRITING RESTART VELOCITIES
PRESSURE: 360000 1944.97 -198.636 -107.437 -198.635 -1473.42 -180.324 -107.437 -180.323 217.186
GPRESSURE: 360000 1928.59 -253.558 -128.407 -97.0019 -1544.72 -197.013 -184.582 -206.387 292.373
PRESSAVG: 360000 2058.77 86.1019 48.5056 86.1019 -2113.58 -35.9385 48.5056 -35.9385 37.0843
GPRESSAVG: 360000 2043.39 81.59 51.3292 100.106 -2110.97 -20.7225 40.6741 -42.9219 48.9943
TIMING: 360000  CPU: 330.542, 0.000933677/step  Wall: 330.567, 0.000933734/step, 370.127 ns/days, 1.20348 hours remaining, 0.000000 MB of memory in use.
PERFORMANCE: 360000  averaging 376.396 ns/day, 0.000918183 sec/step with standard deviation 8.80186e-06
ENERGY:  360000        10.2035        21.2661        15.4511         0.6930         -46469.3305    -85872.2633         0.0000         0.0000      9827.3622        -122466.6180       300.8763   -132293.9802   -122399.9457       296.8703            229.5787       225.4161    167506.5645        -5.9109        -6.1970

WRITING EXTENDED SYSTEM TO RESTART FILE AT STEP 360000
WRITING COORDINATES TO DCD FILE ../output/01_eq_1_CLK.0.dcd AT STEP 360000
WRITING COORDINATES TO RESTART FILE AT STEP 360000
FINISHED WRITING RESTART COORDINATES
WRITING VELOCITIES TO RESTART FILE AT STEP 360000
FINISHED WRITING RESTART VELOCITIES
PRESSURE: 370000 2375.45 -125.826 217.734 -125.826 -1921.71 234.727 217.737 234.726 -22.8207
GPRESSURE: 370000 2338.95 -127.726 241.568 -171.307 -1899.9 171.668 182.443 289.732 -3.14544
PRESSAVG: 370000 2006.29 66.2525 33.7713 66.2525 -2150.67 -41.6849 33.7713 -41.6849 -13.6768
GPRESSAVG: 370000 1990.21 63.4734 43.2748 83.957 -2146.24 -34.1884 20.9312 -35.4257 -3.25525
TIMING: 370000  CPU: 339.855, 0.000931338/step  Wall: 339.882, 0.00093155/step, 370.994 ns/days, 1.19808 hours remaining, 0.000000 MB of memory in use.
PERFORMANCE: 370000  averaging 376.248 ns/day, 0.000918544 sec/step with standard deviation 8.95266e-06
ENERGY:  370000         6.7711        30.7597        17.2186         0.7928         -46308.5100    -85976.4182         0.0000         0.0000      9855.7237        -122373.6624       301.7446   -132229.3861   -122400.3792       297.1198            143.6418       145.3021    166612.2474       -52.6846       -53.0963

WRITING EXTENDED SYSTEM TO RESTART FILE AT STEP 370000
WRITING COORDINATES TO DCD FILE ../output/01_eq_1_CLK.0.dcd AT STEP 370000
WRITING COORDINATES TO RESTART FILE AT STEP 370000
FINISHED WRITING RESTART COORDINATES
WRITING VELOCITIES TO RESTART FILE AT STEP 370000
FINISHED WRITING RESTART VELOCITIES
PRESSURE: 380000 2981.26 -114.353 393.649 -114.352 -2351.74 304.563 393.649 304.564 -110.211
GPRESSURE: 380000 2985.3 -127.916 445.825 -141.661 -2307.12 369.195 235.42 406.716 -147.028
PRESSAVG: 380000 2025.96 56.5426 54.1855 56.5426 -2181.28 -18.6511 54.1855 -18.6511 -13.9974
GPRESSAVG: 380000 2011.94 48.5372 64.1332 70.9128 -2175.62 -1.7388 38.197 -6.54439 -6.69412
TIMING: 380000  CPU: 349.216, 0.000936073/step  Wall: 349.243, 0.000936076/step, 369.201 ns/days, 1.2013 hours remaining, 0.000000 MB of memory in use.
PERFORMANCE: 380000  averaging 376.059 ns/day, 0.000919006 sec/step with standard deviation 9.27753e-06
ENERGY:  380000         9.6395        31.7641        16.1809         2.1919         -46353.1131    -85809.2219         0.0000         0.0000      9802.5108        -122300.0478       300.1155   -132102.5586   -122396.3095       297.2560            173.1020       177.0529    168485.1018       -56.4383       -56.7925

WRITING EXTENDED SYSTEM TO RESTART FILE AT STEP 380000
WRITING COORDINATES TO DCD FILE ../output/01_eq_1_CLK.0.dcd AT STEP 380000
WRITING COORDINATES TO RESTART FILE AT STEP 380000
FINISHED WRITING RESTART COORDINATES
WRITING VELOCITIES TO RESTART FILE AT STEP 380000
FINISHED WRITING RESTART VELOCITIES
PRESSURE: 390000 2132.92 -63.1251 -120.168 -63.1273 -2108.37 87.3933 -120.168 87.392 119.945
GPRESSURE: 390000 2185.06 73.9152 48.0415 -115.423 -2104.34 108.719 -113.255 87.0456 52.8307
PRESSAVG: 390000 2032.74 37.3928 21.2468 37.3928 -2178.12 -8.22531 21.2468 -8.22531 -10.9402
GPRESSAVG: 390000 2023 37.8218 44.971 47.1405 -2173.56 8.31802 4.86467 5.28896 -8.05606
TIMING: 390000  CPU: 358.576, 0.000935978/step  Wall: 358.603, 0.000936008/step, 369.228 ns/days, 1.19861 hours remaining, 0.000000 MB of memory in use.
PERFORMANCE: 390000  averaging 375.88 ns/day, 0.000919441 sec/step with standard deviation 9.55092e-06
ENERGY:  390000         7.2015        32.9688        16.2676         2.0750         -46333.1856    -85740.0928         0.0000         0.0000      9736.5830        -122278.1825       298.0970   -132014.7655   -122391.4019       297.2292             48.1675        44.5151    167983.4361       -52.1056       -52.8708

WRITING EXTENDED SYSTEM TO RESTART FILE AT STEP 390000
WRITING COORDINATES TO DCD FILE ../output/01_eq_1_CLK.0.dcd AT STEP 390000
WRITING COORDINATES TO RESTART FILE AT STEP 390000
FINISHED WRITING RESTART COORDINATES
WRITING VELOCITIES TO RESTART FILE AT STEP 390000
FINISHED WRITING RESTART VELOCITIES
PRESSURE: 400000 1714.4 55.2654 -269.998 55.2667 -2187.42 1.73672 -269.998 1.73548 -859.181
GPRESSURE: 400000 1718.62 44.3691 -120.299 54.9388 -2152.1 56.5861 -323.873 -18.4204 -884.673
PRESSAVG: 400000 1972.82 14.385 3.53619 14.385 -2196.39 -11.3176 3.53619 -11.3176 -48.1531
GPRESSAVG: 400000 1967.08 18.6168 34.0314 19.3711 -2193.11 1.23993 -15.5694 4.56039 -47.2518
TIMING: 400000  CPU: 367.934, 0.000935866/step  Wall: 367.962, 0.0009359/step, 369.27 ns/days, 1.19587 hours remaining, 0.000000 MB of memory in use.
PERFORMANCE: 400000  averaging 375.712 ns/day, 0.000919853 sec/step with standard deviation 9.78025e-06
ETITLE:      TS           BOND          ANGLE          DIHED          IMPRP               ELECT            VDW       BOUNDARY           MISC        KINETIC               TOTAL           TEMP      POTENTIAL       TOTALAVG        TEMPAVG            PRESSURE      GPRESSURE         VOLUME       PRESSAVG      GPRESSAVG

ENERGY:  400000         5.5002        31.2369        20.5698         0.9523         -46194.2315    -85989.6582         0.0000         0.0000      9655.5715        -122470.0590       295.6167   -132125.6305   -122381.7190       297.2352           -444.0675      -439.3859    167475.8905       -90.5752       -91.0927

WRITING EXTENDED SYSTEM TO RESTART FILE AT STEP 400000
WRITING COORDINATES TO DCD FILE ../output/01_eq_1_CLK.0.dcd AT STEP 400000
WRITING COORDINATES TO RESTART FILE AT STEP 400000
FINISHED WRITING RESTART COORDINATES
WRITING VELOCITIES TO RESTART FILE AT STEP 400000
FINISHED WRITING RESTART VELOCITIES
PRESSURE: 410000 1411.07 -410.471 -301.816 -410.469 -2659.02 -168.323 -301.815 -168.322 -45.3997
GPRESSURE: 410000 1486.91 -414.763 -322.793 -316.01 -2756.92 -197.793 -215.59 -92.5839 -11.1194
PRESSAVG: 410000 1937.11 -8.838 -14.0212 -8.838 -2216.04 -14.9838 -14.0212 -14.9838 -61.046
GPRESSAVG: 410000 1933.71 3.16 15.004 -9.50346 -2218.52 -7.74551 -30.7256 5.07529 -54.9284
TIMING: 410000  CPU: 377.29, 0.00093558/step  Wall: 377.318, 0.000935567/step, 369.402 ns/days, 1.19285 hours remaining, 0.000000 MB of memory in use.
PERFORMANCE: 410000  averaging 375.556 ns/day, 0.000920236 sec/step with standard deviation 9.96415e-06
ENERGY:  410000         9.0436        35.2880        15.3422         0.7169         -45994.4297    -86137.3089         0.0000         0.0000      9664.2093        -122407.1386       295.8812   -132071.3478   -122376.7071       297.3593           -431.1166      -427.0440    168280.1781      -113.3253      -113.2481

WRITING EXTENDED SYSTEM TO RESTART FILE AT STEP 410000
WRITING COORDINATES TO DCD FILE ../output/01_eq_1_CLK.0.dcd AT STEP 410000
WRITING COORDINATES TO RESTART FILE AT STEP 410000
FINISHED WRITING RESTART COORDINATES
WRITING VELOCITIES TO RESTART FILE AT STEP 410000
FINISHED WRITING RESTART VELOCITIES
PRESSURE: 420000 2033.67 -264.714 -354.906 -264.716 -2332.6 63.5827 -354.909 63.5821 233.398
GPRESSURE: 420000 2050.29 -237.489 -284.902 -190.547 -2322.8 -18.5915 -413.619 176.848 212.013
PRESSAVG: 420000 1889.32 -36.7523 -38.4245 -36.7523 -2258.85 -30.69 -38.4245 -30.69 -80.1352
GPRESSAVG: 420000 1887.4 -25.8556 -9.76286 -33.2472 -2260.71 -29.622 -52.9511 -2.83005 -75.4014
TIMING: 420000  CPU: 386.591, 0.000930073/step  Wall: 386.619, 0.000930143/step, 371.556 ns/days, 1.18335 hours remaining, 0.000000 MB of memory in use.
PERFORMANCE: 420000  averaging 375.46 ns/day, 0.000920472 sec/step with standard deviation 9.95989e-06
ENERGY:  420000         5.7036        31.4853        17.6586         1.2813         -46307.6402    -85942.7906         0.0000         0.0000      9673.9108        -122520.3912       296.1782   -132194.3020   -122382.4404       297.4629            -21.8446       -20.1684    167671.9035      -149.8852      -149.5723

WRITING EXTENDED SYSTEM TO RESTART FILE AT STEP 420000
WRITING COORDINATES TO DCD FILE ../output/01_eq_1_CLK.0.dcd AT STEP 420000
WRITING COORDINATES TO RESTART FILE AT STEP 420000
FINISHED WRITING RESTART COORDINATES
WRITING VELOCITIES TO RESTART FILE AT STEP 420000
FINISHED WRITING RESTART VELOCITIES
PRESSURE: 430000 2493.9 120.723 -84.9122 120.718 -1295.11 -127.133 -84.9139 -127.134 215.144
GPRESSURE: 430000 2541.43 69.3105 23.8299 259.143 -1305.41 -204.658 -94.983 -96.547 178.453
PRESSAVG: 430000 1946.39 -46.2701 -67.8615 -46.2701 -2183.83 -22.1404 -67.8615 -22.1404 -64.8835
GPRESSAVG: 430000 1946.79 -36.3922 -33.2307 -35.9826 -2184.37 -29.0568 -84.5733 7.62949 -64.0838
TIMING: 430000  CPU: 395.917, 0.000932624/step  Wall: 395.947, 0.000932812/step, 370.493 ns/days, 1.18415 hours remaining, 0.000000 MB of memory in use.
PERFORMANCE: 430000  averaging 375.342 ns/day, 0.000920759 sec/step with standard deviation 1.00189e-05
ENERGY:  430000         6.9029        30.4540        17.5820         0.4194         -46389.0759    -85659.7645         0.0000         0.0000      9728.5539        -122264.9282       297.8512   -131993.4821   -122379.5506       297.3413            471.3141       471.4905    167520.5791      -100.7749      -100.5541

WRITING EXTENDED SYSTEM TO RESTART FILE AT STEP 430000
WRITING COORDINATES TO DCD FILE ../output/01_eq_1_CLK.0.dcd AT STEP 430000
WRITING COORDINATES TO RESTART FILE AT STEP 430000
FINISHED WRITING RESTART COORDINATES
WRITING VELOCITIES TO RESTART FILE AT STEP 430000
FINISHED WRITING RESTART VELOCITIES
PRESSURE: 440000 1812.97 -292.387 -396.057 -292.388 -2000.91 33.1499 -396.057 33.1517 30.3461
GPRESSURE: 440000 1844.68 -326.875 -369.194 -317.961 -1987.02 83.504 -385.086 -62.183 -10.1824
PRESSAVG: 440000 1954.46 -66.9788 -82.7552 -66.9788 -2176.92 -15.8013 -82.7552 -15.8013 -19.4012
GPRESSAVG: 440000 1959.37 -61.0463 -44.0118 -58.6666 -2175.01 -28.0408 -102.279 12.2787 -24.6537
TIMING: 440000  CPU: 405.254, 0.000933679/step  Wall: 405.284, 0.00093364/step, 370.164 ns/days, 1.18261 hours remaining, 0.000000 MB of memory in use.
PERFORMANCE: 440000  averaging 375.223 ns/day, 0.000921052 sec/step with standard deviation 1.00903e-05
ENERGY:  440000        10.5174        26.8782        18.6767         0.6515         -46441.4437    -85898.3638         0.0000         0.0000      9761.8599        -122521.2239       298.8709   -132283.0837   -122382.3933       297.6320            -52.5320       -50.8413    167848.0924       -80.6218       -80.0980

WRITING EXTENDED SYSTEM TO RESTART FILE AT STEP 440000
WRITING COORDINATES TO DCD FILE ../output/01_eq_1_CLK.0.dcd AT STEP 440000
WRITING COORDINATES TO RESTART FILE AT STEP 440000
FINISHED WRITING RESTART COORDINATES
WRITING VELOCITIES TO RESTART FILE AT STEP 440000
FINISHED WRITING RESTART VELOCITIES
PRESSURE: 450000 1882.76 -199.099 -159.058 -199.099 -2175.81 -26.182 -159.058 -26.1826 -239.661
GPRESSURE: 450000 1895.76 -154.623 -207.367 -203.038 -2124.97 53.1123 -89.0827 -145.875 -315.16
PRESSAVG: 450000 1933.33 -71.4359 -66.7387 -71.4359 -2174.94 -6.55685 -66.7387 -6.55685 -46.3468
GPRESSAVG: 450000 1936.09 -65.9713 -28.8441 -68.0219 -2169.38 -16.2576 -87.2576 13.3582 -53.6935
TIMING: 450000  CPU: 414.635, 0.000938128/step  Wall: 414.667, 0.000938313/step, 368.321 ns/days, 1.18592 hours remaining, 0.000000 MB of memory in use.
PERFORMANCE: 450000  averaging 375.067 ns/day, 0.000921435 sec/step with standard deviation 1.03015e-05
ENERGY:  450000         8.5706        30.4479        17.4244         1.6012         -46298.3847    -85920.9032         0.0000         0.0000      9748.6282        -122412.6157       298.4658   -132161.2439   -122375.3475       297.8199           -177.5728      -181.4597    167288.5528       -95.9864       -95.6619

WRITING EXTENDED SYSTEM TO RESTART FILE AT STEP 450000
WRITING COORDINATES TO DCD FILE ../output/01_eq_1_CLK.0.dcd AT STEP 450000
WRITING COORDINATES TO RESTART FILE AT STEP 450000
FINISHED WRITING RESTART COORDINATES
WRITING VELOCITIES TO RESTART FILE AT STEP 450000
FINISHED WRITING RESTART VELOCITIES
PRESSURE: 460000 2888.31 -64.332 -223.072 -64.3328 -1986.01 80.4009 -223.072 80.3994 497.029
GPRESSURE: 460000 2932.92 -195.862 -228.313 -16.1238 -2004.8 21.0077 -271.148 127.222 463.935
PRESSAVG: 460000 2008.5 -78.151 -81.4563 -78.151 -2139.48 -5.45686 -81.4563 -5.45686 -14.9687
GPRESSAVG: 460000 2014.07 -81.689 -49.0661 -72.0493 -2136.93 -14.902 -100.175 6.17442 -21.8937
TIMING: 460000  CPU: 423.948, 0.000931274/step  Wall: 423.98, 0.000931348/step, 371.075 ns/days, 1.17453 hours remaining, 0.000000 MB of memory in use.
PERFORMANCE: 460000  averaging 374.979 ns/day, 0.000921651 sec/step with standard deviation 1.02907e-05
ENERGY:  460000         9.6781        25.3819        21.3722         1.1922         -46486.3017    -85806.9056         0.0000         0.0000      9676.0794        -122559.5035       296.2446   -132235.5829   -122394.5862       297.5652            466.4439       464.0198    167289.2186       -48.6479       -48.2526

WRITING EXTENDED SYSTEM TO RESTART FILE AT STEP 460000
WRITING COORDINATES TO DCD FILE ../output/01_eq_1_CLK.0.dcd AT STEP 460000
WRITING COORDINATES TO RESTART FILE AT STEP 460000
FINISHED WRITING RESTART COORDINATES
WRITING VELOCITIES TO RESTART FILE AT STEP 460000
FINISHED WRITING RESTART VELOCITIES
PRESSURE: 470000 2186.32 -281.232 146.519 -281.233 -1749.43 -281.106 146.518 -281.108 269.486
GPRESSURE: 470000 2180.84 -296.38 44.8741 -177.488 -1810.92 -274.898 122.642 -234.309 331.827
PRESSAVG: 470000 2022.82 -87.186 -59.0804 -87.186 -2103.33 -15.7536 -59.0804 -15.7536 12.9229
GPRESSAVG: 470000 2027.55 -88.2369 -39.1807 -73.5104 -2104.24 -23.0509 -79.4432 -7.79186 10.0073
TIMING: 470000  CPU: 433.203, 0.000925474/step  Wall: 433.235, 0.000925471/step, 373.431 ns/days, 1.16455 hours remaining, 0.000000 MB of memory in use.
PERFORMANCE: 470000  averaging 374.946 ns/day, 0.000921732 sec/step with standard deviation 1.01935e-05
ENERGY:  470000         7.6707        27.0987        16.4282         1.0500         -46365.5150    -85857.1095         0.0000         0.0000      9800.2059        -122370.1711       300.0449   -132170.3770   -122402.7909       297.6412            235.4573       233.9157    167411.8676       -22.5289       -22.2250

WRITING EXTENDED SYSTEM TO RESTART FILE AT STEP 470000
WRITING COORDINATES TO DCD FILE ../output/01_eq_1_CLK.0.dcd AT STEP 470000
WRITING COORDINATES TO RESTART FILE AT STEP 470000
FINISHED WRITING RESTART COORDINATES
WRITING VELOCITIES TO RESTART FILE AT STEP 470000
FINISHED WRITING RESTART VELOCITIES
PRESSURE: 480000 2017.59 -202.206 95.4341 -202.208 -2691.39 86.4983 95.4359 86.5001 -66.7054
GPRESSURE: 480000 2099.42 -172.296 86.858 -225.023 -2750.19 53.8274 14.001 101.816 -81.9324
PRESSAVG: 480000 1992.76 -103.265 -64.6949 -103.265 -2169.41 -10.2477 -64.6949 -10.2477 -22.6411
GPRESSAVG: 480000 2000.64 -107.523 -48.4175 -87.4889 -2175.57 -16.5083 -84.8576 -3.0071 -23.4192
TIMING: 480000  CPU: 442.436, 0.000923359/step  Wall: 442.469, 0.00092341/step, 374.265 ns/days, 1.15939 hours remaining, 0.000000 MB of memory in use.
PERFORMANCE: 480000  averaging 374.932 ns/day, 0.000921767 sec/step with standard deviation 1.00874e-05
ENERGY:  480000         8.9877        29.0927        16.8529         0.4417         -46106.8604    -86046.4635         0.0000         0.0000      9744.5187        -122353.4302       298.3400   -132097.9489   -122397.1984       297.9250           -246.8366      -244.2339    167527.4269       -66.4301       -66.1166

WRITING EXTENDED SYSTEM TO RESTART FILE AT STEP 480000
WRITING COORDINATES TO DCD FILE ../output/01_eq_1_CLK.0.dcd AT STEP 480000
WRITING COORDINATES TO RESTART FILE AT STEP 480000
FINISHED WRITING RESTART COORDINATES
WRITING VELOCITIES TO RESTART FILE AT STEP 480000
FINISHED WRITING RESTART VELOCITIES
PRESSURE: 490000 2406.66 -30.7004 -111.852 -30.7009 -2136.75 -172.445 -111.854 -172.444 207.53
GPRESSURE: 490000 2444.54 -74.4523 -77.0546 -18.1241 -2139.72 -200.275 -167.387 -200.268 180.277
PRESSAVG: 490000 2028.83 -100.411 -77.29 -100.411 -2148.3 -0.162351 -77.29 -0.162351 13.9924
GPRESSAVG: 490000 2041.74 -110.399 -63.5059 -82.8309 -2156.88 -5.03185 -102.989 5.71852 11.8245
TIMING: 490000  CPU: 451.665, 0.000922874/step  Wall: 451.698, 0.000922871/step, 374.484 ns/days, 1.15615 hours remaining, 0.000000 MB of memory in use.
PERFORMANCE: 490000  averaging 374.923 ns/day, 0.00092179 sec/step with standard deviation 9.98302e-06
ENERGY:  490000        14.2404        27.7944        20.2675         0.6910         -46425.3356    -85921.1252         0.0000         0.0000      9833.1657        -122450.3018       301.0540   -132283.4675   -122410.1897       297.9368            159.1477       161.6978    167315.0161       -35.1585       -34.4369

WRITING EXTENDED SYSTEM TO RESTART FILE AT STEP 490000
WRITING COORDINATES TO DCD FILE ../output/01_eq_1_CLK.0.dcd AT STEP 490000
WRITING COORDINATES TO RESTART FILE AT STEP 490000
FINISHED WRITING RESTART COORDINATES
WRITING VELOCITIES TO RESTART FILE AT STEP 490000
FINISHED WRITING RESTART VELOCITIES
PRESSURE: 500000 1567.03 -51.0455 -82.8489 -51.0434 -2621.65 -159.267 -82.8493 -159.266 -176.793
GPRESSURE: 500000 1569.89 90.2696 -129.054 -320.01 -2607.25 -54.5313 22.2099 -267.745 -203.72
PRESSAVG: 500000 1991.02 -97.9446 -74.1258 -97.9446 -2182.59 9.14235 -74.1258 9.14235 14.674
GPRESSAVG: 500000 2005.88 -96.6529 -58.1054 -100.121 -2190.47 13.1211 -88.3227 9.68601 9.77693
TIMING: 500000  CPU: 460.912, 0.000924675/step  Wall: 460.945, 0.000924727/step, 373.732 ns/days, 1.15591 hours remaining, 0.000000 MB of memory in use.
PERFORMANCE: 500000  averaging 374.899 ns/day, 0.000921848 sec/step with standard deviation 9.88936e-06
ETITLE:      TS           BOND          ANGLE          DIHED          IMPRP               ELECT            VDW       BOUNDARY           MISC        KINETIC               TOTAL           TEMP      POTENTIAL       TOTALAVG        TEMPAVG            PRESSURE      GPRESSURE         VOLUME       PRESSAVG      GPRESSAVG

ENERGY:  500000        11.2830        25.8243        20.6059         1.1003         -46107.1056    -86033.6831         0.0000         0.0000      9612.2100        -122469.7652       294.2892   -132081.9752   -122409.7209       297.7495           -410.4708      -413.6942    166495.3984       -58.9655       -58.2695

WRITING EXTENDED SYSTEM TO RESTART FILE AT STEP 500000
WRITING COORDINATES TO DCD FILE ../output/01_eq_1_CLK.0.dcd AT STEP 500000
WRITING COORDINATES TO RESTART FILE AT STEP 500000
FINISHED WRITING RESTART COORDINATES
WRITING VELOCITIES TO RESTART FILE AT STEP 500000
FINISHED WRITING RESTART VELOCITIES
PRESSURE: 510000 1561.29 87.0043 131.891 87.0054 -2664.64 -196.612 131.891 -196.612 -735.534
GPRESSURE: 510000 1537.56 22.7442 82.2675 175.296 -2587.91 -178.572 125.881 -128.022 -769.854
PRESSAVG: 510000 1991.68 -87.4704 -70.5906 -87.4704 -2197.12 -21.3226 -70.5906 -21.3226 -36.6511
GPRESSAVG: 510000 2004.83 -90.4316 -48.0603 -80.8027 -2201.86 -16.3287 -91.5307 -19.6163 -41.9072
TIMING: 510000  CPU: 470.228, 0.000931579/step  Wall: 470.261, 0.00093164/step, 370.959 ns/days, 1.16196 hours remaining, 0.000000 MB of memory in use.
PERFORMANCE: 510000  averaging 374.821 ns/day, 0.00092204 sec/step with standard deviation 9.88551e-06
ENERGY:  510000        10.5853        35.0371        16.7228         3.2479         -46408.7388    -85932.7173         0.0000         0.0000      9791.5226        -122484.3403       299.7790   -132275.8629   -122400.5986       298.1681           -612.9620      -606.7326    167802.7911       -80.6970       -79.6475

WRITING EXTENDED SYSTEM TO RESTART FILE AT STEP 510000
WRITING COORDINATES TO DCD FILE ../output/01_eq_1_CLK.0.dcd AT STEP 510000
WRITING COORDINATES TO RESTART FILE AT STEP 510000
FINISHED WRITING RESTART COORDINATES
WRITING VELOCITIES TO RESTART FILE AT STEP 510000
FINISHED WRITING RESTART VELOCITIES
PRESSURE: 520000 2336.48 317.082 484.44 317.081 -2101.25 34.378 484.44 34.3794 26.8436
GPRESSURE: 520000 2257.49 288.263 492.943 302.777 -2068.23 -3.14502 437.094 22.8219 55.2981
PRESSAVG: 520000 2037.18 -66.8824 -39.8927 -66.8824 -2172.08 -12.2027 -39.8927 -12.2027 -58.4843
GPRESSAVG: 520000 2048.22 -74.1757 -12.9459 -53.6177 -2173.77 -10.453 -62.2452 -9.74877 -65.2112
TIMING: 520000  CPU: 479.52, 0.000929267/step  Wall: 479.554, 0.000929292/step, 371.896 ns/days, 1.15645 hours remaining, 0.000000 MB of memory in use.
PERFORMANCE: 520000  averaging 374.764 ns/day, 0.00092218 sec/step with standard deviation 9.83963e-06
ENERGY:  520000         6.1022        25.8486        19.6619         0.8541         -46214.6477    -85951.8847         0.0000         0.0000      9638.8099        -122475.2558       295.1036   -132114.0656   -122413.8834       298.0736             87.3584        81.5208    167305.8306       -64.4600       -63.5857

WRITING EXTENDED SYSTEM TO RESTART FILE AT STEP 520000
WRITING COORDINATES TO DCD FILE ../output/01_eq_1_CLK.0.dcd AT STEP 520000
WRITING COORDINATES TO RESTART FILE AT STEP 520000
FINISHED WRITING RESTART COORDINATES
WRITING VELOCITIES TO RESTART FILE AT STEP 520000
FINISHED WRITING RESTART VELOCITIES
PRESSURE: 530000 2074.03 78.9384 11.6243 78.9389 -1910.22 432.437 11.6259 432.436 8.21077
GPRESSURE: 530000 2034.1 136.222 55.6889 94.2456 -1919.39 430.585 -73.7827 401.559 61.6384
PRESSAVG: 530000 2049.33 -73.2514 -41.0248 -73.2514 -2166.96 11.5707 -41.0248 11.5707 -66.885
GPRESSAVG: 530000 2058.42 -78.8301 -14.6627 -56.5367 -2167.68 10.7293 -67.4949 14.8617 -73.6087
TIMING: 530000  CPU: 488.814, 0.000929339/step  Wall: 488.85, 0.000929534/step, 371.799 ns/days, 1.15417 hours remaining, 0.000000 MB of memory in use.
PERFORMANCE: 530000  averaging 374.708 ns/day, 0.000922319 sec/step with standard deviation 9.79677e-06
ENERGY:  530000         7.8734        38.0566        16.7153         1.8846         -46379.3938    -85915.1448         0.0000         0.0000      9580.9235        -122649.0852       293.3313   -132230.0086   -122417.2805       298.0533             57.3422        58.7854    166824.9233       -61.5037       -60.9573

WRITING EXTENDED SYSTEM TO RESTART FILE AT STEP 530000
WRITING COORDINATES TO DCD FILE ../output/01_eq_1_CLK.0.dcd AT STEP 530000
WRITING COORDINATES TO RESTART FILE AT STEP 530000
FINISHED WRITING RESTART COORDINATES
WRITING VELOCITIES TO RESTART FILE AT STEP 530000
FINISHED WRITING RESTART VELOCITIES
PRESSURE: 540000 1958.59 116.204 134.601 116.204 -2125.19 71.5241 134.601 71.5237 361.519
GPRESSURE: 540000 1993.16 133.839 130.534 153.493 -2105.81 125.002 164.219 106.724 295.957
PRESSAVG: 540000 2053.77 -70.2157 -31.2744 -70.2157 -2161.66 10.862 -31.2744 10.862 -18.5585
GPRESSAVG: 540000 2065.52 -74.0883 -8.36867 -53.6331 -2162.56 11.7256 -53.8603 16.2148 -28.4948
TIMING: 540000  CPU: 498.078, 0.00092638/step  Wall: 498.114, 0.000926457/step, 373.034 ns/days, 1.14778 hours remaining, 0.000000 MB of memory in use.
PERFORMANCE: 540000  averaging 374.677 ns/day, 0.000922395 sec/step with standard deviation 9.72024e-06
ENERGY:  540000         8.4020        33.1571        15.6506         0.9770         -46221.2617    -85892.2798         0.0000         0.0000      9717.3887        -122337.9662       297.5094   -132055.3549   -122417.3488       297.9948             64.9739        61.0997    168513.9984       -42.1525       -41.8460

WRITING EXTENDED SYSTEM TO RESTART FILE AT STEP 540000
WRITING COORDINATES TO DCD FILE ../output/01_eq_1_CLK.0.dcd AT STEP 540000
WRITING COORDINATES TO RESTART FILE AT STEP 540000
FINISHED WRITING RESTART COORDINATES
WRITING VELOCITIES TO RESTART FILE AT STEP 540000
FINISHED WRITING RESTART VELOCITIES
PRESSURE: 550000 1862.55 -5.10628 -35.9681 -5.10442 -1751 -377.054 -35.9676 -377.051 347.713
GPRESSURE: 550000 1931.5 43.5759 176.992 -0.615425 -1842.71 -281.825 -148.515 -389.406 368.523
PRESSAVG: 550000 2082.11 -76.401 -31.61 -76.401 -2112.18 -12.9027 -31.61 -12.9027 13.9022
GPRESSAVG: 550000 2097.85 -73.9716 -1.89812 -63.522 -2117.11 -6.90473 -58.8497 -6.06296 3.31549
TIMING: 550000  CPU: 507.314, 0.000923627/step  Wall: 507.351, 0.000923728/step, 374.136 ns/days, 1.14183 hours remaining, 0.000000 MB of memory in use.
PERFORMANCE: 550000  averaging 374.667 ns/day, 0.000922419 sec/step with standard deviation 9.6315e-06
ENERGY:  550000         5.6077        35.0138        14.2045         2.0238         -46370.7698    -85879.2534         0.0000         0.0000      9696.4047        -122496.7686       296.8669   -132193.1733   -122433.0728       297.8130            153.0873       152.4389    167611.4909        -5.3894        -5.3153

WRITING EXTENDED SYSTEM TO RESTART FILE AT STEP 550000
WRITING COORDINATES TO DCD FILE ../output/01_eq_1_CLK.0.dcd AT STEP 550000
WRITING COORDINATES TO RESTART FILE AT STEP 550000
FINISHED WRITING RESTART COORDINATES
WRITING VELOCITIES TO RESTART FILE AT STEP 550000
FINISHED WRITING RESTART VELOCITIES
PRESSURE: 560000 1855.28 56.174 42.9365 56.1763 -2216.55 32.979 42.9357 32.9804 -163.605
GPRESSURE: 560000 1851.25 102.762 29.8844 -1.12713 -2225.16 -68.0511 69.2519 102.847 -138.601
PRESSAVG: 560000 2077.63 -63.6604 -24.0914 -63.6604 -2149.34 -2.23751 -24.0914 -2.23751 -5.13727
GPRESSAVG: 560000 2093.98 -56.1556 6.01644 -58.7283 -2151.13 -0.456628 -46.1579 9.3987 -18.2332
TIMING: 560000  CPU: 516.56, 0.000924665/step  Wall: 516.599, 0.000924758/step, 373.72 ns/days, 1.14053 hours remaining, 0.000000 MB of memory in use.
PERFORMANCE: 560000  averaging 374.65 ns/day, 0.000922461 sec/step with standard deviation 9.54865e-06
ENERGY:  560000         3.0032        27.6694        17.9671         0.6443         -46238.3948    -86051.2460         0.0000         0.0000      9755.5394        -122484.8175       298.6774   -132240.3569   -122433.9827       297.7031           -174.9568      -170.8345    167610.1334       -25.6162       -25.1278

WRITING EXTENDED SYSTEM TO RESTART FILE AT STEP 560000
WRITING COORDINATES TO DCD FILE ../output/01_eq_1_CLK.0.dcd AT STEP 560000
WRITING COORDINATES TO RESTART FILE AT STEP 560000
FINISHED WRITING RESTART COORDINATES
WRITING VELOCITIES TO RESTART FILE AT STEP 560000
FINISHED WRITING RESTART VELOCITIES
PRESSURE: 570000 3101.67 269.701 774.587 269.702 -1454.1 325.726 774.585 325.726 995.25
GPRESSURE: 570000 3194.9 351.474 666.864 114.975 -1478.54 332.947 879.078 341.01 922.908
PRESSAVG: 570000 2113.94 -43.884 3.751 -43.884 -2125.96 2.31249 3.751 2.31249 45.7662
GPRESSAVG: 570000 2136.78 -32.1956 27.2812 -44.4142 -2130.07 7.60736 -11.3262 11.9626 28.0695
TIMING: 570000  CPU: 525.774, 0.000921328/step  Wall: 525.814, 0.000921519/step, 375.033 ns/days, 1.13398 hours remaining, 0.000000 MB of memory in use.
PERFORMANCE: 570000  averaging 374.657 ns/day, 0.000922445 sec/step with standard deviation 9.46383e-06
ENERGY:  570000         8.1027        33.9307        21.8654         1.9594         -46631.2911    -85642.6284         0.0000         0.0000      9652.8950        -122555.1662       295.5348   -132208.0612   -122443.0579       297.3926            880.9381       879.7552    166165.3989        11.2486        11.5949

WRITING EXTENDED SYSTEM TO RESTART FILE AT STEP 570000
WRITING COORDINATES TO DCD FILE ../output/01_eq_1_CLK.0.dcd AT STEP 570000
WRITING COORDINATES TO RESTART FILE AT STEP 570000
FINISHED WRITING RESTART COORDINATES
WRITING VELOCITIES TO RESTART FILE AT STEP 570000
FINISHED WRITING RESTART VELOCITIES
PRESSURE: 580000 3420.47 22.3432 193.452 22.345 -1399.98 -184.876 193.451 -184.877 408.423
GPRESSURE: 580000 3416.16 115.839 239.987 -64.0693 -1384.35 -212.186 157.011 -218.457 394.816
PRESSAVG: 580000 2135.9 -37.0492 -6.25891 -37.0492 -2078.37 -22.1596 -6.25891 -22.1596 71.698
GPRESSAVG: 580000 2158.32 -20.0078 16.9893 -40.5346 -2083.93 -21.4617 -15.2466 -19.2961 55.1617
TIMING: 580000  CPU: 534.96, 0.000918576/step  Wall: 534.999, 0.000918525/step, 376.255 ns/days, 1.12774 hours remaining, 0.000000 MB of memory in use.
PERFORMANCE: 580000  averaging 374.684 ns/day, 0.000922377 sec/step with standard deviation 9.39456e-06
ENERGY:  580000         7.7100        36.5833        17.5384         0.6579         -46094.4685    -85907.3967         0.0000         0.0000      9681.7278        -122257.6480       296.4175   -131939.3757   -122440.9379       297.2077            809.6375       808.8737    166428.7211        43.0754        43.1859

WRITING EXTENDED SYSTEM TO RESTART FILE AT STEP 580000
WRITING COORDINATES TO DCD FILE ../output/01_eq_1_CLK.0.dcd AT STEP 580000
WRITING COORDINATES TO RESTART FILE AT STEP 580000
FINISHED WRITING RESTART COORDINATES
WRITING VELOCITIES TO RESTART FILE AT STEP 580000
FINISHED WRITING RESTART VELOCITIES
PRESSURE: 590000 1810.37 249.01 325.579 249.008 -2390.8 -185.598 325.583 -185.598 -20.7606
GPRESSURE: 590000 1814.4 207.663 411.405 225.424 -2334.79 -241.882 258.031 -171.383 -88.8851
PRESSAVG: 590000 2119.77 -21.4424 16.0286 -21.4424 -2092.49 -35.8091 16.0286 -35.8091 64.6627
GPRESSAVG: 590000 2139.79 -13.3205 35.1574 -23.4923 -2095.45 -38.9917 3.31766 -32.2175 48.0759
TIMING: 590000  CPU: 544.126, 0.000916679/step  Wall: 544.167, 0.000916725/step, 376.994 ns/days, 1.12299 hours remaining, 0.000000 MB of memory in use.
PERFORMANCE: 590000  averaging 374.723 ns/day, 0.000922281 sec/step with standard deviation 9.34224e-06
ENERGY:  590000        10.4764        35.4944        20.7199         0.2447         -46387.9961    -85851.5998         0.0000         0.0000      9804.6573        -122368.0031       300.1812   -132172.6605   -122445.4290       297.3119           -200.3953      -203.0905    168021.4476        30.6473        30.8056

WRITING EXTENDED SYSTEM TO RESTART FILE AT STEP 590000
WRITING COORDINATES TO DCD FILE ../output/01_eq_1_CLK.0.dcd AT STEP 590000
WRITING COORDINATES TO RESTART FILE AT STEP 590000
FINISHED WRITING RESTART COORDINATES
WRITING VELOCITIES TO RESTART FILE AT STEP 590000
FINISHED WRITING RESTART VELOCITIES
PRESSURE: 600000 2096.44 102.168 -143.438 102.169 -1703.95 -97.6352 -143.437 -97.634 33.8899
GPRESSURE: 600000 2072.94 59.003 -68.2041 194.14 -1711.62 -124.807 -275.661 -17.669 43.7616
PRESSAVG: 600000 2138.87 -19.0973 22.3567 -19.0973 -2068.32 -40.7775 22.3567 -40.7775 109.316
GPRESSAVG: 600000 2157.51 -12.5888 37.7622 -16.5322 -2073.43 -48.0614 5.72823 -32.1799 94.4976
TIMING: 600000  CPU: 553.281, 0.000915469/step  Wall: 553.322, 0.000915502/step, 377.498 ns/days, 1.11895 hours remaining, 0.000000 MB of memory in use.
PERFORMANCE: 600000  averaging 374.769 ns/day, 0.000922168 sec/step with standard deviation 9.30399e-06
ETITLE:      TS           BOND          ANGLE          DIHED          IMPRP               ELECT            VDW       BOUNDARY           MISC        KINETIC               TOTAL           TEMP      POTENTIAL       TOTALAVG        TEMPAVG            PRESSURE      GPRESSURE         VOLUME       PRESSAVG      GPRESSAVG

ENERGY:  600000         7.9311        28.5359        20.1782         2.0848         -46187.4249    -85906.6468         0.0000         0.0000      9604.1893        -122431.1523       294.0436   -132035.3416   -122443.4836       297.2332            142.1284       135.0284    167297.3075        59.9571        59.5263

WRITING EXTENDED SYSTEM TO RESTART FILE AT STEP 600000
WRITING COORDINATES TO DCD FILE ../output/01_eq_1_CLK.0.dcd AT STEP 600000
WRITING COORDINATES TO RESTART FILE AT STEP 600000
FINISHED WRITING RESTART COORDINATES
WRITING VELOCITIES TO RESTART FILE AT STEP 600000
FINISHED WRITING RESTART VELOCITIES
PRESSURE: 610000 2914.86 42.789 -32.01 42.7896 -1314.93 275.322 -32.0083 275.321 -345.362
GPRESSURE: 610000 2877.31 146.819 -182.7 50.7674 -1232.23 410.645 52.2383 96.2844 -399.222
PRESSAVG: 610000 2214.06 3.56566 35.847 3.56566 -2001.11 -18.5954 35.847 -18.5954 94.3181
GPRESSAVG: 610000 2227.03 15.4903 44.7669 1.80666 -1997.19 -17.6395 19.1196 -22.7365 75.0925
TIMING: 610000  CPU: 562.465, 0.000918422/step  Wall: 562.507, 0.000918561/step, 376.241 ns/days, 1.12013 hours remaining, 0.000000 MB of memory in use.
PERFORMANCE: 610000  averaging 374.793 ns/day, 0.000922109 sec/step with standard deviation 9.23768e-06
ENERGY:  610000         9.4543        28.3456        19.0726         0.5195         -46420.5064    -85886.5837         0.0000         0.0000      9669.0186        -122580.6794       296.0284   -132249.6981   -122452.1607       297.2406            418.1898       415.2838    166868.0678       102.4224       101.6427

WRITING EXTENDED SYSTEM TO RESTART FILE AT STEP 610000
WRITING COORDINATES TO DCD FILE ../output/01_eq_1_CLK.0.dcd AT STEP 610000
WRITING COORDINATES TO RESTART FILE AT STEP 610000
FINISHED WRITING RESTART COORDINATES
WRITING VELOCITIES TO RESTART FILE AT STEP 610000
FINISHED WRITING RESTART VELOCITIES
PRESSURE: 620000 1828.39 -157.736 -57.2116 -157.735 -2323.26 351.475 -57.2105 351.476 281.327
GPRESSURE: 620000 1868.81 -98.5626 -143.026 -218.745 -2316.02 383.791 -10.0593 194.309 251.38
PRESSAVG: 620000 2203.8 8.91472 50.7319 8.91472 -2000.65 -4.20069 50.7319 -4.20069 96.7145
GPRESSAVG: 620000 2217.95 22.4367 51.8606 0.396787 -1996.85 2.47961 39.2976 -21.8635 77.0609
TIMING: 620000  CPU: 571.643, 0.00091776/step  Wall: 571.686, 0.000917858/step, 376.529 ns/days, 1.11673 hours remaining, 0.000000 MB of memory in use.
PERFORMANCE: 620000  averaging 374.821 ns/day, 0.000922041 sec/step with standard deviation 9.17754e-06
ENERGY:  620000         9.2661        29.2151        18.2748         0.3798         -46550.6909    -85869.1933         0.0000         0.0000      9628.1359        -122734.6125       294.7768   -132362.7484   -122462.8717       297.1705            -71.1810       -65.2737    166310.7381        99.9556        99.3875

WRITING EXTENDED SYSTEM TO RESTART FILE AT STEP 620000
WRITING COORDINATES TO DCD FILE ../output/01_eq_1_CLK.0.dcd AT STEP 620000
WRITING COORDINATES TO RESTART FILE AT STEP 620000
FINISHED WRITING RESTART COORDINATES
WRITING VELOCITIES TO RESTART FILE AT STEP 620000
FINISHED WRITING RESTART VELOCITIES
PRESSURE: 630000 2564.57 -87.7192 -99.029 -87.7209 -2410.32 64.3502 -99.0317 64.3512 -7.49106
GPRESSURE: 630000 2490.76 -118.448 -151.741 -88.5905 -2400.08 173.912 -147.696 -5.22023 64.4601
PRESSAVG: 630000 2207.33 -1.50724 50.026 -1.50724 -2056.41 5.37358 50.026 5.37358 85.5828
GPRESSAVG: 630000 2215.42 13.0487 43.0821 -16.9899 -2051.59 21.4081 36.662 -17.2971 71.3613
TIMING: 630000  CPU: 580.784, 0.000914168/step  Wall: 580.828, 0.000914159/step, 378.052 ns/days, 1.10969 hours remaining, 0.000000 MB of memory in use.
PERFORMANCE: 630000  averaging 374.872 ns/day, 0.000921915 sec/step with standard deviation 9.15723e-06
ENERGY:  630000         6.6228        28.5636        18.9041         0.8094         -46354.0042    -85880.6740         0.0000         0.0000      9719.6027        -122460.1754       297.5771   -132179.7782   -122472.6341       297.1568             48.9191        51.7112    166885.5709        78.8358        78.3985

WRITING EXTENDED SYSTEM TO RESTART FILE AT STEP 630000
WRITING COORDINATES TO DCD FILE ../output/01_eq_1_CLK.0.dcd AT STEP 630000
WRITING COORDINATES TO RESTART FILE AT STEP 630000
FINISHED WRITING RESTART COORDINATES
WRITING VELOCITIES TO RESTART FILE AT STEP 630000
FINISHED WRITING RESTART VELOCITIES
PRESSURE: 640000 2974.63 12.975 -153.901 12.9761 -1229.62 57.5746 -153.9 57.5752 1102.04
GPRESSURE: 640000 3011.73 131.67 -75.107 48.0578 -1217.38 43.1513 -79.521 101.487 1053.57
PRESSAVG: 640000 2265.42 13.761 62.1339 13.761 -2017.84 6.59475 62.1339 6.59475 139.168
GPRESSAVG: 640000 2273.77 35.976 57.7865 1.31108 -2013.1 19.3905 51.9402 -9.1136 124.549
TIMING: 640000  CPU: 589.935, 0.000915075/step  Wall: 589.978, 0.000915076/step, 377.674 ns/days, 1.10826 hours remaining, 0.000000 MB of memory in use.
PERFORMANCE: 640000  averaging 374.915 ns/day, 0.000921809 sec/step with standard deviation 9.12441e-06
ENERGY:  640000         8.3307        25.7197        20.5353         1.6820         -46566.0229    -85652.1377         0.0000         0.0000      9642.4394        -122519.4534       295.2147   -132161.8929   -122472.5456       296.9740            949.0182       949.3044    167150.6578       128.9133       128.4058

WRITING EXTENDED SYSTEM TO RESTART FILE AT STEP 640000
WRITING COORDINATES TO DCD FILE ../output/01_eq_1_CLK.0.dcd AT STEP 640000
WRITING COORDINATES TO RESTART FILE AT STEP 640000
FINISHED WRITING RESTART COORDINATES
WRITING VELOCITIES TO RESTART FILE AT STEP 640000
FINISHED WRITING RESTART VELOCITIES
PRESSURE: 650000 1779.77 2.60775 9.77076 2.60714 -2186.11 -452.439 9.77102 -452.438 279.234
GPRESSURE: 650000 1696.08 13.3414 48.7373 94.6389 -2087.65 -485.442 -62.1353 -492.602 285.659
PRESSAVG: 650000 2260.27 23.8462 70.5753 23.8462 -2018.36 -14.718 70.5753 -14.718 165.112
GPRESSAVG: 650000 2263.79 44.3742 70.5917 16.1949 -2011.24 -7.53723 53.2876 -26.45 154.59
TIMING: 650000  CPU: 599.066, 0.000913049/step  Wall: 599.11, 0.000913214/step, 378.443 ns/days, 1.10347 hours remaining, 0.000000 MB of memory in use.
PERFORMANCE: 650000  averaging 374.969 ns/day, 0.000921676 sec/step with standard deviation 9.11538e-06
ENERGY:  650000         7.2282        27.0299        18.0660         0.2981         -46464.1802    -85860.1775         0.0000         0.0000      9824.0515        -122447.6840       300.7750   -132271.7355   -122474.2990       297.0895            -42.3714       -35.3027    167029.0659       135.6734       135.7136

WRITING EXTENDED SYSTEM TO RESTART FILE AT STEP 650000
WRITING COORDINATES TO DCD FILE ../output/01_eq_1_CLK.0.dcd AT STEP 650000
WRITING COORDINATES TO RESTART FILE AT STEP 650000
FINISHED WRITING RESTART COORDINATES
WRITING VELOCITIES TO RESTART FILE AT STEP 650000
FINISHED WRITING RESTART VELOCITIES
PRESSURE: 660000 2103.23 -97.6148 -224.506 -97.6161 -2351.78 -67.422 -224.507 -67.4207 -375.446
GPRESSURE: 660000 2079.82 -57.3074 -182.322 -113.229 -2354.86 -45.0706 -125.588 -146.833 -362.528
PRESSAVG: 660000 2221.01 22.1821 70.5035 22.1821 -2036.65 -22.109 70.5035 -22.109 121.489
GPRESSAVG: 660000 2221.13 51.3019 72.8913 11.3397 -2028.74 -10.8411 60.5656 -40.1527 113.267
TIMING: 660000  CPU: 608.196, 0.000913005/step  Wall: 608.243, 0.000913208/step, 378.446 ns/days, 1.10092 hours remaining, 0.000000 MB of memory in use.
PERFORMANCE: 660000  averaging 375.021 ns/day, 0.000921548 sec/step with standard deviation 9.10487e-06
ENERGY:  660000         6.2756        25.8738        22.3358         1.2257         -46311.5037    -85814.8014         0.0000         0.0000      9649.4878        -122421.1064       295.4305   -132070.5941   -122467.3791       297.0488           -208.0007      -212.5226    168346.2364       101.9512       101.8865

WRITING EXTENDED SYSTEM TO RESTART FILE AT STEP 660000
WRITING COORDINATES TO DCD FILE ../output/01_eq_1_CLK.0.dcd AT STEP 660000
WRITING COORDINATES TO RESTART FILE AT STEP 660000
FINISHED WRITING RESTART COORDINATES
WRITING VELOCITIES TO RESTART FILE AT STEP 660000
FINISHED WRITING RESTART VELOCITIES
PRESSURE: 670000 2036.66 11.0905 -99.2284 11.0914 -2038.8 24.9283 -99.2276 24.9293 108.13
GPRESSURE: 670000 2075.47 28.9356 -164.29 63.4829 -2043.92 104.688 -146.362 63.41 65.4377
PRESSAVG: 670000 2213.53 36.7983 58.2163 36.7983 -2051.12 -6.80711 58.2163 -6.80711 113.421
GPRESSAVG: 670000 2215.86 67.5677 62.433 23.3882 -2040.39 8.13814 47.1154 -25.2668 99.9473
TIMING: 670000  CPU: 617.333, 0.000913678/step  Wall: 617.379, 0.000913684/step, 378.249 ns/days, 1.09896 hours remaining, 0.000000 MB of memory in use.
PERFORMANCE: 670000  averaging 375.069 ns/day, 0.000921431 sec/step with standard deviation 9.08656e-06
ENERGY:  670000        10.2196        29.9406        18.0112         1.4527         -46400.2316    -85881.3150         0.0000         0.0000      9731.7805        -122490.1420       297.9500   -132221.9225   -122473.3777       296.9440             35.3275        32.3293    167402.4859        91.9447        91.8072

WRITING EXTENDED SYSTEM TO RESTART FILE AT STEP 670000
WRITING COORDINATES TO DCD FILE ../output/01_eq_1_CLK.0.dcd AT STEP 670000
WRITING COORDINATES TO RESTART FILE AT STEP 670000
FINISHED WRITING RESTART COORDINATES
WRITING VELOCITIES TO RESTART FILE AT STEP 670000
FINISHED WRITING RESTART VELOCITIES
PRESSURE: 680000 1145.73 -135.67 36.5053 -135.669 -3205.08 56.8065 36.5045 56.8061 -302.402
GPRESSURE: 680000 1098.91 -68.0807 -33.6643 -154.863 -3170.95 108.255 -35.7517 130.885 -284.049
PRESSAVG: 680000 2169.94 40.1252 55.2697 40.1252 -2076.8 -8.29182 55.2697 -8.29182 101.636
GPRESSAVG: 680000 2165.84 72.7785 56.4069 26.8962 -2061.43 10.8595 44.6277 -23.8133 89.8414
TIMING: 680000  CPU: 626.46, 0.000912785/step  Wall: 626.507, 0.000912794/step, 378.618 ns/days, 1.09535 hours remaining, 0.000000 MB of memory in use.
PERFORMANCE: 680000  averaging 375.121 ns/day, 0.000921304 sec/step with standard deviation 9.0791e-06
ENERGY:  680000         6.3934        30.9378        17.4558         1.9632         -46460.5577    -85915.6966         0.0000         0.0000      9759.4540        -122560.0501       298.7972   -132319.5041   -122483.7087       296.9669           -787.2484      -785.3634    167134.9355        64.9241        64.7507

WRITING EXTENDED SYSTEM TO RESTART FILE AT STEP 680000
WRITING COORDINATES TO DCD FILE ../output/01_eq_1_CLK.0.dcd AT STEP 680000
WRITING COORDINATES TO RESTART FILE AT STEP 680000
FINISHED WRITING RESTART COORDINATES
WRITING VELOCITIES TO RESTART FILE AT STEP 680000
FINISHED WRITING RESTART VELOCITIES
PRESSURE: 690000 1844.96 -12.9094 -146.929 -12.9089 -2489.92 571.902 -146.931 571.903 -406.924
GPRESSURE: 690000 1887.22 -86.6077 -96.1782 52.9476 -2468 573.067 -164.221 645.124 -470.637
PRESSAVG: 690000 2141.85 41.0148 53.5158 41.0148 -2094.46 28.9255 53.5158 28.9255 70.9132
GPRESSAVG: 690000 2137.97 72.1707 55.4508 30.4498 -2077.84 49.5266 44.7861 18.4562 57.2958
TIMING: 690000  CPU: 635.613, 0.000915264/step  Wall: 635.661, 0.00091536/step, 377.556 ns/days, 1.09589 hours remaining, 0.000000 MB of memory in use.
PERFORMANCE: 690000  averaging 375.156 ns/day, 0.000921218 sec/step with standard deviation 9.04046e-06
ENERGY:  690000        10.1195        21.3295        18.8542         1.9366         -46546.7200    -85774.3158         0.0000         0.0000      9774.1132        -122494.6828       299.2460   -132268.7960   -122485.9277       296.8765           -350.6278      -350.4716    167187.7934        39.4353        39.1423

WRITING EXTENDED SYSTEM TO RESTART FILE AT STEP 690000
WRITING COORDINATES TO DCD FILE ../output/01_eq_1_CLK.0.dcd AT STEP 690000
WRITING COORDINATES TO RESTART FILE AT STEP 690000
FINISHED WRITING RESTART COORDINATES
WRITING VELOCITIES TO RESTART FILE AT STEP 690000
FINISHED WRITING RESTART VELOCITIES
PRESSURE: 700000 1345.25 303.334 396.187 303.335 -2883.77 -167.29 396.188 -167.289 -184.042
GPRESSURE: 700000 1313.99 198.329 354.902 259.245 -2856 -266.296 363.382 -78.1379 -181.567
PRESSAVG: 700000 2130.76 58.7338 77.4677 58.7338 -2107.56 28.5244 77.4677 28.5244 70.5507
GPRESSAVG: 700000 2125.18 77.5737 79.6486 59.4126 -2090.28 38.9384 61.8446 27.9366 58.4034
TIMING: 700000  CPU: 644.785, 0.000917155/step  Wall: 644.834, 0.000917283/step, 376.765 ns/days, 1.09564 hours remaining, 0.000000 MB of memory in use.
PERFORMANCE: 700000  averaging 375.179 ns/day, 0.000921161 sec/step with standard deviation 8.98702e-06
ETITLE:      TS           BOND          ANGLE          DIHED          IMPRP               ELECT            VDW       BOUNDARY           MISC        KINETIC               TOTAL           TEMP      POTENTIAL       TOTALAVG        TEMPAVG            PRESSURE      GPRESSURE         VOLUME       PRESSAVG      GPRESSAVG

ENERGY:  700000        10.9219        22.1606        17.8755         0.9967         -46349.9599    -85823.7697         0.0000         0.0000      9788.0967        -122333.6780       299.6742   -132121.7747   -122479.1234       297.1457           -574.1886      -574.5263    167569.4863        31.2494        31.1006

WRITING EXTENDED SYSTEM TO RESTART FILE AT STEP 700000
WRITING COORDINATES TO DCD FILE ../output/01_eq_1_CLK.0.dcd AT STEP 700000
WRITING COORDINATES TO RESTART FILE AT STEP 700000
FINISHED WRITING RESTART COORDINATES
WRITING VELOCITIES TO RESTART FILE AT STEP 700000
FINISHED WRITING RESTART VELOCITIES
PRESSURE: 710000 2622.2 -134.946 218.686 -134.947 -1778.93 -11.903 218.684 -11.9053 558.604
GPRESSURE: 710000 2647.36 -54.9322 307.345 -179.144 -1806.06 -145.066 137.296 77.8002 555.624
PRESSAVG: 710000 2183.81 47.6362 81.8074 47.6362 -2063.28 37.7597 81.8074 37.7597 135.258
GPRESSAVG: 710000 2180.67 73.6899 90.9024 41.6906 -2051.19 40.6137 62.4154 38.2277 124.677
TIMING: 710000  CPU: 654.065, 0.000928077/step  Wall: 654.115, 0.000928082/step, 372.381 ns/days, 1.10596 hours remaining, 0.000000 MB of memory in use.
PERFORMANCE: 710000  averaging 375.139 ns/day, 0.000921259 sec/step with standard deviation 8.96032e-06
ENERGY:  710000         6.6696        37.3751        13.9185         0.3312         -46406.1759    -85990.0798         0.0000         0.0000      9638.5231        -122699.4381       295.0948   -132337.9612   -122489.8782       296.9115            467.2903       465.6392    165971.9088        85.2620        84.7192

WRITING EXTENDED SYSTEM TO RESTART FILE AT STEP 710000
WRITING COORDINATES TO DCD FILE ../output/01_eq_1_CLK.0.dcd AT STEP 710000
WRITING COORDINATES TO RESTART FILE AT STEP 710000
FINISHED WRITING RESTART COORDINATES
WRITING VELOCITIES TO RESTART FILE AT STEP 710000
FINISHED WRITING RESTART VELOCITIES
PRESSURE: 720000 2313.79 317.947 12.6665 317.95 -2352.32 305.428 12.6638 305.427 -1209.19
GPRESSURE: 720000 2276.68 349.774 82.7267 260.753 -2317.03 417.953 -30.9652 222.181 -1216.17
PRESSAVG: 720000 2182.67 47.6796 58.2186 47.6796 -2075.83 51.3121 58.2186 51.3121 73.4562
GPRESSAVG: 720000 2181.63 76.7654 70.3916 39.5894 -2063.63 61.6686 39.0124 48.1956 61.104
TIMING: 720000  CPU: 663.235, 0.000916937/step  Wall: 663.286, 0.000917146/step, 376.821 ns/days, 1.09038 hours remaining, 0.000000 MB of memory in use.
PERFORMANCE: 720000  averaging 375.162 ns/day, 0.000921202 sec/step with standard deviation 8.91019e-06
ENERGY:  720000        11.4858        27.6648        18.1220         0.8519         -46253.7135    -85975.1170         0.0000         0.0000      9643.6901        -122527.0159       295.2530   -132170.7060   -122492.4662       296.9190           -415.9061      -418.8399    167912.1226        60.0988        59.7012

WRITING EXTENDED SYSTEM TO RESTART FILE AT STEP 720000
WRITING COORDINATES TO DCD FILE ../output/01_eq_1_CLK.0.dcd AT STEP 720000
WRITING COORDINATES TO RESTART FILE AT STEP 720000
FINISHED WRITING RESTART COORDINATES
WRITING VELOCITIES TO RESTART FILE AT STEP 720000
FINISHED WRITING RESTART VELOCITIES
PRESSURE: 730000 2122.99 138.024 88.4038 138.024 -1760.87 -298.622 88.4052 -298.621 1094.13
GPRESSURE: 730000 2129.62 82.7538 -35.8632 120.251 -1741.41 -316.475 287.986 -284.804 1058.21
PRESSAVG: 730000 2185.12 50.6339 62.0575 50.6339 -2068.36 14.7593 62.0575 14.7593 127.752
GPRESSAVG: 730000 2186.4 74.092 65.814 40.8897 -2054.73 24.3156 57.1009 13.8775 110.932
TIMING: 730000  CPU: 672.426, 0.000919077/step  Wall: 672.477, 0.000919064/step, 376.035 ns/days, 1.09011 hours remaining, 0.000000 MB of memory in use.
PERFORMANCE: 730000  averaging 375.174 ns/day, 0.000921172 sec/step with standard deviation 8.85164e-06
ENERGY:  730000         7.5813        26.5692        18.5999         0.2239         -46563.8727    -85752.9237         0.0000         0.0000      9859.7957        -122404.0265       301.8693   -132263.8222   -122480.2133       297.3459            485.4163       482.1391    166952.0489        81.5025        80.8689

WRITING EXTENDED SYSTEM TO RESTART FILE AT STEP 730000
WRITING COORDINATES TO DCD FILE ../output/01_eq_1_CLK.0.dcd AT STEP 730000
WRITING COORDINATES TO RESTART FILE AT STEP 730000
FINISHED WRITING RESTART COORDINATES
WRITING VELOCITIES TO RESTART FILE AT STEP 730000
FINISHED WRITING RESTART VELOCITIES
PRESSURE: 740000 2089.72 -36.9699 3.40269 -36.9731 -1778.47 -209.627 3.39977 -209.626 -505.989
GPRESSURE: 740000 2055.86 -79.0349 147.345 8.66378 -1743.78 -213.488 -77.0121 -309.836 -492.988
PRESSAVG: 740000 2191.68 42.975 55.4975 42.975 -2051.03 0.701745 55.4975 0.701745 84.3768
GPRESSAVG: 740000 2189.54 63.4483 66.6546 33.6482 -2036.63 7.39112 45.0393 -6.95049 71.4852
TIMING: 740000  CPU: 681.598, 0.00091727/step  Wall: 681.65, 0.000917295/step, 376.76 ns/days, 1.08547 hours remaining, 0.000000 MB of memory in use.
PERFORMANCE: 740000  averaging 375.195 ns/day, 0.00092112 sec/step with standard deviation 8.80235e-06
ENERGY:  740000         4.4814        31.2781        16.7327         0.7561         -46496.7522    -85823.0416         0.0000         0.0000      9697.7708        -122568.7748       296.9087   -132266.5456   -122491.7537       297.3159            -64.9115       -60.3031    167622.3159        75.0083        74.7987

WRITING EXTENDED SYSTEM TO RESTART FILE AT STEP 740000
WRITING COORDINATES TO DCD FILE ../output/01_eq_1_CLK.0.dcd AT STEP 740000
WRITING COORDINATES TO RESTART FILE AT STEP 740000
FINISHED WRITING RESTART COORDINATES
WRITING VELOCITIES TO RESTART FILE AT STEP 740000
FINISHED WRITING RESTART VELOCITIES
PRESSURE: 750000 1984.81 -110.59 -200.01 -110.586 -2367.68 468.557 -200.009 468.556 127.777
GPRESSURE: 750000 1948.54 -111.577 -145.773 14.9118 -2345.4 445.757 -168.042 573.394 133.637
PRESSAVG: 750000 2197.79 37.7009 47.2954 37.7009 -2081.86 42.9821 47.2954 42.9821 73.38
GPRESSAVG: 750000 2190.39 55.6907 50.5163 34.4246 -2061.76 43.7703 44.063 41.1895 59.7408
TIMING: 750000  CPU: 690.742, 0.000914367/step  Wall: 690.794, 0.000914401/step, 377.953 ns/days, 1.0795 hours remaining, 0.000000 MB of memory in use.
PERFORMANCE: 750000  averaging 375.232 ns/day, 0.00092103 sec/step with standard deviation 8.77704e-06
ENERGY:  750000        13.0354        22.8772        17.2875         1.4511         -46253.1538    -85924.8101         0.0000         0.0000      9718.3185        -122404.9942       297.5378   -132123.3126   -122487.1650       297.3494            -85.0324       -87.7402    166903.6655        63.1023        62.7898

WRITING EXTENDED SYSTEM TO RESTART FILE AT STEP 750000
WRITING COORDINATES TO DCD FILE ../output/01_eq_1_CLK.0.dcd AT STEP 750000
WRITING COORDINATES TO RESTART FILE AT STEP 750000
FINISHED WRITING RESTART COORDINATES
WRITING VELOCITIES TO RESTART FILE AT STEP 750000
FINISHED WRITING RESTART VELOCITIES
PRESSURE: 760000 2376.57 339.487 258.771 339.486 -1508.6 603.635 258.772 603.635 13.9413
GPRESSURE: 760000 2355.34 443.581 229.535 305.978 -1533.21 520.356 199.841 551.583 55.6514
PRESSAVG: 760000 2223.85 51.8664 58.0872 51.8664 -2046.47 71.5149 58.0872 71.5149 82.2572
GPRESSAVG: 760000 2215.59 72.7316 60.4989 49.7798 -2027.16 73.1906 50.5924 63.6263 69.4535
TIMING: 760000  CPU: 699.902, 0.000915965/step  Wall: 699.953, 0.000915977/step, 377.302 ns/days, 1.07882 hours remaining, 0.000000 MB of memory in use.
PERFORMANCE: 760000  averaging 375.259 ns/day, 0.000920964 sec/step with standard deviation 8.73758e-06
ENERGY:  760000         8.8544        27.1413        15.1092         2.1303         -46553.6100    -85846.3432         0.0000         0.0000      9807.2662        -122539.4517       300.2611   -132346.7180   -122489.8967       297.4286            293.9700       292.5942    167237.2453        86.5486        85.9612

WRITING EXTENDED SYSTEM TO RESTART FILE AT STEP 760000
WRITING COORDINATES TO DCD FILE ../output/01_eq_1_CLK.0.dcd AT STEP 760000
WRITING COORDINATES TO RESTART FILE AT STEP 760000
FINISHED WRITING RESTART COORDINATES
WRITING VELOCITIES TO RESTART FILE AT STEP 760000
FINISHED WRITING RESTART VELOCITIES
PRESSURE: 770000 2878.2 268.025 80.8081 268.022 -1281.3 -51.8506 80.8074 -51.8529 -26.928
GPRESSURE: 770000 2940.08 276.354 49.1102 271.653 -1277.37 64.1134 32.4273 -47.7066 -109.231
PRESSAVG: 770000 2212.68 51.7824 23.3983 51.7824 -2037.83 52.6359 23.3983 52.6359 31.1484
GPRESSAVG: 770000 2202.85 68.9756 29.6112 57.6137 -2017.11 59.7489 8.25989 44.1905 17.8465
TIMING: 770000  CPU: 709.081, 0.000917974/step  Wall: 709.134, 0.000918044/step, 376.452 ns/days, 1.0787 hours remaining, 0.000000 MB of memory in use.
PERFORMANCE: 770000  averaging 375.274 ns/day, 0.000920926 sec/step with standard deviation 8.68628e-06
ENERGY:  770000         9.0073        24.5222        23.5355         0.7999         -46477.1800    -85651.4134         0.0000         0.0000      9814.3759        -122256.3526       300.4787   -132070.7285   -122474.9561       297.6758            523.3245       517.8278    166851.9800        68.6679        67.8649

WRITING EXTENDED SYSTEM TO RESTART FILE AT STEP 770000
WRITING COORDINATES TO DCD FILE ../output/01_eq_1_CLK.0.dcd AT STEP 770000
WRITING COORDINATES TO RESTART FILE AT STEP 770000
FINISHED WRITING RESTART COORDINATES
WRITING VELOCITIES TO RESTART FILE AT STEP 770000
FINISHED WRITING RESTART VELOCITIES
PRESSURE: 780000 2555.26 35.7097 82.0541 35.71 -1711.29 -206.241 82.0525 -206.241 233.06
GPRESSURE: 780000 2573.57 80.557 65.6834 65.2393 -1759.83 -242.496 48.977 -234.136 258.775
PRESSAVG: 780000 2169.42 52.4506 17.8284 52.4506 -2053.39 51.5677 17.8284 51.5677 22.3802
GPRESSAVG: 780000 2160.72 67.2115 20.896 64.0791 -2035.88 58.2334 2.85817 43.4066 11.0444
TIMING: 780000  CPU: 718.258, 0.000917678/step  Wall: 718.311, 0.000917719/step, 376.586 ns/days, 1.07577 hours remaining, 0.000000 MB of memory in use.
PERFORMANCE: 780000  averaging 375.291 ns/day, 0.000920885 sec/step with standard deviation 8.63733e-06
ENERGY:  780000         8.5617        30.2664        14.2593         3.5326         -46493.4637    -85739.3190         0.0000         0.0000      9706.2419        -122469.9208       297.1681   -132176.1626   -122485.5697       297.7133            359.0095       357.5041    167328.3586        46.1365        45.2964

WRITING EXTENDED SYSTEM TO RESTART FILE AT STEP 780000
WRITING COORDINATES TO DCD FILE ../output/01_eq_1_CLK.0.dcd AT STEP 780000
WRITING COORDINATES TO RESTART FILE AT STEP 780000
FINISHED WRITING RESTART COORDINATES
WRITING VELOCITIES TO RESTART FILE AT STEP 780000
FINISHED WRITING RESTART VELOCITIES
PRESSURE: 790000 2571.54 151.098 14.0783 151.096 -2478.77 136.748 14.077 136.748 241.63
GPRESSURE: 790000 2499.72 165.952 106.15 178.166 -2471.2 49.5739 115.357 124.81 290.982
PRESSAVG: 790000 2207.48 47.555 2.25312 47.555 -2057.79 67.685 2.25312 67.685 35.4998
GPRESSAVG: 790000 2194.99 65.1259 5.63327 61.7162 -2042.7 72.8062 -4.27552 58.2162 30.0377
TIMING: 790000  CPU: 727.451, 0.000919269/step  Wall: 727.504, 0.0009193/step, 375.938 ns/days, 1.07507 hours remaining, 0.000000 MB of memory in use.
PERFORMANCE: 790000  averaging 375.299 ns/day, 0.000920865 sec/step with standard deviation 8.58363e-06
ENERGY:  790000         8.7599        31.8549        16.8951         1.4380         -46137.7167    -85964.8217         0.0000         0.0000      9684.7359        -122358.8546       296.5096   -132043.5905   -122485.1123       297.5297            111.4663       106.4997    167665.9759        61.7296        60.7759

WRITING EXTENDED SYSTEM TO RESTART FILE AT STEP 790000
WRITING COORDINATES TO DCD FILE ../output/01_eq_1_CLK.0.dcd AT STEP 790000
WRITING COORDINATES TO RESTART FILE AT STEP 790000
FINISHED WRITING RESTART COORDINATES
WRITING VELOCITIES TO RESTART FILE AT STEP 790000
FINISHED WRITING RESTART VELOCITIES
PRESSURE: 800000 1481.21 -19.0929 -131.651 -19.092 -2670.84 57.0978 -131.653 57.102 -592.248
GPRESSURE: 800000 1537.64 -67.3338 -70.8228 31.6123 -2709.89 108.976 -184.084 135.794 -602.812
PRESSAVG: 800000 2176.72 41.4919 2.84233 41.4919 -2106.13 75.4218 2.84233 75.4218 4.19288
GPRESSAVG: 800000 2168.22 58.8091 5.50234 53.5899 -2092.61 84.4953 0.303342 65.8894 -2.29095
TIMING: 800000  CPU: 736.645, 0.000919456/step  Wall: 736.699, 0.000919518/step, 375.849 ns/days, 1.07277 hours remaining, 0.000000 MB of memory in use.
PERFORMANCE: 800000  averaging 375.306 ns/day, 0.000920848 sec/step with standard deviation 8.53046e-06
ETITLE:      TS           BOND          ANGLE          DIHED          IMPRP               ELECT            VDW       BOUNDARY           MISC        KINETIC               TOTAL           TEMP      POTENTIAL       TOTALAVG        TEMPAVG            PRESSURE      GPRESSURE         VOLUME       PRESSAVG      GPRESSAVG

ENERGY:  800000         9.5066        29.5660        15.8338         0.7407         -46376.8567    -85864.1156         0.0000         0.0000      9615.1424        -122570.1828       294.3790   -132185.3251   -122492.0638       297.5465           -593.9593      -591.6879    167629.5120        24.9252        24.4401

WRITING EXTENDED SYSTEM TO RESTART FILE AT STEP 800000
WRITING COORDINATES TO DCD FILE ../output/01_eq_1_CLK.0.dcd AT STEP 800000
WRITING COORDINATES TO RESTART FILE AT STEP 800000
FINISHED WRITING RESTART COORDINATES
WRITING VELOCITIES TO RESTART FILE AT STEP 800000
FINISHED WRITING RESTART VELOCITIES
PRESSURE: 810000 2162.55 -40.3059 64.8356 -40.3026 -1789.58 -30.4383 64.8369 -30.4384 -654.829
GPRESSURE: 810000 2187.29 35.1648 -97.6688 -192.649 -1795.42 78.4889 191.994 -37.2634 -678.318
PRESSAVG: 810000 2139.1 37.3373 7.68459 37.3373 -2129.87 60.1339 7.68459 60.1339 -11.2804
GPRESSAVG: 810000 2133.72 53.2264 9.75389 41.419 -2120.77 67.8875 7.29113 59.212 -16.2458
TIMING: 810000  CPU: 745.879, 0.000923379/step  Wall: 745.933, 0.000923348/step, 374.29 ns/days, 1.07467 hours remaining, 0.000000 MB of memory in use.
PERFORMANCE: 810000  averaging 375.294 ns/day, 0.000920879 sec/step with standard deviation 8.48153e-06
ENERGY:  810000         7.5545        24.0839        13.6485         0.4898         -46148.2408    -85927.4494         0.0000         0.0000      9629.5671        -122400.3464       294.8206   -132029.9134   -122483.0471       297.4861            -93.9540       -95.4818    166851.0686        -0.6820        -1.0982

WRITING EXTENDED SYSTEM TO RESTART FILE AT STEP 810000
WRITING COORDINATES TO DCD FILE ../output/01_eq_1_CLK.0.dcd AT STEP 810000
WRITING COORDINATES TO RESTART FILE AT STEP 810000
FINISHED WRITING RESTART COORDINATES
WRITING VELOCITIES TO RESTART FILE AT STEP 810000
FINISHED WRITING RESTART VELOCITIES
PRESSURE: 820000 2629.45 -3.71728 -120.296 -3.71565 -1783.04 148.644 -120.297 148.643 -7.54031
GPRESSURE: 820000 2571.64 55.043 -115.284 -115.079 -1755.46 287.654 -136.984 48.1839 41.9613
PRESSAVG: 820000 2179.15 45.0383 4.53026 45.0383 -2102.86 49.9922 4.53026 49.9922 -25.7238
GPRESSAVG: 820000 2168.87 60.9067 11.141 46.6023 -2092.74 63.0807 0.944876 51.9057 -26.7167
TIMING: 820000  CPU: 755.093, 0.000921438/step  Wall: 755.149, 0.000921596/step, 375.002 ns/days, 1.07008 hours remaining, 0.000000 MB of memory in use.
PERFORMANCE: 820000  averaging 375.29 ns/day, 0.000920888 sec/step with standard deviation 8.42938e-06
ENERGY:  820000        10.0147        28.6095        16.1561         1.5575         -46141.6831    -85913.0352         0.0000         0.0000      9707.1226        -122291.2578       297.1950   -131998.3804   -122460.8794       297.6070            279.6231       286.0494    166981.8060        16.8582        16.4680

WRITING EXTENDED SYSTEM TO RESTART FILE AT STEP 820000
WRITING COORDINATES TO DCD FILE ../output/01_eq_1_CLK.0.dcd AT STEP 820000
WRITING COORDINATES TO RESTART FILE AT STEP 820000
FINISHED WRITING RESTART COORDINATES
WRITING VELOCITIES TO RESTART FILE AT STEP 820000
FINISHED WRITING RESTART VELOCITIES
PRESSURE: 830000 2099.49 95.0338 296.05 95.0327 -1786.36 -49.3998 296.05 -49.3983 61.3128
GPRESSURE: 830000 2132.22 103.06 239.873 -12.6516 -1828.47 -118.474 327.273 33.6591 65.4789
PRESSAVG: 830000 2155.9 54.176 24.2843 54.176 -2071.66 44.3047 24.2843 44.3047 -22.2836
GPRESSAVG: 830000 2150.94 71.9821 30.7217 50.3992 -2064.16 48.4613 24.6933 53.8497 -26.6658
TIMING: 830000  CPU: 764.316, 0.000922223/step  Wall: 764.372, 0.000922388/step, 374.68 ns/days, 1.06843 hours remaining, 0.000000 MB of memory in use.
PERFORMANCE: 830000  averaging 375.283 ns/day, 0.000920906 sec/step with standard deviation 8.37945e-06
ENERGY:  830000        12.1673        29.5450        18.1849         0.5532         -46262.3390    -85938.7558         0.0000         0.0000      9755.6192        -122385.0253       298.6798   -132140.6445   -122457.1219       297.6622            124.8164       123.0750    166665.7319        20.6531        20.0361

WRITING EXTENDED SYSTEM TO RESTART FILE AT STEP 830000
WRITING COORDINATES TO DCD FILE ../output/01_eq_1_CLK.0.dcd AT STEP 830000
WRITING COORDINATES TO RESTART FILE AT STEP 830000
FINISHED WRITING RESTART COORDINATES
WRITING VELOCITIES TO RESTART FILE AT STEP 830000
FINISHED WRITING RESTART VELOCITIES
PRESSURE: 840000 2103.49 141.447 43.0559 141.445 -2180.66 358.835 43.0559 358.832 83.7158
GPRESSURE: 840000 2100.15 179.691 41.9969 72.7929 -2208.95 432.931 90.5088 309.24 123.96
PRESSAVG: 840000 2112.34 60.5994 34.1321 60.5994 -2119.21 59.3675 34.1321 59.3675 -73.1999
GPRESSAVG: 840000 2105.36 74.3831 36.5769 51.636 -2113.74 67.9504 33.1948 64.2373 -73.1463
TIMING: 840000  CPU: 773.595, 0.000927898/step  Wall: 773.654, 0.00092814/step, 372.358 ns/days, 1.07252 hours remaining, 0.000000 MB of memory in use.
PERFORMANCE: 840000  averaging 375.248 ns/day, 0.000920992 sec/step with standard deviation 8.36613e-06
ENERGY:  840000        11.7816        26.3146        14.7857         0.4384         -46399.4109    -85805.2284         0.0000         0.0000      9860.0691        -122291.2499       301.8777   -132151.3190   -122445.7117       297.9953              2.1839         5.0548    167289.4067       -26.6886       -27.1763

WRITING EXTENDED SYSTEM TO RESTART FILE AT STEP 840000
WRITING COORDINATES TO DCD FILE ../output/01_eq_1_CLK.0.dcd AT STEP 840000
WRITING COORDINATES TO RESTART FILE AT STEP 840000
FINISHED WRITING RESTART COORDINATES
WRITING VELOCITIES TO RESTART FILE AT STEP 840000
FINISHED WRITING RESTART VELOCITIES
PRESSURE: 850000 1857.13 -222.376 -642.281 -222.375 -2561.53 98.4001 -642.28 98.3998 131.148
GPRESSURE: 850000 1860.62 -211.482 -684.987 -212.342 -2570.46 124.242 -663.004 54.2954 145.857
PRESSAVG: 850000 2116.21 49.3503 1.52959 49.3503 -2137.98 86.9094 1.52959 86.9094 -80.6042
GPRESSAVG: 850000 2113.59 63.1419 -0.109319 36.2869 -2137.88 98.4345 3.15135 91.5822 -80.1364
TIMING: 850000  CPU: 782.961, 0.000936603/step  Wall: 783.025, 0.000937131/step, 368.785 ns/days, 1.0803 hours remaining, 0.000000 MB of memory in use.
PERFORMANCE: 850000  averaging 375.17 ns/day, 0.000921182 sec/step with standard deviation 8.49844e-06
ENERGY:  850000        11.1024        27.3992        19.4145         0.8462         -46378.0107    -85907.7012         0.0000         0.0000      9857.6711        -122369.2785       301.8043   -132226.9496   -122441.7914       298.0468           -191.0840      -187.9957    167395.8127       -34.1243       -34.8110

WRITING EXTENDED SYSTEM TO RESTART FILE AT STEP 850000
WRITING COORDINATES TO DCD FILE ../output/01_eq_1_CLK.0.dcd AT STEP 850000
WRITING COORDINATES TO RESTART FILE AT STEP 850000
FINISHED WRITING RESTART COORDINATES
WRITING VELOCITIES TO RESTART FILE AT STEP 850000
FINISHED WRITING RESTART VELOCITIES
PRESSURE: 860000 1583.19 24.4135 -255.113 24.4113 -2583.25 -92.0862 -255.116 -92.0887 124.662
GPRESSURE: 860000 1493.23 -113.863 -239.67 105.379 -2595.98 -130.247 -204.942 -7.99854 229.021
PRESSAVG: 860000 2090.21 55.4517 -0.000822934 55.4517 -2149.55 85.676 -0.000822934 85.676 -55.5988
GPRESSAVG: 860000 2084.26 60.3141 -2.97674 47.2173 -2149.94 94.1757 -0.816337 98.5239 -50.559
TIMING: 860000  CPU: 792.288, 0.000932766/step  Wall: 792.352, 0.000932711/step, 370.533 ns/days, 1.07262 hours remaining, 0.000000 MB of memory in use.
PERFORMANCE: 860000  averaging 375.116 ns/day, 0.000921316 sec/step with standard deviation 8.53929e-06
ENERGY:  860000         8.2878        28.0384        17.8453         1.6154         -46306.0538    -85772.3333         0.0000         0.0000      9726.3173        -122296.2828       297.7827   -132022.6002   -122435.5503       298.1644           -291.7982      -291.2446    167328.2822       -38.3141       -38.7471

WRITING EXTENDED SYSTEM TO RESTART FILE AT STEP 860000
WRITING COORDINATES TO DCD FILE ../output/01_eq_1_CLK.0.dcd AT STEP 860000
WRITING COORDINATES TO RESTART FILE AT STEP 860000
FINISHED WRITING RESTART COORDINATES
WRITING VELOCITIES TO RESTART FILE AT STEP 860000
FINISHED WRITING RESTART VELOCITIES
PRESSURE: 870000 2849.1 -88.1675 156.934 -88.1669 -1495.46 -74.6827 156.934 -74.6811 222.889
GPRESSURE: 870000 2821.75 -16.3147 91.2208 -173.549 -1501.41 -190.189 184.242 -65.67 257.887
PRESSAVG: 870000 2130.83 50.4888 12.8073 50.4888 -2122.39 80.6955 12.8073 80.6955 -49.8609
GPRESSAVG: 870000 2121.57 58.0516 9.79881 35.3657 -2122.81 79.4319 15.7139 92.0699 -40.9365
TIMING: 870000  CPU: 801.633, 0.000934467/step  Wall: 801.698, 0.000934519/step, 369.816 ns/days, 1.0721 hours remaining, 0.000000 MB of memory in use.
PERFORMANCE: 870000  averaging 375.054 ns/day, 0.000921468 sec/step with standard deviation 8.60671e-06
ENERGY:  870000         9.2299        29.3227        16.6468         0.5349         -46587.0180    -85742.3879         0.0000         0.0000      9597.3928        -122676.2788       293.8355   -132273.6716   -122444.8571       297.9587            525.5092       526.0728    167238.2672       -13.8050       -14.0599

WRITING EXTENDED SYSTEM TO RESTART FILE AT STEP 870000
WRITING COORDINATES TO DCD FILE ../output/01_eq_1_CLK.0.dcd AT STEP 870000
WRITING COORDINATES TO RESTART FILE AT STEP 870000
FINISHED WRITING RESTART COORDINATES
WRITING VELOCITIES TO RESTART FILE AT STEP 870000
FINISHED WRITING RESTART VELOCITIES
PRESSURE: 880000 2317.11 -44.8003 -14.414 -44.7975 -2021.19 -265.863 -14.4125 -265.861 959.242
GPRESSURE: 880000 2315.07 -108.701 -60.8747 27.2293 -2006.09 -208.495 -69.4807 -314.614 931.054
PRESSAVG: 880000 2189.4 55.0324 10.2614 55.0324 -2063.19 64.5622 10.2614 64.5622 13.2213
GPRESSAVG: 880000 2182.38 56.0206 8.43829 44.4703 -2064.57 63.5944 14.0274 69.7949 19.8187
TIMING: 880000  CPU: 811.002, 0.000936875/step  Wall: 811.067, 0.000936953/step, 368.855 ns/days, 1.07229 hours remaining, 0.000000 MB of memory in use.
PERFORMANCE: 880000  averaging 374.982 ns/day, 0.000921643 sec/step with standard deviation 8.71487e-06
ENERGY:  880000         3.4656        31.0978        15.7765         0.4030         -46403.8658    -85810.2464         0.0000         0.0000      9686.9280        -122476.4413       296.5768   -132163.3693   -122440.6767       297.8476            418.3871       413.3456    166961.3289        46.4767        45.8755

WRITING EXTENDED SYSTEM TO RESTART FILE AT STEP 880000
WRITING COORDINATES TO DCD FILE ../output/01_eq_1_CLK.0.dcd AT STEP 880000
WRITING COORDINATES TO RESTART FILE AT STEP 880000
FINISHED WRITING RESTART COORDINATES
WRITING VELOCITIES TO RESTART FILE AT STEP 880000
FINISHED WRITING RESTART VELOCITIES
PRESSURE: 890000 2050.85 -238.049 -454.111 -238.049 -2166.3 132.223 -454.11 132.221 175.326
GPRESSURE: 890000 2067.84 -322.17 -376.8 -142.633 -2181.52 216.114 -420.95 145.892 188.399
PRESSAVG: 890000 2199.7 43.7753 -5.09752 43.7753 -2047.01 42.5781 -5.09752 42.5781 42.3338
GPRESSAVG: 890000 2191.41 44.2425 -5.59282 34.6913 -2050.25 45.7467 1.19098 44.8333 52.7705
TIMING: 890000  CPU: 820.354, 0.000935176/step  Wall: 820.419, 0.000935173/step, 369.557 ns/days, 1.06766 hours remaining, 0.000000 MB of memory in use.
PERFORMANCE: 890000  averaging 374.92 ns/day, 0.000921795 sec/step with standard deviation 8.78308e-06
ENERGY:  890000         6.2100        30.5745        16.7905         2.8088         -46448.0197    -85786.5016         0.0000         0.0000      9599.6410        -122578.4965       293.9044   -132178.1375   -122444.8674       297.5806             19.9586        24.9064    168033.3195        65.0061        64.6444

WRITING EXTENDED SYSTEM TO RESTART FILE AT STEP 890000
WRITING COORDINATES TO DCD FILE ../output/01_eq_1_CLK.0.dcd AT STEP 890000
WRITING COORDINATES TO RESTART FILE AT STEP 890000
FINISHED WRITING RESTART COORDINATES
WRITING VELOCITIES TO RESTART FILE AT STEP 890000
FINISHED WRITING RESTART VELOCITIES
PRESSURE: 900000 2355.28 -59.9881 -91.582 -59.9898 -2434.97 174.303 -91.5819 174.301 208.15
GPRESSURE: 900000 2316.93 -132.364 -222.467 -37.9937 -2429.57 90.9893 11.2552 253.962 246.745
PRESSAVG: 900000 2250.2 25.6091 -29.486 25.6091 -2024.57 59.6576 -29.486 59.6576 61.9434
GPRESSAVG: 900000 2241.56 27.7079 -34.4613 19.8294 -2028.93 63.611 -16.4153 61.4383 74.186
TIMING: 900000  CPU: 829.666, 0.000931218/step  Wall: 829.733, 0.000931397/step, 371.056 ns/days, 1.06076 hours remaining, 0.000000 MB of memory in use.
PERFORMANCE: 900000  averaging 374.877 ns/day, 0.000921902 sec/step with standard deviation 8.79204e-06
ETITLE:      TS           BOND          ANGLE          DIHED          IMPRP               ELECT            VDW       BOUNDARY           MISC        KINETIC               TOTAL           TEMP      POTENTIAL       TOTALAVG        TEMPAVG            PRESSURE      GPRESSURE         VOLUME       PRESSAVG      GPRESSAVG

ENERGY:  900000         8.6952        33.4244        19.3832         1.6065         -46210.2442    -85940.4447         0.0000         0.0000      9832.5228        -122255.0568       301.0343   -132087.5797   -122440.9363       297.6486             42.8214        44.7017    167717.4743        95.8566        95.6058

WRITING EXTENDED SYSTEM TO RESTART FILE AT STEP 900000
WRITING COORDINATES TO DCD FILE ../output/01_eq_1_CLK.0.dcd AT STEP 900000
WRITING COORDINATES TO RESTART FILE AT STEP 900000
FINISHED WRITING RESTART COORDINATES
WRITING VELOCITIES TO RESTART FILE AT STEP 900000
FINISHED WRITING RESTART VELOCITIES
PRESSURE: 910000 1855.27 119.729 -60.4392 119.733 -2686.24 52.2991 -60.4374 52.298 -340.52
GPRESSURE: 910000 1877.19 202.242 -133.786 16.0576 -2688.53 122.568 16.45 3.67347 -361.026
PRESSAVG: 910000 2211.85 38.3431 -43.4421 38.3431 -2069.94 62.8677 -43.4421 62.8677 16.9872
GPRESSAVG: 910000 2203.05 40.5666 -56.5178 29.5894 -2073.05 76.9926 -22.4576 57.732 28.3536
TIMING: 910000  CPU: 838.939, 0.000927373/step  Wall: 839.007, 0.000927391/step, 372.658 ns/days, 1.05362 hours remaining, 0.000000 MB of memory in use.
PERFORMANCE: 910000  averaging 374.853 ns/day, 0.000921962 sec/step with standard deviation 8.76197e-06
ENERGY:  910000         8.5005        36.0919        15.8194         0.8138         -46151.3787    -85816.8745         0.0000         0.0000      9578.9336        -122328.0940       293.2704   -131907.0276   -122422.3691       297.5573           -390.4991      -390.7904    167383.0683        52.9671        52.7844

WRITING EXTENDED SYSTEM TO RESTART FILE AT STEP 910000
WRITING COORDINATES TO DCD FILE ../output/01_eq_1_CLK.0.dcd AT STEP 910000
WRITING COORDINATES TO RESTART FILE AT STEP 910000
FINISHED WRITING RESTART COORDINATES
WRITING VELOCITIES TO RESTART FILE AT STEP 910000
FINISHED WRITING RESTART VELOCITIES
PRESSURE: 920000 1818.39 345.068 186.054 345.069 -2311.62 -112.518 186.053 -112.52 829.832
GPRESSURE: 920000 1792.94 369.075 284.748 354.669 -2233.45 -98.455 116.146 -137.018 771.507
PRESSAVG: 920000 2187.08 39.699 -34.7726 39.699 -2067.9 41.9704 -34.7726 41.9704 118.938
GPRESSAVG: 920000 2178.86 41.5316 -46.4167 34.2852 -2068.87 51.1722 -15.1021 39.772 127.737
TIMING: 920000  CPU: 848.221, 0.000928173/step  Wall: 848.289, 0.000928192/step, 372.337 ns/days, 1.05195 hours remaining, 0.000000 MB of memory in use.
PERFORMANCE: 920000  averaging 374.825 ns/day, 0.00092203 sec/step with standard deviation 8.73787e-06
ENERGY:  920000         8.1697        32.6279        17.3622         0.2832         -46429.9201    -85834.5727         0.0000         0.0000      9754.8636        -122451.1863       298.6567   -132206.0499   -122418.5776       297.7275            112.1996       110.3326    167729.8802        79.3724        79.2430

WRITING EXTENDED SYSTEM TO RESTART FILE AT STEP 920000
WRITING COORDINATES TO DCD FILE ../output/01_eq_1_CLK.0.dcd AT STEP 920000
WRITING COORDINATES TO RESTART FILE AT STEP 920000
FINISHED WRITING RESTART COORDINATES
WRITING VELOCITIES TO RESTART FILE AT STEP 920000
FINISHED WRITING RESTART VELOCITIES
PRESSURE: 930000 2924.75 -37.82 -418.843 -37.8198 -1314.08 -221.742 -418.844 -221.741 826.804
GPRESSURE: 930000 2968.99 66.4788 -320.442 -5.16587 -1360.92 -138.947 -548.763 -256.386 833.707
PRESSAVG: 930000 2227.17 30.9068 -60.135 30.9068 -2045.56 45.8144 -60.135 45.8144 105.572
GPRESSAVG: 930000 2220.83 40.7179 -60.6457 28.0144 -2049.85 60.0486 -56.9395 41.193 116.512
TIMING: 930000  CPU: 857.503, 0.000928178/step  Wall: 857.571, 0.000928264/step, 372.308 ns/days, 1.04945 hours remaining, 0.000000 MB of memory in use.
PERFORMANCE: 930000  averaging 374.798 ns/day, 0.000922097 sec/step with standard deviation 8.71426e-06
ENERGY:  930000         8.8783        30.8974        14.3907         0.5386         -46532.9609    -85800.8284         0.0000         0.0000      9706.4574        -122572.6269       297.1747   -132279.0843   -122427.0076       297.4928            812.4897       813.9256    166475.2853        95.7260        95.8323

WRITING EXTENDED SYSTEM TO RESTART FILE AT STEP 930000
WRITING COORDINATES TO DCD FILE ../output/01_eq_1_CLK.0.dcd AT STEP 930000
WRITING COORDINATES TO RESTART FILE AT STEP 930000
FINISHED WRITING RESTART COORDINATES
WRITING VELOCITIES TO RESTART FILE AT STEP 930000
FINISHED WRITING RESTART VELOCITIES
PRESSURE: 940000 1794.64 -92.4338 -301.681 -92.4358 -1998.17 104.695 -301.68 104.694 350.255
GPRESSURE: 940000 1789.9 45.4375 -320.503 -137.521 -1991.08 117.838 -258.788 92.837 345.779
PRESSAVG: 940000 2212.41 28.1337 -75.389 28.1337 -2056.55 61.5304 -75.389 61.5304 148.384
GPRESSAVG: 940000 2207.53 46.9415 -84.0381 20.7051 -2062.21 76.6149 -66.0283 61.3266 158.451
TIMING: 940000  CPU: 866.756, 0.000925271/step  Wall: 866.824, 0.000925251/step, 373.52 ns/days, 1.04348 hours remaining, 0.000000 MB of memory in use.
PERFORMANCE: 940000  averaging 374.784 ns/day, 0.000922131 sec/step with standard deviation 8.67338e-06
ENERGY:  940000         6.7322        27.6459        17.6528         0.0765         -46388.9937    -85846.8144         0.0000         0.0000      9700.8362        -122482.8645       297.0026   -132183.7007   -122422.7121       297.4975             48.9107        48.2012    167516.3307       101.4171       101.2575

WRITING EXTENDED SYSTEM TO RESTART FILE AT STEP 940000
WRITING COORDINATES TO DCD FILE ../output/01_eq_1_CLK.0.dcd AT STEP 940000
WRITING COORDINATES TO RESTART FILE AT STEP 940000
FINISHED WRITING RESTART COORDINATES
WRITING VELOCITIES TO RESTART FILE AT STEP 940000
FINISHED WRITING RESTART VELOCITIES
PRESSURE: 950000 2140 320.753 130.656 320.751 -2912.21 249.065 130.655 249.064 -726.275
GPRESSURE: 950000 2090.38 356.951 167.132 200.125 -2843.9 236.731 80.6437 234.378 -733
PRESSAVG: 950000 2220.17 49.7005 -58.8558 49.7005 -2083.77 50.5558 -58.8558 50.5558 105.681
GPRESSAVG: 950000 2214.62 70.3679 -68.3928 29.9658 -2087.14 66.1635 -53.5941 44.3758 115.119
TIMING: 950000  CPU: 875.994, 0.000923877/step  Wall: 876.063, 0.000923904/step, 374.065 ns/days, 1.03939 hours remaining, 0.000000 MB of memory in use.
PERFORMANCE: 950000  averaging 374.777 ns/day, 0.000922149 sec/step with standard deviation 8.62904e-06
ENERGY:  950000        11.3328        33.6567        16.3832         0.9378         -46364.4195    -86037.9289         0.0000         0.0000      9593.4619        -122746.5759       293.7152   -132340.0378   -122439.7912       297.3064           -499.4954      -495.5037    166779.0622        80.6940        80.8693

WRITING EXTENDED SYSTEM TO RESTART FILE AT STEP 950000
WRITING COORDINATES TO DCD FILE ../output/01_eq_1_CLK.0.dcd AT STEP 950000
WRITING COORDINATES TO RESTART FILE AT STEP 950000
FINISHED WRITING RESTART COORDINATES
WRITING VELOCITIES TO RESTART FILE AT STEP 950000
FINISHED WRITING RESTART VELOCITIES
PRESSURE: 960000 2278.79 -87.2451 -353.079 -87.2462 -2260.69 -30.9445 -353.076 -30.9448 -135.584
GPRESSURE: 960000 2268.48 -127.469 -318.966 -86.2348 -2274.74 -74.6669 -368.754 -17.964 -108.319
PRESSAVG: 960000 2215.29 28.3639 -89.4482 28.3639 -2121.38 18.8267 -89.4482 18.8267 98.205
GPRESSAVG: 960000 2210.28 41.8154 -95.8179 10.3551 -2124.21 36.4124 -82.0238 15.8984 106.92
TIMING: 960000  CPU: 885.229, 0.000923407/step  Wall: 885.298, 0.000923562/step, 374.204 ns/days, 1.03644 hours remaining, 0.000000 MB of memory in use.
PERFORMANCE: 960000  averaging 374.771 ns/day, 0.000922164 sec/step with standard deviation 8.58471e-06
ENERGY:  960000         7.3140        34.7945        16.3728         1.0129         -46339.0675    -85892.9394         0.0000         0.0000      9672.4299        -122500.0828       296.1329   -132172.5127   -122437.8228       297.0999            -39.1615       -38.1922    167009.1207        64.0374        64.3300

WRITING EXTENDED SYSTEM TO RESTART FILE AT STEP 960000
WRITING COORDINATES TO DCD FILE ../output/01_eq_1_CLK.0.dcd AT STEP 960000
WRITING COORDINATES TO RESTART FILE AT STEP 960000
FINISHED WRITING RESTART COORDINATES
WRITING VELOCITIES TO RESTART FILE AT STEP 960000
FINISHED WRITING RESTART VELOCITIES
PRESSURE: 970000 2118.35 -151.287 -320.51 -151.287 -1991.9 92.1498 -320.51 92.1501 702.825
GPRESSURE: 970000 2064.76 -84.6296 -292.394 -298.211 -1996.57 177.225 -273.163 -78.474 760.67
PRESSAVG: 970000 2177.29 7.39848 -109.514 7.39848 -2156.91 26.0269 -109.514 26.0269 134.693
GPRESSAVG: 970000 2166.52 23.7663 -112.893 -18.1381 -2160.17 42.0679 -97.3033 14.36 150.415
TIMING: 970000  CPU: 894.525, 0.000929627/step  Wall: 894.596, 0.000929795/step, 371.695 ns/days, 1.04085 hours remaining, 0.000000 MB of memory in use.
PERFORMANCE: 970000  averaging 374.739 ns/day, 0.000922243 sec/step with standard deviation 8.57496e-06
ENERGY:  970000         7.1391        27.1497        18.5210         1.1029         -46380.0493    -85778.3441         0.0000         0.0000      9685.5939        -122418.8868       296.5359   -132104.4807   -122445.9495       296.9028            276.4282       276.2871    166742.2933        51.6926        52.2530

WRITING EXTENDED SYSTEM TO RESTART FILE AT STEP 970000
WRITING COORDINATES TO DCD FILE ../output/01_eq_1_CLK.0.dcd AT STEP 970000
WRITING COORDINATES TO RESTART FILE AT STEP 970000
FINISHED WRITING RESTART COORDINATES
WRITING VELOCITIES TO RESTART FILE AT STEP 970000
FINISHED WRITING RESTART VELOCITIES
PRESSURE: 980000 1918.14 -106.948 305.903 -106.946 -1775.3 -311.051 305.9 -311.052 -714.676
GPRESSURE: 980000 1971.85 -106.892 276.53 -138.57 -1797.33 -238.146 315.44 -366.883 -737.785
PRESSAVG: 980000 2145.44 0.265655 -98.3217 0.265655 -2160.11 20.7864 -98.3217 20.7864 87.3059
GPRESSAVG: 980000 2136.43 14.3938 -102.351 -28.3285 -2162.05 42.2855 -83.9802 7.7227 100.587
TIMING: 980000  CPU: 903.747, 0.000922213/step  Wall: 903.82, 0.000922405/step, 374.673 ns/days, 1.03002 hours remaining, 0.000000 MB of memory in use.
PERFORMANCE: 980000  averaging 374.738 ns/day, 0.000922244 sec/step with standard deviation 8.53066e-06
ENERGY:  980000         6.5142        39.2695        17.1400         1.1835         -46086.3308    -85957.2708         0.0000         0.0000      9694.4597        -122285.0348       296.8074   -131979.4944   -122436.7052       296.8848           -190.6096      -187.7528    166983.9231        24.2116        24.9901

WRITING EXTENDED SYSTEM TO RESTART FILE AT STEP 980000
WRITING COORDINATES TO DCD FILE ../output/01_eq_1_CLK.0.dcd AT STEP 980000
WRITING COORDINATES TO RESTART FILE AT STEP 980000
FINISHED WRITING RESTART COORDINATES
WRITING VELOCITIES TO RESTART FILE AT STEP 980000
FINISHED WRITING RESTART VELOCITIES
PRESSURE: 990000 2465.09 235.314 -64.9734 235.313 -1700.27 270.816 -64.9735 270.82 -361.387
GPRESSURE: 990000 2513.71 239.794 -22.8903 318.162 -1756.34 377.862 -44.3224 91.038 -338.276
PRESSAVG: 990000 2140.11 4.47651 -102.274 4.47651 -2121.18 27.4899 -102.274 27.4899 57.155
GPRESSAVG: 990000 2137.13 18.0859 -108.803 -21.3287 -2126.3 58.6999 -91.9642 6.03409 69.1245
TIMING: 990000  CPU: 912.931, 0.000918434/step  Wall: 913.007, 0.000918656/step, 376.202 ns/days, 1.02328 hours remaining, 0.000000 MB of memory in use.
PERFORMANCE: 990000  averaging 374.753 ns/day, 0.000922208 sec/step with standard deviation 8.49469e-06
ENERGY:  990000         7.3848        34.1702        17.7962         1.9870         -46311.1182    -85826.4706         0.0000         0.0000      9665.9171        -122410.3335       295.9335   -132076.2506   -122439.2791       296.8560            134.4761       139.6981    166606.9455        25.3621        26.6501

WRITING EXTENDED SYSTEM TO RESTART FILE AT STEP 990000
WRITING COORDINATES TO DCD FILE ../output/01_eq_1_CLK.0.dcd AT STEP 990000
WRITING COORDINATES TO RESTART FILE AT STEP 990000
FINISHED WRITING RESTART COORDINATES
WRITING VELOCITIES TO RESTART FILE AT STEP 990000
FINISHED WRITING RESTART VELOCITIES
PRESSURE: 1000000 2296.83 0.923494 -454.866 0.922903 -1109.61 74.2619 -454.863 74.2627 180.647
GPRESSURE: 1000000 2257.43 -139.123 -373.527 1.88305 -1088.97 66.4593 -471.307 143.739 188.753
PRESSAVG: 1000000 2180.89 5.47726 -118.435 5.47726 -2043.12 28.348 -118.435 28.348 95.7998
GPRESSAVG: 1000000 2173.12 14.4965 -123.938 -22.8152 -2045.26 56.5741 -106.325 6.43136 108.703
TIMING: 1000000  CPU: 922.142, 0.000921077/step  Wall: 922.218, 0.00092107/step, 375.216 ns/days, 1.02341 hours remaining, 0.000000 MB of memory in use.
PERFORMANCE: 1000000  averaging 374.757 ns/day, 0.000922197 sec/step with standard deviation 8.45244e-06
ETITLE:      TS           BOND          ANGLE          DIHED          IMPRP               ELECT            VDW       BOUNDARY           MISC        KINETIC               TOTAL           TEMP      POTENTIAL       TOTALAVG        TEMPAVG            PRESSURE      GPRESSURE         VOLUME       PRESSAVG      GPRESSAVG

ENERGY: 1000000        15.2098        39.5004        13.9721         0.4694         -46572.7720    -85783.3819         0.0000         0.0000      9813.0833        -122473.9188       300.4392   -132287.0021   -122434.4659       297.1590            455.9553       452.4059    166952.6464        77.8579        78.8547

WRITING EXTENDED SYSTEM TO RESTART FILE AT STEP 1000000
WRITING COORDINATES TO DCD FILE ../output/01_eq_1_CLK.0.dcd AT STEP 1000000
WRITING COORDINATES TO RESTART FILE AT STEP 1000000
FINISHED WRITING RESTART COORDINATES
WRITING VELOCITIES TO RESTART FILE AT STEP 1000000
FINISHED WRITING RESTART VELOCITIES
PRESSURE: 1010000 2524.58 -0.693417 -166.282 -0.691723 -1548.88 -37.809 -166.282 -37.8084 320.995
GPRESSURE: 1010000 2446.91 20.1992 -255.321 0.595313 -1482.6 -50.6401 -119.111 -119.903 341.384
PRESSAVG: 1010000 2199 7.45781 -129.991 7.45781 -2031.09 27.9795 -129.991 27.9795 144.591
GPRESSAVG: 1010000 2186.1 13.7482 -131.821 -13.153 -2029.62 50.1176 -121.881 2.29938 159.688
TIMING: 1010000  CPU: 931.333, 0.000919079/step  Wall: 931.409, 0.000919151/step, 375.999 ns/days, 1.01873 hours remaining, 0.000000 MB of memory in use.
PERFORMANCE: 1010000  averaging 374.77 ns/day, 0.000922167 sec/step with standard deviation 8.41553e-06
ENERGY: 1010000         7.1537        26.7927        21.5121         0.8738         -46289.5709    -85939.3620         0.0000         0.0000      9717.3341        -122455.2667       297.5077   -132172.6007   -122437.2119       297.2933            432.2335       435.2314    166528.9165       104.1672       105.3904

WRITING EXTENDED SYSTEM TO RESTART FILE AT STEP 1010000
WRITING COORDINATES TO DCD FILE ../output/01_eq_1_CLK.0.dcd AT STEP 1010000
WRITING COORDINATES TO RESTART FILE AT STEP 1010000
FINISHED WRITING RESTART COORDINATES
WRITING VELOCITIES TO RESTART FILE AT STEP 1010000
FINISHED WRITING RESTART VELOCITIES
PRESSURE: 1020000 2563.27 -238.453 16.6373 -238.454 -1779.95 263.249 16.6389 263.25 323.086
GPRESSURE: 1020000 2665.97 -118.153 11.8983 -202.359 -1867.68 269.946 84.9992 366.665 293.17
PRESSAVG: 1020000 2195.69 -4.27913 -123.144 -4.27913 -2030.93 33.7099 -123.144 33.7099 161.122
GPRESSAVG: 1020000 2190.82 5.08839 -125.461 -17.5169 -2035.23 49.2322 -110.781 18.2234 172.248
TIMING: 1020000  CPU: 940.522, 0.000918952/step  Wall: 940.6, 0.000919089/step, 376.024 ns/days, 1.0161 hours remaining, 0.000000 MB of memory in use.
PERFORMANCE: 1020000  averaging 374.782 ns/day, 0.000922137 sec/step with standard deviation 8.37931e-06
ENERGY: 1020000        14.6969        34.4574        21.6334         0.6038         -46292.0077    -85810.5822         0.0000         0.0000      9681.2821        -122349.9163       296.4039   -132031.1984   -122440.1449       297.2538            368.8002       363.8188    166849.5514       108.6261       109.2789

WRITING EXTENDED SYSTEM TO RESTART FILE AT STEP 1020000
WRITING COORDINATES TO DCD FILE ../output/01_eq_1_CLK.0.dcd AT STEP 1020000
WRITING COORDINATES TO RESTART FILE AT STEP 1020000
FINISHED WRITING RESTART COORDINATES
WRITING VELOCITIES TO RESTART FILE AT STEP 1020000
FINISHED WRITING RESTART VELOCITIES
PRESSURE: 1030000 2013.55 139.271 272.455 139.272 -2300.76 93.552 272.456 93.5528 636.063
GPRESSURE: 1030000 2034.55 209.257 355.439 136.75 -2400.34 -12.8713 269.206 111.091 704.806
PRESSAVG: 1030000 2191.39 -2.06718 -124.324 -2.06718 -2056.65 40.8574 -124.324 40.8574 189.86
GPRESSAVG: 1030000 2185.93 10.3982 -119.683 -10.0469 -2063.82 54.5124 -113.685 22.095 204.215
TIMING: 1030000  CPU: 949.752, 0.000922978/step  Wall: 949.83, 0.000922985/step, 374.437 ns/days, 1.01785 hours remaining, 0.000000 MB of memory in use.
PERFORMANCE: 1030000  averaging 374.778 ns/day, 0.000922145 sec/step with standard deviation 8.33855e-06
ENERGY: 1030000         8.2576        33.1197        18.1491         0.9804         -46326.7293    -85835.1784         0.0000         0.0000      9920.8629        -122180.5380       303.7390   -132101.4009   -122429.9205       297.5067            116.2862       113.0058    167687.3367       108.1996       108.7754

WRITING EXTENDED SYSTEM TO RESTART FILE AT STEP 1030000
WRITING COORDINATES TO DCD FILE ../output/01_eq_1_CLK.0.dcd AT STEP 1030000
WRITING COORDINATES TO RESTART FILE AT STEP 1030000
FINISHED WRITING RESTART COORDINATES
WRITING VELOCITIES TO RESTART FILE AT STEP 1030000
FINISHED WRITING RESTART VELOCITIES
PRESSURE: 1040000 2144.27 178.601 48.2795 178.596 -2532.57 291.796 48.2798 291.797 965.044
GPRESSURE: 1040000 2145.8 148.601 117.515 287.003 -2496.75 212.08 -10.7044 231.609 933.493
PRESSAVG: 1040000 2193.43 -0.209637 -124.062 -0.209637 -2074.25 37.5056 -124.062 37.5056 233.926
GPRESSAVG: 1040000 2188.22 8.84379 -115.907 0.663658 -2078.21 43.4698 -118.745 18.2135 244.691
TIMING: 1040000  CPU: 958.995, 0.000924277/step  Wall: 959.072, 0.000924253/step, 373.924 ns/days, 1.01668 hours remaining, 0.000000 MB of memory in use.
PERFORMANCE: 1040000  averaging 374.77 ns/day, 0.000922165 sec/step with standard deviation 8.30055e-06
ENERGY: 1040000        10.8473        31.4182        19.8920         1.4999         -46492.4175    -85803.2050         0.0000         0.0000      9607.7664        -122624.1987       294.1531   -132231.9652   -122446.5679       297.1205            192.2464       194.1793    167266.8067       117.7027       118.2316

WRITING EXTENDED SYSTEM TO RESTART FILE AT STEP 1040000
WRITING COORDINATES TO DCD FILE ../output/01_eq_1_CLK.0.dcd AT STEP 1040000
WRITING COORDINATES TO RESTART FILE AT STEP 1040000
FINISHED WRITING RESTART COORDINATES
WRITING VELOCITIES TO RESTART FILE AT STEP 1040000
FINISHED WRITING RESTART VELOCITIES
PRESSURE: 1050000 3061.41 120.658 -120.109 120.657 -1698.77 136.102 -120.108 136.102 507.562
GPRESSURE: 1050000 3076.79 46.7132 -144.185 106.184 -1699.61 169.737 -148.344 120.552 514.054
PRESSAVG: 1050000 2253.64 16.942 -97.9538 16.942 -2031.11 39.3908 -97.9538 39.3908 252.747
GPRESSAVG: 1050000 2249.02 21.7536 -88.8672 16.5899 -2034.67 45.7446 -93.0124 21.5264 263.101
TIMING: 1050000  CPU: 968.237, 0.000924177/step  Wall: 968.315, 0.000924277/step, 373.914 ns/days, 1.01414 hours remaining, 0.000000 MB of memory in use.
PERFORMANCE: 1050000  averaging 374.762 ns/day, 0.000922185 sec/step with standard deviation 8.26312e-06
ENERGY: 1050000        14.4758        24.5842        16.3335         0.0729         -46487.9841    -85798.3306         0.0000         0.0000      9748.9749        -122481.8733       298.4764   -132230.8483   -122452.1977       296.9541            623.3977       630.4111    167522.1720       158.4268       159.1520

WRITING EXTENDED SYSTEM TO RESTART FILE AT STEP 1050000
WRITING COORDINATES TO DCD FILE ../output/01_eq_1_CLK.0.dcd AT STEP 1050000
WRITING COORDINATES TO RESTART FILE AT STEP 1050000
FINISHED WRITING RESTART COORDINATES
WRITING VELOCITIES TO RESTART FILE AT STEP 1050000
FINISHED WRITING RESTART VELOCITIES
PRESSURE: 1060000 2515.54 -215.448 -242.156 -215.446 -1983.25 -8.332 -242.156 -8.33392 266.242
GPRESSURE: 1060000 2482.37 -156.864 -276.502 -294.616 -2002.6 3.41068 -304.962 -14.6314 318.666
PRESSAVG: 1060000 2300.26 4.94908 -97.3058 4.94908 -2001.11 43.5785 -97.3058 43.5785 259.826
GPRESSAVG: 1060000 2298.48 19.6035 -90.7088 -3.4098 -2005 52.4275 -98.0133 21.1947 267.583
TIMING: 1060000  CPU: 977.463, 0.000922672/step  Wall: 977.542, 0.000922682/step, 374.56 ns/days, 1.00982 hours remaining, 0.000000 MB of memory in use.
PERFORMANCE: 1060000  averaging 374.76 ns/day, 0.00092219 sec/step with standard deviation 8.22382e-06
ENERGY: 1060000         8.9831        33.3522        18.3298         1.0036         -46197.6752    -85838.7177         0.0000         0.0000      9749.3197        -122225.4045       298.4870   -131974.7242   -122448.6538       296.9893            266.1776       266.1450    167217.1355       186.3256       187.0215

WRITING EXTENDED SYSTEM TO RESTART FILE AT STEP 1060000
WRITING COORDINATES TO DCD FILE ../output/01_eq_1_CLK.0.dcd AT STEP 1060000
WRITING COORDINATES TO RESTART FILE AT STEP 1060000
FINISHED WRITING RESTART COORDINATES
WRITING VELOCITIES TO RESTART FILE AT STEP 1060000
FINISHED WRITING RESTART VELOCITIES
PRESSURE: 1070000 2158.37 -96.1424 115.224 -96.1412 -2136.33 -149.71 115.224 -149.71 531.825
GPRESSURE: 1070000 2273.14 -127.438 89.3951 -54.8395 -2207.8 -114.352 109.628 -214.579 502.453
PRESSAVG: 1070000 2265.72 4.55036 -99.3913 4.55036 -2033.15 39.8271 -99.3913 39.8271 275.273
GPRESSAVG: 1070000 2271.05 14.0474 -90.8001 2.52565 -2040.32 56.2193 -101.744 13.7492 279.812
TIMING: 1070000  CPU: 986.668, 0.000920458/step  Wall: 986.747, 0.00092053/step, 375.436 ns/days, 1.00491 hours remaining, 0.000000 MB of memory in use.
PERFORMANCE: 1070000  averaging 374.766 ns/day, 0.000922174 sec/step with standard deviation 8.18651e-06
ENERGY: 1070000         9.3255        27.9843        12.9101         0.4690         -46224.3254    -85956.9999         0.0000         0.0000      9909.7908        -122220.8456       303.4000   -132130.6364   -122425.8821       297.4675            184.6198       189.2629    166957.7168       169.2811       170.1810

WRITING EXTENDED SYSTEM TO RESTART FILE AT STEP 1070000
WRITING COORDINATES TO DCD FILE ../output/01_eq_1_CLK.0.dcd AT STEP 1070000
WRITING COORDINATES TO RESTART FILE AT STEP 1070000
FINISHED WRITING RESTART COORDINATES
WRITING VELOCITIES TO RESTART FILE AT STEP 1070000
FINISHED WRITING RESTART VELOCITIES
PRESSURE: 1080000 2363.84 -40.8077 -125.332 -40.8103 -1980.26 90.8935 -125.332 90.8952 24.509
GPRESSURE: 1080000 2325.68 -153.331 -200.859 -66.9699 -1944.21 65.158 -10.3178 129.67 29.6198
PRESSAVG: 1080000 2268.06 4.74972 -104.937 4.74972 -2031.11 57.6648 -104.937 57.6648 228.536
GPRESSAVG: 1080000 2271.58 11.8159 -97.7993 -2.18431 -2037.23 69.902 -98.7859 35.9635 234.74
TIMING: 1080000  CPU: 995.829, 0.00091611/step  Wall: 995.91, 0.000916302/step, 377.168 ns/days, 0.997751 hours remaining, 0.000000 MB of memory in use.
PERFORMANCE: 1080000  averaging 374.789 ns/day, 0.00092212 sec/step with standard deviation 8.16774e-06
ENERGY: 1080000         9.3734        27.0494        16.2805         1.7189         -46250.0464    -85948.7304         0.0000         0.0000      9619.2499        -122525.1047       294.5047   -132144.3546   -122428.3153       297.3639            136.0296       137.0290    167505.9329       155.1632       156.3651

WRITING EXTENDED SYSTEM TO RESTART FILE AT STEP 1080000
WRITING COORDINATES TO DCD FILE ../output/01_eq_1_CLK.0.dcd AT STEP 1080000
WRITING COORDINATES TO RESTART FILE AT STEP 1080000
FINISHED WRITING RESTART COORDINATES
WRITING VELOCITIES TO RESTART FILE AT STEP 1080000
FINISHED WRITING RESTART VELOCITIES
PRESSURE: 1090000 1868.48 81.6696 535.361 81.6717 -2116.56 49.7195 535.362 49.7178 -852.73
GPRESSURE: 1090000 1848.32 69.6963 605.71 105.7 -2092.01 54.2282 495.571 139.469 -847.304
PRESSAVG: 1090000 2258.94 20.7358 -55.4637 20.7358 -2028.62 53.5397 -55.4637 53.5397 177.133
GPRESSAVG: 1090000 2260.61 31.4092 -48.6738 10.2323 -2032.75 61.8077 -52.9599 35.6423 182.955
TIMING: 1090000  CPU: 1005.01, 0.00091822/step  Wall: 1005.09, 0.000918447/step, 376.287 ns/days, 0.997536 hours remaining, 0.000000 MB of memory in use.
PERFORMANCE: 1090000  averaging 374.802 ns/day, 0.000922086 sec/step with standard deviation 8.13744e-06
ENERGY: 1090000         7.6792        34.7930        14.3697         0.3485         -46266.2760    -85824.2265         0.0000         0.0000      9725.2809        -122308.0312       297.7510   -132033.3120   -122414.7920       297.5563           -366.9366      -363.6636    166847.5576       135.8185       136.9366

WRITING EXTENDED SYSTEM TO RESTART FILE AT STEP 1090000
WRITING COORDINATES TO DCD FILE ../output/01_eq_1_CLK.0.dcd AT STEP 1090000
WRITING COORDINATES TO RESTART FILE AT STEP 1090000
FINISHED WRITING RESTART COORDINATES
WRITING VELOCITIES TO RESTART FILE AT STEP 1090000
FINISHED WRITING RESTART VELOCITIES
PRESSURE: 1100000 2091.15 -98.2754 -252.344 -98.2754 -2149.77 15.5794 -252.342 15.5774 -526.162
GPRESSURE: 1100000 2167.45 -148.603 -297.824 -173.086 -2155.95 -19.549 -288.4 -64.9942 -586.755
PRESSAVG: 1100000 2245.74 18.8215 -63.5017 18.8215 -2014.36 45.6035 -63.5017 45.6035 140.418
GPRESSAVG: 1100000 2253.13 30.5972 -52.4416 3.47772 -2019.07 56.2808 -67.9427 19.6945 141.28
TIMING: 1100000  CPU: 1014.19, 0.000918256/step  Wall: 1014.28, 0.000918347/step, 376.328 ns/days, 0.994876 hours remaining, 0.000000 MB of memory in use.
PERFORMANCE: 1100000  averaging 374.816 ns/day, 0.000922052 sec/step with standard deviation 8.10787e-06
ETITLE:      TS           BOND          ANGLE          DIHED          IMPRP               ELECT            VDW       BOUNDARY           MISC        KINETIC               TOTAL           TEMP      POTENTIAL       TOTALAVG        TEMPAVG            PRESSURE      GPRESSURE         VOLUME       PRESSAVG      GPRESSAVG

ENERGY: 1100000         9.1602        37.7278        16.6012         0.4067         -46285.6108    -86164.7654         0.0000         0.0000      9746.5716        -122639.9086       298.4028   -132386.4803   -122434.0346       297.4247           -194.9277      -191.7515    167040.8537       123.9310       125.1140

WRITING EXTENDED SYSTEM TO RESTART FILE AT STEP 1100000
WRITING COORDINATES TO DCD FILE ../output/01_eq_1_CLK.0.dcd AT STEP 1100000
WRITING COORDINATES TO RESTART FILE AT STEP 1100000
FINISHED WRITING RESTART COORDINATES
WRITING VELOCITIES TO RESTART FILE AT STEP 1100000
FINISHED WRITING RESTART VELOCITIES
PRESSURE: 1110000 2411.98 155.613 228.112 155.615 -2008.28 284.346 228.112 284.347 882.728
GPRESSURE: 1110000 2366.06 219.982 265.239 68.9557 -1933.4 329.989 41.0977 251.866 845.984
PRESSAVG: 1110000 2273.57 20.6156 -49.0742 20.6156 -1980.46 57.2059 -49.0742 57.2059 201.58
GPRESSAVG: 1110000 2277.57 31.4842 -32.4904 6.12262 -1981.31 66.6518 -66.7103 32.1041 201.63
TIMING: 1110000  CPU: 1023.4, 0.00092037/step  Wall: 1023.48, 0.000920493/step, 375.451 ns/days, 0.994644 hours remaining, 0.000000 MB of memory in use.
PERFORMANCE: 1110000  averaging 374.822 ns/day, 0.000922038 sec/step with standard deviation 8.07229e-06
ENERGY: 1110000         9.8125        35.7341        14.3960         1.2528         -46604.3827    -85853.7883         0.0000         0.0000      9746.2931        -122650.6825       298.3943   -132396.9756   -122450.1640       297.6809            428.8075       426.2148    167218.9370       164.8964       165.9642

WRITING EXTENDED SYSTEM TO RESTART FILE AT STEP 1110000
WRITING COORDINATES TO DCD FILE ../output/01_eq_1_CLK.0.dcd AT STEP 1110000
WRITING COORDINATES TO RESTART FILE AT STEP 1110000
FINISHED WRITING RESTART COORDINATES
WRITING VELOCITIES TO RESTART FILE AT STEP 1110000
FINISHED WRITING RESTART VELOCITIES
PRESSURE: 1120000 1924.89 -280.112 105.72 -280.111 -2408.6 220.229 105.72 220.231 -745.08
GPRESSURE: 1120000 1874.98 -283.413 148.431 -158.711 -2374.13 301.253 136.393 109.584 -706.53
PRESSAVG: 1120000 2278.9 -10.6434 -53.0909 -10.6434 -1985.31 73.8434 -53.0909 73.8434 122.835
GPRESSAVG: 1120000 2281.68 -1.14023 -39.3062 -19.5464 -1988.35 86.6372 -65.6979 44.4342 127.728
TIMING: 1120000  CPU: 1032.61, 0.000921156/step  Wall: 1032.7, 0.00092129/step, 375.126 ns/days, 0.992946 hours remaining, 0.000000 MB of memory in use.
PERFORMANCE: 1120000  averaging 374.824 ns/day, 0.000922032 sec/step with standard deviation 8.03616e-06
ENERGY: 1120000        16.4462        24.6738        14.7659         0.9064         -46268.9549    -85984.5561         0.0000         0.0000      9802.2148        -122394.5039       300.1064   -132196.7188   -122447.3299       297.7534           -409.5965      -401.8950    167439.1898       138.8066       140.3529

WRITING EXTENDED SYSTEM TO RESTART FILE AT STEP 1120000
WRITING COORDINATES TO DCD FILE ../output/01_eq_1_CLK.0.dcd AT STEP 1120000
WRITING COORDINATES TO RESTART FILE AT STEP 1120000
FINISHED WRITING RESTART COORDINATES
WRITING VELOCITIES TO RESTART FILE AT STEP 1120000
FINISHED WRITING RESTART VELOCITIES
PRESSURE: 1130000 2010.5 174.185 -372.694 174.185 -2377.33 538.919 -372.697 538.919 355.294
GPRESSURE: 1130000 2010.58 149.874 -344.664 165.99 -2347.15 491.085 -318.31 478.145 315.861
PRESSAVG: 1130000 2233.18 -0.0431015 -50.7835 -0.0431015 -2038.47 111.876 -50.7835 111.876 99.2591
GPRESSAVG: 1130000 2233.76 3.02954 -40.5173 -10.9886 -2037.66 118.139 -54.1753 81.1607 101.836
TIMING: 1130000  CPU: 1041.78, 0.000916979/step  Wall: 1041.87, 0.000917016/step, 376.875 ns/days, 0.985792 hours remaining, 0.000000 MB of memory in use.
PERFORMANCE: 1130000  averaging 374.843 ns/day, 0.000921987 sec/step with standard deviation 8.0141e-06
ENERGY: 1130000         8.9280        24.7302        16.7691         0.2572         -46241.8333    -85947.2888         0.0000         0.0000      9677.5496        -122460.8881       296.2896   -132138.4377   -122441.7430       297.7091             -3.8459        -6.9046    167634.0160        97.9898        99.3114

WRITING EXTENDED SYSTEM TO RESTART FILE AT STEP 1130000
WRITING COORDINATES TO DCD FILE ../output/01_eq_1_CLK.0.dcd AT STEP 1130000
WRITING COORDINATES TO RESTART FILE AT STEP 1130000
FINISHED WRITING RESTART COORDINATES
WRITING VELOCITIES TO RESTART FILE AT STEP 1130000
FINISHED WRITING RESTART VELOCITIES
PRESSURE: 1140000 2094.66 175.515 -24.3483 175.517 -1590.46 132.379 -24.3464 132.376 235.871
GPRESSURE: 1140000 2107.06 110.766 -24.8503 321.726 -1642.47 150.953 -177.072 132.444 273.883
PRESSAVG: 1140000 2248.18 13.3546 -36.9169 13.3546 -2018.09 113.261 -36.9169 113.261 93.5399
GPRESSAVG: 1140000 2249.61 6.29594 -25.7347 11.9737 -2020.23 119.795 -50.0895 83.1411 98.2414
TIMING: 1140000  CPU: 1050.93, 0.000915174/step  Wall: 1051.02, 0.000915185/step, 377.629 ns/days, 0.981281 hours remaining, 0.000000 MB of memory in use.
PERFORMANCE: 1140000  averaging 374.867 ns/day, 0.000921927 sec/step with standard deviation 8.00396e-06
ENERGY: 1140000        10.5556        29.6785        14.2669         1.1338         -46022.9577    -85855.6785         0.0000         0.0000      9640.6895        -122182.3119       295.1611   -131823.0014   -122426.7153       297.6170            246.6902       246.1596    167287.3603       107.8787       109.2093

WRITING EXTENDED SYSTEM TO RESTART FILE AT STEP 1140000
WRITING COORDINATES TO DCD FILE ../output/01_eq_1_CLK.0.dcd AT STEP 1140000
WRITING COORDINATES TO RESTART FILE AT STEP 1140000
FINISHED WRITING RESTART COORDINATES
WRITING VELOCITIES TO RESTART FILE AT STEP 1140000
FINISHED WRITING RESTART VELOCITIES
PRESSURE: 1150000 1575.2 -175.467 -241.802 -175.467 -2787.23 210.299 -241.802 210.3 12.5901
GPRESSURE: 1150000 1562.12 -100.088 -291.575 -145.429 -2788.5 269.846 -180.099 311.021 25.2019
PRESSAVG: 1150000 2219.94 -11.4563 -55.5397 -11.4563 -2011.84 111.322 -55.5397 111.322 130.483
GPRESSAVG: 1150000 2223.2 -16.556 -48.67 -5.30395 -2017.46 121.45 -63.1266 86.9732 136.151
TIMING: 1150000  CPU: 1060.09, 0.000915938/step  Wall: 1060.18, 0.000916026/step, 377.282 ns/days, 0.979639 hours remaining, 0.000000 MB of memory in use.
PERFORMANCE: 1150000  averaging 374.888 ns/day, 0.000921876 sec/step with standard deviation 7.98776e-06
ENERGY: 1150000         8.3071        27.5591        16.7688         2.0959         -46356.9923    -85886.6773         0.0000         0.0000      9724.8774        -122464.0613       297.7386   -132188.9387   -122412.5896       297.8182           -399.8128      -400.3935    167862.6982       112.8629       113.9648

WRITING EXTENDED SYSTEM TO RESTART FILE AT STEP 1150000
WRITING COORDINATES TO DCD FILE ../output/01_eq_1_CLK.0.dcd AT STEP 1150000
WRITING COORDINATES TO RESTART FILE AT STEP 1150000
FINISHED WRITING RESTART COORDINATES
WRITING VELOCITIES TO RESTART FILE AT STEP 1150000
FINISHED WRITING RESTART VELOCITIES
PRESSURE: 1160000 1774.2 36.7737 161.871 36.7714 -2105.47 110.3 161.87 110.301 -605.972
GPRESSURE: 1160000 1822.68 -220.484 117.549 189.579 -2055.88 110.013 105.576 364.48 -698.561
PRESSAVG: 1160000 2194.71 -5.25543 -29.7924 -5.25543 -2004.08 118.385 -29.7924 118.385 106.964
GPRESSAVG: 1160000 2200.91 -21.2068 -26.8443 8.48673 -2006.52 130.684 -39.4101 106.095 106.639
TIMING: 1160000  CPU: 1069.25, 0.000916474/step  Wall: 1069.34, 0.000916493/step, 377.089 ns/days, 0.977593 hours remaining, 0.000000 MB of memory in use.
PERFORMANCE: 1160000  averaging 374.907 ns/day, 0.00092183 sec/step with standard deviation 7.96864e-06
ENERGY: 1160000        14.4617        22.7210        17.8442         1.2337         -46081.1273    -86081.9706         0.0000         0.0000      9703.3232        -122403.5142       297.0787   -132106.8374   -122407.7612       297.8655           -312.4131      -310.5879    167509.2325        99.2003       100.3450

WRITING EXTENDED SYSTEM TO RESTART FILE AT STEP 1160000
WRITING COORDINATES TO DCD FILE ../output/01_eq_1_CLK.0.dcd AT STEP 1160000
WRITING COORDINATES TO RESTART FILE AT STEP 1160000
FINISHED WRITING RESTART COORDINATES
WRITING VELOCITIES TO RESTART FILE AT STEP 1160000
FINISHED WRITING RESTART VELOCITIES
PRESSURE: 1170000 2137.93 192.738 371.739 192.739 -2691.18 381.014 371.737 381.016 687.245
GPRESSURE: 1170000 2142.23 223.373 348.006 147.496 -2699.31 397.38 367.345 371.427 709.605
PRESSAVG: 1170000 2195.69 11.9459 4.81994 11.9459 -2039.04 132.828 4.81994 132.828 106.185
GPRESSAVG: 1170000 2204.78 -5.80666 5.17574 30.7721 -2041.65 141.692 -7.38469 128.59 104.086
TIMING: 1170000  CPU: 1078.42, 0.000916168/step  Wall: 1078.51, 0.000916269/step, 377.182 ns/days, 0.974808 hours remaining, 0.000000 MB of memory in use.
PERFORMANCE: 1170000  averaging 374.926 ns/day, 0.000921782 sec/step with standard deviation 7.95086e-06
ENERGY: 1170000         8.0786        26.5084        19.1030         2.6785         -46342.6445    -85887.9359         0.0000         0.0000      9734.9028        -122439.3092       298.0456   -132174.2119   -122408.7823       297.9410             44.6638        50.8416    166655.5327        87.6121        89.0727

WRITING EXTENDED SYSTEM TO RESTART FILE AT STEP 1170000
WRITING COORDINATES TO DCD FILE ../output/01_eq_1_CLK.0.dcd AT STEP 1170000
WRITING COORDINATES TO RESTART FILE AT STEP 1170000
FINISHED WRITING RESTART COORDINATES
WRITING VELOCITIES TO RESTART FILE AT STEP 1170000
FINISHED WRITING RESTART VELOCITIES
PRESSURE: 1180000 2847.49 -334.284 -259.467 -334.285 -1876.03 270.761 -259.468 270.761 -53.233
GPRESSURE: 1180000 2830.61 -366.372 -243.994 -274.911 -1927.22 266.58 -305.078 215.117 22.7461
PRESSAVG: 1180000 2242.16 0.578946 -23.4485 0.578946 -2044.08 161.919 -23.4485 161.919 139.257
GPRESSAVG: 1180000 2247.72 -18.7806 -20.8505 23.955 -2048.15 166.928 -38.4106 157.69 142.113
TIMING: 1180000  CPU: 1087.54, 0.000912757/step  Wall: 1087.63, 0.000912865/step, 378.588 ns/days, 0.968651 hours remaining, 0.000000 MB of memory in use.
PERFORMANCE: 1180000  averaging 374.957 ns/day, 0.000921707 sec/step with standard deviation 7.95925e-06
ENERGY: 1180000         8.5695        24.8308        13.0545         0.9047         -46325.7802    -85936.5731         0.0000         0.0000      9849.3830        -122365.6107       301.5505   -132214.9936   -122412.8111       298.1782            306.0755       308.7152    166775.4285       112.4463       113.8961

WRITING EXTENDED SYSTEM TO RESTART FILE AT STEP 1180000
WRITING COORDINATES TO DCD FILE ../output/01_eq_1_CLK.0.dcd AT STEP 1180000
WRITING COORDINATES TO RESTART FILE AT STEP 1180000
FINISHED WRITING RESTART COORDINATES
WRITING VELOCITIES TO RESTART FILE AT STEP 1180000
FINISHED WRITING RESTART VELOCITIES
PRESSURE: 1190000 1900.61 29.7645 -330.513 29.7619 -2146.95 154.103 -330.511 154.103 -464.854
GPRESSURE: 1190000 1882.63 -38.7147 -381.365 23.3884 -2208.44 64.8406 -383.821 264.523 -394.49
PRESSAVG: 1190000 2213.94 -9.69862 -36.7254 -9.69862 -2066.41 156.083 -36.7254 156.083 134.083
GPRESSAVG: 1190000 2216.17 -32.7061 -38.7742 9.21636 -2070.75 151.277 -55.3855 166.365 139.302
TIMING: 1190000  CPU: 1096.67, 0.000913078/step  Wall: 1096.77, 0.000913092/step, 378.494 ns/days, 0.966356 hours remaining, 0.000000 MB of memory in use.
PERFORMANCE: 1190000  averaging 374.986 ns/day, 0.000921634 sec/step with standard deviation 7.9647e-06
ENERGY: 1190000        10.3515        32.4531        16.7690         3.8558         -46382.1032    -86006.6250         0.0000         0.0000      9780.1529        -122545.1460       299.4310   -132325.2989   -122419.5517       298.3530           -237.0646      -240.0997    167231.1651        93.8693        94.9062

WRITING EXTENDED SYSTEM TO RESTART FILE AT STEP 1190000
WRITING COORDINATES TO DCD FILE ../output/01_eq_1_CLK.0.dcd AT STEP 1190000
WRITING COORDINATES TO RESTART FILE AT STEP 1190000
FINISHED WRITING RESTART COORDINATES
WRITING VELOCITIES TO RESTART FILE AT STEP 1190000
FINISHED WRITING RESTART VELOCITIES
PRESSURE: 1200000 2692.41 286.054 167.413 286.054 -1319.17 48.9205 167.412 48.9208 315.865
GPRESSURE: 1200000 2735.16 238.37 115.824 279.327 -1394.51 140.7 191.741 -1.0516 347.506
PRESSAVG: 1200000 2233.72 4.55793 -5.61164 4.55793 -2076.89 154.816 -5.61164 154.816 140.844
GPRESSAVG: 1200000 2240.05 -13.8314 -14.3066 23.0885 -2086.03 154.989 -22.2331 159.125 147.24
TIMING: 1200000  CPU: 1105.84, 0.000916672/step  Wall: 1105.93, 0.000916758/step, 376.98 ns/days, 0.967689 hours remaining, 0.000000 MB of memory in use.
PERFORMANCE: 1200000  averaging 375.003 ns/day, 0.000921594 sec/step with standard deviation 7.94364e-06
ETITLE:      TS           BOND          ANGLE          DIHED          IMPRP               ELECT            VDW       BOUNDARY           MISC        KINETIC               TOTAL           TEMP      POTENTIAL       TOTALAVG        TEMPAVG            PRESSURE      GPRESSURE         VOLUME       PRESSAVG      GPRESSAVG

ENERGY: 1200000        10.6947        26.1500        20.4647         3.1238         -46311.8689    -85808.2699         0.0000         0.0000      9677.6070        -122382.0986       296.2914   -132059.7057   -122414.9607       298.1456            563.0361       562.7176    167678.3632        99.2233       100.4218

WRITING EXTENDED SYSTEM TO RESTART FILE AT STEP 1200000
WRITING COORDINATES TO DCD FILE ../output/01_eq_1_CLK.0.dcd AT STEP 1200000
WRITING COORDINATES TO RESTART FILE AT STEP 1200000
FINISHED WRITING RESTART COORDINATES
WRITING VELOCITIES TO RESTART FILE AT STEP 1200000
FINISHED WRITING RESTART VELOCITIES
PRESSURE: 1210000 2470.61 6.41897 330.388 6.41526 -1856.06 216.623 330.391 216.622 802.082
GPRESSURE: 1210000 2495.32 47.0805 257.96 -50.133 -1894.62 310.027 313.888 270.237 820.572
PRESSAVG: 1210000 2231.02 4.91328 19.222 4.91328 -2092.25 167.537 19.222 167.537 164.899
GPRESSAVG: 1210000 2242.47 -12.4874 11.3574 20.5521 -2106.63 173.023 -0.583139 178.632 171.199
TIMING: 1210000  CPU: 1115.02, 0.000917971/step  Wall: 1115.11, 0.000917997/step, 376.472 ns/days, 0.966447 hours remaining, 0.000000 MB of memory in use.
PERFORMANCE: 1210000  averaging 375.015 ns/day, 0.000921564 sec/step with standard deviation 7.91723e-06
ENERGY: 1210000        11.0110        24.6800        18.3693         0.3971         -46471.8113    -85803.1885         0.0000         0.0000      9577.7731        -122642.7691       293.2349   -132220.5423   -122424.3358       297.9320            472.2111       473.7577    167589.4315       101.2222       102.3481

WRITING EXTENDED SYSTEM TO RESTART FILE AT STEP 1210000
WRITING COORDINATES TO DCD FILE ../output/01_eq_1_CLK.0.dcd AT STEP 1210000
WRITING COORDINATES TO RESTART FILE AT STEP 1210000
FINISHED WRITING RESTART COORDINATES
WRITING VELOCITIES TO RESTART FILE AT STEP 1210000
FINISHED WRITING RESTART VELOCITIES
PRESSURE: 1220000 2524.82 590.941 286.994 590.941 -2575.32 94.1605 286.993 94.1597 333.718
GPRESSURE: 1220000 2569.19 640.277 294.764 613.709 -2629.89 -34.7411 345.89 168.514 339.395
PRESSAVG: 1220000 2229.1 46.383 32.7397 46.383 -2132.02 159.083 32.7397 159.083 165.43
GPRESSAVG: 1220000 2237.64 25.4341 25.5007 61.3555 -2144.74 157.788 12.4614 168.725 173.51
TIMING: 1220000  CPU: 1124.16, 0.000914231/step  Wall: 1124.26, 0.000914335/step, 377.98 ns/days, 0.960052 hours remaining, 0.000000 MB of memory in use.
PERFORMANCE: 1220000  averaging 375.039 ns/day, 0.000921505 sec/step with standard deviation 7.91156e-06
ENERGY: 1220000         8.0216        29.3678        16.3977         1.0381         -46552.5217    -85807.6371         0.0000         0.0000      9691.1343        -122614.1992       296.7055   -132305.3336   -122437.5500       297.9471             94.4036        92.8982    166642.1833        87.5024        88.8021

WRITING EXTENDED SYSTEM TO RESTART FILE AT STEP 1220000
WRITING COORDINATES TO DCD FILE ../output/01_eq_1_CLK.0.dcd AT STEP 1220000
WRITING COORDINATES TO RESTART FILE AT STEP 1220000
FINISHED WRITING RESTART COORDINATES
WRITING VELOCITIES TO RESTART FILE AT STEP 1220000
FINISHED WRITING RESTART VELOCITIES
PRESSURE: 1230000 2582.97 -160.258 50.5027 -160.258 -1750.36 -18.2263 50.5019 -18.2266 -806.509
GPRESSURE: 1230000 2618.36 -234.338 -68.9626 -64.4855 -1706.21 76.3959 -14.9199 -32.6989 -866.792
PRESSAVG: 1230000 2257.57 31.4066 21.642 31.4066 -2104.5 153.494 21.642 153.494 93.3017
GPRESSAVG: 1230000 2266.83 3.25439 4.28066 51.2938 -2110.03 162.252 -1.74491 161.535 94.9303
TIMING: 1230000  CPU: 1133.29, 0.000912349/step  Wall: 1133.38, 0.000912511/step, 378.735 ns/days, 0.955602 hours remaining, 0.000000 MB of memory in use.
PERFORMANCE: 1230000  averaging 375.069 ns/day, 0.000921432 sec/step with standard deviation 7.92069e-06
ENERGY: 1230000         8.1938        29.4937        17.2526         0.7192         -46451.6921    -85784.5979         0.0000         0.0000      9744.4875        -122436.1432       298.3390   -132180.6307   -122450.3302       297.6771              8.7008        15.1180    166214.9327        82.1231        83.9077

WRITING EXTENDED SYSTEM TO RESTART FILE AT STEP 1230000
WRITING COORDINATES TO DCD FILE ../output/01_eq_1_CLK.0.dcd AT STEP 1230000
WRITING COORDINATES TO RESTART FILE AT STEP 1230000
FINISHED WRITING RESTART COORDINATES
WRITING VELOCITIES TO RESTART FILE AT STEP 1230000
FINISHED WRITING RESTART VELOCITIES
PRESSURE: 1240000 2193.25 -107.835 -93.3445 -107.831 -2231.51 424.584 -93.3456 424.586 -600.884
GPRESSURE: 1240000 2252.48 -95.4579 -219.329 -177.675 -2263.1 377.215 -51.7785 449.053 -629.213
PRESSAVG: 1240000 2260.02 17.0852 14.5607 17.0852 -2089.45 160.133 14.5607 160.133 15.0053
GPRESSAVG: 1240000 2272.16 -8.94858 -12.5616 28.0599 -2098.35 170.508 -3.79861 172.407 16.795
TIMING: 1240000  CPU: 1142.44, 0.000914976/step  Wall: 1142.53, 0.000915058/step, 377.681 ns/days, 0.955727 hours remaining, 0.000000 MB of memory in use.
PERFORMANCE: 1240000  averaging 375.089 ns/day, 0.00092138 sec/step with standard deviation 7.90916e-06
ENERGY: 1240000        12.8494        25.2582        17.5911         0.6543         -46085.3716    -86153.1927         0.0000         0.0000      9660.5791        -122521.6321       295.7701   -132182.2112   -122445.2019       297.7579           -213.0489      -213.2795    167565.5660        61.8583        63.5348

WRITING EXTENDED SYSTEM TO RESTART FILE AT STEP 1240000
WRITING COORDINATES TO DCD FILE ../output/01_eq_1_CLK.0.dcd AT STEP 1240000
WRITING COORDINATES TO RESTART FILE AT STEP 1240000
FINISHED WRITING RESTART COORDINATES
WRITING VELOCITIES TO RESTART FILE AT STEP 1240000
FINISHED WRITING RESTART VELOCITIES
PRESSURE: 1250000 2404.65 -201.042 -101.679 -201.043 -1614.8 -249.248 -101.677 -249.249 -99.8622
GPRESSURE: 1250000 2412 -120.345 -100.457 -300.065 -1610.57 -364.893 -108.661 -318.855 -98.8507
PRESSAVG: 1250000 2227.18 1.00023 15.4823 1.00023 -2085.25 140.866 15.4823 140.866 -15.3659
GPRESSAVG: 1250000 2238.92 -17.3015 -10.3752 7.74748 -2093.9 143.777 -1.81448 150.437 -13.8502
TIMING: 1250000  CPU: 1151.58, 0.000914325/step  Wall: 1151.68, 0.0009145/step, 377.911 ns/days, 0.952604 hours remaining, 0.000000 MB of memory in use.
PERFORMANCE: 1250000  averaging 375.112 ns/day, 0.000921325 sec/step with standard deviation 7.90121e-06
ENERGY: 1250000         6.2294        30.1570        16.2175         1.1285         -46292.4665    -85925.5227         0.0000         0.0000      9671.2399        -122493.0169       296.0965   -132164.2569   -122445.7591       297.6389            229.9983       234.1927    167306.5328        42.1884        43.7239

WRITING EXTENDED SYSTEM TO RESTART FILE AT STEP 1250000
WRITING COORDINATES TO DCD FILE ../output/01_eq_1_CLK.0.dcd AT STEP 1250000
WRITING COORDINATES TO RESTART FILE AT STEP 1250000
FINISHED WRITING RESTART COORDINATES
WRITING VELOCITIES TO RESTART FILE AT STEP 1250000
FINISHED WRITING RESTART VELOCITIES
PRESSURE: 1260000 2035.02 64.0577 -399.915 64.0587 -2071.89 -507.548 -399.917 -507.547 -845.169
GPRESSURE: 1260000 2007.93 -41.8159 -444.932 165.66 -2060.47 -540.038 -233.56 -460.951 -832.727
PRESSAVG: 1260000 2203.15 14.9755 7.59422 14.9755 -2089.68 115.905 7.59422 115.905 -70.9365
GPRESSAVG: 1260000 2215.2 -11.5491 -18.7967 30.7613 -2096.79 116.605 1.75561 128.121 -71.4198
TIMING: 1260000  CPU: 1160.74, 0.000916122/step  Wall: 1160.84, 0.000916243/step, 377.193 ns/days, 0.951875 hours remaining, 0.000000 MB of memory in use.
PERFORMANCE: 1260000  averaging 375.128 ns/day, 0.000921285 sec/step with standard deviation 7.88255e-06
ENERGY: 1260000         4.9834        34.7373        16.7461         1.6036         -46323.8032    -86017.9848         0.0000         0.0000      9761.9750        -122521.7427       298.8744   -132283.7177   -122460.5760       297.6583           -294.0154      -295.0890    166551.6318        14.1787        15.6622

WRITING EXTENDED SYSTEM TO RESTART FILE AT STEP 1260000
WRITING COORDINATES TO DCD FILE ../output/01_eq_1_CLK.0.dcd AT STEP 1260000
WRITING COORDINATES TO RESTART FILE AT STEP 1260000
FINISHED WRITING RESTART COORDINATES
WRITING VELOCITIES TO RESTART FILE AT STEP 1260000
FINISHED WRITING RESTART VELOCITIES
PRESSURE: 1270000 1085.18 281.504 215.228 281.506 -3133.69 -96.0517 215.229 -96.0506 557.023
GPRESSURE: 1270000 1007.14 271.062 169.04 236.544 -3100.43 -77.0349 207.565 -150.342 598.09
PRESSAVG: 1270000 2149.49 33.8578 12.5945 33.8578 -2139.55 118.588 12.5945 118.588 -69.6766
GPRESSAVG: 1270000 2151.9 8.3759 -14.8144 45.3304 -2141.42 118.47 6.65243 131.333 -66.638
TIMING: 1270000  CPU: 1169.89, 0.000914774/step  Wall: 1169.99, 0.000914815/step, 377.781 ns/days, 0.94785 hours remaining, 0.000000 MB of memory in use.
PERFORMANCE: 1270000  averaging 375.149 ns/day, 0.000921234 sec/step with standard deviation 7.87217e-06
ENERGY: 1270000        10.1154        34.3176        16.7246         1.0031         -46247.8681    -86059.0480         0.0000         0.0000      9643.0204        -122601.7350       295.2325   -132244.7555   -122479.6205       297.2499           -497.1619      -498.4008    166616.7238       -19.9103       -18.7210

WRITING EXTENDED SYSTEM TO RESTART FILE AT STEP 1270000
WRITING COORDINATES TO DCD FILE ../output/01_eq_1_CLK.0.dcd AT STEP 1270000
WRITING COORDINATES TO RESTART FILE AT STEP 1270000
FINISHED WRITING RESTART COORDINATES
WRITING VELOCITIES TO RESTART FILE AT STEP 1270000
FINISHED WRITING RESTART VELOCITIES
PRESSURE: 1280000 2059.05 182.524 362.703 182.526 -2201.29 -434.293 362.705 -434.294 176.192
GPRESSURE: 1280000 2077.78 187.932 302.778 215.212 -2165.49 -530.197 461.204 -397.124 128.838
PRESSAVG: 1280000 2134.25 45.0246 36.9963 45.0246 -2150.6 92.3284 36.9963 92.3284 -62.0925
GPRESSAVG: 1280000 2139.5 25.4391 10.3674 59.4395 -2152.49 88.7026 30.2285 104.993 -61.6771
TIMING: 1280000  CPU: 1179.11, 0.000922177/step  Wall: 1179.21, 0.000922196/step, 374.758 ns/days, 0.952936 hours remaining, 0.000000 MB of memory in use.
PERFORMANCE: 1280000  averaging 375.146 ns/day, 0.000921241 sec/step with standard deviation 7.84158e-06
ENERGY: 1280000        12.7432        27.6122        19.3718         1.2034         -46344.5716    -85923.1077         0.0000         0.0000      9648.1308        -122558.6180       295.3889   -132206.7487   -122481.2961       297.2941             11.3164        13.7101    166879.9194       -26.1460       -24.8870

WRITING EXTENDED SYSTEM TO RESTART FILE AT STEP 1280000
WRITING COORDINATES TO DCD FILE ../output/01_eq_1_CLK.0.dcd AT STEP 1280000
WRITING COORDINATES TO RESTART FILE AT STEP 1280000
FINISHED WRITING RESTART COORDINATES
WRITING VELOCITIES TO RESTART FILE AT STEP 1280000
FINISHED WRITING RESTART VELOCITIES
PRESSURE: 1290000 2202.62 -238.987 -191.987 -238.988 -1664.86 -147.073 -191.987 -147.071 -215.673
GPRESSURE: 1290000 2292.55 -173.798 -186.732 -273.322 -1772.52 -146.74 -199.027 -7.75529 -196.797
PRESSAVG: 1290000 2150.96 28.9916 0.628858 28.9916 -2128.01 82.489 0.628858 82.489 -30.2396
GPRESSAVG: 1290000 2161.72 13.2643 -29.2547 40.4885 -2136.51 78.6542 -4.50134 97.6319 -29.1517
TIMING: 1290000  CPU: 1188.33, 0.000921873/step  Wall: 1188.43, 0.000921876/step, 374.888 ns/days, 0.950045 hours remaining, 0.000000 MB of memory in use.
PERFORMANCE: 1290000  averaging 375.144 ns/day, 0.000921246 sec/step with standard deviation 7.81109e-06
ENERGY: 1290000        11.1999        37.6401        18.9223         3.8395         -46502.8858    -85779.6409         0.0000         0.0000      9704.4028        -122506.5221       297.1118   -132210.9249   -122491.2207       297.2622            107.3650       107.7447    167280.5207        -2.4309        -1.3166

WRITING EXTENDED SYSTEM TO RESTART FILE AT STEP 1290000
WRITING COORDINATES TO DCD FILE ../output/01_eq_1_CLK.0.dcd AT STEP 1290000
WRITING COORDINATES TO RESTART FILE AT STEP 1290000
FINISHED WRITING RESTART COORDINATES
WRITING VELOCITIES TO RESTART FILE AT STEP 1290000
FINISHED WRITING RESTART VELOCITIES
PRESSURE: 1300000 1495.15 45.0266 27.1774 45.0261 -3016.04 169.771 27.1788 169.772 -598.021
GPRESSURE: 1300000 1516.39 29.7489 -110.237 109.007 -3012.21 311.754 242.716 42.0926 -618.842
PRESSAVG: 1300000 2121.16 36.1567 14.6049 36.1567 -2171.33 90.1987 14.6049 90.1987 -33.8325
GPRESSAVG: 1300000 2129.16 22.1819 -19.8754 54.5932 -2179.33 95.2194 22.0544 102.986 -30.7561
TIMING: 1300000  CPU: 1197.52, 0.000918576/step  Wall: 1197.61, 0.000918619/step, 376.217 ns/days, 0.944136 hours remaining, 0.000000 MB of memory in use.
PERFORMANCE: 1300000  averaging 375.152 ns/day, 0.000921226 sec/step with standard deviation 7.78417e-06
ETITLE:      TS           BOND          ANGLE          DIHED          IMPRP               ELECT            VDW       BOUNDARY           MISC        KINETIC               TOTAL           TEMP      POTENTIAL       TOTALAVG        TEMPAVG            PRESSURE      GPRESSURE         VOLUME       PRESSAVG      GPRESSAVG

ENERGY: 1300000        10.0439        34.3737        18.1706         0.2593         -46143.1405    -86081.6362         0.0000         0.0000      9710.3964        -122451.5329       297.2953   -132161.9293   -122481.8019       297.2068           -706.3018      -704.8876    167502.6241       -27.9996       -26.9734

WRITING EXTENDED SYSTEM TO RESTART FILE AT STEP 1300000
WRITING COORDINATES TO DCD FILE ../output/01_eq_1_CLK.0.dcd AT STEP 1300000
WRITING COORDINATES TO RESTART FILE AT STEP 1300000
FINISHED WRITING RESTART COORDINATES
WRITING VELOCITIES TO RESTART FILE AT STEP 1300000
FINISHED WRITING RESTART VELOCITIES
PRESSURE: 1310000 1893.73 307.117 316.641 307.119 -2302.58 128.475 316.643 128.475 304.363
GPRESSURE: 1310000 1819.69 355.607 249.259 314.685 -2228.95 132.378 295.419 173.684 308.419
PRESSAVG: 1310000 2095.25 43.7319 19.0314 43.7319 -2186.04 82.4052 19.0314 82.4052 -62.7508
GPRESSAVG: 1310000 2101.84 28.9632 -20.6744 66.8796 -2194.1 85.3388 34.7705 99.0771 -57.6343
TIMING: 1310000  CPU: 1206.71, 0.000919879/step  Wall: 1206.81, 0.000919931/step, 375.681 ns/days, 0.942929 hours remaining, 0.000000 MB of memory in use.
PERFORMANCE: 1310000  averaging 375.156 ns/day, 0.000921216 sec/step with standard deviation 7.75499e-06
ENERGY: 1310000         8.1958        34.9956        18.9237         1.8399         -46508.7932    -85872.3098         0.0000         0.0000      9610.9025        -122706.2454       294.2492   -132317.1479   -122484.5800       296.9995            -34.8312       -33.6112    165681.9938       -51.1816       -49.9647

WRITING EXTENDED SYSTEM TO RESTART FILE AT STEP 1310000
WRITING COORDINATES TO DCD FILE ../output/01_eq_1_CLK.0.dcd AT STEP 1310000
WRITING COORDINATES TO RESTART FILE AT STEP 1310000
FINISHED WRITING RESTART COORDINATES
WRITING VELOCITIES TO RESTART FILE AT STEP 1310000
FINISHED WRITING RESTART VELOCITIES
PRESSURE: 1320000 2476.52 -41.97 -174.232 -41.9707 -2015.69 -149.385 -174.232 -149.386 -0.584183
GPRESSURE: 1320000 2571.94 -13.2909 -180.29 -101.936 -2057.51 -62.7544 -133.167 -117.532 -55.8778
PRESSAVG: 1320000 2122.83 55.6389 5.03384 55.6389 -2166.4 63.9243 5.03384 63.9243 -25.526
GPRESSAVG: 1320000 2136.69 42.4693 -37.1104 69.7184 -2178.27 67.1385 21.2925 87.7213 -25.1017
TIMING: 1320000  CPU: 1215.91, 0.000919154/step  Wall: 1216.01, 0.000919311/step, 375.934 ns/days, 0.93974 hours remaining, 0.000000 MB of memory in use.
PERFORMANCE: 1320000  averaging 375.162 ns/day, 0.000921202 sec/step with standard deviation 7.72712e-06
ENERGY: 1320000         6.4171        25.2358        18.2956         3.0236         -46250.5664    -85983.0697         0.0000         0.0000      9725.6367        -122455.0273       297.7619   -132180.6639   -122487.6062       296.8823            153.4142       152.8515    167179.1820       -23.0310       -22.2273

WRITING EXTENDED SYSTEM TO RESTART FILE AT STEP 1320000
WRITING COORDINATES TO DCD FILE ../output/01_eq_1_CLK.0.dcd AT STEP 1320000
WRITING COORDINATES TO RESTART FILE AT STEP 1320000
FINISHED WRITING RESTART COORDINATES
WRITING VELOCITIES TO RESTART FILE AT STEP 1320000
FINISHED WRITING RESTART VELOCITIES
PRESSURE: 1330000 2433.89 457.489 129.428 457.49 -1945.76 376.772 129.428 376.772 309.751
GPRESSURE: 1330000 2373.11 476.011 142.211 398.798 -1952.41 448.192 148.606 386.36 381.916
PRESSAVG: 1330000 2144 69.8041 30.1401 69.8041 -2144.82 55.8169 30.1401 55.8169 -27.8031
GPRESSAVG: 1330000 2154.82 58.7761 -12.7667 81.3588 -2158.54 64.9938 44.6383 83.1321 -21.799
TIMING: 1330000  CPU: 1225.13, 0.00092268/step  Wall: 1225.23, 0.000922659/step, 374.57 ns/days, 0.9406 hours remaining, 0.000000 MB of memory in use.
PERFORMANCE: 1330000  averaging 375.158 ns/day, 0.000921213 sec/step with standard deviation 7.69883e-06
ENERGY: 1330000        13.8915        32.2544        15.7344         1.3504         -46300.2043    -85863.1652         0.0000         0.0000      9715.1906        -122384.9482       297.4421   -132100.1388   -122483.8092       296.9399            265.9601       267.5369    167534.0700        -9.5407        -8.5053

WRITING EXTENDED SYSTEM TO RESTART FILE AT STEP 1330000
WRITING COORDINATES TO DCD FILE ../output/01_eq_1_CLK.0.dcd AT STEP 1330000
WRITING COORDINATES TO RESTART FILE AT STEP 1330000
FINISHED WRITING RESTART COORDINATES
WRITING VELOCITIES TO RESTART FILE AT STEP 1330000
FINISHED WRITING RESTART VELOCITIES
PRESSURE: 1340000 2308.81 -362.836 -242.375 -362.835 -1813.06 6.304 -242.375 6.30228 -663.948
GPRESSURE: 1340000 2388.53 -344.59 -265.573 -337.91 -1809.04 -29.8572 -156.949 10.4601 -749.12
PRESSAVG: 1340000 2154.71 42.8865 19.2386 42.8865 -2155.95 49.5132 19.2386 49.5132 -72.794
GPRESSAVG: 1340000 2168.89 36.0084 -24.8028 48.377 -2166.86 55.9533 45.6445 77.0329 -72.9491
TIMING: 1340000  CPU: 1234.34, 0.000920449/step  Wall: 1234.44, 0.00092063/step, 375.395 ns/days, 0.935973 hours remaining, 0.000000 MB of memory in use.
PERFORMANCE: 1340000  averaging 375.159 ns/day, 0.000921208 sec/step with standard deviation 7.67e-06
ENERGY: 1340000        10.1364        24.3572        17.4951         1.5343         -46651.8726    -85769.1960         0.0000         0.0000      9734.4185        -122633.1270       298.0307   -132367.5455   -122506.3500       297.0834            -56.0664       -56.5436    167127.2620       -24.6786       -23.6404

WRITING EXTENDED SYSTEM TO RESTART FILE AT STEP 1340000
WRITING COORDINATES TO DCD FILE ../output/01_eq_1_CLK.0.dcd AT STEP 1340000
WRITING COORDINATES TO RESTART FILE AT STEP 1340000
FINISHED WRITING RESTART COORDINATES
WRITING VELOCITIES TO RESTART FILE AT STEP 1340000
FINISHED WRITING RESTART VELOCITIES
PRESSURE: 1350000 2655.88 11.9898 58.8947 11.9882 -1522.15 -150.364 58.8944 -150.36 580.997
GPRESSURE: 1350000 2684.02 49.8362 5.40826 -73.8467 -1495.91 -126.971 97.9811 -132.796 534.279
PRESSAVG: 1350000 2208.74 52.2592 34.2734 52.2592 -2092.69 31.4802 34.2734 31.4802 -44.3737
GPRESSAVG: 1350000 2224.99 43.5046 -9.95366 51.9562 -2102.24 36.1124 59.5485 54.8421 -47.4953
TIMING: 1350000  CPU: 1243.54, 0.000919961/step  Wall: 1243.64, 0.000920075/step, 375.622 ns/days, 0.932854 hours remaining, 0.000000 MB of memory in use.
PERFORMANCE: 1350000  averaging 375.163 ns/day, 0.0009212 sec/step with standard deviation 7.64195e-06
ENERGY: 1350000         7.9086        30.6004        12.5317         0.7756         -46366.2459    -85897.7486         0.0000         0.0000      9734.9797        -122477.1985       298.0479   -132212.1783   -122507.0068       297.0989            571.5748       574.1282    167303.7306        23.8908        25.0857

WRITING EXTENDED SYSTEM TO RESTART FILE AT STEP 1350000
WRITING COORDINATES TO DCD FILE ../output/01_eq_1_CLK.0.dcd AT STEP 1350000
WRITING COORDINATES TO RESTART FILE AT STEP 1350000
FINISHED WRITING RESTART COORDINATES
WRITING VELOCITIES TO RESTART FILE AT STEP 1350000
FINISHED WRITING RESTART VELOCITIES
PRESSURE: 1360000 1691.17 68.3704 -140.824 68.373 -2590.75 -233.964 -140.825 -233.964 -906.947
GPRESSURE: 1360000 1657.54 60.7932 -140.567 187.508 -2560.14 -161.087 -242.752 -284.058 -899.155
PRESSAVG: 1360000 2204.59 53.8393 19.1387 53.8393 -2116.96 14.267 19.1387 14.267 -59.4225
GPRESSAVG: 1360000 2216.73 57.5685 -22.8595 51.8526 -2127.45 22.5574 42.132 22.4152 -57.525
TIMING: 1360000  CPU: 1252.73, 0.000919518/step  Wall: 1252.84, 0.000919716/step, 375.768 ns/days, 0.929935 hours remaining, 0.000000 MB of memory in use.
PERFORMANCE: 1360000  averaging 375.167 ns/day, 0.000921189 sec/step with standard deviation 7.61465e-06
ENERGY: 1360000         8.1530        28.4800        18.1657         1.5320         -46329.6783    -85887.4098         0.0000         0.0000      9675.6589        -122485.0985       296.2317   -132160.7573   -122511.0860       297.0565           -602.1746      -600.5841    167152.4050         9.4027        10.5858

WRITING EXTENDED SYSTEM TO RESTART FILE AT STEP 1360000
WRITING COORDINATES TO DCD FILE ../output/01_eq_1_CLK.0.dcd AT STEP 1360000
WRITING COORDINATES TO RESTART FILE AT STEP 1360000
FINISHED WRITING RESTART COORDINATES
WRITING VELOCITIES TO RESTART FILE AT STEP 1360000
FINISHED WRITING RESTART VELOCITIES
PRESSURE: 1370000 1499.4 -214.098 240.654 -214.097 -2637.68 -80.0158 240.653 -80.0167 57.1579
GPRESSURE: 1370000 1430.17 -400.345 296.669 -174.17 -2616.24 -196.334 370.179 -68.9753 121.037
PRESSAVG: 1370000 2172.66 33.4975 12.5845 33.4975 -2114.28 -8.78463 12.5845 -8.78463 -90.9268
GPRESSAVG: 1370000 2181.13 26.3826 -25.4263 35.7693 -2123.29 -7.12832 42.2738 0.395065 -86.9533
TIMING: 1370000  CPU: 1261.91, 0.000918176/step  Wall: 1262.02, 0.000918142/step, 376.412 ns/days, 0.925793 hours remaining, 0.000000 MB of memory in use.
PERFORMANCE: 1370000  averaging 375.176 ns/day, 0.000921167 sec/step with standard deviation 7.59107e-06
ENERGY: 1370000         9.6128        30.5490        16.8826         1.7099         -46581.3356    -85779.2364         0.0000         0.0000      9755.1847        -122546.6331       298.6665   -132301.8178   -122516.4522       297.0876           -360.3728      -355.0121    167307.4220       -10.8491        -9.7068

WRITING EXTENDED SYSTEM TO RESTART FILE AT STEP 1370000
WRITING COORDINATES TO DCD FILE ../output/01_eq_1_CLK.0.dcd AT STEP 1370000
WRITING COORDINATES TO RESTART FILE AT STEP 1370000
FINISHED WRITING RESTART COORDINATES
WRITING VELOCITIES TO RESTART FILE AT STEP 1370000
FINISHED WRITING RESTART VELOCITIES
PRESSURE: 1380000 1643.03 -334.355 -298.639 -334.354 -2354.46 -440.338 -298.638 -440.339 -233.289
GPRESSURE: 1380000 1601.2 -246.023 -392.592 -354.53 -2312.61 -437.124 -225.489 -383.092 -243.245
PRESSAVG: 1380000 2112.44 33.4941 10.626 33.4941 -2138.2 -44.3396 10.626 -44.3396 -99.9296
GPRESSAVG: 1380000 2119.66 32.4 -32.8562 31.7884 -2142.56 -42.3135 46.2533 -29.5154 -100.253
TIMING: 1380000  CPU: 1271.09, 0.000918067/step  Wall: 1271.2, 0.000918119/step, 376.422 ns/days, 0.92322 hours remaining, 0.000000 MB of memory in use.
PERFORMANCE: 1380000  averaging 375.185 ns/day, 0.000921145 sec/step with standard deviation 7.56777e-06
ENERGY: 1380000         8.0301        38.1920        16.8107         1.2503         -46332.4675    -85857.8557         0.0000         0.0000      9690.0759        -122435.9642       296.6731   -132126.0401   -122519.9699       296.8437           -314.9063      -318.2198    166529.9044       -41.8982       -41.0536

WRITING EXTENDED SYSTEM TO RESTART FILE AT STEP 1380000
WRITING COORDINATES TO DCD FILE ../output/01_eq_1_CLK.0.dcd AT STEP 1380000
WRITING COORDINATES TO RESTART FILE AT STEP 1380000
FINISHED WRITING RESTART COORDINATES
WRITING VELOCITIES TO RESTART FILE AT STEP 1380000
FINISHED WRITING RESTART VELOCITIES
PRESSURE: 1390000 2215.04 103.483 362.154 103.483 -2276.61 -152.186 362.15 -152.189 -198.936
GPRESSURE: 1390000 2205.96 62.2287 373.848 147.573 -2234.95 -215.488 262.172 -29.2321 -215.656
PRESSAVG: 1390000 2128.16 37.1801 45.2591 37.1801 -2144.69 -59.6542 45.2591 -59.6542 -86.6337
GPRESSAVG: 1390000 2135.82 37.4472 4.9044 37.9976 -2143.89 -56.33 78.5529 -44.2032 -91.3112
TIMING: 1390000  CPU: 1280.3, 0.000920369/step  Wall: 1280.41, 0.000920465/step, 375.463 ns/days, 0.923021 hours remaining, 0.000000 MB of memory in use.
PERFORMANCE: 1390000  averaging 375.187 ns/day, 0.00092114 sec/step with standard deviation 7.54052e-06
ENERGY: 1390000         8.9428        39.9629        17.5894         1.7693         -46229.9841    -85953.1791         0.0000         0.0000      9757.6406        -122357.2581       298.7417   -132114.8987   -122510.5755       296.8093            -86.8331       -81.5501    166767.1929       -34.3866       -33.1261

WRITING EXTENDED SYSTEM TO RESTART FILE AT STEP 1390000
WRITING COORDINATES TO DCD FILE ../output/01_eq_1_CLK.0.dcd AT STEP 1390000
WRITING COORDINATES TO RESTART FILE AT STEP 1390000
FINISHED WRITING RESTART COORDINATES
WRITING VELOCITIES TO RESTART FILE AT STEP 1390000
FINISHED WRITING RESTART VELOCITIES
PRESSURE: 1400000 2792.47 370.458 63.3242 370.459 -1311.43 -346.742 63.3226 -346.743 -123.331
GPRESSURE: 1400000 2837.95 235.029 93.1302 372.747 -1350.13 -424.916 100.123 -460.19 -144.346
PRESSAVG: 1400000 2133.16 41.4004 40.0546 41.4004 -2144.3 -79.4374 40.0546 -79.4374 -108.593
GPRESSAVG: 1400000 2140.96 37.2801 3.7697 42.6686 -2141.67 -84.6108 73.972 -67.1601 -115.904
TIMING: 1400000  CPU: 1289.5, 0.000920144/step  Wall: 1289.61, 0.000920262/step, 375.545 ns/days, 0.920262 hours remaining, 0.000000 MB of memory in use.
PERFORMANCE: 1400000  averaging 375.19 ns/day, 0.000921134 sec/step with standard deviation 7.51371e-06
ETITLE:      TS           BOND          ANGLE          DIHED          IMPRP               ELECT            VDW       BOUNDARY           MISC        KINETIC               TOTAL           TEMP      POTENTIAL       TOTALAVG        TEMPAVG            PRESSURE      GPRESSURE         VOLUME       PRESSAVG      GPRESSAVG

ENERGY: 1400000         8.1609        26.9367        17.2439         0.6605         -46229.9816    -85827.6377         0.0000         0.0000      9862.0614        -122142.5559       301.9387   -132004.6173   -122498.5984       297.0916            452.5697       447.8268    167481.4854       -39.9099       -38.8707

WRITING EXTENDED SYSTEM TO RESTART FILE AT STEP 1400000
WRITING COORDINATES TO DCD FILE ../output/01_eq_1_CLK.0.dcd AT STEP 1400000
WRITING COORDINATES TO RESTART FILE AT STEP 1400000
FINISHED WRITING RESTART COORDINATES
WRITING VELOCITIES TO RESTART FILE AT STEP 1400000
FINISHED WRITING RESTART VELOCITIES
PRESSURE: 1410000 1711.6 167.923 -38.2983 167.922 -1841.36 -336.903 -38.2977 -336.902 -51.502
GPRESSURE: 1410000 1678.79 125.264 20.9655 240.173 -1773.65 -263.519 -89.5649 -359.334 -83.5497
PRESSAVG: 1410000 2095.21 49.4757 21.6202 49.4757 -2143.57 -107.114 21.6202 -107.114 -151.273
GPRESSAVG: 1410000 2100.14 41.1893 -8.08003 57.184 -2135.62 -113.288 53.7993 -98.6386 -161.11
TIMING: 1410000  CPU: 1298.71, 0.000921457/step  Wall: 1298.82, 0.000921569/step, 375.013 ns/days, 0.919009 hours remaining, 0.000000 MB of memory in use.
PERFORMANCE: 1410000  averaging 375.189 ns/day, 0.000921137 sec/step with standard deviation 7.48692e-06
ENERGY: 1410000        12.7713        30.2223        15.0918         0.5415         -46262.0316    -85887.0940         0.0000         0.0000      9819.9638        -122270.5348       300.6498   -132090.4986   -122479.9867       297.4624            -60.4219       -59.4702    167392.6800       -66.5416       -65.5320

WRITING EXTENDED SYSTEM TO RESTART FILE AT STEP 1410000
WRITING COORDINATES TO DCD FILE ../output/01_eq_1_CLK.0.dcd AT STEP 1410000
WRITING COORDINATES TO RESTART FILE AT STEP 1410000
FINISHED WRITING RESTART COORDINATES
WRITING VELOCITIES TO RESTART FILE AT STEP 1410000
FINISHED WRITING RESTART VELOCITIES
PRESSURE: 1420000 2274.72 -220.695 -128.337 -220.69 -1972.49 -60.8527 -128.334 -60.8536 390.819
GPRESSURE: 1420000 2249 -223.44 -215.174 -92.9285 -1930.3 -86.1323 -106.473 -14.664 375.641
PRESSAVG: 1420000 2082.71 8.89412 0.853877 8.89412 -2113.42 -114.864 0.853877 -114.864 -148.418
GPRESSAVG: 1420000 2084.13 -1.99661 -33.5769 21.8521 -2100.64 -115.858 31.1812 -107.798 -159.298
TIMING: 1420000  CPU: 1307.94, 0.000922477/step  Wall: 1308.05, 0.000922502/step, 374.633 ns/days, 0.917377 hours remaining, 0.000000 MB of memory in use.
PERFORMANCE: 1420000  averaging 375.185 ns/day, 0.000921146 sec/step with standard deviation 7.4612e-06
ENERGY: 1420000        12.0341        25.9419        15.7019         2.3327         -46422.5179    -85831.6421         0.0000         0.0000      9725.5327        -122472.6168       297.7587   -132198.1495   -122472.9075       297.5150            231.0173       231.4442    166273.4448       -59.7109       -58.6047

WRITING EXTENDED SYSTEM TO RESTART FILE AT STEP 1420000
WRITING COORDINATES TO DCD FILE ../output/01_eq_1_CLK.0.dcd AT STEP 1420000
WRITING COORDINATES TO RESTART FILE AT STEP 1420000
FINISHED WRITING RESTART COORDINATES
WRITING VELOCITIES TO RESTART FILE AT STEP 1420000
FINISHED WRITING RESTART VELOCITIES
PRESSURE: 1430000 2541.49 128.188 147.943 128.186 -1764.02 133.768 147.941 133.767 -126.739
GPRESSURE: 1430000 2507.48 205.263 325.905 34.115 -1754.19 187.73 112.428 99.3135 -95.1305
PRESSAVG: 1430000 2080.63 23.3163 5.72585 23.3163 -2114.11 -107.265 5.72585 -107.265 -114.429
GPRESSAVG: 1430000 2078.58 19.9835 -13.8335 26.7821 -2103.04 -110.291 37.5486 -101.197 -120.714
TIMING: 1430000  CPU: 1317.16, 0.000921877/step  Wall: 1317.27, 0.000921893/step, 374.881 ns/days, 0.91421 hours remaining, 0.000000 MB of memory in use.
PERFORMANCE: 1430000  averaging 375.183 ns/day, 0.000921151 sec/step with standard deviation 7.43515e-06
ENERGY: 1430000         9.1457        34.2281        16.8909         0.5239         -46198.3651    -85970.0721         0.0000         0.0000      9726.8858        -122380.7629       297.8001   -132107.6487   -122470.1385       297.4881            216.9111       219.3838    167454.6705       -49.3004       -48.3915

WRITING EXTENDED SYSTEM TO RESTART FILE AT STEP 1430000
WRITING COORDINATES TO DCD FILE ../output/01_eq_1_CLK.0.dcd AT STEP 1430000
WRITING COORDINATES TO RESTART FILE AT STEP 1430000
FINISHED WRITING RESTART COORDINATES
WRITING VELOCITIES TO RESTART FILE AT STEP 1430000
FINISHED WRITING RESTART VELOCITIES
PRESSURE: 1440000 2158.09 -382.455 -131.858 -382.457 -1858.12 -40.3569 -131.858 -40.3571 728.876
GPRESSURE: 1440000 2145.83 -395.666 -179.178 -459.259 -1796.43 -76.0879 -72.143 9.71018 673.64
PRESSAVG: 1440000 2078.88 9.58502 3.80023 9.58502 -2095.44 -130.512 3.80023 -130.512 -47.9411
GPRESSAVG: 1440000 2073.25 4.97309 -11.826 12.7029 -2079.71 -132.956 36.5303 -123.164 -55.5718
TIMING: 1440000  CPU: 1326.38, 0.000922052/step  Wall: 1326.49, 0.000922262/step, 374.731 ns/days, 0.912015 hours remaining, 0.000000 MB of memory in use.
PERFORMANCE: 1440000  averaging 375.179 ns/day, 0.000921159 sec/step with standard deviation 7.40968e-06
ENERGY: 1440000         7.9275        34.3296        16.7602         2.3639         -46665.7217    -85774.9584         0.0000         0.0000      9728.4267        -122650.8722       297.8473   -132379.2989   -122476.6005       297.5919            342.9497       341.0126    166659.3448       -21.5004       -20.6768

WRITING EXTENDED SYSTEM TO RESTART FILE AT STEP 1440000
WRITING COORDINATES TO DCD FILE ../output/01_eq_1_CLK.0.dcd AT STEP 1440000
WRITING COORDINATES TO RESTART FILE AT STEP 1440000
FINISHED WRITING RESTART COORDINATES
WRITING VELOCITIES TO RESTART FILE AT STEP 1440000
FINISHED WRITING RESTART VELOCITIES
PRESSURE: 1450000 1390.16 87.7495 27.1303 87.7492 -2699.41 -269.151 27.1276 -269.149 68.5214
GPRESSURE: 1450000 1417.28 144.461 -87.6468 47.7448 -2705.33 -223.604 26.0655 -249.778 35.2453
PRESSAVG: 1450000 2028.15 24.0246 10.2404 24.0246 -2149.67 -131.507 10.2404 -131.507 -39.5219
GPRESSAVG: 1450000 2023.51 18.2134 -11.1855 30.0933 -2134.45 -125.892 43.2667 -119.71 -48.867
TIMING: 1450000  CPU: 1335.59, 0.000921169/step  Wall: 1335.7, 0.000921188/step, 375.168 ns/days, 0.908394 hours remaining, 0.000000 MB of memory in use.
PERFORMANCE: 1450000  averaging 375.179 ns/day, 0.000921159 sec/step with standard deviation 7.38391e-06
ENERGY: 1450000         6.6396        32.6129        15.7708         1.7263         -46200.8076    -85807.9489         0.0000         0.0000      9770.6418        -122181.3651       299.1398   -131952.0069   -122461.0179       297.7441           -413.5773      -417.6010    168210.8136       -53.6792       -53.2665

WRITING EXTENDED SYSTEM TO RESTART FILE AT STEP 1450000
WRITING COORDINATES TO DCD FILE ../output/01_eq_1_CLK.0.dcd AT STEP 1450000
WRITING COORDINATES TO RESTART FILE AT STEP 1450000
FINISHED WRITING RESTART COORDINATES
WRITING VELOCITIES TO RESTART FILE AT STEP 1450000
FINISHED WRITING RESTART VELOCITIES
PRESSURE: 1460000 3065.01 -185.953 -56.9605 -185.955 -1351.82 44.7918 -56.9617 44.7929 415.777
GPRESSURE: 1460000 3002.31 -118.397 -46.6037 -91.2872 -1232.07 -29.7387 -85.1324 94.607 362.611
PRESSAVG: 1460000 2079.65 11.5239 27.3882 11.5239 -2113.66 -103.89 27.3882 -103.89 23.5254
GPRESSAVG: 1460000 2073.23 14.3844 8.73091 17.246 -2093.03 -100.377 50.688 -91.9323 10.8999
TIMING: 1460000  CPU: 1344.84, 0.000924646/step  Wall: 1344.95, 0.000924739/step, 373.727 ns/days, 0.909327 hours remaining, 0.000000 MB of memory in use.
PERFORMANCE: 1460000  averaging 375.169 ns/day, 0.000921184 sec/step with standard deviation 7.36437e-06
ENERGY: 1460000        11.2359        39.0484        15.2518         1.7420         -46425.3908    -85874.2009         0.0000         0.0000      9687.9635        -122544.3500       296.6085   -132232.3135   -122462.1483       297.6308            709.6551       710.9480    167345.9568        -3.4957        -2.9647

WRITING EXTENDED SYSTEM TO RESTART FILE AT STEP 1460000
WRITING COORDINATES TO DCD FILE ../output/01_eq_1_CLK.0.dcd AT STEP 1460000
WRITING COORDINATES TO RESTART FILE AT STEP 1460000
FINISHED WRITING RESTART COORDINATES
WRITING VELOCITIES TO RESTART FILE AT STEP 1460000
FINISHED WRITING RESTART VELOCITIES
PRESSURE: 1470000 1560.18 47.1723 192.807 47.1732 -2690.55 -40.0302 192.807 -40.0294 -481.246
GPRESSURE: 1470000 1594.61 -9.18346 220.245 118.229 -2650.66 -110.438 148.669 -89.0891 -555.559
PRESSAVG: 1470000 2103.4 -0.19268 26.2671 -0.19268 -2091.51 -101.089 26.2671 -101.089 -28.388
GPRESSAVG: 1470000 2102.61 0.372086 11.2911 11.3302 -2070.54 -102.047 47.7433 -88.8696 -46.7826
TIMING: 1470000  CPU: 1354.09, 0.000925769/step  Wall: 1354.21, 0.000925856/step, 373.276 ns/days, 0.907853 hours remaining, 0.000000 MB of memory in use.
PERFORMANCE: 1470000  averaging 375.156 ns/day, 0.000921216 sec/step with standard deviation 7.34921e-06
ENERGY: 1470000        11.6066        41.3144        17.7749         2.3403         -46205.1049    -86132.9061         0.0000         0.0000      9828.4559        -122436.5189       300.9098   -132264.9748   -122453.8875       297.9147           -537.2057      -537.2020    167514.5503        -5.4979        -4.9047

WRITING EXTENDED SYSTEM TO RESTART FILE AT STEP 1470000
WRITING COORDINATES TO DCD FILE ../output/01_eq_1_CLK.0.dcd AT STEP 1470000
WRITING COORDINATES TO RESTART FILE AT STEP 1470000
FINISHED WRITING RESTART COORDINATES
WRITING VELOCITIES TO RESTART FILE AT STEP 1470000
FINISHED WRITING RESTART VELOCITIES
PRESSURE: 1480000 2591.07 -99.7769 -41.5166 -99.7768 -2162.11 1.9832 -41.5167 1.98451 270.106
GPRESSURE: 1480000 2576.36 -140.056 -166.678 -120.177 -2173.53 -13.1512 -94.8048 10.0686 306.219
PRESSAVG: 1480000 2130 -14.3078 6.05606 -14.3078 -2089.55 -79.2747 6.05606 -79.2747 -23.6923
GPRESSAVG: 1480000 2127.54 -16.0273 -12.1816 -5.43921 -2070.94 -76.1945 19.9428 -68.51 -37.9135
TIMING: 1480000  CPU: 1363.32, 0.000922415/step  Wall: 1363.43, 0.000922551/step, 374.613 ns/days, 0.90205 hours remaining, 0.000000 MB of memory in use.
PERFORMANCE: 1480000  averaging 375.153 ns/day, 0.000921225 sec/step with standard deviation 7.32499e-06
ENERGY: 1480000         9.5948        23.3188        15.1114         1.6022         -46029.8299    -86045.7201         0.0000         0.0000      9816.4557        -122209.4671       300.5424   -132025.9228   -122436.4299       298.1723            233.0228       236.3507    167187.9540         5.5874         6.2273

WRITING EXTENDED SYSTEM TO RESTART FILE AT STEP 1480000
WRITING COORDINATES TO DCD FILE ../output/01_eq_1_CLK.0.dcd AT STEP 1480000
WRITING COORDINATES TO RESTART FILE AT STEP 1480000
FINISHED WRITING RESTART COORDINATES
WRITING VELOCITIES TO RESTART FILE AT STEP 1480000
FINISHED WRITING RESTART VELOCITIES
PRESSURE: 1490000 1647.61 343.27 -114.705 343.268 -2519.07 -147.064 -114.706 -147.063 -52.7311
GPRESSURE: 1490000 1680.48 236.157 -49.6756 352.373 -2521.26 -156.629 -66.33 -275.16 -63.1709
PRESSAVG: 1490000 2102.25 14.805 9.92014 14.805 -2132.26 -79.2743 9.92014 -79.2743 -15.5452
GPRESSAVG: 1490000 2096.93 4.47046 -5.3288 25.8455 -2108.38 -76.6889 26.5777 -81.8803 -31.2322
TIMING: 1490000  CPU: 1372.53, 0.000920749/step  Wall: 1372.64, 0.000920955/step, 375.263 ns/days, 0.897931 hours remaining, 0.000000 MB of memory in use.
PERFORMANCE: 1490000  averaging 375.154 ns/day, 0.000921223 sec/step with standard deviation 7.30024e-06
ENERGY: 1490000         6.5199        29.6924        14.9745         1.3346         -46223.4649    -85913.5862         0.0000         0.0000      9744.2884        -122340.2414       298.3329   -132084.5298   -122428.1159       298.2334           -308.0633      -301.3164    167245.9753       -15.1840       -14.2258

WRITING EXTENDED SYSTEM TO RESTART FILE AT STEP 1490000
WRITING COORDINATES TO DCD FILE ../output/01_eq_1_CLK.0.dcd AT STEP 1490000
WRITING COORDINATES TO RESTART FILE AT STEP 1490000
FINISHED WRITING RESTART COORDINATES
WRITING VELOCITIES TO RESTART FILE AT STEP 1490000
FINISHED WRITING RESTART VELOCITIES
PRESSURE: 1500000 1644.73 -190.673 -191.146 -190.675 -2062.76 -199.851 -191.145 -199.851 -191.802
GPRESSURE: 1500000 1595.19 -130.151 -163.766 -243.037 -2026.32 -275.295 -218.947 -299.088 -164.764
PRESSAVG: 1500000 2109.73 3.01997 -0.996065 3.01997 -2084.59 -97.7554 -0.996065 -97.7554 4.7657
GPRESSAVG: 1500000 2100.87 -3.52452 -8.00528 8.24332 -2059.08 -106.041 3.49454 -98.9393 -8.52834
TIMING: 1500000  CPU: 1381.83, 0.000930072/step  Wall: 1381.94, 0.000930088/step, 371.578 ns/days, 0.904252 hours remaining, 0.000000 MB of memory in use.
PERFORMANCE: 1500000  averaging 375.129 ns/day, 0.000921282 sec/step with standard deviation 7.31161e-06
ETITLE:      TS           BOND          ANGLE          DIHED          IMPRP               ELECT            VDW       BOUNDARY           MISC        KINETIC               TOTAL           TEMP      POTENTIAL       TOTALAVG        TEMPAVG            PRESSURE      GPRESSURE         VOLUME       PRESSAVG      GPRESSAVG

ENERGY: 1500000         6.7096        24.4387        16.7928         3.9868         -46271.7816    -85924.7072         0.0000         0.0000      9744.2869        -122400.2739       298.3329   -132144.5609   -122425.5530       298.2853           -203.2781      -198.6322    167236.2183         9.9672        11.0870

WRITING EXTENDED SYSTEM TO RESTART FILE AT STEP 1500000
WRITING COORDINATES TO DCD FILE ../output/01_eq_1_CLK.0.dcd AT STEP 1500000
WRITING COORDINATES TO RESTART FILE AT STEP 1500000
FINISHED WRITING RESTART COORDINATES
WRITING VELOCITIES TO RESTART FILE AT STEP 1500000
FINISHED WRITING RESTART VELOCITIES
PRESSURE: 1510000 2231.49 -171.542 159.193 -171.543 -1983.15 -95.7848 159.191 -95.7855 530.106
GPRESSURE: 1510000 2245.8 -117.448 176.347 -124.657 -2018.16 -40.1678 150.853 -32.6893 526.525
PRESSAVG: 1510000 2126.62 -20.9131 -8.86867 -20.9131 -2068.62 -108.968 -8.86867 -108.968 16.0529
GPRESSAVG: 1510000 2122.18 -27.1773 -11.6508 -13.7238 -2048.54 -114.669 -3.73377 -109.258 2.37692
TIMING: 1510000  CPU: 1391.06, 0.000923163/step  Wall: 1391.18, 0.000923212/step, 374.345 ns/days, 0.895003 hours remaining, 0.000000 MB of memory in use.
PERFORMANCE: 1510000  averaging 375.124 ns/day, 0.000921295 sec/step with standard deviation 7.28889e-06
ENERGY: 1510000         7.4233        25.8059        19.4130         0.7714         -46311.8792    -85829.2546         0.0000         0.0000      9761.3324        -122326.3879       298.8547   -132087.7203   -122406.5601       298.5156            259.4818       251.3887    167563.1069        24.6828        25.3370

WRITING EXTENDED SYSTEM TO RESTART FILE AT STEP 1510000
WRITING COORDINATES TO DCD FILE ../output/01_eq_1_CLK.0.dcd AT STEP 1510000
WRITING COORDINATES TO RESTART FILE AT STEP 1510000
FINISHED WRITING RESTART COORDINATES
WRITING VELOCITIES TO RESTART FILE AT STEP 1510000
FINISHED WRITING RESTART VELOCITIES
PRESSURE: 1520000 1817.03 -331.824 -81.7864 -331.825 -3145.24 159.509 -81.7872 159.509 -656.106
GPRESSURE: 1520000 1902.98 -301.931 -62.2873 -393.636 -3174.32 163.796 -64.0992 235.711 -719.818
PRESSAVG: 1520000 2093.64 -35.4059 -4.24645 -35.4059 -2125.1 -93.5237 -4.24645 -93.5237 -16.7232
GPRESSAVG: 1520000 2088.73 -41.6093 -5.75071 -28.3088 -2104.38 -103.341 -0.280374 -91.5958 -30.8201
TIMING: 1520000  CPU: 1400.22, 0.00091648/step  Wall: 1400.34, 0.000916466/step, 377.101 ns/days, 0.885917 hours remaining, 0.000000 MB of memory in use.
PERFORMANCE: 1520000  averaging 375.137 ns/day, 0.000921263 sec/step with standard deviation 7.27527e-06
ENERGY: 1520000        11.5185        30.2649        14.3386         0.4281         -46002.4529    -86034.1397         0.0000         0.0000      9813.7016        -122166.3410       300.4581   -131980.0426   -122392.1258       298.6504           -661.4405      -663.7208    168170.9394       -16.0599       -15.4916

WRITING EXTENDED SYSTEM TO RESTART FILE AT STEP 1520000
WRITING COORDINATES TO DCD FILE ../output/01_eq_1_CLK.0.dcd AT STEP 1520000
WRITING COORDINATES TO RESTART FILE AT STEP 1520000
FINISHED WRITING RESTART COORDINATES
WRITING VELOCITIES TO RESTART FILE AT STEP 1520000
FINISHED WRITING RESTART VELOCITIES
PRESSURE: 1530000 2036.51 -12.0352 -107.635 -12.038 -2299.84 -23.4084 -107.633 -23.4067 385.803
GPRESSURE: 1530000 2064.77 -81.8518 -114.431 174.237 -2313.27 7.53515 98.0953 7.88788 370.075
PRESSAVG: 1530000 2073.77 -58.8823 -16.0995 -58.8823 -2142.8 -113.533 -16.0995 -113.533 -12.9206
GPRESSAVG: 1530000 2073.31 -69.5024 -18.5828 -39.5368 -2122.43 -125.374 -2.8059 -110.519 -31.4122
TIMING: 1530000  CPU: 1409.38, 0.000916081/step  Wall: 1409.5, 0.000916118/step, 377.244 ns/days, 0.883036 hours remaining, 0.000000 MB of memory in use.
PERFORMANCE: 1530000  averaging 375.151 ns/day, 0.000921229 sec/step with standard deviation 7.26322e-06
ENERGY: 1530000        10.4193        32.1078        15.7626         0.4047         -46303.8399    -85881.6549         0.0000         0.0000      9854.9369        -122271.8635       301.7206   -132126.8004   -122386.4715       298.8643             40.8231        40.5252    167716.0629       -27.3167       -26.8422

WRITING EXTENDED SYSTEM TO RESTART FILE AT STEP 1530000
WRITING COORDINATES TO DCD FILE ../output/01_eq_1_CLK.0.dcd AT STEP 1530000
WRITING COORDINATES TO RESTART FILE AT STEP 1530000
FINISHED WRITING RESTART COORDINATES
WRITING VELOCITIES TO RESTART FILE AT STEP 1530000
FINISHED WRITING RESTART VELOCITIES
PRESSURE: 1540000 2182.37 257.323 391.46 257.322 -1899.52 -309.886 391.459 -309.884 463.9
GPRESSURE: 1540000 2136.36 106.051 415.587 393.151 -1874.38 -385.785 373.334 -294.11 476.945
PRESSAVG: 1540000 2067.45 -27.8744 15.5922 -27.8744 -2147.13 -129.342 15.5922 -129.342 43.4718
GPRESSAVG: 1540000 2060.7 -46.9704 15.4752 -2.98377 -2125.69 -143.17 23.7083 -125.748 29.8911
TIMING: 1540000  CPU: 1418.52, 0.000913279/step  Wall: 1418.64, 0.000913348/step, 378.388 ns/days, 0.877829 hours remaining, 0.000000 MB of memory in use.
PERFORMANCE: 1540000  averaging 375.172 ns/day, 0.000921178 sec/step with standard deviation 7.26725e-06
ENERGY: 1540000        11.5065        21.9223        18.1226         0.1686         -46262.5179    -85853.8507         0.0000         0.0000      9595.3880        -122469.2605       293.7742   -132064.6486   -122378.2782       298.6515            248.9175       246.3087    167887.1512       -12.0675       -11.6996

WRITING EXTENDED SYSTEM TO RESTART FILE AT STEP 1540000
WRITING COORDINATES TO DCD FILE ../output/01_eq_1_CLK.0.dcd AT STEP 1540000
WRITING COORDINATES TO RESTART FILE AT STEP 1540000
FINISHED WRITING RESTART COORDINATES
WRITING VELOCITIES TO RESTART FILE AT STEP 1540000
FINISHED WRITING RESTART VELOCITIES
PRESSURE: 1550000 1210.2 -131.448 -147.429 -131.447 -2592.92 -314.919 -147.427 -314.918 -56.9552
GPRESSURE: 1550000 1261.36 -108.36 -159.368 -138.435 -2584.29 -381.683 -43.6491 -272.262 -126.297
PRESSAVG: 1550000 1995.17 -35.0462 5.27616 -35.0462 -2200.67 -137.57 5.27616 -137.57 11.5742
GPRESSAVG: 1550000 1989.57 -54.8802 7.23635 -6.21318 -2180.11 -155.906 16.6268 -132.721 -3.1377
TIMING: 1550000  CPU: 1427.66, 0.000914129/step  Wall: 1427.78, 0.000914294/step, 377.997 ns/days, 0.876198 hours remaining, 0.000000 MB of memory in use.
PERFORMANCE: 1550000  averaging 375.19 ns/day, 0.000921134 sec/step with standard deviation 7.26469e-06
ENERGY: 1550000         5.7287        26.5787        16.9287         1.4589         -46083.8772    -85802.2420         0.0000         0.0000      9700.8559        -122134.5683       297.0032   -131835.4242   -122361.1467       298.5992           -479.8923      -483.0768    168099.1032       -64.6409       -64.5598

WRITING EXTENDED SYSTEM TO RESTART FILE AT STEP 1550000
WRITING COORDINATES TO DCD FILE ../output/01_eq_1_CLK.0.dcd AT STEP 1550000
WRITING COORDINATES TO RESTART FILE AT STEP 1550000
FINISHED WRITING RESTART COORDINATES
WRITING VELOCITIES TO RESTART FILE AT STEP 1550000
FINISHED WRITING RESTART VELOCITIES
PRESSURE: 1560000 2196.33 -231.849 -421.423 -231.85 -1666.42 36.3895 -421.422 36.3909 317.494
GPRESSURE: 1560000 2242.46 -254.299 -408.694 -227.964 -1737.93 -26.6756 -425.746 207.393 337.262
PRESSAVG: 1560000 2020.43 -50.0573 -8.75373 -50.0573 -2154.45 -124.052 -8.75373 -124.052 72.7962
GPRESSAVG: 1560000 2018.82 -70.6348 -6.16996 -26.9868 -2139 -149.185 7.47709 -108.149 58.6832
TIMING: 1560000  CPU: 1436.8, 0.000913929/step  Wall: 1436.92, 0.000914092/step, 378.08 ns/days, 0.873466 hours remaining, 0.000000 MB of memory in use.
PERFORMANCE: 1560000  averaging 375.208 ns/day, 0.000921089 sec/step with standard deviation 7.26313e-06
ENERGY: 1560000         9.4234        35.0317        15.8084         1.8047         -46098.1367    -86054.3771         0.0000         0.0000      9762.2856        -122328.1600       298.8839   -132090.4456   -122353.2998       298.7318            282.4661       280.5986    166841.5162       -20.4089       -20.5007

WRITING EXTENDED SYSTEM TO RESTART FILE AT STEP 1560000
WRITING COORDINATES TO DCD FILE ../output/01_eq_1_CLK.0.dcd AT STEP 1560000
WRITING COORDINATES TO RESTART FILE AT STEP 1560000
FINISHED WRITING RESTART COORDINATES
WRITING VELOCITIES TO RESTART FILE AT STEP 1560000
FINISHED WRITING RESTART VELOCITIES
PRESSURE: 1570000 2762.24 -115.966 -62.8831 -115.969 -1459.9 -108.536 -62.8831 -108.535 -664.572
GPRESSURE: 1570000 2757.71 -21.2135 -18.4487 -79.4537 -1490.38 -86.5796 -35.8571 -46.8914 -642.659
PRESSAVG: 1570000 2083.57 -45.1509 -23.9305 -45.1509 -2095.56 -125.478 -23.9305 -125.478 36.7097
GPRESSAVG: 1570000 2085.19 -51.6782 -21.9258 -22.251 -2082.71 -143.698 -12.8247 -107.044 20.4984
TIMING: 1570000  CPU: 1445.94, 0.00091472/step  Wall: 1446.07, 0.000914918/step, 377.739 ns/days, 0.871713 hours remaining, 0.000000 MB of memory in use.
PERFORMANCE: 1570000  averaging 375.224 ns/day, 0.000921049 sec/step with standard deviation 7.25655e-06
ENERGY: 1570000         5.8095        24.7856        16.2837         1.2408         -46403.0639    -85926.6851         0.0000         0.0000      9758.8976        -122522.7318       298.7802   -132281.6294   -122352.1047       298.7375            212.5893       208.2229    167049.4359         8.2393         7.6610

WRITING EXTENDED SYSTEM TO RESTART FILE AT STEP 1570000
WRITING COORDINATES TO DCD FILE ../output/01_eq_1_CLK.0.dcd AT STEP 1570000
WRITING COORDINATES TO RESTART FILE AT STEP 1570000
FINISHED WRITING RESTART COORDINATES
WRITING VELOCITIES TO RESTART FILE AT STEP 1570000
FINISHED WRITING RESTART VELOCITIES
PRESSURE: 1580000 2171.98 144.261 101.782 144.262 -1935.1 -130.449 101.783 -130.448 821.114
GPRESSURE: 1580000 2194.71 217.538 235.798 97.0701 -1944.97 -62.7529 -38.4559 -84.9524 779.852
PRESSAVG: 1580000 2110.02 -21.2201 -3.90952 -21.2201 -2074.59 -109.983 -3.90952 -109.983 89.4299
GPRESSAVG: 1580000 2114.87 -28.5002 9.49368 0.329051 -2064.33 -124.979 -3.4731 -92.1375 71.6532
TIMING: 1580000  CPU: 1455.09, 0.000915042/step  Wall: 1455.22, 0.000915145/step, 377.645 ns/days, 0.869388 hours remaining, 0.000000 MB of memory in use.
PERFORMANCE: 1580000  averaging 375.239 ns/day, 0.000921012 sec/step with standard deviation 7.24864e-06
ENERGY: 1580000         9.3482        38.1637        20.4367         0.4615         -46386.6674    -85928.6157         0.0000         0.0000      9724.3531        -122522.5199       297.7226   -132246.8730   -122356.4325       298.7900            352.6639       343.1992    166732.4724        41.6178        40.7320

WRITING EXTENDED SYSTEM TO RESTART FILE AT STEP 1580000
WRITING COORDINATES TO DCD FILE ../output/01_eq_1_CLK.0.dcd AT STEP 1580000
WRITING COORDINATES TO RESTART FILE AT STEP 1580000
FINISHED WRITING RESTART COORDINATES
WRITING VELOCITIES TO RESTART FILE AT STEP 1580000
FINISHED WRITING RESTART VELOCITIES
PRESSURE: 1590000 2191.13 -445.185 -479.104 -445.183 -2323.24 -129.884 -479.106 -129.882 943.785
GPRESSURE: 1590000 2219.61 -504.221 -422.204 -310.178 -2310.52 -128.293 -509.982 -113.547 907.289
PRESSAVG: 1590000 2108.82 -48.6533 -45.9723 -48.6533 -2076.92 -108.868 -45.9723 -108.868 146.566
GPRESSAVG: 1590000 2115.55 -56.8227 -30.3089 -22.5585 -2068.11 -120.619 -42.0808 -96.3532 127.8
TIMING: 1590000  CPU: 1464.23, 0.000913978/step  Wall: 1464.36, 0.000914041/step, 378.101 ns/days, 0.8658 hours remaining, 0.000000 MB of memory in use.
PERFORMANCE: 1590000  averaging 375.257 ns/day, 0.000920968 sec/step with standard deviation 7.24678e-06
ENERGY: 1590000         6.0996        30.9469        16.1649         0.9058         -46214.2986    -86109.6161         0.0000         0.0000      9803.5870        -122466.2105       300.1484   -132269.7975   -122361.8801       298.8603            270.5588       272.1235    167020.9830        59.4874        58.4157

WRITING EXTENDED SYSTEM TO RESTART FILE AT STEP 1590000
WRITING COORDINATES TO DCD FILE ../output/01_eq_1_CLK.0.dcd AT STEP 1590000
WRITING COORDINATES TO RESTART FILE AT STEP 1590000
FINISHED WRITING RESTART COORDINATES
WRITING VELOCITIES TO RESTART FILE AT STEP 1590000
FINISHED WRITING RESTART VELOCITIES
PRESSURE: 1600000 2232.55 27.6456 205.917 27.6467 -2435.29 139.431 205.916 139.43 -211.812
GPRESSURE: 1600000 2249.93 17.1977 273.425 -10.2917 -2479.92 150.85 153.049 260.919 -197.641
PRESSAVG: 1600000 2080.82 -65.794 -38.8427 -65.794 -2133.12 -84.5594 -38.8427 -84.5594 142.142
GPRESSAVG: 1600000 2086.15 -67.7143 -21.2942 -41.7105 -2124.6 -91.8311 -39.4345 -60.2978 125.136
TIMING: 1600000  CPU: 1473.41, 0.000917952/step  Wall: 1473.54, 0.000918029/step, 376.459 ns/days, 0.867027 hours remaining, 0.000000 MB of memory in use.
PERFORMANCE: 1600000  averaging 375.265 ns/day, 0.00092095 sec/step with standard deviation 7.22769e-06
ETITLE:      TS           BOND          ANGLE          DIHED          IMPRP               ELECT            VDW       BOUNDARY           MISC        KINETIC               TOTAL           TEMP      POTENTIAL       TOTALAVG        TEMPAVG            PRESSURE      GPRESSURE         VOLUME       PRESSAVG      GPRESSAVG

ENERGY: 1600000        11.1493        26.2592        19.2859         1.3146         -46499.2375    -85777.6206         0.0000         0.0000      9671.0547        -122547.7944       296.0908   -132218.8491   -122382.1420       298.5679           -138.1852      -142.5449    167223.1347        29.9496        28.8971

WRITING EXTENDED SYSTEM TO RESTART FILE AT STEP 1600000
WRITING COORDINATES TO DCD FILE ../output/01_eq_1_CLK.0.dcd AT STEP 1600000
WRITING COORDINATES TO RESTART FILE AT STEP 1600000
FINISHED WRITING RESTART COORDINATES
WRITING VELOCITIES TO RESTART FILE AT STEP 1600000
FINISHED WRITING RESTART VELOCITIES
PRESSURE: 1610000 1766.8 89.5643 508.667 89.5655 -2371.39 51.4572 508.667 51.4569 148.023
GPRESSURE: 1610000 1711.12 121.169 501.507 27.9056 -2354.26 69.3682 560.138 116.935 183.892
PRESSAVG: 1610000 2083.58 -69.7118 -11.4945 -69.7118 -2159.62 -65.1415 -11.4945 -65.1415 152.118
GPRESSAVG: 1610000 2087.77 -67.919 2.73288 -52.3238 -2153.63 -75.1867 -6.94939 -36.4844 138.508
TIMING: 1610000  CPU: 1482.61, 0.000919171/step  Wall: 1482.73, 0.000919242/step, 375.962 ns/days, 0.865619 hours remaining, 0.000000 MB of memory in use.
PERFORMANCE: 1610000  averaging 375.269 ns/day, 0.000920939 sec/step with standard deviation 7.20632e-06
ENERGY: 1610000         8.2621        32.2854        15.9559         1.5843         -46285.4356    -85934.2656         0.0000         0.0000      9741.1793        -122420.4342       298.2377   -132161.6135   -122389.6370       298.4473           -152.1889      -153.0841    167184.7998        25.3613        24.2164

WRITING EXTENDED SYSTEM TO RESTART FILE AT STEP 1610000
WRITING COORDINATES TO DCD FILE ../output/01_eq_1_CLK.0.dcd AT STEP 1610000
WRITING COORDINATES TO RESTART FILE AT STEP 1610000
FINISHED WRITING RESTART COORDINATES
WRITING VELOCITIES TO RESTART FILE AT STEP 1610000
FINISHED WRITING RESTART VELOCITIES
PRESSURE: 1620000 2091.28 228.069 162.037 228.072 -2486.42 1.43057 162.038 1.42924 577.563
GPRESSURE: 1620000 2126.96 187.954 129.5 187.716 -2483.91 -34.7397 134.85 17.1408 535.354
PRESSAVG: 1620000 2074.41 -47.2737 3.02413 -47.2737 -2185.32 -62.0274 3.02413 -62.0274 161.455
GPRESSAVG: 1620000 2081.67 -47.3493 19.9666 -38.2916 -2181.31 -72.6171 5.11679 -34.8941 146.494
TIMING: 1620000  CPU: 1491.79, 0.000918263/step  Wall: 1491.92, 0.000918291/step, 376.351 ns/days, 0.862173 hours remaining, 0.000000 MB of memory in use.
PERFORMANCE: 1620000  averaging 375.276 ns/day, 0.000920923 sec/step with standard deviation 7.18692e-06
ENERGY: 1620000         5.2111        22.4593        17.6690         1.3238         -46160.8676    -85830.0021         0.0000         0.0000      9579.1836        -122365.0230       293.2780   -131944.2066   -122384.2573       298.2233             60.8054        59.4712    167778.9497        16.8507        15.6177

WRITING EXTENDED SYSTEM TO RESTART FILE AT STEP 1620000
WRITING COORDINATES TO DCD FILE ../output/01_eq_1_CLK.0.dcd AT STEP 1620000
WRITING COORDINATES TO RESTART FILE AT STEP 1620000
FINISHED WRITING RESTART COORDINATES
WRITING VELOCITIES TO RESTART FILE AT STEP 1620000
FINISHED WRITING RESTART VELOCITIES
PRESSURE: 1630000 1779.81 -46.2887 -179.744 -46.2895 -2064.19 -189.261 -179.745 -189.263 71.18
GPRESSURE: 1630000 1776.71 -48.7076 3.9164 -25.9864 -2123.77 -280.091 -312.738 -198.207 126.266
PRESSAVG: 1630000 2036.33 -55.9974 -13.3602 -55.9974 -2200.32 -78.1788 -13.3602 -78.1788 171.351
GPRESSAVG: 1630000 2045.13 -60.0478 3.86711 -41.2967 -2199.78 -96.0081 -16.1415 -49.7702 157.563
TIMING: 1630000  CPU: 1500.97, 0.000918178/step  Wall: 1501.1, 0.000918207/step, 376.386 ns/days, 0.859544 hours remaining, 0.000000 MB of memory in use.
PERFORMANCE: 1630000  averaging 375.283 ns/day, 0.000920906 sec/step with standard deviation 7.16786e-06
ENERGY: 1630000        11.0645        26.3120        18.5926         0.8259         -46184.9457    -86057.2750         0.0000         0.0000      9746.1236        -122439.3022       298.3891   -132185.4257   -122387.1843       298.2527            -71.0667       -73.6006    167654.0923         2.4518         0.9685

WRITING EXTENDED SYSTEM TO RESTART FILE AT STEP 1630000
WRITING COORDINATES TO DCD FILE ../output/01_eq_1_CLK.0.dcd AT STEP 1630000
WRITING COORDINATES TO RESTART FILE AT STEP 1630000
FINISHED WRITING RESTART COORDINATES
WRITING VELOCITIES TO RESTART FILE AT STEP 1630000
FINISHED WRITING RESTART VELOCITIES
PRESSURE: 1640000 2734.95 -37.2746 -203.653 -37.2739 -1998.84 294.751 -203.651 294.749 738.473
GPRESSURE: 1640000 2827.46 -6.24463 -75.7222 -137.225 -1977.81 161.514 -372.353 403.727 625.01
PRESSAVG: 1640000 2065.17 -38.7383 -16.9498 -38.7383 -2207.36 -61.4235 -16.9498 -61.4235 171.831
GPRESSAVG: 1640000 2079.21 -40.5768 9.03993 -25.195 -2208.85 -84.128 -31.152 -30.0693 155.132
TIMING: 1640000  CPU: 1510.17, 0.000919781/step  Wall: 1510.3, 0.000919819/step, 375.726 ns/days, 0.858498 hours remaining, 0.000000 MB of memory in use.
PERFORMANCE: 1640000  averaging 375.285 ns/day, 0.0009209 sec/step with standard deviation 7.14635e-06
ENERGY: 1640000        14.8141        23.3295        18.6965         0.5120         -46606.2277    -85679.0532         0.0000         0.0000      9616.6768        -122611.2520       294.4259   -132227.9288   -122385.2033       298.0817            491.5288       491.5525    166853.4372         9.8807         8.4955

WRITING EXTENDED SYSTEM TO RESTART FILE AT STEP 1640000
WRITING COORDINATES TO DCD FILE ../output/01_eq_1_CLK.0.dcd AT STEP 1640000
WRITING COORDINATES TO RESTART FILE AT STEP 1640000
FINISHED WRITING RESTART COORDINATES
WRITING VELOCITIES TO RESTART FILE AT STEP 1640000
FINISHED WRITING RESTART VELOCITIES
PRESSURE: 1650000 2530.68 -401.534 31.4628 -401.534 -2042.87 25.971 31.4614 25.9698 483.082
GPRESSURE: 1650000 2490.01 -462.757 52.5742 -317.612 -2021.75 -43.2044 22.2449 -17.9348 509.066
PRESSAVG: 1650000 2122.2 -63.2024 -16.7331 -63.2024 -2174.53 -46.6676 -16.7331 -46.6676 192.559
GPRESSAVG: 1650000 2132.85 -70.9377 16.051 -43.4628 -2174.68 -75.1081 -31.343 -18.4772 178.823
TIMING: 1650000  CPU: 1519.36, 0.000919257/step  Wall: 1519.49, 0.000919394/step, 375.9 ns/days, 0.855547 hours remaining, 0.000000 MB of memory in use.
PERFORMANCE: 1650000  averaging 375.289 ns/day, 0.00092089 sec/step with standard deviation 7.12549e-06
ENERGY: 1650000         9.3876        30.2186        20.8675         1.8915         -46206.2106    -85923.2160         0.0000         0.0000      9690.4708        -122376.5905       296.6852   -132067.0613   -122394.9645       297.9590            323.6303       325.7748    166557.5475        46.7411        45.6643

WRITING EXTENDED SYSTEM TO RESTART FILE AT STEP 1650000
WRITING COORDINATES TO DCD FILE ../output/01_eq_1_CLK.0.dcd AT STEP 1650000
WRITING COORDINATES TO RESTART FILE AT STEP 1650000
FINISHED WRITING RESTART COORDINATES
WRITING VELOCITIES TO RESTART FILE AT STEP 1650000
FINISHED WRITING RESTART VELOCITIES
PRESSURE: 1660000 1593.86 138.82 38.0713 138.822 -2870.39 203.066 38.0717 203.066 466.501
GPRESSURE: 1660000 1632.89 160.579 71.0191 124.967 -2926.97 212.506 51.9689 294.019 485.641
PRESSAVG: 1660000 2048.64 -46.9636 -11.9815 -46.9636 -2250.46 -38.754 -11.9815 -38.754 195.095
GPRESSAVG: 1660000 2064.37 -56.9889 21.9321 -32.6501 -2259.42 -62.9958 -24.488 -8.50656 184.974
TIMING: 1660000  CPU: 1528.55, 0.00091946/step  Wall: 1528.69, 0.000919579/step, 375.824 ns/days, 0.853165 hours remaining, 0.000000 MB of memory in use.
PERFORMANCE: 1660000  averaging 375.292 ns/day, 0.000920882 sec/step with standard deviation 7.10459e-06
ENERGY: 1660000         9.4435        24.3136        19.6935         0.3166         -46277.7887    -86003.1366         0.0000         0.0000      9888.0410        -122339.1170       302.7341   -132227.1580   -122384.7029       298.2652           -270.0076      -269.4819    167118.7238        -2.2420        -3.3572

WRITING EXTENDED SYSTEM TO RESTART FILE AT STEP 1660000
WRITING COORDINATES TO DCD FILE ../output/01_eq_1_CLK.0.dcd AT STEP 1660000
WRITING COORDINATES TO RESTART FILE AT STEP 1660000
FINISHED WRITING RESTART COORDINATES
WRITING VELOCITIES TO RESTART FILE AT STEP 1660000
FINISHED WRITING RESTART VELOCITIES
PRESSURE: 1670000 2077.26 -110.405 119.026 -110.403 -2200.83 -27.1233 119.023 -27.1239 -795.771
GPRESSURE: 1670000 2084.79 -50.5995 108.828 -198.525 -2253.75 11.7475 -74.0722 -46.0641 -750.328
PRESSAVG: 1670000 2074.49 -54.8424 -15.6707 -54.8424 -2225.98 -38.1087 -15.6707 -38.1087 179.369
GPRESSAVG: 1670000 2088.88 -59.0597 16.3613 -48.4878 -2239.57 -56.8865 -35.6251 -6.35531 175.236
TIMING: 1670000  CPU: 1537.73, 0.000917958/step  Wall: 1537.87, 0.000918069/step, 376.442 ns/days, 0.849214 hours remaining, 0.000000 MB of memory in use.
PERFORMANCE: 1670000  averaging 375.299 ns/day, 0.000920866 sec/step with standard deviation 7.08651e-06
ENERGY: 1670000         4.7210        24.0885        22.3711         1.0874         -46181.1801    -85924.8949         0.0000         0.0000      9737.2972        -122316.5099       298.1189   -132053.8070   -122378.7024       298.1257           -306.4487      -306.4274    167241.2831         9.2958         8.1816

WRITING EXTENDED SYSTEM TO RESTART FILE AT STEP 1670000
WRITING COORDINATES TO DCD FILE ../output/01_eq_1_CLK.0.dcd AT STEP 1670000
WRITING COORDINATES TO RESTART FILE AT STEP 1670000
FINISHED WRITING RESTART COORDINATES
WRITING VELOCITIES TO RESTART FILE AT STEP 1670000
FINISHED WRITING RESTART VELOCITIES
PRESSURE: 1680000 2201.82 110.047 335.432 110.047 -1385.91 -170.85 335.433 -170.852 -134.362
GPRESSURE: 1680000 2238.23 144.338 377.61 88.6227 -1379.39 -183.762 239.402 -269.378 -160.031
PRESSAVG: 1680000 2055.03 -44.3512 3.17681 -44.3512 -2187.17 -46.7505 3.17681 -46.7505 159.146
GPRESSAVG: 1680000 2071.98 -44.84 43.5756 -38.0478 -2199.87 -65.4171 -18.9147 -20.3277 151.923
TIMING: 1680000  CPU: 1546.93, 0.000919509/step  Wall: 1547.06, 0.000919785/step, 375.74 ns/days, 0.848246 hours remaining, 0.000000 MB of memory in use.
PERFORMANCE: 1680000  averaging 375.302 ns/day, 0.000920859 sec/step with standard deviation 7.06575e-06
ENERGY: 1680000         8.7647        28.7224        19.9511         0.8870         -46063.1319    -85982.8647         0.0000         0.0000      9724.0819        -122263.5896       297.7143   -131987.6714   -122381.4086       297.9843            227.1835       232.9382    167289.5952         9.0039         8.0109

WRITING EXTENDED SYSTEM TO RESTART FILE AT STEP 1680000
WRITING COORDINATES TO DCD FILE ../output/01_eq_1_CLK.0.dcd AT STEP 1680000
WRITING COORDINATES TO RESTART FILE AT STEP 1680000
FINISHED WRITING RESTART COORDINATES
WRITING VELOCITIES TO RESTART FILE AT STEP 1680000
FINISHED WRITING RESTART VELOCITIES
PRESSURE: 1690000 2286.62 440.311 -19.5524 440.309 -2292.55 -79.2961 -19.5528 -79.2954 -69.7245
GPRESSURE: 1690000 2248.88 299.883 48.3896 578.063 -2308.96 -96.2387 12.104 -151.862 -26.2122
PRESSAVG: 1690000 2086.98 -39.4992 7.93446 -39.4992 -2175.84 -43.3621 7.93446 -43.3621 158.296
GPRESSAVG: 1690000 2100.4 -41.6538 48.4789 -26.7633 -2189.25 -62.3975 -14.993 -14.1627 153.771
TIMING: 1690000  CPU: 1556.14, 0.000921273/step  Wall: 1556.28, 0.000921282/step, 375.129 ns/days, 0.847068 hours remaining, 0.000000 MB of memory in use.
PERFORMANCE: 1690000  averaging 375.301 ns/day, 0.000920862 sec/step with standard deviation 7.04476e-06
ENERGY: 1690000         8.6150        26.6131        17.6918         1.3267         -46464.9763    -85875.4132         0.0000         0.0000      9653.8113        -122632.3317       295.5629   -132286.1429   -122396.0131       297.8458            -25.2191       -28.7636    165689.1735        23.1461        21.6386

WRITING EXTENDED SYSTEM TO RESTART FILE AT STEP 1690000
WRITING COORDINATES TO DCD FILE ../output/01_eq_1_CLK.0.dcd AT STEP 1690000
WRITING COORDINATES TO RESTART FILE AT STEP 1690000
FINISHED WRITING RESTART COORDINATES
WRITING VELOCITIES TO RESTART FILE AT STEP 1690000
FINISHED WRITING RESTART VELOCITIES
PRESSURE: 1700000 1457.76 425.066 168.305 425.061 -2562.75 -93.2028 168.307 -93.2014 218.322
GPRESSURE: 1700000 1461.87 448.024 131.817 399.764 -2611.92 -199.456 137.149 -15.3805 254.269
PRESSAVG: 1700000 2077.63 -8.7124 25.9071 -8.7124 -2200.84 -38.0296 25.9071 -38.0296 178.802
GPRESSAVG: 1700000 2093.73 -12.745 63.2581 5.3767 -2218.53 -58.6056 2.81177 0.0226553 174.723
TIMING: 1700000  CPU: 1565.36, 0.000921938/step  Wall: 1565.5, 0.000921993/step, 374.84 ns/days, 0.845161 hours remaining, 0.000000 MB of memory in use.
PERFORMANCE: 1700000  averaging 375.298 ns/day, 0.000920868 sec/step with standard deviation 7.02443e-06
ETITLE:      TS           BOND          ANGLE          DIHED          IMPRP               ELECT            VDW       BOUNDARY           MISC        KINETIC               TOTAL           TEMP      POTENTIAL       TOTALAVG        TEMPAVG            PRESSURE      GPRESSURE         VOLUME       PRESSAVG      GPRESSAVG

ENERGY: 1700000         9.6393        26.1698        20.1402         0.2798         -46380.9052    -85831.4152         0.0000         0.0000      9691.4322        -122464.6590       296.7147   -132156.0913   -122399.2323       297.7649           -295.5538      -298.5928    167854.8006        18.5323        16.6405

WRITING EXTENDED SYSTEM TO RESTART FILE AT STEP 1700000
WRITING COORDINATES TO DCD FILE ../output/01_eq_1_CLK.0.dcd AT STEP 1700000
WRITING COORDINATES TO RESTART FILE AT STEP 1700000
FINISHED WRITING RESTART COORDINATES
WRITING VELOCITIES TO RESTART FILE AT STEP 1700000
FINISHED WRITING RESTART VELOCITIES
PRESSURE: 1710000 2155.17 -152.65 -125.781 -152.648 -1470.41 -361.999 -125.778 -362.001 197.662
GPRESSURE: 1710000 2135.37 -103.725 -33.7386 -195.635 -1446.66 -304.105 -200.781 -405.082 216.478
PRESSAVG: 1710000 2073.82 -7.76762 11.6586 -7.76762 -2175.2 -51.3404 11.6586 -51.3404 162.18
GPRESSAVG: 1710000 2088.21 -12.0589 52.7538 1.82781 -2189.96 -71.8025 -14.7699 -18.597 159.221
TIMING: 1710000  CPU: 1574.58, 0.000921644/step  Wall: 1574.72, 0.00092181/step, 374.915 ns/days, 0.842432 hours remaining, 0.000000 MB of memory in use.
PERFORMANCE: 1710000  averaging 375.296 ns/day, 0.000920874 sec/step with standard deviation 7.00411e-06
ENERGY: 1710000        12.4777        27.3295        23.1622         0.1493         -46446.3605    -85786.4393         0.0000         0.0000      9842.0154        -122327.6657       301.3249   -132169.6811   -122399.2962       297.8884            294.1399       301.7280    166785.4445        20.2652        19.1575

WRITING EXTENDED SYSTEM TO RESTART FILE AT STEP 1710000
WRITING COORDINATES TO DCD FILE ../output/01_eq_1_CLK.0.dcd AT STEP 1710000
WRITING COORDINATES TO RESTART FILE AT STEP 1710000
FINISHED WRITING RESTART COORDINATES
WRITING VELOCITIES TO RESTART FILE AT STEP 1710000
FINISHED WRITING RESTART VELOCITIES
PRESSURE: 1720000 2404.02 -91.0335 -303.698 -91.0331 -1736.88 64.0361 -303.7 64.0366 1008.65
GPRESSURE: 1720000 2404.97 -101.868 -136.894 -102.74 -1743.67 43.4262 -482.841 235.064 1031.25
PRESSAVG: 1720000 2103.17 4.27199 0.563015 4.27199 -2104.78 -56.1141 0.563015 -56.1141 245.418
GPRESSAVG: 1720000 2113.31 -2.05571 49.0235 16.3726 -2118.42 -77.8209 -35.707 -18.6293 246.774
TIMING: 1720000  CPU: 1583.81, 0.000923357/step  Wall: 1583.95, 0.000923417/step, 374.262 ns/days, 0.841336 hours remaining, 0.000000 MB of memory in use.
PERFORMANCE: 1720000  averaging 375.29 ns/day, 0.000920889 sec/step with standard deviation 6.98629e-06
ENERGY: 1720000         8.7730        30.1807        20.8032         1.2837         -46515.1629    -85765.0716         0.0000         0.0000      9603.1599        -122616.0341       294.0121   -132219.1940   -122421.7809       297.5661            558.5950       564.1808    167388.9099        81.2670        80.5526

WRITING EXTENDED SYSTEM TO RESTART FILE AT STEP 1720000
WRITING COORDINATES TO DCD FILE ../output/01_eq_1_CLK.0.dcd AT STEP 1720000
WRITING COORDINATES TO RESTART FILE AT STEP 1720000
FINISHED WRITING RESTART COORDINATES
WRITING VELOCITIES TO RESTART FILE AT STEP 1720000
FINISHED WRITING RESTART VELOCITIES
PRESSURE: 1730000 2579.51 152.178 -262.996 152.177 -2089.42 -217.752 -262.996 -217.754 -332.044
GPRESSURE: 1730000 2514.32 67.3575 -345.251 47.5082 -2132.33 -90.8075 -182.706 -259.03 -237.56
PRESSAVG: 1730000 2130.32 12.4828 -7.20514 12.4828 -2094.26 -65.8314 -7.20514 -65.8314 209.525
GPRESSAVG: 1730000 2135.79 5.40476 37.4825 10.0362 -2109.38 -82.7381 -49.7471 -31.9752 216.392
TIMING: 1730000  CPU: 1593.02, 0.000920774/step  Wall: 1593.16, 0.000920819/step, 375.318 ns/days, 0.836411 hours remaining, 0.000000 MB of memory in use.
PERFORMANCE: 1730000  averaging 375.29 ns/day, 0.000920888 sec/step with standard deviation 6.96595e-06
ENERGY: 1730000        14.1768        38.6992        15.5604         1.9094         -46393.3103    -85823.7644         0.0000         0.0000      9706.3269        -122440.4020       297.1707   -132146.7289   -122430.2078       297.3386             52.6848        48.1411    167446.1398        81.8601        80.9334

WRITING EXTENDED SYSTEM TO RESTART FILE AT STEP 1730000
WRITING COORDINATES TO DCD FILE ../output/01_eq_1_CLK.0.dcd AT STEP 1730000
WRITING COORDINATES TO RESTART FILE AT STEP 1730000
FINISHED WRITING RESTART COORDINATES
WRITING VELOCITIES TO RESTART FILE AT STEP 1730000
FINISHED WRITING RESTART VELOCITIES
PRESSURE: 1740000 2605.47 -54.7907 -430.978 -54.7885 -1979.81 633.164 -430.977 633.162 856.54
GPRESSURE: 1740000 2595.16 1.35393 -297.734 -147.039 -2025.28 611.285 -471.621 572.153 923.464
PRESSAVG: 1740000 2151.47 -3.12277 -48.3269 -3.12277 -2098.28 -18.6791 -48.3269 -18.6791 229.157
GPRESSAVG: 1740000 2158.73 0.169907 1.8164 -16.9734 -2116.92 -32.8845 -91.9949 11.3379 238.718
TIMING: 1740000  CPU: 1602.23, 0.000921176/step  Wall: 1602.37, 0.000921243/step, 375.145 ns/days, 0.834237 hours remaining, 0.000000 MB of memory in use.
PERFORMANCE: 1740000  averaging 375.289 ns/day, 0.00092089 sec/step with standard deviation 6.94584e-06
ENERGY: 1740000         5.2285        34.6047        22.0119         1.1368         -46272.3407    -85818.5804         0.0000         0.0000      9811.1249        -122216.8143       300.3792   -132027.9392   -122417.5855       297.6688            494.0676       497.7842    167763.3380        94.1176        93.5071

WRITING EXTENDED SYSTEM TO RESTART FILE AT STEP 1740000
WRITING COORDINATES TO DCD FILE ../output/01_eq_1_CLK.0.dcd AT STEP 1740000
WRITING COORDINATES TO RESTART FILE AT STEP 1740000
FINISHED WRITING RESTART COORDINATES
WRITING VELOCITIES TO RESTART FILE AT STEP 1740000
FINISHED WRITING RESTART VELOCITIES
PRESSURE: 1750000 2673.74 188.247 -4.14204 188.247 -1833.02 171.517 -4.14089 171.515 323.927
GPRESSURE: 1750000 2730.34 228.019 45.3652 128.347 -1823.59 158.421 38.3691 159.31 271.931
PRESSAVG: 1750000 2224.65 12.8619 -41.1626 12.8619 -2060.28 5.64253 -41.1626 5.64253 248.201
GPRESSAVG: 1750000 2232.17 16.9889 12.0531 -3.63423 -2078.89 -5.87934 -87.894 32.9166 258.629
TIMING: 1750000  CPU: 1611.46, 0.000923058/step  Wall: 1611.6, 0.000923224/step, 374.34 ns/days, 0.833466 hours remaining, 0.000000 MB of memory in use.
PERFORMANCE: 1750000  averaging 375.284 ns/day, 0.000920904 sec/step with standard deviation 6.9281e-06
ENERGY: 1750000        11.0250        28.1288        17.3661         0.9987         -46456.2430    -85905.6267         0.0000         0.0000      9708.1690        -122596.1821       297.2271   -132304.3511   -122440.6662       297.6800            388.2133       392.8939    166953.5441       137.5228       137.3057

WRITING EXTENDED SYSTEM TO RESTART FILE AT STEP 1750000
WRITING COORDINATES TO DCD FILE ../output/01_eq_1_CLK.0.dcd AT STEP 1750000
WRITING COORDINATES TO RESTART FILE AT STEP 1750000
FINISHED WRITING RESTART COORDINATES
WRITING VELOCITIES TO RESTART FILE AT STEP 1750000
FINISHED WRITING RESTART VELOCITIES
PRESSURE: 1760000 2432.37 202.115 -105.611 202.115 -2806.91 -26.3786 -105.611 -26.3772 -438.856
GPRESSURE: 1760000 2403.83 74.5706 -137.183 221.009 -2774.39 -54.3389 -128.078 -36.1455 -434.123
PRESSAVG: 1760000 2236.45 34.5602 -25.3721 34.5602 -2117.31 2.50412 -25.3721 2.50412 210.384
GPRESSAVG: 1760000 2240.24 33.4324 25.6286 18.8144 -2130.71 -7.2625 -73.0106 20.7396 220.06
TIMING: 1760000  CPU: 1620.68, 0.000922163/step  Wall: 1620.82, 0.000922192/step, 374.759 ns/days, 0.829973 hours remaining, 0.000000 MB of memory in use.
PERFORMANCE: 1760000  averaging 375.281 ns/day, 0.000920911 sec/step with standard deviation 6.90896e-06
ENERGY: 1760000         5.5634        32.9776        15.5297         0.7217         -46220.4787    -85844.3407         0.0000         0.0000      9604.6963        -122405.3307       294.0591   -132010.0270   -122444.5247       297.4388           -271.1320      -268.2300    168400.0499       109.8429       109.8642

WRITING EXTENDED SYSTEM TO RESTART FILE AT STEP 1760000
WRITING COORDINATES TO DCD FILE ../output/01_eq_1_CLK.0.dcd AT STEP 1760000
WRITING COORDINATES TO RESTART FILE AT STEP 1760000
FINISHED WRITING RESTART COORDINATES
WRITING VELOCITIES TO RESTART FILE AT STEP 1760000
FINISHED WRITING RESTART VELOCITIES
PRESSURE: 1770000 2180.09 47.6808 -235.363 47.6815 -1938.24 51.6191 -235.364 51.6181 1163.41
GPRESSURE: 1770000 2169.47 229.902 -150.437 48.1192 -1973.18 147.427 -315.053 16.6284 1194.28
PRESSAVG: 1770000 2207.34 42.7427 -33.9961 42.7427 -2141.22 10.5118 -33.9961 10.5118 301.783
GPRESSAVG: 1770000 2210.83 45.9881 19.0292 25.193 -2154.85 4.43784 -86.9704 23.9156 311.907
TIMING: 1770000  CPU: 1629.93, 0.000925175/step  Wall: 1630.08, 0.000925218/step, 373.533 ns/days, 0.830126 hours remaining, 0.000000 MB of memory in use.
PERFORMANCE: 1770000  averaging 375.271 ns/day, 0.000920935 sec/step with standard deviation 6.89691e-06
ENERGY: 1770000        10.7024        24.3046        15.9394         0.2121         -46374.9574    -85871.1153         0.0000         0.0000      9784.5189        -122410.3953       299.5646   -132194.9142   -122438.9079       297.4780            468.4210       463.5254    166677.0033       122.6345       122.6294

WRITING EXTENDED SYSTEM TO RESTART FILE AT STEP 1770000
WRITING COORDINATES TO DCD FILE ../output/01_eq_1_CLK.0.dcd AT STEP 1770000
WRITING COORDINATES TO RESTART FILE AT STEP 1770000
FINISHED WRITING RESTART COORDINATES
WRITING VELOCITIES TO RESTART FILE AT STEP 1770000
FINISHED WRITING RESTART VELOCITIES
PRESSURE: 1780000 2393.38 -14.9501 -34.3037 -14.9497 -2256.53 -118.587 -34.3052 -118.585 -223.076
GPRESSURE: 1780000 2452.45 -48.7588 21.5375 -49.3418 -2269.12 -73.887 43.8248 -88.3992 -271.104
PRESSAVG: 1780000 2218.41 34.7821 -40.8005 34.7821 -2157.29 11.1049 -40.8005 11.1049 249.573
GPRESSAVG: 1780000 2223.72 32.6733 8.31617 17.8724 -2171.06 3.88113 -82.8563 23.7433 259.36
TIMING: 1780000  CPU: 1639.2, 0.000926369/step  Wall: 1639.34, 0.000926366/step, 373.071 ns/days, 0.828583 hours remaining, 0.000000 MB of memory in use.
PERFORMANCE: 1780000  averaging 375.258 ns/day, 0.000920966 sec/step with standard deviation 6.88943e-06
ENERGY: 1780000         7.1989        29.6008        14.9047         1.8144         -46264.1444    -85996.3220         0.0000         0.0000      9733.9368        -122473.0108       298.0160   -132206.9476   -122436.4325       297.4927            -28.7411       -29.2587    166693.0819       103.5643       104.0065

WRITING EXTENDED SYSTEM TO RESTART FILE AT STEP 1780000
WRITING COORDINATES TO DCD FILE ../output/01_eq_1_CLK.0.dcd AT STEP 1780000
WRITING COORDINATES TO RESTART FILE AT STEP 1780000
FINISHED WRITING RESTART COORDINATES
WRITING VELOCITIES TO RESTART FILE AT STEP 1780000
FINISHED WRITING RESTART VELOCITIES
PRESSURE: 1790000 2288.81 0.970271 -101.628 0.969584 -1777.46 -265.783 -101.63 -265.781 598.123
GPRESSURE: 1790000 2297.35 -190.554 -100.357 74.4121 -1861.59 -210.241 -11.9389 -242.047 680.486
PRESSAVG: 1790000 2223.3 57.0897 -21.9267 57.0897 -2130.01 4.30995 -21.9267 4.30995 232.29
GPRESSAVG: 1790000 2227.6 48.3567 24.4086 37.102 -2148.61 -0.216243 -57.9542 17.3183 248.019
TIMING: 1790000  CPU: 1648.49, 0.000929462/step  Wall: 1648.64, 0.000929571/step, 371.785 ns/days, 0.828867 hours remaining, 0.000000 MB of memory in use.
PERFORMANCE: 1790000  averaging 375.239 ns/day, 0.000921014 sec/step with standard deviation 6.90009e-06
ENERGY: 1790000         6.4435        22.8649        16.5442         2.3827         -46445.9328    -85821.3873         0.0000         0.0000      9806.5172        -122412.5677       300.2381   -132219.0849   -122433.7503       297.4972            369.8231       372.0800    167260.6161       108.5275       109.0043

WRITING EXTENDED SYSTEM TO RESTART FILE AT STEP 1790000
WRITING COORDINATES TO DCD FILE ../output/01_eq_1_CLK.0.dcd AT STEP 1790000
WRITING COORDINATES TO RESTART FILE AT STEP 1790000
FINISHED WRITING RESTART COORDINATES
WRITING VELOCITIES TO RESTART FILE AT STEP 1790000
FINISHED WRITING RESTART VELOCITIES
PRESSURE: 1800000 2227.22 116.183 158.132 116.182 -2096.25 254.932 158.132 254.932 -183.25
GPRESSURE: 1800000 2167.87 10.3062 131.802 166.731 -2087.74 174.196 138.791 252.356 -130.581
PRESSAVG: 1800000 2223.03 61.5165 -24.3159 61.5165 -2113.05 10.085 -24.3159 10.085 233.718
GPRESSAVG: 1800000 2223.5 48.0121 17.3274 45.9531 -2129 0.951026 -58.6671 16.8901 251.372
TIMING: 1800000  CPU: 1657.79, 0.000929278/step  Wall: 1657.93, 0.000929267/step, 371.906 ns/days, 0.826016 hours remaining, 0.000000 MB of memory in use.
PERFORMANCE: 1800000  averaging 375.22 ns/day, 0.00092106 sec/step with standard deviation 6.90824e-06
ETITLE:      TS           BOND          ANGLE          DIHED          IMPRP               ELECT            VDW       BOUNDARY           MISC        KINETIC               TOTAL           TEMP      POTENTIAL       TOTALAVG        TEMPAVG            PRESSURE      GPRESSURE         VOLUME       PRESSAVG      GPRESSAVG

ENERGY: 1800000         4.9529        21.3997        16.7398         0.8647         -46478.2341    -85731.2942         0.0000         0.0000      9629.8263        -122535.7449       294.8285   -132165.5713   -122433.1478       297.4341            -17.4286       -16.8140    166748.1194       114.5653       115.2908

WRITING EXTENDED SYSTEM TO RESTART FILE AT STEP 1800000
WRITING COORDINATES TO DCD FILE ../output/01_eq_1_CLK.0.dcd AT STEP 1800000
WRITING COORDINATES TO RESTART FILE AT STEP 1800000
FINISHED WRITING RESTART COORDINATES
WRITING VELOCITIES TO RESTART FILE AT STEP 1800000
FINISHED WRITING RESTART VELOCITIES
PRESSURE: 1810000 1627.62 -145.485 -177.418 -145.483 -2443.86 81.3243 -177.418 81.3229 44.4262
GPRESSURE: 1810000 1718.92 -263.403 -292.204 -70.5572 -2428.21 76.9527 -212.39 192.718 -50.1638
PRESSAVG: 1810000 2216.07 49.764 -58.6201 49.764 -2116.68 11.5783 -58.6201 11.5783 228.539
GPRESSAVG: 1810000 2223.89 28.7835 -22.3581 41.03 -2132.7 1.33025 -97.2935 20.6793 239.67
TIMING: 1810000  CPU: 1667.07, 0.000928137/step  Wall: 1667.21, 0.000928311/step, 372.289 ns/days, 0.822587 hours remaining, 0.000000 MB of memory in use.
PERFORMANCE: 1810000  averaging 375.204 ns/day, 0.0009211 sec/step with standard deviation 6.91008e-06
ENERGY: 1810000        13.3628        32.1065        19.4847         0.6427         -46313.3075    -85962.0977         0.0000         0.0000      9724.4776        -122485.3310       297.7264   -132209.8086   -122436.3927       297.4085           -257.2702      -253.1509    167035.6212       109.3112       110.2875

WRITING EXTENDED SYSTEM TO RESTART FILE AT STEP 1810000
WRITING COORDINATES TO DCD FILE ../output/01_eq_1_CLK.0.dcd AT STEP 1810000
WRITING COORDINATES TO RESTART FILE AT STEP 1810000
FINISHED WRITING RESTART COORDINATES
WRITING VELOCITIES TO RESTART FILE AT STEP 1810000
FINISHED WRITING RESTART VELOCITIES
PRESSURE: 1820000 2141.98 305.398 132.72 305.397 -2121.21 -184.278 132.719 -184.277 327.749
GPRESSURE: 1820000 2108 205.623 133.645 427.315 -2137.92 -221.726 127.011 -191.713 383.991
PRESSAVG: 1820000 2218.61 53.6303 -60.086 53.6303 -2098.42 2.29299 -60.086 2.29299 216.048
GPRESSAVG: 1820000 2222.94 29.6669 -22.1509 53.0099 -2115.4 -8.01906 -97.6854 10.2366 232.101
TIMING: 1820000  CPU: 1676.38, 0.000931336/step  Wall: 1676.53, 0.000931529/step, 371.003 ns/days, 0.822851 hours remaining, 0.000000 MB of memory in use.
PERFORMANCE: 1820000  averaging 375.18 ns/day, 0.000921157 sec/step with standard deviation 6.93419e-06
ENERGY: 1820000         8.8014        33.4525        19.5992         3.0780         -46181.9764    -85939.5894         0.0000         0.0000      9690.3939        -122366.2407       296.6829   -132056.6346   -122436.4536       297.5787            116.1717       118.0234    168229.8993       112.0796       113.2151

WRITING EXTENDED SYSTEM TO RESTART FILE AT STEP 1820000
WRITING COORDINATES TO DCD FILE ../output/01_eq_1_CLK.0.dcd AT STEP 1820000
WRITING COORDINATES TO RESTART FILE AT STEP 1820000
FINISHED WRITING RESTART COORDINATES
WRITING VELOCITIES TO RESTART FILE AT STEP 1820000
FINISHED WRITING RESTART VELOCITIES
PRESSURE: 1830000 1863.25 50.6848 101.499 50.6889 -2387.02 -11.2659 101.501 -11.2631 182.115
GPRESSURE: 1830000 1935.17 36.7679 92.1166 82.2522 -2449.9 67.7 180.652 -91.3418 167.388
PRESSAVG: 1830000 2222.78 58.4792 -46.0237 58.4792 -2114.56 11.193 -46.0237 11.193 221.595
GPRESSAVG: 1830000 2230.87 33.9407 -17.7409 58.4218 -2131.71 9.37049 -73.0159 15.5799 234.158
TIMING: 1830000  CPU: 1685.66, 0.000927878/step  Wall: 1685.81, 0.000927927/step, 372.443 ns/days, 0.817091 hours remaining, 0.000000 MB of memory in use.
PERFORMANCE: 1830000  averaging 375.165 ns/day, 0.000921194 sec/step with standard deviation 6.9332e-06
ENERGY: 1830000         4.4149        28.0654        17.8167         2.1329         -46591.0484    -85894.0904         0.0000         0.0000      9861.0532        -122571.6557       301.9078   -132432.7089   -122443.0712       297.7547           -113.8843      -115.7791    166558.8614       109.9387       111.1062

WRITING EXTENDED SYSTEM TO RESTART FILE AT STEP 1830000
WRITING COORDINATES TO DCD FILE ../output/01_eq_1_CLK.0.dcd AT STEP 1830000
WRITING COORDINATES TO RESTART FILE AT STEP 1830000
FINISHED WRITING RESTART COORDINATES
WRITING VELOCITIES TO RESTART FILE AT STEP 1830000
FINISHED WRITING RESTART VELOCITIES
PRESSURE: 1840000 1861.18 -161.902 185.499 -161.902 -1349.79 12.0705 185.5 12.0683 250.538
GPRESSURE: 1840000 1887.3 -23.8351 77.0011 -252.841 -1430.78 -73.3262 219.654 -50.6555 296.845
PRESSAVG: 1840000 2179.09 52.2478 -26.5661 52.2478 -2082.11 -2.94107 -26.5661 -2.94107 197.198
GPRESSAVG: 1840000 2183.86 33.0612 -10.1047 52.641 -2104.35 -2.37152 -43.4155 -7.13926 217.749
TIMING: 1840000  CPU: 1695, 0.000934473/step  Wall: 1695.15, 0.000934481/step, 369.831 ns/days, 0.820266 hours remaining, 0.000000 MB of memory in use.
PERFORMANCE: 1840000  averaging 375.136 ns/day, 0.000921266 sec/step with standard deviation 6.98326e-06
ENERGY: 1840000         8.5354        31.6153        14.7247         2.5874         -46278.6176    -85779.1572         0.0000         0.0000      9882.9604        -122117.3515       302.5785   -132000.3119   -122418.3762       298.1623            253.9745       251.1214    168003.6570        98.0610        99.0846

WRITING EXTENDED SYSTEM TO RESTART FILE AT STEP 1840000
WRITING COORDINATES TO DCD FILE ../output/01_eq_1_CLK.0.dcd AT STEP 1840000
WRITING COORDINATES TO RESTART FILE AT STEP 1840000
FINISHED WRITING RESTART COORDINATES
WRITING VELOCITIES TO RESTART FILE AT STEP 1840000
FINISHED WRITING RESTART VELOCITIES
PRESSURE: 1850000 2430.21 330.514 650.87 330.515 -1883.91 -6.86122 650.87 -6.86291 -581.394
GPRESSURE: 1850000 2430.41 512.206 715.588 165.449 -1791.1 33.6512 573.7 42.0963 -671.475
PRESSAVG: 1850000 2174.07 88.8502 4.40431 88.8502 -2074.16 -4.5827 4.40431 -4.5827 143.974
GPRESSAVG: 1850000 2180.88 81.8094 23.046 76.794 -2092.82 1.47125 -15.8428 -4.1377 158.722
TIMING: 1850000  CPU: 1704.34, 0.000933578/step  Wall: 1704.49, 0.000933632/step, 370.167 ns/days, 0.816928 hours remaining, 0.000000 MB of memory in use.
PERFORMANCE: 1850000  averaging 375.109 ns/day, 0.000921333 sec/step with standard deviation 7.02335e-06
ENERGY: 1850000        10.2828        23.8883        17.7567         1.5114         -46438.7141    -85942.8379         0.0000         0.0000      9781.7443        -122546.3685       299.4797   -132328.1128   -122426.8651       298.3020            -11.6995       -10.7192    167284.0120        81.2945        82.2599

WRITING EXTENDED SYSTEM TO RESTART FILE AT STEP 1850000
WRITING COORDINATES TO DCD FILE ../output/01_eq_1_CLK.0.dcd AT STEP 1850000
WRITING COORDINATES TO RESTART FILE AT STEP 1850000
FINISHED WRITING RESTART COORDINATES
WRITING VELOCITIES TO RESTART FILE AT STEP 1850000
FINISHED WRITING RESTART VELOCITIES
PRESSURE: 1860000 2413.77 -123.126 -5.28489 -123.125 -1413.19 18.8816 -5.28247 18.8805 226.536
GPRESSURE: 1860000 2404.95 -135.686 24.339 -124.829 -1383.73 -45.0709 -121.218 116.164 218.767
PRESSAVG: 1860000 2215.06 75.7529 2.2366 75.7529 -2001.3 -13.792 2.2366 -13.792 131.976
GPRESSAVG: 1860000 2219.48 66.9961 20.712 64.3042 -2015.66 -11.4076 -24.5021 -13.0305 145.379
TIMING: 1860000  CPU: 1713.68, 0.000933874/step  Wall: 1713.83, 0.000933848/step, 370.082 ns/days, 0.814523 hours remaining, 0.000000 MB of memory in use.
PERFORMANCE: 1860000  averaging 375.081 ns/day, 0.0009214 sec/step with standard deviation 7.06419e-06
ENERGY: 1860000         7.8021        27.2126        17.2658         0.9858         -46296.4363    -85885.5837         0.0000         0.0000      9755.6720        -122373.0818       298.6814   -132128.7538   -122428.5634       298.0994            409.0382       413.3303    167197.4551       115.2468       116.4005

WRITING EXTENDED SYSTEM TO RESTART FILE AT STEP 1860000
WRITING COORDINATES TO DCD FILE ../output/01_eq_1_CLK.0.dcd AT STEP 1860000
WRITING COORDINATES TO RESTART FILE AT STEP 1860000
FINISHED WRITING RESTART COORDINATES
WRITING VELOCITIES TO RESTART FILE AT STEP 1860000
FINISHED WRITING RESTART VELOCITIES
PRESSURE: 1870000 1683.44 -41.5106 203.998 -41.51 -2820.65 330.417 203.999 330.417 80.2975
GPRESSURE: 1870000 1679.2 -185.782 236.75 89.9002 -2860.73 225.21 240.391 408.69 131.139
PRESSAVG: 1870000 2195.37 79.1975 6.48538 79.1975 -2032.29 4.08506 6.48538 4.08506 175.779
GPRESSAVG: 1870000 2199.2 60.237 27.1081 78.7255 -2046.01 -0.73446 -8.77896 9.70726 189.452
TIMING: 1870000  CPU: 1723.01, 0.000933569/step  Wall: 1723.16, 0.000933622/step, 370.171 ns/days, 0.811732 hours remaining, 0.000000 MB of memory in use.
PERFORMANCE: 1870000  averaging 375.055 ns/day, 0.000921466 sec/step with standard deviation 7.10164e-06
ENERGY: 1870000         7.2289        35.5234        17.5868         2.9542         -46259.5303    -86066.3909         0.0000         0.0000      9801.0231        -122461.6048       300.0699   -132262.6279   -122435.8181       298.1969           -352.3052      -350.1327    167314.8700       112.9539       114.2153

WRITING EXTENDED SYSTEM TO RESTART FILE AT STEP 1870000
WRITING COORDINATES TO DCD FILE ../output/01_eq_1_CLK.0.dcd AT STEP 1870000
WRITING COORDINATES TO RESTART FILE AT STEP 1870000
FINISHED WRITING RESTART COORDINATES
WRITING VELOCITIES TO RESTART FILE AT STEP 1870000
FINISHED WRITING RESTART VELOCITIES
PRESSURE: 1880000 1812.55 -10.8288 25.3381 -10.8285 -2870.07 421.263 25.3371 421.261 -135.619
GPRESSURE: 1880000 1876.66 67.6758 115.545 -145.999 -2903.74 473.449 -11.5037 413.828 -154.636
PRESSAVG: 1880000 2175.91 73.1538 -9.0194 73.1538 -2106.5 33.6907 -9.0194 33.6907 175.716
GPRESSAVG: 1880000 2181.12 56.4039 14.0049 66.9945 -2122.23 32.1261 -21.3242 43.8676 189.722
TIMING: 1880000  CPU: 1732.32, 0.000930576/step  Wall: 1732.47, 0.00093056/step, 371.389 ns/days, 0.806485 hours remaining, 0.000000 MB of memory in use.
PERFORMANCE: 1880000  averaging 375.035 ns/day, 0.000921514 sec/step with standard deviation 7.11361e-06
ENERGY: 1880000         6.1007        31.4312        19.0996         2.1018         -46105.6199    -85968.8959         0.0000         0.0000      9637.1682        -122378.6144       295.0533   -132015.7826   -122441.5693       298.0639           -397.7142      -393.9059    167701.1429        81.7090        82.8731

WRITING EXTENDED SYSTEM TO RESTART FILE AT STEP 1880000
WRITING COORDINATES TO DCD FILE ../output/01_eq_1_CLK.0.dcd AT STEP 1880000
WRITING COORDINATES TO RESTART FILE AT STEP 1880000
FINISHED WRITING RESTART COORDINATES
WRITING VELOCITIES TO RESTART FILE AT STEP 1880000
FINISHED WRITING RESTART VELOCITIES
PRESSURE: 1890000 1680.89 -29.4214 191.416 -29.4222 -2909.76 431.347 191.417 431.345 -689.893
GPRESSURE: 1890000 1641.1 -77.5819 181.266 -45.1705 -2950.03 450.798 253.982 329.597 -612.856
PRESSAVG: 1890000 2145.62 49.6672 1.52909 49.6672 -2137.36 59.2227 1.52909 59.2227 144.708
GPRESSAVG: 1890000 2150.74 37.5306 20.6487 35.8328 -2154.28 59.4779 -9.23033 67.9405 160.39
TIMING: 1890000  CPU: 1741.63, 0.000931077/step  Wall: 1741.78, 0.000931108/step, 371.171 ns/days, 0.804374 hours remaining, 0.000000 MB of memory in use.
PERFORMANCE: 1890000  averaging 375.014 ns/day, 0.000921565 sec/step with standard deviation 7.12891e-06
ENERGY: 1890000        10.8524        35.3852        19.0897         0.9815         -46526.4911    -85927.8916         0.0000         0.0000      9803.4801        -122584.5939       300.1451   -132388.0740   -122439.1825       298.2930           -639.5854      -640.5947    166860.4438        50.9907        52.2815

WRITING EXTENDED SYSTEM TO RESTART FILE AT STEP 1890000
WRITING COORDINATES TO DCD FILE ../output/01_eq_1_CLK.0.dcd AT STEP 1890000
WRITING COORDINATES TO RESTART FILE AT STEP 1890000
FINISHED WRITING RESTART COORDINATES
WRITING VELOCITIES TO RESTART FILE AT STEP 1890000
FINISHED WRITING RESTART VELOCITIES
PRESSURE: 1900000 2658.12 140.21 -9.24777 140.212 -1707.26 -283.075 -9.24758 -283.072 685.478
GPRESSURE: 1900000 2708.2 84.9963 -70.8091 197.614 -1735.55 -255.463 -38.7994 -296.699 660.668
PRESSAVG: 1900000 2205.64 35.4247 -7.34865 35.4247 -2094.58 49.7292 -7.34865 49.7292 168.066
GPRESSAVG: 1900000 2213.05 19.3793 10.5174 25.7253 -2110.46 56.6776 -18.0278 53.8746 180.709
TIMING: 1900000  CPU: 1750.93, 0.000930373/step  Wall: 1751.08, 0.000930471/step, 371.425 ns/days, 0.801239 hours remaining, 0.000000 MB of memory in use.
PERFORMANCE: 1900000  averaging 374.995 ns/day, 0.000921612 sec/step with standard deviation 7.13932e-06
ETITLE:      TS           BOND          ANGLE          DIHED          IMPRP               ELECT            VDW       BOUNDARY           MISC        KINETIC               TOTAL           TEMP      POTENTIAL       TOTALAVG        TEMPAVG            PRESSURE      GPRESSURE         VOLUME       PRESSAVG      GPRESSAVG

ENERGY: 1900000         6.9539        28.8687        18.0247         1.6199         -46475.7230    -85928.0321         0.0000         0.0000      9692.6452        -122655.6428       296.7518   -132348.2880   -122448.7316       298.2949            545.4438       544.4368    166258.5197        93.0406        94.4330

WRITING EXTENDED SYSTEM TO RESTART FILE AT STEP 1900000
WRITING COORDINATES TO DCD FILE ../output/01_eq_1_CLK.0.dcd AT STEP 1900000
WRITING COORDINATES TO RESTART FILE AT STEP 1900000
FINISHED WRITING RESTART COORDINATES
WRITING VELOCITIES TO RESTART FILE AT STEP 1900000
FINISHED WRITING RESTART VELOCITIES
PRESSURE: 1910000 2586.01 -336.797 -457.898 -336.797 -1973.93 263.239 -457.898 263.24 718.352
GPRESSURE: 1910000 2653.32 -311.282 -447.803 -299.07 -1965.58 408.003 -429.459 130.879 631.408
PRESSAVG: 1910000 2227.18 26.2173 -23.9547 26.2173 -2119.76 80.9912 -23.9547 80.9912 194.1
GPRESSAVG: 1910000 2238.95 9.00143 -10.1858 20.5536 -2136.41 92.283 -29.4616 80.6726 201.456
TIMING: 1910000  CPU: 1760.21, 0.000927759/step  Wall: 1760.36, 0.000927732/step, 372.521 ns/days, 0.796304 hours remaining, 0.000000 MB of memory in use.
PERFORMANCE: 1910000  averaging 374.982 ns/day, 0.000921644 sec/step with standard deviation 7.13427e-06
ENERGY: 1910000         8.6845        35.4200        19.4722         0.8764         -46409.9649    -85683.7152         0.0000         0.0000      9753.1598        -122276.0671       298.6045   -132029.2269   -122446.1517       298.1588            443.4774       439.7179    167910.2727       100.5075       101.3325

WRITING EXTENDED SYSTEM TO RESTART FILE AT STEP 1910000
WRITING COORDINATES TO DCD FILE ../output/01_eq_1_CLK.0.dcd AT STEP 1910000
WRITING COORDINATES TO RESTART FILE AT STEP 1910000
FINISHED WRITING RESTART COORDINATES
WRITING VELOCITIES TO RESTART FILE AT STEP 1910000
FINISHED WRITING RESTART VELOCITIES
PRESSURE: 1920000 2146.19 342.45 472.787 342.449 -2463.73 407.21 472.788 407.207 374.81
GPRESSURE: 1920000 2191.47 273.747 473.618 400.86 -2524.16 472.567 465.74 423.929 393.326
PRESSAVG: 1920000 2214.29 47.8914 14.8697 47.8914 -2156.1 98.1498 14.8697 98.1498 162.409
GPRESSAVG: 1920000 2228.28 27.7822 20.3398 45.7336 -2175.43 113.74 17.9674 90.1159 169.56
TIMING: 1920000  CPU: 1769.47, 0.00092617/step  Wall: 1769.62, 0.000926214/step, 373.132 ns/days, 0.792428 hours remaining, 0.000000 MB of memory in use.
PERFORMANCE: 1920000  averaging 374.972 ns/day, 0.000921668 sec/step with standard deviation 7.12321e-06
ENERGY: 1920000         8.2778        35.1576        17.8692         1.4942         -46158.7641    -85996.5436         0.0000         0.0000      9715.9517        -122376.5571       297.4654   -132092.5088   -122434.1779       298.3315             19.0915        20.2134    167162.1886        73.5323        74.1341

WRITING EXTENDED SYSTEM TO RESTART FILE AT STEP 1920000
WRITING COORDINATES TO DCD FILE ../output/01_eq_1_CLK.0.dcd AT STEP 1920000
WRITING COORDINATES TO RESTART FILE AT STEP 1920000
FINISHED WRITING RESTART COORDINATES
WRITING VELOCITIES TO RESTART FILE AT STEP 1920000
FINISHED WRITING RESTART VELOCITIES
PRESSURE: 1930000 1988.22 -264.452 -44.8989 -264.451 -2583.89 159.031 -44.897 159.031 -376.294
GPRESSURE: 1930000 1971.04 -177.01 -123.605 -367.715 -2556.71 -9.88102 68.2805 275.597 -388.057
PRESSAVG: 1930000 2184.73 27.0599 25.7746 27.0599 -2180.83 116.989 25.7746 116.989 160.196
GPRESSAVG: 1930000 2201.11 15.5638 31.4221 24.9724 -2196.65 117.786 30.5167 116.847 162.035
TIMING: 1930000  CPU: 1778.76, 0.000928576/step  Wall: 1778.91, 0.000928623/step, 372.164 ns/days, 0.791909 hours remaining, 0.000000 MB of memory in use.
PERFORMANCE: 1930000  averaging 374.958 ns/day, 0.000921704 sec/step with standard deviation 7.12225e-06
ENERGY: 1930000        12.1278        38.9375        20.4221         1.1415         -46422.1382    -85859.2821         0.0000         0.0000      9826.7821        -122382.0093       300.8586   -132208.7914   -122431.2582       298.5159           -323.9891      -324.5758    167834.6427        54.6986        55.4983

WRITING EXTENDED SYSTEM TO RESTART FILE AT STEP 1930000
WRITING COORDINATES TO DCD FILE ../output/01_eq_1_CLK.0.dcd AT STEP 1930000
WRITING COORDINATES TO RESTART FILE AT STEP 1930000
FINISHED WRITING RESTART COORDINATES
WRITING VELOCITIES TO RESTART FILE AT STEP 1930000
FINISHED WRITING RESTART VELOCITIES
PRESSURE: 1940000 1996.81 63.0822 -225.295 63.0859 -2201.98 -110.81 -225.295 -110.808 192.931
GPRESSURE: 1940000 2022.6 66.2898 -279.143 -35.3484 -2110.51 -209.588 -260.382 -76.6338 87.5824
PRESSAVG: 1940000 2154.29 32.9537 36.0587 32.9537 -2191.93 79.7905 36.0587 79.7905 127.016
GPRESSAVG: 1940000 2172.48 18.8106 32.3517 30.5569 -2200.91 76.7427 41.0787 84.4079 120.241
TIMING: 1940000  CPU: 1788.04, 0.000928253/step  Wall: 1788.19, 0.000928343/step, 372.276 ns/days, 0.789092 hours remaining, 0.000000 MB of memory in use.
PERFORMANCE: 1940000  averaging 374.944 ns/day, 0.000921738 sec/step with standard deviation 7.11975e-06
ENERGY: 1940000         8.8788        30.0323        18.0819         0.2476         -46191.6738    -86018.1704         0.0000         0.0000      9669.3255        -122483.2780       296.0378   -132152.6034   -122444.5814       298.2988             -4.0789        -0.1077    166722.5492        29.7913        30.6037

WRITING EXTENDED SYSTEM TO RESTART FILE AT STEP 1940000
WRITING COORDINATES TO DCD FILE ../output/01_eq_1_CLK.0.dcd AT STEP 1940000
WRITING COORDINATES TO RESTART FILE AT STEP 1940000
FINISHED WRITING RESTART COORDINATES
WRITING VELOCITIES TO RESTART FILE AT STEP 1940000
FINISHED WRITING RESTART VELOCITIES
PRESSURE: 1950000 2341.55 -76.9714 57.3217 -76.9708 -1904.02 206.495 57.319 206.495 7.01816
GPRESSURE: 1950000 2317.26 -31.9998 35.4847 -115.919 -1889.56 98.4229 61.66 271.802 13.4728
PRESSAVG: 1950000 2137.68 19.6928 39.1317 19.6928 -2195.48 81.5395 39.1317 81.5395 111.17
GPRESSAVG: 1950000 2151.83 5.80962 31.8576 18.3436 -2204.21 73.7428 42.2432 90.0325 107.318
TIMING: 1950000  CPU: 1797.32, 0.000928264/step  Wall: 1797.48, 0.000928369/step, 372.266 ns/days, 0.786535 hours remaining, 0.000000 MB of memory in use.
PERFORMANCE: 1950000  averaging 374.93 ns/day, 0.000921772 sec/step with standard deviation 7.11724e-06
ENERGY: 1950000         9.5475        36.5016        16.4817         0.0403         -46187.3597    -85998.4284         0.0000         0.0000      9762.5883        -122360.6286       298.8932   -132123.2169   -122432.8037       298.3821            148.1818       147.0566    167462.4586        17.7897        18.3118

WRITING EXTENDED SYSTEM TO RESTART FILE AT STEP 1950000
WRITING COORDINATES TO DCD FILE ../output/01_eq_1_CLK.0.dcd AT STEP 1950000
WRITING COORDINATES TO RESTART FILE AT STEP 1950000
FINISHED WRITING RESTART COORDINATES
WRITING VELOCITIES TO RESTART FILE AT STEP 1950000
FINISHED WRITING RESTART VELOCITIES
PRESSURE: 1960000 1954.18 204.974 224.047 204.976 -2424.05 441.314 224.047 441.314 -847.247
GPRESSURE: 1960000 1860.04 131.087 188.772 174.778 -2421.17 340.224 218.944 518.99 -767.259
PRESSAVG: 1960000 2113.77 19.8358 55.6146 19.8358 -2176.34 104.924 55.6146 104.924 90.7505
GPRESSAVG: 1960000 2124.64 8.63546 48.1554 16.032 -2186.55 93.4709 59.5943 117.789 90.6613
TIMING: 1960000  CPU: 1806.59, 0.000926259/step  Wall: 1806.74, 0.000926383/step, 373.064 ns/days, 0.782279 hours remaining, 0.000000 MB of memory in use.
PERFORMANCE: 1960000  averaging 374.92 ns/day, 0.000921795 sec/step with standard deviation 7.10661e-06
ENERGY: 1960000         6.3797        22.2340        17.0164         1.5240         -46137.7819    -85908.8004         0.0000         0.0000      9645.6196        -122353.8086       295.3121   -131999.4282   -122430.2276       298.4448           -439.0393      -442.7966    168245.3683         9.3943         9.5835

WRITING EXTENDED SYSTEM TO RESTART FILE AT STEP 1960000
WRITING COORDINATES TO DCD FILE ../output/01_eq_1_CLK.0.dcd AT STEP 1960000
WRITING COORDINATES TO RESTART FILE AT STEP 1960000
FINISHED WRITING RESTART COORDINATES
WRITING VELOCITIES TO RESTART FILE AT STEP 1960000
FINISHED WRITING RESTART VELOCITIES
PRESSURE: 1970000 2519.21 27.585 -551.215 27.5841 -1890.81 96.8597 -551.215 96.8592 -125.356
GPRESSURE: 1970000 2565.86 -32.956 -598.969 -74.2994 -1958.71 98.1859 -545.525 21.9256 -96.4507
PRESSAVG: 1970000 2130.73 18.8309 39.8221 18.8309 -2173.97 107.186 39.8221 107.186 26.3123
GPRESSAVG: 1970000 2144.46 -4.50743 25.7287 9.91111 -2185.83 91.0088 48.0707 118.054 26.1246
TIMING: 1970000  CPU: 1815.86, 0.00092726/step  Wall: 1816.01, 0.000927349/step, 372.675 ns/days, 0.780519 hours remaining, 0.000000 MB of memory in use.
PERFORMANCE: 1970000  averaging 374.909 ns/day, 0.000921824 sec/step with standard deviation 7.09949e-06
ENERGY: 1970000         8.0447        19.9726        18.1978         1.7532         -46582.7099    -85683.1720         0.0000         0.0000      9695.9268        -122521.9868       296.8523   -132217.9136   -122435.8072       298.3092            167.6815       170.2319    167012.6450        -5.6426        -5.0812

WRITING EXTENDED SYSTEM TO RESTART FILE AT STEP 1970000
WRITING COORDINATES TO DCD FILE ../output/01_eq_1_CLK.0.dcd AT STEP 1970000
WRITING COORDINATES TO RESTART FILE AT STEP 1970000
FINISHED WRITING RESTART COORDINATES
WRITING VELOCITIES TO RESTART FILE AT STEP 1970000
FINISHED WRITING RESTART VELOCITIES
PRESSURE: 1980000 2497.25 -401.238 -314.519 -401.235 -1240.46 -118.973 -314.517 -118.975 637.639
GPRESSURE: 1980000 2475.37 -408.249 -349.152 -424.017 -1205.01 -266.177 -293.544 -100.868 608.555
PRESSAVG: 1980000 2135.92 -0.483367 25.8115 -0.483367 -2123.17 107.167 25.8115 107.167 69.348
GPRESSAVG: 1980000 2145.61 -22.4819 7.19429 -8.82268 -2132.62 81.3944 31.2023 117.431 70.1075
TIMING: 1980000  CPU: 1825.13, 0.00092662/step  Wall: 1825.28, 0.000926856/step, 372.874 ns/days, 0.777529 hours remaining, 0.000000 MB of memory in use.
PERFORMANCE: 1980000  averaging 374.899 ns/day, 0.000921849 sec/step with standard deviation 7.09047e-06
ENERGY: 1980000         7.5610        41.9276        19.6082         1.1182         -46444.8983    -85891.9852         0.0000         0.0000      9685.9774        -122580.6912       296.5477   -132266.6686   -122441.1912       298.2357            631.4756       626.3061    167219.2953        27.3682        27.6971

WRITING EXTENDED SYSTEM TO RESTART FILE AT STEP 1980000
WRITING COORDINATES TO DCD FILE ../output/01_eq_1_CLK.0.dcd AT STEP 1980000
WRITING COORDINATES TO RESTART FILE AT STEP 1980000
FINISHED WRITING RESTART COORDINATES
WRITING VELOCITIES TO RESTART FILE AT STEP 1980000
FINISHED WRITING RESTART VELOCITIES
PRESSURE: 1990000 2172.18 -49.9779 -166.002 -49.9768 -2252.55 65.9218 -166.002 65.92 -319.059
GPRESSURE: 1990000 2189.81 -105.509 -195.956 -78.2464 -2280.25 -0.0248635 -201.991 126.553 -318.778
PRESSAVG: 1990000 2130.09 -3.03069 22.5929 -3.03069 -2146.92 123.752 22.5929 123.752 23.4889
GPRESSAVG: 1990000 2140.23 -18.2297 2.41432 -16.4556 -2153.55 91.9052 21.6996 135.861 20.1443
TIMING: 1990000  CPU: 1834.4, 0.000926878/step  Wall: 1834.55, 0.00092688/step, 372.864 ns/days, 0.774975 hours remaining, 0.000000 MB of memory in use.
PERFORMANCE: 1990000  averaging 374.888 ns/day, 0.000921874 sec/step with standard deviation 7.08153e-06
ENERGY: 1990000         8.8211        33.7458        17.0584         0.2697         -46307.5543    -85903.4858         0.0000         0.0000      9546.2082        -122604.9370       292.2685   -132151.1452   -122450.8097       297.8373           -133.1439      -136.4078    167401.9606         2.2199         2.2727

WRITING EXTENDED SYSTEM TO RESTART FILE AT STEP 1990000
WRITING COORDINATES TO DCD FILE ../output/01_eq_1_CLK.0.dcd AT STEP 1990000
WRITING COORDINATES TO RESTART FILE AT STEP 1990000
FINISHED WRITING RESTART COORDINATES
WRITING VELOCITIES TO RESTART FILE AT STEP 1990000
FINISHED WRITING RESTART VELOCITIES
PRESSURE: 2000000 1978.6 -286.129 -120.58 -286.132 -2599.07 240.003 -120.582 240.002 146.169
GPRESSURE: 2000000 2000.22 -254.245 -75.514 -293.625 -2638.23 260.258 -91.3742 231.692 148.999
PRESSAVG: 2000000 2117.66 -23.1464 8.65715 -23.1464 -2172.06 123.005 8.65715 123.005 39.9598
GPRESSAVG: 2000000 2131.85 -31.4572 -7.95147 -39.4734 -2181.08 96.2083 10.1914 134.828 34.1233
TIMING: 2000000  CPU: 1843.66, 0.000926475/step  Wall: 1843.82, 0.000926558/step, 372.994 ns/days, 0.772131 hours remaining, 0.000000 MB of memory in use.
PERFORMANCE: 2000000  averaging 374.879 ns/day, 0.000921898 sec/step with standard deviation 7.07147e-06
ETITLE:      TS           BOND          ANGLE          DIHED          IMPRP               ELECT            VDW       BOUNDARY           MISC        KINETIC               TOTAL           TEMP      POTENTIAL       TOTALAVG        TEMPAVG            PRESSURE      GPRESSURE         VOLUME       PRESSAVG      GPRESSAVG

ENERGY: 2000000        10.5912        40.0703        19.7765         1.6131         -46165.6572    -86041.3535         0.0000         0.0000      9798.0132        -122336.9465       299.9778   -132134.9597   -122440.8698       298.0947           -158.0992      -163.0020    166164.2046        -4.8137        -5.0367

WRITING EXTENDED SYSTEM TO RESTART FILE AT STEP 2000000
WRITING COORDINATES TO DCD FILE ../output/01_eq_1_CLK.0.dcd AT STEP 2000000
WRITING COORDINATES TO RESTART FILE AT STEP 2000000
FINISHED WRITING RESTART COORDINATES
WRITING VELOCITIES TO RESTART FILE AT STEP 2000000
FINISHED WRITING RESTART VELOCITIES
PRESSURE: 2010000 2083.98 -180.889 -229.151 -180.886 -2139.41 -228.221 -229.148 -228.221 -42.369
GPRESSURE: 2010000 2025.38 -212.29 -302.244 -28.6959 -2080.45 -171.622 -292.102 -202.489 -44.4644
PRESSAVG: 2010000 2140.48 -24.9165 6.07062 -24.9165 -2156.84 107.528 6.07062 107.528 35.6201
GPRESSAVG: 2010000 2147.17 -28.9016 -8.45346 -37.3803 -2163.69 83.7795 6.20577 115.067 34.4083
TIMING: 2010000  CPU: 1852.95, 0.000928862/step  Wall: 1853.11, 0.000928891/step, 372.056 ns/days, 0.771496 hours remaining, 0.000000 MB of memory in use.
PERFORMANCE: 2010000  averaging 374.865 ns/day, 0.000921933 sec/step with standard deviation 7.071e-06
ENERGY: 2010000         5.2904        24.0358        17.1955         0.6268         -46525.7676    -85894.2247         0.0000         0.0000      9681.8116        -122691.0321       296.4201   -132372.8437   -122451.1548       298.0294            -32.5993       -33.1761    166480.1196         6.4199         5.9620

WRITING EXTENDED SYSTEM TO RESTART FILE AT STEP 2010000
WRITING COORDINATES TO DCD FILE ../output/01_eq_1_CLK.0.dcd AT STEP 2010000
WRITING COORDINATES TO RESTART FILE AT STEP 2010000
FINISHED WRITING RESTART COORDINATES
WRITING VELOCITIES TO RESTART FILE AT STEP 2010000
FINISHED WRITING RESTART VELOCITIES
PRESSURE: 2020000 2495.03 157.39 185.846 157.392 -1871.58 -167.063 185.846 -167.062 -282.928
GPRESSURE: 2020000 2463.54 274.623 122.226 -30.5623 -1846.71 -200.203 304.443 20.0232 -280.639
PRESSAVG: 2020000 2158.13 -32.3168 8.72695 -32.3168 -2144.36 108.389 8.72695 108.389 5.08625
GPRESSAVG: 2020000 2164.95 -25.4516 -9.02437 -60.2742 -2149.13 84.8557 15.0774 125.654 1.17679
TIMING: 2020000  CPU: 1862.22, 0.000927214/step  Wall: 1862.38, 0.000927379/step, 372.663 ns/days, 0.767664 hours remaining, 0.000000 MB of memory in use.
PERFORMANCE: 2020000  averaging 374.854 ns/day, 0.000921959 sec/step with standard deviation 7.06379e-06
ENERGY: 2020000         7.5988        31.3897        20.1195         2.4389         -46186.8220    -85884.2421         0.0000         0.0000      9714.2294        -122295.2878       297.4126   -132009.5172   -122447.6072       298.0659            113.5091       112.0623    167657.3435         6.2867         5.6640

WRITING EXTENDED SYSTEM TO RESTART FILE AT STEP 2020000
WRITING COORDINATES TO DCD FILE ../output/01_eq_1_CLK.0.dcd AT STEP 2020000
WRITING COORDINATES TO RESTART FILE AT STEP 2020000
FINISHED WRITING RESTART COORDINATES
WRITING VELOCITIES TO RESTART FILE AT STEP 2020000
FINISHED WRITING RESTART VELOCITIES
PRESSURE: 2030000 1106.19 25.0777 -95.0646 25.0779 -2421.2 -55.0933 -95.0669 -55.0937 -1000.08
GPRESSURE: 2030000 1126.22 130.545 0.766881 12.4483 -2459.18 14.8385 -119.863 -62.4049 -988.723
PRESSAVG: 2030000 2120.28 -33.5973 -1.10145 -33.5973 -2146.07 106.197 -1.10145 106.197 -54.0237
GPRESSAVG: 2030000 2124.5 -20.7628 -13.5919 -63.7644 -2149.59 82.2126 0.0516047 127.101 -56.6288
TIMING: 2030000  CPU: 1871.57, 0.000934953/step  Wall: 1871.73, 0.000935119/step, 369.579 ns/days, 0.771473 hours remaining, 0.000000 MB of memory in use.
PERFORMANCE: 2030000  averaging 374.827 ns/day, 0.000922024 sec/step with standard deviation 7.10656e-06
ENERGY: 2030000         9.8203        28.0450        17.8305         0.7198         -46144.8861    -85977.9784         0.0000         0.0000      9599.5991        -122466.8498       293.9031   -132066.4489   -122442.3669       297.6657           -771.6958      -773.8920    167636.8050       -26.6038       -27.2417

WRITING EXTENDED SYSTEM TO RESTART FILE AT STEP 2030000
WRITING COORDINATES TO DCD FILE ../output/01_eq_1_CLK.0.dcd AT STEP 2030000
WRITING COORDINATES TO RESTART FILE AT STEP 2030000
FINISHED WRITING RESTART COORDINATES
WRITING VELOCITIES TO RESTART FILE AT STEP 2030000
FINISHED WRITING RESTART VELOCITIES
PRESSURE: 2040000 1491.19 -190.107 -59.7945 -190.105 -2765.96 -138.239 -59.7917 -138.24 -174.814
GPRESSURE: 2040000 1454.97 -147.274 -36.4623 -240.384 -2737.33 -138.718 108.582 -110.611 -157.359
PRESSAVG: 2040000 2101.78 -35.0074 -13.3661 -35.0074 -2216.87 98.6818 -13.3661 98.6818 -75.2913
GPRESSAVG: 2040000 2102.88 -26.9347 -19.265 -63.1415 -2214.92 78.943 -5.502 124.103 -79.339
TIMING: 2040000  CPU: 1880.91, 0.00093396/step  Wall: 1881.07, 0.000933958/step, 370.038 ns/days, 0.767921 hours remaining, 0.000000 MB of memory in use.
PERFORMANCE: 2040000  averaging 374.804 ns/day, 0.000922083 sec/step with standard deviation 7.1381e-06
ENERGY: 2040000         6.9094        33.7136        20.9379         2.4525         -46422.1183    -85852.2993         0.0000         0.0000      9610.3726        -122600.0317       294.2329   -132210.4043   -122466.5009       297.2484           -483.1972      -479.9051    167040.8094       -63.4624       -63.7930

WRITING EXTENDED SYSTEM TO RESTART FILE AT STEP 2040000
WRITING COORDINATES TO DCD FILE ../output/01_eq_1_CLK.0.dcd AT STEP 2040000
WRITING COORDINATES TO RESTART FILE AT STEP 2040000
FINISHED WRITING RESTART COORDINATES
WRITING VELOCITIES TO RESTART FILE AT STEP 2040000
FINISHED WRITING RESTART VELOCITIES
PRESSURE: 2050000 1806.68 260.008 -122.982 260.006 -1816.02 94.5607 -122.981 94.5644 -573.687
GPRESSURE: 2050000 1804.37 255.108 -48.0249 164.497 -1812.71 137.301 -169.418 -82.7292 -579.95
PRESSAVG: 2050000 2070.6 -38.5328 -52.0586 -38.5328 -2213.48 103.753 -52.0586 103.753 -74.906
GPRESSAVG: 2050000 2071.58 -39.7896 -57.4457 -63.1891 -2216 84.1255 -42.6579 117.862 -74.7627
TIMING: 2050000  CPU: 1890.28, 0.000937475/step  Wall: 1890.44, 0.000937517/step, 368.633 ns/days, 0.768243 hours remaining, 0.000000 MB of memory in use.
PERFORMANCE: 2050000  averaging 374.773 ns/day, 0.000922158 sec/step with standard deviation 7.20171e-06
ENERGY: 2050000        14.4288        30.6427        18.0208         1.5559         -46380.8379    -85761.2384         0.0000         0.0000      9657.1968        -122420.2313       295.6665   -132077.4282   -122460.1940       297.0577           -194.3428      -196.0963    167117.9231       -72.5946       -73.0619

WRITING EXTENDED SYSTEM TO RESTART FILE AT STEP 2050000
WRITING COORDINATES TO DCD FILE ../output/01_eq_1_CLK.0.dcd AT STEP 2050000
WRITING COORDINATES TO RESTART FILE AT STEP 2050000
FINISHED WRITING RESTART COORDINATES
WRITING VELOCITIES TO RESTART FILE AT STEP 2050000
FINISHED WRITING RESTART VELOCITIES
PRESSURE: 2060000 2635.16 -67.1271 -237.654 -67.1324 -1819.41 63.0116 -237.654 63.0109 163.648
GPRESSURE: 2060000 2646.02 -14.6236 -331.512 -72.1548 -1791.78 12.4315 -251.908 93.3528 138.596
PRESSAVG: 2060000 2081.67 -35.7332 -63.6772 -35.7332 -2233.79 105.96 -63.6772 105.96 -78.0504
GPRESSAVG: 2060000 2083.63 -33.7365 -75.2382 -60.5554 -2236.4 87.0006 -49.1924 116.721 -78.7713
TIMING: 2060000  CPU: 1899.7, 0.000941455/step  Wall: 1899.86, 0.000941637/step, 367.02 ns/days, 0.769003 hours remaining, 0.000000 MB of memory in use.
PERFORMANCE: 2060000  averaging 374.735 ns/day, 0.000922253 sec/step with standard deviation 7.31119e-06
ENERGY: 2060000         8.3742        37.5896        18.2645         0.1104         -46470.1241    -85773.7296         0.0000         0.0000      9755.9707        -122423.5443       298.6906   -132179.5150   -122462.7171       297.0582            326.4674       330.9451    167101.8422       -76.7231       -77.1811

WRITING EXTENDED SYSTEM TO RESTART FILE AT STEP 2060000
WRITING COORDINATES TO DCD FILE ../output/01_eq_1_CLK.0.dcd AT STEP 2060000
WRITING COORDINATES TO RESTART FILE AT STEP 2060000
FINISHED WRITING RESTART COORDINATES
WRITING VELOCITIES TO RESTART FILE AT STEP 2060000
FINISHED WRITING RESTART VELOCITIES
PRESSURE: 2070000 2411.46 384.351 -280.404 384.352 -2168.34 -163.794 -280.404 -163.794 -401.892
GPRESSURE: 2070000 2402.17 353.787 -375.965 321.46 -2155.75 -164.922 -154.809 -139.929 -398.672
PRESSAVG: 2070000 2118.07 -14.4401 -87.8973 -14.4401 -2201.18 81.2491 -87.8973 81.2491 -102.16
GPRESSAVG: 2070000 2119.78 -6.75805 -105.874 -48.9774 -2201.16 67.494 -68.9524 89.2902 -105.262
TIMING: 2070000  CPU: 1909.11, 0.000941504/step  Wall: 1909.28, 0.000941655/step, 367.013 ns/days, 0.766403 hours remaining, 0.000000 MB of memory in use.
PERFORMANCE: 2070000  averaging 374.697 ns/day, 0.000922346 sec/step with standard deviation 7.41705e-06
ENERGY: 2070000         7.4988        33.6200        16.3450         0.3982         -46190.7061    -85938.8517         0.0000         0.0000      9833.8875        -122237.8082       301.0761   -132071.6957   -122451.5273       297.1085            -52.9250       -50.7499    167121.2999       -61.7541       -62.2120

WRITING EXTENDED SYSTEM TO RESTART FILE AT STEP 2070000
WRITING COORDINATES TO DCD FILE ../output/01_eq_1_CLK.0.dcd AT STEP 2070000
WRITING COORDINATES TO RESTART FILE AT STEP 2070000
FINISHED WRITING RESTART COORDINATES
WRITING VELOCITIES TO RESTART FILE AT STEP 2070000
FINISHED WRITING RESTART VELOCITIES
PRESSURE: 2080000 1949.24 36.9436 32.6819 36.9459 -2485.3 75.7468 32.6813 75.7489 207.131
GPRESSURE: 2080000 1912.77 154.092 -51.1547 5.07353 -2433.99 168.516 32.8707 84.7443 188.324
PRESSAVG: 2080000 2124.91 -12.0514 -87.5301 -12.0514 -2181.94 63.9735 -87.5301 63.9735 -85.0223
GPRESSAVG: 2080000 2121.59 -2.43722 -114.209 -41.4238 -2177.67 52.2474 -66.7337 72.8361 -88.1138
TIMING: 2080000  CPU: 1918.48, 0.000936774/step  Wall: 1918.65, 0.000936804/step, 368.914 ns/days, 0.759852 hours remaining, 0.000000 MB of memory in use.
PERFORMANCE: 2080000  averaging 374.668 ns/day, 0.000922416 sec/step with standard deviation 7.46671e-06
ENERGY: 2080000        10.4195        36.4170        20.8876         0.8992         -46268.5594    -85855.1007         0.0000         0.0000      9769.8273        -122285.2094       299.1148   -132055.0367   -122446.8571       297.3116           -109.6434      -110.9647    167340.5833       -47.3506       -48.0649

WRITING EXTENDED SYSTEM TO RESTART FILE AT STEP 2080000
WRITING COORDINATES TO DCD FILE ../output/01_eq_1_CLK.0.dcd AT STEP 2080000
WRITING COORDINATES TO RESTART FILE AT STEP 2080000
FINISHED WRITING RESTART COORDINATES
WRITING VELOCITIES TO RESTART FILE AT STEP 2080000
FINISHED WRITING RESTART VELOCITIES
PRESSURE: 2090000 2495.68 -210.527 -48.0063 -210.525 -1907.96 -406.258 -48.009 -406.259 94.9556
GPRESSURE: 2090000 2490.08 -110.349 16.0479 -306.337 -1788.51 -389.714 92.5048 -421.838 -17.8789
PRESSAVG: 2090000 2165.65 -21.1065 -99.5014 -21.1065 -2131.85 22.0933 -99.5014 22.0933 -45.7799
GPRESSAVG: 2090000 2164.04 -4.07558 -122.47 -54.4821 -2119.59 10.2218 -74.8075 35.2643 -58.3649
TIMING: 2090000  CPU: 1927.87, 0.000938874/step  Wall: 1928.03, 0.000938884/step, 368.097 ns/days, 0.758931 hours remaining, 0.000000 MB of memory in use.
PERFORMANCE: 2090000  averaging 374.636 ns/day, 0.000922495 sec/step with standard deviation 7.53534e-06
ENERGY: 2090000         6.6959        42.1117        22.3751         2.0810         -46437.9952    -85923.2392         0.0000         0.0000      9723.4103        -122564.5604       297.6937   -132287.9707   -122445.8554       297.1890            227.5595       227.8972    167060.5386        -3.9933        -4.6403

WRITING EXTENDED SYSTEM TO RESTART FILE AT STEP 2090000
WRITING COORDINATES TO DCD FILE ../output/01_eq_1_CLK.0.dcd AT STEP 2090000
WRITING COORDINATES TO RESTART FILE AT STEP 2090000
FINISHED WRITING RESTART COORDINATES
WRITING VELOCITIES TO RESTART FILE AT STEP 2090000
FINISHED WRITING RESTART VELOCITIES
PRESSURE: 2100000 2313.32 -249.459 222.42 -249.461 -2306.93 -142.199 222.421 -142.198 338.709
GPRESSURE: 2100000 2372.22 -186.236 285.939 -181.799 -2302.42 -28.1193 211.95 -57.6493 281.712
PRESSAVG: 2100000 2148.41 -40.5902 -87.9179 -40.5902 -2161.83 29.137 -87.9179 29.137 -63.1184
GPRESSAVG: 2100000 2147.24 -17.6372 -104.632 -73.4528 -2147.94 21.589 -62.27 47.2168 -77.3127
TIMING: 2100000  CPU: 1937.26, 0.000938768/step  Wall: 1937.42, 0.000938764/step, 368.144 ns/days, 0.756227 hours remaining, 0.000000 MB of memory in use.
PERFORMANCE: 2100000  averaging 374.605 ns/day, 0.000922572 sec/step with standard deviation 7.60067e-06
ETITLE:      TS           BOND          ANGLE          DIHED          IMPRP               ELECT            VDW       BOUNDARY           MISC        KINETIC               TOTAL           TEMP      POTENTIAL       TOTALAVG        TEMPAVG            PRESSURE      GPRESSURE         VOLUME       PRESSAVG      GPRESSAVG

ENERGY: 2100000         6.5766        34.5858        17.9361         1.8746         -46146.3589    -86080.9418         0.0000         0.0000      9818.2137        -122348.1139       300.5962   -132166.3276   -122430.4789       297.3812            115.0306       117.1700    167602.1518       -25.5140       -26.0037

WRITING EXTENDED SYSTEM TO RESTART FILE AT STEP 2100000
WRITING COORDINATES TO DCD FILE ../output/01_eq_1_CLK.0.dcd AT STEP 2100000
WRITING COORDINATES TO RESTART FILE AT STEP 2100000
FINISHED WRITING RESTART COORDINATES
WRITING VELOCITIES TO RESTART FILE AT STEP 2100000
FINISHED WRITING RESTART VELOCITIES
PRESSURE: 2110000 2243.54 -108.289 -488.741 -108.29 -2101.18 159.526 -488.741 159.526 -197.525
GPRESSURE: 2110000 2267.07 -38.1545 -416.121 -115.28 -2103.57 86.7177 -404.334 217.985 -223.118
PRESSAVG: 2110000 2131.28 -29.1648 -89.4601 -29.1648 -2168.19 23.9513 -89.4601 23.9513 -108.912
GPRESSAVG: 2110000 2127.92 -3.98082 -103.048 -64.2633 -2154.83 5.5247 -61.0138 51.5721 -120.039
TIMING: 2110000  CPU: 1946.68, 0.000941873/step  Wall: 1946.84, 0.0009419/step, 366.918 ns/days, 0.756136 hours remaining, 0.000000 MB of memory in use.
PERFORMANCE: 2110000  averaging 374.568 ns/day, 0.000922664 sec/step with standard deviation 7.69841e-06
ENERGY: 2110000         7.1860        34.6923        22.9413         1.3225         -46264.1992    -85988.7556         0.0000         0.0000      9804.5695        -122382.2434       300.1785   -132186.8128   -122435.7878       297.4599            -18.3857       -19.8705    167169.3210       -48.6071       -48.9831

WRITING EXTENDED SYSTEM TO RESTART FILE AT STEP 2110000
WRITING COORDINATES TO DCD FILE ../output/01_eq_1_CLK.0.dcd AT STEP 2110000
WRITING COORDINATES TO RESTART FILE AT STEP 2110000
FINISHED WRITING RESTART COORDINATES
WRITING VELOCITIES TO RESTART FILE AT STEP 2110000
FINISHED WRITING RESTART VELOCITIES
PRESSURE: 2120000 2170.09 -170.315 -66.3815 -170.316 -1976.33 -79.6991 -66.3813 -79.6993 52.9352
GPRESSURE: 2120000 2149.63 -103.552 -22.1862 -173.1 -1923.42 -78.8383 8.74322 -33.2126 17.0491
PRESSAVG: 2120000 2132.48 -54.8031 -116.419 -54.8031 -2143.82 -0.393962 -116.419 -0.393962 -125.006
GPRESSAVG: 2120000 2125.83 -22.8457 -127.839 -92.9613 -2124.8 -22.0456 -83.8636 28.715 -138.853
TIMING: 2120000  CPU: 1956.09, 0.000941146/step  Wall: 1956.25, 0.000941348/step, 367.133 ns/days, 0.753079 hours remaining, 0.000000 MB of memory in use.
PERFORMANCE: 2120000  averaging 374.532 ns/day, 0.000922752 sec/step with standard deviation 7.78661e-06
ENERGY: 2120000        10.5885        42.6886        16.3679         1.9754         -46381.8930    -85782.3492         0.0000         0.0000      9607.3884        -122485.2334       294.1416   -132092.6218   -122441.2216       297.2937             82.2318        81.0862    167759.1653       -45.4501       -45.9395

WRITING EXTENDED SYSTEM TO RESTART FILE AT STEP 2120000
WRITING COORDINATES TO DCD FILE ../output/01_eq_1_CLK.0.dcd AT STEP 2120000
WRITING COORDINATES TO RESTART FILE AT STEP 2120000
FINISHED WRITING RESTART COORDINATES
WRITING VELOCITIES TO RESTART FILE AT STEP 2120000
FINISHED WRITING RESTART VELOCITIES
PRESSURE: 2130000 2197.31 114.089 86.9984 114.09 -2335.03 83.2771 87.001 83.2744 -558.815
GPRESSURE: 2130000 2244.96 117.595 182.642 156.404 -2334.31 108.62 -37.5852 165.172 -593.08
PRESSAVG: 2130000 2142.93 -35.876 -109.824 -35.876 -2131.38 -4.18178 -109.824 -4.18178 -134.132
GPRESSAVG: 2130000 2139.53 -8.11546 -112.526 -66.7553 -2113.68 -16.1205 -89.1569 23.1937 -149.104
TIMING: 2130000  CPU: 1965.46, 0.000936942/step  Wall: 1965.63, 0.000937105/step, 368.796 ns/days, 0.747081 hours remaining, 0.000000 MB of memory in use.
PERFORMANCE: 2130000  averaging 374.505 ns/day, 0.000922819 sec/step with standard deviation 7.83023e-06
ENERGY: 2130000         8.5596        23.3199        18.9158         2.2474         -46431.0420    -85917.3144         0.0000         0.0000      9736.3206        -122558.9932       298.0890   -132295.3138   -122450.0708       297.1552           -232.1793      -227.4790    165803.0623       -40.8596       -41.0846

WRITING EXTENDED SYSTEM TO RESTART FILE AT STEP 2130000
WRITING COORDINATES TO DCD FILE ../output/01_eq_1_CLK.0.dcd AT STEP 2130000
WRITING COORDINATES TO RESTART FILE AT STEP 2130000
FINISHED WRITING RESTART COORDINATES
WRITING VELOCITIES TO RESTART FILE AT STEP 2130000
FINISHED WRITING RESTART VELOCITIES
PRESSURE: 2140000 2197.92 -301.212 -49.5888 -301.214 -2180.71 -297.046 -49.5889 -297.044 -259.67
GPRESSURE: 2140000 2240.26 -353.11 -113.387 -261.481 -2207.09 -277.913 -47.0692 -258.426 -270.032
PRESSAVG: 2140000 2152.99 -54.091 -101.038 -54.091 -2130.32 -13.4936 -101.038 -13.4936 -156.762
GPRESSAVG: 2140000 2150.41 -29.0855 -104.238 -78.0619 -2118.51 -19.5368 -78.4912 14.1042 -166.985
TIMING: 2140000  CPU: 1974.85, 0.000939576/step  Wall: 1975.02, 0.00093957/step, 367.828 ns/days, 0.746437 hours remaining, 0.000000 MB of memory in use.
PERFORMANCE: 2140000  averaging 374.473 ns/day, 0.000922898 sec/step with standard deviation 7.89531e-06
ENERGY: 2140000         7.1024        29.2553        15.9228         0.3354         -46405.1839    -85802.3555         0.0000         0.0000      9719.2002        -122435.7233       297.5648   -132154.9235   -122447.6930       297.2316            -80.8206       -78.9537    166721.2383       -44.6967       -45.0269

WRITING EXTENDED SYSTEM TO RESTART FILE AT STEP 2140000
WRITING COORDINATES TO DCD FILE ../output/01_eq_1_CLK.0.dcd AT STEP 2140000
WRITING COORDINATES TO RESTART FILE AT STEP 2140000
FINISHED WRITING RESTART COORDINATES
WRITING VELOCITIES TO RESTART FILE AT STEP 2140000
FINISHED WRITING RESTART VELOCITIES
PRESSURE: 2150000 2284.53 94.8843 63.1494 94.8855 -2189.35 -12.7549 63.1515 -12.7548 -137.286
GPRESSURE: 2150000 2314.83 117.357 123.97 -24.0647 -2229.3 -94.8567 -13.9569 120.093 -106.22
PRESSAVG: 2150000 2150.14 -45.4982 -100.747 -45.4982 -2144.58 -24.4561 -100.747 -24.4561 -163.977
GPRESSAVG: 2150000 2150.29 -21.6176 -99.8142 -73.4692 -2135.49 -29.2008 -82.2721 6.51874 -172.969
TIMING: 2150000  CPU: 1984.26, 0.000940573/step  Wall: 1984.43, 0.000940589/step, 367.429 ns/days, 0.744633 hours remaining, 0.000000 MB of memory in use.
PERFORMANCE: 2150000  averaging 374.439 ns/day, 0.00092298 sec/step with standard deviation 7.96871e-06
ENERGY: 2150000         7.4193        26.0904        13.7675         2.2106         -46137.5856    -85995.7626         0.0000         0.0000      9647.2263        -122436.6340       295.3612   -132083.8603   -122451.4933       297.0550            -14.0338        -6.8970    166397.6877       -52.8075       -52.7246

WRITING EXTENDED SYSTEM TO RESTART FILE AT STEP 2150000
WRITING COORDINATES TO DCD FILE ../output/01_eq_1_CLK.0.dcd AT STEP 2150000
WRITING COORDINATES TO RESTART FILE AT STEP 2150000
FINISHED WRITING RESTART COORDINATES
WRITING VELOCITIES TO RESTART FILE AT STEP 2150000
FINISHED WRITING RESTART VELOCITIES
PRESSURE: 2160000 2383.04 75.029 14.947 75.0309 -2197.68 -2.27131 14.9481 -2.2715 359.482
GPRESSURE: 2160000 2428.95 -24.6264 123.373 161.751 -2245.27 -56.207 -101.96 -8.17385 345.338
PRESSAVG: 2160000 2171.58 -51.9954 -111.202 -51.9954 -2133.26 -46.6354 -111.202 -46.6354 -103.641
GPRESSAVG: 2160000 2178.74 -29.4033 -103.084 -74.1205 -2126.7 -49.0223 -98.3173 -19.8395 -117.34
TIMING: 2160000  CPU: 1993.69, 0.000943064/step  Wall: 1993.86, 0.000943099/step, 366.451 ns/days, 0.744 hours remaining, 0.000000 MB of memory in use.
PERFORMANCE: 2160000  averaging 374.402 ns/day, 0.000923073 sec/step with standard deviation 8.06716e-06
ENERGY: 2160000        10.1915        30.9364        15.8186         0.3620         -46212.1250    -85991.3295         0.0000         0.0000      9686.9522        -122459.1937       296.5775   -132146.1459   -122456.7626       297.1183            181.6163       176.3377    166929.8027       -21.7747       -21.7679

WRITING EXTENDED SYSTEM TO RESTART FILE AT STEP 2160000
WRITING COORDINATES TO DCD FILE ../output/01_eq_1_CLK.0.dcd AT STEP 2160000
WRITING COORDINATES TO RESTART FILE AT STEP 2160000
FINISHED WRITING RESTART COORDINATES
WRITING VELOCITIES TO RESTART FILE AT STEP 2160000
FINISHED WRITING RESTART VELOCITIES
PRESSURE: 2170000 2386.61 85.6584 56.1151 85.6587 -1873.87 358.343 56.1162 358.343 -33.5145
GPRESSURE: 2170000 2455.92 155.161 -7.96679 81.1177 -1866.83 273.972 -51.686 315.842 -103.164
PRESSAVG: 2170000 2164.95 -49.0917 -80.8351 -49.0917 -2132.42 -33.5612 -80.8351 -33.5612 -99.0488
GPRESSAVG: 2170000 2173.24 -19.9975 -73.534 -66.3497 -2122.11 -40.233 -73.6253 -5.14366 -117.675
TIMING: 2170000  CPU: 2003.12, 0.000943273/step  Wall: 2003.29, 0.000943331/step, 366.361 ns/days, 0.741563 hours remaining, 0.000000 MB of memory in use.
PERFORMANCE: 2170000  averaging 374.364 ns/day, 0.000923166 sec/step with standard deviation 8.1651e-06
ENERGY: 2170000         9.8202        28.2282        17.7889         2.2519         -46077.1640    -85893.4499         0.0000         0.0000      9654.1875        -122258.3372       295.5744   -131912.5248   -122443.5801       297.0544            159.7411       161.9740    167476.9708       -22.1717       -22.1808

WRITING EXTENDED SYSTEM TO RESTART FILE AT STEP 2170000
WRITING COORDINATES TO DCD FILE ../output/01_eq_1_CLK.0.dcd AT STEP 2170000
WRITING COORDINATES TO RESTART FILE AT STEP 2170000
FINISHED WRITING RESTART COORDINATES
WRITING VELOCITIES TO RESTART FILE AT STEP 2170000
FINISHED WRITING RESTART VELOCITIES
PRESSURE: 2180000 1815.76 161.748 -67.7255 161.747 -2260.45 45.7633 -67.7267 45.7624 -371.387
GPRESSURE: 2180000 1817.34 64.1428 -47.3471 246.298 -2298.58 -58.7094 32.0308 80.5761 -330.112
PRESSAVG: 2180000 2130.88 -20.9426 -68.4956 -20.9426 -2183.42 -25.3243 -68.4956 -25.3243 -149.5
GPRESSAVG: 2180000 2140.34 3.6221 -58.4437 -32.8339 -2176.78 -29.8596 -57.3465 3.92853 -164.609
TIMING: 2180000  CPU: 2012.53, 0.000940576/step  Wall: 2012.7, 0.000940566/step, 367.438 ns/days, 0.736776 hours remaining, 0.000000 MB of memory in use.
PERFORMANCE: 2180000  averaging 374.331 ns/day, 0.000923246 sec/step with standard deviation 8.23106e-06
ENERGY: 2180000        10.1643        27.0800        19.5302         2.5019         -46269.0866    -86017.7074         0.0000         0.0000      9737.0187        -122490.4990       298.1103   -132227.5177   -122439.0705       297.1325           -272.0251      -270.4493    168263.1402       -67.3468       -67.0186

WRITING EXTENDED SYSTEM TO RESTART FILE AT STEP 2180000
WRITING COORDINATES TO DCD FILE ../output/01_eq_1_CLK.0.dcd AT STEP 2180000
WRITING COORDINATES TO RESTART FILE AT STEP 2180000
FINISHED WRITING RESTART COORDINATES
WRITING VELOCITIES TO RESTART FILE AT STEP 2180000
FINISHED WRITING RESTART VELOCITIES
PRESSURE: 2190000 2179.4 -53.5055 -36.3155 -53.5032 -1935.18 -247.862 -36.3135 -247.863 -298.907
GPRESSURE: 2190000 2168.42 36.7818 -107.138 -31.6697 -1928.34 -283.474 -58.256 -272.022 -290.078
PRESSAVG: 2190000 2131.24 -21.1189 -62.0112 -21.1189 -2167.55 -41.0135 -62.0112 -41.0135 -148.492
GPRESSAVG: 2190000 2139.27 10.7367 -54.0028 -30.5051 -2159.19 -44.0321 -50.1598 -16.0002 -163.174
TIMING: 2190000  CPU: 2021.85, 0.000932176/step  Wall: 2022.02, 0.000932249/step, 370.717 ns/days, 0.727672 hours remaining, 0.000000 MB of memory in use.
PERFORMANCE: 2190000  averaging 374.315 ns/day, 0.000923287 sec/step with standard deviation 8.23466e-06
ENERGY: 2190000         7.7064        28.6280        14.1777         2.8494         -46064.7009    -86059.4671         0.0000         0.0000      9873.3634        -122197.4431       302.2847   -132070.8065   -122418.6958       297.6333            -18.2296       -16.6663    167202.3844       -61.6011       -61.0315

WRITING EXTENDED SYSTEM TO RESTART FILE AT STEP 2190000
WRITING COORDINATES TO DCD FILE ../output/01_eq_1_CLK.0.dcd AT STEP 2190000
WRITING COORDINATES TO RESTART FILE AT STEP 2190000
FINISHED WRITING RESTART COORDINATES
WRITING VELOCITIES TO RESTART FILE AT STEP 2190000
FINISHED WRITING RESTART VELOCITIES
PRESSURE: 2200000 2153.56 54.8898 102.47 54.892 -1889.84 -115.753 102.469 -115.752 96.081
GPRESSURE: 2200000 2116.96 95.0392 114.764 27.3116 -1818.7 -50.2792 129.761 -201.083 62.0362
PRESSAVG: 2200000 2139.98 -4.06768 -50.8586 -4.06768 -2132.09 -58.8012 -50.8586 -58.8012 -150.997
GPRESSAVG: 2200000 2145.1 28.2009 -44.489 -14.4583 -2118.21 -59.5589 -39.103 -37.639 -167.522
TIMING: 2200000  CPU: 2031.26, 0.00094067/step  Wall: 2031.43, 0.000940665/step, 367.4 ns/days, 0.731628 hours remaining, 0.000000 MB of memory in use.
PERFORMANCE: 2200000  averaging 374.283 ns/day, 0.000923366 sec/step with standard deviation 8.29895e-06
ETITLE:      TS           BOND          ANGLE          DIHED          IMPRP               ELECT            VDW       BOUNDARY           MISC        KINETIC               TOTAL           TEMP      POTENTIAL       TOTALAVG        TEMPAVG            PRESSURE      GPRESSURE         VOLUME       PRESSAVG      GPRESSAVG

ENERGY: 2200000         7.0718        28.2871        18.0748         0.9989         -46469.7174    -85779.7180         0.0000         0.0000      9666.8951        -122528.1077       295.9634   -132195.0027   -122428.2538       297.4326            119.9329       120.1009    166702.7442       -47.6994       -46.8763

WRITING EXTENDED SYSTEM TO RESTART FILE AT STEP 2200000
WRITING COORDINATES TO DCD FILE ../output/01_eq_1_CLK.0.dcd AT STEP 2200000
WRITING COORDINATES TO RESTART FILE AT STEP 2200000
FINISHED WRITING RESTART COORDINATES
WRITING VELOCITIES TO RESTART FILE AT STEP 2200000
FINISHED WRITING RESTART VELOCITIES
PRESSURE: 2210000 2338.82 -149.803 -135.5 -149.802 -2537.44 515.431 -135.503 515.431 -1145.83
GPRESSURE: 2210000 2242.94 -118.019 -140.994 -121.253 -2470.16 520.093 -182.784 417.705 -1135.5
PRESSAVG: 2210000 2152.73 -2.51346 -46.1763 -2.51346 -2151.99 -21.6186 -46.1763 -21.6186 -206.17
GPRESSAVG: 2210000 2155.98 32.9144 -36.4265 -19.0861 -2137.7 -24.9732 -33.6371 -6.62928 -222.073
TIMING: 2210000  CPU: 2040.67, 0.000941379/step  Wall: 2040.84, 0.000941446/step, 367.095 ns/days, 0.729621 hours remaining, 0.000000 MB of memory in use.
PERFORMANCE: 2210000  averaging 374.25 ns/day, 0.000923448 sec/step with standard deviation 8.36891e-06
ENERGY: 2210000         4.4601        28.4917        16.7397         1.1366         -46299.8539    -85938.8057         0.0000         0.0000      9743.4571        -122444.3744       298.3075   -132187.8315   -122415.9210       297.5270           -448.1501      -454.2401    167298.0135       -68.4770       -67.9295

WRITING EXTENDED SYSTEM TO RESTART FILE AT STEP 2210000
WRITING COORDINATES TO DCD FILE ../output/01_eq_1_CLK.0.dcd AT STEP 2210000
WRITING COORDINATES TO RESTART FILE AT STEP 2210000
FINISHED WRITING RESTART COORDINATES
WRITING VELOCITIES TO RESTART FILE AT STEP 2210000
FINISHED WRITING RESTART VELOCITIES
PRESSURE: 2220000 1654.91 -30.5703 -202.605 -30.5677 -2193.7 -404.636 -202.604 -404.633 -131.972
GPRESSURE: 2220000 1642.31 -124.612 -186.369 -55.0118 -2197.53 -474.826 -132.582 -398.291 -116.58
PRESSAVG: 2220000 2110.72 -11.9114 -65.5989 -11.9114 -2168.09 -33.4971 -65.5989 -33.4971 -198.622
GPRESSAVG: 2220000 2114.92 12.9527 -51.8562 -20.3086 -2155.24 -38.7043 -55.4884 -27.545 -213.87
TIMING: 2220000  CPU: 2050.08, 0.00094128/step  Wall: 2050.25, 0.000941312/step, 367.147 ns/days, 0.726902 hours remaining, 0.000000 MB of memory in use.
PERFORMANCE: 2220000  averaging 374.217 ns/day, 0.000923529 sec/step with standard deviation 8.4356e-06
ENERGY: 2220000        11.6067        26.8868        17.5834         1.1169         -46194.4962    -85956.1844         0.0000         0.0000      9737.7552        -122355.7316       298.1329   -132093.4868   -122418.9431       297.5630           -223.5905      -223.9340    168448.3981       -85.3320       -84.7294

WRITING EXTENDED SYSTEM TO RESTART FILE AT STEP 2220000
WRITING COORDINATES TO DCD FILE ../output/01_eq_1_CLK.0.dcd AT STEP 2220000
WRITING COORDINATES TO RESTART FILE AT STEP 2220000
FINISHED WRITING RESTART COORDINATES
WRITING VELOCITIES TO RESTART FILE AT STEP 2220000
FINISHED WRITING RESTART VELOCITIES
PRESSURE: 2230000 1958.64 -60.4623 64.6415 -60.463 -2030.75 -103.547 64.6415 -103.547 449.199
GPRESSURE: 2230000 2001.96 -80.4434 109.474 -60.3122 -2078.7 -119.702 63.0013 -34.18 449.321
PRESSAVG: 2230000 2153.34 -16.1885 -57.6134 -16.1885 -2148.57 -35.9198 -57.6134 -35.9198 -126.158
GPRESSAVG: 2230000 2158.71 2.40325 -46.4209 -23.9466 -2136.21 -45.4314 -46.3451 -26.1337 -141.968
TIMING: 2230000  CPU: 2059.5, 0.00094212/step  Wall: 2059.68, 0.000942273/step, 366.773 ns/days, 0.725027 hours remaining, 0.000000 MB of memory in use.
PERFORMANCE: 2230000  averaging 374.183 ns/day, 0.000923613 sec/step with standard deviation 8.50967e-06
ENERGY: 2230000         9.6167        30.6508        16.0227         0.7473         -46199.9078    -85979.1352         0.0000         0.0000      9766.3811        -122355.6244       299.0093   -132122.0055   -122413.3819       297.8183            125.6964       124.1928    166812.9727       -40.4624       -39.8251

WRITING EXTENDED SYSTEM TO RESTART FILE AT STEP 2230000
WRITING COORDINATES TO DCD FILE ../output/01_eq_1_CLK.0.dcd AT STEP 2230000
WRITING COORDINATES TO RESTART FILE AT STEP 2230000
FINISHED WRITING RESTART COORDINATES
WRITING VELOCITIES TO RESTART FILE AT STEP 2230000
FINISHED WRITING RESTART VELOCITIES
PRESSURE: 2240000 990.282 -291.608 -152.443 -291.608 -2879.83 -147.057 -152.444 -147.059 -465.952
GPRESSURE: 2240000 1020.68 -470.456 -70.2099 -240.587 -2937.4 -254.611 -236.957 -96.5246 -444.68
PRESSAVG: 2240000 2128.3 -21.2637 -62.246 -21.2637 -2154.27 -36.3607 -62.246 -36.3607 -140.715
GPRESSAVG: 2240000 2136.99 -13.7559 -48.1082 -23.9568 -2146.22 -51.226 -63.6221 -25.4294 -156.334
TIMING: 2240000  CPU: 2068.91, 0.000940076/step  Wall: 2069.08, 0.0009401/step, 367.62 ns/days, 0.720743 hours remaining, 0.000000 MB of memory in use.
PERFORMANCE: 2240000  averaging 374.153 ns/day, 0.000923686 sec/step with standard deviation 8.56173e-06
ENERGY: 2240000         6.0935        31.0934        19.3794         0.9593         -46000.2066    -85976.1026         0.0000         0.0000      9707.3301        -122211.4535       297.2014   -131918.7836   -122393.9530       297.9667           -785.1678      -787.1351    167534.9144       -55.5609       -55.1866

WRITING EXTENDED SYSTEM TO RESTART FILE AT STEP 2240000
WRITING COORDINATES TO DCD FILE ../output/01_eq_1_CLK.0.dcd AT STEP 2240000
WRITING COORDINATES TO RESTART FILE AT STEP 2240000
FINISHED WRITING RESTART COORDINATES
WRITING VELOCITIES TO RESTART FILE AT STEP 2240000
FINISHED WRITING RESTART VELOCITIES
PRESSURE: 2250000 2177.08 -431.034 -42.3816 -431.032 -2976.27 567.159 -42.3805 567.159 -703.334
GPRESSURE: 2250000 2183.62 -401.137 -39.3497 -329.598 -2991.44 522.868 -155.43 481.064 -680.168
PRESSAVG: 2250000 2146.82 -55.8156 -58.216 -55.8156 -2212.28 -12.731 -58.216 -12.731 -147.197
GPRESSAVG: 2250000 2155.96 -46.5681 -47.6745 -48.6616 -2205.15 -31.9477 -62.9227 2.76023 -161.345
TIMING: 2250000  CPU: 2078.3, 0.000939552/step  Wall: 2078.48, 0.000939721/step, 367.769 ns/days, 0.717842 hours remaining, 0.000000 MB of memory in use.
PERFORMANCE: 2250000  averaging 374.124 ns/day, 0.000923757 sec/step with standard deviation 8.60922e-06
ENERGY: 2250000         3.0602        29.7839        16.6570         2.3266         -46178.8863    -85969.4106         0.0000         0.0000      9824.5598        -122271.9094       300.7905   -132096.4691   -122386.5369       298.2229           -500.8420      -495.9936    166609.8174       -70.8858       -70.1815

WRITING EXTENDED SYSTEM TO RESTART FILE AT STEP 2250000
WRITING COORDINATES TO DCD FILE ../output/01_eq_1_CLK.0.dcd AT STEP 2250000
WRITING COORDINATES TO RESTART FILE AT STEP 2250000
FINISHED WRITING RESTART COORDINATES
WRITING VELOCITIES TO RESTART FILE AT STEP 2250000
FINISHED WRITING RESTART VELOCITIES
PRESSURE: 2260000 2247.71 -122.788 -63.8867 -122.786 -2067.45 145.662 -63.884 145.663 353.269
GPRESSURE: 2260000 2242.12 -136.403 24.9425 -88.6724 -2076.03 24.5789 -99.2755 33.0155 366.359
PRESSAVG: 2260000 2127.44 -58.5982 -49.5275 -58.5982 -2224.68 -8.59841 -49.5275 -8.59841 -137.716
GPRESSAVG: 2260000 2135.76 -52.6571 -29.8518 -49.4874 -2219.37 -31.3403 -55.2911 -0.256634 -149.957
TIMING: 2260000  CPU: 2087.69, 0.000938538/step  Wall: 2087.86, 0.000938611/step, 368.204 ns/days, 0.714387 hours remaining, 0.000000 MB of memory in use.
PERFORMANCE: 2260000  averaging 374.098 ns/day, 0.000923823 sec/step with standard deviation 8.6467e-06
ENERGY: 2260000         6.2262        27.2317        18.2383         0.7165         -46234.8126    -86021.5165         0.0000         0.0000      9642.2262        -122561.6902       295.2082   -132203.9164   -122393.4442       298.0488            177.8418       177.4854    166984.5043       -78.3171       -77.8545

WRITING EXTENDED SYSTEM TO RESTART FILE AT STEP 2260000
WRITING COORDINATES TO DCD FILE ../output/01_eq_1_CLK.0.dcd AT STEP 2260000
WRITING COORDINATES TO RESTART FILE AT STEP 2260000
FINISHED WRITING RESTART COORDINATES
WRITING VELOCITIES TO RESTART FILE AT STEP 2260000
FINISHED WRITING RESTART VELOCITIES
PRESSURE: 2270000 2092.42 -148.842 132.053 -148.842 -2368.14 128.335 132.053 128.333 -58.9962
GPRESSURE: 2270000 2098.09 -215.458 63.4298 -244.676 -2346.33 89.2257 91.6165 44.3209 -90.4938
PRESSAVG: 2270000 2111.49 -85.2579 -28.9047 -85.2579 -2234.67 6.00798 -28.9047 6.00798 -120.571
GPRESSAVG: 2270000 2120.56 -81.1193 -7.88203 -77.7943 -2228.9 -18.6329 -42.9698 8.95587 -134.548
TIMING: 2270000  CPU: 2097.09, 0.000940045/step  Wall: 2097.26, 0.00094015/step, 367.601 ns/days, 0.712947 hours remaining, 0.000000 MB of memory in use.
PERFORMANCE: 2270000  averaging 374.068 ns/day, 0.000923895 sec/step with standard deviation 8.69534e-06
ENERGY: 2270000         9.5520        32.3850        19.0472         0.4460         -46343.6050    -86011.0484         0.0000         0.0000      9721.6956        -122571.5275       297.6412   -132293.2231   -122410.1301       297.8771           -111.5700      -112.9106    167173.8527       -81.2494       -80.9625

WRITING EXTENDED SYSTEM TO RESTART FILE AT STEP 2270000
WRITING COORDINATES TO DCD FILE ../output/01_eq_1_CLK.0.dcd AT STEP 2270000
WRITING COORDINATES TO RESTART FILE AT STEP 2270000
FINISHED WRITING RESTART COORDINATES
WRITING VELOCITIES TO RESTART FILE AT STEP 2270000
FINISHED WRITING RESTART VELOCITIES
PRESSURE: 2280000 1318.98 392.643 543.755 392.643 -2775.43 42.7584 543.758 42.7585 -145.625
GPRESSURE: 2280000 1296.9 492.653 541.965 272.554 -2767.18 65.6657 606.72 131.614 -122.92
PRESSAVG: 2280000 2079.98 -67.4731 -3.3508 -67.4731 -2249.18 4.35846 -3.3508 4.35846 -138.209
GPRESSAVG: 2280000 2089.76 -64.1913 21.7739 -64.4202 -2245.56 -23.7755 -14.2774 11.2994 -150.11
TIMING: 2280000  CPU: 2106.47, 0.000938277/step  Wall: 2106.65, 0.000938305/step, 368.324 ns/days, 0.708942 hours remaining, 0.000000 MB of memory in use.
PERFORMANCE: 2280000  averaging 374.043 ns/day, 0.000923958 sec/step with standard deviation 8.7285e-06
ENERGY: 2280000         5.6618        26.3595        14.1068         0.6517         -46427.9162    -85887.9937         0.0000         0.0000      9694.6302        -122574.5001       296.8126   -132269.1302   -122424.5947       297.7619           -534.0249      -531.0686    167056.2665      -102.4684      -101.9677

WRITING EXTENDED SYSTEM TO RESTART FILE AT STEP 2280000
WRITING COORDINATES TO DCD FILE ../output/01_eq_1_CLK.0.dcd AT STEP 2280000
WRITING COORDINATES TO RESTART FILE AT STEP 2280000
FINISHED WRITING RESTART COORDINATES
WRITING VELOCITIES TO RESTART FILE AT STEP 2280000
FINISHED WRITING RESTART VELOCITIES
PRESSURE: 2290000 1804.31 196.855 -199.296 196.856 -2681.42 -12.3972 -199.298 -12.3976 -63.3335
GPRESSURE: 2290000 1833.32 180.652 -161.282 95.3459 -2672.28 9.38504 -302.104 1.456 -93.4432
PRESSAVG: 2290000 2045.41 -47.104 -10.9152 -47.104 -2287.85 24.0515 -10.9152 24.0515 -146.124
GPRESSAVG: 2290000 2056.93 -49.6412 12.9075 -44.3361 -2289.74 -3.82052 -34.0078 32.4641 -153.889
TIMING: 2290000  CPU: 2115.83, 0.000935864/step  Wall: 2116, 0.000935921/step, 369.262 ns/days, 0.70454 hours remaining, 0.000000 MB of memory in use.
PERFORMANCE: 2290000  averaging 374.022 ns/day, 0.000924011 sec/step with standard deviation 8.74513e-06
ENERGY: 2290000         5.3849        31.5414        15.0280         0.5256         -46441.6723    -85860.6545         0.0000         0.0000      9703.8407        -122546.0063       297.0946   -132249.8470   -122423.6670       297.7320           -313.4815      -310.8004    167450.6863      -129.5205      -128.9026

WRITING EXTENDED SYSTEM TO RESTART FILE AT STEP 2290000
WRITING COORDINATES TO DCD FILE ../output/01_eq_1_CLK.0.dcd AT STEP 2290000
WRITING COORDINATES TO RESTART FILE AT STEP 2290000
FINISHED WRITING RESTART COORDINATES
WRITING VELOCITIES TO RESTART FILE AT STEP 2290000
FINISHED WRITING RESTART VELOCITIES
PRESSURE: 2300000 2285.84 67.7452 -348.63 67.7428 -2754.32 229.774 -348.631 229.773 126.247
GPRESSURE: 2300000 2296.74 178.895 -310.963 -97.6129 -2684.2 241.245 -386.475 304.879 53.7296
PRESSAVG: 2300000 2044.04 -31.2438 -39.4678 -31.2438 -2310.22 42.6501 -39.4678 42.6501 -156.747
GPRESSAVG: 2300000 2053.15 -31.3847 -16.9376 -40.1268 -2308.83 9.64769 -63.929 50.5905 -165.288
TIMING: 2300000  CPU: 2125.19, 0.000935678/step  Wall: 2125.36, 0.000935698/step, 369.35 ns/days, 0.701774 hours remaining, 0.000000 MB of memory in use.
PERFORMANCE: 2300000  averaging 374.001 ns/day, 0.000924061 sec/step with standard deviation 8.75998e-06
ETITLE:      TS           BOND          ANGLE          DIHED          IMPRP               ELECT            VDW       BOUNDARY           MISC        KINETIC               TOTAL           TEMP      POTENTIAL       TOTALAVG        TEMPAVG            PRESSURE      GPRESSURE         VOLUME       PRESSAVG      GPRESSAVG

ENERGY: 2300000        11.9780        29.0777        14.9999         1.2677         -46057.3359    -85943.6716         0.0000         0.0000      9578.4734        -122365.2108       293.2563   -131943.6842   -122424.5218       297.3650           -114.0785      -111.2434    166992.0575      -140.9759      -140.3232

WRITING EXTENDED SYSTEM TO RESTART FILE AT STEP 2300000
WRITING COORDINATES TO DCD FILE ../output/01_eq_1_CLK.0.dcd AT STEP 2300000
WRITING COORDINATES TO RESTART FILE AT STEP 2300000
FINISHED WRITING RESTART COORDINATES
WRITING VELOCITIES TO RESTART FILE AT STEP 2300000
FINISHED WRITING RESTART VELOCITIES
PRESSURE: 2310000 2269.76 -31.0618 -92.542 -31.0566 -1909.57 -306.821 -92.5391 -306.822 -148.027
GPRESSURE: 2310000 2263.85 -153.479 -29.2741 -38.596 -2016.52 -318.15 -125.151 -227.759 -40.0615
PRESSAVG: 2310000 2045.35 -27.3822 -19.6577 -27.3822 -2300.64 19.3327 -19.6577 19.3327 -154.272
GPRESSAVG: 2310000 2052.99 -37.1509 2.40472 -36.2926 -2304.48 -10.5957 -49.9699 28.3033 -156.135
TIMING: 2310000  CPU: 2134.52, 0.000933676/step  Wall: 2134.7, 0.000933692/step, 370.143 ns/days, 0.697676 hours remaining, 0.000000 MB of memory in use.
PERFORMANCE: 2310000  averaging 373.984 ns/day, 0.000924103 sec/step with standard deviation 8.76386e-06
ENERGY: 2310000        11.7876        39.5036        16.9242         1.1391         -46314.6616    -85980.7416         0.0000         0.0000      9737.6347        -122488.4138       298.1292   -132226.0486   -122429.8303       297.2625             70.7208        69.0887    166735.0300      -136.5206      -135.8753

WRITING EXTENDED SYSTEM TO RESTART FILE AT STEP 2310000
WRITING COORDINATES TO DCD FILE ../output/01_eq_1_CLK.0.dcd AT STEP 2310000
WRITING COORDINATES TO RESTART FILE AT STEP 2310000
FINISHED WRITING RESTART COORDINATES
WRITING VELOCITIES TO RESTART FILE AT STEP 2310000
FINISHED WRITING RESTART VELOCITIES
PRESSURE: 2320000 2708.73 251.748 450.477 251.749 -1992.75 -57.0598 450.478 -57.0588 600.595
GPRESSURE: 2320000 2733.28 258.131 438.608 199.348 -1998.48 33.3489 412.226 -114.936 571.184
PRESSAVG: 2320000 2072.28 -6.27896 6.18521 -6.27896 -2301.46 20.4647 6.18521 20.4647 -126.889
GPRESSAVG: 2320000 2082.17 -19.0668 25.4445 -17.6702 -2308.23 -4.98633 -29.7958 24.2172 -128.428
TIMING: 2320000  CPU: 2143.92, 0.00093948/step  Wall: 2144.09, 0.000939487/step, 367.86 ns/days, 0.699396 hours remaining, 0.000000 MB of memory in use.
PERFORMANCE: 2320000  averaging 373.957 ns/day, 0.000924169 sec/step with standard deviation 8.803e-06
ENERGY: 2320000         8.3380        24.7168        21.3505         0.9259         -46077.6265    -86172.2885         0.0000         0.0000      9765.7244        -122428.8593       298.9892   -132194.5837   -122427.0116       297.5049            438.8566       435.3304    166661.1643      -118.6894      -118.1631

WRITING EXTENDED SYSTEM TO RESTART FILE AT STEP 2320000
WRITING COORDINATES TO DCD FILE ../output/01_eq_1_CLK.0.dcd AT STEP 2320000
WRITING COORDINATES TO RESTART FILE AT STEP 2320000
FINISHED WRITING RESTART COORDINATES
WRITING VELOCITIES TO RESTART FILE AT STEP 2320000
FINISHED WRITING RESTART VELOCITIES
PRESSURE: 2330000 2033 -2.8173 -260.813 -2.81903 -2117.98 -130.608 -260.815 -130.609 -396.612
GPRESSURE: 2330000 2082.46 -3.13985 -238.107 10.7729 -2158.46 -93.6187 -240.312 -253.861 -420.26
PRESSAVG: 2330000 2064.06 -12.1244 -11.2056 -12.1244 -2290.61 9.77054 -11.2056 9.77054 -118.779
GPRESSAVG: 2330000 2074.05 -25.1035 4.40698 -24.9518 -2299.44 -15.0983 -39.9321 3.26549 -119.787
TIMING: 2330000  CPU: 2153.31, 0.000939567/step  Wall: 2153.49, 0.000939568/step, 367.829 ns/days, 0.696846 hours remaining, 0.000000 MB of memory in use.
PERFORMANCE: 2330000  averaging 373.931 ns/day, 0.000924235 sec/step with standard deviation 8.84175e-06
ENERGY: 2330000         9.5950        22.7957        18.4149         0.7500         -46180.4374    -85901.2276         0.0000         0.0000      9724.5897        -122305.5198       297.7298   -132030.1095   -122414.3379       297.4870           -160.5318      -165.4202    167685.1292      -115.1070      -115.0601

WRITING EXTENDED SYSTEM TO RESTART FILE AT STEP 2330000
WRITING COORDINATES TO DCD FILE ../output/01_eq_1_CLK.0.dcd AT STEP 2330000
WRITING COORDINATES TO RESTART FILE AT STEP 2330000
FINISHED WRITING RESTART COORDINATES
WRITING VELOCITIES TO RESTART FILE AT STEP 2330000
FINISHED WRITING RESTART VELOCITIES
PRESSURE: 2340000 2106.35 -120.296 97.395 -120.296 -2152.08 51.2379 97.3923 51.2347 -136.791
GPRESSURE: 2340000 2110.01 -134.796 37.2978 -63.6994 -2173.28 86.2245 142.349 82.3464 -135.268
PRESSAVG: 2340000 2059.49 -3.07852 -3.85653 -3.07852 -2289.18 27.1845 -3.85653 27.1845 -112.635
GPRESSAVG: 2340000 2067.54 -14.1878 11.9412 -15.0627 -2297.75 3.10861 -30.4612 20.3041 -113.049
TIMING: 2340000  CPU: 2162.65, 0.00093392/step  Wall: 2162.83, 0.000934145/step, 369.964 ns/days, 0.690229 hours remaining, 0.000000 MB of memory in use.
PERFORMANCE: 2340000  averaging 373.914 ns/day, 0.000924278 sec/step with standard deviation 8.8465e-06
ENERGY: 2340000         6.9629        35.7571        20.4709         1.2813         -46399.5400    -85737.7609         0.0000         0.0000      9652.8189        -122420.0098       295.5325   -132072.8286   -122413.5523       297.3853            -60.8403       -66.1811    167806.5330      -114.1080      -114.4215

WRITING EXTENDED SYSTEM TO RESTART FILE AT STEP 2340000
WRITING COORDINATES TO DCD FILE ../output/01_eq_1_CLK.0.dcd AT STEP 2340000
WRITING COORDINATES TO RESTART FILE AT STEP 2340000
FINISHED WRITING RESTART COORDINATES
WRITING VELOCITIES TO RESTART FILE AT STEP 2340000
FINISHED WRITING RESTART VELOCITIES
PRESSURE: 2350000 2520.17 -279.089 -494.023 -279.086 -1404.03 -190.223 -494.026 -190.223 326.328
GPRESSURE: 2350000 2554.69 -329.64 -513.344 -417.591 -1360.08 -300.758 -412.599 -43.2154 241.375
PRESSAVG: 2350000 2071.27 -21.7771 -31.7154 -21.7771 -2249.91 18.3111 -31.7154 18.3111 -89.4541
GPRESSAVG: 2350000 2079.53 -36.5377 -19.9245 -34.739 -2254.29 -7.18647 -50.3933 12.1386 -95.6691
TIMING: 2350000  CPU: 2171.94, 0.000929047/step  Wall: 2172.12, 0.000929229/step, 371.921 ns/days, 0.684016 hours remaining, 0.000000 MB of memory in use.
PERFORMANCE: 2350000  averaging 373.905 ns/day, 0.000924299 sec/step with standard deviation 8.83348e-06
ENERGY: 2350000         8.1723        25.7963        20.4362         3.4952         -46501.9959    -85900.9248         0.0000         0.0000      9697.3322        -122647.6885       296.8953   -132345.0207   -122424.1050       297.4620            480.8215       478.6626    166003.7076       -89.3652       -90.1435

WRITING EXTENDED SYSTEM TO RESTART FILE AT STEP 2350000
WRITING COORDINATES TO DCD FILE ../output/01_eq_1_CLK.0.dcd AT STEP 2350000
WRITING COORDINATES TO RESTART FILE AT STEP 2350000
FINISHED WRITING RESTART COORDINATES
WRITING VELOCITIES TO RESTART FILE AT STEP 2350000
FINISHED WRITING RESTART VELOCITIES
PRESSURE: 2360000 2547.52 93.1127 310.412 93.1139 -1942.01 126.744 310.416 126.744 233.059
GPRESSURE: 2360000 2532.6 15.6336 107.823 242.792 -1916.51 143.809 395.155 214.684 231.006
PRESSAVG: 2360000 2079.49 -20.8729 -16.942 -20.8729 -2237.13 24.7619 -16.942 24.7619 -95.7752
GPRESSAVG: 2360000 2084.71 -34.5247 -20.702 -30.687 -2237.85 2.81433 -25.5376 23.2815 -101.386
TIMING: 2360000  CPU: 2181.24, 0.000929764/step  Wall: 2181.42, 0.000929774/step, 371.703 ns/days, 0.681835 hours remaining, 0.000000 MB of memory in use.
PERFORMANCE: 2360000  averaging 373.896 ns/day, 0.000924322 sec/step with standard deviation 8.82187e-06
ENERGY: 2360000         6.7088        31.3446        13.7415         1.2291         -46279.8782    -85959.8622         0.0000         0.0000      9802.6369        -122384.0795       300.1193   -132186.7164   -122420.3493       297.6391            279.5213       282.3660    166026.5935       -84.4700       -84.8421

WRITING EXTENDED SYSTEM TO RESTART FILE AT STEP 2360000
WRITING COORDINATES TO DCD FILE ../output/01_eq_1_CLK.0.dcd AT STEP 2360000
WRITING COORDINATES TO RESTART FILE AT STEP 2360000
FINISHED WRITING RESTART COORDINATES
WRITING VELOCITIES TO RESTART FILE AT STEP 2360000
FINISHED WRITING RESTART VELOCITIES
PRESSURE: 2370000 1931.94 -5.13098 -269.039 -5.13345 -2536.23 341.69 -269.04 341.688 -387.736
GPRESSURE: 2370000 2007.02 -7.9409 -201.035 -23.5615 -2584.68 343.398 -302.059 340.155 -407.632
PRESSAVG: 2370000 2056.76 -25.4125 -33.1998 -25.4125 -2270.24 23.9291 -33.1998 23.9291 -113.486
GPRESSAVG: 2370000 2062.27 -42.6798 -30.3554 -35.9209 -2273.74 6.28563 -38.0562 24.4972 -116.609
TIMING: 2370000  CPU: 2190.55, 0.000930774/step  Wall: 2190.73, 0.000930753/step, 371.312 ns/days, 0.679966 hours remaining, 0.000000 MB of memory in use.
PERFORMANCE: 2370000  averaging 373.885 ns/day, 0.000924349 sec/step with standard deviation 8.81307e-06
ENERGY: 2370000         9.3200        37.0484        17.3456         1.1067         -46235.4925    -86016.7228         0.0000         0.0000      9849.2528        -122338.1417       301.5465   -132187.3946   -122424.3395       297.9377           -330.6732      -328.4313    166865.4185      -108.9907      -109.3624

WRITING EXTENDED SYSTEM TO RESTART FILE AT STEP 2370000
WRITING COORDINATES TO DCD FILE ../output/01_eq_1_CLK.0.dcd AT STEP 2370000
WRITING COORDINATES TO RESTART FILE AT STEP 2370000
FINISHED WRITING RESTART COORDINATES
WRITING VELOCITIES TO RESTART FILE AT STEP 2370000
FINISHED WRITING RESTART VELOCITIES
PRESSURE: 2380000 1869.91 73.7619 195.314 73.7612 -2556.38 -10.238 195.314 -10.2401 299.283
GPRESSURE: 2380000 1883.32 163.378 187.914 26.4291 -2504.31 49.7821 139.369 -96.6766 238.784
PRESSAVG: 2380000 2059.47 -29.8118 -20.0478 -29.8118 -2285.04 21.129 -20.0478 21.129 -79.9528
GPRESSAVG: 2380000 2065.57 -37.718 -18.5924 -46.9144 -2284.03 11.7102 -32.6893 15.6346 -88.1643
TIMING: 2380000  CPU: 2199.85, 0.000930381/step  Wall: 2200.03, 0.000930463/step, 371.428 ns/days, 0.67717 hours remaining, 0.000000 MB of memory in use.
PERFORMANCE: 2380000  averaging 373.874 ns/day, 0.000924375 sec/step with standard deviation 8.80338e-06
ENERGY: 2380000         6.1956        36.0850        15.5623         1.6725         -46225.5384    -85983.6119         0.0000         0.0000      9595.1944        -122554.4406       293.7682   -132149.6350   -122427.5366       297.7206           -129.0598      -127.4015    166397.7282      -101.8424      -102.2100

WRITING EXTENDED SYSTEM TO RESTART FILE AT STEP 2380000
WRITING COORDINATES TO DCD FILE ../output/01_eq_1_CLK.0.dcd AT STEP 2380000
WRITING COORDINATES TO RESTART FILE AT STEP 2380000
FINISHED WRITING RESTART COORDINATES
WRITING VELOCITIES TO RESTART FILE AT STEP 2380000
FINISHED WRITING RESTART VELOCITIES
PRESSURE: 2390000 2184.98 82.7293 26.2186 82.7303 -1810.33 -178.804 26.2181 -178.804 -104.662
GPRESSURE: 2390000 2232.21 105.938 -61.1513 45.6829 -1783.76 -192.862 116.03 -187.923 -177.019
PRESSAVG: 2390000 2059.75 -23.0002 -16.9212 -23.0002 -2278.8 24.582 -16.9212 24.582 -70.2406
GPRESSAVG: 2390000 2068.75 -34.2602 -16.293 -43.0468 -2276.8 16.2408 -23.975 19.8395 -82.5114
TIMING: 2390000  CPU: 2209.16, 0.000931379/step  Wall: 2209.35, 0.000931371/step, 371.066 ns/days, 0.675244 hours remaining, 0.000000 MB of memory in use.
PERFORMANCE: 2390000  averaging 373.862 ns/day, 0.000924404 sec/step with standard deviation 8.79651e-06
ENERGY: 2390000         6.7506        32.3735        18.8915         1.7291         -46160.1576    -85987.8596         0.0000         0.0000      9640.6224        -122447.6502       295.1591   -132088.2725   -122440.0469       297.3643             89.9971        90.4754    167481.2817       -96.4311       -96.8529

WRITING EXTENDED SYSTEM TO RESTART FILE AT STEP 2390000
WRITING COORDINATES TO DCD FILE ../output/01_eq_1_CLK.0.dcd AT STEP 2390000
WRITING COORDINATES TO RESTART FILE AT STEP 2390000
FINISHED WRITING RESTART COORDINATES
WRITING VELOCITIES TO RESTART FILE AT STEP 2390000
FINISHED WRITING RESTART VELOCITIES
PRESSURE: 2400000 2141.51 -39.5213 40.822 -39.5243 -2291.21 -176.202 40.8228 -176.204 -508.699
GPRESSURE: 2400000 2190.4 -104.436 107.77 -160.857 -2319.39 -155.832 98.8471 -267.508 -526.335
PRESSAVG: 2400000 2059.14 -27.721 -20.0035 -27.721 -2298.87 21.5594 -20.0035 21.5594 -100.48
GPRESSAVG: 2400000 2072.43 -44.234 -16.6427 -52.4552 -2301.84 10.9631 -25.5207 16.5183 -111.93
TIMING: 2400000  CPU: 2218.49, 0.000932516/step  Wall: 2218.67, 0.000932683/step, 370.544 ns/days, 0.673604 hours remaining, 0.000000 MB of memory in use.
PERFORMANCE: 2400000  averaging 373.848 ns/day, 0.000924439 sec/step with standard deviation 8.79434e-06
ETITLE:      TS           BOND          ANGLE          DIHED          IMPRP               ELECT            VDW       BOUNDARY           MISC        KINETIC               TOTAL           TEMP      POTENTIAL       TOTALAVG        TEMPAVG            PRESSURE      GPRESSURE         VOLUME       PRESSAVG      GPRESSAVG

ENERGY: 2400000         8.3275        34.7124        19.5195         1.6942         -46528.6372    -85802.0343         0.0000         0.0000      9717.5178        -122548.9001       297.5133   -132266.4179   -122441.0866       297.4418           -219.4637      -218.4411    166319.6252      -113.4009      -113.7800

WRITING EXTENDED SYSTEM TO RESTART FILE AT STEP 2400000
WRITING COORDINATES TO DCD FILE ../output/01_eq_1_CLK.0.dcd AT STEP 2400000
WRITING COORDINATES TO RESTART FILE AT STEP 2400000
FINISHED WRITING RESTART COORDINATES
WRITING VELOCITIES TO RESTART FILE AT STEP 2400000
FINISHED WRITING RESTART VELOCITIES
PRESSURE: 2410000 2044.94 -261.565 -286.462 -261.567 -2110.06 236.022 -286.463 236.022 -426.308
GPRESSURE: 2410000 1979.03 -307.637 -339.464 -221.135 -2152.39 228.03 -296.884 255.14 -303.483
PRESSAVG: 2410000 2044.45 -33.3092 -27.5515 -33.3092 -2277.5 7.58894 -27.5515 7.58894 -64.5034
GPRESSAVG: 2410000 2059.23 -53.7149 -26.5662 -57.4492 -2285.95 -3.64002 -31.2257 8.39003 -70.3292
TIMING: 2410000  CPU: 2227.84, 0.00093482/step  Wall: 2228.02, 0.000935029/step, 369.614 ns/days, 0.672701 hours remaining, 0.000000 MB of memory in use.
PERFORMANCE: 2410000  averaging 373.831 ns/day, 0.000924483 sec/step with standard deviation 8.80247e-06
ENERGY: 2410000         9.0083        32.6389        14.6057         1.1031         -46498.6916    -85881.0671         0.0000         0.0000      9729.6321        -122592.7706       297.8842   -132322.4028   -122448.5064       297.4207           -163.8113      -158.9450    167516.9878       -99.1840       -99.0152

WRITING EXTENDED SYSTEM TO RESTART FILE AT STEP 2410000
WRITING COORDINATES TO DCD FILE ../output/01_eq_1_CLK.0.dcd AT STEP 2410000
WRITING COORDINATES TO RESTART FILE AT STEP 2410000
FINISHED WRITING RESTART COORDINATES
WRITING VELOCITIES TO RESTART FILE AT STEP 2410000
FINISHED WRITING RESTART VELOCITIES
PRESSURE: 2420000 2159.81 57.1579 141.37 57.16 -1884.3 -324.997 141.367 -325 -179.849
GPRESSURE: 2420000 2101.32 124.061 190.867 -1.31285 -1854.59 -236.9 208.731 -389.11 -151.782
PRESSAVG: 2420000 2069.69 -28.9228 -10.3529 -28.9228 -2262.03 11.5706 -10.3529 11.5706 -66.8972
GPRESSAVG: 2420000 2082.18 -41.2812 -7.70442 -54.7643 -2268.8 8.25629 -14.1601 8.84908 -72.0893
TIMING: 2420000  CPU: 2237.15, 0.000930979/step  Wall: 2237.33, 0.000931006/step, 371.211 ns/days, 0.667221 hours remaining, 0.000000 MB of memory in use.
PERFORMANCE: 2420000  averaging 373.82 ns/day, 0.00092451 sec/step with standard deviation 8.79419e-06
ENERGY: 2420000         9.2671        30.8451        17.6649         2.8406         -46112.5913    -85964.3918         0.0000         0.0000      9629.5117        -122386.8537       294.8189   -132016.3655   -122450.0625       297.2550             31.8863        31.6490    167954.4326       -86.4101       -86.2361

WRITING EXTENDED SYSTEM TO RESTART FILE AT STEP 2420000
WRITING COORDINATES TO DCD FILE ../output/01_eq_1_CLK.0.dcd AT STEP 2420000
WRITING COORDINATES TO RESTART FILE AT STEP 2420000
FINISHED WRITING RESTART COORDINATES
WRITING VELOCITIES TO RESTART FILE AT STEP 2420000
FINISHED WRITING RESTART VELOCITIES
PRESSURE: 2430000 2587.76 220.515 220.328 220.517 -1580.64 255.415 220.329 255.416 197.034
GPRESSURE: 2430000 2560.42 164.049 208.472 124.141 -1558.64 271.89 249.606 360.984 200.274
PRESSAVG: 2430000 2101.15 -14.8738 -2.56853 -14.8738 -2239.52 29.5188 -2.56853 29.5188 -79.5055
GPRESSAVG: 2430000 2110.1 -29.0566 -2.75451 -45.5416 -2242.8 27.8359 -4.82985 28.6073 -84.5416
TIMING: 2430000  CPU: 2246.43, 0.000927857/step  Wall: 2246.61, 0.000927997/step, 372.415 ns/days, 0.662487 hours remaining, 0.000000 MB of memory in use.
PERFORMANCE: 2430000  averaging 373.814 ns/day, 0.000924524 sec/step with standard deviation 8.77886e-06
ENERGY: 2430000         7.2672        31.1937        16.0825         1.9624         -46633.1234    -85690.4079         0.0000         0.0000      9735.7549        -122531.2707       298.0717   -132267.0256   -122458.8448       297.2081            401.3854       400.6847    168305.2403       -72.6257       -72.4115

WRITING EXTENDED SYSTEM TO RESTART FILE AT STEP 2430000
WRITING COORDINATES TO DCD FILE ../output/01_eq_1_CLK.0.dcd AT STEP 2430000
WRITING COORDINATES TO RESTART FILE AT STEP 2430000
FINISHED WRITING RESTART COORDINATES
WRITING VELOCITIES TO RESTART FILE AT STEP 2430000
FINISHED WRITING RESTART VELOCITIES
PRESSURE: 2440000 1382.42 94.7929 197.481 94.7952 -2944.33 139.843 197.483 139.843 107.612
GPRESSURE: 2440000 1389.69 25.1418 285.369 54.3938 -2959.73 99.319 102.767 -17.2227 109.393
PRESSAVG: 2440000 2120.76 4.44634 14.9278 4.44634 -2242.75 43.8638 14.9278 43.8638 -50.8273
GPRESSAVG: 2440000 2128.56 -4.27671 15.0245 -30.7926 -2243.91 45.5324 12.1563 32.5724 -56.838
TIMING: 2440000  CPU: 2255.72, 0.000929476/step  Wall: 2255.91, 0.000929495/step, 371.815 ns/days, 0.660974 hours remaining, 0.000000 MB of memory in use.
PERFORMANCE: 2440000  averaging 373.806 ns/day, 0.000924544 sec/step with standard deviation 8.76655e-06
ENERGY: 2440000         6.0186        30.7079        17.3105         1.6633         -46158.6650    -85935.3040         0.0000         0.0000      9689.0945        -122349.1743       296.6431   -132038.2687   -122465.7308       297.1802           -484.7686      -486.8823    167888.2232       -57.6057       -57.3988

WRITING EXTENDED SYSTEM TO RESTART FILE AT STEP 2440000
WRITING COORDINATES TO DCD FILE ../output/01_eq_1_CLK.0.dcd AT STEP 2440000
WRITING COORDINATES TO RESTART FILE AT STEP 2440000
FINISHED WRITING RESTART COORDINATES
WRITING VELOCITIES TO RESTART FILE AT STEP 2440000
FINISHED WRITING RESTART VELOCITIES
PRESSURE: 2450000 1956.74 61.0682 275.926 61.0691 -2173.14 -1.87381 275.928 -1.87258 467.908
GPRESSURE: 2450000 1963.43 29.2415 256.567 108.731 -2122.57 -42.6659 242.637 18.8526 394.347
PRESSAVG: 2450000 2109.74 29.0514 30.8432 29.0514 -2202.59 15.4123 30.8432 15.4123 7.73486
GPRESSAVG: 2450000 2117.55 17.2422 29.8203 -8.87613 -2200.47 17.2557 32.0597 9.46184 -3.11225
TIMING: 2450000  CPU: 2265.04, 0.000931969/step  Wall: 2265.23, 0.000932022/step, 370.807 ns/days, 0.660182 hours remaining, 0.000000 MB of memory in use.
PERFORMANCE: 2450000  averaging 373.793 ns/day, 0.000924575 sec/step with standard deviation 8.7616e-06
ENERGY: 2450000         8.5598        35.0669        16.6197         1.3733         -46601.9541    -85716.4927         0.0000         0.0000      9647.1240        -122609.7029       295.3581   -132256.8269   -122482.6205       296.9086             83.8356        78.4041    166943.1561       -28.3719       -28.6790

WRITING EXTENDED SYSTEM TO RESTART FILE AT STEP 2450000
WRITING COORDINATES TO DCD FILE ../output/01_eq_1_CLK.0.dcd AT STEP 2450000
WRITING COORDINATES TO RESTART FILE AT STEP 2450000
FINISHED WRITING RESTART COORDINATES
WRITING VELOCITIES TO RESTART FILE AT STEP 2450000
FINISHED WRITING RESTART VELOCITIES
PRESSURE: 2460000 1842.12 242.248 7.81796 242.247 -2276.47 -185.534 7.81628 -185.534 -374.612
GPRESSURE: 2460000 1856.89 218.842 54.2066 252.676 -2243.89 -111.616 -66.806 -109.218 -418.93
PRESSAVG: 2460000 2089.46 47.303 34.4282 47.303 -2213.04 -1.14759 34.4282 -1.14759 -28.6591
GPRESSAVG: 2460000 2098.28 35.0044 31.2835 8.1913 -2208.86 10.446 33.6832 2.35018 -42.3767
TIMING: 2460000  CPU: 2274.39, 0.00093478/step  Wall: 2274.58, 0.000934725/step, 369.735 ns/days, 0.6595 hours remaining, 0.000000 MB of memory in use.
PERFORMANCE: 2460000  averaging 373.777 ns/day, 0.000924616 sec/step with standard deviation 8.76762e-06
ENERGY: 2460000        12.8621        37.6348        15.5686         2.1264         -46322.7721    -85905.1258         0.0000         0.0000      9742.0905        -122417.6155       298.2656   -132159.7060   -122475.4168       297.0614           -269.6542      -268.6410    166898.2823       -50.7467       -50.9853

WRITING EXTENDED SYSTEM TO RESTART FILE AT STEP 2460000
WRITING COORDINATES TO DCD FILE ../output/01_eq_1_CLK.0.dcd AT STEP 2460000
WRITING COORDINATES TO RESTART FILE AT STEP 2460000
FINISHED WRITING RESTART COORDINATES
WRITING VELOCITIES TO RESTART FILE AT STEP 2460000
FINISHED WRITING RESTART VELOCITIES
PRESSURE: 2470000 2324.6 5.30553 -387.412 5.30235 -2047.55 64.591 -387.413 64.5889 -7.50737
GPRESSURE: 2470000 2259.64 -5.77686 -356.635 11.7276 -2041.56 57.7763 -374.859 157.614 38.2209
PRESSAVG: 2470000 2101.07 55.0103 8.4549 55.0103 -2197.01 -4.33481 8.4549 -4.33481 -26.0847
GPRESSAVG: 2470000 2106.36 45.4885 10.2803 21.0115 -2193.63 8.87349 10.3594 8.01484 -35.941
TIMING: 2470000  CPU: 2283.79, 0.000940178/step  Wall: 2283.98, 0.00094023/step, 367.57 ns/days, 0.660773 hours remaining, 0.000000 MB of memory in use.
PERFORMANCE: 2470000  averaging 373.751 ns/day, 0.000924679 sec/step with standard deviation 8.80601e-06
ENERGY: 2470000         7.3475        31.6591        19.2636         1.7263         -46279.2549    -85909.3773         0.0000         0.0000      9716.8531        -122411.7825       297.4930   -132128.6356   -122467.4295       297.0540             89.8498        85.4335    166701.8054       -40.6757       -41.0681

WRITING EXTENDED SYSTEM TO RESTART FILE AT STEP 2470000
WRITING COORDINATES TO DCD FILE ../output/01_eq_1_CLK.0.dcd AT STEP 2470000
WRITING COORDINATES TO RESTART FILE AT STEP 2470000
FINISHED WRITING RESTART COORDINATES
WRITING VELOCITIES TO RESTART FILE AT STEP 2470000
FINISHED WRITING RESTART VELOCITIES
PRESSURE: 2480000 2155.59 66.5813 287.726 66.5804 -1933.09 267.462 287.729 267.464 -50.4151
GPRESSURE: 2480000 2234.51 102.862 280.555 -26.0913 -1947.87 288.617 199.831 110.387 -114.19
PRESSAVG: 2480000 2142.9 38.7071 -4.34658 38.7071 -2154.89 6.90046 -4.34658 6.90046 -21.3242
GPRESSAVG: 2480000 2153.24 25.999 -2.79019 6.07919 -2152.66 20.021 -9.98501 6.9535 -35.5045
TIMING: 2480000  CPU: 2293.2, 0.000941225/step  Wall: 2293.39, 0.000941377/step, 367.122 ns/days, 0.658964 hours remaining, 0.000000 MB of memory in use.
PERFORMANCE: 2480000  averaging 373.724 ns/day, 0.000924747 sec/step with standard deviation 8.85189e-06
ENERGY: 2480000        10.5807        40.6141        16.2582         2.0626         -46326.6172    -85830.2650         0.0000         0.0000      9638.0795        -122449.2871       295.0812   -132087.3666   -122461.1689       296.9675             57.3613        57.4817    167243.1546       -11.1064       -11.6406

WRITING EXTENDED SYSTEM TO RESTART FILE AT STEP 2480000
WRITING COORDINATES TO DCD FILE ../output/01_eq_1_CLK.0.dcd AT STEP 2480000
WRITING COORDINATES TO RESTART FILE AT STEP 2480000
FINISHED WRITING RESTART COORDINATES
WRITING VELOCITIES TO RESTART FILE AT STEP 2480000
FINISHED WRITING RESTART VELOCITIES
PRESSURE: 2490000 2039.18 128.861 90.5776 128.858 -2098.71 1.22952 90.5782 1.22996 -40.9956
GPRESSURE: 2490000 2020.52 134.08 117.829 246.469 -2120.97 86.9727 65.8696 -44.2798 -2.34941
PRESSAVG: 2490000 2154.64 35.3072 10.1472 35.3072 -2125.76 7.58184 10.1472 7.58184 -20.2073
GPRESSAVG: 2490000 2162.6 23.6703 11.1653 13.6354 -2125.09 23.9004 8.41366 4.66671 -30.9498
TIMING: 2490000  CPU: 2302.6, 0.000939578/step  Wall: 2302.79, 0.00093962/step, 367.808 ns/days, 0.655124 hours remaining, 0.000000 MB of memory in use.
PERFORMANCE: 2490000  averaging 373.7 ns/day, 0.000924806 sec/step with standard deviation 8.88417e-06
ENERGY: 2490000        10.8967        30.1467        16.5558         2.2397         -46074.3511    -86033.8273         0.0000         0.0000      9706.5084        -122341.8311       297.1762   -132048.3395   -122450.9601       296.9715            -33.5078       -34.2671    167367.8211         2.8923         2.1861

WRITING EXTENDED SYSTEM TO RESTART FILE AT STEP 2490000
WRITING COORDINATES TO DCD FILE ../output/01_eq_1_CLK.0.dcd AT STEP 2490000
WRITING COORDINATES TO RESTART FILE AT STEP 2490000
FINISHED WRITING RESTART COORDINATES
WRITING VELOCITIES TO RESTART FILE AT STEP 2490000
FINISHED WRITING RESTART VELOCITIES
PRESSURE: 2500000 2092.23 -155.061 -162.063 -155.058 -2269.55 47.0032 -162.063 47.001 456.776
GPRESSURE: 2500000 2069.45 -166.385 -150.095 -108.489 -2199.09 159.072 -281.255 -2.99945 431.485
PRESSAVG: 2500000 2144.96 24.1672 19.4756 24.1672 -2101.52 -1.55676 19.4756 -1.55676 -3.68088
GPRESSAVG: 2500000 2151.24 6.40632 19.2087 13.0916 -2100.84 19.7918 13.6746 -10.7272 -12.062
TIMING: 2500000  CPU: 2311.99, 0.000939381/step  Wall: 2312.18, 0.000939463/step, 367.87 ns/days, 0.652405 hours remaining, 0.000000 MB of memory in use.
PERFORMANCE: 2500000  averaging 373.676 ns/day, 0.000924865 sec/step with standard deviation 8.91464e-06
ETITLE:      TS           BOND          ANGLE          DIHED          IMPRP               ELECT            VDW       BOUNDARY           MISC        KINETIC               TOTAL           TEMP      POTENTIAL       TOTALAVG        TEMPAVG            PRESSURE      GPRESSURE         VOLUME       PRESSAVG      GPRESSAVG

ENERGY: 2500000        10.0822        30.6205        18.8844         1.7658         -46392.0246    -85949.2947         0.0000         0.0000      9796.0655        -122483.9008       299.9181   -132279.9663   -122456.8946       297.3046             93.1525       100.6137    165692.3481        13.2539        12.7790

WRITING EXTENDED SYSTEM TO RESTART FILE AT STEP 2500000
WRITING COORDINATES TO DCD FILE ../output/01_eq_1_CLK.0.dcd AT STEP 2500000
WRITING COORDINATES TO RESTART FILE AT STEP 2500000
FINISHED WRITING RESTART COORDINATES
WRITING VELOCITIES TO RESTART FILE AT STEP 2500000
FINISHED WRITING RESTART VELOCITIES
PRESSURE: 2510000 2175.63 -139.092 34.5523 -139.091 -2144.76 32.8845 34.5532 32.8827 709.264
GPRESSURE: 2510000 2160.54 -111.368 3.38658 -115.121 -2088.09 61.0359 96.0448 30.5576 662.267
PRESSAVG: 2510000 2140.26 18.7655 25.8302 18.7655 -2113.28 15.4284 25.8302 15.4284 39.1837
GPRESSAVG: 2510000 2146.07 8.51185 20.8418 9.2653 -2104.42 38.7511 24.7344 2.18858 23.0544
TIMING: 2510000  CPU: 2321.36, 0.000936642/step  Wall: 2321.55, 0.000936738/step, 368.94 ns/days, 0.64791 hours remaining, 0.000000 MB of memory in use.
PERFORMANCE: 2510000  averaging 373.657 ns/day, 0.000924912 sec/step with standard deviation 8.9283e-06
ENERGY: 2510000        13.1722        27.3455        19.4979         1.7432         -46300.7587    -85934.9242         0.0000         0.0000      9655.9577        -122517.9664       295.6286   -132173.9241   -122458.3722       297.1796            246.7119       244.9045    167139.1964        22.0534        21.5698

WRITING EXTENDED SYSTEM TO RESTART FILE AT STEP 2510000
WRITING COORDINATES TO DCD FILE ../output/01_eq_1_CLK.0.dcd AT STEP 2510000
WRITING COORDINATES TO RESTART FILE AT STEP 2510000
FINISHED WRITING RESTART COORDINATES
WRITING VELOCITIES TO RESTART FILE AT STEP 2510000
FINISHED WRITING RESTART VELOCITIES
PRESSURE: 2520000 1892.1 241.276 187.246 241.273 -1990.44 240.044 187.248 240.044 615.647
GPRESSURE: 2520000 1880.35 259.581 191.648 257.711 -2015.7 -0.815652 141.544 306.797 672.457
PRESSAVG: 2520000 2099.42 18.2417 12.6687 18.2417 -2113.16 30.2836 12.6687 30.2836 39.9362
GPRESSAVG: 2520000 2103.43 8.58434 8.49376 12.1835 -2105.28 37.0428 11.2003 23.2752 28.1181
TIMING: 2520000  CPU: 2330.7, 0.000934377/step  Wall: 2330.89, 0.000934432/step, 369.85 ns/days, 0.64372 hours remaining, 0.000000 MB of memory in use.
PERFORMANCE: 2520000  averaging 373.642 ns/day, 0.00092495 sec/step with standard deviation 8.93065e-06
ENERGY: 2520000         8.7629        24.0003        23.6163         0.5529         -46288.8280    -85787.9795         0.0000         0.0000      9751.2511        -122268.6242       298.5461   -132019.8753   -122450.3605       297.1574            172.4350       179.0369    167672.1917         8.7323         8.7551

WRITING EXTENDED SYSTEM TO RESTART FILE AT STEP 2520000
WRITING COORDINATES TO DCD FILE ../output/01_eq_1_CLK.0.dcd AT STEP 2520000
WRITING COORDINATES TO RESTART FILE AT STEP 2520000
FINISHED WRITING RESTART COORDINATES
WRITING VELOCITIES TO RESTART FILE AT STEP 2520000
FINISHED WRITING RESTART VELOCITIES
PRESSURE: 2530000 1201.35 -125.331 -381.396 -125.334 -2259.73 -351.712 -381.396 -351.713 212.39
GPRESSURE: 2530000 1253.97 -205.171 -374.376 -74.3679 -2274.74 -330.673 -360.388 -335.985 176.691
PRESSAVG: 2530000 2057.84 12.1159 6.63968 12.1159 -2120.25 19.2284 6.63968 19.2284 70.3863
GPRESSAVG: 2530000 2062 -1.5172 1.68029 7.92641 -2111.09 25.1901 5.1965 19.1691 57.9656
TIMING: 2530000  CPU: 2340.05, 0.000934377/step  Wall: 2340.24, 0.000934355/step, 369.881 ns/days, 0.641071 hours remaining, 0.000000 MB of memory in use.
PERFORMANCE: 2530000  averaging 373.627 ns/day, 0.000924987 sec/step with standard deviation 8.93251e-06
ENERGY: 2530000        11.6588        25.6042        14.1846         0.0940         -46092.5548    -86083.8236         0.0000         0.0000      9687.2269        -122437.6098       296.5859   -132124.8367   -122456.9650       297.1002           -281.9971      -281.3595    167536.5517         2.6591         2.9581

WRITING EXTENDED SYSTEM TO RESTART FILE AT STEP 2530000
WRITING COORDINATES TO DCD FILE ../output/01_eq_1_CLK.0.dcd AT STEP 2530000
WRITING COORDINATES TO RESTART FILE AT STEP 2530000
FINISHED WRITING RESTART COORDINATES
WRITING VELOCITIES TO RESTART FILE AT STEP 2530000
FINISHED WRITING RESTART VELOCITIES
PRESSURE: 2540000 2924.41 264.744 273.612 264.745 -1677.07 298.554 273.614 298.553 688.601
GPRESSURE: 2540000 2921.91 290.387 303.024 201.58 -1638.41 390.435 315.099 352.504 644.436
PRESSAVG: 2540000 2098.74 31.368 15.4508 31.368 -2096.5 31.5943 15.4508 31.5943 111.656
GPRESSAVG: 2540000 2102.6 19.742 14.9666 21.1904 -2084.35 40.4006 13.834 32.677 96.9509
TIMING: 2540000  CPU: 2349.43, 0.000938576/step  Wall: 2349.62, 0.000938617/step, 368.201 ns/days, 0.641388 hours remaining, 0.000000 MB of memory in use.
PERFORMANCE: 2540000  averaging 373.605 ns/day, 0.000925041 sec/step with standard deviation 8.95576e-06
ENERGY: 2540000         5.6491        26.5860        14.9205         0.7887         -46112.3498    -85893.6490         0.0000         0.0000      9682.1119        -122275.9427       296.4293   -131958.0546   -122449.7616       297.1451            645.3146       642.6450    167681.5639        37.9668        38.3994

WRITING EXTENDED SYSTEM TO RESTART FILE AT STEP 2540000
WRITING COORDINATES TO DCD FILE ../output/01_eq_1_CLK.0.dcd AT STEP 2540000
WRITING COORDINATES TO RESTART FILE AT STEP 2540000
FINISHED WRITING RESTART COORDINATES
WRITING VELOCITIES TO RESTART FILE AT STEP 2540000
FINISHED WRITING RESTART VELOCITIES
PRESSURE: 2550000 1611.84 -109.627 -96.911 -109.628 -2628.51 145.249 -96.909 145.247 433.628
GPRESSURE: 2550000 1636.28 -44.4658 -123.877 -155.445 -2634.75 71.5797 9.80131 40.8966 405.698
PRESSAVG: 2550000 2053.33 39.8409 35.3066 39.8409 -2157.72 48.3678 35.3066 48.3678 117.021
GPRESSAVG: 2550000 2056.68 34.0007 34.4399 34.2977 -2148.08 59.0175 34.954 36.8826 105.167
TIMING: 2550000  CPU: 2358.8, 0.000937074/step  Wall: 2359, 0.00093709/step, 368.801 ns/days, 0.637742 hours remaining, 0.000000 MB of memory in use.
PERFORMANCE: 2550000  averaging 373.586 ns/day, 0.000925088 sec/step with standard deviation 8.96991e-06
ENERGY: 2550000         9.1408        33.1162        16.8302         2.0145         -46287.6162    -85980.4043         0.0000         0.0000      9669.3478        -122537.5711       296.0385   -132206.9189   -122444.2558       297.1022           -194.3495      -197.5923    167454.1369         4.2083         4.5867

WRITING EXTENDED SYSTEM TO RESTART FILE AT STEP 2550000
WRITING COORDINATES TO DCD FILE ../output/01_eq_1_CLK.0.dcd AT STEP 2550000
WRITING COORDINATES TO RESTART FILE AT STEP 2550000
FINISHED WRITING RESTART COORDINATES
WRITING VELOCITIES TO RESTART FILE AT STEP 2550000
FINISHED WRITING RESTART VELOCITIES
PRESSURE: 2560000 2104.82 -178.145 44.2929 -178.148 -1958.96 39.8736 44.2932 39.8716 204.424
GPRESSURE: 2560000 2100.18 -273.875 -33.3717 -220.208 -2050.94 -83.6132 30.8412 85.4647 309.38
PRESSAVG: 2560000 2031.19 26.2778 22.0005 26.2778 -2158.57 44.0242 22.0005 44.0242 115.589
GPRESSAVG: 2560000 2035.05 19.5253 27.3802 11.1477 -2154.8 47.6464 16.7383 30.4216 109.086
TIMING: 2560000  CPU: 2368.16, 0.000935676/step  Wall: 2368.35, 0.000935682/step, 369.356 ns/days, 0.634184 hours remaining, 0.000000 MB of memory in use.
PERFORMANCE: 2560000  averaging 373.569 ns/day, 0.00092513 sec/step with standard deviation 8.97676e-06
ENERGY: 2560000        12.1064        27.1604        14.5323         0.4444         -46350.5628    -85941.1829         0.0000         0.0000      9820.5565        -122416.9456       300.6680   -132237.5022   -122445.8991       297.1297            116.7627       119.5378    166798.2049        -3.9297        -3.5547

WRITING EXTENDED SYSTEM TO RESTART FILE AT STEP 2560000
WRITING COORDINATES TO DCD FILE ../output/01_eq_1_CLK.0.dcd AT STEP 2560000
WRITING COORDINATES TO RESTART FILE AT STEP 2560000
FINISHED WRITING RESTART COORDINATES
WRITING VELOCITIES TO RESTART FILE AT STEP 2560000
FINISHED WRITING RESTART VELOCITIES
PRESSURE: 2570000 1994.03 -164.558 -295.199 -164.558 -2249.29 142.996 -295.2 142.998 -147.349
GPRESSURE: 2570000 2008.29 -298.25 -291.124 -139.142 -2282.59 283.188 -422.809 62.102 -122.383
PRESSAVG: 2570000 2034.3 18.3066 20.6924 18.3066 -2144.22 34.0897 20.6924 34.0897 127.608
GPRESSAVG: 2570000 2035.12 5.0098 22.8758 5.36868 -2139.7 44.6359 10.7009 16.519 123.348
TIMING: 2570000  CPU: 2377.47, 0.000931076/step  Wall: 2377.66, 0.000931148/step, 371.155 ns/days, 0.628525 hours remaining, 0.000000 MB of memory in use.
PERFORMANCE: 2570000  averaging 373.56 ns/day, 0.000925153 sec/step with standard deviation 8.96707e-06
ENERGY: 2570000         5.0154        34.4190        18.0167         1.4938         -46455.3631    -85909.5491         0.0000         0.0000      9700.8442        -122605.1231       297.0028   -132305.9673   -122459.2481       296.9025           -134.2039      -132.2261    167294.3390         5.8938         6.2555

WRITING EXTENDED SYSTEM TO RESTART FILE AT STEP 2570000
WRITING COORDINATES TO DCD FILE ../output/01_eq_1_CLK.0.dcd AT STEP 2570000
WRITING COORDINATES TO RESTART FILE AT STEP 2570000
FINISHED WRITING RESTART COORDINATES
WRITING VELOCITIES TO RESTART FILE AT STEP 2570000
FINISHED WRITING RESTART VELOCITIES
PRESSURE: 2580000 1621.11 44.4931 283.785 44.4937 -2117.59 108.883 283.787 108.883 99.5848
GPRESSURE: 2580000 1678.88 127.898 325.569 -152.462 -2136.3 72.5191 272.028 217.509 58.8874
PRESSAVG: 2580000 2021.86 16.8432 25.1161 16.8432 -2122.29 40.0458 25.1161 40.0458 117.624
GPRESSAVG: 2580000 2024.9 3.2358 29.7585 -3.5759 -2121.3 45.7728 17.3338 32.2282 114.353
TIMING: 2580000  CPU: 2386.8, 0.000933328/step  Wall: 2387, 0.000933468/step, 370.232 ns/days, 0.627498 hours remaining, 0.000000 MB of memory in use.
PERFORMANCE: 2580000  averaging 373.547 ns/day, 0.000925185 sec/step with standard deviation 8.96457e-06
ENERGY: 2580000        10.4265        31.7781        18.8411         1.3473         -46301.3284    -85840.7866         0.0000         0.0000      9797.8597        -122281.8624       299.9731   -132079.7221   -122445.6192       297.2127           -132.2983      -132.8432    167765.1832         5.7319         5.9834

WRITING EXTENDED SYSTEM TO RESTART FILE AT STEP 2580000
WRITING COORDINATES TO DCD FILE ../output/01_eq_1_CLK.0.dcd AT STEP 2580000
WRITING COORDINATES TO RESTART FILE AT STEP 2580000
FINISHED WRITING RESTART COORDINATES
WRITING VELOCITIES TO RESTART FILE AT STEP 2580000
FINISHED WRITING RESTART VELOCITIES
PRESSURE: 2590000 2906.48 29.2126 195.743 29.2123 -1328.99 270.871 195.745 270.874 -370.873
GPRESSURE: 2590000 2939.53 -56.4963 136.646 55.3581 -1350.17 201.165 233.979 254.051 -372.198
PRESSAVG: 2590000 2057.93 14.1673 33.5924 14.1673 -2098.22 62.5297 33.5924 62.5297 104.313
GPRESSAVG: 2590000 2060.26 -4.88592 39.6483 -3.09214 -2099.62 65.4741 23.2313 54.3269 104.594
TIMING: 2590000  CPU: 2396.14, 0.000933131/step  Wall: 2396.33, 0.000933304/step, 370.297 ns/days, 0.624795 hours remaining, 0.000000 MB of memory in use.
PERFORMANCE: 2590000  averaging 373.534 ns/day, 0.000925216 sec/step with standard deviation 8.96139e-06
ENERGY: 2590000         9.3298        27.7146        14.0286         0.5345         -46307.3277    -85873.9283         0.0000         0.0000      9764.3692        -122365.2793       298.9477   -132129.6485   -122441.5007       297.4022            402.2058       405.7190    166901.5400        21.3423        21.7456

WRITING EXTENDED SYSTEM TO RESTART FILE AT STEP 2590000
WRITING COORDINATES TO DCD FILE ../output/01_eq_1_CLK.0.dcd AT STEP 2590000
WRITING COORDINATES TO RESTART FILE AT STEP 2590000
FINISHED WRITING RESTART COORDINATES
WRITING VELOCITIES TO RESTART FILE AT STEP 2590000
FINISHED WRITING RESTART VELOCITIES
PRESSURE: 2600000 2198.98 -75.8481 75.4088 -75.8462 -1902.18 -58.3039 75.4069 -58.3058 -32.7318
GPRESSURE: 2600000 2182.32 -274.352 40.3159 116.961 -1905.05 -143.874 184.446 -33.7943 -0.256103
PRESSAVG: 2600000 2060.81 12.3512 35.3216 12.3512 -2078.77 68.4246 35.3216 68.4246 128.111
GPRESSAVG: 2600000 2059.86 -13.3817 36.2756 10.7987 -2078.9 66.0721 27.5112 66.0126 130.898
TIMING: 2600000  CPU: 2405.44, 0.000930081/step  Wall: 2405.63, 0.000930102/step, 371.572 ns/days, 0.620068 hours remaining, 0.000000 MB of memory in use.
PERFORMANCE: 2600000  averaging 373.527 ns/day, 0.000925235 sec/step with standard deviation 8.9492e-06
ETITLE:      TS           BOND          ANGLE          DIHED          IMPRP               ELECT            VDW       BOUNDARY           MISC        KINETIC               TOTAL           TEMP      POTENTIAL       TOTALAVG        TEMPAVG            PRESSURE      GPRESSURE         VOLUME       PRESSAVG      GPRESSAVG

ENERGY: 2600000        11.5636        25.0740        18.1103         1.5356         -46245.1549    -85891.8091         0.0000         0.0000      9776.6526        -122304.0278       299.3238   -132080.6804   -122429.2571       297.4927             88.0231        92.3380    167359.1852        36.7167        37.2846

WRITING EXTENDED SYSTEM TO RESTART FILE AT STEP 2600000
WRITING COORDINATES TO DCD FILE ../output/01_eq_1_CLK.0.dcd AT STEP 2600000
WRITING COORDINATES TO RESTART FILE AT STEP 2600000
FINISHED WRITING RESTART COORDINATES
WRITING VELOCITIES TO RESTART FILE AT STEP 2600000
FINISHED WRITING RESTART VELOCITIES
PRESSURE: 2610000 3133.04 183.555 171.39 183.557 -1857.84 -32.5971 171.391 -32.5965 -230.92
GPRESSURE: 2610000 3095.38 51.6042 149.79 277.246 -1889.73 -1.63953 162.583 40.4248 -171.966
PRESSAVG: 2610000 2115.21 34.6074 58.2143 34.6074 -2066.16 54.9937 58.2143 54.9937 137.881
GPRESSAVG: 2610000 2115.68 4.58038 60.7383 35.7178 -2065.77 54.5886 50.4846 55.2768 137.474
TIMING: 2610000  CPU: 2414.73, 0.000929877/step  Wall: 2414.93, 0.000929932/step, 371.64 ns/days, 0.617372 hours remaining, 0.000000 MB of memory in use.
PERFORMANCE: 2610000  averaging 373.519 ns/day, 0.000925253 sec/step with standard deviation 8.9367e-06
ENERGY: 2610000         9.1636        44.1487        14.5599         1.6840         -46373.3805    -85912.4115         0.0000         0.0000      9791.6493        -122424.5865       299.7829   -132216.2358   -122420.8479       297.5876            348.0934       344.5608    166078.1458        62.3119        62.4599

WRITING EXTENDED SYSTEM TO RESTART FILE AT STEP 2610000
WRITING COORDINATES TO DCD FILE ../output/01_eq_1_CLK.0.dcd AT STEP 2610000
WRITING COORDINATES TO RESTART FILE AT STEP 2610000
FINISHED WRITING RESTART COORDINATES
WRITING VELOCITIES TO RESTART FILE AT STEP 2610000
FINISHED WRITING RESTART VELOCITIES
PRESSURE: 2620000 1429.89 265.921 22.9578 265.919 -2346.33 24.697 22.9578 24.6972 256.589
GPRESSURE: 2620000 1377.04 375.998 54.6699 138.563 -2239.21 3.61162 23.5658 63.0841 202.904
PRESSAVG: 2620000 2078.72 45.0453 52.2938 45.0453 -2089.26 72.4786 52.2938 72.4786 159.703
GPRESSAVG: 2620000 2079.46 17.1772 53.9285 42.7116 -2085 66.6141 41.2263 77.8865 155.209
TIMING: 2620000  CPU: 2424.02, 0.000928179/step  Wall: 2424.21, 0.000928159/step, 372.35 ns/days, 0.613616 hours remaining, 0.000000 MB of memory in use.
PERFORMANCE: 2620000  averaging 373.515 ns/day, 0.000925264 sec/step with standard deviation 8.92137e-06
ENERGY: 2620000        11.1161        39.2717        19.2920         1.7501         -46014.0633    -85984.0932         0.0000         0.0000      9591.7772        -122334.9495       293.6636   -131926.7267   -122418.2527       297.5299           -219.9489      -219.7568    167696.6774        49.7201        49.8896

WRITING EXTENDED SYSTEM TO RESTART FILE AT STEP 2620000
WRITING COORDINATES TO DCD FILE ../output/01_eq_1_CLK.0.dcd AT STEP 2620000
WRITING COORDINATES TO RESTART FILE AT STEP 2620000
FINISHED WRITING RESTART COORDINATES
WRITING VELOCITIES TO RESTART FILE AT STEP 2620000
FINISHED WRITING RESTART VELOCITIES
PRESSURE: 2630000 2746.21 -36.7991 -161.442 -36.7986 -2546.23 253.708 -161.441 253.709 -338.451
GPRESSURE: 2630000 2750.33 21.3468 -95.3264 -167.26 -2611.71 304.647 -226.025 212.47 -277.546
PRESSAVG: 2630000 2086.64 32.1795 33.2053 32.1795 -2137.54 72.3932 33.2053 72.3932 132.928
GPRESSAVG: 2630000 2088.96 10.0421 38.7385 28.1415 -2137.65 68.252 17.4448 70.4608 131.317
TIMING: 2630000  CPU: 2433.3, 0.00092848/step  Wall: 2433.5, 0.000928527/step, 372.202 ns/days, 0.611281 hours remaining, 0.000000 MB of memory in use.
PERFORMANCE: 2630000  averaging 373.51 ns/day, 0.000925277 sec/step with standard deviation 8.90661e-06
ENERGY: 2630000         9.2032        27.1542        18.6972         0.4745         -46532.0066    -85744.5368         0.0000         0.0000      9699.1317        -122521.8826       296.9504   -132221.0144   -122417.7832       297.4738            -46.1565       -46.3071    167479.3175        27.3430        27.5400

WRITING EXTENDED SYSTEM TO RESTART FILE AT STEP 2630000
WRITING COORDINATES TO DCD FILE ../output/01_eq_1_CLK.0.dcd AT STEP 2630000
WRITING COORDINATES TO RESTART FILE AT STEP 2630000
FINISHED WRITING RESTART COORDINATES
WRITING VELOCITIES TO RESTART FILE AT STEP 2630000
FINISHED WRITING RESTART VELOCITIES
PRESSURE: 2640000 3223.5 81.6576 -277.201 81.658 -1769.95 526.148 -277.201 526.148 542.805
GPRESSURE: 2640000 3200.38 48.4523 -141.504 79.0877 -1712.46 564.791 -336.134 494.848 512.15
PRESSAVG: 2640000 2178.69 31.5227 9.47114 31.5227 -2078.82 91.7085 9.47114 91.7085 154.688
GPRESSAVG: 2640000 2179.49 11.2076 17.3949 29.3762 -2075.29 91.5256 -4.50025 96.0644 151.455
TIMING: 2640000  CPU: 2442.57, 0.00092668/step  Wall: 2442.77, 0.000926654/step, 372.955 ns/days, 0.607473 hours remaining, 0.000000 MB of memory in use.
PERFORMANCE: 2640000  averaging 373.508 ns/day, 0.000925282 sec/step with standard deviation 8.89006e-06
ENERGY: 2640000        10.8393        27.8288        18.0468         1.5690         -46778.7179    -85686.3570         0.0000         0.0000      9705.2177        -122701.5733       297.1367   -132406.7911   -122435.4032       297.4985            665.4497       666.6886    166348.2648        84.8540        85.2185

WRITING EXTENDED SYSTEM TO RESTART FILE AT STEP 2640000
WRITING COORDINATES TO DCD FILE ../output/01_eq_1_CLK.0.dcd AT STEP 2640000
WRITING COORDINATES TO RESTART FILE AT STEP 2640000
FINISHED WRITING RESTART COORDINATES
WRITING VELOCITIES TO RESTART FILE AT STEP 2640000
FINISHED WRITING RESTART VELOCITIES
PRESSURE: 2650000 2599.87 99.2633 -38.3615 99.2622 -1537.76 -201.086 -38.358 -201.085 698.05
GPRESSURE: 2650000 2609.87 141.299 -87.2535 105.129 -1500.99 -129.171 34.8273 -165.955 647.492
PRESSAVG: 2650000 2210.85 33.4323 -6.24316 33.4323 -2047.05 81.7479 -6.24316 81.7479 166.195
GPRESSAVG: 2650000 2211.81 16.8105 0.20383 29.1962 -2044.21 87.2004 -14.8907 86.824 164.113
TIMING: 2650000  CPU: 2451.86, 0.000928779/step  Wall: 2452.05, 0.000928815/step, 372.087 ns/days, 0.60631 hours remaining, 0.000000 MB of memory in use.
PERFORMANCE: 2650000  averaging 373.502 ns/day, 0.000925295 sec/step with standard deviation 8.87586e-06
ENERGY: 2650000         6.0960        25.1253        18.8626         1.8621         -46292.4800    -85838.1075         0.0000         0.0000      9713.8577        -122364.7836       297.4012   -132078.6414   -122423.1572       297.6006            586.7182       585.4588    167000.0672       109.9981       110.5713

WRITING EXTENDED SYSTEM TO RESTART FILE AT STEP 2650000
WRITING COORDINATES TO DCD FILE ../output/01_eq_1_CLK.0.dcd AT STEP 2650000
WRITING COORDINATES TO RESTART FILE AT STEP 2650000
FINISHED WRITING RESTART COORDINATES
WRITING VELOCITIES TO RESTART FILE AT STEP 2650000
FINISHED WRITING RESTART VELOCITIES
PRESSURE: 2660000 1602.93 215.039 335.88 215.044 -2439.99 97.0739 335.882 97.0729 -186.914
GPRESSURE: 2660000 1597.69 285.344 475.95 75.5338 -2423.97 65.9531 310.72 131.633 -210.64
PRESSAVG: 2660000 2198.89 32.0722 10.1601 32.0722 -2055.23 95.8782 10.1601 95.8782 175.58
GPRESSAVG: 2660000 2198.85 20.1356 21.291 20.339 -2053.22 96.0788 3.98556 98.8666 174.527
TIMING: 2660000  CPU: 2461.11, 0.000925274/step  Wall: 2461.31, 0.000925317/step, 373.494 ns/days, 0.601456 hours remaining, 0.000000 MB of memory in use.
PERFORMANCE: 2660000  averaging 373.502 ns/day, 0.000925295 sec/step with standard deviation 8.8591e-06
ENERGY: 2660000         5.3796        29.0152        16.9449         0.9085         -46406.4945    -85761.6253         0.0000         0.0000      9863.0796        -122252.7920       301.9698   -132115.8717   -122414.9161       297.7859           -341.3268      -345.6398    166830.2319       106.4145       106.7213

WRITING EXTENDED SYSTEM TO RESTART FILE AT STEP 2660000
WRITING COORDINATES TO DCD FILE ../output/01_eq_1_CLK.0.dcd AT STEP 2660000
WRITING COORDINATES TO RESTART FILE AT STEP 2660000
FINISHED WRITING RESTART COORDINATES
WRITING VELOCITIES TO RESTART FILE AT STEP 2660000
FINISHED WRITING RESTART VELOCITIES
PRESSURE: 2670000 1942.9 23.0463 -111.964 23.0482 -1647.94 -103.157 -111.964 -103.158 778.212
GPRESSURE: 2670000 1979.67 -74.3093 -108.527 26.4681 -1721.32 -140.845 -123.952 -135.139 799.887
PRESSAVG: 2670000 2179.8 32.9595 23.9326 32.9595 -2035.25 87.4909 23.9326 87.4909 214.866
GPRESSAVG: 2670000 2184.85 16.709 33.6964 21.0761 -2037.2 86.1478 16.5309 84.2289 212.61
TIMING: 2670000  CPU: 2470.35, 0.000923915/step  Wall: 2470.55, 0.000924099/step, 373.986 ns/days, 0.598097 hours remaining, 0.000000 MB of memory in use.
PERFORMANCE: 2670000  averaging 373.504 ns/day, 0.000925291 sec/step with standard deviation 8.84273e-06
ENERGY: 2670000         9.4582        33.4818        16.8308         2.4527         -46335.4485    -85862.0088         0.0000         0.0000      9813.7850        -122321.4488       300.4606   -132135.2338   -122410.3994       297.9342            357.7247       352.7464    166995.3588       119.8082       120.0870

WRITING EXTENDED SYSTEM TO RESTART FILE AT STEP 2670000
WRITING COORDINATES TO DCD FILE ../output/01_eq_1_CLK.0.dcd AT STEP 2670000
WRITING COORDINATES TO RESTART FILE AT STEP 2670000
FINISHED WRITING RESTART COORDINATES
WRITING VELOCITIES TO RESTART FILE AT STEP 2670000
FINISHED WRITING RESTART VELOCITIES
PRESSURE: 2680000 2157.23 -77.7306 81.9329 -77.7305 -1625.84 148.774 81.9347 148.772 -78.0055
GPRESSURE: 2680000 2179.48 -87.1492 126.214 -77.8368 -1650.46 228.489 105.042 139.099 -56.7465
PRESSAVG: 2680000 2179.89 25.7439 13.6429 25.7439 -2019.88 81.5563 13.6429 81.5563 213.487
GPRESSAVG: 2680000 2182.1 7.20843 25.9793 18.4888 -2022.33 83.1414 11.7914 85.6645 215.483
TIMING: 2680000  CPU: 2479.53, 0.000918577/step  Wall: 2479.73, 0.000918661/step, 376.2 ns/days, 0.592026 hours remaining, 0.000000 MB of memory in use.
PERFORMANCE: 2680000  averaging 373.514 ns/day, 0.000925266 sec/step with standard deviation 8.83544e-06
ENERGY: 2680000         8.0593        27.6274        17.2633         0.2979         -46057.1701    -85989.5103         0.0000         0.0000      9574.7469        -122418.6858       293.1422   -131993.4326   -122408.8693       297.8373            151.1293       157.4237    167925.7403       124.4966       125.0841

WRITING EXTENDED SYSTEM TO RESTART FILE AT STEP 2680000
WRITING COORDINATES TO DCD FILE ../output/01_eq_1_CLK.0.dcd AT STEP 2680000
WRITING COORDINATES TO RESTART FILE AT STEP 2680000
FINISHED WRITING RESTART COORDINATES
WRITING VELOCITIES TO RESTART FILE AT STEP 2680000
FINISHED WRITING RESTART VELOCITIES
PRESSURE: 2690000 2473.99 74.8131 49.3564 74.8136 -1876.98 226.885 49.3589 226.885 -25.7866
GPRESSURE: 2690000 2409.96 161.593 1.81203 -70.4833 -1826.18 326.85 7.38401 240.067 -14.8498
PRESSAVG: 2690000 2201.63 23.0417 11.5819 23.0417 -2008.8 92.839 11.5819 92.839 214.247
GPRESSAVG: 2690000 2201.57 8.5841 20.1785 2.64117 -2007.59 95.1352 8.86715 99.8818 214.858
TIMING: 2690000  CPU: 2488.73, 0.000919879/step  Wall: 2488.93, 0.000919875/step, 375.703 ns/days, 0.590253 hours remaining, 0.000000 MB of memory in use.
PERFORMANCE: 2690000  averaging 373.522 ns/day, 0.000925246 sec/step with standard deviation 8.82507e-06
ENERGY: 2690000        13.4475        33.0008        17.2729         1.2544         -46454.5893    -85805.2835         0.0000         0.0000      9811.1225        -122383.7747       300.3791   -132194.8972   -122410.9665       297.9974            190.4092       189.6410    167094.4489       135.6924       136.2795

WRITING EXTENDED SYSTEM TO RESTART FILE AT STEP 2690000
WRITING COORDINATES TO DCD FILE ../output/01_eq_1_CLK.0.dcd AT STEP 2690000
WRITING COORDINATES TO RESTART FILE AT STEP 2690000
FINISHED WRITING RESTART COORDINATES
WRITING VELOCITIES TO RESTART FILE AT STEP 2690000
FINISHED WRITING RESTART VELOCITIES
PRESSURE: 2700000 2302.5 -271.567 -62.9337 -271.567 -1470.47 -8.03389 -62.9325 -8.03212 1384.98
GPRESSURE: 2700000 2303.48 -271.138 -106.911 -259.065 -1461.6 -54.4175 35.801 -75.0405 1363.73
PRESSAVG: 2700000 2212.14 17.2162 16.5384 17.2162 -1968.84 90.0874 16.5384 90.0874 260.657
GPRESSAVG: 2700000 2213.28 3.34649 22.3377 -4.88764 -1970.72 84.4608 24.72 96.2798 261.47
TIMING: 2700000  CPU: 2497.94, 0.000920356/step  Wall: 2498.14, 0.000920461/step, 375.464 ns/days, 0.588072 hours remaining, 0.000000 MB of memory in use.
PERFORMANCE: 2700000  averaging 373.529 ns/day, 0.000925228 sec/step with standard deviation 8.81346e-06
ETITLE:      TS           BOND          ANGLE          DIHED          IMPRP               ELECT            VDW       BOUNDARY           MISC        KINETIC               TOTAL           TEMP      POTENTIAL       TOTALAVG        TEMPAVG            PRESSURE      GPRESSURE         VOLUME       PRESSAVG      GPRESSAVG

ENERGY: 2700000         8.4366        32.3546        21.5142         0.7661         -46300.2859    -85920.3263         0.0000         0.0000      9667.4706        -122490.0701       295.9810   -132157.5407   -122411.2750       297.8006            739.0019       735.2035    167006.9547       167.9849       168.0090

WRITING EXTENDED SYSTEM TO RESTART FILE AT STEP 2700000
WRITING COORDINATES TO DCD FILE ../output/01_eq_1_CLK.0.dcd AT STEP 2700000
WRITING COORDINATES TO RESTART FILE AT STEP 2700000
FINISHED WRITING RESTART COORDINATES
WRITING VELOCITIES TO RESTART FILE AT STEP 2700000
FINISHED WRITING RESTART VELOCITIES
PRESSURE: 2710000 2410.56 200.535 -196.966 200.533 -2199.63 255.434 -196.966 255.433 112.028
GPRESSURE: 2710000 2422.72 94.9584 -301.836 280.997 -2177.63 169.306 -217.073 259.199 80.9993
PRESSAVG: 2710000 2223.89 34.1974 4.96248 34.1974 -1971.59 101.215 4.96248 101.215 230.795
GPRESSAVG: 2710000 2226.39 13.6628 7.07656 14.9183 -1975.2 89.8743 9.06408 107.712 232.407
TIMING: 2710000  CPU: 2507.14, 0.000920478/step  Wall: 2507.34, 0.00092056/step, 375.424 ns/days, 0.585579 hours remaining, 0.000000 MB of memory in use.
PERFORMANCE: 2710000  averaging 373.536 ns/day, 0.000925211 sec/step with standard deviation 8.80169e-06
ENERGY: 2710000         8.7338        35.2108        19.4427         1.4480         -46110.1302    -86072.9872         0.0000         0.0000      9628.7493        -122489.5328       294.7955   -132118.2821   -122409.8533       297.7589            107.6542       108.6959    167495.3712       161.0320       161.1985

WRITING EXTENDED SYSTEM TO RESTART FILE AT STEP 2710000
WRITING COORDINATES TO DCD FILE ../output/01_eq_1_CLK.0.dcd AT STEP 2710000
WRITING COORDINATES TO RESTART FILE AT STEP 2710000
FINISHED WRITING RESTART COORDINATES
WRITING VELOCITIES TO RESTART FILE AT STEP 2710000
FINISHED WRITING RESTART VELOCITIES
PRESSURE: 2720000 1588.71 -123.537 -158.233 -123.538 -1983.04 -94.3226 -158.232 -94.3232 -317.002
GPRESSURE: 2720000 1615.22 -99.7011 -166.388 -210.806 -2001.58 -58.9616 -88.5176 -190.549 -328.793
PRESSAVG: 2720000 2208.72 15.9569 -12.3115 15.9569 -1971.22 84.4966 -12.3115 84.4966 184.163
GPRESSAVG: 2720000 2213.13 -4.30128 -10.8253 -8.50761 -1974.49 86.967 -2.439 82.8445 182.344
TIMING: 2720000  CPU: 2516.38, 0.00092392/step  Wall: 2516.58, 0.000924069/step, 373.998 ns/days, 0.585244 hours remaining, 0.000000 MB of memory in use.
PERFORMANCE: 2720000  averaging 373.538 ns/day, 0.000925207 sec/step with standard deviation 8.78571e-06
ENERGY: 2720000        12.8159        34.4393        17.6684         1.6772         -46355.1967    -85906.7727         0.0000         0.0000      9743.4826        -122451.8859       298.3082   -132195.3686   -122419.0164       297.7470           -237.1121      -238.3831    167563.3852       140.5547       140.3275

WRITING EXTENDED SYSTEM TO RESTART FILE AT STEP 2720000
WRITING COORDINATES TO DCD FILE ../output/01_eq_1_CLK.0.dcd AT STEP 2720000
WRITING COORDINATES TO RESTART FILE AT STEP 2720000
FINISHED WRITING RESTART COORDINATES
WRITING VELOCITIES TO RESTART FILE AT STEP 2720000
FINISHED WRITING RESTART VELOCITIES
PRESSURE: 2730000 1453.84 -283.13 -290.699 -283.131 -2782.09 189.865 -290.7 189.866 -724.052
GPRESSURE: 2730000 1490.33 -387.331 -343.786 -217.509 -2888.54 154.758 -159.357 250.246 -669.378
PRESSAVG: 2730000 2221.34 8.06703 -7.77671 8.06703 -1997.33 111.575 -7.77671 111.575 137.341
GPRESSAVG: 2730000 2224.95 -13.4093 -9.29573 -15.6647 -2005.18 111.239 7.61251 112.156 140.041
TIMING: 2730000  CPU: 2525.65, 0.000926878/step  Wall: 2525.85, 0.000926846/step, 372.877 ns/days, 0.584428 hours remaining, 0.000000 MB of memory in use.
PERFORMANCE: 2730000  averaging 373.536 ns/day, 0.000925213 sec/step with standard deviation 8.77011e-06
ENERGY: 2730000         8.8589        29.4901        18.7471         0.7218         -46205.5766    -86115.1605         0.0000         0.0000      9849.2551        -122413.6641       301.5466   -132262.9192   -122417.8191       297.9951           -684.1007      -689.1934    167461.5711       120.4495       119.9358

WRITING EXTENDED SYSTEM TO RESTART FILE AT STEP 2730000
WRITING COORDINATES TO DCD FILE ../output/01_eq_1_CLK.0.dcd AT STEP 2730000
WRITING COORDINATES TO RESTART FILE AT STEP 2730000
FINISHED WRITING RESTART COORDINATES
WRITING VELOCITIES TO RESTART FILE AT STEP 2730000
FINISHED WRITING RESTART VELOCITIES
PRESSURE: 2740000 1388.12 175.609 35.1069 175.608 -2966.23 218.526 35.1067 218.527 -921.929
GPRESSURE: 2740000 1389.43 140.389 38.8927 183.598 -3032.48 148.476 48.5944 374.837 -858.802
PRESSAVG: 2740000 2144.53 3.61018 -19.7021 3.61018 -2061.79 107.574 -19.7021 107.574 56.8141
GPRESSAVG: 2740000 2148.32 -20.9092 -22.5023 -16.5638 -2074.88 99.1406 -5.7127 113.273 64.8787
TIMING: 2740000  CPU: 2534.89, 0.000924316/step  Wall: 2535.1, 0.000924497/step, 373.825 ns/days, 0.580378 hours remaining, 0.000000 MB of memory in use.
PERFORMANCE: 2740000  averaging 373.537 ns/day, 0.00092521 sec/step with standard deviation 8.75414e-06
ENERGY: 2740000         8.4002        27.9978        18.2171         1.1522         -46224.8281    -85988.6025         0.0000         0.0000      9759.9206        -122397.7427       298.8115   -132157.6633   -122423.9091       298.1142           -833.3464      -833.9506    168545.0758        46.5165        46.1060

WRITING EXTENDED SYSTEM TO RESTART FILE AT STEP 2740000
WRITING COORDINATES TO DCD FILE ../output/01_eq_1_CLK.0.dcd AT STEP 2740000
WRITING COORDINATES TO RESTART FILE AT STEP 2740000
FINISHED WRITING RESTART COORDINATES
WRITING VELOCITIES TO RESTART FILE AT STEP 2740000
FINISHED WRITING RESTART VELOCITIES
PRESSURE: 2750000 2183.83 172.791 82.3954 172.793 -2775.67 -250.01 82.3963 -250.01 -306.677
GPRESSURE: 2750000 2174.72 212.836 95.8315 120.238 -2784.39 -294.692 112.957 -201.029 -277.313
PRESSAVG: 2750000 2173.13 17.7312 -10.7368 17.7312 -2069.15 87.8114 -10.7368 87.8114 19.7988
GPRESSAVG: 2750000 2175.24 -8.04413 -11.5169 -2.77964 -2082.37 80.827 -0.554938 101.176 30.7281
TIMING: 2750000  CPU: 2544.1, 0.000921184/step  Wall: 2544.31, 0.000921218/step, 375.155 ns/days, 0.575761 hours remaining, 0.000000 MB of memory in use.
PERFORMANCE: 2750000  averaging 373.543 ns/day, 0.000925196 sec/step with standard deviation 8.74147e-06
ENERGY: 2750000        10.7494        39.1093        20.8512         0.5224         -46330.1121    -85902.0096         0.0000         0.0000      9884.8564        -122276.0331       302.6366   -132160.8895   -122410.8322       298.4441           -299.5049      -295.6621    167064.3536        41.2587        41.2026

WRITING EXTENDED SYSTEM TO RESTART FILE AT STEP 2750000
WRITING COORDINATES TO DCD FILE ../output/01_eq_1_CLK.0.dcd AT STEP 2750000
WRITING COORDINATES TO RESTART FILE AT STEP 2750000
FINISHED WRITING RESTART COORDINATES
WRITING VELOCITIES TO RESTART FILE AT STEP 2750000
FINISHED WRITING RESTART VELOCITIES
PRESSURE: 2760000 2251.7 98.2576 55.5563 98.2542 -2035.27 129.145 55.5561 129.142 157.665
GPRESSURE: 2760000 2352.5 24.0864 16.5223 272.798 -2036.22 -16.8846 65.7676 227.85 71.2105
PRESSAVG: 2760000 2180.47 31.5513 -10.1737 31.5513 -2072.97 92.2749 -10.1737 92.2749 17.4609
GPRESSAVG: 2760000 2187.86 6.85392 -9.02216 21.8707 -2081.63 84.1635 1.19138 108.296 18.8196
TIMING: 2760000  CPU: 2553.33, 0.000922182/step  Wall: 2553.53, 0.000922234/step, 374.742 ns/days, 0.573835 hours remaining, 0.000000 MB of memory in use.
PERFORMANCE: 2760000  averaging 373.547 ns/day, 0.000925185 sec/step with standard deviation 8.72738e-06
ENERGY: 2760000         7.3200        23.5961        15.4819         1.3103         -46372.4040    -85854.7639         0.0000         0.0000      9584.4722        -122594.9875       293.4400   -132179.4597   -122419.7343       298.0827            124.6992       129.1649    167166.3577        41.6555        41.6839

WRITING EXTENDED SYSTEM TO RESTART FILE AT STEP 2760000
WRITING COORDINATES TO DCD FILE ../output/01_eq_1_CLK.0.dcd AT STEP 2760000
WRITING COORDINATES TO RESTART FILE AT STEP 2760000
FINISHED WRITING RESTART COORDINATES
WRITING VELOCITIES TO RESTART FILE AT STEP 2760000
FINISHED WRITING RESTART VELOCITIES
PRESSURE: 2770000 1591.65 285.642 504.464 285.644 -2634.11 67.1172 504.466 67.1165 170.497
GPRESSURE: 2770000 1598.99 280.338 438.387 279.62 -2564.03 -13.3289 568.772 22.2585 88.8387
PRESSAVG: 2770000 2160.35 54.0614 29.8097 54.0614 -2092.21 88.4808 29.8097 88.4808 33.3532
GPRESSAVG: 2770000 2167.4 35.7833 27.4534 42.8088 -2095.7 69.3376 50.7704 106.303 29.3807
TIMING: 2770000  CPU: 2562.53, 0.000920011/step  Wall: 2562.73, 0.000920177/step, 375.58 ns/days, 0.569998 hours remaining, 0.000000 MB of memory in use.
PERFORMANCE: 2770000  averaging 373.554 ns/day, 0.000925167 sec/step with standard deviation 8.71675e-06
ENERGY: 2770000         7.6808        24.9757        19.6910         0.6161         -46234.9214    -85898.2823         0.0000         0.0000      9688.2716        -122391.9685       296.6179   -132080.2401   -122409.0765       298.0634           -290.6546      -292.0669    167128.0420        33.8330        33.6919

WRITING EXTENDED SYSTEM TO RESTART FILE AT STEP 2770000
WRITING COORDINATES TO DCD FILE ../output/01_eq_1_CLK.0.dcd AT STEP 2770000
WRITING COORDINATES TO RESTART FILE AT STEP 2770000
FINISHED WRITING RESTART COORDINATES
WRITING VELOCITIES TO RESTART FILE AT STEP 2770000
FINISHED WRITING RESTART VELOCITIES
PRESSURE: 2780000 2195.26 -74.3253 78.9743 -74.3269 -1728.09 -252.405 78.9761 -252.406 227.859
GPRESSURE: 2780000 2114.38 -46.8747 99.0736 -15.2418 -1672.8 -198.602 103.952 -262.359 253.574
PRESSAVG: 2780000 2189.06 48.1203 19.5691 48.1203 -2072.73 70.4164 19.5691 70.4164 39.7669
GPRESSAVG: 2780000 2189.17 27.0447 16.1287 49.6698 -2072.53 55.7815 42.3666 82.3101 39.115
TIMING: 2780000  CPU: 2571.73, 0.000920079/step  Wall: 2571.93, 0.000920119/step, 375.604 ns/days, 0.567407 hours remaining, 0.000000 MB of memory in use.
PERFORMANCE: 2780000  averaging 373.561 ns/day, 0.000925149 sec/step with standard deviation 8.70627e-06
ENERGY: 2780000         7.8170        30.8849        16.3234         0.8617         -46629.2368    -85803.7705         0.0000         0.0000      9703.1795        -122673.9409       297.0743   -132377.1204   -122428.6805       297.9185            231.6773       231.7173    167547.7738        52.0318        51.9199

WRITING EXTENDED SYSTEM TO RESTART FILE AT STEP 2780000
WRITING COORDINATES TO DCD FILE ../output/01_eq_1_CLK.0.dcd AT STEP 2780000
WRITING COORDINATES TO RESTART FILE AT STEP 2780000
FINISHED WRITING RESTART COORDINATES
WRITING VELOCITIES TO RESTART FILE AT STEP 2780000
FINISHED WRITING RESTART VELOCITIES
PRESSURE: 2790000 2220.7 -206.177 -332.465 -206.177 -1779.33 -142.959 -332.464 -142.96 -234.719
GPRESSURE: 2790000 2196.03 -268.994 -339.521 -91.845 -1763.41 -201.786 -423.129 -13.9768 -243.613
PRESSAVG: 2790000 2154.77 36.3509 -6.84129 36.3509 -2095.25 49.7247 -6.84129 49.7247 46.5746
GPRESSAVG: 2790000 2152 16.4198 -7.67966 42.3096 -2093.19 35.634 9.51123 68.9087 45.5443
TIMING: 2790000  CPU: 2580.92, 0.000919679/step  Wall: 2581.13, 0.000919704/step, 375.773 ns/days, 0.564596 hours remaining, 0.000000 MB of memory in use.
PERFORMANCE: 2790000  averaging 373.569 ns/day, 0.000925129 sec/step with standard deviation 8.69671e-06
ENERGY: 2790000         2.6872        35.5965        16.3576         0.4235         -46320.9140    -85972.5139         0.0000         0.0000      9764.4610        -122473.9021       298.9505   -132238.3631   -122434.1116       297.9186             68.8860        63.0016    167453.0550        35.3658        34.7840

WRITING EXTENDED SYSTEM TO RESTART FILE AT STEP 2790000
WRITING COORDINATES TO DCD FILE ../output/01_eq_1_CLK.0.dcd AT STEP 2790000
WRITING COORDINATES TO RESTART FILE AT STEP 2790000
FINISHED WRITING RESTART COORDINATES
WRITING VELOCITIES TO RESTART FILE AT STEP 2790000
FINISHED WRITING RESTART VELOCITIES
PRESSURE: 2800000 1688.61 -79.2487 202.341 -79.245 -2285.71 -155.064 202.339 -155.065 -846.796
GPRESSURE: 2800000 1757.86 -184.154 113.26 -63.5443 -2335.44 -154.509 273.511 -229.043 -859.782
PRESSAVG: 2800000 2129.25 36.1809 -0.494694 36.1809 -2114.43 44.8867 -0.494694 44.8867 5.87142
GPRESSAVG: 2800000 2130.77 20.9297 -4.03245 33.2844 -2114.71 35.1022 13.9645 59.1462 2.56802
TIMING: 2800000  CPU: 2590.14, 0.000921479/step  Wall: 2590.35, 0.000921502/step, 375.04 ns/days, 0.56314 hours remaining, 0.000000 MB of memory in use.
PERFORMANCE: 2800000  averaging 373.575 ns/day, 0.000925116 sec/step with standard deviation 8.68381e-06
ETITLE:      TS           BOND          ANGLE          DIHED          IMPRP               ELECT            VDW       BOUNDARY           MISC        KINETIC               TOTAL           TEMP      POTENTIAL       TOTALAVG        TEMPAVG            PRESSURE      GPRESSURE         VOLUME       PRESSAVG      GPRESSAVG

ENERGY: 2800000         6.3155        33.4297        16.7639         1.0390         -46509.7947    -85898.2882         0.0000         0.0000      9732.2476        -122618.2871       297.9643   -132350.5348   -122449.8246       297.8507           -481.3002      -479.1208    166536.6846         6.8996         6.2111

WRITING EXTENDED SYSTEM TO RESTART FILE AT STEP 2800000
WRITING COORDINATES TO DCD FILE ../output/01_eq_1_CLK.0.dcd AT STEP 2800000
WRITING COORDINATES TO RESTART FILE AT STEP 2800000
FINISHED WRITING RESTART COORDINATES
WRITING VELOCITIES TO RESTART FILE AT STEP 2800000
FINISHED WRITING RESTART VELOCITIES
PRESSURE: 2810000 1242.38 -316.783 -26.6817 -316.784 -2775.53 38.3418 -26.6812 38.3449 -44.3875
GPRESSURE: 2810000 1271.86 -325.483 22.7687 -271.365 -2717.95 15.3194 -73.9162 18.9336 -132.568
PRESSAVG: 2810000 2034.72 11.1639 -10.3983 11.1639 -2160.31 48.4338 -10.3983 48.4338 15.1981
GPRESSAVG: 2810000 2039.6 2.07532 -10.3835 5.85381 -2156.12 35.9502 2.13952 58.0717 4.5379
TIMING: 2810000  CPU: 2599.34, 0.000920445/step  Wall: 2599.55, 0.000920573/step, 375.418 ns/days, 0.560015 hours remaining, 0.000000 MB of memory in use.
PERFORMANCE: 2810000  averaging 373.581 ns/day, 0.0009251 sec/step with standard deviation 8.67253e-06
ENERGY: 2810000         5.2536        32.0042        14.7040         1.6165         -46313.9851    -85834.0026         0.0000         0.0000      9801.9335        -122292.4759       300.0978   -132094.4094   -122443.2191       297.8664           -525.8445      -526.2201    166122.9233       -36.7973       -37.3280

WRITING EXTENDED SYSTEM TO RESTART FILE AT STEP 2810000
WRITING COORDINATES TO DCD FILE ../output/01_eq_1_CLK.0.dcd AT STEP 2810000
WRITING COORDINATES TO RESTART FILE AT STEP 2810000
FINISHED WRITING RESTART COORDINATES
WRITING VELOCITIES TO RESTART FILE AT STEP 2810000
FINISHED WRITING RESTART VELOCITIES
PRESSURE: 2820000 2277.59 179.663 44.8123 179.663 -1947.96 -23.1346 44.8125 -23.1341 -545.119
GPRESSURE: 2820000 2307.28 208.344 42.4231 103.455 -1954.57 73.0753 54.8924 -126.071 -561.467
PRESSAVG: 2820000 2077.1 6.8511 -9.30556 6.8511 -2140.39 46.0422 -9.30556 46.0422 -24.8873
GPRESSAVG: 2820000 2086.11 -6.30736 -10.9959 4.09843 -2141.89 39.4234 3.70585 48.6139 -33.6807
TIMING: 2820000  CPU: 2608.53, 0.000918638/step  Wall: 2608.74, 0.000918862/step, 376.118 ns/days, 0.556422 hours remaining, 0.000000 MB of memory in use.
PERFORMANCE: 2820000  averaging 373.59 ns/day, 0.000925078 sec/step with standard deviation 8.66505e-06
ENERGY: 2820000         7.5268        31.8190        16.1085         0.7846         -46463.4767    -85776.2944         0.0000         0.0000      9657.5846        -122525.9476       295.6784   -132183.5322   -122452.7690       297.9671            -71.8285       -69.5869    167771.1197       -29.3913       -29.8195

WRITING EXTENDED SYSTEM TO RESTART FILE AT STEP 2820000
WRITING COORDINATES TO DCD FILE ../output/01_eq_1_CLK.0.dcd AT STEP 2820000
WRITING COORDINATES TO RESTART FILE AT STEP 2820000
FINISHED WRITING RESTART COORDINATES
WRITING VELOCITIES TO RESTART FILE AT STEP 2820000
FINISHED WRITING RESTART VELOCITIES
PRESSURE: 2830000 1269.83 199.514 342.549 199.511 -2720.22 166.636 342.547 166.636 542.111
GPRESSURE: 2830000 1329.53 187.32 267.062 136.287 -2730.39 163.718 396.175 186.986 510.842
PRESSAVG: 2830000 2003.29 18.6666 15.8938 18.6666 -2149.09 41.6886 15.8938 41.6886 19.1408
GPRESSAVG: 2830000 2015.07 1.99132 7.12357 19.2758 -2147.82 32.377 34.8158 47.3397 5.73874
TIMING: 2830000  CPU: 2617.73, 0.000919717/step  Wall: 2617.94, 0.000919818/step, 375.726 ns/days, 0.554446 hours remaining, 0.000000 MB of memory in use.
PERFORMANCE: 2830000  averaging 373.598 ns/day, 0.00092506 sec/step with standard deviation 8.65532e-06
ENERGY: 2830000        11.4985        29.0461        16.6629         0.2182         -46193.1284    -85906.1497         0.0000         0.0000      9703.9384        -122337.9141       297.0976   -132041.8525   -122443.5705       297.9745           -302.7584      -296.6752    167604.8801       -42.2214       -42.3379

WRITING EXTENDED SYSTEM TO RESTART FILE AT STEP 2830000
WRITING COORDINATES TO DCD FILE ../output/01_eq_1_CLK.0.dcd AT STEP 2830000
WRITING COORDINATES TO RESTART FILE AT STEP 2830000
FINISHED WRITING RESTART COORDINATES
WRITING VELOCITIES TO RESTART FILE AT STEP 2830000
FINISHED WRITING RESTART VELOCITIES
PRESSURE: 2840000 2143.94 27.3818 268.807 27.3842 -1942.14 11.0903 268.805 11.0892 -485.09
GPRESSURE: 2840000 2164.83 -77.4339 296.254 9.73469 -1953.94 -112.808 193.776 13.0732 -504.363
PRESSAVG: 2840000 1949.31 15.9529 43.1941 15.9529 -2157.7 15.9357 43.1941 15.9357 -32.254
GPRESSAVG: 2840000 1963.29 -4.30299 29.0114 15.8081 -2159.89 -1.50301 61.3113 23.2509 -45.0869
TIMING: 2840000  CPU: 2626.93, 0.000920449/step  Wall: 2627.15, 0.000920606/step, 375.405 ns/days, 0.552364 hours remaining, 0.000000 MB of memory in use.
PERFORMANCE: 2840000  averaging 373.604 ns/day, 0.000925044 sec/step with standard deviation 8.64406e-06
ENERGY: 2840000         6.7972        35.7727        17.5274         2.2857         -46427.1464    -85869.5914         0.0000         0.0000      9681.8833        -122552.4715       296.4223   -132234.3548   -122436.1154       297.9388            -94.4294       -97.8239    166943.0148       -80.2153       -80.5635

WRITING EXTENDED SYSTEM TO RESTART FILE AT STEP 2840000
WRITING COORDINATES TO DCD FILE ../output/01_eq_1_CLK.0.dcd AT STEP 2840000
WRITING COORDINATES TO RESTART FILE AT STEP 2840000
FINISHED WRITING RESTART COORDINATES
WRITING VELOCITIES TO RESTART FILE AT STEP 2840000
FINISHED WRITING RESTART VELOCITIES
PRESSURE: 2850000 2256.79 5.43011 123.246 5.43031 -2132.61 186.841 123.245 186.844 -49.0238
GPRESSURE: 2850000 2262 176.971 165.368 -127.292 -2084.46 9.59987 74.5864 243.171 -95.7577
PRESSAVG: 2850000 1932.15 11.2613 51.2742 11.2613 -2187.44 35.3321 51.2742 35.3321 -69.6077
GPRESSAVG: 2850000 1945.9 -2.51939 41.6425 4.18702 -2189.07 5.43551 63.2993 43.7072 -82.2494
TIMING: 2850000  CPU: 2636.15, 0.000921975/step  Wall: 2636.37, 0.000921997/step, 374.838 ns/days, 0.550637 hours remaining, 0.000000 MB of memory in use.
PERFORMANCE: 2850000  averaging 373.608 ns/day, 0.000925033 sec/step with standard deviation 8.63071e-06
ENERGY: 2850000         8.4075        32.6790        16.9478         2.5016         -46453.0585    -85871.1874         0.0000         0.0000      9718.5337        -122545.1763       297.5444   -132263.7100   -122445.1351       297.9459             25.0532        27.2582    166597.6291      -108.2986      -108.4735

WRITING EXTENDED SYSTEM TO RESTART FILE AT STEP 2850000
WRITING COORDINATES TO DCD FILE ../output/01_eq_1_CLK.0.dcd AT STEP 2850000
WRITING COORDINATES TO RESTART FILE AT STEP 2850000
FINISHED WRITING RESTART COORDINATES
WRITING VELOCITIES TO RESTART FILE AT STEP 2850000
FINISHED WRITING RESTART VELOCITIES
PRESSURE: 2860000 2121.13 -71.973 -228.598 -71.9683 -2512.63 204.989 -228.597 204.99 -20.0163
GPRESSURE: 2860000 2149.01 -0.512239 -278.967 -104.042 -2608.03 104.811 -231.121 304.643 42.6218
PRESSAVG: 2860000 1958.06 -3.08929 23.0503 -3.08929 -2191.07 40.728 23.0503 40.728 -61.2628
GPRESSAVG: 2860000 1973.46 -16.8122 3.89671 -4.79179 -2198.27 7.37838 36.2072 52.3577 -69.5863
TIMING: 2860000  CPU: 2645.43, 0.000927768/step  Wall: 2645.64, 0.000927877/step, 372.463 ns/days, 0.551571 hours remaining, 0.000000 MB of memory in use.
PERFORMANCE: 2860000  averaging 373.604 ns/day, 0.000925043 sec/step with standard deviation 8.6172e-06
ENERGY: 2860000         8.9016        30.3782        24.2424         1.2708         -46194.3091    -86023.0382         0.0000         0.0000      9769.4758        -122383.0785       299.1041   -132152.5542   -122451.6494       297.8026           -137.1707      -138.7993    167670.3027       -98.0908       -98.1315

WRITING EXTENDED SYSTEM TO RESTART FILE AT STEP 2860000
WRITING COORDINATES TO DCD FILE ../output/01_eq_1_CLK.0.dcd AT STEP 2860000
WRITING COORDINATES TO RESTART FILE AT STEP 2860000
FINISHED WRITING RESTART COORDINATES
WRITING VELOCITIES TO RESTART FILE AT STEP 2860000
FINISHED WRITING RESTART VELOCITIES
PRESSURE: 2870000 2065.84 107.217 -114.213 107.217 -2164.26 28.9273 -114.211 28.9267 301.555
GPRESSURE: 2870000 2016.79 76.9723 -171.733 95.6981 -2176.17 141.006 -94.0652 49.1851 353.387
PRESSAVG: 2870000 1964.21 1.11916 22.938 1.11916 -2216.89 47.3322 22.938 47.3322 -85.0957
GPRESSAVG: 2870000 1975.32 -9.24813 0.736408 -1.33029 -2221.01 21.4709 37.7016 61.5739 -91.9113
TIMING: 2870000  CPU: 2654.7, 0.000927344/step  Wall: 2654.92, 0.000927439/step, 372.639 ns/days, 0.548735 hours remaining, 0.000000 MB of memory in use.
PERFORMANCE: 2870000  averaging 373.601 ns/day, 0.000925051 sec/step with standard deviation 8.60328e-06
ENERGY: 2870000         6.3494        24.8771        14.4934         2.1868         -46168.8510    -86062.2467         0.0000         0.0000      9828.4495        -122354.7416       300.9096   -132183.1911   -122453.3140       297.8251             67.7116        64.6703    167547.2644      -112.5914      -112.5353

WRITING EXTENDED SYSTEM TO RESTART FILE AT STEP 2870000
WRITING COORDINATES TO DCD FILE ../output/01_eq_1_CLK.0.dcd AT STEP 2870000
WRITING COORDINATES TO RESTART FILE AT STEP 2870000
FINISHED WRITING RESTART COORDINATES
WRITING VELOCITIES TO RESTART FILE AT STEP 2870000
FINISHED WRITING RESTART VELOCITIES
PRESSURE: 2880000 1747.27 94.1279 -118.898 94.1245 -2649.72 -209.574 -118.898 -209.574 -583.186
GPRESSURE: 2880000 1813.15 85.6055 -226.665 68.5005 -2718.6 -273.267 -176.036 -4.56582 -561.767
PRESSAVG: 2880000 1943.71 9.7119 12.8963 9.7119 -2268.08 29.4149 12.8963 29.4149 -110.355
GPRESSAVG: 2880000 1957 -0.610398 -16.9075 5.98658 -2274.42 -3.61689 23.6477 54.3907 -117.162
TIMING: 2880000  CPU: 2663.96, 0.000926182/step  Wall: 2664.18, 0.000926258/step, 373.114 ns/days, 0.545463 hours remaining, 0.000000 MB of memory in use.
PERFORMANCE: 2880000  averaging 373.599 ns/day, 0.000925056 sec/step with standard deviation 8.58858e-06
ENERGY: 2880000        17.3977        27.7868        16.4689         1.0019         -46411.8171    -85891.5586         0.0000         0.0000      9842.2503        -122398.4699       301.3321   -132240.7203   -122452.3032       298.2346           -495.2133      -489.0722    167250.8512      -144.9086      -144.8601

WRITING EXTENDED SYSTEM TO RESTART FILE AT STEP 2880000
WRITING COORDINATES TO DCD FILE ../output/01_eq_1_CLK.0.dcd AT STEP 2880000
WRITING COORDINATES TO RESTART FILE AT STEP 2880000
FINISHED WRITING RESTART COORDINATES
WRITING VELOCITIES TO RESTART FILE AT STEP 2880000
FINISHED WRITING RESTART VELOCITIES
PRESSURE: 2890000 1848.9 -128.193 198.279 -128.192 -3107.29 386.67 198.278 386.671 -502.226
GPRESSURE: 2890000 1853.28 -105.734 214.202 -212.791 -3127.86 420.788 328.1 307.484 -490.57
PRESSAVG: 2890000 1912.46 -0.438392 20.3423 -0.438392 -2329.6 37.4041 20.3423 37.4041 -134.177
GPRESSAVG: 2890000 1929.17 -13.9768 -6.28803 -1.12879 -2339.5 1.08 39.6835 57.7615 -140.948
TIMING: 2890000  CPU: 2673.22, 0.000926073/step  Wall: 2673.44, 0.000926052/step, 373.197 ns/days, 0.54277 hours remaining, 0.000000 MB of memory in use.
PERFORMANCE: 2890000  averaging 373.598 ns/day, 0.000925059 sec/step with standard deviation 8.57385e-06
ENERGY: 2890000         9.2856        25.8162        18.0628         1.3116         -46190.4911    -85915.4626         0.0000         0.0000      9707.3059        -122344.1716       297.2007   -132051.4775   -122450.3231       298.0757           -586.8716      -588.3853    167285.2615      -183.7726      -183.7614

WRITING EXTENDED SYSTEM TO RESTART FILE AT STEP 2890000
WRITING COORDINATES TO DCD FILE ../output/01_eq_1_CLK.0.dcd AT STEP 2890000
WRITING COORDINATES TO RESTART FILE AT STEP 2890000
FINISHED WRITING RESTART COORDINATES
WRITING VELOCITIES TO RESTART FILE AT STEP 2890000
FINISHED WRITING RESTART VELOCITIES
PRESSURE: 2900000 2636.11 -40.2015 442.054 -40.2003 -1719.59 56.6352 442.056 56.6355 381.877
GPRESSURE: 2900000 2618.52 -45.6364 362.93 -72.7322 -1710.09 32.356 373.448 185.28 371.719
PRESSAVG: 2900000 1929.14 11.13 45.5917 11.13 -2342.05 40.6375 45.5917 40.6375 -184.332
GPRESSAVG: 2900000 1944.92 -2.70171 17.204 8.18785 -2351.93 5.41867 56.5658 70.7775 -190.549
TIMING: 2900000  CPU: 2682.48, 0.000925259/step  Wall: 2682.7, 0.000925452/step, 373.439 ns/days, 0.539847 hours remaining, 0.000000 MB of memory in use.
PERFORMANCE: 2900000  averaging 373.597 ns/day, 0.00092506 sec/step with standard deviation 8.55904e-06
ETITLE:      TS           BOND          ANGLE          DIHED          IMPRP               ELECT            VDW       BOUNDARY           MISC        KINETIC               TOTAL           TEMP      POTENTIAL       TOTALAVG        TEMPAVG            PRESSURE      GPRESSURE         VOLUME       PRESSAVG      GPRESSAVG

ENERGY: 2900000         7.0470        33.9414        15.8068         2.2873         -46729.6097    -85727.5007         0.0000         0.0000      9770.7169        -122627.3110       299.1421   -132398.0280   -122457.1851       298.2337            432.8007       426.7162    167377.4546      -199.0826      -199.1858

WRITING EXTENDED SYSTEM TO RESTART FILE AT STEP 2900000
WRITING COORDINATES TO DCD FILE ../output/01_eq_1_CLK.0.dcd AT STEP 2900000
WRITING COORDINATES TO RESTART FILE AT STEP 2900000
FINISHED WRITING RESTART COORDINATES
WRITING VELOCITIES TO RESTART FILE AT STEP 2900000
FINISHED WRITING RESTART VELOCITIES
PRESSURE: 2910000 2122.03 -252.274 -304.592 -252.274 -2049.21 447.052 -304.589 447.054 492.742
GPRESSURE: 2910000 2097.29 -188.003 -296.219 -272.322 -2059.83 385.143 -413.479 487.509 528.899
PRESSAVG: 2910000 1914.71 -11.5104 40.2106 -11.5104 -2334.53 50.2186 40.2106 50.2186 -165.296
GPRESSAVG: 2910000 1928.65 -16.8498 17.4849 -19.4781 -2346.04 16.2105 46.7455 82.193 -168.154
TIMING: 2910000  CPU: 2691.74, 0.000926782/step  Wall: 2691.96, 0.000926752/step, 372.915 ns/days, 0.538031 hours remaining, 0.000000 MB of memory in use.
PERFORMANCE: 2910000  averaging 373.595 ns/day, 0.000925066 sec/step with standard deviation 8.54484e-06
ENERGY: 2910000         6.6602        30.8651        19.1290         1.3670         -46347.7431    -85944.9381         0.0000         0.0000      9840.1954        -122394.4644       301.2692   -132234.6598   -122452.4317       298.5574            188.5224       188.7853    166685.5866      -195.0392      -195.1813

WRITING EXTENDED SYSTEM TO RESTART FILE AT STEP 2910000
WRITING COORDINATES TO DCD FILE ../output/01_eq_1_CLK.0.dcd AT STEP 2910000
WRITING COORDINATES TO RESTART FILE AT STEP 2910000
FINISHED WRITING RESTART COORDINATES
WRITING VELOCITIES TO RESTART FILE AT STEP 2910000
FINISHED WRITING RESTART VELOCITIES
PRESSURE: 2920000 2680.66 -295.894 -85.3773 -295.893 -2363.09 265.396 -85.3763 265.397 -271.262
GPRESSURE: 2920000 2682.08 -168.982 46.4987 -303.663 -2356.82 314.609 -200.93 171.965 -310.492
PRESSAVG: 2920000 1969.31 -20.1282 43.8534 -20.1282 -2353.54 68.2046 43.8534 68.2046 -163.009
GPRESSAVG: 2920000 1981.99 -20.3138 28.1292 -24.121 -2363.8 34.889 41.1249 100.319 -167.239
TIMING: 2920000  CPU: 2701.01, 0.000926281/step  Wall: 2701.23, 0.000926333/step, 373.084 ns/days, 0.535214 hours remaining, 0.000000 MB of memory in use.
PERFORMANCE: 2920000  averaging 373.593 ns/day, 0.000925071 sec/step with standard deviation 8.53047e-06
ENERGY: 2920000        15.1568        31.8538        16.4929         0.8613         -46124.2601    -85891.0921         0.0000         0.0000      9614.6347        -122336.3528       294.3634   -131950.9875   -122446.6551       298.3602             15.4345         4.9253    166984.1101      -182.4119      -183.0159

WRITING EXTENDED SYSTEM TO RESTART FILE AT STEP 2920000
WRITING COORDINATES TO DCD FILE ../output/01_eq_1_CLK.0.dcd AT STEP 2920000
WRITING COORDINATES TO RESTART FILE AT STEP 2920000
FINISHED WRITING RESTART COORDINATES
WRITING VELOCITIES TO RESTART FILE AT STEP 2920000
FINISHED WRITING RESTART VELOCITIES
PRESSURE: 2930000 3081.37 -24.9826 -170.787 -24.9825 -2136.74 291.059 -170.787 291.058 898.418
GPRESSURE: 2930000 3032.53 22.1269 -264.607 -48.9823 -2100.81 202.429 -133.304 368.065 924.117
PRESSAVG: 2930000 2050.69 -7.22074 49.849 -7.22074 -2321.27 73.2642 49.849 73.2642 -81.8854
GPRESSAVG: 2930000 2059.1 0.159112 32.0882 -15.6946 -2324.41 37.2726 42.4276 106.21 -87.5643
TIMING: 2930000  CPU: 2710.26, 0.000925279/step  Wall: 2710.48, 0.000925262/step, 373.516 ns/days, 0.532026 hours remaining, 0.000000 MB of memory in use.
PERFORMANCE: 2930000  averaging 373.593 ns/day, 0.000925071 sec/step with standard deviation 8.51586e-06
ENERGY: 2930000         6.0911        24.3974        14.2005         0.4961         -46277.1934    -85909.8000         0.0000         0.0000      9646.1643        -122495.6439       295.3287   -132141.8082   -122450.7540       298.0493            614.3506       618.6138    166418.6803      -117.4893      -117.6255

WRITING EXTENDED SYSTEM TO RESTART FILE AT STEP 2930000
WRITING COORDINATES TO DCD FILE ../output/01_eq_1_CLK.0.dcd AT STEP 2930000
WRITING COORDINATES TO RESTART FILE AT STEP 2930000
FINISHED WRITING RESTART COORDINATES
WRITING VELOCITIES TO RESTART FILE AT STEP 2930000
FINISHED WRITING RESTART VELOCITIES
PRESSURE: 2940000 1574.33 228.386 159.64 228.387 -2501.1 266.422 159.64 266.423 -224.249
GPRESSURE: 2940000 1623.57 17.785 140.947 270.414 -2551.4 259.782 95.9195 379.089 -224.733
PRESSAVG: 2940000 2060 -4.58178 56.0757 -4.58178 -2298.01 75.659 56.0757 75.659 -47.0014
GPRESSAVG: 2940000 2070.81 -5.97108 37.1909 -11.3538 -2300.36 42.8379 44.7938 106.422 -55.8608
TIMING: 2940000  CPU: 2719.51, 0.00092472/step  Wall: 2719.73, 0.000924887/step, 373.667 ns/days, 0.529241 hours remaining, 0.000000 MB of memory in use.
PERFORMANCE: 2940000  averaging 373.593 ns/day, 0.000925071 sec/step with standard deviation 8.50132e-06
ENERGY: 2940000         6.4068        35.0589        17.0303         1.3868         -46170.6679    -85975.9433         0.0000         0.0000      9839.7618        -122246.9666       301.2559   -132086.7284   -122443.2152       298.1715           -383.6732      -384.1891    167733.1094       -95.0057       -95.1374

WRITING EXTENDED SYSTEM TO RESTART FILE AT STEP 2940000
WRITING COORDINATES TO DCD FILE ../output/01_eq_1_CLK.0.dcd AT STEP 2940000
WRITING COORDINATES TO RESTART FILE AT STEP 2940000
FINISHED WRITING RESTART COORDINATES
WRITING VELOCITIES TO RESTART FILE AT STEP 2940000
FINISHED WRITING RESTART VELOCITIES
PRESSURE: 2950000 1438.24 251.064 172.151 251.064 -2524.75 -269.837 172.153 -269.84 -630.461
GPRESSURE: 2950000 1461.7 226.851 217.347 270.831 -2561.85 -289.948 225.543 -267.249 -611.112
PRESSAVG: 2950000 2022.72 -0.668225 60.5635 -0.668225 -2285.47 74.6674 60.5635 74.6674 -63.1906
GPRESSAVG: 2950000 2035.16 -5.27034 43.2666 -3.82411 -2289.23 43.0751 50.4231 103.111 -72.5508
TIMING: 2950000  CPU: 2728.75, 0.000923974/step  Wall: 2728.97, 0.000924027/step, 374.015 ns/days, 0.526182 hours remaining, 0.000000 MB of memory in use.
PERFORMANCE: 2950000  averaging 373.595 ns/day, 0.000925067 sec/step with standard deviation 8.48707e-06
ENERGY: 2950000        10.5072        32.0914        19.5008         0.6254         -46474.0871    -85917.6539         0.0000         0.0000      9756.6258        -122572.3905       298.7106   -132329.0162   -122458.0331       297.9752           -572.3219      -570.4231    166687.0870      -108.6465      -108.8755

WRITING EXTENDED SYSTEM TO RESTART FILE AT STEP 2950000
WRITING COORDINATES TO DCD FILE ../output/01_eq_1_CLK.0.dcd AT STEP 2950000
WRITING COORDINATES TO RESTART FILE AT STEP 2950000
FINISHED WRITING RESTART COORDINATES
WRITING VELOCITIES TO RESTART FILE AT STEP 2950000
FINISHED WRITING RESTART VELOCITIES
PRESSURE: 2960000 2459.44 72.9649 274.681 72.963 -1594.55 -162.522 274.682 -162.523 -216.554
GPRESSURE: 2960000 2451.82 141.048 380.082 28.2481 -1589.13 -135.064 205.077 -96.2298 -233.209
PRESSAVG: 2960000 2033.1 -1.93279 71.5198 -1.93279 -2263.43 60.0842 71.5198 60.0842 -81.9016
GPRESSAVG: 2960000 2040.12 0.57772 61.4446 -16.0516 -2266.88 37.1661 57.3886 86.9073 -87.7718
TIMING: 2960000  CPU: 2738, 0.000925727/step  Wall: 2738.23, 0.000925944/step, 373.241 ns/days, 0.524702 hours remaining, 0.000000 MB of memory in use.
PERFORMANCE: 2960000  averaging 373.593 ns/day, 0.00092507 sec/step with standard deviation 8.47283e-06
ENERGY: 2960000         8.7292        29.7704        16.6492         1.2118         -46264.4768    -85973.3241         0.0000         0.0000      9817.5804        -122363.8601       300.5768   -132181.4405   -122446.4767       298.3320            216.1122       209.8273    167330.0929      -104.0759      -104.8424

WRITING EXTENDED SYSTEM TO RESTART FILE AT STEP 2960000
WRITING COORDINATES TO DCD FILE ../output/01_eq_1_CLK.0.dcd AT STEP 2960000
WRITING COORDINATES TO RESTART FILE AT STEP 2960000
FINISHED WRITING RESTART COORDINATES
WRITING VELOCITIES TO RESTART FILE AT STEP 2960000
FINISHED WRITING RESTART VELOCITIES
PRESSURE: 2970000 2512.59 -62.1744 -345.321 -62.1735 -1882.9 146.543 -345.32 146.545 280.052
GPRESSURE: 2970000 2519.45 -115.658 -276.64 -177.99 -1861.8 279.101 -375.854 88.1758 250.423
PRESSAVG: 2970000 2079.15 -19.3236 29.0304 -19.3236 -2225.87 64.0556 29.0304 64.0556 -76.4239
GPRESSAVG: 2970000 2086.15 -19.222 25.6933 -38.9321 -2231.77 51.7876 10.1573 90.2032 -79.6926
TIMING: 2970000  CPU: 2747.27, 0.000926775/step  Wall: 2747.5, 0.000926728/step, 372.925 ns/days, 0.522572 hours remaining, 0.000000 MB of memory in use.
PERFORMANCE: 2970000  averaging 373.591 ns/day, 0.000925076 sec/step with standard deviation 8.45905e-06
ENERGY: 2970000         7.7836        26.4055        13.1640         1.8205         -46756.6598    -85770.1362         0.0000         0.0000      9571.7988        -122905.8236       293.0519   -132477.6224   -122472.1695       298.1537            303.2454       302.6930    165907.7162       -74.3809       -75.1044

WRITING EXTENDED SYSTEM TO RESTART FILE AT STEP 2970000
WRITING COORDINATES TO DCD FILE ../output/01_eq_1_CLK.0.dcd AT STEP 2970000
WRITING COORDINATES TO RESTART FILE AT STEP 2970000
FINISHED WRITING RESTART COORDINATES
WRITING VELOCITIES TO RESTART FILE AT STEP 2970000
FINISHED WRITING RESTART VELOCITIES
PRESSURE: 2980000 2062.31 -111.495 -406.959 -111.493 -1958.09 -137.261 -406.96 -137.262 -563.848
GPRESSURE: 2980000 2097.11 -135.336 -473.467 -176.805 -1988.05 -145.832 -377.151 -50.524 -560.526
PRESSAVG: 2980000 2072.5 -21.182 4.7336 -21.182 -2237.37 69.8128 4.7336 69.8128 -116.009
GPRESSAVG: 2980000 2085.28 -23.6451 -2.93375 -47.0103 -2247.53 54.4261 -13.8978 100.795 -120.398
TIMING: 2980000  CPU: 2756.53, 0.000925377/step  Wall: 2756.75, 0.000925411/step, 373.456 ns/days, 0.519258 hours remaining, 0.000000 MB of memory in use.
PERFORMANCE: 2980000  averaging 373.591 ns/day, 0.000925077 sec/step with standard deviation 8.44482e-06
ENERGY: 2980000         5.4831        29.8563        16.3769         0.7965         -46273.5464    -85906.7477         0.0000         0.0000      9783.4974        -122344.2838       299.5333   -132127.7812   -122455.6866       298.2767           -153.2094      -150.4882    166555.1360       -93.6252       -94.2147

WRITING EXTENDED SYSTEM TO RESTART FILE AT STEP 2980000
WRITING COORDINATES TO DCD FILE ../output/01_eq_1_CLK.0.dcd AT STEP 2980000
WRITING COORDINATES TO RESTART FILE AT STEP 2980000
FINISHED WRITING RESTART COORDINATES
WRITING VELOCITIES TO RESTART FILE AT STEP 2980000
FINISHED WRITING RESTART VELOCITIES
PRESSURE: 2990000 1572.55 3.37219 32.5067 3.36962 -1755.48 15.0137 32.5081 15.0153 -309.377
GPRESSURE: 2990000 1532.12 -89.776 23.8451 74.6235 -1761.18 -27.4914 82.7053 40.4779 -260.727
PRESSAVG: 2990000 2040.1 -10.7046 22.9822 -10.7046 -2236.18 77.7116 22.9822 77.7116 -119.742
GPRESSAVG: 2990000 2052.09 -14.6842 15.2345 -38.6869 -2247.42 63.1408 11.3939 103.518 -121.253
TIMING: 2990000  CPU: 2765.74, 0.000921578/step  Wall: 2765.97, 0.000921611/step, 374.996 ns/days, 0.514566 hours remaining, 0.000000 MB of memory in use.
PERFORMANCE: 2990000  averaging 373.595 ns/day, 0.000925065 sec/step with standard deviation 8.43302e-06
ENERGY: 2990000        10.3654        33.5782        15.4470         1.1976         -46312.1018    -86026.0356         0.0000         0.0000      9787.3761        -122490.1731       299.6521   -132277.5492   -122456.5002       298.3118           -164.1002      -163.2632    166960.3674      -105.2745      -105.5279

WRITING EXTENDED SYSTEM TO RESTART FILE AT STEP 2990000
WRITING COORDINATES TO DCD FILE ../output/01_eq_1_CLK.0.dcd AT STEP 2990000
WRITING COORDINATES TO RESTART FILE AT STEP 2990000
FINISHED WRITING RESTART COORDINATES
WRITING VELOCITIES TO RESTART FILE AT STEP 2990000
FINISHED WRITING RESTART VELOCITIES
PRESSURE: 3000000 2114.47 28.9136 30.7976 28.9148 -1717.5 -459.778 30.7989 -459.778 114.756
GPRESSURE: 3000000 2109 76.184 70.685 -56.4811 -1704.18 -481.71 -2.20749 -391.567 102.909
PRESSAVG: 3000000 2061.39 -5.29661 14.4052 -5.29661 -2207.77 62.4759 14.4052 62.4759 -71.6645
GPRESSAVG: 3000000 2069.65 -1.66735 13.1058 -38.3337 -2215.86 46.7808 -2.39205 95.3915 -73.1187
TIMING: 3000000  CPU: 2775, 0.000926177/step  Wall: 2775.23, 0.000926201/step, 373.137 ns/days, 0.514556 hours remaining, 0.000000 MB of memory in use.
PERFORMANCE: 3000000  averaging 373.594 ns/day, 0.000925069 sec/step with standard deviation 8.41916e-06
ETITLE:      TS           BOND          ANGLE          DIHED          IMPRP               ELECT            VDW       BOUNDARY           MISC        KINETIC               TOTAL           TEMP      POTENTIAL       TOTALAVG        TEMPAVG            PRESSURE      GPRESSURE         VOLUME       PRESSAVG      GPRESSAVG

ENERGY: 3000000         5.9097        31.2202        19.3288         1.2693         -46498.0227    -85704.4611         0.0000         0.0000      9729.2150        -122415.5407       297.8714   -132144.7557   -122446.3629       298.3071            170.5746       169.2444    167189.4726       -72.6808       -73.1096

WRITING EXTENDED SYSTEM TO RESTART FILE AT STEP 3000000
WRITING COORDINATES TO DCD FILE ../output/01_eq_1_CLK.0.dcd AT STEP 3000000
WRITING COORDINATES TO RESTART FILE AT STEP 3000000
FINISHED WRITING RESTART COORDINATES
WRITING VELOCITIES TO RESTART FILE AT STEP 3000000
FINISHED WRITING RESTART VELOCITIES
PRESSURE: 3010000 2215.65 27.1056 -433.846 27.1039 -1712.2 -172.452 -433.847 -172.453 36.8734
GPRESSURE: 3010000 2183.44 40.0948 -494.62 64.8548 -1726.9 -158.722 -275.862 -186.327 77.5417
PRESSAVG: 3010000 2110.05 11.8978 -5.95307 11.8978 -2154.6 51.936 -5.95307 51.936 -67.6014
GPRESSAVG: 3010000 2115.23 16.6116 -12.7636 -21.5227 -2166.3 38.0787 -12.4894 85.1284 -62.6133
TIMING: 3010000  CPU: 2784.26, 0.000925477/step  Wall: 2784.48, 0.000925471/step, 373.431 ns/days, 0.51158 hours remaining, 0.000000 MB of memory in use.
PERFORMANCE: 3010000  averaging 373.593 ns/day, 0.00092507 sec/step with standard deviation 8.40515e-06
ENERGY: 3010000         8.3222        30.0402        15.6158         1.8353         -46357.4325    -85751.9433         0.0000         0.0000      9826.3460        -122227.2164       300.8452   -132053.5625   -122443.0999       298.3445            180.1098       178.0302    167819.3532       -37.3831       -37.8971

WRITING EXTENDED SYSTEM TO RESTART FILE AT STEP 3010000
WRITING COORDINATES TO DCD FILE ../output/01_eq_1_CLK.0.dcd AT STEP 3010000
WRITING COORDINATES TO RESTART FILE AT STEP 3010000
FINISHED WRITING RESTART COORDINATES
WRITING VELOCITIES TO RESTART FILE AT STEP 3010000
FINISHED WRITING RESTART VELOCITIES
PRESSURE: 3020000 1729.38 -77.2089 -110.471 -77.2054 -2900.55 481.819 -110.472 481.818 -72.5856
GPRESSURE: 3020000 1741.76 -207.111 -159.989 -10.1577 -2944.09 479.653 -50.3289 463.499 -35.2007
PRESSAVG: 3020000 2082.64 -0.945663 -13.7173 -0.945663 -2202.23 77.1836 -13.7173 77.1836 -43.9748
GPRESSAVG: 3020000 2086.95 -4.16118 -22.8842 -27.2034 -2215.78 58.4076 -17.7504 114.607 -36.2999
TIMING: 3020000  CPU: 2793.5, 0.000924484/step  Wall: 2793.73, 0.000924491/step, 373.827 ns/days, 0.50847 hours remaining, 0.000000 MB of memory in use.
PERFORMANCE: 3020000  averaging 373.594 ns/day, 0.000925068 sec/step with standard deviation 8.39124e-06
ENERGY: 3020000        12.5284        27.3855        17.9716         0.9891         -46168.8292    -86018.3028         0.0000         0.0000      9697.0353        -122431.2221       296.8862   -132128.2574   -122438.3636       298.4049           -414.5862      -412.5084    167565.3269       -54.5210       -55.0432

WRITING EXTENDED SYSTEM TO RESTART FILE AT STEP 3020000
WRITING COORDINATES TO DCD FILE ../output/01_eq_1_CLK.0.dcd AT STEP 3020000
WRITING COORDINATES TO RESTART FILE AT STEP 3020000
FINISHED WRITING RESTART COORDINATES
WRITING VELOCITIES TO RESTART FILE AT STEP 3020000
FINISHED WRITING RESTART VELOCITIES
PRESSURE: 3030000 2375.73 -68.7199 -148.446 -68.7231 -2127.33 -24.1716 -148.448 -24.1739 -340.84
GPRESSURE: 3030000 2396.63 -62.5088 -158.38 -63.8511 -2111.61 -41.2972 -40.087 -76.2104 -382.048
PRESSAVG: 3030000 2137.94 -14.3574 -38.267 -14.3574 -2172.59 67.6431 -38.267 67.6431 -88.1223
GPRESSAVG: 3030000 2140.3 -16.6526 -44.1563 -37.2103 -2184.84 48.1568 -39.5635 101.447 -80.9444
TIMING: 3030000  CPU: 2802.72, 0.000921748/step  Wall: 2802.95, 0.000921971/step, 374.849 ns/days, 0.504523 hours remaining, 0.000000 MB of memory in use.
PERFORMANCE: 3030000  averaging 373.598 ns/day, 0.000925058 sec/step with standard deviation 8.37923e-06
ENERGY: 3030000        12.2964        25.6343        15.4028         2.4876         -46355.5799    -85912.8204         0.0000         0.0000      9695.5425        -122517.0366       296.8405   -132212.5791   -122447.3197       298.3920            -30.8133       -32.3427    166713.6134       -40.9237       -41.8266

WRITING EXTENDED SYSTEM TO RESTART FILE AT STEP 3030000
WRITING COORDINATES TO DCD FILE ../output/01_eq_1_CLK.0.dcd AT STEP 3030000
WRITING COORDINATES TO RESTART FILE AT STEP 3030000
FINISHED WRITING RESTART COORDINATES
WRITING VELOCITIES TO RESTART FILE AT STEP 3030000
FINISHED WRITING RESTART VELOCITIES
PRESSURE: 3040000 2813.31 -31.5818 32.3781 -31.5811 -1741.82 -210.038 32.3774 -210.038 190.225
GPRESSURE: 3040000 2812.15 27.3007 144.388 -48.4651 -1768.83 -233.366 78.2159 -295.778 204.515
PRESSAVG: 3040000 2171.4 -17.3057 -50.0884 -17.3057 -2162.57 56.5867 -50.0884 56.5867 -54.3566
GPRESSAVG: 3040000 2172.67 -11.4159 -51.7496 -40.1202 -2175.58 42.1289 -45.3415 86.0046 -45.5005
TIMING: 3040000  CPU: 2811.97, 0.000924768/step  Wall: 2812.2, 0.000924798/step, 373.703 ns/days, 0.503501 hours remaining, 0.000000 MB of memory in use.
PERFORMANCE: 3040000  averaging 373.598 ns/day, 0.000925057 sec/step with standard deviation 8.3654e-06
ENERGY: 3040000         4.8946        30.9295        16.3328         1.1096         -46686.9068    -85710.1057         0.0000         0.0000      9656.0514        -122687.6945       295.6314   -132343.7458   -122454.0809       298.3525            420.5718       415.9434    166277.9396       -15.1737       -16.1382

WRITING EXTENDED SYSTEM TO RESTART FILE AT STEP 3040000
WRITING COORDINATES TO DCD FILE ../output/01_eq_1_CLK.0.dcd AT STEP 3040000
WRITING COORDINATES TO RESTART FILE AT STEP 3040000
FINISHED WRITING RESTART COORDINATES
WRITING VELOCITIES TO RESTART FILE AT STEP 3040000
FINISHED WRITING RESTART VELOCITIES
PRESSURE: 3050000 2132.37 -65.1815 -37.9093 -65.1813 -2105.62 153.697 -37.9088 153.7 -499.967
GPRESSURE: 3050000 2098.25 -2.09719 -52.6787 -88.8093 -2035.53 161.699 -97.5217 23.4901 -529.083
PRESSAVG: 3050000 2165.18 -20.8362 -58.1461 -20.8362 -2161.22 54.9295 -58.1461 54.9295 -76.9037
GPRESSAVG: 3050000 2164.48 -20.3693 -62.6519 -38.1961 -2173.14 49.7338 -53.9469 75.0206 -67.1667
TIMING: 3050000  CPU: 2821.21, 0.000923975/step  Wall: 2821.43, 0.000923979/step, 374.035 ns/days, 0.500488 hours remaining, 0.000000 MB of memory in use.
PERFORMANCE: 3050000  averaging 373.6 ns/day, 0.000925054 sec/step with standard deviation 8.35186e-06
ENERGY: 3050000         9.2740        33.3548        16.2810         0.6292         -46357.3189    -85866.0262         0.0000         0.0000      9752.0116        -122411.7945       298.5694   -132163.8061   -122447.4118       298.4037           -157.7414      -155.4569    167073.8280       -24.3134       -25.2740

WRITING EXTENDED SYSTEM TO RESTART FILE AT STEP 3050000
WRITING COORDINATES TO DCD FILE ../output/01_eq_1_CLK.0.dcd AT STEP 3050000
WRITING COORDINATES TO RESTART FILE AT STEP 3050000
FINISHED WRITING RESTART COORDINATES
WRITING VELOCITIES TO RESTART FILE AT STEP 3050000
FINISHED WRITING RESTART VELOCITIES
PRESSURE: 3060000 2411.1 -67.2089 82.0727 -67.2107 -1466.63 -147.717 82.0695 -147.718 418.289
GPRESSURE: 3060000 2470.12 -134.963 95.9807 -31.9107 -1481.88 -94.5439 66.956 -95.1718 368.58
PRESSAVG: 3060000 2179.68 -20.5984 -42.6128 -20.5984 -2108.92 37.2941 -42.6128 37.2941 -54.9885
GPRESSAVG: 3060000 2180.54 -27.0918 -43.9046 -34.5895 -2116.83 39.7661 -39.0431 55.0298 -50.8689
TIMING: 3060000  CPU: 2830.46, 0.000925477/step  Wall: 2830.69, 0.000925448/step, 373.441 ns/days, 0.498714 hours remaining, 0.000000 MB of memory in use.
PERFORMANCE: 3060000  averaging 373.599 ns/day, 0.000925055 sec/step with standard deviation 8.33819e-06
ENERGY: 3060000         7.8796        31.9853        17.3151         0.9520         -46329.5319    -85980.7057         0.0000         0.0000      9608.6372        -122643.4684       294.1798   -132252.1056   -122460.4313       298.1575            454.2517       452.2755    166733.8697         5.2577         4.2798

WRITING EXTENDED SYSTEM TO RESTART FILE AT STEP 3060000
WRITING COORDINATES TO DCD FILE ../output/01_eq_1_CLK.0.dcd AT STEP 3060000
WRITING COORDINATES TO RESTART FILE AT STEP 3060000
FINISHED WRITING RESTART COORDINATES
WRITING VELOCITIES TO RESTART FILE AT STEP 3060000
FINISHED WRITING RESTART VELOCITIES
PRESSURE: 3070000 1861.24 -296.225 -365.434 -296.226 -2736.05 187.694 -365.436 187.693 206.526
GPRESSURE: 3070000 1877.12 -290.315 -332.543 -262.071 -2729.65 232.61 -415.69 63.894 187.459
PRESSAVG: 3070000 2169.45 -40.7705 -55.174 -40.7705 -2137.51 45.2325 -55.174 45.2325 -59.7399
GPRESSAVG: 3070000 2173.56 -45.4562 -51.9451 -52.4779 -2144.5 44.3464 -55.1243 55.7653 -59.1653
TIMING: 3070000  CPU: 2839.68, 0.000921383/step  Wall: 2839.9, 0.000921494/step, 375.043 ns/days, 0.494023 hours remaining, 0.000000 MB of memory in use.
PERFORMANCE: 3070000  averaging 373.604 ns/day, 0.000925043 sec/step with standard deviation 8.32703e-06
ENERGY: 3070000         9.7090        34.1860        20.3519         1.0909         -46371.8250    -85888.9130         0.0000         0.0000      9627.9397        -122567.4605       294.7708   -132195.4002   -122471.0672       297.8506           -222.7597      -221.6905    167115.5781        -9.2658       -10.0383

WRITING EXTENDED SYSTEM TO RESTART FILE AT STEP 3070000
WRITING COORDINATES TO DCD FILE ../output/01_eq_1_CLK.0.dcd AT STEP 3070000
WRITING COORDINATES TO RESTART FILE AT STEP 3070000
FINISHED WRITING RESTART COORDINATES
WRITING VELOCITIES TO RESTART FILE AT STEP 3070000
FINISHED WRITING RESTART VELOCITIES
PRESSURE: 3080000 3048.2 79.7316 182.913 79.7333 -1599.72 362.046 182.915 362.044 -156.967
GPRESSURE: 3080000 3086.25 143.516 368.872 62.4697 -1664.54 360.203 241.043 431.839 -121.845
PRESSAVG: 3080000 2234.5 -41.4901 -40.0834 -41.4901 -2085.01 73.8134 -40.0834 73.8134 -38.429
GPRESSAVG: 3080000 2237.21 -42.5607 -22.1682 -52.7795 -2091.8 76.0199 -34.2704 77.5855 -37.1692
TIMING: 3080000  CPU: 2848.89, 0.000921177/step  Wall: 2849.12, 0.000921158/step, 375.18 ns/days, 0.491284 hours remaining, 0.000000 MB of memory in use.
PERFORMANCE: 3080000  averaging 373.609 ns/day, 0.000925031 sec/step with standard deviation 8.31641e-06
ENERGY: 3080000         9.1000        32.5366        17.1741         0.8705         -46502.5594    -85649.6097         0.0000         0.0000      9668.0593        -122424.4286       295.9991   -132092.4879   -122472.3652       297.5839            430.5032       433.2888    166804.5918        37.0200        36.0798

WRITING EXTENDED SYSTEM TO RESTART FILE AT STEP 3080000
WRITING COORDINATES TO DCD FILE ../output/01_eq_1_CLK.0.dcd AT STEP 3080000
WRITING COORDINATES TO RESTART FILE AT STEP 3080000
FINISHED WRITING RESTART COORDINATES
WRITING VELOCITIES TO RESTART FILE AT STEP 3080000
FINISHED WRITING RESTART VELOCITIES
PRESSURE: 3090000 2013.79 -11.563 -81.1949 -11.5624 -2076.23 -46.1753 -81.1939 -46.1744 -378.561
GPRESSURE: 3090000 2049.05 -151.722 -144.132 159.083 -2058.9 -117.826 -74.4467 -101.96 -432.682
PRESSAVG: 3090000 2242.74 -35.6586 -54.057 -35.6586 -2033.46 52.1711 -54.057 52.1711 -32.2457
GPRESSAVG: 3090000 2247 -44.8601 -40.0849 -34.1858 -2038.35 49.0892 -54.3977 57.1133 -34.2748
TIMING: 3090000  CPU: 2858.08, 0.000919077/step  Wall: 2858.31, 0.000919064/step, 376.035 ns/days, 0.487614 hours remaining, 0.000000 MB of memory in use.
PERFORMANCE: 3090000  averaging 373.617 ns/day, 0.000925012 sec/step with standard deviation 8.30983e-06
ENERGY: 3090000         9.5967        34.6455        17.2138         0.7530         -46284.6008    -85937.8179         0.0000         0.0000      9763.5518        -122396.6580       298.9227   -132160.2098   -122474.9895       297.6700           -147.0007      -147.5116    166772.6817        59.0135        58.1235

WRITING EXTENDED SYSTEM TO RESTART FILE AT STEP 3090000
WRITING COORDINATES TO DCD FILE ../output/01_eq_1_CLK.0.dcd AT STEP 3090000
WRITING COORDINATES TO RESTART FILE AT STEP 3090000
FINISHED WRITING RESTART COORDINATES
WRITING VELOCITIES TO RESTART FILE AT STEP 3090000
FINISHED WRITING RESTART VELOCITIES
PRESSURE: 3100000 2552.52 335.685 33.1488 335.687 -2195.85 186.343 33.1491 186.346 484.971
GPRESSURE: 3100000 2532.36 277.184 103.415 301.633 -2166.03 126.125 -10.9941 162.179 482.448
PRESSAVG: 3100000 2238.56 -16.8642 -74.5023 -16.8642 -2057.27 58.6567 -74.5023 58.6567 -27.091
GPRESSAVG: 3100000 2242.69 -28.7191 -53.0607 -15.4675 -2061.15 53.7776 -73.6198 55.9583 -28.7383
TIMING: 3100000  CPU: 2867.32, 0.00092397/step  Wall: 2867.55, 0.000923981/step, 374.034 ns/days, 0.487657 hours remaining, 0.000000 MB of memory in use.
PERFORMANCE: 3100000  averaging 373.618 ns/day, 0.000925008 sec/step with standard deviation 8.29658e-06
ETITLE:      TS           BOND          ANGLE          DIHED          IMPRP               ELECT            VDW       BOUNDARY           MISC        KINETIC               TOTAL           TEMP      POTENTIAL       TOTALAVG        TEMPAVG            PRESSURE      GPRESSURE         VOLUME       PRESSAVG      GPRESSAVG

ENERGY: 3100000        14.0610        30.1525        18.1198         0.4007         -46584.2661    -85800.6845         0.0000         0.0000      9600.2114        -122722.0051       293.9218   -132322.2165   -122479.7242       297.4090            280.5457       282.9243    166695.6189        51.4008        50.9339

WRITING EXTENDED SYSTEM TO RESTART FILE AT STEP 3100000
WRITING COORDINATES TO DCD FILE ../output/01_eq_1_CLK.0.dcd AT STEP 3100000
WRITING COORDINATES TO RESTART FILE AT STEP 3100000
FINISHED WRITING RESTART COORDINATES
WRITING VELOCITIES TO RESTART FILE AT STEP 3100000
FINISHED WRITING RESTART VELOCITIES
PRESSURE: 3110000 1645.36 73.8059 191.562 73.8065 -2092.5 -192.781 191.562 -192.781 -490.066
GPRESSURE: 3110000 1627.8 53.7594 196.147 133.149 -2089.71 -241.723 165.607 -139.803 -470.326
PRESSAVG: 3110000 2214.73 -0.560195 -49.6948 -0.560195 -2059.43 26.6649 -49.6948 26.6649 -76.2314
GPRESSAVG: 3110000 2219.22 -16.631 -28.4424 4.80599 -2062.64 22.4343 -44.6655 24.5927 -78.6995
TIMING: 3110000  CPU: 2876.57, 0.000925269/step  Wall: 2876.8, 0.000925318/step, 373.493 ns/days, 0.485792 hours remaining, 0.000000 MB of memory in use.
PERFORMANCE: 3110000  averaging 373.618 ns/day, 0.000925009 sec/step with standard deviation 8.28321e-06
ENERGY: 3110000         9.3973        26.8742        14.6776         0.7506         -46191.9407    -85934.5244         0.0000         0.0000      9629.0817        -122445.6836       294.8057   -132074.7653   -122482.2852       297.0858           -312.4006      -310.7459    167469.2274        26.3546        25.9573

WRITING EXTENDED SYSTEM TO RESTART FILE AT STEP 3110000
WRITING COORDINATES TO DCD FILE ../output/01_eq_1_CLK.0.dcd AT STEP 3110000
WRITING COORDINATES TO RESTART FILE AT STEP 3110000
FINISHED WRITING RESTART COORDINATES
WRITING VELOCITIES TO RESTART FILE AT STEP 3110000
FINISHED WRITING RESTART VELOCITIES
PRESSURE: 3120000 2371.45 102.239 22.8672 102.241 -2295.14 503.733 22.8698 503.734 778.497
GPRESSURE: 3120000 2323.46 117.679 81.7279 139.125 -2300.43 441.216 -75.5887 531.956 834.454
PRESSAVG: 3120000 2199.27 19.3465 -44.2825 19.3465 -2056.04 38.5818 -44.2825 38.5818 -23.7434
GPRESSAVG: 3120000 2201.28 -2.29793 -26.6809 26.9454 -2059.83 28.7647 -38.3984 42.5922 -21.4523
TIMING: 3120000  CPU: 2885.79, 0.000922173/step  Wall: 2886.02, 0.00092221/step, 374.752 ns/days, 0.481599 hours remaining, 0.000000 MB of memory in use.
PERFORMANCE: 3120000  averaging 373.622 ns/day, 0.000925 sec/step with standard deviation 8.2714e-06
ENERGY: 3120000         7.7126        31.2550        15.6410         1.1024         -46280.7751    -86006.6760         0.0000         0.0000      9739.7734        -122491.9665       298.1947   -132231.7400   -122490.0659       297.2774            284.9344       285.8287    167630.1315        39.8296        40.0025

WRITING EXTENDED SYSTEM TO RESTART FILE AT STEP 3120000
WRITING COORDINATES TO DCD FILE ../output/01_eq_1_CLK.0.dcd AT STEP 3120000
WRITING COORDINATES TO RESTART FILE AT STEP 3120000
FINISHED WRITING RESTART COORDINATES
WRITING VELOCITIES TO RESTART FILE AT STEP 3120000
FINISHED WRITING RESTART VELOCITIES
PRESSURE: 3130000 1968.69 23.002 -80.295 23.0009 -2700.55 80.7359 -80.2952 80.736 -58.9596
GPRESSURE: 3130000 1958.96 104.31 -135.138 5.79316 -2710.31 214.63 -55.0449 91.4099 -33.2987
PRESSAVG: 3130000 2143.64 21.7457 -39.7579 21.7457 -2084.23 28.0657 -39.7579 28.0657 -71.6123
GPRESSAVG: 3130000 2147.61 1.81123 -20.2075 29.6842 -2090.3 29.3748 -34.4854 28.7595 -69.323
TIMING: 3130000  CPU: 2895.03, 0.00092347/step  Wall: 2895.26, 0.000923545/step, 374.21 ns/days, 0.47973 hours remaining, 0.000000 MB of memory in use.
PERFORMANCE: 3130000  averaging 373.623 ns/day, 0.000924996 sec/step with standard deviation 8.25854e-06
ENERGY: 3130000         6.6723        31.6755        17.1275         2.1857         -46372.7662    -85836.2210         0.0000         0.0000      9792.5523        -122358.7739       299.8106   -132151.3261   -122483.2224       297.5015           -263.6057      -261.5503    167027.8237        -4.0682        -4.0057

WRITING EXTENDED SYSTEM TO RESTART FILE AT STEP 3130000
WRITING COORDINATES TO DCD FILE ../output/01_eq_1_CLK.0.dcd AT STEP 3130000
WRITING COORDINATES TO RESTART FILE AT STEP 3130000
FINISHED WRITING RESTART COORDINATES
WRITING VELOCITIES TO RESTART FILE AT STEP 3130000
FINISHED WRITING RESTART VELOCITIES
PRESSURE: 3140000 2371.52 -34.6802 -184.979 -34.681 -2039.76 -4.12691 -184.981 -4.12561 -124.282
GPRESSURE: 3140000 2420.29 17.6493 -218.453 -98.544 -2041.12 -45.6974 -204.045 48.7353 -158.291
PRESSAVG: 3140000 2183.49 8.59232 -56.9889 8.59232 -2061.16 14.5382 -56.9889 14.5382 -66.6139
GPRESSAVG: 3140000 2187.44 1.80445 -38.1775 11.2362 -2064.79 14.1008 -49.4837 12.2418 -66.0009
TIMING: 3140000  CPU: 2904.24, 0.000921054/step  Wall: 2904.47, 0.000921161/step, 375.179 ns/days, 0.475933 hours remaining, 0.000000 MB of memory in use.
PERFORMANCE: 3140000  averaging 373.628 ns/day, 0.000924983 sec/step with standard deviation 8.24818e-06
ENERGY: 3140000        12.1163        30.3224        21.2919         0.3345         -46240.8054    -85939.0828         0.0000         0.0000      9830.4276        -122285.3955       300.9702   -132115.8231   -122485.1438       297.4872             69.1583        73.6255    167486.3377        18.5734        18.8850

WRITING EXTENDED SYSTEM TO RESTART FILE AT STEP 3140000
WRITING COORDINATES TO DCD FILE ../output/01_eq_1_CLK.0.dcd AT STEP 3140000
WRITING COORDINATES TO RESTART FILE AT STEP 3140000
FINISHED WRITING RESTART COORDINATES
WRITING VELOCITIES TO RESTART FILE AT STEP 3140000
FINISHED WRITING RESTART VELOCITIES
PRESSURE: 3150000 1508.43 -220.54 -216.951 -220.539 -1804.7 -84.9996 -216.951 -85.0003 312.429
GPRESSURE: 3150000 1553.84 -196.376 -210.145 -197.622 -1844.92 -82.1648 -154.622 -58.1284 292.587
PRESSAVG: 3150000 2187 -14.9878 -76.4441 -14.9878 -2025.16 23.7802 -76.4441 23.7802 -19.4694
GPRESSAVG: 3150000 2192.05 -19.3569 -59.552 -12.1864 -2028.94 24.4899 -68.4919 22.6978 -20.8159
TIMING: 3150000  CPU: 2913.5, 0.000926276/step  Wall: 2913.73, 0.000926277/step, 373.107 ns/days, 0.476003 hours remaining, 0.000000 MB of memory in use.
PERFORMANCE: 3150000  averaging 373.627 ns/day, 0.000924987 sec/step with standard deviation 8.23535e-06
ENERGY: 3150000         8.6020        30.9899        18.2344         0.2544         -46148.7386    -86002.6778         0.0000         0.0000      9611.0321        -122482.3036       294.2531   -132093.3357   -122480.6395       297.2643              5.3882         0.5008    167011.1494        47.4589        47.4312

WRITING EXTENDED SYSTEM TO RESTART FILE AT STEP 3150000
WRITING COORDINATES TO DCD FILE ../output/01_eq_1_CLK.0.dcd AT STEP 3150000
WRITING COORDINATES TO RESTART FILE AT STEP 3150000
FINISHED WRITING RESTART COORDINATES
WRITING VELOCITIES TO RESTART FILE AT STEP 3150000
FINISHED WRITING RESTART VELOCITIES
PRESSURE: 3160000 2500.99 -107.325 -202.835 -107.327 -1609.21 -151.1 -202.834 -151.1 689.223
GPRESSURE: 3160000 2530.38 -170.825 -198.062 -62.9588 -1654.92 -132.329 -181.954 -177.76 709.691
PRESSAVG: 3160000 2189.08 -24.0023 -100.32 -24.0023 -2025.89 24.3514 -100.32 24.3514 25.8194
GPRESSAVG: 3160000 2195.98 -34.9505 -88.4592 -16.7468 -2032.23 24.6267 -87.8435 18.6213 26.3291
TIMING: 3160000  CPU: 2922.78, 0.000927578/step  Wall: 2923.01, 0.000927677/step, 372.543 ns/days, 0.474146 hours remaining, 0.000000 MB of memory in use.
PERFORMANCE: 3160000  averaging 373.623 ns/day, 0.000924996 sec/step with standard deviation 8.22366e-06
ENERGY: 3160000        12.9012        30.7079        18.1069         3.1050         -46050.7030    -85954.3732         0.0000         0.0000      9747.7538        -122192.5013       298.4390   -131940.2552   -122472.0715       297.1574            526.9982       528.3834    167550.2549        63.0032        63.3590

WRITING EXTENDED SYSTEM TO RESTART FILE AT STEP 3160000
WRITING COORDINATES TO DCD FILE ../output/01_eq_1_CLK.0.dcd AT STEP 3160000
WRITING COORDINATES TO RESTART FILE AT STEP 3160000
FINISHED WRITING RESTART COORDINATES
WRITING VELOCITIES TO RESTART FILE AT STEP 3160000
FINISHED WRITING RESTART VELOCITIES
PRESSURE: 3170000 2654.13 -301.282 -83.3512 -301.281 -2330.5 273.76 -83.3522 273.762 -103.612
GPRESSURE: 3170000 2656.81 -363.749 -247.811 -162.391 -2355.06 347.932 -44.3233 253.987 -88.3656
PRESSAVG: 3170000 2196.16 -35.9577 -87.2215 -35.9577 -2048.27 30.7122 -87.2215 30.7122 6.63623
GPRESSAVG: 3170000 2202.84 -47.3551 -87.0178 -15.9668 -2056.89 28.0682 -71.267 26.9119 9.38965
TIMING: 3170000  CPU: 2932.06, 0.000927981/step  Wall: 2932.29, 0.000927916/step, 372.448 ns/days, 0.47169 hours remaining, 0.000000 MB of memory in use.
PERFORMANCE: 3170000  averaging 373.62 ns/day, 0.000925005 sec/step with standard deviation 8.21228e-06
ENERGY: 3170000         7.4655        33.0962        19.2005         0.6981         -46156.0025    -85939.3579         0.0000         0.0000      9631.2316        -122403.6686       294.8715   -132034.9003   -122446.9638       297.2484             73.3387        71.1268    167468.5110        51.5079        51.7807

WRITING EXTENDED SYSTEM TO RESTART FILE AT STEP 3170000
WRITING COORDINATES TO DCD FILE ../output/01_eq_1_CLK.0.dcd AT STEP 3170000
WRITING COORDINATES TO RESTART FILE AT STEP 3170000
FINISHED WRITING RESTART COORDINATES
WRITING VELOCITIES TO RESTART FILE AT STEP 3170000
FINISHED WRITING RESTART VELOCITIES
PRESSURE: 3180000 1284.55 -51.8172 285.069 -51.8191 -2929.22 -245.498 285.068 -245.499 -1054.45
GPRESSURE: 3180000 1286.53 -94.8105 308.151 -81.2704 -2965.53 -144.332 287.796 -322.136 -1030.93
PRESSAVG: 3180000 2157.27 -32.974 -52.62 -32.974 -2096.83 25.3003 -52.62 25.3003 -17.8941
GPRESSAVG: 3180000 2162.32 -45.3288 -47.9369 -11.19 -2105.77 28.1432 -38.0196 13.3313 -14.1307
TIMING: 3180000  CPU: 2941.31, 0.000925077/step  Wall: 2941.54, 0.000925112/step, 373.576 ns/days, 0.467696 hours remaining, 0.000000 MB of memory in use.
PERFORMANCE: 3180000  averaging 373.619 ns/day, 0.000925006 sec/step with standard deviation 8.19932e-06
ENERGY: 3180000         4.9232        37.9893        24.9485         1.9765         -46227.2122    -85975.0199         0.0000         0.0000      9665.4281        -122466.9665       295.9185   -132132.3946   -122453.0979       297.0677           -899.7082      -903.3103    167120.3405        14.1829        14.1396

WRITING EXTENDED SYSTEM TO RESTART FILE AT STEP 3180000
WRITING COORDINATES TO DCD FILE ../output/01_eq_1_CLK.0.dcd AT STEP 3180000
WRITING COORDINATES TO RESTART FILE AT STEP 3180000
FINISHED WRITING RESTART COORDINATES
WRITING VELOCITIES TO RESTART FILE AT STEP 3180000
FINISHED WRITING RESTART VELOCITIES
PRESSURE: 3190000 2459.75 121.693 -38.4273 121.692 -1811.21 307.599 -38.4266 307.602 421.447
GPRESSURE: 3190000 2501.95 71.0532 -45.0622 106.494 -1852.22 333.22 -40.6191 228.161 420.96
PRESSAVG: 3190000 2201.63 -27.0579 -56.1668 -27.0579 -2099.61 39.9296 -56.1668 39.9296 18.6471
GPRESSAVG: 3190000 2210.81 -37.2873 -51.3823 -9.59652 -2110.32 46.1788 -44.1858 22.7154 19.9537
TIMING: 3190000  CPU: 2950.55, 0.000924776/step  Wall: 2950.79, 0.000924815/step, 373.696 ns/days, 0.464977 hours remaining, 0.000000 MB of memory in use.
PERFORMANCE: 3190000  averaging 373.62 ns/day, 0.000925005 sec/step with standard deviation 8.18642e-06
ENERGY: 3190000         7.9095        26.4379        18.6956         0.9868         -46358.4520    -85914.4478         0.0000         0.0000      9754.5950        -122464.2750       298.6485   -132218.8700   -122451.8030       297.0175            356.6628       356.8967    165857.2538        40.2211        40.1476

WRITING EXTENDED SYSTEM TO RESTART FILE AT STEP 3190000
WRITING COORDINATES TO DCD FILE ../output/01_eq_1_CLK.0.dcd AT STEP 3190000
WRITING COORDINATES TO RESTART FILE AT STEP 3190000
FINISHED WRITING RESTART COORDINATES
WRITING VELOCITIES TO RESTART FILE AT STEP 3190000
FINISHED WRITING RESTART VELOCITIES
PRESSURE: 3200000 2085.34 33.7154 -264.737 33.7154 -2086.63 95.0102 -264.736 95.0095 -246.289
GPRESSURE: 3200000 2130.87 99.4092 -301.656 -54.412 -2085.05 89.7321 -162.115 166.04 -313.804
PRESSAVG: 3200000 2200.17 -26.8179 -70.9435 -26.8179 -2118.07 67.669 -70.9435 67.669 0.594847
GPRESSAVG: 3200000 2211.9 -36.1261 -69.9993 -9.49306 -2129.36 74.7509 -52.1812 50.5958 -0.881926
TIMING: 3200000  CPU: 2959.83, 0.000927778/step  Wall: 2960.07, 0.000927853/step, 372.473 ns/days, 0.463927 hours remaining, 0.000000 MB of memory in use.
PERFORMANCE: 3200000  averaging 373.616 ns/day, 0.000925014 sec/step with standard deviation 8.17513e-06
ETITLE:      TS           BOND          ANGLE          DIHED          IMPRP               ELECT            VDW       BOUNDARY           MISC        KINETIC               TOTAL           TEMP      POTENTIAL       TOTALAVG        TEMPAVG            PRESSURE      GPRESSURE         VOLUME       PRESSAVG      GPRESSAVG

ENERGY: 3200000         6.1846        35.9474        14.9000         2.3290         -46446.5018    -85850.9114         0.0000         0.0000      9756.0676        -122481.9847       298.6935   -132238.0522   -122455.1252       297.0586            -82.5282       -89.3295    167395.1514        27.5659        27.2189

WRITING EXTENDED SYSTEM TO RESTART FILE AT STEP 3200000
WRITING COORDINATES TO DCD FILE ../output/01_eq_1_CLK.0.dcd AT STEP 3200000
WRITING COORDINATES TO RESTART FILE AT STEP 3200000
FINISHED WRITING RESTART COORDINATES
WRITING VELOCITIES TO RESTART FILE AT STEP 3200000
FINISHED WRITING RESTART VELOCITIES
PRESSURE: 3210000 2521.99 194.178 50.2351 194.181 -1691.29 -360.337 50.2343 -360.339 32.8087
GPRESSURE: 3210000 2580.19 112.015 89.9738 271.667 -1700.93 -377.478 149.141 -221.201 -33.7445
PRESSAVG: 3210000 2215.49 -18.464 -46.7395 -18.464 -2117.03 58.2747 -46.7395 58.2747 0.391614
GPRESSAVG: 3210000 2231.74 -32.5301 -40.7696 0.847533 -2128.06 63.8131 -30.931 48.8521 -6.44623
TIMING: 3210000  CPU: 2969.11, 0.000928078/step  Wall: 2969.35, 0.000928105/step, 372.372 ns/days, 0.461475 hours remaining, 0.000000 MB of memory in use.
PERFORMANCE: 3210000  averaging 373.612 ns/day, 0.000925023 sec/step with standard deviation 8.16417e-06
ENERGY: 3210000         9.0602        27.0779        14.8616         0.6397         -46312.9498    -85926.6391         0.0000         0.0000      9700.2655        -122487.6840       296.9851   -132187.9495   -122468.1486       296.8656            287.8385       281.8384    167041.1507        32.9524        32.4093

WRITING EXTENDED SYSTEM TO RESTART FILE AT STEP 3210000
WRITING COORDINATES TO DCD FILE ../output/01_eq_1_CLK.0.dcd AT STEP 3210000
WRITING COORDINATES TO RESTART FILE AT STEP 3210000
FINISHED WRITING RESTART COORDINATES
WRITING VELOCITIES TO RESTART FILE AT STEP 3210000
FINISHED WRITING RESTART VELOCITIES
PRESSURE: 3220000 1783.07 91.6844 339.44 91.684 -2323.66 49.0625 339.44 49.0612 146.649
GPRESSURE: 3220000 1783.9 49.4854 303.022 145.297 -2366.85 9.99795 349.876 143.638 180.792
PRESSAVG: 3220000 2218.18 -10.0195 -24.2439 -10.0195 -2088.18 36.6369 -24.2439 36.6369 11.3533
GPRESSAVG: 3220000 2233.84 -19.7003 -17.6191 8.62027 -2099.2 40.3303 -10.9207 32.8591 4.35339
TIMING: 3220000  CPU: 2978.4, 0.000928179/step  Wall: 2978.63, 0.000928171/step, 372.345 ns/days, 0.458929 hours remaining, 0.000000 MB of memory in use.
PERFORMANCE: 3220000  averaging 373.608 ns/day, 0.000925033 sec/step with standard deviation 8.15333e-06
ENERGY: 3220000        14.4269        34.0228        15.1799         1.3102         -46216.9105    -86037.1764         0.0000         0.0000      9708.5088        -122480.6383       297.2375   -132189.1472   -122470.6194       296.8832           -131.3123      -134.0546    166318.3023        47.1161        46.3320

WRITING EXTENDED SYSTEM TO RESTART FILE AT STEP 3220000
WRITING COORDINATES TO DCD FILE ../output/01_eq_1_CLK.0.dcd AT STEP 3220000
WRITING COORDINATES TO RESTART FILE AT STEP 3220000
FINISHED WRITING RESTART COORDINATES
WRITING VELOCITIES TO RESTART FILE AT STEP 3220000
FINISHED WRITING RESTART VELOCITIES
PRESSURE: 3230000 2227.09 -281.725 8.80694 -281.726 -2409.97 438.234 8.80866 438.237 1057.33
GPRESSURE: 3230000 2166.9 -250.64 8.4043 -308.214 -2281.1 369.741 23.4162 440.506 997.073
PRESSAVG: 3230000 2210.74 -20.6697 -16.3811 -20.6697 -2102.31 59.7574 -16.3811 59.7574 81.2619
GPRESSAVG: 3230000 2222.36 -29.1068 -9.27989 -3.5979 -2107.68 60.8823 -7.74559 58.6949 73.3094
TIMING: 3230000  CPU: 2987.66, 0.000926952/step  Wall: 2987.9, 0.000927076/step, 372.785 ns/days, 0.455812 hours remaining, 0.000000 MB of memory in use.
PERFORMANCE: 3230000  averaging 373.606 ns/day, 0.00092504 sec/step with standard deviation 8.14145e-06
ENERGY: 3230000         8.9556        31.4724        16.7818         0.5310         -46446.7464    -86002.8255         0.0000         0.0000      9705.1660        -122686.6651       297.1351   -132391.8311   -122479.1008       296.8979            291.4808       294.2919    166289.5525        63.2308        62.6637

WRITING EXTENDED SYSTEM TO RESTART FILE AT STEP 3230000
WRITING COORDINATES TO DCD FILE ../output/01_eq_1_CLK.0.dcd AT STEP 3230000
WRITING COORDINATES TO RESTART FILE AT STEP 3230000
FINISHED WRITING RESTART COORDINATES
WRITING VELOCITIES TO RESTART FILE AT STEP 3230000
FINISHED WRITING RESTART VELOCITIES
PRESSURE: 3240000 1833.49 -46.2049 -13.3954 -46.207 -2424.74 431.376 -13.3966 431.375 -110.353
GPRESSURE: 3240000 1859.46 -52.0928 61.0565 -60.3487 -2466.3 379.361 50.2659 364.963 -110.051
PRESSAVG: 3240000 2161.75 -21.401 -18.6698 -21.401 -2136.46 91.8281 -18.6698 91.8281 66.233
GPRESSAVG: 3240000 2174.72 -33.0765 -13.4465 -4.19208 -2142.55 91.5186 -9.14309 91.7319 57.5811
TIMING: 3240000  CPU: 2996.93, 0.00092678/step  Wall: 2997.17, 0.000926783/step, 372.903 ns/days, 0.453094 hours remaining, 0.000000 MB of memory in use.
PERFORMANCE: 3240000  averaging 373.603 ns/day, 0.000925045 sec/step with standard deviation 8.12942e-06
ENERGY: 3240000         8.8751        35.5838        18.0432         5.0884         -46170.3504    -85891.2767         0.0000         0.0000      9788.8209        -122205.2156       299.6963   -131994.0365   -122454.9769       297.1011           -233.8668      -238.9624    167102.3666        30.5088        29.9184

WRITING EXTENDED SYSTEM TO RESTART FILE AT STEP 3240000
WRITING COORDINATES TO DCD FILE ../output/01_eq_1_CLK.0.dcd AT STEP 3240000
WRITING COORDINATES TO RESTART FILE AT STEP 3240000
FINISHED WRITING RESTART COORDINATES
WRITING VELOCITIES TO RESTART FILE AT STEP 3240000
FINISHED WRITING RESTART VELOCITIES
PRESSURE: 3250000 1729.54 -97.2821 -151.762 -97.2827 -2232.13 54.7936 -151.761 54.7971 -478.227
GPRESSURE: 3250000 1745.87 -159.312 -85.8918 -17.7599 -2231.68 53.228 -91.905 14.129 -479.993
PRESSAVG: 3250000 2141.61 -23.006 -24.3624 -23.006 -2142.78 86.883 -24.3624 86.883 67.3199
GPRESSAVG: 3250000 2157.11 -40.9372 -15.1071 -0.639606 -2152.36 86.0951 -8.86225 91.2639 60.0356
TIMING: 3250000  CPU: 3006.17, 0.00092408/step  Wall: 3006.41, 0.000924113/step, 373.98 ns/days, 0.449222 hours remaining, 0.000000 MB of memory in use.
PERFORMANCE: 3250000  averaging 373.605 ns/day, 0.000925042 sec/step with standard deviation 8.11703e-06
ENERGY: 3250000         8.0300        34.7139        19.8580         3.6566         -46211.1041    -85800.3273         0.0000         0.0000      9784.3280        -122160.8448       299.5588   -131945.1728   -122442.4294       297.1506           -326.9398      -321.9344    167609.4245        22.0489        21.5946

WRITING EXTENDED SYSTEM TO RESTART FILE AT STEP 3250000
WRITING COORDINATES TO DCD FILE ../output/01_eq_1_CLK.0.dcd AT STEP 3250000
WRITING COORDINATES TO RESTART FILE AT STEP 3250000
FINISHED WRITING RESTART COORDINATES
WRITING VELOCITIES TO RESTART FILE AT STEP 3250000
FINISHED WRITING RESTART VELOCITIES
PRESSURE: 3260000 2487.09 9.24963 182.018 9.24937 -1866.68 4.76144 182.019 4.7602 -30.0393
GPRESSURE: 3260000 2512.56 160.647 164.607 81.9782 -1863.47 -56.2277 177.192 61.5948 -60.7946
PRESSAVG: 3260000 2145.41 -19.183 -19.3649 -19.183 -2162.79 94.5069 -19.3649 94.5069 44.9035
GPRESSAVG: 3260000 2159.23 -26.1568 -11.6758 5.05484 -2171.44 88.0109 -3.35045 99.1022 38.5669
TIMING: 3260000  CPU: 3015.44, 0.000926368/step  Wall: 3015.67, 0.000926438/step, 373.042 ns/days, 0.447779 hours remaining, 0.000000 MB of memory in use.
PERFORMANCE: 3260000  averaging 373.603 ns/day, 0.000925046 sec/step with standard deviation 8.1049e-06
ENERGY: 3260000         7.4859        25.9628        19.3452         1.5496         -46403.5878    -85889.8163         0.0000         0.0000      9837.8974        -122401.1632       301.1989   -132239.0606   -122430.3141       297.5016            196.7891       196.0994    167168.5900         9.1758         8.7857

WRITING EXTENDED SYSTEM TO RESTART FILE AT STEP 3260000
WRITING COORDINATES TO DCD FILE ../output/01_eq_1_CLK.0.dcd AT STEP 3260000
WRITING COORDINATES TO RESTART FILE AT STEP 3260000
FINISHED WRITING RESTART COORDINATES
WRITING VELOCITIES TO RESTART FILE AT STEP 3260000
FINISHED WRITING RESTART VELOCITIES
PRESSURE: 3270000 1915.96 -93.7714 -75.8605 -93.7696 -2175.87 -214.538 -75.8601 -214.537 -236.581
GPRESSURE: 3270000 1962.15 -105.526 -108.817 -125.636 -2196.3 -290.966 -11.8606 -116.311 -264.58
PRESSAVG: 3270000 2148.15 -9.06022 -4.88613 -9.06022 -2134.78 74.3954 -4.88613 74.3954 22.7482
GPRESSAVG: 3270000 2163.48 -16.9173 -0.489528 11.8766 -2144.77 61.832 16.841 90.092 15.965
TIMING: 3270000  CPU: 3024.72, 0.000928171/step  Wall: 3024.95, 0.00092821/step, 372.33 ns/days, 0.446056 hours remaining, 0.000000 MB of memory in use.
PERFORMANCE: 3270000  averaging 373.599 ns/day, 0.000925056 sec/step with standard deviation 8.09435e-06
ENERGY: 3270000         7.2314        28.2388        16.6865         0.4003         -46251.1871    -85959.1077         0.0000         0.0000      9690.9266        -122466.8114       296.6992   -132157.7379   -122425.2817       297.5980           -165.4996      -166.2403    167449.1964        12.0388        11.5583

WRITING EXTENDED SYSTEM TO RESTART FILE AT STEP 3270000
WRITING COORDINATES TO DCD FILE ../output/01_eq_1_CLK.0.dcd AT STEP 3270000
WRITING COORDINATES TO RESTART FILE AT STEP 3270000
FINISHED WRITING RESTART COORDINATES
WRITING VELOCITIES TO RESTART FILE AT STEP 3270000
FINISHED WRITING RESTART VELOCITIES
PRESSURE: 3280000 1493.34 -292.157 -242.292 -292.154 -2048.73 -215.916 -242.291 -215.917 379.131
GPRESSURE: 3280000 1533.77 -281.203 -141.41 -284.554 -2021.88 -226.683 -230.751 -264.652 309.402
PRESSAVG: 3280000 2070.4 -27.6546 -26.1464 -27.6546 -2157.23 45.4973 -26.1464 45.4973 49.5531
GPRESSAVG: 3280000 2085.85 -38.1533 -26.0036 -5.4746 -2162.64 32.4877 -6.74873 55.2674 37.5273
TIMING: 3280000  CPU: 3034.01, 0.000929053/step  Wall: 3034.25, 0.000929179/step, 371.941 ns/days, 0.443941 hours remaining, 0.000000 MB of memory in use.
PERFORMANCE: 3280000  averaging 373.594 ns/day, 0.000925069 sec/step with standard deviation 8.08517e-06
ENERGY: 3280000         5.6243        32.0078        13.5069         0.4431         -46242.4218    -85902.2674         0.0000         0.0000      9674.1895        -122418.9178       296.1868   -132093.1073   -122425.0061       297.6074            -58.7545       -59.5690    167063.0085       -12.4241       -13.0846

WRITING EXTENDED SYSTEM TO RESTART FILE AT STEP 3280000
WRITING COORDINATES TO DCD FILE ../output/01_eq_1_CLK.0.dcd AT STEP 3280000
WRITING COORDINATES TO RESTART FILE AT STEP 3280000
FINISHED WRITING RESTART COORDINATES
WRITING VELOCITIES TO RESTART FILE AT STEP 3280000
FINISHED WRITING RESTART VELOCITIES
PRESSURE: 3290000 2979.07 419.455 -105.862 419.455 -1821.48 319.795 -105.862 319.794 134.221
GPRESSURE: 3290000 2951.51 215.563 -59.1735 456.469 -1812.7 255.563 -92.7274 291.216 156.19
PRESSAVG: 3290000 2118.67 -6.10371 -27.3798 -6.10371 -2144.49 63.7958 -27.3798 63.7958 75.1922
GPRESSAVG: 3290000 2130.98 -19.789 -21.7557 9.39466 -2150.33 51.1572 -7.66276 74.9262 66.9709
TIMING: 3290000  CPU: 3043.24, 0.000923071/step  Wall: 3043.48, 0.000923122/step, 374.382 ns/days, 0.438483 hours remaining, 0.000000 MB of memory in use.
PERFORMANCE: 3290000  averaging 373.596 ns/day, 0.000925063 sec/step with standard deviation 8.07355e-06
ENERGY: 3290000         8.0867        29.4762        15.8418         0.5953         -46433.7774    -85915.6055         0.0000         0.0000      9732.5707        -122562.8121       297.9742   -132295.3828   -122433.3138       297.5599            430.6032       431.6664    167030.2845        16.4561        15.8743

WRITING EXTENDED SYSTEM TO RESTART FILE AT STEP 3290000
WRITING COORDINATES TO DCD FILE ../output/01_eq_1_CLK.0.dcd AT STEP 3290000
WRITING COORDINATES TO RESTART FILE AT STEP 3290000
FINISHED WRITING RESTART COORDINATES
WRITING VELOCITIES TO RESTART FILE AT STEP 3290000
FINISHED WRITING RESTART VELOCITIES
PRESSURE: 3300000 1554.31 -213.461 66.6523 -213.462 -2323.97 157.898 66.6534 157.897 112.612
GPRESSURE: 3300000 1630.34 -258.884 -29.3151 -135.278 -2367.64 101.923 175.938 241.686 86.9882
PRESSAVG: 3300000 2068.76 -33.5612 -25.7046 -33.5612 -2150.9 62.3733 -25.7046 62.3733 56.5743
GPRESSAVG: 3300000 2085.88 -46.5924 -28.3922 -12.4509 -2160.41 49.9471 1.68382 78.9016 47.1979
TIMING: 3300000  CPU: 3052.45, 0.000920563/step  Wall: 3052.68, 0.000920659/step, 375.383 ns/days, 0.434756 hours remaining, 0.000000 MB of memory in use.
PERFORMANCE: 3300000  averaging 373.602 ns/day, 0.000925049 sec/step with standard deviation 8.06491e-06
ETITLE:      TS           BOND          ANGLE          DIHED          IMPRP               ELECT            VDW       BOUNDARY           MISC        KINETIC               TOTAL           TEMP      POTENTIAL       TOTALAVG        TEMPAVG            PRESSURE      GPRESSURE         VOLUME       PRESSAVG      GPRESSAVG

ENERGY: 3300000         5.5677        23.0956        18.4566         0.3565         -46138.3139    -85925.2690         0.0000         0.0000      9673.6400        -122342.4666       296.1699   -132016.1065   -122414.3369       297.6724           -219.0162      -216.7704    168380.0948        -8.5220        -9.1105

WRITING EXTENDED SYSTEM TO RESTART FILE AT STEP 3300000
WRITING COORDINATES TO DCD FILE ../output/01_eq_1_CLK.0.dcd AT STEP 3300000
WRITING COORDINATES TO RESTART FILE AT STEP 3300000
FINISHED WRITING RESTART COORDINATES
WRITING VELOCITIES TO RESTART FILE AT STEP 3300000
FINISHED WRITING RESTART VELOCITIES
PRESSURE: 3310000 2429.92 -102.959 188.274 -102.958 -1660.25 31.2303 188.273 31.2294 233.576
GPRESSURE: 3310000 2393.25 -29.3346 243.712 -29.1261 -1577.54 113.553 118.746 5.35462 202.202
PRESSAVG: 3310000 2107.98 -42.3994 -25.869 -42.3994 -2129.29 73.5738 -25.869 73.5738 92.7563
GPRESSAVG: 3310000 2124.15 -50.7471 -26.014 -20.5646 -2134.8 67.7109 -0.659258 86.1594 80.8243
TIMING: 3310000  CPU: 3061.62, 0.000917777/step  Wall: 3061.86, 0.000917765/step, 376.567 ns/days, 0.43084 hours remaining, 0.000000 MB of memory in use.
PERFORMANCE: 3310000  averaging 373.611 ns/day, 0.000925027 sec/step with standard deviation 8.06263e-06
ENERGY: 3310000         9.0018        26.8019        18.1456         0.6642         -46455.1811    -85848.3553         0.0000         0.0000      9668.2690        -122580.6538       296.0055   -132248.9229   -122421.0854       297.7323            334.4124       339.3054    167450.1955        23.8187        23.3921

WRITING EXTENDED SYSTEM TO RESTART FILE AT STEP 3310000
WRITING COORDINATES TO DCD FILE ../output/01_eq_1_CLK.0.dcd AT STEP 3310000
WRITING COORDINATES TO RESTART FILE AT STEP 3310000
FINISHED WRITING RESTART COORDINATES
WRITING VELOCITIES TO RESTART FILE AT STEP 3310000
FINISHED WRITING RESTART VELOCITIES
PRESSURE: 3320000 2184.02 -246.033 183.898 -246.031 -2000.31 535.148 183.897 535.148 -725.061
GPRESSURE: 3320000 2212.6 -217.333 105.125 -251.642 -2034.51 447.678 176.743 540.364 -733.979
PRESSAVG: 3320000 2098.61 -59.813 -17.8177 -59.813 -2114.54 75.1445 -17.8177 75.1445 17.5784
GPRESSAVG: 3320000 2118.61 -67.4977 -24.8441 -40.103 -2121.5 68.034 11.9573 86.5799 2.40264
TIMING: 3320000  CPU: 3070.85, 0.000922276/step  Wall: 3071.09, 0.000922379/step, 374.683 ns/days, 0.430444 hours remaining, 0.000000 MB of memory in use.
PERFORMANCE: 3320000  averaging 373.614 ns/day, 0.000925019 sec/step with standard deviation 8.05175e-06
ENERGY: 3320000         8.7571        28.3937        15.5352         1.5848         -46279.7468    -86016.4382         0.0000         0.0000      9846.6768        -122395.2373       301.4677   -132241.9141   -122416.2490       297.8960           -180.4488      -185.2972    167469.4758         0.5495        -0.1642

WRITING EXTENDED SYSTEM TO RESTART FILE AT STEP 3320000
WRITING COORDINATES TO DCD FILE ../output/01_eq_1_CLK.0.dcd AT STEP 3320000
WRITING COORDINATES TO RESTART FILE AT STEP 3320000
FINISHED WRITING RESTART COORDINATES
WRITING VELOCITIES TO RESTART FILE AT STEP 3320000
FINISHED WRITING RESTART VELOCITIES
PRESSURE: 3330000 1632.76 175.928 451.226 175.927 -2033.86 172.269 451.225 172.272 204.89
GPRESSURE: 3330000 1722.34 360.476 534.55 62.1998 -2035.93 63.153 332.98 408.217 104.06
PRESSAVG: 3330000 2081.82 -52.1667 8.75836 -52.1667 -2081.21 79.7213 8.75836 79.7213 30.7709
GPRESSAVG: 3330000 2106.78 -54.6895 8.64033 -37.2826 -2087.78 60.4601 31.3585 102.42 9.27059
TIMING: 3330000  CPU: 3080.08, 0.000923451/step  Wall: 3080.32, 0.000923531/step, 374.216 ns/days, 0.428416 hours remaining, 0.000000 MB of memory in use.
PERFORMANCE: 3330000  averaging 373.616 ns/day, 0.000925015 sec/step with standard deviation 8.04003e-06
ENERGY: 3330000         8.2143        32.4291        16.9955         1.4585         -46561.1732    -85860.7034         0.0000         0.0000      9660.4268        -122702.3523       295.7654   -132362.7791   -122433.4279       297.6937            -65.4030       -69.8421    167543.5756        10.4596         9.4212

WRITING EXTENDED SYSTEM TO RESTART FILE AT STEP 3330000
WRITING COORDINATES TO DCD FILE ../output/01_eq_1_CLK.0.dcd AT STEP 3330000
WRITING COORDINATES TO RESTART FILE AT STEP 3330000
FINISHED WRITING RESTART COORDINATES
WRITING VELOCITIES TO RESTART FILE AT STEP 3330000
FINISHED WRITING RESTART VELOCITIES
PRESSURE: 3340000 2093.15 317.937 191.698 317.935 -2078.11 19.5604 191.698 19.5604 -420.802
GPRESSURE: 3340000 2141.84 333.73 256.828 217.235 -2096.64 94.1501 209.66 34.1828 -457.82
PRESSAVG: 3340000 2067.9 -34.5358 27.5923 -34.5358 -2083.13 80.9056 27.5923 80.9056 15.9449
GPRESSAVG: 3340000 2092.85 -38.8854 32.4043 -21.4937 -2090.56 67.4525 52.0438 101.693 -5.70585
TIMING: 3340000  CPU: 3089.3, 0.000921774/step  Wall: 3089.54, 0.000921796/step, 374.92 ns/days, 0.42505 hours remaining, 0.000000 MB of memory in use.
PERFORMANCE: 3340000  averaging 373.619 ns/day, 0.000925005 sec/step with standard deviation 8.02988e-06
ENERGY: 3340000        10.9771        32.9170        18.2911         0.9943         -46287.5350    -85936.8553         0.0000         0.0000      9539.9873        -122621.2234       292.0780   -132161.2107   -122450.2193       297.2491           -135.2557      -137.5412    166826.1912         0.2389        -1.1371

WRITING EXTENDED SYSTEM TO RESTART FILE AT STEP 3340000
WRITING COORDINATES TO DCD FILE ../output/01_eq_1_CLK.0.dcd AT STEP 3340000
WRITING COORDINATES TO RESTART FILE AT STEP 3340000
FINISHED WRITING RESTART COORDINATES
WRITING VELOCITIES TO RESTART FILE AT STEP 3340000
FINISHED WRITING RESTART VELOCITIES
PRESSURE: 3350000 1683.57 210.419 60.88 210.419 -2459.54 12.8181 60.8798 12.8189 -681.038
GPRESSURE: 3350000 1728.61 43.9093 64.0986 194.29 -2466.84 -29.0819 112.722 -14.1152 -728.651
PRESSAVG: 3350000 2076.66 -12.988 41.4839 -12.988 -2115.87 85.7965 41.4839 85.7965 -33.7285
GPRESSAVG: 3350000 2101.59 -26.8712 46.1165 -1.89811 -2121.65 70.1067 65.411 103.893 -56.7678
TIMING: 3350000  CPU: 3098.49, 0.000918964/step  Wall: 3098.73, 0.000919031/step, 376.048 ns/days, 0.421222 hours remaining, 0.000000 MB of memory in use.
PERFORMANCE: 3350000  averaging 373.627 ns/day, 0.000924987 sec/step with standard deviation 8.0245e-06
ENERGY: 3350000         9.2783        35.7998        16.0395         1.7844         -46143.8937    -86036.6238         0.0000         0.0000      9717.7493        -122399.8661       297.5204   -132117.6154   -122446.0974       297.4125           -485.6683      -488.9596    166768.6581       -24.3139       -25.6101

WRITING EXTENDED SYSTEM TO RESTART FILE AT STEP 3350000
WRITING COORDINATES TO DCD FILE ../output/01_eq_1_CLK.0.dcd AT STEP 3350000
WRITING COORDINATES TO RESTART FILE AT STEP 3350000
FINISHED WRITING RESTART COORDINATES
WRITING VELOCITIES TO RESTART FILE AT STEP 3350000
FINISHED WRITING RESTART VELOCITIES
PRESSURE: 3360000 2037.07 -239.486 -462.871 -239.486 -2057.14 -97.869 -462.873 -97.8682 -579.452
GPRESSURE: 3360000 1973.57 -253.463 -479.038 -191.957 -2070 -50.3628 -446.209 -23.5662 -500.052
PRESSAVG: 3360000 2053.46 -19.5959 28.4819 -19.5959 -2138.26 88.4581 28.4819 88.4581 -97.1622
GPRESSAVG: 3360000 2073.75 -31.003 32.0677 -8.34804 -2142.41 74.205 52.1982 111.603 -117.255
TIMING: 3360000  CPU: 3107.69, 0.000920669/step  Wall: 3107.94, 0.000920661/step, 375.383 ns/days, 0.419412 hours remaining, 0.000000 MB of memory in use.
PERFORMANCE: 3360000  averaging 373.632 ns/day, 0.000924975 sec/step with standard deviation 8.01599e-06
ENERGY: 3360000         4.7547        24.8527        13.2650         0.8592         -46313.6158    -85994.0509         0.0000         0.0000      9718.5021        -122545.4328       297.5434   -132263.9350   -122463.7440       297.3677           -199.8393      -198.8269    167409.7967       -60.6558       -61.9706

WRITING EXTENDED SYSTEM TO RESTART FILE AT STEP 3360000
WRITING COORDINATES TO DCD FILE ../output/01_eq_1_CLK.0.dcd AT STEP 3360000
WRITING COORDINATES TO RESTART FILE AT STEP 3360000
FINISHED WRITING RESTART COORDINATES
WRITING VELOCITIES TO RESTART FILE AT STEP 3360000
FINISHED WRITING RESTART VELOCITIES
PRESSURE: 3370000 2122.94 307.483 -248.78 307.486 -2004.73 155.992 -248.781 155.991 -179.932
GPRESSURE: 3370000 2117.47 283.159 -295.094 268.387 -1983.71 189.974 -200.817 237.117 -189.268
PRESSAVG: 3370000 2026.9 10.8425 20.2105 10.8425 -2121.98 82.5696 20.2105 82.5696 -100.978
GPRESSAVG: 3370000 2046.78 1.34234 29.7036 13.1908 -2123.84 66.3071 44.3735 110.759 -122.3
TIMING: 3370000  CPU: 3116.88, 0.00091888/step  Wall: 3117.12, 0.000918958/step, 376.078 ns/days, 0.416084 hours remaining, 0.000000 MB of memory in use.
PERFORMANCE: 3370000  averaging 373.639 ns/day, 0.000924957 sec/step with standard deviation 8.01076e-06
ENERGY: 3370000         8.7551        23.5853        15.4894         2.0702         -46341.3116    -85845.9410         0.0000         0.0000      9682.2275        -122455.1250       296.4328   -132137.3524   -122466.3168       297.4458            -20.5738       -18.5031    166800.6855       -65.3514       -66.4521

WRITING EXTENDED SYSTEM TO RESTART FILE AT STEP 3370000
WRITING COORDINATES TO DCD FILE ../output/01_eq_1_CLK.0.dcd AT STEP 3370000
WRITING COORDINATES TO RESTART FILE AT STEP 3370000
FINISHED WRITING RESTART COORDINATES
WRITING VELOCITIES TO RESTART FILE AT STEP 3370000
FINISHED WRITING RESTART VELOCITIES
PRESSURE: 3380000 2388.36 164.995 -245.952 164.997 -1912.77 57.2159 -245.952 57.2158 -60.4502
GPRESSURE: 3380000 2387.45 302.365 -357.64 148.709 -1910.56 9.26711 -219.227 138.539 -53.9354
PRESSAVG: 3380000 2082.09 21.6833 -6.3405 21.6833 -2071.15 97.7054 -6.3405 97.7054 -51.278
GPRESSAVG: 3380000 2101.83 21.2011 -3.58597 24.6898 -2071.09 73.9871 19.0223 133.793 -73.4502
TIMING: 3380000  CPU: 3126.06, 0.000917656/step  Wall: 3126.3, 0.000917803/step, 376.552 ns/days, 0.413011 hours remaining, 0.000000 MB of memory in use.
PERFORMANCE: 3380000  averaging 373.648 ns/day, 0.000924936 sec/step with standard deviation 8.00832e-06
ENERGY: 3380000         9.6828        30.1927        18.5407         1.1899         -46334.9759    -85848.9999         0.0000         0.0000      9751.9574        -122372.4123       298.5677   -132124.3697   -122461.5891       297.5782            138.3793       140.9877    167525.4455       -13.4470       -14.2372

WRITING EXTENDED SYSTEM TO RESTART FILE AT STEP 3380000
WRITING COORDINATES TO DCD FILE ../output/01_eq_1_CLK.0.dcd AT STEP 3380000
WRITING COORDINATES TO RESTART FILE AT STEP 3380000
FINISHED WRITING RESTART COORDINATES
WRITING VELOCITIES TO RESTART FILE AT STEP 3380000
FINISHED WRITING RESTART VELOCITIES
PRESSURE: 3390000 2033.54 -176.204 41.9812 -176.202 -2510.08 203.602 41.9829 203.6 373.052
GPRESSURE: 3390000 2032.86 -211.792 79.0358 -11.4352 -2537.22 340.507 100.788 258.369 402.895
PRESSAVG: 3390000 2060.78 6.78856 -2.32002 6.78856 -2106.1 92.5053 -2.32002 92.5053 -53.6978
GPRESSAVG: 3390000 2078.38 7.05887 2.61893 18.7934 -2105.34 74.3514 26.0927 135.304 -74.3535
TIMING: 3390000  CPU: 3135.26, 0.000920161/step  Wall: 3135.51, 0.000920282/step, 375.537 ns/days, 0.41157 hours remaining, 0.000000 MB of memory in use.
PERFORMANCE: 3390000  averaging 373.653 ns/day, 0.000924922 sec/step with standard deviation 8.00046e-06
ENERGY: 3390000        12.0697        29.0107        15.4539         0.9000         -46349.7383    -85966.6049         0.0000         0.0000      9716.8921        -122542.0167       297.4941   -132258.9088   -122465.4762       297.5205            -34.4976       -33.8197    166462.3180       -33.0050       -33.7731

WRITING EXTENDED SYSTEM TO RESTART FILE AT STEP 3390000
WRITING COORDINATES TO DCD FILE ../output/01_eq_1_CLK.0.dcd AT STEP 3390000
WRITING COORDINATES TO RESTART FILE AT STEP 3390000
FINISHED WRITING RESTART COORDINATES
WRITING VELOCITIES TO RESTART FILE AT STEP 3390000
FINISHED WRITING RESTART VELOCITIES
PRESSURE: 3400000 1816.14 -169.143 161.596 -169.143 -2549.9 68.3797 161.597 68.3791 309.065
GPRESSURE: 3400000 1833.5 -127.329 154.544 -85.2616 -2519.35 1.47579 196.676 112.846 266.111
PRESSAVG: 3400000 2047.32 -3.35438 18.9966 -3.35438 -2129.26 91.1738 18.9966 91.1738 -25.9301
GPRESSAVG: 3400000 2063.51 -4.27806 25.4289 17.2509 -2127.06 69.9386 44.0322 132.644 -45.3577
TIMING: 3400000  CPU: 3144.46, 0.000920155/step  Wall: 3144.71, 0.000920308/step, 375.527 ns/days, 0.409026 hours remaining, 0.000000 MB of memory in use.
PERFORMANCE: 3400000  averaging 373.659 ns/day, 0.000924908 sec/step with standard deviation 7.99257e-06
ETITLE:      TS           BOND          ANGLE          DIHED          IMPRP               ELECT            VDW       BOUNDARY           MISC        KINETIC               TOTAL           TEMP      POTENTIAL       TOTALAVG        TEMPAVG            PRESSURE      GPRESSURE         VOLUME       PRESSAVG      GPRESSAVG

ENERGY: 3400000         9.5548        32.8739        17.9071         1.1824         -46377.7838    -85871.4701         0.0000         0.0000      9644.9733        -122542.7624       295.2923   -132187.7357   -122468.5151       297.3505           -141.5638      -139.9127    167663.0567       -35.9568       -36.3022

WRITING EXTENDED SYSTEM TO RESTART FILE AT STEP 3400000
WRITING COORDINATES TO DCD FILE ../output/01_eq_1_CLK.0.dcd AT STEP 3400000
WRITING COORDINATES TO RESTART FILE AT STEP 3400000
FINISHED WRITING RESTART COORDINATES
WRITING VELOCITIES TO RESTART FILE AT STEP 3400000
FINISHED WRITING RESTART VELOCITIES
PRESSURE: 3410000 2690.85 58.0947 -165.08 58.0926 -2432.92 205.875 -165.08 205.877 676.495
GPRESSURE: 3410000 2596.26 -53.4227 -250.565 76.6869 -2402.76 141.547 -85.7041 339.201 733.897
PRESSAVG: 3410000 2055.76 -10.1588 8.23091 -10.1588 -2166.34 119.485 8.23091 119.485 6.25423
GPRESSAVG: 3410000 2064.31 -12.5499 8.402 7.5019 -2162.15 95.8899 32.29 160.664 -6.97566
TIMING: 3410000  CPU: 3153.7, 0.000923378/step  Wall: 3153.94, 0.000923353/step, 374.288 ns/days, 0.407814 hours remaining, 0.000000 MB of memory in use.
PERFORMANCE: 3410000  averaging 373.661 ns/day, 0.000924904 sec/step with standard deviation 7.98125e-06
ENERGY: 3410000         4.4916        31.1261        15.3492         1.3492         -46243.4851    -85852.1125         0.0000         0.0000      9768.2467        -122275.0349       299.0664   -132043.2816   -122457.8826       297.4545            311.4746       309.1313    167285.4508       -34.7750       -34.9376

WRITING EXTENDED SYSTEM TO RESTART FILE AT STEP 3410000
WRITING COORDINATES TO DCD FILE ../output/01_eq_1_CLK.0.dcd AT STEP 3410000
WRITING COORDINATES TO RESTART FILE AT STEP 3410000
FINISHED WRITING RESTART COORDINATES
WRITING VELOCITIES TO RESTART FILE AT STEP 3410000
FINISHED WRITING RESTART VELOCITIES
PRESSURE: 3420000 2766.17 109.55 318.91 109.551 -1578.19 101.784 318.908 101.784 332.753
GPRESSURE: 3420000 2774.41 122.989 378.945 61.9384 -1599.46 107.659 293.438 131.416 349.398
PRESSAVG: 3420000 2104.92 -9.26546 7.20434 -9.26546 -2129.07 122.121 7.20434 122.121 15.5595
GPRESSAVG: 3420000 2113.84 -8.87477 12.1981 3.33397 -2123.78 100.773 29.4681 160.053 1.45466
TIMING: 3420000  CPU: 3162.97, 0.000927465/step  Wall: 3163.22, 0.000927527/step, 372.604 ns/days, 0.407081 hours remaining, 0.000000 MB of memory in use.
PERFORMANCE: 3420000  averaging 373.657 ns/day, 0.000924911 sec/step with standard deviation 7.9708e-06
ENERGY: 3420000        10.3082        34.0387        19.0979         2.4614         -46264.6709    -86020.6211         0.0000         0.0000      9659.1489        -122560.2369       295.7263   -132219.3858   -122461.8625       297.3790            506.9132       508.1142    166398.6403        -2.8637        -2.8291

WRITING EXTENDED SYSTEM TO RESTART FILE AT STEP 3420000
WRITING COORDINATES TO DCD FILE ../output/01_eq_1_CLK.0.dcd AT STEP 3420000
WRITING COORDINATES TO RESTART FILE AT STEP 3420000
FINISHED WRITING RESTART COORDINATES
WRITING VELOCITIES TO RESTART FILE AT STEP 3420000
FINISHED WRITING RESTART VELOCITIES
PRESSURE: 3430000 1880.53 -25.5051 -257.585 -25.5074 -2492.26 95.8985 -257.583 95.8993 -22.466
GPRESSURE: 3430000 1876.09 124.503 -238.511 -61.037 -2498.75 105.821 -345.917 135.358 -8.89703
PRESSAVG: 3430000 2087.59 3.54547 -6.11526 3.54547 -2133.18 105.004 -6.11526 105.004 -38.4304
GPRESSAVG: 3430000 2099.3 9.8824 -0.14765 15.6928 -2134.66 87.5769 11.0014 144.795 -48.8439
TIMING: 3430000  CPU: 3172.22, 0.000925072/step  Wall: 3172.47, 0.000925108/step, 373.578 ns/days, 0.40345 hours remaining, 0.000000 MB of memory in use.
PERFORMANCE: 3430000  averaging 373.657 ns/day, 0.000924912 sec/step with standard deviation 7.95915e-06
ENERGY: 3430000         7.0464        27.4897        14.9122         1.8431         -46399.7589    -85928.2137         0.0000         0.0000      9736.5559        -122540.1253       298.0962   -132276.6812   -122454.5355       297.4270           -211.4008      -210.5186    166248.0925       -28.0078       -28.0697

WRITING EXTENDED SYSTEM TO RESTART FILE AT STEP 3430000
WRITING COORDINATES TO DCD FILE ../output/01_eq_1_CLK.0.dcd AT STEP 3430000
WRITING COORDINATES TO RESTART FILE AT STEP 3430000
FINISHED WRITING RESTART COORDINATES
WRITING VELOCITIES TO RESTART FILE AT STEP 3430000
FINISHED WRITING RESTART VELOCITIES
PRESSURE: 3440000 2320.58 276.473 164.462 276.478 -1478.09 -121.986 164.462 -121.985 -82.9003
GPRESSURE: 3440000 2292.3 177.488 93.6072 260.474 -1540.45 -85.4709 280.352 -149.623 -4.60366
PRESSAVG: 3440000 2111.95 19.6797 2.77767 19.6797 -2085.85 77.3358 2.77767 77.3358 -37.0577
GPRESSAVG: 3440000 2120.94 21.3614 1.47988 31.734 -2088.37 64.3353 22.5057 119.066 -43.5715
TIMING: 3440000  CPU: 3181.49, 0.000926436/step  Wall: 3181.74, 0.000926643/step, 372.959 ns/days, 0.401545 hours remaining, 0.000000 MB of memory in use.
PERFORMANCE: 3440000  averaging 373.655 ns/day, 0.000924917 sec/step with standard deviation 7.94809e-06
ENERGY: 3440000         7.3196        27.8075        23.0255         2.1584         -45948.4141    -86031.8598         0.0000         0.0000      9851.9861        -122067.9768       301.6302   -131919.9629   -122447.6736       297.5237            253.1976       249.0816    167501.4374        -3.6546        -3.6675

WRITING EXTENDED SYSTEM TO RESTART FILE AT STEP 3440000
WRITING COORDINATES TO DCD FILE ../output/01_eq_1_CLK.0.dcd AT STEP 3440000
WRITING COORDINATES TO RESTART FILE AT STEP 3440000
FINISHED WRITING RESTART COORDINATES
WRITING VELOCITIES TO RESTART FILE AT STEP 3440000
FINISHED WRITING RESTART VELOCITIES
PRESSURE: 3450000 2671.19 -9.97309 54.004 -9.97586 -2054.36 -134.437 54.0044 -134.439 -449.249
GPRESSURE: 3450000 2645.49 107.661 92.3023 70.6479 -2001.23 -133.208 -28.2872 -163.967 -491.245
PRESSAVG: 3450000 2159.03 24.0451 13.066 24.0451 -2076.96 67.874 13.066 67.874 -35.6088
GPRESSAVG: 3450000 2165.92 34.7101 10.3896 36.1543 -2076.85 55.0135 25.6866 110.161 -44.1341
TIMING: 3450000  CPU: 3190.78, 0.000929268/step  Wall: 3191.03, 0.000929288/step, 371.898 ns/days, 0.40011 hours remaining, 0.000000 MB of memory in use.
PERFORMANCE: 3450000  averaging 373.65 ns/day, 0.00092493 sec/step with standard deviation 7.94001e-06
ENERGY: 3450000        12.5039        30.8134        15.9550         1.6050         -46391.9730    -85952.2872         0.0000         0.0000      9804.7983        -122478.5846       300.1855   -132283.3829   -122463.5606       297.5550             55.8609        51.0069    166728.3664        15.4855        14.9796

WRITING EXTENDED SYSTEM TO RESTART FILE AT STEP 3450000
WRITING COORDINATES TO DCD FILE ../output/01_eq_1_CLK.0.dcd AT STEP 3450000
WRITING COORDINATES TO RESTART FILE AT STEP 3450000
FINISHED WRITING RESTART COORDINATES
WRITING VELOCITIES TO RESTART FILE AT STEP 3450000
FINISHED WRITING RESTART VELOCITIES
PRESSURE: 3460000 1673.49 -22.1947 -114.716 -22.1945 -2430.14 -196.239 -114.716 -196.236 -267.443
GPRESSURE: 3460000 1748.93 0.214317 -38.2126 -81.3382 -2480.79 -99.2301 -194.357 -169.353 -310.07
PRESSAVG: 3460000 2118.35 22.4729 -1.77077 22.4729 -2105.14 57.8242 -1.77077 57.8242 -47.479
GPRESSAVG: 3460000 2127.74 26.6885 0.248611 27.9885 -2107.71 52.8634 7.10913 98.614 -56.5979
TIMING: 3460000  CPU: 3200.07, 0.000929513/step  Wall: 3200.32, 0.00092968/step, 371.741 ns/days, 0.397697 hours remaining, 0.000000 MB of memory in use.
PERFORMANCE: 3460000  averaging 373.645 ns/day, 0.000924943 sec/step with standard deviation 7.93261e-06
ENERGY: 3460000        12.0424        27.8683        15.4065         1.5134         -46204.1717    -85983.0664         0.0000         0.0000      9678.6393        -122451.7682       296.3230   -132130.4074   -122466.0908       297.3112           -341.3638      -347.3078    167276.2481       -11.4222       -12.1908

WRITING EXTENDED SYSTEM TO RESTART FILE AT STEP 3460000
WRITING COORDINATES TO DCD FILE ../output/01_eq_1_CLK.0.dcd AT STEP 3460000
WRITING COORDINATES TO RESTART FILE AT STEP 3460000
FINISHED WRITING RESTART COORDINATES
WRITING VELOCITIES TO RESTART FILE AT STEP 3460000
FINISHED WRITING RESTART VELOCITIES
PRESSURE: 3470000 1798.4 12.938 188.487 12.9383 -2612.37 112.57 188.489 112.569 -95.6374
GPRESSURE: 3470000 1737.07 13.5326 92.519 -49.3199 -2611.3 90.7328 182.134 208.583 -51.9675
PRESSAVG: 3470000 2112.47 27.8083 11.4467 27.8083 -2126.96 74.1795 11.4467 74.1795 -40.4318
GPRESSAVG: 3470000 2116.48 32.6414 10.3154 31.8043 -2128.46 71.9483 16.8089 114.859 -45.9673
TIMING: 3470000  CPU: 3209.34, 0.000926876/step  Wall: 3209.59, 0.000926943/step, 372.838 ns/days, 0.393951 hours remaining, 0.000000 MB of memory in use.
PERFORMANCE: 3470000  averaging 373.642 ns/day, 0.000924949 sec/step with standard deviation 7.92187e-06
ENERGY: 3470000         7.2188        28.0332        16.4109         1.0442         -46420.1460    -85811.5713         0.0000         0.0000      9706.8970        -122472.1133       297.1881   -132179.0103   -122466.3559       297.3357           -303.2022      -308.7328    167170.5970       -18.3073       -19.3154

WRITING EXTENDED SYSTEM TO RESTART FILE AT STEP 3470000
WRITING COORDINATES TO DCD FILE ../output/01_eq_1_CLK.0.dcd AT STEP 3470000
WRITING COORDINATES TO RESTART FILE AT STEP 3470000
FINISHED WRITING RESTART COORDINATES
WRITING VELOCITIES TO RESTART FILE AT STEP 3470000
FINISHED WRITING RESTART VELOCITIES
PRESSURE: 3480000 2569.32 107.816 435.487 107.814 -1372.77 -44.3042 435.487 -44.3027 -296.415
GPRESSURE: 3480000 2565.89 14.6656 390.597 192.671 -1374.03 -124.172 288.4 67.8796 -296.771
PRESSAVG: 3480000 2166.27 47.8066 45.3356 47.8066 -2093.16 82.7602 45.3356 82.7602 -74.2091
GPRESSAVG: 3480000 2168.09 47.4348 36.9158 55.6656 -2096.07 77.0739 42.7664 131.485 -76.2759
TIMING: 3480000  CPU: 3218.57, 0.000922774/step  Wall: 3218.82, 0.000922772/step, 374.524 ns/days, 0.389615 hours remaining, 0.000000 MB of memory in use.
PERFORMANCE: 3480000  averaging 373.645 ns/day, 0.000924943 sec/step with standard deviation 7.9113e-06
ENERGY: 3480000         7.3055        33.7848        17.5747         1.3868         -46306.0444    -85908.2537         0.0000         0.0000      9735.3021        -122418.9442       298.0578   -132154.2463   -122466.3572       297.4292            300.0429       298.3637    166190.7641        -0.3675        -1.4187

WRITING EXTENDED SYSTEM TO RESTART FILE AT STEP 3480000
WRITING COORDINATES TO DCD FILE ../output/01_eq_1_CLK.0.dcd AT STEP 3480000
WRITING COORDINATES TO RESTART FILE AT STEP 3480000
FINISHED WRITING RESTART COORDINATES
WRITING VELOCITIES TO RESTART FILE AT STEP 3480000
FINISHED WRITING RESTART VELOCITIES
PRESSURE: 3490000 2539.56 -192.443 -267.195 -192.445 -1347.69 130.858 -267.196 130.86 972.325
GPRESSURE: 3490000 2501.77 -221.172 -299.571 -209.515 -1327.72 35.1802 -323.761 165.428 999.647
PRESSAVG: 3490000 2144.29 17.2116 37.2689 17.2116 -2069.47 73.3135 37.2689 73.3135 -32.3039
GPRESSAVG: 3490000 2145.6 25.5981 24.8959 22.3664 -2071.82 66.0548 31.2147 125.196 -34.1031
TIMING: 3490000  CPU: 3227.79, 0.000921969/step  Wall: 3228.04, 0.000922004/step, 374.836 ns/days, 0.386729 hours remaining, 0.000000 MB of memory in use.
PERFORMANCE: 3490000  averaging 373.648 ns/day, 0.000924934 sec/step with standard deviation 7.90149e-06
ENERGY: 3490000         9.4580        22.2882        15.2656         0.0767         -46354.1386    -85830.6960         0.0000         0.0000      9804.0267        -122333.7193       300.1619   -132137.7461   -122454.9026       297.5386            721.3993       724.5678    166906.0198        14.1724        13.2263

WRITING EXTENDED SYSTEM TO RESTART FILE AT STEP 3490000
WRITING COORDINATES TO DCD FILE ../output/01_eq_1_CLK.0.dcd AT STEP 3490000
WRITING COORDINATES TO RESTART FILE AT STEP 3490000
FINISHED WRITING RESTART COORDINATES
WRITING VELOCITIES TO RESTART FILE AT STEP 3490000
FINISHED WRITING RESTART VELOCITIES
PRESSURE: 3500000 2373.9 14.1823 -17.7464 14.1796 -2417.24 236.632 -17.7442 236.632 223.295
GPRESSURE: 3500000 2388.28 3.08087 -82.6023 70.294 -2420.08 254.573 -64.296 195.639 209.954
PRESSAVG: 3500000 2185.27 28.5937 33.049 28.5937 -2074.14 77.2503 33.049 77.2503 -26.7698
GPRESSAVG: 3500000 2183.5 38.6964 22.2315 32.645 -2074.44 73.6873 19.2031 122.894 -27.9548
TIMING: 3500000  CPU: 3237.01, 0.000922175/step  Wall: 3237.26, 0.000922214/step, 374.75 ns/days, 0.384256 hours remaining, 0.000000 MB of memory in use.
PERFORMANCE: 3500000  averaging 373.651 ns/day, 0.000924927 sec/step with standard deviation 7.89151e-06
ETITLE:      TS           BOND          ANGLE          DIHED          IMPRP               ELECT            VDW       BOUNDARY           MISC        KINETIC               TOTAL           TEMP      POTENTIAL       TOTALAVG        TEMPAVG            PRESSURE      GPRESSURE         VOLUME       PRESSAVG      GPRESSAVG

ENERGY: 3500000         5.0085        32.1399        19.4318         1.2118         -46581.2887    -85930.1832         0.0000         0.0000      9618.5775        -122835.1024       294.4841   -132453.6799   -122479.5344       297.4543             59.9845        59.3839    166594.5103        28.1224        27.0340

WRITING EXTENDED SYSTEM TO RESTART FILE AT STEP 3500000
WRITING COORDINATES TO DCD FILE ../output/01_eq_1_CLK.0.dcd AT STEP 3500000
WRITING COORDINATES TO RESTART FILE AT STEP 3500000
FINISHED WRITING RESTART COORDINATES
WRITING VELOCITIES TO RESTART FILE AT STEP 3500000
FINISHED WRITING RESTART VELOCITIES
PRESSURE: 3510000 1095.39 -74.238 41.2002 -74.2409 -2594.79 -103.057 41.1993 -103.057 146.327
GPRESSURE: 3510000 1101.82 -43.0844 -25.5966 -23.2414 -2542.22 -241.138 118.493 1.83861 94.0746
PRESSAVG: 3510000 2118.55 30.0296 25.6953 30.0296 -2120.86 70.5359 25.6953 70.5359 -31.1322
GPRESSAVG: 3510000 2118.93 38.0089 8.76611 32.9392 -2122.68 55.9527 19.1904 122.718 -33.3611
TIMING: 3510000  CPU: 3246.25, 0.000923673/step  Wall: 3246.5, 0.000923623/step, 374.179 ns/days, 0.382277 hours remaining, 0.000000 MB of memory in use.
PERFORMANCE: 3510000  averaging 373.653 ns/day, 0.000924923 sec/step with standard deviation 7.88053e-06
ENERGY: 3510000         9.5673        38.7245        17.0161         0.3602         -45852.3060    -86125.3979         0.0000         0.0000      9770.5216        -122141.5142       299.1361   -131912.0358   -122457.5774       297.6109           -451.0261      -448.7758    167481.3628       -11.1495       -12.3700

WRITING EXTENDED SYSTEM TO RESTART FILE AT STEP 3510000
WRITING COORDINATES TO DCD FILE ../output/01_eq_1_CLK.0.dcd AT STEP 3510000
WRITING COORDINATES TO RESTART FILE AT STEP 3510000
FINISHED WRITING RESTART COORDINATES
WRITING VELOCITIES TO RESTART FILE AT STEP 3510000
FINISHED WRITING RESTART VELOCITIES
PRESSURE: 3520000 1954.67 -529.056 -170.618 -529.057 -2695.57 50.9187 -170.615 50.9184 -198.049
GPRESSURE: 3520000 1945.37 -496.178 -103.207 -530.313 -2686.57 71.1467 -183.972 -6.53476 -181.117
PRESSAVG: 3520000 2107.08 15.8783 7.96968 15.8783 -2155.63 46.3245 7.96968 46.3245 -4.78165
GPRESSAVG: 3520000 2105.57 24.0666 -1.65049 19.0057 -2155.28 37.1262 1.15469 95.3728 -5.71806
TIMING: 3520000  CPU: 3255.48, 0.000922668/step  Wall: 3255.73, 0.000922761/step, 374.528 ns/days, 0.379357 hours remaining, 0.000000 MB of memory in use.
PERFORMANCE: 3520000  averaging 373.655 ns/day, 0.000924917 sec/step with standard deviation 7.87014e-06
ENERGY: 3520000        11.8945        40.7193        19.3614         0.7992         -46195.1544    -85974.6735         0.0000         0.0000      9797.9324        -122299.1212       299.9753   -132097.0536   -122452.7716       297.5363           -312.9834      -307.4401    167810.3182       -17.7763       -18.4772

WRITING EXTENDED SYSTEM TO RESTART FILE AT STEP 3520000
WRITING COORDINATES TO DCD FILE ../output/01_eq_1_CLK.0.dcd AT STEP 3520000
WRITING COORDINATES TO RESTART FILE AT STEP 3520000
FINISHED WRITING RESTART COORDINATES
WRITING VELOCITIES TO RESTART FILE AT STEP 3520000
FINISHED WRITING RESTART VELOCITIES
PRESSURE: 3530000 2842.32 93.8098 128.32 93.8086 -2110.84 78.3186 128.322 78.3179 3.69773
GPRESSURE: 3530000 2834.44 91.3168 137.01 140.132 -2089.82 207.844 272.42 -5.94882 3.19097
PRESSAVG: 3530000 2167.56 11.7723 -8.17549 11.7723 -2159.48 41.6268 -8.17549 41.6268 -14.8413
GPRESSAVG: 3530000 2161.17 10.6087 -21.5275 22.9023 -2157.97 44.3607 -1.8733 74.6645 -10.7615
TIMING: 3530000  CPU: 3264.71, 0.000923844/step  Wall: 3264.97, 0.000924002/step, 374.025 ns/days, 0.377301 hours remaining, 0.000000 MB of memory in use.
PERFORMANCE: 3530000  averaging 373.656 ns/day, 0.000924914 sec/step with standard deviation 7.8591e-06
ENERGY: 3530000         9.1835        29.4632        21.9844         3.2392         -46239.6900    -85833.4332         0.0000         0.0000      9663.3569        -122345.8959       295.8551   -132009.2529   -122434.9488       297.5407            245.0568       249.2719    168313.0597        -2.2533        -2.5215

WRITING EXTENDED SYSTEM TO RESTART FILE AT STEP 3530000
WRITING COORDINATES TO DCD FILE ../output/01_eq_1_CLK.0.dcd AT STEP 3530000
WRITING COORDINATES TO RESTART FILE AT STEP 3530000
FINISHED WRITING RESTART COORDINATES
WRITING VELOCITIES TO RESTART FILE AT STEP 3530000
FINISHED WRITING RESTART VELOCITIES
PRESSURE: 3540000 1764.07 24.3602 -71.2093 24.3621 -2231.72 85.3288 -71.2097 85.3269 -29.616
GPRESSURE: 3540000 1770.44 35.9016 121.569 120.254 -2232.78 155.683 -118.736 -27.0878 -47.1326
PRESSAVG: 3540000 2151.1 -2.90633 -21.3209 -2.90633 -2167.16 44.9151 -21.3209 44.9151 4.71806
GPRESSAVG: 3540000 2142.6 -4.28274 -28.2905 18.0532 -2164.78 47.4374 -18.2931 71.601 9.77283
TIMING: 3540000  CPU: 3273.92, 0.000920777/step  Wall: 3274.18, 0.00092073/step, 375.354 ns/days, 0.373407 hours remaining, 0.000000 MB of memory in use.
PERFORMANCE: 3540000  averaging 373.661 ns/day, 0.000924902 sec/step with standard deviation 7.85112e-06
ENERGY: 3540000         6.1140        30.5138        18.5759         0.7409         -46297.1023    -85848.8367         0.0000         0.0000      9855.2885        -122234.7058       301.7313   -132089.9943   -122415.6229       298.0234           -165.7532      -169.8226    166751.6840        -3.7782        -4.1355

WRITING EXTENDED SYSTEM TO RESTART FILE AT STEP 3540000
WRITING COORDINATES TO DCD FILE ../output/01_eq_1_CLK.0.dcd AT STEP 3540000
WRITING COORDINATES TO RESTART FILE AT STEP 3540000
FINISHED WRITING RESTART COORDINATES
WRITING VELOCITIES TO RESTART FILE AT STEP 3540000
FINISHED WRITING RESTART VELOCITIES
PRESSURE: 3550000 1909.73 107.648 93.605 107.648 -2495.42 -37.5636 93.6036 -37.565 -489.966
GPRESSURE: 3550000 1845.25 202.022 -22.7268 -19.2578 -2405.15 31.6703 165.717 -60.0391 -513.604
PRESSAVG: 3550000 2162.41 -8.04489 -19.6847 -8.04489 -2168.95 42.3959 -19.6847 42.3959 14.2717
GPRESSAVG: 3550000 2148.43 3.62289 -32.6317 7.37584 -2161.7 50.475 -15.6434 69.3048 20.5252
TIMING: 3550000  CPU: 3283.14, 0.000921466/step  Wall: 3283.39, 0.000921547/step, 375.022 ns/days, 0.371179 hours remaining, 0.000000 MB of memory in use.
PERFORMANCE: 3550000  averaging 373.665 ns/day, 0.000924893 sec/step with standard deviation 7.84204e-06
ENERGY: 3550000        11.6947        24.9351        17.0385         1.0700         -46392.4167    -85854.3949         0.0000         0.0000      9761.5457        -122430.5276       298.8613   -132192.0733   -122417.1560       298.0904           -358.5538      -357.8355    166780.6355         2.5776         2.4207

WRITING EXTENDED SYSTEM TO RESTART FILE AT STEP 3550000
WRITING COORDINATES TO DCD FILE ../output/01_eq_1_CLK.0.dcd AT STEP 3550000
WRITING COORDINATES TO RESTART FILE AT STEP 3550000
FINISHED WRITING RESTART COORDINATES
WRITING VELOCITIES TO RESTART FILE AT STEP 3550000
FINISHED WRITING RESTART VELOCITIES
PRESSURE: 3560000 2735.37 210.141 -81.9853 210.14 -1583.4 98.7742 -81.9831 98.7736 288.257
GPRESSURE: 3560000 2733.31 117.772 -181.77 141.803 -1578.77 130.137 -55.1612 -5.90039 292.907
PRESSAVG: 3560000 2197.33 14.4364 -0.640216 14.4364 -2145.26 52.228 -0.640216 52.228 57.6571
GPRESSAVG: 3560000 2186.42 22.1846 -17.7683 24.0639 -2137.14 59.5 3.90902 70.1881 60.1731
TIMING: 3560000  CPU: 3292.34, 0.000920279/step  Wall: 3292.59, 0.00092034/step, 375.513 ns/days, 0.368136 hours remaining, 0.000000 MB of memory in use.
PERFORMANCE: 3560000  averaging 373.67 ns/day, 0.00092488 sec/step with standard deviation 7.8347e-06
ENERGY: 3560000         8.6077        27.5451        19.0041         0.6088         -46424.8451    -85725.5376         0.0000         0.0000      9715.6983        -122378.9188       297.4576   -132094.6171   -122408.8303       298.0862            480.0765       482.4831    167260.3102        36.5734        36.4862

WRITING EXTENDED SYSTEM TO RESTART FILE AT STEP 3560000
WRITING COORDINATES TO DCD FILE ../output/01_eq_1_CLK.0.dcd AT STEP 3560000
WRITING COORDINATES TO RESTART FILE AT STEP 3560000
FINISHED WRITING RESTART COORDINATES
WRITING VELOCITIES TO RESTART FILE AT STEP 3560000
FINISHED WRITING RESTART VELOCITIES
PRESSURE: 3570000 2030.79 -146.019 129.5 -146.019 -2469.8 68.0201 129.497 68.0213 698.21
GPRESSURE: 3570000 2022.77 -115.139 103.275 -178.88 -2521.11 118.905 212.63 124.91 756.134
PRESSAVG: 3570000 2192.72 -8.23882 18.2737 -8.23882 -2168.52 47.8295 18.2737 47.8295 101.564
GPRESSAVG: 3570000 2181.69 2.26974 2.1501 1.70053 -2164.01 55.9465 24.5814 64.5777 107.443
TIMING: 3570000  CPU: 3301.56, 0.00092167/step  Wall: 3301.81, 0.000921666/step, 374.973 ns/days, 0.366106 hours remaining, 0.000000 MB of memory in use.
PERFORMANCE: 3570000  averaging 373.674 ns/day, 0.000924871 sec/step with standard deviation 7.82554e-06
ENERGY: 3570000         8.6314        30.7630        15.8656         1.5278         -46122.0239    -85971.0396         0.0000         0.0000      9712.7312        -122323.5446       297.3668   -132036.2758   -122402.2513       298.1329             86.3994        85.9339    167057.6880        41.9220        41.7080

WRITING EXTENDED SYSTEM TO RESTART FILE AT STEP 3570000
WRITING COORDINATES TO DCD FILE ../output/01_eq_1_CLK.0.dcd AT STEP 3570000
WRITING COORDINATES TO RESTART FILE AT STEP 3570000
FINISHED WRITING RESTART COORDINATES
WRITING VELOCITIES TO RESTART FILE AT STEP 3570000
FINISHED WRITING RESTART VELOCITIES
PRESSURE: 3580000 1502.45 -18.2276 -179.461 -18.2209 -2644.67 -195.268 -179.46 -195.269 -820.94
GPRESSURE: 3580000 1570.04 -11.1772 -280.14 -80.7515 -2660.71 -285.839 -54.8402 -100.476 -858.902
PRESSAVG: 3580000 2148.42 -17.3997 21.5983 -17.3997 -2205.11 35.2052 21.5983 35.2052 63.5397
GPRESSAVG: 3580000 2140.82 -13.4074 6.0251 -9.77251 -2201.51 41.1912 32.8007 52.627 67.1949
TIMING: 3580000  CPU: 3310.77, 0.000921607/step  Wall: 3311.03, 0.000921764/step, 374.933 ns/days, 0.363585 hours remaining, 0.000000 MB of memory in use.
PERFORMANCE: 3580000  averaging 373.677 ns/day, 0.000924862 sec/step with standard deviation 7.8163e-06
ENERGY: 3580000         9.8386        30.8542        15.9539         1.0890         -46156.5989    -86008.1255         0.0000         0.0000      9749.5487        -122357.4399       298.4940   -132106.9885   -122401.5026       298.1292           -654.3851      -649.8556    167609.2060         2.2838         2.1659

WRITING EXTENDED SYSTEM TO RESTART FILE AT STEP 3580000
WRITING COORDINATES TO DCD FILE ../output/01_eq_1_CLK.0.dcd AT STEP 3580000
WRITING COORDINATES TO RESTART FILE AT STEP 3580000
FINISHED WRITING RESTART COORDINATES
WRITING VELOCITIES TO RESTART FILE AT STEP 3580000
FINISHED WRITING RESTART VELOCITIES
PRESSURE: 3590000 2432.41 18.0576 119.124 18.0587 -1628.03 -368.799 119.125 -368.798 166.753
GPRESSURE: 3590000 2496.89 165.068 82.0439 -47.3019 -1621.66 -411.09 242.907 -370.414 91.493
PRESSAVG: 3590000 2168.37 -7.68667 25.4554 -7.68667 -2161.01 6.58533 25.4554 6.58533 53.2248
GPRESSAVG: 3590000 2164.02 5.43561 6.1755 -11.5659 -2155.73 3.61132 39.9067 21.1878 51.6248
TIMING: 3590000  CPU: 3320, 0.00092228/step  Wall: 3320.25, 0.000922366/step, 374.688 ns/days, 0.36126 hours remaining, 0.000000 MB of memory in use.
PERFORMANCE: 3590000  averaging 373.68 ns/day, 0.000924856 sec/step with standard deviation 7.80649e-06
ENERGY: 3590000         5.4443        24.6981        19.0588         0.7767         -46695.2343    -85682.2717         0.0000         0.0000      9656.2775        -122671.2506       295.6384   -132327.5281   -122407.9643       298.0364            323.7131       322.2416    166518.8504        20.1943        19.9689

WRITING EXTENDED SYSTEM TO RESTART FILE AT STEP 3590000
WRITING COORDINATES TO DCD FILE ../output/01_eq_1_CLK.0.dcd AT STEP 3590000
WRITING COORDINATES TO RESTART FILE AT STEP 3590000
FINISHED WRITING RESTART COORDINATES
WRITING VELOCITIES TO RESTART FILE AT STEP 3590000
FINISHED WRITING RESTART VELOCITIES
PRESSURE: 3600000 1309.87 96.0482 -85.952 96.0465 -2510.8 343.204 -85.9504 343.204 458.268
GPRESSURE: 3600000 1315.55 78.7175 21.1815 -21.406 -2545.63 430.813 -184.775 315.766 485.901
PRESSAVG: 3600000 2143.05 5.57282 13.078 5.57282 -2159.05 20.3266 13.078 20.3266 60.685
GPRESSAVG: 3600000 2138.12 15.7379 -0.492623 -8.37307 -2157.05 25.0782 20.8341 31.3338 62.6143
TIMING: 3600000  CPU: 3329.19, 0.00091937/step  Wall: 3329.45, 0.000919377/step, 375.907 ns/days, 0.357536 hours remaining, 0.000000 MB of memory in use.
PERFORMANCE: 3600000  averaging 373.686 ns/day, 0.00092484 sec/step with standard deviation 7.80095e-06
ETITLE:      TS           BOND          ANGLE          DIHED          IMPRP               ELECT            VDW       BOUNDARY           MISC        KINETIC               TOTAL           TEMP      POTENTIAL       TOTALAVG        TEMPAVG            PRESSURE      GPRESSURE         VOLUME       PRESSAVG      GPRESSAVG

ENERGY: 3600000        11.2206        30.5774        20.4609         1.5032         -46250.0942    -85920.4169         0.0000         0.0000      9794.0580        -122312.6909       299.8567   -132106.7489   -122396.4608       298.2646           -247.5546      -248.0596    167578.3481        14.8948        14.5616

WRITING EXTENDED SYSTEM TO RESTART FILE AT STEP 3600000
WRITING COORDINATES TO DCD FILE ../output/01_eq_1_CLK.0.dcd AT STEP 3600000
WRITING COORDINATES TO RESTART FILE AT STEP 3600000
FINISHED WRITING RESTART COORDINATES
WRITING VELOCITIES TO RESTART FILE AT STEP 3600000
FINISHED WRITING RESTART VELOCITIES
PRESSURE: 3610000 2392.19 -52.1994 -127.71 -52.1997 -1997.1 -359.917 -127.709 -359.916 -689.88
GPRESSURE: 3610000 2408.85 42.7826 -5.15121 -94.871 -2002.22 -414.316 -154.431 -242.806 -693.675
PRESSAVG: 3610000 2128.12 0.0582009 14.9466 0.0582009 -2137.26 -7.96309 14.9466 -7.96309 -7.63379
GPRESSAVG: 3610000 2128.75 20.5482 11.778 -16.951 -2137.02 -2.71495 17.3978 2.23344 -8.76423
TIMING: 3610000  CPU: 3338.39, 0.000919872/step  Wall: 3338.64, 0.000919892/step, 375.696 ns/days, 0.355181 hours remaining, 0.000000 MB of memory in use.
PERFORMANCE: 3610000  averaging 373.692 ns/day, 0.000924827 sec/step with standard deviation 7.79446e-06
ENERGY: 3610000         8.9950        30.3338        15.7650         1.2983         -46238.5792    -85961.7452         0.0000         0.0000      9812.0655        -122331.8668       300.4080   -132143.9323   -122399.3024       298.3317            -98.2655       -95.6807    166874.7976        -5.5922        -5.6790

WRITING EXTENDED SYSTEM TO RESTART FILE AT STEP 3610000
WRITING COORDINATES TO DCD FILE ../output/01_eq_1_CLK.0.dcd AT STEP 3610000
WRITING COORDINATES TO RESTART FILE AT STEP 3610000
FINISHED WRITING RESTART COORDINATES
WRITING VELOCITIES TO RESTART FILE AT STEP 3610000
FINISHED WRITING RESTART VELOCITIES
PRESSURE: 3620000 1481.36 104.796 238.929 104.795 -2181.05 -100.466 238.928 -100.465 73.2456
GPRESSURE: 3620000 1547.15 40.9349 209.641 55.166 -2225.91 -88.8268 173.808 -95.1633 50.3976
PRESSAVG: 3620000 2063.88 -0.179591 10.9476 -0.179591 -2167.41 -18.0755 10.9476 -18.0755 -20.6092
GPRESSAVG: 3620000 2067.39 16.4455 3.31283 -17.2896 -2168.34 -12.5392 11.4163 -9.09554 -23.7143
TIMING: 3620000  CPU: 3347.6, 0.000921378/step  Wall: 3347.86, 0.000921434/step, 375.068 ns/days, 0.353216 hours remaining, 0.000000 MB of memory in use.
PERFORMANCE: 3620000  averaging 373.695 ns/day, 0.000924817 sec/step with standard deviation 7.7857e-06
ENERGY: 3620000         7.7269        21.3181        17.7544         1.7381         -46373.0893    -85739.8040         0.0000         0.0000      9732.9880        -122331.3677       297.9869   -132064.3557   -122387.8589       298.4447           -208.8136      -209.4547    166151.0966       -41.3786       -41.5575

WRITING EXTENDED SYSTEM TO RESTART FILE AT STEP 3620000
WRITING COORDINATES TO DCD FILE ../output/01_eq_1_CLK.0.dcd AT STEP 3620000
WRITING COORDINATES TO RESTART FILE AT STEP 3620000
FINISHED WRITING RESTART COORDINATES
WRITING VELOCITIES TO RESTART FILE AT STEP 3620000
FINISHED WRITING RESTART VELOCITIES
PRESSURE: 3630000 2177.07 -66.8097 108.374 -66.8104 -2330.08 78.8194 108.377 78.8193 175.632
GPRESSURE: 3630000 2203.8 -120.092 291.224 -42.5608 -2346.41 57.6907 103.323 227.795 157.497
PRESSAVG: 3630000 2078.71 -2.24474 29.2456 -2.24474 -2159.3 -18.9295 29.2456 -18.9295 -10.7043
GPRESSAVG: 3630000 2083.77 4.21576 29.7996 -16.3658 -2160.73 -14.9457 33.8783 -4.47372 -15.3946
TIMING: 3630000  CPU: 3356.82, 0.000921377/step  Wall: 3357.07, 0.000921375/step, 375.092 ns/days, 0.350634 hours remaining, 0.000000 MB of memory in use.
PERFORMANCE: 3630000  averaging 373.699 ns/day, 0.000924808 sec/step with standard deviation 7.77704e-06
ENERGY: 3630000         8.6333        36.6826        21.7992         0.6906         -46348.2336    -85885.4237         0.0000         0.0000      9752.4371        -122413.4146       298.5824   -132165.8517   -122381.5234       298.4690              7.5398         4.9607    166587.3809       -30.4315       -30.7835

WRITING EXTENDED SYSTEM TO RESTART FILE AT STEP 3630000
WRITING COORDINATES TO DCD FILE ../output/01_eq_1_CLK.0.dcd AT STEP 3630000
WRITING COORDINATES TO RESTART FILE AT STEP 3630000
FINISHED WRITING RESTART COORDINATES
WRITING VELOCITIES TO RESTART FILE AT STEP 3630000
FINISHED WRITING RESTART VELOCITIES
PRESSURE: 3640000 1435.71 90.8121 44.514 90.8143 -2792.33 0.809194 44.5151 0.810913 -310.586
GPRESSURE: 3640000 1444.69 65.9539 49.2334 57.5106 -2818.48 -20.4856 92.2042 38.5803 -320.091
PRESSAVG: 3640000 2034.46 -11.5279 23.2482 -11.5279 -2225.01 -12.7897 23.2482 -12.7897 -22.0886
GPRESSAVG: 3640000 2041.39 -1.36093 27.5809 -26.5139 -2224.63 -11.6965 24.4709 4.93644 -31.1689
TIMING: 3640000  CPU: 3366.01, 0.000919362/step  Wall: 3366.27, 0.000919446/step, 375.878 ns/days, 0.347346 hours remaining, 0.000000 MB of memory in use.
PERFORMANCE: 3640000  averaging 373.705 ns/day, 0.000924793 sec/step with standard deviation 7.7714e-06
ENERGY: 3640000         6.9083        27.8277        21.3457         1.8714         -46336.2204    -86045.3094         0.0000         0.0000      9765.2320        -122558.3447       298.9741   -132323.5767   -122406.0418       298.3362           -555.7376      -564.6259    167096.5348       -70.8783       -71.4689

WRITING EXTENDED SYSTEM TO RESTART FILE AT STEP 3640000
WRITING COORDINATES TO DCD FILE ../output/01_eq_1_CLK.0.dcd AT STEP 3640000
WRITING COORDINATES TO RESTART FILE AT STEP 3640000
FINISHED WRITING RESTART COORDINATES
WRITING VELOCITIES TO RESTART FILE AT STEP 3640000
FINISHED WRITING RESTART VELOCITIES
PRESSURE: 3650000 2322.62 89.8786 -136.395 89.8807 -2264.06 -18.6081 -136.396 -18.6073 -713.922
GPRESSURE: 3650000 2333.67 79.2814 -205.692 87.0286 -2287.49 -15.1557 -62.0575 -144.118 -714.015
PRESSAVG: 3650000 2017.03 -6.53509 13.7282 -6.53509 -2235.49 -6.99815 13.7282 -6.99815 -35.3222
GPRESSAVG: 3650000 2025.8 -2.77991 12.6812 -25.6949 -2238.94 -5.79386 22.7824 5.92886 -42.3074
TIMING: 3650000  CPU: 3375.22, 0.000921322/step  Wall: 3375.48, 0.000921548/step, 375.021 ns/days, 0.34558 hours remaining, 0.000000 MB of memory in use.
PERFORMANCE: 3650000  averaging 373.709 ns/day, 0.000924784 sec/step with standard deviation 7.76258e-06
ENERGY: 3650000        12.5273        29.1130        19.4015         1.0357         -46232.0517    -86027.4988         0.0000         0.0000      9771.6195        -122425.8534       299.1697   -132197.4729   -122403.4052       298.2854           -218.4536      -222.6116    167806.0624       -84.5940       -85.1498

WRITING EXTENDED SYSTEM TO RESTART FILE AT STEP 3650000
WRITING COORDINATES TO DCD FILE ../output/01_eq_1_CLK.0.dcd AT STEP 3650000
WRITING COORDINATES TO RESTART FILE AT STEP 3650000
FINISHED WRITING RESTART COORDINATES
WRITING VELOCITIES TO RESTART FILE AT STEP 3650000
FINISHED WRITING RESTART VELOCITIES
PRESSURE: 3660000 1602.81 -36.0701 -66.3221 -36.0695 -2492.92 -310.504 -66.3214 -310.505 -458.612
GPRESSURE: 3660000 1527.55 -104.974 -74.6638 -34.9576 -2419.82 -285.803 -9.1441 -410.839 -463.347
PRESSAVG: 3660000 2013.5 -7.22885 16.1479 -7.22885 -2238.63 -12.7116 16.1479 -12.7116 -44.8807
GPRESSAVG: 3660000 2014.73 -8.03934 10.8586 -23.3759 -2235.89 -15.1225 32.0431 -6.14542 -49.9713
TIMING: 3660000  CPU: 3384.42, 0.000919613/step  Wall: 3384.68, 0.000919794/step, 375.736 ns/days, 0.342368 hours remaining, 0.000000 MB of memory in use.
PERFORMANCE: 3660000  averaging 373.714 ns/day, 0.00092477 sec/step with standard deviation 7.75633e-06
ENERGY: 3660000        12.1335        24.3729        18.4421         0.2660         -46209.7294    -86054.2818         0.0000         0.0000      9754.8665        -122453.9302       298.6568   -132208.7967   -122403.5133       298.4021           -449.5752      -451.8736    167070.3409       -90.0046       -90.3781

WRITING EXTENDED SYSTEM TO RESTART FILE AT STEP 3660000
WRITING COORDINATES TO DCD FILE ../output/01_eq_1_CLK.0.dcd AT STEP 3660000
WRITING COORDINATES TO RESTART FILE AT STEP 3660000
FINISHED WRITING RESTART COORDINATES
WRITING VELOCITIES TO RESTART FILE AT STEP 3660000
FINISHED WRITING RESTART VELOCITIES
PRESSURE: 3670000 2176.99 -10.677 -73.4616 -10.6768 -2612.39 138.582 -73.4644 138.581 -140.956
GPRESSURE: 3670000 2178.48 27.6 89.57 -36.1955 -2574.32 70.4913 -73.8649 323.816 -181.239
PRESSAVG: 3670000 2032.43 -8.4096 3.05027 -8.4096 -2238.63 -11.411 3.05027 -11.411 -47.1466
GPRESSAVG: 3670000 2036.8 -7.33597 10.7112 -22.7196 -2234.04 -16.1346 19.2431 -0.383736 -56.4349
TIMING: 3670000  CPU: 3393.6, 0.000918046/step  Wall: 3393.86, 0.000918198/step, 376.389 ns/days, 0.339223 hours remaining, 0.000000 MB of memory in use.
PERFORMANCE: 3670000  averaging 373.722 ns/day, 0.000924753 sec/step with standard deviation 7.75332e-06
ENERGY: 3670000         7.6077        37.4799        18.5130         1.0269         -46284.9922    -85950.7649         0.0000         0.0000      9604.4635        -122566.6661       294.0520   -132171.1296   -122408.2409       298.2453           -192.1192      -192.3591    167430.9342       -84.4504       -84.5594

WRITING EXTENDED SYSTEM TO RESTART FILE AT STEP 3670000
WRITING COORDINATES TO DCD FILE ../output/01_eq_1_CLK.0.dcd AT STEP 3670000
WRITING COORDINATES TO RESTART FILE AT STEP 3670000
FINISHED WRITING RESTART COORDINATES
WRITING VELOCITIES TO RESTART FILE AT STEP 3670000
FINISHED WRITING RESTART VELOCITIES
PRESSURE: 3680000 2108.1 -178.061 -185.129 -178.063 -2416.84 281.934 -185.132 281.936 353.902
GPRESSURE: 3680000 2142.67 -112.053 -38.3005 -246.844 -2442.95 85.6808 -214.175 375.874 330.829
PRESSAVG: 3680000 2009.37 -22.7034 -27.9807 -22.7034 -2290.84 4.901 -27.9807 4.901 -14.6308
GPRESSAVG: 3680000 2015.64 -13.6719 -10.7337 -44.6954 -2287.49 -5.64195 -5.88565 15.016 -25.0549
TIMING: 3680000  CPU: 3402.78, 0.000918072/step  Wall: 3403.04, 0.000918065/step, 376.444 ns/days, 0.336624 hours remaining, 0.000000 MB of memory in use.
PERFORMANCE: 3680000  averaging 373.729 ns/day, 0.000924734 sec/step with standard deviation 7.75059e-06
ENERGY: 3680000         6.5824        23.7576        16.6082         0.8723         -45961.7862    -86154.9040         0.0000         0.0000      9790.0219        -122278.8477       299.7331   -132068.8697   -122401.2361       298.3291             15.0554        10.1812    166963.7639       -98.6998       -98.9685

WRITING EXTENDED SYSTEM TO RESTART FILE AT STEP 3680000
WRITING COORDINATES TO DCD FILE ../output/01_eq_1_CLK.0.dcd AT STEP 3680000
WRITING COORDINATES TO RESTART FILE AT STEP 3680000
FINISHED WRITING RESTART COORDINATES
WRITING VELOCITIES TO RESTART FILE AT STEP 3680000
FINISHED WRITING RESTART VELOCITIES
PRESSURE: 3690000 2146.32 -138.078 -212.708 -138.077 -1778.42 302.278 -212.706 302.279 369.547
GPRESSURE: 3690000 2135.52 -261.335 -254.684 -84.0269 -1771.52 164.839 -56.5079 313.675 375.927
PRESSAVG: 3690000 1989.71 -19.985 -25.2562 -19.985 -2312.37 13.472 -25.2562 13.472 -44.7696
GPRESSAVG: 3690000 1997.33 -15.6801 -8.48934 -38.421 -2309.68 0.840974 7.47702 22.4283 -56.2409
TIMING: 3690000  CPU: 3411.96, 0.000918075/step  Wall: 3412.22, 0.000918131/step, 376.417 ns/days, 0.334098 hours remaining, 0.000000 MB of memory in use.
PERFORMANCE: 3690000  averaging 373.736 ns/day, 0.000924717 sec/step with standard deviation 7.74768e-06
ENERGY: 3690000         9.2862        30.9064        16.6437         0.2410         -46351.8280    -85875.0589         0.0000         0.0000      9957.5979        -122212.2118       304.8636   -132169.8096   -122395.1607       298.5642            245.8163       246.6423    167114.6838      -122.4790      -122.8648

WRITING EXTENDED SYSTEM TO RESTART FILE AT STEP 3690000
WRITING COORDINATES TO DCD FILE ../output/01_eq_1_CLK.0.dcd AT STEP 3690000
WRITING COORDINATES TO RESTART FILE AT STEP 3690000
FINISHED WRITING RESTART COORDINATES
WRITING VELOCITIES TO RESTART FILE AT STEP 3690000
FINISHED WRITING RESTART VELOCITIES
PRESSURE: 3700000 2724.77 -113.276 15.8717 -113.276 -1531.27 -24.6486 15.8729 -24.6471 914.933
GPRESSURE: 3700000 2720.67 -112.153 72.2386 -150.185 -1563.73 -56.9485 8.81634 -50.298 950.067
PRESSAVG: 3700000 2007.25 -26.3578 -23.5753 -26.3578 -2268.07 0.407996 -23.5753 0.407996 -10.1877
GPRESSAVG: 3700000 2013.95 -21.4417 -0.747295 -49.4449 -2266.86 -14.7351 11.1326 10.1315 -19.2353
TIMING: 3700000  CPU: 3421.17, 0.000920574/step  Wall: 3421.43, 0.000920628/step, 375.396 ns/days, 0.332449 hours remaining, 0.000000 MB of memory in use.
PERFORMANCE: 3700000  averaging 373.741 ns/day, 0.000924705 sec/step with standard deviation 7.7401e-06
ETITLE:      TS           BOND          ANGLE          DIHED          IMPRP               ELECT            VDW       BOUNDARY           MISC        KINETIC               TOTAL           TEMP      POTENTIAL       TOTALAVG        TEMPAVG            PRESSURE      GPRESSURE         VOLUME       PRESSAVG      GPRESSAVG

ENERGY: 3700000         8.1931        31.6660        16.8984         1.1914         -46371.6918    -85952.4607         0.0000         0.0000      9642.0274        -122624.1763       295.2021   -132266.2037   -122384.6144       298.6001            702.8114       702.3350    166638.6291       -90.3376       -90.7173

WRITING EXTENDED SYSTEM TO RESTART FILE AT STEP 3700000
WRITING COORDINATES TO DCD FILE ../output/01_eq_1_CLK.0.dcd AT STEP 3700000
WRITING COORDINATES TO RESTART FILE AT STEP 3700000
FINISHED WRITING RESTART COORDINATES
WRITING VELOCITIES TO RESTART FILE AT STEP 3700000
FINISHED WRITING RESTART VELOCITIES
PRESSURE: 3710000 2213.66 -393.61 106.678 -393.613 -1978.2 -508.362 106.678 -508.362 97.5797
GPRESSURE: 3710000 2165.79 -287.257 -37.7839 -327.735 -1862.41 -457.83 212.854 -547.38 27.8327
PRESSAVG: 3710000 2063.16 -42.3264 -20.3014 -42.3264 -2237.25 -19.8572 -20.3014 -19.8572 -12.6251
GPRESSAVG: 3710000 2067.15 -33.6504 -1.35666 -64.6696 -2232.87 -25.5697 15.8507 -17.3295 -22.5473
TIMING: 3710000  CPU: 3430.35, 0.00091842/step  Wall: 3430.62, 0.000918527/step, 376.255 ns/days, 0.329139 hours remaining, 0.000000 MB of memory in use.
PERFORMANCE: 3710000  averaging 373.747 ns/day, 0.000924689 sec/step with standard deviation 7.73628e-06
ENERGY: 3710000         9.1779        23.7846        16.6190         1.4495         -46334.9734    -85872.1459         0.0000         0.0000      9684.8927        -122471.1955       296.5144   -132156.0882   -122401.0985       298.4690            111.0127       110.4050    166941.3308       -62.2357       -62.7582

WRITING EXTENDED SYSTEM TO RESTART FILE AT STEP 3710000
WRITING COORDINATES TO DCD FILE ../output/01_eq_1_CLK.0.dcd AT STEP 3710000
WRITING COORDINATES TO RESTART FILE AT STEP 3710000
FINISHED WRITING RESTART COORDINATES
WRITING VELOCITIES TO RESTART FILE AT STEP 3710000
FINISHED WRITING RESTART VELOCITIES
PRESSURE: 3720000 1360.78 -97.058 234.807 -97.0564 -2883.74 -42.2959 234.807 -42.297 -605.334
GPRESSURE: 3720000 1354.93 -16.4409 287.528 -48.3428 -2913.84 15.0145 208.047 -80.0958 -547.902
PRESSAVG: 3720000 2033.47 -20.7263 -0.0303175 -20.7263 -2246.65 -24.518 -0.0303175 -24.518 -32.9894
GPRESSAVG: 3720000 2037.62 -9.6635 18.1801 -40.5711 -2244.24 -28.3763 35.4517 -21.0075 -40.8866
TIMING: 3720000  CPU: 3439.55, 0.000919575/step  Wall: 3439.81, 0.000919642/step, 375.798 ns/days, 0.326984 hours remaining, 0.000000 MB of memory in use.
PERFORMANCE: 3720000  averaging 373.753 ns/day, 0.000924675 sec/step with standard deviation 7.73028e-06
ENERGY: 3720000         9.8855        30.1853        19.9216         1.2494         -46193.3809    -86055.5664         0.0000         0.0000      9565.4539        -122622.2515       292.8577   -132187.7055   -122417.2550       298.1131           -709.4322      -702.2696    167560.3044       -82.0581       -82.4997

WRITING EXTENDED SYSTEM TO RESTART FILE AT STEP 3720000
WRITING COORDINATES TO DCD FILE ../output/01_eq_1_CLK.0.dcd AT STEP 3720000
WRITING COORDINATES TO RESTART FILE AT STEP 3720000
FINISHED WRITING RESTART COORDINATES
WRITING VELOCITIES TO RESTART FILE AT STEP 3720000
FINISHED WRITING RESTART VELOCITIES
PRESSURE: 3730000 2221.96 -363.961 -334.112 -363.961 -2387.08 278.644 -334.108 278.645 -339.366
GPRESSURE: 3730000 2238.43 -266.616 -276.067 -421.56 -2452.72 221.786 -370.975 249.253 -286.434
PRESSAVG: 3730000 2002.45 -43.6148 -23.1518 -43.6148 -2260.47 -14.5017 -23.1518 -14.5017 -50.1426
GPRESSAVG: 3730000 2007.82 -27.5601 -2.47382 -68.6557 -2262.38 -27.6792 3.28194 -8.24746 -55.3678
TIMING: 3730000  CPU: 3448.76, 0.00092118/step  Wall: 3449.02, 0.000921189/step, 375.167 ns/days, 0.324975 hours remaining, 0.000000 MB of memory in use.
PERFORMANCE: 3730000  averaging 373.757 ns/day, 0.000924666 sec/step with standard deviation 7.72199e-06
ENERGY: 3730000        12.6721        38.4945        14.6054         0.2774         -46264.6418    -85962.5425         0.0000         0.0000      9713.3951        -122447.7398       297.3871   -132161.1349   -122422.3472       298.1897           -168.1650      -166.9079    167317.1822      -102.7192      -103.3087

WRITING EXTENDED SYSTEM TO RESTART FILE AT STEP 3730000
WRITING COORDINATES TO DCD FILE ../output/01_eq_1_CLK.0.dcd AT STEP 3730000
WRITING COORDINATES TO RESTART FILE AT STEP 3730000
FINISHED WRITING RESTART COORDINATES
WRITING VELOCITIES TO RESTART FILE AT STEP 3730000
FINISHED WRITING RESTART VELOCITIES
PRESSURE: 3740000 1993.73 -401.562 -437.359 -401.56 -1920.61 121.716 -437.358 121.716 529.182
GPRESSURE: 3740000 1958.15 -407.103 -460.804 -352.137 -1943.63 117.253 -409.165 98.3755 561.679
PRESSAVG: 3740000 2013.93 -64.9109 -41.4592 -64.9109 -2244.91 -12.6822 -41.4592 -12.6822 -22.2026
GPRESSAVG: 3740000 2017.21 -49.7104 -31.5924 -92.2752 -2247.92 -29.6008 -11.2395 -1.97429 -24.9273
TIMING: 3740000  CPU: 3457.95, 0.000919337/step  Wall: 3458.22, 0.000919486/step, 375.862 ns/days, 0.32182 hours remaining, 0.000000 MB of memory in use.
PERFORMANCE: 3740000  averaging 373.762 ns/day, 0.000924652 sec/step with standard deviation 7.71628e-06
ENERGY: 3740000        15.8961        25.9516        15.1176         5.5684         -46394.0947    -85894.8117         0.0000         0.0000      9647.2569        -122579.1158       295.3622   -132226.3727   -122439.5677       297.8712            200.7656       192.0653    166723.1771       -84.3933       -85.2143

WRITING EXTENDED SYSTEM TO RESTART FILE AT STEP 3740000
WRITING COORDINATES TO DCD FILE ../output/01_eq_1_CLK.0.dcd AT STEP 3740000
WRITING COORDINATES TO RESTART FILE AT STEP 3740000
FINISHED WRITING RESTART COORDINATES
WRITING VELOCITIES TO RESTART FILE AT STEP 3740000
FINISHED WRITING RESTART VELOCITIES
PRESSURE: 3750000 1443.4 -54.3888 -80.7596 -54.3891 -2682.08 -332.778 -80.7591 -332.778 21.8229
GPRESSURE: 3750000 1442.45 -42.2288 -93.166 -22.2881 -2659.1 -203.372 -180.383 -374.486 8.65697
PRESSAVG: 3750000 1990.62 -73.0128 -50.1774 -73.0128 -2254.24 -27.4429 -50.1774 -27.4429 3.3868
GPRESSAVG: 3750000 1997.07 -61.9229 -35.1144 -92.4267 -2260.62 -41.3529 -28.5444 -17.6966 1.18579
TIMING: 3750000  CPU: 3467.15, 0.000920049/step  Wall: 3467.42, 0.000920235/step, 375.556 ns/days, 0.319526 hours remaining, 0.000000 MB of memory in use.
PERFORMANCE: 3750000  averaging 373.767 ns/day, 0.00092464 sec/step with standard deviation 7.70933e-06
ENERGY: 3750000         6.5940        27.4614        17.0803         1.2660         -46238.2084    -86133.5645         0.0000         0.0000      9849.2821        -122470.0892       301.5474   -132319.3712   -122441.5458       298.0055           -405.6207      -402.6642    166926.8715       -86.7466       -87.4557

WRITING EXTENDED SYSTEM TO RESTART FILE AT STEP 3750000
WRITING COORDINATES TO DCD FILE ../output/01_eq_1_CLK.0.dcd AT STEP 3750000
WRITING COORDINATES TO RESTART FILE AT STEP 3750000
FINISHED WRITING RESTART COORDINATES
WRITING VELOCITIES TO RESTART FILE AT STEP 3750000
FINISHED WRITING RESTART VELOCITIES
PRESSURE: 3760000 2403.49 254.554 190.346 254.554 -1906.88 239.864 190.348 239.865 684.139
GPRESSURE: 3760000 2434.52 182.143 21.7618 255.863 -1968.87 179.882 303.058 210.669 709.591
PRESSAVG: 3760000 1974.02 -70.7921 -36.5608 -70.7921 -2270.42 -20.3883 -36.5608 -20.3883 23.1809
GPRESSAVG: 3760000 1982.13 -58.7044 -24.9378 -86.7237 -2280.13 -38.8656 -10.6335 -6.86818 22.02
TIMING: 3760000  CPU: 3476.35, 0.000919648/step  Wall: 3476.62, 0.000919761/step, 375.75 ns/days, 0.316807 hours remaining, 0.000000 MB of memory in use.
PERFORMANCE: 3760000  averaging 373.772 ns/day, 0.000924627 sec/step with standard deviation 7.70316e-06
ENERGY: 3760000         6.0550        35.7354        15.3673         0.7099         -46297.1528    -85978.8292         0.0000         0.0000      9694.1482        -122523.9662       296.7978   -132218.1144   -122448.7982       297.9726            393.5827       391.7455    167285.9806       -91.0713       -91.9926

WRITING EXTENDED SYSTEM TO RESTART FILE AT STEP 3760000
WRITING COORDINATES TO DCD FILE ../output/01_eq_1_CLK.0.dcd AT STEP 3760000
WRITING COORDINATES TO RESTART FILE AT STEP 3760000
FINISHED WRITING RESTART COORDINATES
WRITING VELOCITIES TO RESTART FILE AT STEP 3760000
FINISHED WRITING RESTART VELOCITIES
PRESSURE: 3770000 2072.98 41.2286 184.455 41.2287 -2435.71 12.4179 184.452 12.4183 364.166
GPRESSURE: 3770000 2114.09 -38.2011 105.85 113.489 -2437.46 104.797 296.321 -93.3639 344.379
PRESSAVG: 3770000 1976.13 -61.4297 -33.813 -61.4297 -2268.71 -23.1684 -33.813 -23.1684 6.47873
GPRESSAVG: 3770000 1986.69 -54.8575 -24.8091 -72.1053 -2275.94 -39.571 -6.44888 -17.7819 1.4322
TIMING: 3770000  CPU: 3485.54, 0.000919511/step  Wall: 3485.82, 0.000919751/step, 375.754 ns/days, 0.314248 hours remaining, 0.000000 MB of memory in use.
PERFORMANCE: 3770000  averaging 373.777 ns/day, 0.000924614 sec/step with standard deviation 7.69701e-06
ENERGY: 3770000         6.6587        29.3645        13.6225         1.1029         -46162.7277    -86014.4542         0.0000         0.0000      9732.7730        -122393.6602       297.9804   -132126.4332   -122452.3039       298.0032              0.4795         7.0040    167563.3487       -95.3673       -95.9391

WRITING EXTENDED SYSTEM TO RESTART FILE AT STEP 3770000
WRITING COORDINATES TO DCD FILE ../output/01_eq_1_CLK.0.dcd AT STEP 3770000
WRITING COORDINATES TO RESTART FILE AT STEP 3770000
FINISHED WRITING RESTART COORDINATES
WRITING VELOCITIES TO RESTART FILE AT STEP 3770000
FINISHED WRITING RESTART VELOCITIES
PRESSURE: 3780000 2754.54 115.377 401.695 115.378 -2177.41 246.54 401.692 246.539 211.775
GPRESSURE: 3780000 2723.77 62.6651 430.787 102.866 -2157.11 204.525 343.201 256.996 214.789
PRESSAVG: 3780000 2038.74 -54.7498 -4.75542 -54.7498 -2245.35 -1.07802 -4.75542 -1.07802 58.1145
GPRESSAVG: 3780000 2044.38 -51.1654 10.7373 -62.9244 -2250.76 -15.0528 13.4532 0.0917171 55.1168
TIMING: 3780000  CPU: 3494.75, 0.000920687/step  Wall: 3495.02, 0.000920652/step, 375.386 ns/days, 0.311999 hours remaining, 0.000000 MB of memory in use.
PERFORMANCE: 3780000  averaging 373.782 ns/day, 0.000924604 sec/step with standard deviation 7.68949e-06
ENERGY: 3780000         6.2127        26.7185        16.9710         0.6435         -46416.0785    -85789.4852         0.0000         0.0000      9686.5554        -122468.4625       296.5654   -132155.0179   -122457.8551       297.9068            262.9708       260.4826    166793.1616       -49.4995       -50.4222

WRITING EXTENDED SYSTEM TO RESTART FILE AT STEP 3780000
WRITING COORDINATES TO DCD FILE ../output/01_eq_1_CLK.0.dcd AT STEP 3780000
WRITING COORDINATES TO RESTART FILE AT STEP 3780000
FINISHED WRITING RESTART COORDINATES
WRITING VELOCITIES TO RESTART FILE AT STEP 3780000
FINISHED WRITING RESTART VELOCITIES
PRESSURE: 3790000 1743.59 4.32304 -206.677 4.32386 -2501.45 112.925 -206.678 112.925 -387.473
GPRESSURE: 3790000 1788.01 14.1507 -214.775 109.687 -2490.82 -25.3718 -289.228 181.268 -428.846
PRESSAVG: 3790000 2004.3 -55.4365 -21.0456 -55.4365 -2289.02 23.0081 -21.0456 23.0081 30.4031
GPRESSAVG: 3790000 2008.94 -58.7112 -4.10369 -55.075 -2294.22 4.23311 -13.1535 27.6758 29.0998
TIMING: 3790000  CPU: 3503.97, 0.000921615/step  Wall: 3504.24, 0.000921788/step, 374.923 ns/days, 0.309823 hours remaining, 0.000000 MB of memory in use.
PERFORMANCE: 3790000  averaging 373.785 ns/day, 0.000924596 sec/step with standard deviation 7.68068e-06
ENERGY: 3790000         8.0577        27.3005        14.3930         2.3095         -46189.0718    -85944.6639         0.0000         0.0000      9641.2750        -122440.3998       295.1790   -132081.6749   -122446.3125       297.8838           -381.7786      -377.2184    169006.4827       -84.7741       -85.3952

WRITING EXTENDED SYSTEM TO RESTART FILE AT STEP 3790000
WRITING COORDINATES TO DCD FILE ../output/01_eq_1_CLK.0.dcd AT STEP 3790000
WRITING COORDINATES TO RESTART FILE AT STEP 3790000
FINISHED WRITING RESTART COORDINATES
WRITING VELOCITIES TO RESTART FILE AT STEP 3790000
FINISHED WRITING RESTART VELOCITIES
PRESSURE: 3800000 1978.91 -106.375 303.598 -106.374 -2591.74 188.12 303.6 188.12 -457.635
GPRESSURE: 3800000 1950.22 -172.752 243.495 -139.798 -2551.84 190.83 310.465 189.719 -463.693
PRESSAVG: 3800000 2037.75 -65.5576 -1.56805 -65.5576 -2293.07 15.254 -1.56805 15.254 -15.392
GPRESSAVG: 3800000 2040.67 -71.2847 7.01197 -60.9946 -2294.53 -7.76602 11.6084 21.3735 -18.3799
TIMING: 3800000  CPU: 3513.18, 0.00092128/step  Wall: 3513.46, 0.00092138/step, 375.089 ns/days, 0.307127 hours remaining, 0.000000 MB of memory in use.
PERFORMANCE: 3800000  averaging 373.788 ns/day, 0.000924588 sec/step with standard deviation 7.67231e-06
ETITLE:      TS           BOND          ANGLE          DIHED          IMPRP               ELECT            VDW       BOUNDARY           MISC        KINETIC               TOTAL           TEMP      POTENTIAL       TOTALAVG        TEMPAVG            PRESSURE      GPRESSURE         VOLUME       PRESSAVG      GPRESSAVG

ENERGY: 3800000         7.4612        34.5804        16.2661         0.6858         -46175.9707    -86009.1765         0.0000         0.0000      9668.4614        -122457.6923       296.0114   -132126.1536   -122453.5626       297.6916           -356.8203      -355.1045    166389.7149       -90.2374       -90.7474

WRITING EXTENDED SYSTEM TO RESTART FILE AT STEP 3800000
WRITING COORDINATES TO DCD FILE ../output/01_eq_1_CLK.0.dcd AT STEP 3800000
WRITING COORDINATES TO RESTART FILE AT STEP 3800000
FINISHED WRITING RESTART COORDINATES
WRITING VELOCITIES TO RESTART FILE AT STEP 3800000
FINISHED WRITING RESTART VELOCITIES
PRESSURE: 3810000 2320.92 147.306 107.063 147.305 -2484.75 390.914 107.066 390.913 -108.425
GPRESSURE: 3810000 2360.72 185.811 -3.68302 170.868 -2567.27 389.731 205.078 276.166 -68.5277
PRESSAVG: 3810000 2034.19 -55.5823 10.1707 -55.5823 -2317.45 52.7954 10.1707 52.7954 13.6807
GPRESSAVG: 3810000 2038.26 -64.1333 7.08538 -47.7076 -2322.79 32.4363 29.5839 47.3221 12.8774
TIMING: 3810000  CPU: 3522.37, 0.000919182/step  Wall: 3522.65, 0.000919113/step, 376.015 ns/days, 0.303818 hours remaining, 0.000000 MB of memory in use.
PERFORMANCE: 3810000  averaging 373.794 ns/day, 0.000924574 sec/step with standard deviation 7.66734e-06
ENERGY: 3810000         6.4255        26.5232        17.9717         3.4807         -46220.1375    -85985.8904         0.0000         0.0000      9659.9332        -122491.6935       295.7503   -132151.6267   -122461.5539       297.4587            -90.7502       -91.6931    167992.2643       -89.8616       -90.5480

WRITING EXTENDED SYSTEM TO RESTART FILE AT STEP 3810000
WRITING COORDINATES TO DCD FILE ../output/01_eq_1_CLK.0.dcd AT STEP 3810000
WRITING COORDINATES TO RESTART FILE AT STEP 3810000
FINISHED WRITING RESTART COORDINATES
WRITING VELOCITIES TO RESTART FILE AT STEP 3810000
FINISHED WRITING RESTART VELOCITIES
PRESSURE: 3820000 1419.2 -26.9969 162.344 -26.9957 -2551.03 -26.0966 162.344 -26.0954 -19.8049
GPRESSURE: 3820000 1436.26 71.1686 209.807 52.2057 -2580 16.6917 147.667 -76.6899 -1.12206
PRESSAVG: 3820000 2031.08 -62.1718 6.34147 -62.1718 -2335.95 56.5139 6.34147 56.5139 9.02822
GPRESSAVG: 3820000 2032.72 -62.6216 7.0937 -47.8556 -2340.49 37.7122 28.2768 48.2458 10.3014
TIMING: 3820000  CPU: 3531.57, 0.000919866/step  Wall: 3531.85, 0.000919967/step, 375.666 ns/days, 0.301545 hours remaining, 0.000000 MB of memory in use.
PERFORMANCE: 3820000  averaging 373.799 ns/day, 0.000924562 sec/step with standard deviation 7.6609e-06
ENERGY: 3820000         6.6581        32.0050        20.6907         0.6718         -46601.0665    -85717.9474         0.0000         0.0000      9728.7423        -122530.2460       297.8570   -132258.9883   -122471.4979       297.4522           -383.8765      -381.6217    167617.0368       -98.6148       -99.1564

WRITING EXTENDED SYSTEM TO RESTART FILE AT STEP 3820000
WRITING COORDINATES TO DCD FILE ../output/01_eq_1_CLK.0.dcd AT STEP 3820000
WRITING COORDINATES TO RESTART FILE AT STEP 3820000
FINISHED WRITING RESTART COORDINATES
WRITING VELOCITIES TO RESTART FILE AT STEP 3820000
FINISHED WRITING RESTART VELOCITIES
PRESSURE: 3830000 2294.62 68.1601 34.663 68.1587 -1986.02 -240.866 34.6644 -240.865 18.7409
GPRESSURE: 3830000 2266.01 69.879 98.6248 9.16354 -1940.41 -300.843 -21.6264 -256.82 -14.5385
PRESSAVG: 3830000 2036.96 -55.4234 2.65586 -55.4234 -2318.75 40.5297 2.65586 40.5297 1.18369
GPRESSAVG: 3830000 2035.83 -53.1231 -2.53623 -45.2694 -2320.19 19.7856 22.0293 24.0151 1.69969
TIMING: 3830000  CPU: 3540.76, 0.000919479/step  Wall: 3541.04, 0.000919478/step, 375.865 ns/days, 0.29883 hours remaining, 0.000000 MB of memory in use.
PERFORMANCE: 3830000  averaging 373.804 ns/day, 0.000924548 sec/step with standard deviation 7.65527e-06
ENERGY: 3830000         7.3023        28.6554        19.9644         0.3648         -46071.9257    -85986.5218         0.0000         0.0000      9598.7193        -122403.4413       293.8761   -132002.1606   -122470.9992       297.2169            109.1130       103.6890    167551.6578       -93.5361       -94.2200

WRITING EXTENDED SYSTEM TO RESTART FILE AT STEP 3830000
WRITING COORDINATES TO DCD FILE ../output/01_eq_1_CLK.0.dcd AT STEP 3830000
WRITING COORDINATES TO RESTART FILE AT STEP 3830000
FINISHED WRITING RESTART COORDINATES
WRITING VELOCITIES TO RESTART FILE AT STEP 3830000
FINISHED WRITING RESTART VELOCITIES
PRESSURE: 3840000 1666.55 135.79 95.0271 135.793 -2930.45 61.1535 95.026 61.1566 -135.027
GPRESSURE: 3840000 1686.15 219.696 148.837 123.708 -3007.38 161.904 -51.4001 125.351 -81.2327
PRESSAVG: 3840000 2048.5 -53.1744 5.1814 -53.1744 -2325.65 43.547 5.1814 43.547 9.96165
GPRESSAVG: 3840000 2047.9 -45.436 2.44395 -41.9595 -2329.64 28.905 14.8491 28.3536 13.6426
TIMING: 3840000  CPU: 3549.98, 0.000921612/step  Wall: 3550.26, 0.000921767/step, 374.932 ns/days, 0.297014 hours remaining, 0.000000 MB of memory in use.
PERFORMANCE: 3840000  averaging 373.807 ns/day, 0.000924541 sec/step with standard deviation 7.64659e-06
ENERGY: 3840000         9.4477        25.1408        17.7834         1.0539         -46140.3505    -86131.4743         0.0000         0.0000      9779.7813        -122438.6178       299.4196   -132218.3991   -122465.0128       297.2392           -466.3092      -467.4869    167641.4576       -89.0647       -89.3630

WRITING EXTENDED SYSTEM TO RESTART FILE AT STEP 3840000
WRITING COORDINATES TO DCD FILE ../output/01_eq_1_CLK.0.dcd AT STEP 3840000
WRITING COORDINATES TO RESTART FILE AT STEP 3840000
FINISHED WRITING RESTART COORDINATES
WRITING VELOCITIES TO RESTART FILE AT STEP 3840000
FINISHED WRITING RESTART VELOCITIES
PRESSURE: 3850000 2131.57 -2.01305 -374.477 -2.0115 -1855.59 540.82 -374.477 540.821 -765.203
GPRESSURE: 3850000 2131.32 -86.0647 -400.592 32.8495 -1899.93 539.168 -452.685 424.125 -716.301
PRESSAVG: 3850000 2038.94 -57.769 -6.72265 -57.769 -2305.23 71.5184 -6.72265 71.5184 7.39757
GPRESSAVG: 3850000 2037.79 -53.7033 -7.30104 -44.6685 -2310.26 56.6212 -4.68228 56.7658 13.5283
TIMING: 3850000  CPU: 3559.21, 0.000922478/step  Wall: 3559.48, 0.000922512/step, 374.629 ns/days, 0.294691 hours remaining, 0.000000 MB of memory in use.
PERFORMANCE: 3850000  averaging 373.809 ns/day, 0.000924536 sec/step with standard deviation 7.63733e-06
ENERGY: 3850000         9.8861        28.1138        16.3531         1.5844         -46443.2606    -85999.0012         0.0000         0.0000      9727.6778        -122658.6466       297.8244   -132386.3244   -122476.6525       297.1719           -163.0746      -161.6367    167024.5018       -86.2957       -86.3143

WRITING EXTENDED SYSTEM TO RESTART FILE AT STEP 3850000
WRITING COORDINATES TO DCD FILE ../output/01_eq_1_CLK.0.dcd AT STEP 3850000
WRITING COORDINATES TO RESTART FILE AT STEP 3850000
FINISHED WRITING RESTART COORDINATES
WRITING VELOCITIES TO RESTART FILE AT STEP 3850000
FINISHED WRITING RESTART VELOCITIES
PRESSURE: 3860000 2049.1 -123.671 -143.629 -123.671 -2010.89 67.74 -143.631 67.7404 187.901
GPRESSURE: 3860000 2084.08 -132.949 -146.197 -112.201 -1980.32 88.9112 -143.259 -46.2411 132.719
PRESSAVG: 3860000 2061.26 -62.1491 -10.5881 -62.1491 -2281.13 90.4306 -10.5881 90.4306 39.7232
GPRESSAVG: 3860000 2065.61 -55.102 -10.8777 -48.5306 -2288.28 75.357 -11.388 74.9956 43.3316
TIMING: 3860000  CPU: 3568.43, 0.000922976/step  Wall: 3568.71, 0.000923001/step, 374.431 ns/days, 0.292284 hours remaining, 0.000000 MB of memory in use.
PERFORMANCE: 3860000  averaging 373.811 ns/day, 0.000924532 sec/step with standard deviation 7.6278e-06
ENERGY: 3860000         8.7402        30.8003        17.4158         1.0732         -46230.9235    -86027.9515         0.0000         0.0000      9861.5559        -122339.2897       301.9232   -132200.8456   -122470.9205       297.3352             75.3686        78.8248    166334.3723       -60.0485       -59.7794

WRITING EXTENDED SYSTEM TO RESTART FILE AT STEP 3860000
WRITING COORDINATES TO DCD FILE ../output/01_eq_1_CLK.0.dcd AT STEP 3860000
WRITING COORDINATES TO RESTART FILE AT STEP 3860000
FINISHED WRITING RESTART COORDINATES
WRITING VELOCITIES TO RESTART FILE AT STEP 3860000
FINISHED WRITING RESTART VELOCITIES
PRESSURE: 3870000 1992.35 -62.4053 -113.693 -62.4051 -1560.2 -43.2508 -113.695 -43.2516 -2.59401
GPRESSURE: 3870000 1981.8 -37.7819 -120.511 -132.094 -1533.72 -49.4724 -155.242 66.4165 -28.8788
PRESSAVG: 3870000 2052.03 -64.7355 -12.5997 -64.7355 -2228.52 81.339 -12.5997 81.339 46.6413
GPRESSAVG: 3870000 2055.78 -58.3711 -21.3818 -53.3256 -2236.25 69.3588 -15.4569 62.1256 50.9497
TIMING: 3870000  CPU: 3577.65, 0.000921105/step  Wall: 3577.93, 0.000921327/step, 375.111 ns/days, 0.289194 hours remaining, 0.000000 MB of memory in use.
PERFORMANCE: 3870000  averaging 373.814 ns/day, 0.000924524 sec/step with standard deviation 7.61966e-06
ENERGY: 3870000         9.1834        23.8801        19.5710         1.3209         -46218.9393    -85981.7913         0.0000         0.0000      9677.3625        -122469.4127       296.2839   -132146.7752   -122466.0578       297.4468            143.1825       139.7356    167138.4717       -43.2835       -43.1746

WRITING EXTENDED SYSTEM TO RESTART FILE AT STEP 3870000
WRITING COORDINATES TO DCD FILE ../output/01_eq_1_CLK.0.dcd AT STEP 3870000
WRITING COORDINATES TO RESTART FILE AT STEP 3870000
FINISHED WRITING RESTART COORDINATES
WRITING VELOCITIES TO RESTART FILE AT STEP 3870000
FINISHED WRITING RESTART VELOCITIES
PRESSURE: 3880000 1668.34 -50.378 437.607 -50.3771 -2588.97 -10.5727 437.607 -10.5726 -310.8
GPRESSURE: 3880000 1678.3 20.7397 288.069 -67.3899 -2575.79 -57.9262 356.655 88.7267 -339.663
PRESSAVG: 3880000 2030.04 -58.3512 18.5373 -58.3512 -2237.13 66.7135 18.5373 66.7135 13.4062
GPRESSAVG: 3880000 2032.56 -51.7315 -5.06329 -44.3529 -2242.89 62.1784 13.0846 47.7683 17.4251
TIMING: 3880000  CPU: 3586.85, 0.00092048/step  Wall: 3587.13, 0.000920531/step, 375.435 ns/days, 0.286388 hours remaining, 0.000000 MB of memory in use.
PERFORMANCE: 3880000  averaging 373.818 ns/day, 0.000924513 sec/step with standard deviation 7.6125e-06
ENERGY: 3880000        11.8147        34.5936        16.1747         0.6671         -45955.2841    -86047.5215         0.0000         0.0000      9854.7658        -122084.7897       301.7153   -131939.5555   -122456.3549       297.5459           -410.4762      -412.3833    167382.4174       -64.5600       -64.3029

WRITING EXTENDED SYSTEM TO RESTART FILE AT STEP 3880000
WRITING COORDINATES TO DCD FILE ../output/01_eq_1_CLK.0.dcd AT STEP 3880000
WRITING COORDINATES TO RESTART FILE AT STEP 3880000
FINISHED WRITING RESTART COORDINATES
WRITING VELOCITIES TO RESTART FILE AT STEP 3880000
FINISHED WRITING RESTART VELOCITIES
PRESSURE: 3890000 2139.51 197.952 352.917 197.953 -1807.12 -96.4982 352.917 -96.4968 -888.801
GPRESSURE: 3890000 2129.06 68.8292 379.849 264.747 -1851.29 -202.032 394.66 20.302 -820.871
PRESSAVG: 3890000 2029.7 -41.5498 46.8185 -41.5498 -2238.56 46.7747 46.8185 46.7747 -49.5112
GPRESSAVG: 3890000 2032.24 -35.2233 26.6634 -26.9142 -2246.88 43.8349 35.643 33.0996 -42.4148
TIMING: 3890000  CPU: 3596.12, 0.000927283/step  Wall: 3596.4, 0.000927252/step, 372.714 ns/days, 0.285903 hours remaining, 0.000000 MB of memory in use.
PERFORMANCE: 3890000  averaging 373.815 ns/day, 0.00092452 sec/step with standard deviation 7.60396e-06
ENERGY: 3890000         8.6226        29.1535        15.3596         1.1064         -46052.6346    -86014.5885         0.0000         0.0000      9762.8258        -122250.1552       298.9005   -132012.9810   -122458.2521       297.2478           -185.4687      -181.0350    167134.4450       -86.1243       -85.6867

WRITING EXTENDED SYSTEM TO RESTART FILE AT STEP 3890000
WRITING COORDINATES TO DCD FILE ../output/01_eq_1_CLK.0.dcd AT STEP 3890000
WRITING COORDINATES TO RESTART FILE AT STEP 3890000
FINISHED WRITING RESTART COORDINATES
WRITING VELOCITIES TO RESTART FILE AT STEP 3890000
FINISHED WRITING RESTART VELOCITIES
PRESSURE: 3900000 2308.94 59.0694 319.59 59.0677 -2707.83 505.552 319.591 505.553 431.694
GPRESSURE: 3900000 2346.29 19.1494 274.122 40.3004 -2720.41 547.627 391.502 397.604 412.515
PRESSAVG: 3900000 2008.91 -32.9326 62.0043 -32.9326 -2297.39 73.2847 62.0043 73.2847 -73.6731
GPRESSAVG: 3900000 2013.52 -28.6582 36.7575 -17.3899 -2304.72 74.0636 54.7773 55.4947 -69.2924
TIMING: 3900000  CPU: 3605.4, 0.000927619/step  Wall: 3605.68, 0.000927844/step, 372.477 ns/days, 0.283508 hours remaining, 0.000000 MB of memory in use.
PERFORMANCE: 3900000  averaging 373.812 ns/day, 0.000924529 sec/step with standard deviation 7.59604e-06
ETITLE:      TS           BOND          ANGLE          DIHED          IMPRP               ELECT            VDW       BOUNDARY           MISC        KINETIC               TOTAL           TEMP      POTENTIAL       TOTALAVG        TEMPAVG            PRESSURE      GPRESSURE         VOLUME       PRESSAVG      GPRESSAVG

ENERGY: 3900000         8.1710        31.8470        18.3441         0.8437         -45986.5918    -86060.6255         0.0000         0.0000      9749.9136        -122238.0979       298.5051   -131988.0115   -122438.9482       297.4129             10.9347        12.7981    166890.9390      -120.7181      -120.1636

WRITING EXTENDED SYSTEM TO RESTART FILE AT STEP 3900000
WRITING COORDINATES TO DCD FILE ../output/01_eq_1_CLK.0.dcd AT STEP 3900000
WRITING COORDINATES TO RESTART FILE AT STEP 3900000
FINISHED WRITING RESTART COORDINATES
WRITING VELOCITIES TO RESTART FILE AT STEP 3900000
FINISHED WRITING RESTART VELOCITIES
PRESSURE: 3910000 1623.92 -118.572 39.2187 -118.572 -2645.31 -79.9487 39.2177 -79.9493 318.151
GPRESSURE: 3910000 1649.2 -114.759 -105.989 -41.0233 -2704.1 -100.05 160.358 -100.949 349.599
PRESSAVG: 3910000 1979.42 -19.1806 58.6313 -19.1806 -2330.74 94.7053 58.6313 94.7053 -62.6446
GPRESSAVG: 3910000 1987.69 -20.0333 33.3472 -3.05433 -2346.8 91.9527 52.1525 77.8163 -53.2041
TIMING: 3910000  CPU: 3614.65, 0.000924982/step  Wall: 3614.93, 0.00092496/step, 373.638 ns/days, 0.280057 hours remaining, 0.000000 MB of memory in use.
PERFORMANCE: 3910000  averaging 373.812 ns/day, 0.00092453 sec/step with standard deviation 7.58633e-06
ENERGY: 3910000        11.2836        30.6773        15.0771         2.0447         -46034.1079    -86069.5370         0.0000         0.0000      9843.3950        -122201.1672       301.3672   -132044.5622   -122425.4467       297.6555           -234.4116      -235.1014    167994.8949      -137.9893      -137.4389

WRITING EXTENDED SYSTEM TO RESTART FILE AT STEP 3910000
WRITING COORDINATES TO DCD FILE ../output/01_eq_1_CLK.0.dcd AT STEP 3910000
WRITING COORDINATES TO RESTART FILE AT STEP 3910000
FINISHED WRITING RESTART COORDINATES
WRITING VELOCITIES TO RESTART FILE AT STEP 3910000
FINISHED WRITING RESTART VELOCITIES
PRESSURE: 3920000 1830.23 -282.268 -212.52 -282.266 -2496.03 -323.289 -212.518 -323.289 125.677
GPRESSURE: 3920000 1822.31 -454.977 -208.971 16.9805 -2478.83 -350.858 -148.05 -225.66 120.166
PRESSAVG: 3920000 2002.89 -28.4411 36.2651 -28.4411 -2311.36 80.6557 36.2651 80.6557 -26.0941
GPRESSAVG: 3920000 2011.06 -41.9601 8.5223 0.211832 -2325.05 73.659 34.3476 70.5381 -19.8006
TIMING: 3920000  CPU: 3623.88, 0.000923223/step  Wall: 3624.17, 0.000923449/step, 374.249 ns/days, 0.277035 hours remaining, 0.000000 MB of memory in use.
PERFORMANCE: 3920000  averaging 373.813 ns/day, 0.000924527 sec/step with standard deviation 7.57682e-06
ENERGY: 3920000         8.8651        30.9107        20.4683         1.8695         -46282.3303    -85904.1270         0.0000         0.0000      9711.3240        -122413.0197       297.3237   -132124.3437   -122414.9851       297.8788           -180.0401      -178.7863    166446.6891      -111.5197      -111.2647

WRITING EXTENDED SYSTEM TO RESTART FILE AT STEP 3920000
WRITING COORDINATES TO DCD FILE ../output/01_eq_1_CLK.0.dcd AT STEP 3920000
WRITING COORDINATES TO RESTART FILE AT STEP 3920000
FINISHED WRITING RESTART COORDINATES
WRITING VELOCITIES TO RESTART FILE AT STEP 3920000
FINISHED WRITING RESTART VELOCITIES
PRESSURE: 3930000 2024.5 16.367 171.515 16.3669 -1543.85 -409.807 171.514 -409.807 307.159
GPRESSURE: 3930000 2071.04 19.438 214.319 69.6248 -1538.5 -457.934 162.966 -542.298 247.501
PRESSAVG: 3930000 1993.02 -9.42466 61.5462 -9.42466 -2269.2 46.2331 61.5462 46.2331 6.23219
GPRESSAVG: 3930000 2002.69 -27.6574 33.0416 24.7711 -2279.34 39.673 61.0447 30.9606 6.89613
TIMING: 3930000  CPU: 3633.15, 0.000926738/step  Wall: 3633.44, 0.000926878/step, 372.865 ns/days, 0.275489 hours remaining, 0.000000 MB of memory in use.
PERFORMANCE: 3930000  averaging 373.81 ns/day, 0.000924533 sec/step with standard deviation 7.56807e-06
ENERGY: 3930000         8.8271        28.5776        13.9622         1.2691         -46635.5885    -85721.2898         0.0000         0.0000      9704.3925        -122599.8500       297.1115   -132304.2425   -122422.5907       297.8651            262.6004       260.0128    166849.8882       -89.9815       -89.9187

WRITING EXTENDED SYSTEM TO RESTART FILE AT STEP 3930000
WRITING COORDINATES TO DCD FILE ../output/01_eq_1_CLK.0.dcd AT STEP 3930000
WRITING COORDINATES TO RESTART FILE AT STEP 3930000
FINISHED WRITING RESTART COORDINATES
WRITING VELOCITIES TO RESTART FILE AT STEP 3930000
FINISHED WRITING RESTART VELOCITIES
PRESSURE: 3940000 2289.4 177.065 315.512 177.063 -2786.35 189.983 315.512 189.983 589.169
GPRESSURE: 3940000 2229.15 296.994 432.751 138.947 -2771.47 240.189 334.589 202.464 631.984
PRESSAVG: 3940000 2007.8 19.5065 99.1897 19.5065 -2312.48 49.6465 99.1897 49.6465 9.23153
GPRESSAVG: 3940000 2016.24 7.54748 77.7194 49.3253 -2320.73 45.8199 98.2324 36.165 10.4114
TIMING: 3940000  CPU: 3642.43, 0.000927874/step  Wall: 3642.71, 0.000927857/step, 372.471 ns/days, 0.273202 hours remaining, 0.000000 MB of memory in use.
PERFORMANCE: 3940000  averaging 373.807 ns/day, 0.000924542 sec/step with standard deviation 7.5603e-06
ENERGY: 3940000         6.0580        24.5662        15.3711         1.0439         -46398.8551    -85845.9352         0.0000         0.0000      9697.9776        -122499.7735       296.9151   -132197.7511   -122418.6235       297.9427             30.7387        29.8905    167525.5494       -98.4828       -98.0274

WRITING EXTENDED SYSTEM TO RESTART FILE AT STEP 3940000
WRITING COORDINATES TO DCD FILE ../output/01_eq_1_CLK.0.dcd AT STEP 3940000
WRITING COORDINATES TO RESTART FILE AT STEP 3940000
FINISHED WRITING RESTART COORDINATES
WRITING VELOCITIES TO RESTART FILE AT STEP 3940000
FINISHED WRITING RESTART VELOCITIES
PRESSURE: 3950000 2078.62 31.7575 147.967 31.7607 -1718.64 -248.426 147.969 -248.428 -339.246
GPRESSURE: 3950000 2131.15 9.48452 144.184 6.519 -1800.23 -271.487 221.217 -6.11809 -331.313
PRESSAVG: 3950000 2039.56 23.814 110.626 23.814 -2264.31 53.864 110.626 53.864 -8.82191
GPRESSAVG: 3950000 2050.67 10.1331 89.5869 50.7656 -2277.79 42.4141 118.312 54.5834 -6.58714
TIMING: 3950000  CPU: 3651.7, 0.000927538/step  Wall: 3651.99, 0.000927688/step, 372.539 ns/days, 0.270576 hours remaining, 0.000000 MB of memory in use.
PERFORMANCE: 3950000  averaging 373.804 ns/day, 0.00092455 sec/step with standard deviation 7.55235e-06
ENERGY: 3950000         5.2886        28.5186        14.5583         0.8592         -46350.2105    -85852.6988         0.0000         0.0000      9669.4575        -122484.2271       296.0419   -132153.6847   -122419.3304       297.6674              6.9118        -0.1299    167459.7175       -77.8562       -77.9007

WRITING EXTENDED SYSTEM TO RESTART FILE AT STEP 3950000
WRITING COORDINATES TO DCD FILE ../output/01_eq_1_CLK.0.dcd AT STEP 3950000
WRITING COORDINATES TO RESTART FILE AT STEP 3950000
FINISHED WRITING RESTART COORDINATES
WRITING VELOCITIES TO RESTART FILE AT STEP 3950000
FINISHED WRITING RESTART VELOCITIES
PRESSURE: 3960000 2956.95 -69.3882 -297.612 -69.3891 -1865.32 -10.538 -297.614 -10.5383 -43.4465
GPRESSURE: 3960000 3025.07 -88.5733 -330.183 -78.1332 -1962.31 103.782 -246.992 -92.3528 -10.6773
PRESSAVG: 3960000 2067.24 7.61684 86.228 7.61684 -2262.23 41.3438 86.228 41.3438 -45.2012
GPRESSAVG: 3960000 2080.2 -3.40265 71.9897 34.0658 -2277.46 38.6091 90.8098 39.4323 -42.6005
TIMING: 3960000  CPU: 3660.96, 0.000926082/step  Wall: 3661.25, 0.000926165/step, 373.152 ns/days, 0.267559 hours remaining, 0.000000 MB of memory in use.
PERFORMANCE: 3960000  averaging 373.802 ns/day, 0.000924554 sec/step with standard deviation 7.54323e-06
ENERGY: 3960000         4.3227        31.9366        17.5822         1.2595         -46418.6531    -85813.0620         0.0000         0.0000      9642.3760        -122534.2380       295.2127   -132176.6141   -122419.8440       297.5882            349.3938       350.6957    166676.5667       -80.0656       -79.9532

WRITING EXTENDED SYSTEM TO RESTART FILE AT STEP 3960000
WRITING COORDINATES TO DCD FILE ../output/01_eq_1_CLK.0.dcd AT STEP 3960000
WRITING COORDINATES TO RESTART FILE AT STEP 3960000
FINISHED WRITING RESTART COORDINATES
WRITING VELOCITIES TO RESTART FILE AT STEP 3960000
FINISHED WRITING RESTART VELOCITIES
PRESSURE: 3970000 2432.42 -7.24048 -63.2944 -7.23714 -1673.36 -6.00441 -63.2968 -6.00585 841.828
GPRESSURE: 3970000 2443.87 -70.699 60.9662 -8.56024 -1723.48 -6.48375 -127.405 -68.0846 876.245
PRESSAVG: 3970000 2085.21 5.19355 73.8405 5.19355 -2224.12 40.4226 73.8405 40.4226 -21.3181
GPRESSAVG: 3970000 2096.69 -5.02755 69.7455 27.9634 -2241.76 33.0451 69.6236 40.6963 -16.0072
TIMING: 3970000  CPU: 3670.19, 0.000922552/step  Wall: 3670.48, 0.000922716/step, 374.547 ns/days, 0.263999 hours remaining, 0.000000 MB of memory in use.
PERFORMANCE: 3970000  averaging 373.804 ns/day, 0.000924549 sec/step with standard deviation 7.53426e-06
ENERGY: 3970000        10.0309        43.8875        15.5598         1.4511         -46405.1354    -85754.7109         0.0000         0.0000      9663.2775        -122425.6395       295.8527   -132088.9170   -122421.4430       297.4818            533.6287       532.2099    166881.0889       -53.4082       -53.6929

WRITING EXTENDED SYSTEM TO RESTART FILE AT STEP 3970000
WRITING COORDINATES TO DCD FILE ../output/01_eq_1_CLK.0.dcd AT STEP 3970000
WRITING COORDINATES TO RESTART FILE AT STEP 3970000
FINISHED WRITING RESTART COORDINATES
WRITING VELOCITIES TO RESTART FILE AT STEP 3970000
FINISHED WRITING RESTART VELOCITIES
PRESSURE: 3980000 2065.86 -51.4251 -226.71 -51.4238 -2364.64 36.5586 -226.707 36.5601 19.112
GPRESSURE: 3980000 2141.88 -135.536 -156.077 -0.0542647 -2411.9 35.6809 -235.541 -1.37026 -7.91617
PRESSAVG: 3980000 2050.77 -3.14652 42.4205 -3.14652 -2233.48 29.9237 42.4205 29.9237 -30.9512
GPRESSAVG: 3980000 2067.59 -14.9376 40.4023 22.8173 -2254.5 24.6028 40.6865 27.7779 -27.1425
TIMING: 3980000  CPU: 3679.36, 0.000917085/step  Wall: 3679.65, 0.000917064/step, 376.855 ns/days, 0.259835 hours remaining, 0.000000 MB of memory in use.
PERFORMANCE: 3980000  averaging 373.811 ns/day, 0.00092453 sec/step with standard deviation 7.53411e-06
ENERGY: 3980000        13.1785        29.1422        15.3881         0.9268         -46072.5312    -86071.8347         0.0000         0.0000      9677.9754        -122407.7548       296.3027   -132085.7303   -122418.4076       297.4687            -93.2243       -92.6437    167551.5616       -71.2179       -71.3492

WRITING EXTENDED SYSTEM TO RESTART FILE AT STEP 3980000
WRITING COORDINATES TO DCD FILE ../output/01_eq_1_CLK.0.dcd AT STEP 3980000
WRITING COORDINATES TO RESTART FILE AT STEP 3980000
FINISHED WRITING RESTART COORDINATES
WRITING VELOCITIES TO RESTART FILE AT STEP 3980000
FINISHED WRITING RESTART VELOCITIES
PRESSURE: 3990000 2173.84 99.5722 -263.645 99.5713 -2298.88 90.7408 -263.644 90.7415 532.452
GPRESSURE: 3990000 2152.62 86.5143 -244.642 25.3719 -2293.91 31.093 -316.519 53.1352 547.741
PRESSAVG: 3990000 2072.29 1.61586 39.5722 1.61586 -2223.35 28.8145 39.5722 28.8145 15.045
GPRESSAVG: 3990000 2085.83 -11.3194 38.909 18.6016 -2244.65 27.4261 39.3219 21.3713 21.6868
TIMING: 3990000  CPU: 3688.55, 0.000919368/step  Wall: 3688.84, 0.000919372/step, 375.909 ns/days, 0.257935 hours remaining, 0.000000 MB of memory in use.
PERFORMANCE: 3990000  averaging 373.817 ns/day, 0.000924517 sec/step with standard deviation 7.52907e-06
ENERGY: 3990000         9.0955        29.7747        16.0952         0.6322         -46332.6740    -85900.1288         0.0000         0.0000      9729.6876        -122447.5175       297.8859   -132177.2051   -122418.7635       297.6040            135.8011       135.4837    166290.6544       -45.3389       -45.7141

WRITING EXTENDED SYSTEM TO RESTART FILE AT STEP 3990000
WRITING COORDINATES TO DCD FILE ../output/01_eq_1_CLK.0.dcd AT STEP 3990000
WRITING COORDINATES TO RESTART FILE AT STEP 3990000
FINISHED WRITING RESTART COORDINATES
WRITING VELOCITIES TO RESTART FILE AT STEP 3990000
FINISHED WRITING RESTART VELOCITIES
PRESSURE: 4000000 2665.7 38.7538 -98.7122 38.7547 -1917.31 335.732 -98.7116 335.73 136.024
GPRESSURE: 4000000 2688.86 -104.686 -75.8651 86.409 -1962.86 395.592 -133.502 267.762 155.944
PRESSAVG: 4000000 2106.63 8.87231 19.4566 8.87231 -2189.63 36.195 19.4566 36.195 44.7279
GPRESSAVG: 4000000 2122.76 -7.9161 22.941 29.912 -2215.21 37.6642 17.1236 25.2734 52.6687
TIMING: 4000000  CPU: 3697.79, 0.000923937/step  Wall: 3698.09, 0.000924102/step, 373.985 ns/days, 0.256695 hours remaining, 0.000000 MB of memory in use.
PERFORMANCE: 4000000  averaging 373.817 ns/day, 0.000924516 sec/step with standard deviation 7.51966e-06
ETITLE:      TS           BOND          ANGLE          DIHED          IMPRP               ELECT            VDW       BOUNDARY           MISC        KINETIC               TOTAL           TEMP      POTENTIAL       TOTALAVG        TEMPAVG            PRESSURE      GPRESSURE         VOLUME       PRESSAVG      GPRESSAVG

ENERGY: 4000000         5.5393        36.3421        19.7304         2.8455         -46200.1569    -85932.2057         0.0000         0.0000      9688.9570        -122378.9483       296.6389   -132067.9053   -122414.8263       297.6354            294.8058       293.9801    166972.3390       -12.7576       -13.2599

WRITING EXTENDED SYSTEM TO RESTART FILE AT STEP 4000000
WRITING COORDINATES TO DCD FILE ../output/01_eq_1_CLK.0.dcd AT STEP 4000000
WRITING COORDINATES TO RESTART FILE AT STEP 4000000
FINISHED WRITING RESTART COORDINATES
WRITING VELOCITIES TO RESTART FILE AT STEP 4000000
FINISHED WRITING RESTART VELOCITIES
PRESSURE: 4010000 2165.48 7.29063 -137.818 7.29083 -2606.28 -21.4856 -137.818 -21.4856 110.284
GPRESSURE: 4010000 2150 163.81 -146.355 -164.826 -2595.28 44.068 -133.021 -94.5402 100.339
PRESSAVG: 4010000 2098.85 1.8716 7.2124 1.8716 -2195.7 15.575 7.2124 15.575 55.6634
GPRESSAVG: 4010000 2112.22 -9.01613 15.8074 13.1272 -2216.61 20.381 0.218654 6.73811 61.112
TIMING: 4010000  CPU: 3707.08, 0.00092862/step  Wall: 3707.37, 0.000928812/step, 372.088 ns/days, 0.255423 hours remaining, 0.000000 MB of memory in use.
PERFORMANCE: 4010000  averaging 373.813 ns/day, 0.000924527 sec/step with standard deviation 7.51332e-06
ENERGY: 4010000         7.9095        35.0871        13.9309         1.0510         -46377.7146    -85786.1625         0.0000         0.0000      9580.8737        -122525.0249       293.3298   -132105.8986   -122416.4929       297.5143           -110.1691      -114.9820    167391.4627       -13.7286       -14.4243

WRITING EXTENDED SYSTEM TO RESTART FILE AT STEP 4010000
WRITING COORDINATES TO DCD FILE ../output/01_eq_1_CLK.0.dcd AT STEP 4010000
WRITING COORDINATES TO RESTART FILE AT STEP 4010000
FINISHED WRITING RESTART COORDINATES
WRITING VELOCITIES TO RESTART FILE AT STEP 4010000
FINISHED WRITING RESTART VELOCITIES
PRESSURE: 4020000 1709.47 -201.004 -102.351 -201.004 -2637.75 -462.041 -102.35 -462.042 35.4304
GPRESSURE: 4020000 1737.03 -113.901 -218.435 -217.26 -2636.75 -424.921 66.8946 -481.584 -3.45366
PRESSAVG: 4020000 2113.37 -6.82882 -6.02231 -6.82882 -2200.04 -6.22227 -6.02231 -6.22227 58.4252
GPRESSAVG: 4020000 2127.26 -18.2696 -5.60472 -0.346033 -2219.44 -1.69962 -3.81996 -13.5066 60.9954
TIMING: 4020000  CPU: 3716.33, 0.000924679/step  Wall: 3716.62, 0.000924662/step, 373.758 ns/days, 0.251714 hours remaining, 0.000000 MB of memory in use.
PERFORMANCE: 4020000  averaging 373.813 ns/day, 0.000924527 sec/step with standard deviation 7.50394e-06
ENERGY: 4020000         5.7413        30.5043        18.5593         1.4564         -46212.4313    -86099.5035         0.0000         0.0000      9659.9362        -122595.7373       295.7504   -132255.6734   -122419.7674       297.4090           -297.6190      -301.0571    167645.5364        -9.4157       -10.3961

WRITING EXTENDED SYSTEM TO RESTART FILE AT STEP 4020000
WRITING COORDINATES TO DCD FILE ../output/01_eq_1_CLK.0.dcd AT STEP 4020000
WRITING COORDINATES TO RESTART FILE AT STEP 4020000
FINISHED WRITING RESTART COORDINATES
WRITING VELOCITIES TO RESTART FILE AT STEP 4020000
FINISHED WRITING RESTART VELOCITIES
PRESSURE: 4030000 2579.75 239.124 149.794 239.122 -1873.54 24.8755 149.793 24.8738 -10.3843
GPRESSURE: 4030000 2640.12 195.912 215.708 305.519 -1835.75 41.0254 38.3651 22.3025 -84.8768
PRESSAVG: 4030000 2127.62 1.71937 -0.265868 1.71937 -2194.42 7.06465 -0.265868 7.06465 56.9689
GPRESSAVG: 4030000 2145.97 -11.968 0.249437 14.4718 -2214.21 15.3938 -0.820389 0.449517 57.4785
TIMING: 4030000  CPU: 3725.53, 0.000919953/step  Wall: 3725.82, 0.000920118/step, 375.604 ns/days, 0.247921 hours remaining, 0.000000 MB of memory in use.
PERFORMANCE: 4030000  averaging 373.817 ns/day, 0.000924516 sec/step with standard deviation 7.49782e-06
ENERGY: 4030000        11.6230        33.8938        15.9591         0.3552         -46451.3136    -85826.5157         0.0000         0.0000      9886.0970        -122329.9011       302.6746   -132215.9981   -122416.0904       297.8489            231.9427       239.8281    167161.7475        -3.2742        -3.5892

WRITING EXTENDED SYSTEM TO RESTART FILE AT STEP 4030000
WRITING COORDINATES TO DCD FILE ../output/01_eq_1_CLK.0.dcd AT STEP 4030000
WRITING COORDINATES TO RESTART FILE AT STEP 4030000
FINISHED WRITING RESTART COORDINATES
WRITING VELOCITIES TO RESTART FILE AT STEP 4030000
FINISHED WRITING RESTART VELOCITIES
PRESSURE: 4040000 1788.61 185.296 19.9059 185.294 -1878.69 -111.342 19.9078 -111.343 238.109
GPRESSURE: 4040000 1828 83.2259 -9.70752 251.63 -1911.41 -173.006 -10.4871 -179.049 229.705
PRESSAVG: 4040000 2133.73 4.1944 -4.02178 4.1944 -2141.83 -1.56034 -4.02178 -1.56034 75.6257
GPRESSAVG: 4040000 2153.06 -18.7915 -7.67779 20.8678 -2159.41 -1.35169 1.22526 -14.7705 73.0254
TIMING: 4040000  CPU: 3734.7, 0.000917311/step  Wall: 3735, 0.000917498/step, 376.677 ns/days, 0.244666 hours remaining, 0.000000 MB of memory in use.
PERFORMANCE: 4040000  averaging 373.824 ns/day, 0.000924499 sec/step with standard deviation 7.49665e-06
ENERGY: 4040000         8.6923        35.3218        13.8630         0.5826         -46272.0904    -85921.2624         0.0000         0.0000      9828.5880        -122306.3051       300.9138   -132134.8931   -122409.4748       297.9237             49.3434        48.7647    167369.5895        22.5084        22.2234

WRITING EXTENDED SYSTEM TO RESTART FILE AT STEP 4040000
WRITING COORDINATES TO DCD FILE ../output/01_eq_1_CLK.0.dcd AT STEP 4040000
WRITING COORDINATES TO RESTART FILE AT STEP 4040000
FINISHED WRITING RESTART COORDINATES
WRITING VELOCITIES TO RESTART FILE AT STEP 4040000
FINISHED WRITING RESTART VELOCITIES
PRESSURE: 4050000 1852.59 13.9617 293.442 13.9603 -2246.92 -19.5506 293.439 -19.5501 -286.226
GPRESSURE: 4050000 1861.67 34.0935 457.07 91.6708 -2252.6 103.801 159.281 -253.373 -302.183
PRESSAVG: 4050000 2119.78 4.99299 29.374 4.99299 -2161.39 -29.5789 29.374 -29.5789 99.5745
GPRESSAVG: 4050000 2139.58 -12.7836 35.2053 23.8089 -2177.05 -23.12 31.8235 -48.6454 93.7313
TIMING: 4050000  CPU: 3743.88, 0.00091798/step  Wall: 3744.18, 0.00091801/step, 376.466 ns/days, 0.242253 hours remaining, 0.000000 MB of memory in use.
PERFORMANCE: 4050000  averaging 373.831 ns/day, 0.000924483 sec/step with standard deviation 7.49431e-06
ENERGY: 4050000         5.4769        36.4494        16.5526         0.9496         -46424.7181    -86019.3413         0.0000         0.0000      9651.9061        -122732.7248       295.5045   -132384.6309   -122413.1787       297.8077           -226.8511      -231.0352    167883.1757        19.3196        18.7535

WRITING EXTENDED SYSTEM TO RESTART FILE AT STEP 4050000
WRITING COORDINATES TO DCD FILE ../output/01_eq_1_CLK.0.dcd AT STEP 4050000
WRITING COORDINATES TO RESTART FILE AT STEP 4050000
FINISHED WRITING RESTART COORDINATES
WRITING VELOCITIES TO RESTART FILE AT STEP 4050000
FINISHED WRITING RESTART VELOCITIES
PRESSURE: 4060000 3291.69 254.746 -102.666 254.746 -1023.41 -90.4366 -102.669 -90.4372 98.9143
GPRESSURE: 4060000 3354.88 276.584 -99.9387 199.701 -1070.2 -214.011 -116.797 -16.9437 88.3214
PRESSAVG: 4060000 2181.91 23.9138 31.4221 23.9138 -2112.02 -37.4878 31.4221 -37.4878 95.1252
GPRESSAVG: 4060000 2203.12 7.69304 37.5182 39.404 -2131.54 -38.2661 33.1466 -47.1805 91.5114
TIMING: 4060000  CPU: 3753.08, 0.000919921/step  Wall: 3753.38, 0.000920133/step, 375.598 ns/days, 0.240257 hours remaining, 0.000000 MB of memory in use.
PERFORMANCE: 4060000  averaging 373.835 ns/day, 0.000924472 sec/step with standard deviation 7.48816e-06
ENERGY: 4060000        10.2605        35.6473        16.8275         0.8644         -46238.8543    -85744.5818         0.0000         0.0000      9821.1188        -122098.7175       300.6852   -131919.8363   -122401.1501       297.7458            789.0665       790.9991    167368.0037        55.0045        54.3622

WRITING EXTENDED SYSTEM TO RESTART FILE AT STEP 4060000
WRITING COORDINATES TO DCD FILE ../output/01_eq_1_CLK.0.dcd AT STEP 4060000
WRITING COORDINATES TO RESTART FILE AT STEP 4060000
FINISHED WRITING RESTART COORDINATES
WRITING VELOCITIES TO RESTART FILE AT STEP 4060000
FINISHED WRITING RESTART VELOCITIES
PRESSURE: 4070000 2383.53 120.028 169.714 120.03 -1783.08 -136.964 169.715 -136.962 60.9411
GPRESSURE: 4070000 2384.74 105.619 113.631 48.5948 -1846.96 -272.117 159.567 -182.658 129.181
PRESSAVG: 4070000 2201.47 33.0356 45.5926 33.0356 -2123.16 -42.1733 45.5926 -42.1733 98.302
GPRESSAVG: 4070000 2223.26 14.8631 49.2253 48.4384 -2147.2 -49.3984 48.8871 -59.6342 99.4144
TIMING: 4070000  CPU: 3762.31, 0.000923258/step  Wall: 3762.61, 0.0009234/step, 374.269 ns/days, 0.238545 hours remaining, 0.000000 MB of memory in use.
PERFORMANCE: 4070000  averaging 373.836 ns/day, 0.00092447 sec/step with standard deviation 7.47912e-06
ENERGY: 4070000         7.2220        28.4407        13.6924         2.8461         -46375.8585    -85851.3989         0.0000         0.0000      9654.3826        -122520.6736       295.5803   -132175.0562   -122403.7131       297.7106            220.4653       222.3196    166631.9726        58.8686        58.4914

WRITING EXTENDED SYSTEM TO RESTART FILE AT STEP 4070000
WRITING COORDINATES TO DCD FILE ../output/01_eq_1_CLK.0.dcd AT STEP 4070000
WRITING COORDINATES TO RESTART FILE AT STEP 4070000
FINISHED WRITING RESTART COORDINATES
WRITING VELOCITIES TO RESTART FILE AT STEP 4070000
FINISHED WRITING RESTART VELOCITIES
PRESSURE: 4080000 2620.44 298.654 259.566 298.656 -1566.14 -178.451 259.569 -178.45 335.175
GPRESSURE: 4080000 2576.28 302.901 258.193 226.57 -1483.71 -171.721 152.657 -189.355 284.412
PRESSAVG: 4080000 2249.07 50.4872 36.6907 50.4872 -2072.02 -50.5672 36.6907 -50.5672 130.601
GPRESSAVG: 4080000 2268.16 28.9712 47.7315 63.1364 -2092.6 -55.0881 38.6872 -73.5384 130.618
TIMING: 4080000  CPU: 3771.6, 0.000928832/step  Wall: 3771.9, 0.000928945/step, 372.035 ns/days, 0.237397 hours remaining, 0.000000 MB of memory in use.
PERFORMANCE: 4080000  averaging 373.832 ns/day, 0.000924481 sec/step with standard deviation 7.47321e-06
ENERGY: 4080000        10.3419        33.2737        16.8821         0.0644         -46220.5501    -85930.5681         0.0000         0.0000      9640.3184        -122450.2376       295.1498   -132090.5560   -122421.9855       297.3823            463.1572       458.9969    167762.8522       102.5503       102.0604

WRITING EXTENDED SYSTEM TO RESTART FILE AT STEP 4080000
WRITING COORDINATES TO DCD FILE ../output/01_eq_1_CLK.0.dcd AT STEP 4080000
WRITING COORDINATES TO RESTART FILE AT STEP 4080000
FINISHED WRITING RESTART COORDINATES
WRITING VELOCITIES TO RESTART FILE AT STEP 4080000
FINISHED WRITING RESTART VELOCITIES
PRESSURE: 4090000 2611.42 349.919 359.485 349.916 -2608.14 49.6215 359.486 49.6212 -133.459
GPRESSURE: 4090000 2593.95 300.427 336.485 337.454 -2532.92 139.794 548.778 -15.2897 -191.09
PRESSAVG: 4090000 2272.67 58.0854 37.0191 58.0854 -2112.07 -43.2613 37.0191 -43.2613 168.368
GPRESSAVG: 4090000 2291.41 40.5511 45.5633 66.7718 -2126.68 -37.9968 46.3931 -75.3179 162.107
TIMING: 4090000  CPU: 3780.87, 0.000926874/step  Wall: 3781.17, 0.000926936/step, 372.841 ns/days, 0.234309 hours remaining, 0.000000 MB of memory in use.
PERFORMANCE: 4090000  averaging 373.829 ns/day, 0.000924487 sec/step with standard deviation 7.46504e-06
ENERGY: 4090000        11.5666        26.2504        17.5645         0.8076         -46364.2848    -85937.9259         0.0000         0.0000      9788.0243        -122457.9973       299.6719   -132246.0216   -122432.3776       297.4209            -43.3935       -43.3519    166321.7676       109.6541       108.9446

WRITING EXTENDED SYSTEM TO RESTART FILE AT STEP 4090000
WRITING COORDINATES TO DCD FILE ../output/01_eq_1_CLK.0.dcd AT STEP 4090000
WRITING COORDINATES TO RESTART FILE AT STEP 4090000
FINISHED WRITING RESTART COORDINATES
WRITING VELOCITIES TO RESTART FILE AT STEP 4090000
FINISHED WRITING RESTART VELOCITIES
PRESSURE: 4100000 2320.24 254.968 328.83 254.968 -1660.43 -513.452 328.831 -513.453 269.586
GPRESSURE: 4100000 2347.73 102.315 238.193 357.179 -1651.39 -543.376 192.975 -524.574 235.064
PRESSAVG: 4100000 2273.23 67.8805 37.4812 67.8805 -2059.7 -94.2116 37.4812 -94.2116 160.262
GPRESSAVG: 4100000 2291.48 44.7093 43.7668 82.6157 -2073.23 -92.5469 36.4668 -121.427 153.235
TIMING: 4100000  CPU: 3790.15, 0.000928676/step  Wall: 3790.46, 0.000928663/step, 372.148 ns/days, 0.232166 hours remaining, 0.000000 MB of memory in use.
PERFORMANCE: 4100000  averaging 373.825 ns/day, 0.000924497 sec/step with standard deviation 7.45876e-06
ETITLE:      TS           BOND          ANGLE          DIHED          IMPRP               ELECT            VDW       BOUNDARY           MISC        KINETIC               TOTAL           TEMP      POTENTIAL       TOTALAVG        TEMPAVG            PRESSURE      GPRESSURE         VOLUME       PRESSAVG      GPRESSAVG

ENERGY: 4100000         9.2023        28.9050        12.7082         3.6621         -46459.9283    -85813.0341         0.0000         0.0000      9645.0857        -122573.3992       295.2957   -132218.4849   -122449.1427       297.2604            309.7980       310.4702    166493.5996       124.5972       123.8282

WRITING EXTENDED SYSTEM TO RESTART FILE AT STEP 4100000
WRITING COORDINATES TO DCD FILE ../output/01_eq_1_CLK.0.dcd AT STEP 4100000
WRITING COORDINATES TO RESTART FILE AT STEP 4100000
FINISHED WRITING RESTART COORDINATES
WRITING VELOCITIES TO RESTART FILE AT STEP 4100000
FINISHED WRITING RESTART VELOCITIES
PRESSURE: 4110000 2048.92 -50.2284 -131.88 -50.2277 -1970.85 -227.498 -131.881 -227.496 -573.759
GPRESSURE: 4110000 2058.41 -90.611 -31.8833 -71.5657 -1977.12 -296.246 -167.681 -82.3901 -572.357
PRESSAVG: 4110000 2294.48 71.2977 28.9262 71.2977 -2025.98 -101.589 28.9262 -101.589 115.667
GPRESSAVG: 4110000 2311.94 45.9168 47.4721 81.0886 -2036.88 -102.357 20.0648 -120.499 107.137
TIMING: 4110000  CPU: 3799.42, 0.000926527/step  Wall: 3799.72, 0.00092674/step, 372.92 ns/days, 0.229111 hours remaining, 0.000000 MB of memory in use.
PERFORMANCE: 4110000  averaging 373.823 ns/day, 0.000924502 sec/step with standard deviation 7.45048e-06
ENERGY: 4110000         8.6909        29.2400        15.8324         0.4055         -46433.8366    -85928.7129         0.0000         0.0000      9666.4757        -122641.9051       295.9506   -132308.3807   -122471.1796       296.9896           -165.2280      -163.6886    166730.1486       128.0564       127.3988

WRITING EXTENDED SYSTEM TO RESTART FILE AT STEP 4110000
WRITING COORDINATES TO DCD FILE ../output/01_eq_1_CLK.0.dcd AT STEP 4110000
WRITING COORDINATES TO RESTART FILE AT STEP 4110000
FINISHED WRITING RESTART COORDINATES
WRITING VELOCITIES TO RESTART FILE AT STEP 4110000
FINISHED WRITING RESTART VELOCITIES
PRESSURE: 4120000 2267.95 163.916 450.751 163.912 -2444.27 241.481 450.751 241.482 479.935
GPRESSURE: 4120000 2244.21 122.412 531.491 167.798 -2445.04 225.739 496.921 284.625 512.249
PRESSAVG: 4120000 2316.37 93.6066 62.0897 93.6066 -2023.39 -73.3504 62.0897 -73.3504 133.38
GPRESSAVG: 4120000 2333.03 74.7862 84.4952 88.6295 -2035.19 -73.5269 52.3134 -94.9846 126.741
TIMING: 4120000  CPU: 3808.7, 0.000928281/step  Wall: 3809.01, 0.00092826/step, 372.31 ns/days, 0.226908 hours remaining, 0.000000 MB of memory in use.
PERFORMANCE: 4120000  averaging 373.819 ns/day, 0.000924511 sec/step with standard deviation 7.44371e-06
ENERGY: 4120000         6.2286        28.4650        17.5796         0.9125         -46581.5865    -85867.8822         0.0000         0.0000      9796.9996        -122599.2835       299.9467   -132396.2831   -122480.4928       297.1207            101.2075       103.8065    166093.1331       142.1188       141.5285

WRITING EXTENDED SYSTEM TO RESTART FILE AT STEP 4120000
WRITING COORDINATES TO DCD FILE ../output/01_eq_1_CLK.0.dcd AT STEP 4120000
WRITING COORDINATES TO RESTART FILE AT STEP 4120000
FINISHED WRITING RESTART COORDINATES
WRITING VELOCITIES TO RESTART FILE AT STEP 4120000
FINISHED WRITING RESTART VELOCITIES
PRESSURE: 4130000 2879.97 35.2199 194.08 35.219 -2159.06 409.578 194.078 409.578 222.324
GPRESSURE: 4130000 2842.46 90.1057 202.242 57.1391 -2071.73 536.065 190.52 343.353 182.213
PRESSAVG: 4130000 2359.14 94.5492 63.2179 94.5492 -2054.15 -32.3811 63.2179 -32.3811 129.138
GPRESSAVG: 4130000 2371.61 78.3196 83.8914 88.0052 -2061.85 -23.8269 53.691 -50.7021 123.477
TIMING: 4130000  CPU: 3817.99, 0.000928776/step  Wall: 3818.3, 0.00092884/step, 372.077 ns/days, 0.22447 hours remaining, 0.000000 MB of memory in use.
PERFORMANCE: 4130000  averaging 373.815 ns/day, 0.000924522 sec/step with standard deviation 7.43772e-06
ENERGY: 4130000         8.2967        25.0205        18.7404         1.0534         -46111.6306    -85999.2608         0.0000         0.0000      9698.0623        -122359.7180       296.9176   -132057.7803   -122468.4862       297.1110            314.4087       317.6476    167354.3855       144.7092       144.4102

WRITING EXTENDED SYSTEM TO RESTART FILE AT STEP 4130000
WRITING COORDINATES TO DCD FILE ../output/01_eq_1_CLK.0.dcd AT STEP 4130000
WRITING COORDINATES TO RESTART FILE AT STEP 4130000
FINISHED WRITING RESTART COORDINATES
WRITING VELOCITIES TO RESTART FILE AT STEP 4130000
FINISHED WRITING RESTART VELOCITIES
PRESSURE: 4140000 1672.24 37.6449 304.329 37.6459 -2820.27 260.637 304.329 260.638 -768.574
GPRESSURE: 4140000 1699.69 59.5578 410.941 -16.0361 -2792.62 234.399 272.889 327.615 -791.858
PRESSAVG: 4140000 2328.28 87.5783 62.6587 87.5783 -2055.85 -28.8483 62.6587 -28.8483 61.2509
GPRESSAVG: 4140000 2345.13 66.4477 82.8009 80.2561 -2062.91 -24.1165 50.606 -44.4445 52.2844
TIMING: 4140000  CPU: 3827.27, 0.000928074/step  Wall: 3827.58, 0.000928138/step, 372.359 ns/days, 0.221722 hours remaining, 0.000000 MB of memory in use.
PERFORMANCE: 4140000  averaging 373.811 ns/day, 0.000924531 sec/step with standard deviation 7.43084e-06
ENERGY: 4140000         8.8032        27.2698        17.0530         1.7604         -46237.2608    -86001.9052         0.0000         0.0000      9775.4534        -122408.8263       299.2871   -132184.2797   -122463.9388       297.2296           -638.8689      -628.2637    167639.9245       111.2288       111.5025

WRITING EXTENDED SYSTEM TO RESTART FILE AT STEP 4140000
WRITING COORDINATES TO DCD FILE ../output/01_eq_1_CLK.0.dcd AT STEP 4140000
WRITING COORDINATES TO RESTART FILE AT STEP 4140000
FINISHED WRITING RESTART COORDINATES
WRITING VELOCITIES TO RESTART FILE AT STEP 4140000
FINISHED WRITING RESTART VELOCITIES
PRESSURE: 4150000 1150.6 38.6132 465.493 38.6148 -2580.19 11.6902 465.495 11.6894 -344.546
GPRESSURE: 4150000 1156.07 -6.8828 588.3 95.097 -2643.47 79.7532 489.956 48.4582 -280.905
PRESSAVG: 4150000 2281.88 87.921 78.5351 87.921 -2098.93 -15.8425 78.5351 -15.8425 60.9859
GPRESSAVG: 4150000 2296.38 65.6294 105.007 84.685 -2105.07 -6.55447 64.0429 -41.7157 54.8048
TIMING: 4150000  CPU: 3836.54, 0.000927313/step  Wall: 3836.85, 0.000927484/step, 372.621 ns/days, 0.218989 hours remaining, 0.000000 MB of memory in use.
PERFORMANCE: 4150000  averaging 373.808 ns/day, 0.000924538 sec/step with standard deviation 7.42327e-06
ENERGY: 4150000         5.9563        35.8105        16.8586         1.9069         -46392.8908    -85845.2288         0.0000         0.0000      9648.3884        -122529.1989       295.3968   -132177.5873   -122466.1874       297.1974           -591.3801      -589.4354    166586.8638        81.3142        82.0372

WRITING EXTENDED SYSTEM TO RESTART FILE AT STEP 4150000
WRITING COORDINATES TO DCD FILE ../output/01_eq_1_CLK.0.dcd AT STEP 4150000
WRITING COORDINATES TO RESTART FILE AT STEP 4150000
FINISHED WRITING RESTART COORDINATES
WRITING VELOCITIES TO RESTART FILE AT STEP 4150000
FINISHED WRITING RESTART VELOCITIES
PRESSURE: 4160000 2886.29 256.287 10.4994 256.289 -1419.28 -48.5793 10.4982 -48.581 86.444
GPRESSURE: 4160000 2831 319.38 -64.2342 179.902 -1442.31 -111.553 46.5682 -4.07894 166.685
PRESSAVG: 4160000 2278.35 104.205 93.9407 104.205 -2076.62 -17.7446 93.9407 -17.7446 67.4804
GPRESSAVG: 4160000 2286.67 86.027 118.304 97.5867 -2079.07 -17.3212 78.7209 -37.302 63.6729
TIMING: 4160000  CPU: 3845.79, 0.000924755/step  Wall: 3846.1, 0.000924757/step, 373.72 ns/days, 0.215777 hours remaining, 0.000000 MB of memory in use.
PERFORMANCE: 4160000  averaging 373.808 ns/day, 0.000924538 sec/step with standard deviation 7.41433e-06
ENERGY: 4160000        13.9348        24.8415        16.5277         0.1647         -46175.7711    -85927.9700         0.0000         0.0000      9546.9563        -122501.3159       292.2914   -132048.2723   -122464.5413       297.0513            517.8175       518.4590    167086.4284        89.7354        90.4254

WRITING EXTENDED SYSTEM TO RESTART FILE AT STEP 4160000
WRITING COORDINATES TO DCD FILE ../output/01_eq_1_CLK.0.dcd AT STEP 4160000
WRITING COORDINATES TO RESTART FILE AT STEP 4160000
FINISHED WRITING RESTART COORDINATES
WRITING VELOCITIES TO RESTART FILE AT STEP 4160000
FINISHED WRITING RESTART VELOCITIES
PRESSURE: 4170000 2137.18 25.4222 -526.035 25.4238 -2364.23 57.2306 -526.033 57.2309 280.259
GPRESSURE: 4170000 2156.38 -6.22764 -516.92 102.713 -2348.11 -35.8232 -477.945 83.1596 247.549
PRESSAVG: 4170000 2263.59 105.838 70.8039 105.838 -2111.17 -14.5828 70.8039 -14.5828 39.4019
GPRESSAVG: 4170000 2272.3 89.2506 89.4098 103.15 -2110.3 -18.7882 61.1939 -29.7398 32.2381
TIMING: 4170000  CPU: 3855, 0.000921179/step  Wall: 3855.31, 0.000921265/step, 375.136 ns/days, 0.212403 hours remaining, 0.000000 MB of memory in use.
PERFORMANCE: 4170000  averaging 373.811 ns/day, 0.00092453 sec/step with standard deviation 7.40715e-06
ENERGY: 4170000        11.2048        25.3075        19.2623         0.5874         -46122.1758    -86089.3851         0.0000         0.0000      9702.8254        -122452.3735       297.0635   -132155.1990   -122465.8780       297.1119             17.7354        18.6052    167524.7125        63.9408        64.7452

WRITING EXTENDED SYSTEM TO RESTART FILE AT STEP 4170000
WRITING COORDINATES TO DCD FILE ../output/01_eq_1_CLK.0.dcd AT STEP 4170000
WRITING COORDINATES TO RESTART FILE AT STEP 4170000
FINISHED WRITING RESTART COORDINATES
WRITING VELOCITIES TO RESTART FILE AT STEP 4170000
FINISHED WRITING RESTART VELOCITIES
PRESSURE: 4180000 3044.64 94.8287 -346.15 94.8257 -1052.05 -250.793 -346.15 -250.791 395.651
GPRESSURE: 4180000 2985.82 74.7796 -368.973 181.662 -1025.19 -251.01 -266.926 -135.971 410.673
PRESSAVG: 4180000 2312.53 113.15 64.8317 113.15 -2045.54 -28.9503 64.8317 -28.9503 58.2289
GPRESSAVG: 4180000 2314.5 99.7664 78.7651 112.236 -2040.97 -33.1228 59.6247 -36.4699 53.1676
TIMING: 4180000  CPU: 3864.22, 0.000921778/step  Wall: 3864.53, 0.000921794/step, 374.921 ns/days, 0.209964 hours remaining, 0.000000 MB of memory in use.
PERFORMANCE: 4180000  averaging 373.814 ns/day, 0.000924524 sec/step with standard deviation 7.39947e-06
ENERGY: 4180000         5.5923        32.7177        16.5883         0.7837         -46279.0698    -85949.5958         0.0000         0.0000      9642.0392        -122530.9446       295.2024   -132172.9837   -122472.0375       297.0568            796.0819       790.4337    166998.2324       108.4061       108.8990

WRITING EXTENDED SYSTEM TO RESTART FILE AT STEP 4180000
WRITING COORDINATES TO DCD FILE ../output/01_eq_1_CLK.0.dcd AT STEP 4180000
WRITING COORDINATES TO RESTART FILE AT STEP 4180000
FINISHED WRITING RESTART COORDINATES
WRITING VELOCITIES TO RESTART FILE AT STEP 4180000
FINISHED WRITING RESTART VELOCITIES
PRESSURE: 4190000 2327.64 -212.848 -222.067 -212.85 -2156.57 217.302 -222.065 217.301 -177.577
GPRESSURE: 4190000 2337.46 -262.06 -171.793 -76.3358 -2124.49 135.12 -265.142 260.325 -209.427
PRESSAVG: 4190000 2320.22 97.5294 66.9107 97.5294 -2038.42 -22.6224 66.9107 -22.6224 22.7275
GPRESSAVG: 4190000 2323.74 82.3376 82.4075 107.151 -2032.5 -27.9214 62.1935 -26.1104 15.3092
TIMING: 4190000  CPU: 3873.49, 0.000927065/step  Wall: 3873.8, 0.000927046/step, 372.797 ns/days, 0.208585 hours remaining, 0.000000 MB of memory in use.
PERFORMANCE: 4190000  averaging 373.812 ns/day, 0.00092453 sec/step with standard deviation 7.39164e-06
ENERGY: 4190000         7.0376        27.1598        17.3480         1.1426         -46229.7102    -85940.7158         0.0000         0.0000      9718.2355        -122399.5025       297.5353   -132117.7380   -122469.6368       297.0393             -2.1712         1.1795    167134.7040       101.5074       102.1838

WRITING EXTENDED SYSTEM TO RESTART FILE AT STEP 4190000
WRITING COORDINATES TO DCD FILE ../output/01_eq_1_CLK.0.dcd AT STEP 4190000
WRITING COORDINATES TO RESTART FILE AT STEP 4190000
FINISHED WRITING RESTART COORDINATES
WRITING VELOCITIES TO RESTART FILE AT STEP 4190000
FINISHED WRITING RESTART VELOCITIES
PRESSURE: 4200000 1958.18 46.9228 -86.6176 46.9218 -1665.13 -222 -86.6185 -221.997 186.794
GPRESSURE: 4200000 1957.25 -41.8258 -245.726 10.4447 -1657.29 -166.269 -31.9093 -255.481 182.027
PRESSAVG: 4200000 2284.84 97.9377 67.5153 97.9377 -2025.81 -50.5087 67.5153 -50.5087 25.266
GPRESSAVG: 4200000 2287.16 85.4807 73.9144 103.353 -2017.22 -56.0145 67.2732 -52.2725 16.6133
TIMING: 4200000  CPU: 3882.74, 0.000924978/step  Wall: 3883.05, 0.000924987/step, 373.627 ns/days, 0.205553 hours remaining, 0.000000 MB of memory in use.
PERFORMANCE: 4200000  averaging 373.811 ns/day, 0.000924531 sec/step with standard deviation 7.38285e-06
ETITLE:      TS           BOND          ANGLE          DIHED          IMPRP               ELECT            VDW       BOUNDARY           MISC        KINETIC               TOTAL           TEMP      POTENTIAL       TOTALAVG        TEMPAVG            PRESSURE      GPRESSURE         VOLUME       PRESSAVG      GPRESSAVG

ENERGY: 4200000         9.0178        23.3366        16.9806         0.6219         -46154.9484    -86003.4305         0.0000         0.0000      9755.3029        -122353.1190       298.6701   -132108.4219   -122468.3453       297.1409            159.9497       160.6609    166461.4506        94.7646        95.5179

WRITING EXTENDED SYSTEM TO RESTART FILE AT STEP 4200000
WRITING COORDINATES TO DCD FILE ../output/01_eq_1_CLK.0.dcd AT STEP 4200000
WRITING COORDINATES TO RESTART FILE AT STEP 4200000
FINISHED WRITING RESTART COORDINATES
WRITING VELOCITIES TO RESTART FILE AT STEP 4200000
FINISHED WRITING RESTART VELOCITIES
PRESSURE: 4210000 2367.33 -273.67 -234.427 -273.67 -1608.27 118.912 -234.426 118.912 315.133
GPRESSURE: 4210000 2239.45 -185.941 -281.034 -371.873 -1589.48 153.176 -274.645 41.3978 411.503
PRESSAVG: 4210000 2294.93 83.8897 62.685 83.8897 -1975.91 -43.4888 62.685 -43.4888 35.5085
GPRESSAVG: 4210000 2291.63 67.9931 67.1805 93.0003 -1966.93 -50.5591 60.1919 -45.4756 32.1715
TIMING: 4210000  CPU: 3892.02, 0.000927877/step  Wall: 3892.33, 0.000927895/step, 372.456 ns/days, 0.203621 hours remaining, 0.000000 MB of memory in use.
PERFORMANCE: 4210000  averaging 373.808 ns/day, 0.000924539 sec/step with standard deviation 7.37588e-06
ENERGY: 4210000         8.3561        40.5726        16.4796         1.9685         -46556.7671    -85861.7613         0.0000         0.0000      9631.6512        -122719.5004       294.8844   -132351.1516   -122478.0691       297.2186            358.0622       353.8236    166547.3915       118.1762       118.9581

WRITING EXTENDED SYSTEM TO RESTART FILE AT STEP 4210000
WRITING COORDINATES TO DCD FILE ../output/01_eq_1_CLK.0.dcd AT STEP 4210000
WRITING COORDINATES TO RESTART FILE AT STEP 4210000
FINISHED WRITING RESTART COORDINATES
WRITING VELOCITIES TO RESTART FILE AT STEP 4210000
FINISHED WRITING RESTART VELOCITIES
PRESSURE: 4220000 1868.72 -258.96 -414.092 -258.958 -2264.96 -208.308 -414.094 -208.305 -195.26
GPRESSURE: 4220000 1884.71 -274.188 -335.846 -231.932 -2262.28 -134.368 -419.517 -299.298 -203.213
PRESSAVG: 4220000 2302.9 80.992 47.0978 80.992 -1957.27 -30.802 47.0978 -30.802 23.974
GPRESSAVG: 4220000 2299.01 59.9787 61.31 92.2667 -1948.2 -36.0314 35.8713 -36.3613 22.1835
TIMING: 4220000  CPU: 3901.29, 0.000927046/step  Wall: 3901.6, 0.00092723/step, 372.723 ns/days, 0.2009 hours remaining, 0.000000 MB of memory in use.
PERFORMANCE: 4220000  averaging 373.805 ns/day, 0.000924545 sec/step with standard deviation 7.36828e-06
ENERGY: 4220000         7.1100        25.3677        16.8668         3.4143         -46188.9763    -86014.2251         0.0000         0.0000      9746.8628        -122403.5798       298.4117   -132150.4426   -122468.4612       297.3517           -197.1657      -193.5934    167318.2638       123.1989       124.3313

WRITING EXTENDED SYSTEM TO RESTART FILE AT STEP 4220000
WRITING COORDINATES TO DCD FILE ../output/01_eq_1_CLK.0.dcd AT STEP 4220000
WRITING COORDINATES TO RESTART FILE AT STEP 4220000
FINISHED WRITING RESTART COORDINATES
WRITING VELOCITIES TO RESTART FILE AT STEP 4220000
FINISHED WRITING RESTART VELOCITIES
PRESSURE: 4230000 2890.62 -46.9289 -160.809 -46.9276 -1863.16 -89.4639 -160.808 -89.462 715.336
GPRESSURE: 4230000 2915.99 46.9811 -151.464 -56.7905 -1855.29 -72.5781 -189.025 -1.14229 675.686
PRESSAVG: 4230000 2318.44 66.6895 31.5677 66.6895 -1956.75 -36.5187 31.5677 -36.5187 60.26
GPRESSAVG: 4230000 2312.81 52.5322 42.9514 74.1512 -1949.18 -41.7116 24.5019 -37.5336 60.2116
TIMING: 4230000  CPU: 3910.56, 0.000926717/step  Wall: 3910.87, 0.000926884/step, 372.862 ns/days, 0.19825 hours remaining, 0.000000 MB of memory in use.
PERFORMANCE: 4230000  averaging 373.803 ns/day, 0.000924551 sec/step with standard deviation 7.36042e-06
ENERGY: 4230000         6.5509        30.6209        17.7961         0.6015         -46372.8232    -85763.9670         0.0000         0.0000      9672.1859        -122409.0349       296.1254   -132081.2208   -122472.4179       297.0242            580.9307       578.7956    166176.6660       140.6483       141.2797

WRITING EXTENDED SYSTEM TO RESTART FILE AT STEP 4230000
WRITING COORDINATES TO DCD FILE ../output/01_eq_1_CLK.0.dcd AT STEP 4230000
WRITING COORDINATES TO RESTART FILE AT STEP 4230000
FINISHED WRITING RESTART COORDINATES
WRITING VELOCITIES TO RESTART FILE AT STEP 4230000
FINISHED WRITING RESTART VELOCITIES
PRESSURE: 4240000 1738.78 -158.158 130.468 -158.158 -2416.86 -137.802 130.469 -137.803 -797.042
GPRESSURE: 4240000 1737.7 -221.041 146.537 -134.006 -2448.49 -215.541 54.2212 -116.291 -768.265
PRESSAVG: 4240000 2315.95 49.5169 37.0958 49.5169 -1983.66 -37.8417 37.0958 -37.8417 8.50244
GPRESSAVG: 4240000 2308.29 37.3188 50.7636 54.8694 -1976.03 -43.8384 27.7373 -34.3957 10.3131
TIMING: 4240000  CPU: 3919.83, 0.000927472/step  Wall: 3920.15, 0.000927476/step, 372.624 ns/days, 0.1958 hours remaining, 0.000000 MB of memory in use.
PERFORMANCE: 4240000  averaging 373.8 ns/day, 0.000924558 sec/step with standard deviation 7.35309e-06
ENERGY: 4240000         9.4973        33.1867        15.6877         4.0881         -46230.3398    -85890.9315         0.0000         0.0000      9647.5728        -122411.2388       295.3719   -132058.8116   -122477.6646       296.7471           -491.7081      -493.0210    167192.8488       113.5957       114.1904

WRITING EXTENDED SYSTEM TO RESTART FILE AT STEP 4240000
WRITING COORDINATES TO DCD FILE ../output/01_eq_1_CLK.0.dcd AT STEP 4240000
WRITING COORDINATES TO RESTART FILE AT STEP 4240000
FINISHED WRITING RESTART COORDINATES
WRITING VELOCITIES TO RESTART FILE AT STEP 4240000
FINISHED WRITING RESTART VELOCITIES
PRESSURE: 4250000 2724.35 -208.256 54.7632 -208.257 -1636.3 -89.9227 54.7632 -89.9196 33.4088
GPRESSURE: 4250000 2750.29 -265.789 15.6839 -109.216 -1577.09 -106.567 37.3816 -100.423 -47.9255
PRESSAVG: 4250000 2359.54 38.406 25.162 38.406 -1953.13 -41.3602 25.162 -41.3602 24.4842
GPRESSAVG: 4250000 2352.72 22.3247 28.6943 44.825 -1942.26 -54.3568 21.6423 -26.7482 23.026
TIMING: 4250000  CPU: 3929.12, 0.000928278/step  Wall: 3929.43, 0.000928304/step, 372.292 ns/days, 0.193397 hours remaining, 0.000000 MB of memory in use.
PERFORMANCE: 4250000  averaging 373.797 ns/day, 0.000924566 sec/step with standard deviation 7.34666e-06
ENERGY: 4250000         8.7894        27.7812        19.6112         0.2889         -46457.8129    -85811.5708         0.0000         0.0000      9658.3143        -122554.5987       295.7007   -132212.9130   -122468.7583       296.7569            373.8188       375.0932    165914.5828       143.6292       144.4968

WRITING EXTENDED SYSTEM TO RESTART FILE AT STEP 4250000
WRITING COORDINATES TO DCD FILE ../output/01_eq_1_CLK.0.dcd AT STEP 4250000
WRITING COORDINATES TO RESTART FILE AT STEP 4250000
FINISHED WRITING RESTART COORDINATES
WRITING VELOCITIES TO RESTART FILE AT STEP 4250000
FINISHED WRITING RESTART VELOCITIES
PRESSURE: 4260000 1903.57 132.918 201.978 132.918 -1583.67 -229.527 201.977 -229.528 29.4751
GPRESSURE: 4260000 1899.03 98.4008 174.373 217.177 -1597.35 -366.036 196.168 -212.857 44.5922
PRESSAVG: 4260000 2290.13 32.3146 40.3943 32.3146 -1981.15 -48.3147 40.3943 -48.3147 21.0122
GPRESSAVG: 4260000 2279.93 13.4156 42.4099 45.6988 -1968.62 -61.958 37.2906 -36.5439 20.8395
TIMING: 4260000  CPU: 3938.4, 0.000928186/step  Wall: 3938.71, 0.000928401/step, 372.253 ns/days, 0.190838 hours remaining, 0.000000 MB of memory in use.
PERFORMANCE: 4260000  averaging 373.793 ns/day, 0.000924575 sec/step with standard deviation 7.34036e-06
ENERGY: 4260000        10.8314        28.7348        16.6481         0.4895         -46653.3939    -85878.5032         0.0000         0.0000      9829.2555        -122645.9378       300.9343   -132475.1933   -122496.1193       296.7694            116.4575       115.4229    166005.5897       109.9987       110.7180

WRITING EXTENDED SYSTEM TO RESTART FILE AT STEP 4260000
WRITING COORDINATES TO DCD FILE ../output/01_eq_1_CLK.0.dcd AT STEP 4260000
WRITING COORDINATES TO RESTART FILE AT STEP 4260000
FINISHED WRITING RESTART COORDINATES
WRITING VELOCITIES TO RESTART FILE AT STEP 4260000
FINISHED WRITING RESTART VELOCITIES
PRESSURE: 4270000 2255.78 -330.951 -220.278 -330.951 -2037.17 -281.227 -220.279 -281.227 -239.078
GPRESSURE: 4270000 2257.33 -390.807 -345.575 -302.732 -2057.77 -410.634 -177.856 -286.564 -203.092
PRESSAVG: 4270000 2283.74 9.76557 20.8946 9.76557 -1993.85 -55.528 20.8946 -55.528 6.01126
GPRESSAVG: 4270000 2273.56 -11.4058 19.4497 28.1325 -1979.16 -68.8839 20.4194 -41.7391 4.22592
TIMING: 4270000  CPU: 3947.65, 0.000925673/step  Wall: 3947.97, 0.000925759/step, 373.315 ns/days, 0.187723 hours remaining, 0.000000 MB of memory in use.
PERFORMANCE: 4270000  averaging 373.792 ns/day, 0.000924578 sec/step with standard deviation 7.33197e-06
ENERGY: 4270000         5.3034        26.6757        16.6156         0.9458         -46279.5762    -85917.6900         0.0000         0.0000      9789.2564        -122358.4692       299.7097   -132147.7256   -122488.0091       296.9759             -6.8217        -1.1776    167203.3231        98.6344        99.5432

WRITING EXTENDED SYSTEM TO RESTART FILE AT STEP 4270000
WRITING COORDINATES TO DCD FILE ../output/01_eq_1_CLK.0.dcd AT STEP 4270000
WRITING COORDINATES TO RESTART FILE AT STEP 4270000
FINISHED WRITING RESTART COORDINATES
WRITING VELOCITIES TO RESTART FILE AT STEP 4270000
FINISHED WRITING RESTART VELOCITIES
PRESSURE: 4280000 2376.71 56.9172 264.48 56.9179 -2434.95 78.4942 264.478 78.4953 -164.17
GPRESSURE: 4280000 2343.69 83.0729 285.732 52.9213 -2467.75 -1.15278 170.291 213.214 -103.578
PRESSAVG: 4280000 2271.56 -2.32131 21.14 -2.32131 -2037.29 -42.6807 21.14 -42.6807 -18.956
GPRESSAVG: 4280000 2261.93 -22.3972 20.8266 19.45 -2028.36 -60.3555 21.3011 -21.6107 -15.1736
TIMING: 4280000  CPU: 3956.92, 0.000926279/step  Wall: 3957.23, 0.000926233/step, 373.124 ns/days, 0.185247 hours remaining, 0.000000 MB of memory in use.
PERFORMANCE: 4280000  averaging 373.79 ns/day, 0.000924582 sec/step with standard deviation 7.32381e-06
ENERGY: 4280000        12.0230        29.0476        18.6165         0.3326         -46232.0840    -85940.6743         0.0000         0.0000      9677.9712        -122434.7674       296.3025   -132112.7386   -122487.2355       297.0335            -74.1376       -75.8795    166830.7362        71.7697        72.7993

WRITING EXTENDED SYSTEM TO RESTART FILE AT STEP 4280000
WRITING COORDINATES TO DCD FILE ../output/01_eq_1_CLK.0.dcd AT STEP 4280000
WRITING COORDINATES TO RESTART FILE AT STEP 4280000
FINISHED WRITING RESTART COORDINATES
WRITING VELOCITIES TO RESTART FILE AT STEP 4280000
FINISHED WRITING RESTART VELOCITIES
PRESSURE: 4290000 2777.8 -50.2695 271.71 -50.2695 -2190.5 507.381 271.708 507.384 -114.947
GPRESSURE: 4290000 2742.23 -119.106 297.055 -3.84166 -2168.5 564.851 348.983 414.127 -105.044
PRESSAVG: 4290000 2279.88 -22.3306 16.7512 -22.3306 -2016.41 -19.7926 16.7512 -19.7926 -18.0304
GPRESSAVG: 4290000 2269.34 -43.3738 18.8551 2.38525 -2010.14 -39.1026 11.3113 -0.139867 -10.8713
TIMING: 4290000  CPU: 3966.16, 0.000924027/step  Wall: 3966.47, 0.000924242/step, 373.928 ns/days, 0.182281 hours remaining, 0.000000 MB of memory in use.
PERFORMANCE: 4290000  averaging 373.791 ns/day, 0.000924581 sec/step with standard deviation 7.31527e-06
ENERGY: 4290000        10.7323        31.7751        18.5609         1.7164         -46431.4883    -85846.8540         0.0000         0.0000      9610.2580        -122605.2997       294.2294   -132215.5577   -122494.6007       296.7614            157.4540       156.2264    167090.2809        81.8120        82.7783

WRITING EXTENDED SYSTEM TO RESTART FILE AT STEP 4290000
WRITING COORDINATES TO DCD FILE ../output/01_eq_1_CLK.0.dcd AT STEP 4290000
WRITING COORDINATES TO RESTART FILE AT STEP 4290000
FINISHED WRITING RESTART COORDINATES
WRITING VELOCITIES TO RESTART FILE AT STEP 4290000
FINISHED WRITING RESTART VELOCITIES
PRESSURE: 4300000 1397.28 -260.256 -418.257 -260.257 -2901.22 180.054 -418.257 180.054 -60.5674
GPRESSURE: 4300000 1363.13 -345.529 -442.348 -238.496 -2825.16 160.573 -290.247 268.77 -109.241
PRESSAVG: 4300000 2233.73 -48.0919 -20.6032 -48.0919 -2078.45 14.8828 -20.6032 14.8828 -34.5381
GPRESSAVG: 4300000 2220.11 -65.766 -15.1719 -27.3985 -2068.83 -3.90518 -12.8498 39.5274 -28.0865
TIMING: 4300000  CPU: 3975.41, 0.000925404/step  Wall: 3975.73, 0.000925633/step, 373.366 ns/days, 0.179984 hours remaining, 0.000000 MB of memory in use.
PERFORMANCE: 4300000  averaging 373.79 ns/day, 0.000924584 sec/step with standard deviation 7.30691e-06
ETITLE:      TS           BOND          ANGLE          DIHED          IMPRP               ELECT            VDW       BOUNDARY           MISC        KINETIC               TOTAL           TEMP      POTENTIAL       TOTALAVG        TEMPAVG            PRESSURE      GPRESSURE         VOLUME       PRESSAVG      GPRESSAVG

ENERGY: 4300000         7.0178        31.7528        16.7621         0.6186         -46057.8570    -86071.2870         0.0000         0.0000      9802.2408        -122270.7520       300.1072   -132072.9927   -122479.4683       297.0019           -521.5037      -523.7555    167883.5444        40.2469        41.0670

WRITING EXTENDED SYSTEM TO RESTART FILE AT STEP 4300000
WRITING COORDINATES TO DCD FILE ../output/01_eq_1_CLK.0.dcd AT STEP 4300000
WRITING COORDINATES TO RESTART FILE AT STEP 4300000
FINISHED WRITING RESTART COORDINATES
WRITING VELOCITIES TO RESTART FILE AT STEP 4300000
FINISHED WRITING RESTART VELOCITIES
PRESSURE: 4310000 1900.74 -51.0711 4.65954 -51.0731 -2488.83 99.9303 4.66133 99.931 -870.482
GPRESSURE: 4310000 1859.51 -69.1225 -106.311 -96.032 -2448.82 121.144 168.639 50.1209 -867.293
PRESSAVG: 4310000 2226.32 -48.1342 -13.7761 -48.1342 -2104.35 31.2541 -13.7761 31.2541 -49.3742
GPRESSAVG: 4310000 2210.17 -64.6916 -18.8933 -28.6219 -2092.41 16.9643 3.96622 46.1529 -42.8333
TIMING: 4310000  CPU: 3984.67, 0.000925978/step  Wall: 3984.99, 0.00092597/step, 373.23 ns/days, 0.177478 hours remaining, 0.000000 MB of memory in use.
PERFORMANCE: 4310000  averaging 373.789 ns/day, 0.000924587 sec/step with standard deviation 7.29872e-06
ENERGY: 4310000        10.4993        32.5413        20.3434         0.7203         -46364.5015    -85941.6131         0.0000         0.0000      9796.6816        -122445.3285       299.9370   -132242.0101   -122469.6395       297.2013           -486.1908      -485.5367    166404.5120        24.1988        24.9746

WRITING EXTENDED SYSTEM TO RESTART FILE AT STEP 4310000
WRITING COORDINATES TO DCD FILE ../output/01_eq_1_CLK.0.dcd AT STEP 4310000
WRITING COORDINATES TO RESTART FILE AT STEP 4310000
FINISHED WRITING RESTART COORDINATES
WRITING VELOCITIES TO RESTART FILE AT STEP 4310000
FINISHED WRITING RESTART VELOCITIES
PRESSURE: 4320000 1815.7 -157.655 -34.5406 -157.654 -2126.46 43.7794 -34.5408 43.7795 616.873
GPRESSURE: 4320000 1834.8 -178.091 -61.2914 -54.0193 -2107.59 68.8062 -20.8445 62.2304 590.352
PRESSAVG: 4320000 2203.71 -64.2125 -38.0407 -64.2125 -2088.46 21.369 -38.0407 21.369 -42.5273
GPRESSAVG: 4320000 2189.7 -79.7167 -48.5324 -39.7127 -2075.54 9.11768 -21.9221 35.0332 -38.9282
TIMING: 4320000  CPU: 3993.96, 0.000929226/step  Wall: 3994.28, 0.000929381/step, 371.861 ns/days, 0.17555 hours remaining, 0.000000 MB of memory in use.
PERFORMANCE: 4320000  averaging 373.784 ns/day, 0.000924598 sec/step with standard deviation 7.29389e-06
ENERGY: 4320000         7.7340        30.9979        19.2371         1.9998         -46477.7304    -85852.5991         0.0000         0.0000      9724.1053        -122546.2554       297.7150   -132270.3607   -122466.9881       297.0897            102.0375       105.8556    166299.6500        24.2403        25.0770

WRITING EXTENDED SYSTEM TO RESTART FILE AT STEP 4320000
WRITING COORDINATES TO DCD FILE ../output/01_eq_1_CLK.0.dcd AT STEP 4320000
WRITING COORDINATES TO RESTART FILE AT STEP 4320000
FINISHED WRITING RESTART COORDINATES
WRITING VELOCITIES TO RESTART FILE AT STEP 4320000
FINISHED WRITING RESTART VELOCITIES
PRESSURE: 4330000 2363.07 550.314 265.141 550.317 -1393.23 -205.557 265.142 -205.559 183.299
GPRESSURE: 4330000 2429.87 479.76 261.417 596.76 -1427.47 -280.41 151.441 -167.844 136.138
PRESSAVG: 4330000 2177.86 -38.4576 -34.4875 -38.4576 -2050.17 -9.38787 -34.4875 -9.38787 -44.4785
GPRESSAVG: 4330000 2169.07 -60.2341 -45.5737 -12.7317 -2043.33 -31.7061 -23.876 9.47329 -41.2319
TIMING: 4330000  CPU: 4003.23, 0.000927081/step  Wall: 4003.56, 0.000927139/step, 372.76 ns/days, 0.172551 hours remaining, 0.000000 MB of memory in use.
PERFORMANCE: 4330000  averaging 373.782 ns/day, 0.000924604 sec/step with standard deviation 7.28647e-06
ENERGY: 4330000         5.7337        35.3883        19.1880         2.1803         -46310.2704    -85942.1106         0.0000         0.0000      9642.6096        -122547.2811       295.2199   -132189.8907   -122476.3662       297.0048            384.3791       379.5117    167874.0388        27.7388        28.1702

WRITING EXTENDED SYSTEM TO RESTART FILE AT STEP 4330000
WRITING COORDINATES TO DCD FILE ../output/01_eq_1_CLK.0.dcd AT STEP 4330000
WRITING COORDINATES TO RESTART FILE AT STEP 4330000
FINISHED WRITING RESTART COORDINATES
WRITING VELOCITIES TO RESTART FILE AT STEP 4330000
FINISHED WRITING RESTART VELOCITIES
PRESSURE: 4340000 2721 -143.497 -389.554 -143.499 -2138.95 -170.102 -389.551 -170.101 586.877
GPRESSURE: 4340000 2829.76 24.8938 -319.221 -127.926 -2211.45 -172.403 -407.511 -67.8675 542.843
PRESSAVG: 4340000 2230.3 -47.5148 -69.1815 -47.5148 -2016.1 -30.9248 -69.1815 -30.9248 23.294
GPRESSAVG: 4340000 2225.57 -61.9673 -82.0818 -18.3262 -2014.27 -52.0462 -57.896 -10.3008 25.5032
TIMING: 4340000  CPU: 4012.42, 0.000918362/step  Wall: 4012.74, 0.000918511/step, 376.261 ns/days, 0.168394 hours remaining, 0.000000 MB of memory in use.
PERFORMANCE: 4340000  averaging 373.787 ns/day, 0.00092459 sec/step with standard deviation 7.28393e-06
ENERGY: 4340000        10.4299        31.8897        17.8085         1.8818         -46354.4332    -85933.6922         0.0000         0.0000      9708.3300        -122517.7855       297.2320   -132226.1155   -122481.8142       296.9020            389.6396       387.0498    166913.4598        79.1642        78.9359

WRITING EXTENDED SYSTEM TO RESTART FILE AT STEP 4340000
WRITING COORDINATES TO DCD FILE ../output/01_eq_1_CLK.0.dcd AT STEP 4340000
WRITING COORDINATES TO RESTART FILE AT STEP 4340000
FINISHED WRITING RESTART COORDINATES
WRITING VELOCITIES TO RESTART FILE AT STEP 4340000
FINISHED WRITING RESTART VELOCITIES
PRESSURE: 4350000 2905.14 -38.5048 312.532 -38.5045 -1458.69 400.407 312.533 400.408 630.434
GPRESSURE: 4350000 2858.93 56.73 372.5 -111.121 -1316.98 388.939 283.302 331.397 527.944
PRESSAVG: 4350000 2318.03 -51.3708 -76.8296 -51.3708 -1960.02 -11.4889 -76.8296 -11.4889 72.043
GPRESSAVG: 4350000 2310.72 -58.7866 -92.8719 -28.637 -1947.94 -36.5869 -68.2287 3.84613 65.9457
TIMING: 4350000  CPU: 4021.62, 0.000920278/step  Wall: 4021.94, 0.000920286/step, 375.535 ns/days, 0.166163 hours remaining, 0.000000 MB of memory in use.
PERFORMANCE: 4350000  averaging 373.791 ns/day, 0.00092458 sec/step with standard deviation 7.27846e-06
ENERGY: 4350000         8.2777        26.0124        19.1434         0.3565         -46359.9210    -85770.0242         0.0000         0.0000      9780.8559        -122295.2993       299.4525   -132076.1552   -122470.1192       297.1048            692.2961       689.9636    166885.7015       143.3481       142.9058

WRITING EXTENDED SYSTEM TO RESTART FILE AT STEP 4350000
WRITING COORDINATES TO DCD FILE ../output/01_eq_1_CLK.0.dcd AT STEP 4350000
WRITING COORDINATES TO RESTART FILE AT STEP 4350000
FINISHED WRITING RESTART COORDINATES
WRITING VELOCITIES TO RESTART FILE AT STEP 4350000
FINISHED WRITING RESTART VELOCITIES
PRESSURE: 4360000 2067.12 107.207 -50.8321 107.207 -2244.29 156.051 -50.834 156.051 569.414
GPRESSURE: 4360000 2053.07 95.6536 -142.56 215.535 -2182.67 202.432 135.404 143.696 533.013
PRESSAVG: 4360000 2277.07 -58.8249 -79.8962 -58.8249 -2001.27 -1.2573 -79.8962 -1.2573 96.1915
GPRESSAVG: 4360000 2271.82 -69.9729 -96.7881 -26.8554 -1984.96 -20.8876 -63.7869 11.2349 84.2621
TIMING: 4360000  CPU: 4030.85, 0.000922822/step  Wall: 4031.17, 0.000922939/step, 374.456 ns/days, 0.164078 hours remaining, 0.000000 MB of memory in use.
PERFORMANCE: 4360000  averaging 373.793 ns/day, 0.000924576 sec/step with standard deviation 7.27051e-06
ENERGY: 4360000         7.9873        35.1798        22.7097         2.4380         -46162.9940    -85931.9656         0.0000         0.0000      9719.2941        -122307.3506       297.5677   -132026.6448   -122460.4209       297.3686            130.7478       134.4730    168141.9016       123.9946       123.7065

WRITING EXTENDED SYSTEM TO RESTART FILE AT STEP 4360000
WRITING COORDINATES TO DCD FILE ../output/01_eq_1_CLK.0.dcd AT STEP 4360000
WRITING COORDINATES TO RESTART FILE AT STEP 4360000
FINISHED WRITING RESTART COORDINATES
WRITING VELOCITIES TO RESTART FILE AT STEP 4360000
FINISHED WRITING RESTART VELOCITIES
PRESSURE: 4370000 2005.05 341.905 519.805 341.906 -2105.71 -379.358 519.804 -379.358 -437.938
GPRESSURE: 4370000 2026.89 454.507 503.968 180.399 -2154.85 -266.996 532.991 -427.162 -425.445
PRESSAVG: 4370000 2270.46 -43.0008 -27.6044 -43.0008 -1988.35 -23.0867 -27.6044 -23.0867 60.2816
GPRESSAVG: 4370000 2265.34 -46.9362 -45.7437 -22.9711 -1975.3 -32.4462 -13.2401 -14.2812 50.6124
TIMING: 4370000  CPU: 4040.1, 0.000924979/step  Wall: 4040.42, 0.000925013/step, 373.616 ns/days, 0.161877 hours remaining, 0.000000 MB of memory in use.
PERFORMANCE: 4370000  averaging 373.792 ns/day, 0.000924577 sec/step with standard deviation 7.2622e-06
ENERGY: 4370000         6.6278        33.1607        21.3434         1.6043         -46562.4904    -85811.9448         0.0000         0.0000      9694.6083        -122617.0907       296.8119   -132311.6990   -122468.6568       297.3561           -179.5338      -184.4672    167228.9324       114.1311       113.5529

WRITING EXTENDED SYSTEM TO RESTART FILE AT STEP 4370000
WRITING COORDINATES TO DCD FILE ../output/01_eq_1_CLK.0.dcd AT STEP 4370000
WRITING COORDINATES TO RESTART FILE AT STEP 4370000
FINISHED WRITING RESTART COORDINATES
WRITING VELOCITIES TO RESTART FILE AT STEP 4370000
FINISHED WRITING RESTART VELOCITIES
PRESSURE: 4380000 2178.62 38.3367 -211.671 38.3378 -2070.2 31.2163 -211.673 31.2148 233.632
GPRESSURE: 4380000 2237.44 -56.38 -141.763 115.786 -2052.14 24.6603 -86.5062 90.4258 153.611
PRESSAVG: 4380000 2227.16 -45.8252 -20.8805 -45.8252 -2039.26 -8.98643 -20.8805 -8.98643 52.1807
GPRESSAVG: 4380000 2227.92 -53.4942 -34.3833 -26.2649 -2026.65 -18.6627 -4.21909 -2.96135 37.7593
TIMING: 4380000  CPU: 4049.36, 0.000926375/step  Wall: 4049.69, 0.000926476/step, 373.027 ns/days, 0.15956 hours remaining, 0.000000 MB of memory in use.
PERFORMANCE: 4380000  averaging 373.791 ns/day, 0.000924582 sec/step with standard deviation 7.25445e-06
ENERGY: 4380000        11.6447        36.3400        15.5025         1.4641         -46471.2136    -85870.5820         0.0000         0.0000      9730.8017        -122546.0425       297.9200   -132276.8442   -122469.4117       297.4919            114.0163       112.9683    166573.8573        80.0278        79.6797

WRITING EXTENDED SYSTEM TO RESTART FILE AT STEP 4380000
WRITING COORDINATES TO DCD FILE ../output/01_eq_1_CLK.0.dcd AT STEP 4380000
WRITING COORDINATES TO RESTART FILE AT STEP 4380000
FINISHED WRITING RESTART COORDINATES
WRITING VELOCITIES TO RESTART FILE AT STEP 4380000
FINISHED WRITING RESTART VELOCITIES
PRESSURE: 4390000 3157.15 -95.4176 -349.124 -95.4155 -1415.93 39.6288 -349.124 39.6273 261.167
GPRESSURE: 4390000 3202.75 -7.14428 -313.39 -157.464 -1421.37 40.8438 -414.623 -102.97 217.141
PRESSAVG: 4390000 2268.63 -39.9535 -27.2335 -39.9535 -2002.22 -17.8701 -27.2335 -17.8701 74.1179
GPRESSAVG: 4390000 2271.19 -40.7483 -41.4631 -30.3213 -1991.49 -23.3765 -11.6932 -21.1261 59.0877
TIMING: 4390000  CPU: 4058.62, 0.000925864/step  Wall: 4058.95, 0.000925849/step, 373.279 ns/days, 0.15688 hours remaining, 0.000000 MB of memory in use.
PERFORMANCE: 4390000  averaging 373.79 ns/day, 0.000924584 sec/step with standard deviation 7.24642e-06
ENERGY: 4390000         7.5903        25.6214        15.8260         1.2770         -46539.3921    -85876.7387         0.0000         0.0000      9702.0359        -122663.7801       297.0393   -132365.8160   -122482.6256       297.4671            667.4609       666.1726    166141.8080       113.5094       112.9293

WRITING EXTENDED SYSTEM TO RESTART FILE AT STEP 4390000
WRITING COORDINATES TO DCD FILE ../output/01_eq_1_CLK.0.dcd AT STEP 4390000
WRITING COORDINATES TO RESTART FILE AT STEP 4390000
FINISHED WRITING RESTART COORDINATES
WRITING VELOCITIES TO RESTART FILE AT STEP 4390000
FINISHED WRITING RESTART VELOCITIES
PRESSURE: 4400000 2248.84 -122.859 185.894 -122.857 -2364.83 177.923 185.891 177.924 -218.731
GPRESSURE: 4400000 2227.24 -239.738 54.5823 97.9862 -2354.92 186.86 235.795 309.293 -202.738
PRESSAVG: 4400000 2283.17 -48.4424 -13.608 -48.4424 -2037.21 2.1259 -13.608 2.1259 53.8416
GPRESSAVG: 4400000 2284.69 -50.6439 -26.4477 -25.9442 -2026.37 -5.72004 1.69204 7.11263 39.8495
TIMING: 4400000  CPU: 4067.87, 0.000924679/step  Wall: 4068.19, 0.000924724/step, 373.733 ns/days, 0.154121 hours remaining, 0.000000 MB of memory in use.
PERFORMANCE: 4400000  averaging 373.789 ns/day, 0.000924585 sec/step with standard deviation 7.23816e-06
ETITLE:      TS           BOND          ANGLE          DIHED          IMPRP               ELECT            VDW       BOUNDARY           MISC        KINETIC               TOTAL           TEMP      POTENTIAL       TOTALAVG        TEMPAVG            PRESSURE      GPRESSURE         VOLUME       PRESSAVG      GPRESSAVG

ENERGY: 4400000         7.8638        34.1038        19.3931         0.5391         -46062.1495    -85940.9138         0.0000         0.0000      9751.9363        -122189.2273       298.5671   -131941.1636   -122474.4310       297.4620           -111.5723      -110.1376    167381.4659        99.9333        99.3894

WRITING EXTENDED SYSTEM TO RESTART FILE AT STEP 4400000
WRITING COORDINATES TO DCD FILE ../output/01_eq_1_CLK.0.dcd AT STEP 4400000
WRITING COORDINATES TO RESTART FILE AT STEP 4400000
FINISHED WRITING RESTART COORDINATES
WRITING VELOCITIES TO RESTART FILE AT STEP 4400000
FINISHED WRITING RESTART VELOCITIES
PRESSURE: 4410000 1509.46 -22.7127 91.1937 -22.712 -3110.37 421.903 91.1902 421.902 -557.546
GPRESSURE: 4410000 1519.42 -49.7846 201.349 -9.52728 -3131.78 412.471 37.7817 279.034 -543.541
PRESSAVG: 4410000 2240.27 -35.8945 2.67278 -35.8945 -2112.31 17.2754 2.67278 17.2754 10.2077
GPRESSAVG: 4410000 2248.69 -43.8361 -2.32861 -7.82698 -2103.49 7.24471 17.3134 18.9944 -7.90267
TIMING: 4410000  CPU: 4077.12, 0.000925178/step  Wall: 4077.45, 0.000925223/step, 373.531 ns/days, 0.151634 hours remaining, 0.000000 MB of memory in use.
PERFORMANCE: 4410000  averaging 373.789 ns/day, 0.000924586 sec/step with standard deviation 7.23e-06
ENERGY: 4410000        11.0753        23.9897        17.5256         1.9644         -46105.3031    -86090.9171         0.0000         0.0000      9743.8822        -122397.7831       298.3205   -132141.6653   -122458.3451       297.6338           -719.4865      -718.6344    167073.5273        46.0559        45.7665

WRITING EXTENDED SYSTEM TO RESTART FILE AT STEP 4410000
WRITING COORDINATES TO DCD FILE ../output/01_eq_1_CLK.0.dcd AT STEP 4410000
WRITING COORDINATES TO RESTART FILE AT STEP 4410000
FINISHED WRITING RESTART COORDINATES
WRITING VELOCITIES TO RESTART FILE AT STEP 4410000
FINISHED WRITING RESTART VELOCITIES
PRESSURE: 4420000 2084.51 -134.973 -296.675 -134.973 -2180.71 18.7088 -296.677 18.7122 720.232
GPRESSURE: 4420000 2055.8 -93.8883 -218.61 -111.427 -2189.63 178.592 -207.774 -83.1492 758.24
PRESSAVG: 4420000 2251.06 -29.6953 8.5436 -29.6953 -2108.1 28.6262 8.5436 28.6262 55.9822
GPRESSAVG: 4420000 2257.24 -34.8211 3.53322 -1.80175 -2099.85 22.8927 27.9005 29.8019 40.17
TIMING: 4420000  CPU: 4086.38, 0.000926123/step  Wall: 4086.71, 0.000926228/step, 373.126 ns/days, 0.149226 hours remaining, 0.000000 MB of memory in use.
PERFORMANCE: 4420000  averaging 373.787 ns/day, 0.00092459 sec/step with standard deviation 7.22222e-06
ENERGY: 4420000         6.7012        32.0337        21.2151         1.0425         -46166.1082    -85942.7426         0.0000         0.0000      9775.3100        -122272.5482       299.2827   -132047.8582   -122451.7935       297.6773            208.0095       208.1351    167733.2057        66.3147        65.8529

WRITING EXTENDED SYSTEM TO RESTART FILE AT STEP 4420000
WRITING COORDINATES TO DCD FILE ../output/01_eq_1_CLK.0.dcd AT STEP 4420000
WRITING COORDINATES TO RESTART FILE AT STEP 4420000
FINISHED WRITING RESTART COORDINATES
WRITING VELOCITIES TO RESTART FILE AT STEP 4420000
FINISHED WRITING RESTART VELOCITIES
PRESSURE: 4430000 1946.2 167.276 -32.8156 167.276 -2159.39 -391.419 -32.8161 -391.419 -987.74
GPRESSURE: 4430000 2022.81 102.387 -33.5039 97.256 -2207.68 -482.864 -63.8367 -447.166 -1022.38
PRESSAVG: 4430000 2203.84 -18.9851 14.9432 -18.9851 -2122.91 13.5284 14.9432 13.5284 -29.1715
GPRESSAVG: 4430000 2212.58 -32.0508 9.43122 5.90058 -2117.47 2.3784 34.1599 7.50065 -44.7335
TIMING: 4430000  CPU: 4095.66, 0.000927482/step  Wall: 4095.98, 0.000927512/step, 372.61 ns/days, 0.146856 hours remaining, 0.000000 MB of memory in use.
PERFORMANCE: 4430000  averaging 373.785 ns/day, 0.000924597 sec/step with standard deviation 7.21538e-06
ENERGY: 4430000        11.6189        23.7481        15.3178         2.3069         -46354.5123    -85872.9850         0.0000         0.0000      9735.4900        -122439.0156       298.0635   -132174.5057   -122453.2926       297.7742           -400.3091      -402.4202    167474.9114        17.2527        16.7921

WRITING EXTENDED SYSTEM TO RESTART FILE AT STEP 4430000
WRITING COORDINATES TO DCD FILE ../output/01_eq_1_CLK.0.dcd AT STEP 4430000
WRITING COORDINATES TO RESTART FILE AT STEP 4430000
FINISHED WRITING RESTART COORDINATES
WRITING VELOCITIES TO RESTART FILE AT STEP 4430000
FINISHED WRITING RESTART VELOCITIES
PRESSURE: 4440000 1825.24 1.68194 -201.936 1.68331 -2439.03 -79.442 -201.935 -79.4403 -171.564
GPRESSURE: 4440000 1880.07 148.914 -267.514 5.58867 -2467.02 -12.6515 -189.291 -79.1052 -198.715
PRESSAVG: 4440000 2208.17 -10.993 -1.67698 -10.993 -2124.02 16.4465 -1.67698 16.4465 2.10238
GPRESSAVG: 4440000 2219.7 -13.553 -11.2713 12.8803 -2118.4 12.5229 21.9843 9.35995 -16.256
TIMING: 4440000  CPU: 4104.93, 0.000927681/step  Wall: 4105.26, 0.000927732/step, 372.521 ns/days, 0.144314 hours remaining, 0.000000 MB of memory in use.
PERFORMANCE: 4440000  averaging 373.782 ns/day, 0.000924604 sec/step with standard deviation 7.20877e-06
ENERGY: 4440000         6.5633        24.7635        24.3923         0.6585         -46302.2621    -85889.5484         0.0000         0.0000      9818.4441        -122316.9889       300.6033   -132135.4330   -122448.5801       298.0358           -261.7857      -261.8876    168154.1220        28.7488        28.3488

WRITING EXTENDED SYSTEM TO RESTART FILE AT STEP 4440000
WRITING COORDINATES TO DCD FILE ../output/01_eq_1_CLK.0.dcd AT STEP 4440000
WRITING COORDINATES TO RESTART FILE AT STEP 4440000
FINISHED WRITING RESTART COORDINATES
WRITING VELOCITIES TO RESTART FILE AT STEP 4440000
FINISHED WRITING RESTART VELOCITIES
PRESSURE: 4450000 1981.47 -34.3944 110.212 -34.3951 -2882.59 477.521 110.213 477.523 560.719
GPRESSURE: 4450000 1994.83 31.762 134.312 -134.513 -2890.21 482.871 64.5875 512.287 561.411
PRESSAVG: 4450000 2171.02 -2.29993 1.09551 -2.29993 -2186.34 44.8186 1.09551 44.8186 28.4679
GPRESSAVG: 4450000 2181.93 1.32451 -5.33995 11.6155 -2184.06 41.9948 23.3446 39.9954 14.2108
TIMING: 4450000  CPU: 4114.18, 0.000924641/step  Wall: 4114.51, 0.000924764/step, 373.717 ns/days, 0.141283 hours remaining, 0.000000 MB of memory in use.
PERFORMANCE: 4450000  averaging 373.782 ns/day, 0.000924604 sec/step with standard deviation 7.20065e-06
ENERGY: 4450000         8.7580        28.6129        14.1563         1.1725         -46312.9616    -85818.0637         0.0000         0.0000      9672.2975        -122406.0280       296.1288   -132078.3255   -122441.1515       298.0572           -113.4689      -111.3210    168039.7011         4.3844         4.0281

WRITING EXTENDED SYSTEM TO RESTART FILE AT STEP 4450000
WRITING COORDINATES TO DCD FILE ../output/01_eq_1_CLK.0.dcd AT STEP 4450000
WRITING COORDINATES TO RESTART FILE AT STEP 4450000
FINISHED WRITING RESTART COORDINATES
WRITING VELOCITIES TO RESTART FILE AT STEP 4450000
FINISHED WRITING RESTART VELOCITIES
PRESSURE: 4460000 2462.65 13.8188 -335.236 13.8187 -2241.41 177.182 -335.233 177.184 -28.313
GPRESSURE: 4460000 2476.82 8.56075 -370.147 11.8348 -2252.31 193.414 -247.308 179.732 -27.1651
PRESSAVG: 4460000 2198.98 -8.25492 -25.765 -8.25492 -2219.22 65.1542 -25.765 65.1542 25.5785
GPRESSAVG: 4460000 2210.82 -3.1675 -32.566 1.34839 -2216.8 69.9673 1.17081 59.6249 10.6229
TIMING: 4460000  CPU: 4123.43, 0.000924874/step  Wall: 4123.76, 0.000924947/step, 373.643 ns/days, 0.138742 hours remaining, 0.000000 MB of memory in use.
PERFORMANCE: 4460000  averaging 373.781 ns/day, 0.000924605 sec/step with standard deviation 7.19257e-06
ENERGY: 4460000        12.7901        41.8655        14.4768         0.3173         -46217.4115    -85930.0370         0.0000         0.0000      9730.6458        -122347.3530       297.9152   -132077.9988   -122426.2223       297.9063             64.3079        65.7828    167433.0564         1.7769         1.5461

WRITING EXTENDED SYSTEM TO RESTART FILE AT STEP 4460000
WRITING COORDINATES TO DCD FILE ../output/01_eq_1_CLK.0.dcd AT STEP 4460000
WRITING COORDINATES TO RESTART FILE AT STEP 4460000
FINISHED WRITING RESTART COORDINATES
WRITING VELOCITIES TO RESTART FILE AT STEP 4460000
FINISHED WRITING RESTART VELOCITIES
PRESSURE: 4470000 800.817 265.478 120.298 265.477 -2638.92 -285.423 120.295 -285.423 -1092.79
GPRESSURE: 4470000 853.076 171.589 130.567 304.718 -2659.36 -391.955 286.391 -336.591 -1138.76
PRESSAVG: 4470000 2126.23 21.5665 -8.73628 21.5665 -2249.31 64.9444 -8.73628 64.9444 -17.1069
GPRESSAVG: 4470000 2140.61 24.9523 -8.7589 31.7209 -2246.88 70.9012 24.3832 57.1236 -36.1602
TIMING: 4470000  CPU: 4132.7, 0.000927654/step  Wall: 4133.04, 0.000927766/step, 372.508 ns/days, 0.136588 hours remaining, 0.000000 MB of memory in use.
PERFORMANCE: 4470000  averaging 373.778 ns/day, 0.000924612 sec/step with standard deviation 7.18606e-06
ENERGY: 4470000         8.8071        33.0612        18.3155         0.2155         -46378.9996    -85955.2064         0.0000         0.0000      9737.2064        -122536.6004       298.1161   -132273.8068   -122435.1289       297.8266           -976.9635      -981.6808    167906.8216       -46.7302       -47.4791

WRITING EXTENDED SYSTEM TO RESTART FILE AT STEP 4470000
WRITING COORDINATES TO DCD FILE ../output/01_eq_1_CLK.0.dcd AT STEP 4470000
WRITING COORDINATES TO RESTART FILE AT STEP 4470000
FINISHED WRITING RESTART COORDINATES
WRITING VELOCITIES TO RESTART FILE AT STEP 4470000
FINISHED WRITING RESTART VELOCITIES
PRESSURE: 4480000 2486.71 33.0046 -160.309 33.0037 -1542.98 -21.6219 -160.306 -21.6217 267.087
GPRESSURE: 4480000 2502.24 58.3541 20.1085 10.5239 -1492.8 -31.4193 -138.249 44.9207 207.282
PRESSAVG: 4480000 2131.73 20.3708 -29.9755 20.3708 -2204.71 59.9386 -29.9755 59.9386 4.45595
GPRESSAVG: 4480000 2148.53 23.7164 -22.0401 29.601 -2198.14 69.3879 8.95616 48.7089 -20.6172
TIMING: 4480000  CPU: 4141.98, 0.000928081/step  Wall: 4142.32, 0.000928153/step, 372.353 ns/days, 0.134066 hours remaining, 0.000000 MB of memory in use.
PERFORMANCE: 4480000  averaging 373.775 ns/day, 0.00092462 sec/step with standard deviation 7.17996e-06
ENERGY: 4480000        10.9815        27.8085        20.8372         1.1490         -46507.9446    -85762.1267         0.0000         0.0000      9586.8042        -122622.4910       293.5113   -132209.2951   -122444.5150       297.6870            403.6068       405.5752    167165.2532       -22.8429       -23.4063

WRITING EXTENDED SYSTEM TO RESTART FILE AT STEP 4480000
WRITING COORDINATES TO DCD FILE ../output/01_eq_1_CLK.0.dcd AT STEP 4480000
WRITING COORDINATES TO RESTART FILE AT STEP 4480000
FINISHED WRITING RESTART COORDINATES
WRITING VELOCITIES TO RESTART FILE AT STEP 4480000
FINISHED WRITING RESTART VELOCITIES
PRESSURE: 4490000 2122 -15.0592 -61.5689 -15.0607 -2735.39 62.4647 -61.5716 62.4647 -386.042
GPRESSURE: 4490000 2165.6 -11.9063 81.2123 24.6977 -2760.98 91.6646 -177.539 179.96 -389.854
PRESSAVG: 4490000 2098.94 22.1312 -46.6395 22.1312 -2231.96 37.6926 -46.6395 37.6926 -9.09885
GPRESSAVG: 4490000 2119.7 29.0763 -32.8322 31.028 -2227.76 45.7286 -17.3699 37.0006 -34.8577
TIMING: 4490000  CPU: 4151.25, 0.000926078/step  Wall: 4151.58, 0.000926043/step, 373.201 ns/days, 0.131189 hours remaining, 0.000000 MB of memory in use.
PERFORMANCE: 4490000  averaging 373.774 ns/day, 0.000924623 sec/step with standard deviation 7.17226e-06
ENERGY: 4490000         6.6498        25.6164        15.0870         0.5247         -46180.7449    -85953.6106         0.0000         0.0000      9654.6379        -122431.8398       295.5882   -132086.4777   -122435.8421       297.7550           -333.1473      -328.4101    166407.7212       -47.3730       -47.6382

WRITING EXTENDED SYSTEM TO RESTART FILE AT STEP 4490000
WRITING COORDINATES TO DCD FILE ../output/01_eq_1_CLK.0.dcd AT STEP 4490000
WRITING COORDINATES TO RESTART FILE AT STEP 4490000
FINISHED WRITING RESTART COORDINATES
WRITING VELOCITIES TO RESTART FILE AT STEP 4490000
FINISHED WRITING RESTART VELOCITIES
PRESSURE: 4500000 1648.1 326.237 525.64 326.235 -2662.15 461.985 525.644 461.986 -275.17
GPRESSURE: 4500000 1730.07 358.252 411.626 408.274 -2672.6 490.072 511.994 497.701 -343.32
PRESSAVG: 4500000 2111.48 51.4558 0.555553 51.4558 -2220 51.7892 0.555553 51.7892 -19.829
GPRESSAVG: 4500000 2138.05 64.2654 9.86651 63.3665 -2220.13 62.2035 22.7421 48.4471 -46.5617
TIMING: 4500000  CPU: 4160.47, 0.000921979/step  Wall: 4160.8, 0.000922002/step, 374.837 ns/days, 0.128056 hours remaining, 0.000000 MB of memory in use.
PERFORMANCE: 4500000  averaging 373.776 ns/day, 0.000924617 sec/step with standard deviation 7.16534e-06
ETITLE:      TS           BOND          ANGLE          DIHED          IMPRP               ELECT            VDW       BOUNDARY           MISC        KINETIC               TOTAL           TEMP      POTENTIAL       TOTALAVG        TEMPAVG            PRESSURE      GPRESSURE         VOLUME       PRESSAVG      GPRESSAVG

ENERGY: 4500000         8.4280        27.9181        17.6684         0.9765         -46262.8998    -86073.5661         0.0000         0.0000      9755.9761        -122525.4987       298.6907   -132281.4748   -122448.5794       297.6841           -429.7408      -428.6180    166784.4925       -42.7849       -42.8813

WRITING EXTENDED SYSTEM TO RESTART FILE AT STEP 4500000
WRITING COORDINATES TO DCD FILE ../output/01_eq_1_CLK.0.dcd AT STEP 4500000
WRITING COORDINATES TO RESTART FILE AT STEP 4500000
FINISHED WRITING RESTART COORDINATES
WRITING VELOCITIES TO RESTART FILE AT STEP 4500000
FINISHED WRITING RESTART VELOCITIES
PRESSURE: 4510000 1336.49 -155.553 -9.89136 -155.556 -2236.62 -110.093 -9.88965 -110.092 -1007.56
GPRESSURE: 4510000 1349.79 -192.983 70.7601 -102.92 -2308.49 -146.414 32.1132 -125.463 -943.639
PRESSAVG: 4510000 2083.27 46.2317 -0.171996 46.2317 -2207.39 41.2881 -0.171996 41.2881 -26.6828
GPRESSAVG: 4510000 2112.56 58.0724 18.7201 63.0221 -2213.11 48.8256 15.9158 39.668 -50.379
TIMING: 4510000  CPU: 4169.66, 0.000919879/step  Wall: 4170, 0.000919913/step, 375.688 ns/days, 0.12521 hours remaining, 0.000000 MB of memory in use.
PERFORMANCE: 4510000  averaging 373.781 ns/day, 0.000924607 sec/step with standard deviation 7.1608e-06
ENERGY: 4510000        11.4834        32.1287        17.8329         0.5770         -46229.4360    -85914.7471         0.0000         0.0000      9667.7264        -122414.4347       295.9889   -132082.1611   -122447.0347       297.4867           -635.8962      -634.1145    167902.7595       -50.2701       -50.3102

WRITING EXTENDED SYSTEM TO RESTART FILE AT STEP 4510000
WRITING COORDINATES TO DCD FILE ../output/01_eq_1_CLK.0.dcd AT STEP 4510000
WRITING COORDINATES TO RESTART FILE AT STEP 4510000
FINISHED WRITING RESTART COORDINATES
WRITING VELOCITIES TO RESTART FILE AT STEP 4510000
FINISHED WRITING RESTART VELOCITIES
PRESSURE: 4520000 2879.93 -27.6287 393.061 -27.6265 -1298.5 120.362 393.057 120.363 587.549
GPRESSURE: 4520000 2855.53 20.4739 267.281 -144.372 -1302.77 101.159 488.406 142.593 615.519
PRESSAVG: 4520000 2136.48 52.733 21.2079 52.733 -2166 45.1173 21.2079 45.1173 -28.1489
GPRESSAVG: 4520000 2163.6 68.0006 35.1487 58.5044 -2172.87 50.4433 41.3784 43.6861 -49.1207
TIMING: 4520000  CPU: 4178.86, 0.000919678/step  Wall: 4179.19, 0.000919748/step, 375.755 ns/days, 0.122633 hours remaining, 0.000000 MB of memory in use.
PERFORMANCE: 4520000  averaging 373.785 ns/day, 0.000924596 sec/step with standard deviation 7.1565e-06
ENERGY: 4520000         7.1936        29.8871        17.3369         0.6241         -46784.1975    -85802.9358         0.0000         0.0000      9702.2134        -122829.8780       297.0447   -132532.0914   -122461.2158       297.4532            722.9935       722.7603    166373.1929       -19.2223       -19.4649

WRITING EXTENDED SYSTEM TO RESTART FILE AT STEP 4520000
WRITING COORDINATES TO DCD FILE ../output/01_eq_1_CLK.0.dcd AT STEP 4520000
WRITING COORDINATES TO RESTART FILE AT STEP 4520000
FINISHED WRITING RESTART COORDINATES
WRITING VELOCITIES TO RESTART FILE AT STEP 4520000
FINISHED WRITING RESTART VELOCITIES
PRESSURE: 4530000 1989.84 -307.244 -264.464 -307.245 -2274.16 -40.8506 -264.463 -40.8502 -628.352
GPRESSURE: 4530000 1977.35 -213.531 -220.853 -517.885 -2285.23 -69.1744 -238.011 -18.8454 -604.398
PRESSAVG: 4530000 2117.82 9.85493 -5.27231 9.85493 -2210.04 53.3527 -5.27231 53.3527 -68.7315
GPRESSAVG: 4530000 2140.97 33.3361 11.0352 2.77216 -2215.76 61.0051 21.9058 51.1361 -86.1475
TIMING: 4530000  CPU: 4188.06, 0.000919421/step  Wall: 4188.39, 0.000919579/step, 375.824 ns/days, 0.120056 hours remaining, 0.000000 MB of memory in use.
PERFORMANCE: 4530000  averaging 373.789 ns/day, 0.000924585 sec/step with standard deviation 7.15247e-06
ENERGY: 4530000        10.6409        32.2400        18.9672         0.3503         -46272.0916    -85912.8307         0.0000         0.0000      9632.0409        -122490.6830       294.8963   -132122.7239   -122458.3859       297.4370           -304.2223      -304.0943    167625.7702       -53.6524       -53.6452

WRITING EXTENDED SYSTEM TO RESTART FILE AT STEP 4530000
WRITING COORDINATES TO DCD FILE ../output/01_eq_1_CLK.0.dcd AT STEP 4530000
WRITING COORDINATES TO RESTART FILE AT STEP 4530000
FINISHED WRITING RESTART COORDINATES
WRITING VELOCITIES TO RESTART FILE AT STEP 4530000
FINISHED WRITING RESTART VELOCITIES
PRESSURE: 4540000 1455.62 -90.2394 128.205 -90.243 -2270.85 -351.35 128.206 -351.35 231.156
GPRESSURE: 4540000 1429.32 -79.902 145.089 -9.51178 -2274.02 -351.442 43.3741 -337.046 255.662
PRESSAVG: 4540000 2054.55 12.5177 20.6156 12.5177 -2216.64 44.2903 20.6156 44.2903 -86.5175
GPRESSAVG: 4540000 2070.95 28.0963 34.2507 8.69287 -2218.89 52.0532 44.4501 37.6771 -100.507
TIMING: 4540000  CPU: 4197.27, 0.000920981/step  Wall: 4197.6, 0.000920948/step, 375.265 ns/days, 0.117677 hours remaining, 0.000000 MB of memory in use.
PERFORMANCE: 4540000  averaging 373.793 ns/day, 0.000924577 sec/step with standard deviation 7.14661e-06
ENERGY: 4540000        11.0120        34.3102        18.6068         1.0922         -46230.7314    -85834.8164         0.0000         0.0000      9774.7778        -122225.7487       299.2664   -132000.5266   -122443.7841       297.5388           -194.6929      -196.3435    167104.0223       -82.8690       -82.8149

WRITING EXTENDED SYSTEM TO RESTART FILE AT STEP 4540000
WRITING COORDINATES TO DCD FILE ../output/01_eq_1_CLK.0.dcd AT STEP 4540000
WRITING COORDINATES TO RESTART FILE AT STEP 4540000
FINISHED WRITING RESTART COORDINATES
WRITING VELOCITIES TO RESTART FILE AT STEP 4540000
FINISHED WRITING RESTART VELOCITIES
PRESSURE: 4550000 1898.79 407.652 373.441 407.65 -2097.66 -193.639 373.437 -193.64 629.881
GPRESSURE: 4550000 1922.94 200.328 412.712 502.516 -2133.68 -207.947 266.858 -227.093 654.988
PRESSAVG: 4550000 2004.23 34.8255 23.6608 34.8255 -2248.59 14.5879 23.6608 14.5879 -86.5452
GPRESSAVG: 4550000 2024.15 35.2762 36.2613 39.3747 -2259.73 22.2089 43.6279 9.75262 -94.1544
TIMING: 4550000  CPU: 4206.46, 0.000919121/step  Wall: 4206.79, 0.000919286/step, 375.944 ns/days, 0.114911 hours remaining, 0.000000 MB of memory in use.
PERFORMANCE: 4550000  averaging 373.797 ns/day, 0.000924565 sec/step with standard deviation 7.14304e-06
ENERGY: 4550000        10.9145        32.6722        20.3484         0.2079         -46048.7614    -85824.9082         0.0000         0.0000      9822.0883        -121987.4382       300.7149   -131809.5265   -122428.3910       297.6019            143.6703       148.0841    167745.1953      -110.3003      -109.9089

WRITING EXTENDED SYSTEM TO RESTART FILE AT STEP 4550000
WRITING COORDINATES TO DCD FILE ../output/01_eq_1_CLK.0.dcd AT STEP 4550000
WRITING COORDINATES TO RESTART FILE AT STEP 4550000
FINISHED WRITING RESTART COORDINATES
WRITING VELOCITIES TO RESTART FILE AT STEP 4550000
FINISHED WRITING RESTART VELOCITIES
PRESSURE: 4560000 2052.85 -98.1132 13.0004 -98.112 -2133.4 -176.106 13.0009 -176.106 -321.819
GPRESSURE: 4560000 2136.97 -98.9304 0.608499 -117.298 -2178.52 -208.671 -5.41365 -212.823 -364.314
PRESSAVG: 4560000 2003.52 24.5595 26.8525 24.5595 -2243.04 -2.01994 26.8525 -2.01994 -131.107
GPRESSAVG: 4560000 2028.35 25.547 43.4197 22.7331 -2259.52 1.6537 36.587 -8.07333 -139.021
TIMING: 4560000  CPU: 4215.64, 0.000918416/step  Wall: 4215.98, 0.000918641/step, 376.208 ns/days, 0.112278 hours remaining, 0.000000 MB of memory in use.
PERFORMANCE: 4560000  averaging 373.803 ns/day, 0.000924552 sec/step with standard deviation 7.14058e-06
ENERGY: 4560000         8.1389        35.7970        13.7550         0.9817         -46250.5870    -86048.9016         0.0000         0.0000      9766.5648        -122474.2512       299.0149   -132240.8160   -122436.7361       297.6742           -134.1210      -135.2883    167449.1552      -123.5438      -123.3969

WRITING EXTENDED SYSTEM TO RESTART FILE AT STEP 4560000
WRITING COORDINATES TO DCD FILE ../output/01_eq_1_CLK.0.dcd AT STEP 4560000
WRITING COORDINATES TO RESTART FILE AT STEP 4560000
FINISHED WRITING RESTART COORDINATES
WRITING VELOCITIES TO RESTART FILE AT STEP 4560000
FINISHED WRITING RESTART VELOCITIES
PRESSURE: 4570000 1921.73 2.33935 -20.0172 2.33811 -2202.78 78.9925 -20.0183 78.9949 -540.645
GPRESSURE: 4570000 1951.37 -14.3621 -63.8817 -126.075 -2244.03 72.9768 -94.2745 63.6997 -526.483
PRESSAVG: 4570000 1999.35 7.58115 -0.138577 7.58115 -2247.89 20.8977 -0.138577 20.8977 -136.242
GPRESSAVG: 4570000 2024.57 2.10353 15.0272 7.40939 -2263.98 18.6523 5.22369 16.4697 -144.073
TIMING: 4570000  CPU: 4224.87, 0.000923224/step  Wall: 4225.21, 0.000923439/step, 374.253 ns/days, 0.1103 hours remaining, 0.000000 MB of memory in use.
PERFORMANCE: 4570000  averaging 373.804 ns/day, 0.00092455 sec/step with standard deviation 7.13293e-06
ENERGY: 4570000        10.4743        36.3389        16.9317         0.6343         -46224.9235    -86036.3677         0.0000         0.0000      9783.8826        -122413.0294       299.5451   -132196.9120   -122426.5330       297.8109           -273.8978      -273.0474    167716.4082      -128.2620      -127.8260

WRITING EXTENDED SYSTEM TO RESTART FILE AT STEP 4570000
WRITING COORDINATES TO DCD FILE ../output/01_eq_1_CLK.0.dcd AT STEP 4570000
WRITING COORDINATES TO RESTART FILE AT STEP 4570000
FINISHED WRITING RESTART COORDINATES
WRITING VELOCITIES TO RESTART FILE AT STEP 4570000
FINISHED WRITING RESTART VELOCITIES
PRESSURE: 4580000 2737.16 -13.5663 228.801 -13.5655 -1742.75 -88.2484 228.803 -88.2441 714.235
GPRESSURE: 4580000 2837.4 -36.2882 193.325 -23.843 -1814.29 -26.2971 335.638 -146.227 676.544
PRESSAVG: 4580000 2027.28 4.98599 21.8853 4.98599 -2231.52 14.9248 21.8853 14.9248 -112.212
GPRESSAVG: 4580000 2054.57 3.10812 31.7816 0.427937 -2252.09 16.1045 26.3309 4.63709 -117.926
TIMING: 4580000  CPU: 4234.1, 0.000923149/step  Wall: 4234.45, 0.000923265/step, 374.324 ns/days, 0.107714 hours remaining, 0.000000 MB of memory in use.
PERFORMANCE: 4580000  averaging 373.805 ns/day, 0.000924547 sec/step with standard deviation 7.12538e-06
ENERGY: 4580000         9.8014        27.8242        15.7279         0.9197         -46097.6766    -85909.0123         0.0000         0.0000      9634.4855        -122317.9303       294.9712   -131952.4158   -122415.1274       297.6635            569.5455       566.5505    167556.5070      -105.4855      -105.1469

WRITING EXTENDED SYSTEM TO RESTART FILE AT STEP 4580000
WRITING COORDINATES TO DCD FILE ../output/01_eq_1_CLK.0.dcd AT STEP 4580000
WRITING COORDINATES TO RESTART FILE AT STEP 4580000
FINISHED WRITING RESTART COORDINATES
WRITING VELOCITIES TO RESTART FILE AT STEP 4580000
FINISHED WRITING RESTART VELOCITIES
PRESSURE: 4590000 2406.96 -178.515 -168.265 -178.512 -2372.28 15.0541 -168.266 15.0531 -174.53
GPRESSURE: 4590000 2344.94 -138.035 -117.993 -196.768 -2355.54 -34.9271 -186.966 26.0211 -134.998
PRESSAVG: 4590000 1989.77 0.831169 30.9281 0.831169 -2279.34 13.6961 30.9281 13.6961 -133.997
GPRESSAVG: 4590000 2011.68 -3.43642 41.5515 -1.53725 -2298.79 12.3159 37.7138 11.0866 -135.533
TIMING: 4590000  CPU: 4243.31, 0.000920674/step  Wall: 4243.65, 0.000920725/step, 375.356 ns/days, 0.10486 hours remaining, 0.000000 MB of memory in use.
PERFORMANCE: 4590000  averaging 373.808 ns/day, 0.000924539 sec/step with standard deviation 7.11983e-06
ENERGY: 4590000         8.0583        29.5054        15.9047         2.4673         -46245.4706    -85924.8070         0.0000         0.0000      9933.2727        -122181.0692       304.1189   -132114.3419   -122390.9918       298.0174            -46.6186       -48.5345    167397.6788      -141.1895      -140.8822

WRITING EXTENDED SYSTEM TO RESTART FILE AT STEP 4590000
WRITING COORDINATES TO DCD FILE ../output/01_eq_1_CLK.0.dcd AT STEP 4590000
WRITING COORDINATES TO RESTART FILE AT STEP 4590000
FINISHED WRITING RESTART COORDINATES
WRITING VELOCITIES TO RESTART FILE AT STEP 4590000
FINISHED WRITING RESTART VELOCITIES
PRESSURE: 4600000 2695.66 -4.8956 -204.129 -4.89732 -1819.71 283.582 -204.13 283.581 187.805
GPRESSURE: 4600000 2630.05 -0.0784628 -169.081 100.727 -1789.44 295.187 -178.016 333.916 211.854
PRESSAVG: 4600000 2012.11 6.72917 11.4271 6.72917 -2252.08 18.9789 11.4271 18.9789 -113.67
GPRESSAVG: 4600000 2031.82 8.54653 30.3683 -1.40019 -2270.52 17.7323 17.0232 12.3178 -114.803
TIMING: 4600000  CPU: 4252.49, 0.000918345/step  Wall: 4252.84, 0.000918523/step, 376.256 ns/days, 0.102058 hours remaining, 0.000000 MB of memory in use.
PERFORMANCE: 4600000  averaging 373.813 ns/day, 0.000924526 sec/step with standard deviation 7.1176e-06
ETITLE:      TS           BOND          ANGLE          DIHED          IMPRP               ELECT            VDW       BOUNDARY           MISC        KINETIC               TOTAL           TEMP      POTENTIAL       TOTALAVG        TEMPAVG            PRESSURE      GPRESSURE         VOLUME       PRESSAVG      GPRESSAVG

ENERGY: 4600000         6.2393        29.2011        14.9793         3.1149         -46336.3878    -85811.3058         0.0000         0.0000      9638.2620        -122455.8970       295.0868   -132094.1590   -122404.3253       297.8434            354.5843       350.8234    167114.7872      -117.8816      -117.8342

WRITING EXTENDED SYSTEM TO RESTART FILE AT STEP 4600000
WRITING COORDINATES TO DCD FILE ../output/01_eq_1_CLK.0.dcd AT STEP 4600000
WRITING COORDINATES TO RESTART FILE AT STEP 4600000
FINISHED WRITING RESTART COORDINATES
WRITING VELOCITIES TO RESTART FILE AT STEP 4600000
FINISHED WRITING RESTART VELOCITIES
PRESSURE: 4610000 1879.89 171.374 -53.7284 171.376 -2205.05 -94.9391 -53.7285 -94.9383 554.199
GPRESSURE: 4610000 1899.85 212.515 -65.9119 105.997 -2207.09 -121.628 104.62 15.5671 555.365
PRESSAVG: 4610000 2030.63 16.4336 4.18114 16.4336 -2206.82 -6.86307 4.18114 -6.86307 -58.0828
GPRESSAVG: 4610000 2050.84 21.6615 17.0053 4.37603 -2224.28 -8.97269 20.3651 -0.855566 -59.858
TIMING: 4610000  CPU: 4261.68, 0.000918974/step  Wall: 4262.03, 0.000918969/step, 376.074 ns/days, 0.0995549 hours remaining, 0.000000 MB of memory in use.
PERFORMANCE: 4610000  averaging 373.818 ns/day, 0.000924513 sec/step with standard deviation 7.11457e-06
ENERGY: 4610000        11.2222        32.8056        17.7385         2.6530         -46231.9759    -85963.9628         0.0000         0.0000      9769.2823        -122362.2371       299.0981   -132131.5194   -122402.5480       297.8823             76.3463        82.7076    166871.9082       -78.0900       -77.7671

WRITING EXTENDED SYSTEM TO RESTART FILE AT STEP 4610000
WRITING COORDINATES TO DCD FILE ../output/01_eq_1_CLK.0.dcd AT STEP 4610000
WRITING COORDINATES TO RESTART FILE AT STEP 4610000
FINISHED WRITING RESTART COORDINATES
WRITING VELOCITIES TO RESTART FILE AT STEP 4610000
FINISHED WRITING RESTART VELOCITIES
PRESSURE: 4620000 1773.26 -119.844 -409.271 -119.845 -2127.97 -279.723 -409.273 -279.721 152.554
GPRESSURE: 4620000 1788.37 -202.015 -376.395 7.09363 -2157.89 -321.912 -445.437 -235.883 161.331
PRESSAVG: 4620000 2015.07 17.19 -1.44864 17.19 -2204.18 -21.7847 -1.44864 -21.7847 -86.4666
GPRESSAVG: 4620000 2037.47 16.2552 9.11602 10.302 -2222.7 -33.9979 8.48199 -8.49228 -89.7035
TIMING: 4620000  CPU: 4270.89, 0.000920229/step  Wall: 4271.23, 0.000920431/step, 375.476 ns/days, 0.0971566 hours remaining, 0.000000 MB of memory in use.
PERFORMANCE: 4620000  averaging 373.822 ns/day, 0.000924505 sec/step with standard deviation 7.10938e-06
ENERGY: 4620000        13.4005        24.0779        16.9674         1.6277         -46144.4325    -86049.4434         0.0000         0.0000      9795.9194        -122341.8831       299.9137   -132137.8024   -122406.0148       297.9139            -67.3838       -69.3966    166742.3685       -91.8597       -91.6436

WRITING EXTENDED SYSTEM TO RESTART FILE AT STEP 4620000
WRITING COORDINATES TO DCD FILE ../output/01_eq_1_CLK.0.dcd AT STEP 4620000
WRITING COORDINATES TO RESTART FILE AT STEP 4620000
FINISHED WRITING RESTART COORDINATES
WRITING VELOCITIES TO RESTART FILE AT STEP 4620000
FINISHED WRITING RESTART VELOCITIES
PRESSURE: 4630000 1902.35 238.266 117.222 238.263 -2799.29 289.302 117.224 289.301 -1069
GPRESSURE: 4630000 1950.18 220.543 153.805 443.743 -2782.97 378.393 92.2725 347.146 -1115.76
PRESSAVG: 4630000 2012.88 20.7393 6.05337 20.7393 -2236.18 12.2512 6.05337 12.2512 -90.5297
GPRESSAVG: 4630000 2033.84 22.163 18.4815 27.6264 -2251.46 9.06502 16.2875 31.2234 -94.3725
TIMING: 4630000  CPU: 4280.11, 0.000921963/step  Wall: 4280.45, 0.000921935/step, 374.864 ns/days, 0.0947544 hours remaining, 0.000000 MB of memory in use.
PERFORMANCE: 4630000  averaging 373.824 ns/day, 0.000924499 sec/step with standard deviation 7.10269e-06
ENERGY: 4630000        12.2526        25.9558        15.1945         2.1297         -46216.0620    -86010.8609         0.0000         0.0000      9700.6268        -122470.7634       296.9962   -132171.3902   -122407.6022       297.8605           -655.3152      -649.5191    167868.4183      -104.6100      -103.9986

WRITING EXTENDED SYSTEM TO RESTART FILE AT STEP 4630000
WRITING COORDINATES TO DCD FILE ../output/01_eq_1_CLK.0.dcd AT STEP 4630000
WRITING COORDINATES TO RESTART FILE AT STEP 4630000
FINISHED WRITING RESTART COORDINATES
WRITING VELOCITIES TO RESTART FILE AT STEP 4630000
FINISHED WRITING RESTART VELOCITIES
PRESSURE: 4640000 2577.61 -132.791 257.233 -132.792 -1947.76 174.286 257.233 174.284 151.596
GPRESSURE: 4640000 2498.58 -127.736 132.685 -102.609 -1934.35 55.6753 285.846 240.518 235.365
PRESSAVG: 4640000 2050.49 14.0155 29.0118 14.0155 -2211.61 24.9375 29.0118 24.9375 -74.3717
GPRESSAVG: 4640000 2064.76 8.33051 38.4914 22.2165 -2224.83 12.4814 40.0443 47.2045 -72.6685
TIMING: 4640000  CPU: 4289.35, 0.00092438/step  Wall: 4289.7, 0.000924457/step, 373.841 ns/days, 0.0924457 hours remaining, 0.000000 MB of memory in use.
PERFORMANCE: 4640000  averaging 373.824 ns/day, 0.000924499 sec/step with standard deviation 7.09502e-06
ENERGY: 4640000         4.9799        28.7804        14.3591         3.1194         -46414.3496    -85828.8591         0.0000         0.0000      9697.9927        -122493.9771       296.9155   -132191.9698   -122416.4516       297.6761            260.4824       266.5303    166401.5295       -78.4966       -77.5777

WRITING EXTENDED SYSTEM TO RESTART FILE AT STEP 4640000
WRITING COORDINATES TO DCD FILE ../output/01_eq_1_CLK.0.dcd AT STEP 4640000
WRITING COORDINATES TO RESTART FILE AT STEP 4640000
FINISHED WRITING RESTART COORDINATES
WRITING VELOCITIES TO RESTART FILE AT STEP 4640000
FINISHED WRITING RESTART VELOCITIES
PRESSURE: 4650000 1932.64 -23.5328 -197.835 -23.5337 -2296.5 -143.468 -197.835 -143.468 -61.2519
GPRESSURE: 4650000 1891.97 48.8375 -158.421 -59.1224 -2307.28 -161.586 -216.145 0.10976 -10.9639
PRESSAVG: 4650000 2048.05 14.5586 13.6093 14.5586 -2182.31 -6.11209 13.6093 -6.11209 -105.47
GPRESSAVG: 4650000 2059.62 9.18428 23.8548 25.986 -2195.68 -19.7415 26.0077 21.5957 -101.287
TIMING: 4650000  CPU: 4298.58, 0.000922875/step  Wall: 4298.92, 0.000922845/step, 374.494 ns/days, 0.0897211 hours remaining, 0.000000 MB of memory in use.
PERFORMANCE: 4650000  averaging 373.826 ns/day, 0.000924495 sec/step with standard deviation 7.08778e-06
ENERGY: 4650000        12.0585        26.4434        17.0741         1.5972         -46228.9281    -85967.1255         0.0000         0.0000      9757.1730        -122381.7075       298.7274   -132138.8805   -122415.2355       297.8060           -141.7045      -142.0935    167606.4997       -79.9083       -79.1163

WRITING EXTENDED SYSTEM TO RESTART FILE AT STEP 4650000
WRITING COORDINATES TO DCD FILE ../output/01_eq_1_CLK.0.dcd AT STEP 4650000
WRITING COORDINATES TO RESTART FILE AT STEP 4650000
FINISHED WRITING RESTART COORDINATES
WRITING VELOCITIES TO RESTART FILE AT STEP 4650000
FINISHED WRITING RESTART VELOCITIES
PRESSURE: 4660000 2191.41 223.55 -123.321 223.55 -1982.76 -70.6759 -123.322 -70.6756 -173.258
GPRESSURE: 4660000 2231.58 256.416 -96.4868 255.061 -1968.98 0.269849 -142.18 -110.325 -208.484
PRESSAVG: 4660000 2034.49 25.0452 24.2049 25.0452 -2169.38 -18.5051 24.2049 -18.5051 -112.717
GPRESSAVG: 4660000 2047.36 21.5771 37.5378 38.1473 -2181.52 -29.3987 31.2641 7.09277 -110.353
TIMING: 4660000  CPU: 4307.75, 0.000917479/step  Wall: 4308.1, 0.000917497/step, 376.677 ns/days, 0.0866525 hours remaining, 0.000000 MB of memory in use.
PERFORMANCE: 4660000  averaging 373.832 ns/day, 0.00092448 sec/step with standard deviation 7.08757e-06
ENERGY: 4660000         8.8623        29.1840        11.4555         1.0289         -46396.3172    -85727.6598         0.0000         0.0000      9660.3005        -122413.1459       295.7615   -132073.4464   -122418.5252       297.6983             11.7962        18.0393    167519.3692       -82.5339       -81.5035

WRITING EXTENDED SYSTEM TO RESTART FILE AT STEP 4660000
WRITING COORDINATES TO DCD FILE ../output/01_eq_1_CLK.0.dcd AT STEP 4660000
WRITING COORDINATES TO RESTART FILE AT STEP 4660000
FINISHED WRITING RESTART COORDINATES
WRITING VELOCITIES TO RESTART FILE AT STEP 4660000
FINISHED WRITING RESTART VELOCITIES
PRESSURE: 4670000 2751.45 -155.465 -32.6699 -155.463 -2276.6 -209.101 -32.6712 -209.102 -738.216
GPRESSURE: 4670000 2723.89 -87.1349 -41.4681 -183.994 -2280.23 -89.1993 -39.8504 -291.999 -700.844
PRESSAVG: 4670000 2132.02 3.99818 16.5566 3.99818 -2151.26 -14.6891 16.5566 -14.6891 -94.989
GPRESSAVG: 4670000 2140.9 8.64087 28.9361 13.7118 -2162.56 -14.2609 14.952 9.32239 -88.4576
TIMING: 4670000  CPU: 4316.95, 0.000919746/step  Wall: 4317.3, 0.000919923/step, 375.684 ns/days, 0.0843263 hours remaining, 0.000000 MB of memory in use.
PERFORMANCE: 4670000  averaging 373.836 ns/day, 0.000924471 sec/step with standard deviation 7.08311e-06
ENERGY: 4670000        13.8954        33.3996        15.5774         1.1068         -46586.8787    -85723.4268         0.0000         0.0000      9706.6441        -122539.6823       297.1804   -132246.3264   -122418.6793       297.6516            -87.7881       -85.7284    166973.7850       -38.0752       -36.7059

WRITING EXTENDED SYSTEM TO RESTART FILE AT STEP 4670000
WRITING COORDINATES TO DCD FILE ../output/01_eq_1_CLK.0.dcd AT STEP 4670000
WRITING COORDINATES TO RESTART FILE AT STEP 4670000
FINISHED WRITING RESTART COORDINATES
WRITING VELOCITIES TO RESTART FILE AT STEP 4670000
FINISHED WRITING RESTART VELOCITIES
PRESSURE: 4680000 1689.57 3.85378 284.092 3.85595 -2234.28 -62.7877 284.088 -62.7872 -400.909
GPRESSURE: 4680000 1653.77 -49.6995 238.233 -72.8696 -2283.84 -66.5132 329.576 -33.5531 -331.884
PRESSAVG: 4680000 2092.17 2.5408 38.7763 2.5408 -2185.82 -16.7473 38.7763 -16.7473 -128.389
GPRESSAVG: 4680000 2098.48 3.23819 39.8423 9.54211 -2202.11 -16.0156 38.3432 5.3987 -115.416
TIMING: 4680000  CPU: 4326.18, 0.000922621/step  Wall: 4326.53, 0.000922819/step, 374.505 ns/days, 0.0820283 hours remaining, 0.000000 MB of memory in use.
PERFORMANCE: 4680000  averaging 373.837 ns/day, 0.000924467 sec/step with standard deviation 7.07593e-06
ENERGY: 4680000         7.0013        41.4985        16.5000         2.9365         -45956.8911    -85999.3336         0.0000         0.0000      9660.3039        -122227.9845       295.7616   -131888.2884   -122398.9540       297.7641           -315.2057      -320.6519    167525.1708       -74.0158       -73.0172

WRITING EXTENDED SYSTEM TO RESTART FILE AT STEP 4680000
WRITING COORDINATES TO DCD FILE ../output/01_eq_1_CLK.0.dcd AT STEP 4680000
WRITING COORDINATES TO RESTART FILE AT STEP 4680000
FINISHED WRITING RESTART COORDINATES
WRITING VELOCITIES TO RESTART FILE AT STEP 4680000
FINISHED WRITING RESTART VELOCITIES
PRESSURE: 4690000 2261.39 -32.4471 143.71 -32.4456 -1880.09 -231.919 143.711 -231.92 -311.699
GPRESSURE: 4690000 2287.38 64.5754 190.502 -145.569 -1838.01 -246.674 113.324 -253.32 -383.156
PRESSAVG: 4690000 2099.14 1.67155 49.0405 1.67155 -2143.06 -31.4666 49.0405 -31.4666 -124.672
GPRESSAVG: 4690000 2104.56 7.06228 45.3068 1.02877 -2155.96 -32.9326 52.8864 -16.2653 -115.081
TIMING: 4690000  CPU: 4335.44, 0.000925882/step  Wall: 4335.79, 0.000925908/step, 373.255 ns/days, 0.079731 hours remaining, 0.000000 MB of memory in use.
PERFORMANCE: 4690000  averaging 373.836 ns/day, 0.00092447 sec/step with standard deviation 7.06868e-06
ENERGY: 4690000         6.0061        31.8787        16.5117         1.7530         -46485.8358    -85754.5248         0.0000         0.0000      9705.6304        -122478.5808       297.1494   -132184.2112   -122401.2910       297.8421             23.2010        22.0695    166910.8094       -56.1984       -55.4933

WRITING EXTENDED SYSTEM TO RESTART FILE AT STEP 4690000
WRITING COORDINATES TO DCD FILE ../output/01_eq_1_CLK.0.dcd AT STEP 4690000
WRITING COORDINATES TO RESTART FILE AT STEP 4690000
FINISHED WRITING RESTART COORDINATES
WRITING VELOCITIES TO RESTART FILE AT STEP 4690000
FINISHED WRITING RESTART VELOCITIES
PRESSURE: 4700000 1337.11 -183.806 294.821 -183.808 -2807.75 -32.7493 294.823 -32.7496 -880.187
GPRESSURE: 4700000 1295.85 -139.284 400.157 -164.385 -2762.96 -94.2771 180.17 -56.8963 -909.59
PRESSAVG: 4700000 2083.59 -23.8306 37.4994 -23.8306 -2150.34 -56.2033 37.4994 -56.2033 -154.922
GPRESSAVG: 4700000 2082.85 -17.8145 44.7333 -27.6042 -2160.48 -62.15 36.2952 -43.9952 -143.394
TIMING: 4700000  CPU: 4344.68, 0.000923971/step  Wall: 4345.03, 0.000923947/step, 374.047 ns/days, 0.0769956 hours remaining, 0.000000 MB of memory in use.
PERFORMANCE: 4700000  averaging 373.836 ns/day, 0.000924469 sec/step with standard deviation 7.06118e-06
ETITLE:      TS           BOND          ANGLE          DIHED          IMPRP               ELECT            VDW       BOUNDARY           MISC        KINETIC               TOTAL           TEMP      POTENTIAL       TOTALAVG        TEMPAVG            PRESSURE      GPRESSURE         VOLUME       PRESSAVG      GPRESSAVG

ENERGY: 4700000         9.1889        34.9482        14.5981         0.8678         -46288.0783    -86111.5975         0.0000         0.0000      9593.1824        -122746.8902       293.7066   -132340.0727   -122412.3606       297.5929           -783.6120      -792.2349    166955.4695       -73.8919       -73.6741

WRITING EXTENDED SYSTEM TO RESTART FILE AT STEP 4700000
WRITING COORDINATES TO DCD FILE ../output/01_eq_1_CLK.0.dcd AT STEP 4700000
WRITING COORDINATES TO RESTART FILE AT STEP 4700000
FINISHED WRITING RESTART COORDINATES
WRITING VELOCITIES TO RESTART FILE AT STEP 4700000
FINISHED WRITING RESTART VELOCITIES
PRESSURE: 4710000 1423.55 84.4633 115.212 84.4611 -1877.49 -152.274 115.215 -152.273 287.09
GPRESSURE: 4710000 1489.52 -67.4101 195.464 139.366 -1855.14 -229.63 -0.465277 -210.121 225.033
PRESSAVG: 4710000 2087.94 -11.8297 43.7547 -11.8297 -2132.38 -58.3124 43.7547 -58.3124 -90.1901
GPRESSAVG: 4710000 2089.84 -11.5359 50.9685 -15.4899 -2137.81 -66.3108 34.6663 -48.2281 -84.9608
TIMING: 4710000  CPU: 4353.88, 0.000920827/step  Wall: 4354.24, 0.000920987/step, 375.25 ns/days, 0.0741906 hours remaining, 0.000000 MB of memory in use.
PERFORMANCE: 4710000  averaging 373.839 ns/day, 0.000924462 sec/step with standard deviation 7.05549e-06
ENERGY: 4710000         9.3988        25.5489        15.0962         1.2385         -46624.1563    -85845.3378         0.0000         0.0000      9718.3359        -122699.8757       297.5384   -132418.2117   -122426.6326       297.6704            -55.6173       -46.8624    167191.8220       -44.8780       -44.3115

WRITING EXTENDED SYSTEM TO RESTART FILE AT STEP 4710000
WRITING COORDINATES TO DCD FILE ../output/01_eq_1_CLK.0.dcd AT STEP 4710000
WRITING COORDINATES TO RESTART FILE AT STEP 4710000
FINISHED WRITING RESTART COORDINATES
WRITING VELOCITIES TO RESTART FILE AT STEP 4710000
FINISHED WRITING RESTART VELOCITIES
PRESSURE: 4720000 1441.14 75.559 121.951 75.5589 -1933.1 -162.119 121.952 -162.118 -145.381
GPRESSURE: 4720000 1450.94 135.593 145.551 107.454 -1983.43 -167.824 3.04514 -165.783 -112.614
PRESSAVG: 4720000 2016 -6.67044 30.1994 -6.67044 -2164.11 -72.4365 30.1994 -72.4365 -126.837
GPRESSAVG: 4720000 2019.61 -5.77996 44.882 -2.8986 -2171.85 -79.76 10.3982 -63.6469 -121.368
TIMING: 4720000  CPU: 4363.04, 0.000915476/step  Wall: 4363.39, 0.000915548/step, 377.479 ns/days, 0.0712093 hours remaining, 0.000000 MB of memory in use.
PERFORMANCE: 4720000  averaging 373.847 ns/day, 0.000924443 sec/step with standard deviation 7.05993e-06
ENERGY: 4720000         6.3300        32.5518        14.6766         0.8327         -46220.6973    -85965.2514         0.0000         0.0000      9743.6470        -122387.9105       298.3133   -132131.5576   -122404.5343       297.7338           -212.4444      -215.0352    167323.4820       -91.6499       -91.2013

WRITING EXTENDED SYSTEM TO RESTART FILE AT STEP 4720000
WRITING COORDINATES TO DCD FILE ../output/01_eq_1_CLK.0.dcd AT STEP 4720000
WRITING COORDINATES TO RESTART FILE AT STEP 4720000
FINISHED WRITING RESTART COORDINATES
WRITING VELOCITIES TO RESTART FILE AT STEP 4720000
FINISHED WRITING RESTART VELOCITIES
PRESSURE: 4730000 1830.08 536.006 273.601 536.004 -1875.95 -384.998 273.601 -384.997 -438.076
GPRESSURE: 4730000 1820.77 554.112 266.388 481.625 -1829.59 -496.488 299.832 -193.179 -477.69
PRESSAVG: 4730000 2008.01 35.492 57.1026 35.492 -2144.2 -89.6438 57.1026 -89.6438 -117.323
GPRESSAVG: 4730000 2011.78 32.6022 69.244 47.0769 -2149.06 -101.126 37.2904 -72.3636 -115.032
TIMING: 4730000  CPU: 4372.24, 0.000919777/step  Wall: 4372.59, 0.000919807/step, 375.731 ns/days, 0.0689856 hours remaining, 0.000000 MB of memory in use.
PERFORMANCE: 4730000  averaging 373.851 ns/day, 0.000924433 sec/step with standard deviation 7.05566e-06
ENERGY: 4730000        14.4973        28.7734        20.3722         0.7848         -46136.2807    -85943.5017         0.0000         0.0000      9737.9315        -122277.4232       298.1383   -132015.3547   -122393.8713       297.8959           -161.3151      -162.1711    166852.8459       -84.5045       -84.1051

WRITING EXTENDED SYSTEM TO RESTART FILE AT STEP 4730000
WRITING COORDINATES TO DCD FILE ../output/01_eq_1_CLK.0.dcd AT STEP 4730000
WRITING COORDINATES TO RESTART FILE AT STEP 4730000
FINISHED WRITING RESTART COORDINATES
WRITING VELOCITIES TO RESTART FILE AT STEP 4730000
FINISHED WRITING RESTART VELOCITIES
PRESSURE: 4740000 2248.07 -50.5306 219.337 -50.5297 -1645.68 -327.451 219.338 -327.451 -414.602
GPRESSURE: 4740000 2291.19 -145.623 165.253 -9.25677 -1653.43 -353.986 273.756 -343.133 -456.341
PRESSAVG: 4740000 2047.63 37.4777 61.6592 37.4777 -2112.94 -88.4489 61.6592 -88.4489 -149.611
GPRESSAVG: 4740000 2054.88 29.3161 70.2522 47.0897 -2118.04 -101.253 48.8095 -72.668 -150.632
TIMING: 4740000  CPU: 4381.42, 0.000918253/step  Wall: 4381.77, 0.000918415/step, 376.301 ns/days, 0.06633 hours remaining, 0.000000 MB of memory in use.
PERFORMANCE: 4740000  averaging 373.856 ns/day, 0.00092442 sec/step with standard deviation 7.05362e-06
ENERGY: 4740000        13.3943        33.2402        14.0344         2.4442         -46296.7311    -85903.6543         0.0000         0.0000      9633.4244        -122503.8478       294.9387   -132137.2722   -122407.7762       297.6795             62.5972        60.4735    167431.4360       -71.6400       -71.2643

WRITING EXTENDED SYSTEM TO RESTART FILE AT STEP 4740000
WRITING COORDINATES TO DCD FILE ../output/01_eq_1_CLK.0.dcd AT STEP 4740000
WRITING COORDINATES TO RESTART FILE AT STEP 4740000
FINISHED WRITING RESTART COORDINATES
WRITING VELOCITIES TO RESTART FILE AT STEP 4740000
FINISHED WRITING RESTART VELOCITIES
PRESSURE: 4750000 2000.07 -187.57 -112.641 -187.571 -2128.2 253.505 -112.64 253.504 -584.318
GPRESSURE: 4750000 2031.25 -120.417 -113.34 -179.376 -2082.38 218.651 -99.5176 334.27 -686.582
PRESSAVG: 4750000 2052.7 7.71665 37.3553 7.71665 -2114.47 -66.0917 37.3553 -66.0917 -210.321
GPRESSAVG: 4750000 2060.29 13.2789 43.9496 12.9951 -2115.47 -79.9229 30.4907 -44.5998 -217.711
TIMING: 4750000  CPU: 4390.6, 0.000918415/step  Wall: 4390.96, 0.000918534/step, 376.252 ns/days, 0.0637871 hours remaining, 0.000000 MB of memory in use.
PERFORMANCE: 4750000  averaging 373.861 ns/day, 0.000924408 sec/step with standard deviation 7.05135e-06
ENERGY: 4750000         8.3794        33.1325        16.2988         1.0523         -46137.6645    -86029.9396         0.0000         0.0000      9866.5859        -122242.1553       302.0772   -132108.7412   -122420.5121       297.7477           -237.4824      -245.9049    167337.5917       -90.6976       -90.9637

WRITING EXTENDED SYSTEM TO RESTART FILE AT STEP 4750000
WRITING COORDINATES TO DCD FILE ../output/01_eq_1_CLK.0.dcd AT STEP 4750000
WRITING COORDINATES TO RESTART FILE AT STEP 4750000
FINISHED WRITING RESTART COORDINATES
WRITING VELOCITIES TO RESTART FILE AT STEP 4750000
FINISHED WRITING RESTART VELOCITIES
PRESSURE: 4760000 2908.22 -179.815 13.2993 -179.814 -1666.21 -184.797 13.2975 -184.795 528.526
GPRESSURE: 4760000 2930.58 -213.258 51.5929 -196.701 -1683.09 -215.054 -8.27212 -177.455 532.148
PRESSAVG: 4760000 2095.47 3.63153 37.3702 3.63153 -2091.11 -66.5262 37.3702 -66.5262 -167.803
GPRESSAVG: 4760000 2099.97 7.56252 46.4988 9.02493 -2090.7 -80.2421 30.3478 -42.8314 -172.888
TIMING: 4760000  CPU: 4399.79, 0.000918472/step  Wall: 4400.14, 0.000918519/step, 376.258 ns/days, 0.0612346 hours remaining, 0.000000 MB of memory in use.
PERFORMANCE: 4760000  averaging 373.866 ns/day, 0.000924396 sec/step with standard deviation 7.04909e-06
ENERGY: 4760000         7.1806        24.6154        14.9514         1.6184         -46369.7422    -85864.9772         0.0000         0.0000      9717.0530        -122469.3006       297.4991   -132186.3536   -122420.2646       297.6719            590.1784       593.2156    167622.7115       -54.4827       -54.5385

WRITING EXTENDED SYSTEM TO RESTART FILE AT STEP 4760000
WRITING COORDINATES TO DCD FILE ../output/01_eq_1_CLK.0.dcd AT STEP 4760000
WRITING COORDINATES TO RESTART FILE AT STEP 4760000
FINISHED WRITING RESTART COORDINATES
WRITING VELOCITIES TO RESTART FILE AT STEP 4760000
FINISHED WRITING RESTART VELOCITIES
PRESSURE: 4770000 2203.81 61.576 236.917 61.5758 -2321.48 307.425 236.916 307.426 -316.404
GPRESSURE: 4770000 2190.31 166.443 149.676 44.7015 -2334.11 395.513 210.022 251.036 -284.818
PRESSAVG: 4770000 2109.57 6.59342 50.2169 6.59342 -2097.05 -55.1047 50.2169 -55.1047 -156.591
GPRESSAVG: 4770000 2111.92 16.6028 57.1767 17.5637 -2095.2 -64.1153 45.5626 -33.4646 -160.804
TIMING: 4770000  CPU: 4409, 0.000921678/step  Wall: 4409.36, 0.000921668/step, 374.972 ns/days, 0.0588843 hours remaining, 0.000000 MB of memory in use.
PERFORMANCE: 4770000  averaging 373.868 ns/day, 0.00092439 sec/step with standard deviation 7.04279e-06
ENERGY: 4770000         9.9792        37.6839        12.4269         1.0383         -46209.4159    -85947.5459         0.0000         0.0000      9814.2157        -122281.6180       300.4738   -132095.8336   -122413.6940       297.7183           -144.6913      -142.8725    167391.2257       -48.0223       -48.0298

WRITING EXTENDED SYSTEM TO RESTART FILE AT STEP 4770000
WRITING COORDINATES TO DCD FILE ../output/01_eq_1_CLK.0.dcd AT STEP 4770000
WRITING COORDINATES TO RESTART FILE AT STEP 4770000
FINISHED WRITING RESTART COORDINATES
WRITING VELOCITIES TO RESTART FILE AT STEP 4770000
FINISHED WRITING RESTART VELOCITIES
PRESSURE: 4780000 2559.77 -346.895 -694.769 -346.895 -2167.56 -219.838 -694.772 -219.837 -169.58
GPRESSURE: 4780000 2504.33 -373.991 -646.706 -230.351 -2193.98 -320.547 -759.845 -160.19 -87.5108
PRESSAVG: 4780000 2100.7 -10.073 4.0381 -10.073 -2118.29 -61.6843 4.0381 -61.6843 -200.782
GPRESSAVG: 4780000 2095.26 -0.282363 15.1751 7.23832 -2114.19 -78.8278 -9.21155 -34.1628 -199.007
TIMING: 4780000  CPU: 4418.2, 0.000919915/step  Wall: 4418.56, 0.000920172/step, 375.582 ns/days, 0.0562327 hours remaining, 0.000000 MB of memory in use.
PERFORMANCE: 4780000  averaging 373.872 ns/day, 0.000924381 sec/step with standard deviation 7.03805e-06
ENERGY: 4780000         8.7521        30.9964        15.8307         1.4476         -46330.2532    -85802.2055         0.0000         0.0000      9728.0459        -122347.3860       297.8356   -132075.4319   -122415.1668       297.8615             74.2103        74.2795    167553.8949       -72.7891       -72.6433

WRITING EXTENDED SYSTEM TO RESTART FILE AT STEP 4780000
WRITING COORDINATES TO DCD FILE ../output/01_eq_1_CLK.0.dcd AT STEP 4780000
WRITING COORDINATES TO RESTART FILE AT STEP 4780000
FINISHED WRITING RESTART COORDINATES
WRITING VELOCITIES TO RESTART FILE AT STEP 4780000
FINISHED WRITING RESTART VELOCITIES
PRESSURE: 4790000 2843.41 -214.193 115.197 -214.191 -1366.07 -36.2232 115.2 -36.224 -113.714
GPRESSURE: 4790000 2808.84 -353.241 208.226 -78.355 -1333.9 117.645 126.394 -60.7254 -109.74
PRESSAVG: 4790000 2122.52 -11.857 18.2114 -11.857 -2067.98 -64.2481 18.2114 -64.2481 -197.741
GPRESSAVG: 4790000 2118.46 -11.0427 31.4861 13.159 -2063.11 -71.1992 6.45644 -38.5001 -197.744
TIMING: 4790000  CPU: 4427.38, 0.000917779/step  Wall: 4427.74, 0.000917744/step, 376.576 ns/days, 0.0535351 hours remaining, 0.000000 MB of memory in use.
PERFORMANCE: 4790000  averaging 373.877 ns/day, 0.000924367 sec/step with standard deviation 7.03722e-06
ENERGY: 4790000         3.2374        31.0569        17.2783         1.3330         -46426.6486    -85876.5627         0.0000         0.0000      9671.0580        -122579.2477       296.0909   -132250.3057   -122435.0757       297.4601            454.5394       455.0658    166606.3002       -47.7312       -47.4633

WRITING EXTENDED SYSTEM TO RESTART FILE AT STEP 4790000
WRITING COORDINATES TO DCD FILE ../output/01_eq_1_CLK.0.dcd AT STEP 4790000
WRITING COORDINATES TO RESTART FILE AT STEP 4790000
FINISHED WRITING RESTART COORDINATES
WRITING VELOCITIES TO RESTART FILE AT STEP 4790000
FINISHED WRITING RESTART VELOCITIES
PRESSURE: 4800000 2051.91 18.9299 42.9539 18.9298 -2322 -41.5751 42.9525 -41.5743 45.2306
GPRESSURE: 4800000 2082.37 45.2961 48.036 -19.2535 -2374.66 0.31131 94.1349 -170.337 52.3458
PRESSAVG: 4800000 2090.34 -10.6656 30.5655 -10.6656 -2093.09 -80.5059 30.5655 -80.5059 -204.87
GPRESSAVG: 4800000 2091.08 -8.77395 42.342 7.15991 -2092.37 -85.943 20.064 -63.7127 -205.72
TIMING: 4800000  CPU: 4436.57, 0.000918978/step  Wall: 4436.93, 0.000919055/step, 376.038 ns/days, 0.0510586 hours remaining, 0.000000 MB of memory in use.
PERFORMANCE: 4800000  averaging 373.882 ns/day, 0.000924356 sec/step with standard deviation 7.03405e-06
ETITLE:      TS           BOND          ANGLE          DIHED          IMPRP               ELECT            VDW       BOUNDARY           MISC        KINETIC               TOTAL           TEMP      POTENTIAL       TOTALAVG        TEMPAVG            PRESSURE      GPRESSURE         VOLUME       PRESSAVG      GPRESSAVG

ENERGY: 4800000         9.8704        41.9147        15.1015         1.7521         -46397.9344    -85894.0593         0.0000         0.0000      9744.4288        -122478.9261       298.3372   -132223.3549   -122436.2271       297.6226            -74.9520       -79.9805    166624.6384       -69.2080       -69.0035

WRITING EXTENDED SYSTEM TO RESTART FILE AT STEP 4800000
WRITING COORDINATES TO DCD FILE ../output/01_eq_1_CLK.0.dcd AT STEP 4800000
WRITING COORDINATES TO RESTART FILE AT STEP 4800000
FINISHED WRITING RESTART COORDINATES
WRITING VELOCITIES TO RESTART FILE AT STEP 4800000
FINISHED WRITING RESTART VELOCITIES
PRESSURE: 4810000 2111.69 -197.205 -77.5737 -197.206 -2093.83 -78.869 -77.5757 -78.8694 88.5031
GPRESSURE: 4810000 2123.6 -165.072 -4.27904 -348.978 -2051.19 14.792 -117.78 -148.388 37.9367
PRESSAVG: 4810000 2101.93 -29.0947 29.3732 -29.0947 -2087.53 -79.7025 29.3732 -79.7025 -228.155
GPRESSAVG: 4810000 2102.26 -27.6533 45.4236 -15.5889 -2084.57 -79.1219 8.94401 -71.9105 -231.591
TIMING: 4810000  CPU: 4445.8, 0.000922979/step  Wall: 4446.16, 0.000923015/step, 374.425 ns/days, 0.0487147 hours remaining, 0.000000 MB of memory in use.
PERFORMANCE: 4810000  averaging 373.883 ns/day, 0.000924353 sec/step with standard deviation 7.02699e-06
ENERGY: 4810000         5.8228        38.0508        13.0908         1.0934         -46110.7499    -86044.6244         0.0000         0.0000      9720.9774        -122376.3389       297.6192   -132097.3164   -122436.9322       297.5487             35.4547        36.7811    167541.0726       -71.2526       -71.2998

WRITING EXTENDED SYSTEM TO RESTART FILE AT STEP 4810000
WRITING COORDINATES TO DCD FILE ../output/01_eq_1_CLK.0.dcd AT STEP 4810000
WRITING COORDINATES TO RESTART FILE AT STEP 4810000
FINISHED WRITING RESTART COORDINATES
WRITING VELOCITIES TO RESTART FILE AT STEP 4810000
FINISHED WRITING RESTART VELOCITIES
PRESSURE: 4820000 1919.6 -230.877 442.576 -230.877 -2357.26 300.12 442.574 300.12 570.854
GPRESSURE: 4820000 1890.14 -233.031 470 -234.946 -2311.74 437.969 377.705 118.629 558.247
PRESSAVG: 4820000 2109.24 -34.6463 71.9655 -34.6463 -2098.99 -50.7104 71.9655 -50.7104 -207.24
GPRESSAVG: 4820000 2107.35 -29.2041 87.7434 -27.6909 -2092.26 -41.1279 50.1011 -54.1849 -211.745
TIMING: 4820000  CPU: 4455.02, 0.000921524/step  Wall: 4455.38, 0.000921648/step, 374.981 ns/days, 0.0460824 hours remaining, 0.000000 MB of memory in use.
PERFORMANCE: 4820000  averaging 373.885 ns/day, 0.000924348 sec/step with standard deviation 7.02076e-06
ENERGY: 4820000         6.9345        32.8475        17.5359         0.4494         -46316.1504    -85839.2710         0.0000         0.0000      9718.4756        -122379.1787       297.5426   -132097.6542   -122438.7970       297.4301             44.3955        45.5510    166820.3402       -65.6636       -65.5524

WRITING EXTENDED SYSTEM TO RESTART FILE AT STEP 4820000
WRITING COORDINATES TO DCD FILE ../output/01_eq_1_CLK.0.dcd AT STEP 4820000
WRITING COORDINATES TO RESTART FILE AT STEP 4820000
FINISHED WRITING RESTART COORDINATES
WRITING VELOCITIES TO RESTART FILE AT STEP 4820000
FINISHED WRITING RESTART VELOCITIES
PRESSURE: 4830000 2161.94 40.9935 168.018 40.9941 -2149.29 83.449 168.017 83.4474 -204.961
GPRESSURE: 4830000 2150.02 168.844 110.732 -65.0176 -2129.64 69.7159 200.206 128.529 -197.711
PRESSAVG: 4830000 2122.22 -44.5098 74.5052 -44.5098 -2066.49 -61.003 74.5052 -61.003 -164.038
GPRESSAVG: 4830000 2117.34 -31.7891 85.5897 -53.1289 -2059.6 -56.5618 55.4978 -65.1157 -165.843
TIMING: 4830000  CPU: 4464.23, 0.000921176/step  Wall: 4464.59, 0.000921173/step, 375.174 ns/days, 0.0434998 hours remaining, 0.000000 MB of memory in use.
PERFORMANCE: 4830000  averaging 373.888 ns/day, 0.000924341 sec/step with standard deviation 7.01496e-06
ENERGY: 4830000        13.7013        30.7144        18.9491         3.0997         -46157.2780    -85911.8423         0.0000         0.0000      9741.8074        -122260.8482       298.2570   -132002.6557   -122428.3013       297.4932            -64.1019       -59.1097    166539.7672       -36.1030       -36.0320

WRITING EXTENDED SYSTEM TO RESTART FILE AT STEP 4830000
WRITING COORDINATES TO DCD FILE ../output/01_eq_1_CLK.0.dcd AT STEP 4830000
WRITING COORDINATES TO RESTART FILE AT STEP 4830000
FINISHED WRITING RESTART COORDINATES
WRITING VELOCITIES TO RESTART FILE AT STEP 4830000
FINISHED WRITING RESTART VELOCITIES
PRESSURE: 4840000 1748.35 -30.3492 -64.6818 -30.3504 -2561.35 -52.8266 -64.6813 -52.8277 366.894
GPRESSURE: 4840000 1741.15 140.414 -203.018 -163.721 -2554.7 32.34 -43.5988 -114.096 364.257
PRESSAVG: 4840000 2080.76 -39.3877 58.4095 -39.3877 -2097.17 -72.3586 58.4095 -72.3586 -153.273
GPRESSAVG: 4840000 2079.47 -18.3816 68.8045 -56.1845 -2090.61 -57.7286 39.0256 -82.8464 -159.398
TIMING: 4840000  CPU: 4473.43, 0.000920527/step  Wall: 4473.8, 0.000920759/step, 375.343 ns/days, 0.0409226 hours remaining, 0.000000 MB of memory in use.
PERFORMANCE: 4840000  averaging 373.891 ns/day, 0.000924334 sec/step with standard deviation 7.00959e-06
ENERGY: 4840000         8.2994        27.8162        15.9210         1.0727         -46270.5823    -85764.8146         0.0000         0.0000      9738.2708        -122244.0167       298.1487   -131982.2875   -122415.8032       297.5548           -148.7009      -149.7647    167576.5189       -56.5621       -56.8467

WRITING EXTENDED SYSTEM TO RESTART FILE AT STEP 4840000
WRITING COORDINATES TO DCD FILE ../output/01_eq_1_CLK.0.dcd AT STEP 4840000
WRITING COORDINATES TO RESTART FILE AT STEP 4840000
FINISHED WRITING RESTART COORDINATES
WRITING VELOCITIES TO RESTART FILE AT STEP 4840000
FINISHED WRITING RESTART VELOCITIES
PRESSURE: 4850000 3046.72 -98.3555 30.2106 -98.3534 -2016.9 86.3486 30.2109 86.3494 794.474
GPRESSURE: 4850000 3058.32 -59.5608 -37.6072 -141.61 -2037.99 101.425 210.343 169.461 802.238
PRESSAVG: 4850000 2136.46 -43.1287 69.8118 -43.1287 -2083.19 -60.8677 69.8118 -60.8677 -110.487
GPRESSAVG: 4850000 2137.79 -23.8015 74.8452 -60.3089 -2077.15 -44.5781 60.35 -74.3789 -118.738
TIMING: 4850000  CPU: 4482.65, 0.000921762/step  Wall: 4483.01, 0.000921822/step, 374.91 ns/days, 0.0384092 hours remaining, 0.000000 MB of memory in use.
PERFORMANCE: 4850000  averaging 373.893 ns/day, 0.000924329 sec/step with standard deviation 7.00327e-06
ENERGY: 4850000         6.6230        37.8470        19.6462         0.0994         -46222.2833    -85902.3704         0.0000         0.0000      9655.8726        -122404.5655       295.6260   -132060.4381   -122416.9461       297.3998            608.1007       607.5244    166178.0445       -19.0719       -19.3658

WRITING EXTENDED SYSTEM TO RESTART FILE AT STEP 4850000
WRITING COORDINATES TO DCD FILE ../output/01_eq_1_CLK.0.dcd AT STEP 4850000
WRITING COORDINATES TO RESTART FILE AT STEP 4850000
FINISHED WRITING RESTART COORDINATES
WRITING VELOCITIES TO RESTART FILE AT STEP 4850000
FINISHED WRITING RESTART VELOCITIES
PRESSURE: 4860000 1455.54 -307.025 52.522 -307.026 -2481.68 -407.12 52.522 -407.12 -495.175
GPRESSURE: 4860000 1505.17 -329.966 20.8528 -477.79 -2517.73 -403.326 90.5069 -380.506 -509.719
PRESSAVG: 4860000 2099.67 -69.6575 78.604 -69.6575 -2108.14 -77.69 78.604 -77.69 -126.583
GPRESSAVG: 4860000 2101.47 -53.1206 80.7122 -96.9514 -2104.59 -64.7579 71.9844 -87.8879 -133.8
TIMING: 4860000  CPU: 4491.87, 0.000922282/step  Wall: 4492.24, 0.000922222/step, 374.747 ns/days, 0.0358642 hours remaining, 0.000000 MB of memory in use.
PERFORMANCE: 4860000  averaging 373.895 ns/day, 0.000924324 sec/step with standard deviation 6.9967e-06
ENERGY: 4860000        11.5402        29.2701        13.3592         0.5071         -46130.3192    -85926.8040         0.0000         0.0000      9767.0742        -122235.3725       299.0305   -132002.4467   -122408.0575       297.5632           -507.1066      -507.4284    168155.5537       -45.0170       -45.6392

WRITING EXTENDED SYSTEM TO RESTART FILE AT STEP 4860000
WRITING COORDINATES TO DCD FILE ../output/01_eq_1_CLK.0.dcd AT STEP 4860000
WRITING COORDINATES TO RESTART FILE AT STEP 4860000
FINISHED WRITING RESTART COORDINATES
WRITING VELOCITIES TO RESTART FILE AT STEP 4860000
FINISHED WRITING RESTART VELOCITIES
PRESSURE: 4870000 2302.82 -300.991 -196.444 -300.988 -1778.97 -208.437 -196.446 -208.438 493.168
GPRESSURE: 4870000 2280.47 -369.378 -93.6823 -280.42 -1857.97 -160.724 -248.482 -252.393 599.002
PRESSAVG: 4870000 2077.24 -76.9338 70.4152 -76.9338 -2083.26 -77.6568 70.4152 -77.6568 -65.0134
GPRESSAVG: 4870000 2079.3 -67.2327 78.1015 -101.773 -2083.47 -68.3341 61.5528 -85.9076 -68.8074
TIMING: 4870000  CPU: 4501.1, 0.000922373/step  Wall: 4501.46, 0.000922441/step, 374.658 ns/days, 0.0333104 hours remaining, 0.000000 MB of memory in use.
PERFORMANCE: 4870000  averaging 373.896 ns/day, 0.00092432 sec/step with standard deviation 6.99002e-06
ENERGY: 4870000         8.3814        35.0660        16.4381         0.4045         -46254.3140    -85946.3242         0.0000         0.0000      9750.5826        -122389.7655       298.5256   -132140.3481   -122400.5616       297.6305            339.0054       340.5029    166567.9865       -23.6773       -24.3276

WRITING EXTENDED SYSTEM TO RESTART FILE AT STEP 4870000
WRITING COORDINATES TO DCD FILE ../output/01_eq_1_CLK.0.dcd AT STEP 4870000
WRITING COORDINATES TO RESTART FILE AT STEP 4870000
FINISHED WRITING RESTART COORDINATES
WRITING VELOCITIES TO RESTART FILE AT STEP 4870000
FINISHED WRITING RESTART VELOCITIES
PRESSURE: 4880000 2132.94 -422.353 138.892 -422.349 -1691.05 -400.738 138.893 -400.737 300.977
GPRESSURE: 4880000 2100.04 -371.441 109.365 -290.634 -1648.81 -331.795 242.144 -418.377 304.049
PRESSAVG: 4880000 2099.41 -98.244 63.1554 -98.244 -2056.09 -94.5543 63.1554 -94.5543 -29.9191
GPRESSAVG: 4880000 2101.61 -83.3198 71.6581 -112.661 -2051.72 -81.5982 57.1812 -105.149 -37.0107
TIMING: 4880000  CPU: 4510.28, 0.00091837/step  Wall: 4510.64, 0.000918407/step, 376.304 ns/days, 0.0306136 hours remaining, 0.000000 MB of memory in use.
PERFORMANCE: 4880000  averaging 373.901 ns/day, 0.000924308 sec/step with standard deviation 6.98797e-06
ENERGY: 4880000         4.8950        26.0857        20.4496         0.5625         -45922.0426    -86093.7927         0.0000         0.0000      9662.2241        -122301.6184       295.8204   -131963.8425   -122404.2433       297.6334            247.6237       251.7614    168062.9761         4.4641         4.2930

WRITING EXTENDED SYSTEM TO RESTART FILE AT STEP 4880000
WRITING COORDINATES TO DCD FILE ../output/01_eq_1_CLK.0.dcd AT STEP 4880000
WRITING COORDINATES TO RESTART FILE AT STEP 4880000
FINISHED WRITING RESTART COORDINATES
WRITING VELOCITIES TO RESTART FILE AT STEP 4880000
FINISHED WRITING RESTART VELOCITIES
PRESSURE: 4890000 2457.08 -182.62 -301.725 -182.621 -1921.63 268.255 -301.722 268.255 226.46
GPRESSURE: 4890000 2434.53 -169.543 -308.921 -140.996 -1894.7 423.362 -319.428 307.762 203.784
PRESSAVG: 4890000 2109.19 -105.753 40.8838 -105.753 -2058.17 -69.5456 40.8838 -69.5456 -3.01114
GPRESSAVG: 4890000 2108.97 -95.0257 46.6869 -112.432 -2054.56 -48.0964 35.5436 -77.0947 -7.66368
TIMING: 4890000  CPU: 4519.49, 0.000921379/step  Wall: 4519.86, 0.000921388/step, 375.086 ns/days, 0.0281535 hours remaining, 0.000000 MB of memory in use.
PERFORMANCE: 4890000  averaging 373.904 ns/day, 0.000924302 sec/step with standard deviation 6.98205e-06
ENERGY: 4890000         7.8167        26.3783        19.6133         1.9535         -46338.8160    -85939.2635         0.0000         0.0000      9612.7848        -122609.5330       294.3068   -132222.3178   -122410.7909       297.4913            253.9688       247.8687    167547.1923        16.0025        15.5830

WRITING EXTENDED SYSTEM TO RESTART FILE AT STEP 4890000
WRITING COORDINATES TO DCD FILE ../output/01_eq_1_CLK.0.dcd AT STEP 4890000
WRITING COORDINATES TO RESTART FILE AT STEP 4890000
FINISHED WRITING RESTART COORDINATES
WRITING VELOCITIES TO RESTART FILE AT STEP 4890000
FINISHED WRITING RESTART VELOCITIES
PRESSURE: 4900000 2470.16 -38.7431 -29.1631 -38.7435 -1783.25 -213.676 -29.1637 -213.678 124.833
GPRESSURE: 4900000 2451.5 182.616 39.2603 -141.035 -1720.6 -167.825 -122.053 -176.523 85.4792
PRESSAVG: 4900000 2165.84 -98.4995 24.6844 -98.4995 -2006.95 -78.592 24.6844 -78.592 47.2399
GPRESSAVG: 4900000 2166.75 -78.9307 28.6421 -111.265 -2002.44 -51.7737 20.4324 -83.0761 42.0898
TIMING: 4900000  CPU: 4528.73, 0.000923669/step  Wall: 4529.1, 0.00092367/step, 374.16 ns/days, 0.0256575 hours remaining, 0.000000 MB of memory in use.
PERFORMANCE: 4900000  averaging 373.904 ns/day, 0.000924301 sec/step with standard deviation 6.97497e-06
ETITLE:      TS           BOND          ANGLE          DIHED          IMPRP               ELECT            VDW       BOUNDARY           MISC        KINETIC               TOTAL           TEMP      POTENTIAL       TOTALAVG        TEMPAVG            PRESSURE      GPRESSURE         VOLUME       PRESSAVG      GPRESSAVG

ENERGY: 4900000         7.2215        25.6949        18.4973         3.1175         -46352.3662    -85794.2915         0.0000         0.0000      9698.6392        -122393.4874       296.9353   -132092.1265   -122393.1208       297.6527            270.5781       272.1240    167393.2579        68.7120        68.8009

WRITING EXTENDED SYSTEM TO RESTART FILE AT STEP 4900000
WRITING COORDINATES TO DCD FILE ../output/01_eq_1_CLK.0.dcd AT STEP 4900000
WRITING COORDINATES TO RESTART FILE AT STEP 4900000
FINISHED WRITING RESTART COORDINATES
WRITING VELOCITIES TO RESTART FILE AT STEP 4900000
FINISHED WRITING RESTART VELOCITIES
PRESSURE: 4910000 1627.07 28.5591 -107.436 28.5596 -2168.13 -46.533 -107.437 -46.5329 -611.215
GPRESSURE: 4910000 1586.4 79.2408 -84.9057 -60.718 -2095.11 -42.5781 -76.1723 -33.1908 -652.096
PRESSAVG: 4910000 2176.02 -101.295 13.5518 -101.295 -2021.48 -73.305 13.5518 -73.305 2.32462
GPRESSAVG: 4910000 2171.6 -71.5982 14.6236 -121.269 -2014.44 -42.4212 16.647 -74.2296 -1.7667
TIMING: 4910000  CPU: 4537.95, 0.000921772/step  Wall: 4538.31, 0.000921849/step, 374.899 ns/days, 0.0230462 hours remaining, 0.000000 MB of memory in use.
PERFORMANCE: 4910000  averaging 373.906 ns/day, 0.000924296 sec/step with standard deviation 6.96873e-06
ENERGY: 4910000         7.3282        24.4880        17.4274         0.5671         -46108.0389    -86059.4184         0.0000         0.0000      9743.8824        -122373.7641       298.3205   -132117.6466   -122376.8152       297.6918           -384.0902      -386.9358    166815.1379        52.2884        51.7973

WRITING EXTENDED SYSTEM TO RESTART FILE AT STEP 4910000
WRITING COORDINATES TO DCD FILE ../output/01_eq_1_CLK.0.dcd AT STEP 4910000
WRITING COORDINATES TO RESTART FILE AT STEP 4910000
FINISHED WRITING RESTART COORDINATES
WRITING VELOCITIES TO RESTART FILE AT STEP 4910000
FINISHED WRITING RESTART VELOCITIES
PRESSURE: 4920000 2093 411.798 338.457 411.8 -1664.79 -461.781 338.455 -461.782 -633.292
GPRESSURE: 4920000 2149.66 319.938 359.596 443.934 -1651.26 -656.558 403.716 -357.899 -703.404
PRESSAVG: 4920000 2208.61 -84.4826 24.377 -84.4826 -2008.06 -88.2881 24.377 -88.2881 -22.071
GPRESSAVG: 4920000 2206.53 -62.3809 25.3259 -104.445 -1997.83 -66.8578 36.6806 -83.8354 -31.3062
TIMING: 4920000  CPU: 4547.14, 0.000919173/step  Wall: 4547.51, 0.000919202/step, 375.978 ns/days, 0.0204267 hours remaining, 0.000000 MB of memory in use.
PERFORMANCE: 4920000  averaging 373.91 ns/day, 0.000924286 sec/step with standard deviation 6.96541e-06
ENERGY: 4920000         7.3037        31.3125        16.7279         4.8368         -46405.8461    -85850.6417         0.0000         0.0000      9729.5222        -122466.7846       297.8808   -132196.3068   -122380.7589       297.6702            -68.3605       -68.3340    167236.1374        59.4926        59.1323

WRITING EXTENDED SYSTEM TO RESTART FILE AT STEP 4920000
WRITING COORDINATES TO DCD FILE ../output/01_eq_1_CLK.0.dcd AT STEP 4920000
WRITING COORDINATES TO RESTART FILE AT STEP 4920000
FINISHED WRITING RESTART COORDINATES
WRITING VELOCITIES TO RESTART FILE AT STEP 4920000
FINISHED WRITING RESTART VELOCITIES
PRESSURE: 4930000 2679.88 230.254 316.875 230.253 -1459.44 -166.436 316.877 -166.432 365.763
GPRESSURE: 4930000 2725.43 141.031 239.99 284.708 -1462.57 -172.141 369.542 -106.106 312.844
PRESSAVG: 4930000 2251.1 -99.7701 26.5408 -99.7701 -1987.24 -77.3599 26.5408 -77.3599 18.121
GPRESSAVG: 4930000 2251.76 -83.035 24.006 -114.291 -1979.48 -50.6405 40.1661 -79.4817 8.22047
TIMING: 4930000  CPU: 4556.34, 0.000920373/step  Wall: 4556.71, 0.00092035/step, 375.509 ns/days, 0.0178957 hours remaining, 0.000000 MB of memory in use.
PERFORMANCE: 4930000  averaging 373.914 ns/day, 0.000924278 sec/step with standard deviation 6.96059e-06
ENERGY: 4930000         9.4324        28.5757        15.4974         1.2028         -46401.5191    -85921.3164         0.0000         0.0000      9834.5232        -122433.6040       301.0956   -132268.1272   -122388.5680       297.8181            528.7342       525.2344    166276.5234        93.9950        93.5026

WRITING EXTENDED SYSTEM TO RESTART FILE AT STEP 4930000
WRITING COORDINATES TO DCD FILE ../output/01_eq_1_CLK.0.dcd AT STEP 4930000
WRITING COORDINATES TO RESTART FILE AT STEP 4930000
FINISHED WRITING RESTART COORDINATES
WRITING VELOCITIES TO RESTART FILE AT STEP 4930000
FINISHED WRITING RESTART VELOCITIES
PRESSURE: 4940000 1983.63 236.309 53.4407 236.307 -1748.21 -162.453 53.4405 -162.455 -145.898
GPRESSURE: 4940000 2010.53 266.564 -12.7716 204.247 -1786.42 -62.2148 165.876 -242.315 -147.881
PRESSAVG: 4940000 2237.88 -85.4283 18.2459 -85.4283 -1992.37 -69.1101 18.2459 -69.1101 31.5562
GPRESSAVG: 4940000 2237.73 -62.4256 15.1048 -103.616 -1986.13 -36.0519 34.7721 -74.4408 23.6434
TIMING: 4940000  CPU: 4565.54, 0.000919775/step  Wall: 4565.91, 0.00091982/step, 375.726 ns/days, 0.0153303 hours remaining, 0.000000 MB of memory in use.
PERFORMANCE: 4940000  averaging 373.917 ns/day, 0.000924269 sec/step with standard deviation 6.95642e-06
ENERGY: 4940000         7.3563        31.4227        19.1625         2.0265         -46065.4704    -85981.1659         0.0000         0.0000      9699.0575        -122287.6108       296.9481   -131986.6683   -122377.7561       297.9185             29.8401        25.4079    166682.5260        92.3572        91.7493

WRITING EXTENDED SYSTEM TO RESTART FILE AT STEP 4940000
WRITING COORDINATES TO DCD FILE ../output/01_eq_1_CLK.0.dcd AT STEP 4940000
WRITING COORDINATES TO RESTART FILE AT STEP 4940000
FINISHED WRITING RESTART COORDINATES
WRITING VELOCITIES TO RESTART FILE AT STEP 4940000
FINISHED WRITING RESTART VELOCITIES
PRESSURE: 4950000 1655.08 114.2 350.81 114.199 -2355.31 -64.9868 350.811 -64.9851 -191.802
GPRESSURE: 4950000 1711.96 199.434 287.608 90.1489 -2357.28 3.66785 396.812 -108.187 -254.094
PRESSAVG: 4950000 2220.63 -70.3398 41.4184 -70.3398 -2003.72 -85.0345 41.4184 -85.0345 51.182
GPRESSAVG: 4950000 2221.77 -46.4331 35.1522 -90.1394 -1999.87 -46.8011 59.5886 -96.5636 45.2679
TIMING: 4950000  CPU: 4574.74, 0.000919578/step  Wall: 4575.1, 0.000919584/step, 375.822 ns/days, 0.012772 hours remaining, 0.000000 MB of memory in use.
PERFORMANCE: 4950000  averaging 373.921 ns/day, 0.000924259 sec/step with standard deviation 6.95256e-06
ENERGY: 4950000         5.6125        31.0284        19.3041         1.4269         -46218.4524    -86011.3985         0.0000         0.0000      9689.2316        -122483.2474       296.6473   -132172.4790   -122389.8107       297.6471           -297.3455      -299.8061    167361.6170        89.3640        89.0543

WRITING EXTENDED SYSTEM TO RESTART FILE AT STEP 4950000
WRITING COORDINATES TO DCD FILE ../output/01_eq_1_CLK.0.dcd AT STEP 4950000
WRITING COORDINATES TO RESTART FILE AT STEP 4950000
FINISHED WRITING RESTART COORDINATES
WRITING VELOCITIES TO RESTART FILE AT STEP 4950000
FINISHED WRITING RESTART VELOCITIES
PRESSURE: 4960000 1739.18 300.608 297.981 300.609 -2306.71 -276.121 297.979 -276.121 221.522
GPRESSURE: 4960000 1783.17 426.667 294.525 308.745 -2277.8 -353.907 243.77 -197.476 157.789
PRESSAVG: 4960000 2162.18 -46.3186 55.6525 -46.3186 -2035.75 -89.6008 55.6525 -89.6008 35.8318
GPRESSAVG: 4960000 2164.4 -14.4369 47.2988 -64.8671 -2029.61 -53.7437 72.1907 -97.5646 26.5499
TIMING: 4960000  CPU: 4583.92, 0.00091854/step  Wall: 4584.29, 0.000918711/step, 376.179 ns/days, 0.0102079 hours remaining, 0.000000 MB of memory in use.
PERFORMANCE: 4960000  averaging 373.926 ns/day, 0.000924248 sec/step with standard deviation 6.95e-06
ENERGY: 4960000         7.3714        33.2865        13.4538         1.6397         -46126.3064    -86083.2278         0.0000         0.0000      9892.1320        -122261.6509       302.8593   -132153.7829   -122379.4282       297.9151           -115.3368      -112.2817    167322.9503        54.0883        53.7794

WRITING EXTENDED SYSTEM TO RESTART FILE AT STEP 4960000
WRITING COORDINATES TO DCD FILE ../output/01_eq_1_CLK.0.dcd AT STEP 4960000
WRITING COORDINATES TO RESTART FILE AT STEP 4960000
FINISHED WRITING RESTART COORDINATES
WRITING VELOCITIES TO RESTART FILE AT STEP 4960000
FINISHED WRITING RESTART VELOCITIES
PRESSURE: 4970000 2296.85 60.109 -119.258 60.1103 -1882.44 68.9579 -119.257 68.9602 679.578
GPRESSURE: 4970000 2351.77 45.4598 -95.3284 -77.1537 -1910.32 10.4919 -132.647 17.837 664.775
PRESSAVG: 4970000 2166.83 -46.3919 37.8439 -46.3919 -2013.79 -101.524 37.8439 -101.524 85.6309
GPRESSAVG: 4970000 2172.47 -20.486 35.0486 -70.9599 -2008.42 -72.9948 55.0572 -109.225 74.0295
TIMING: 4970000  CPU: 4593.11, 0.000918857/step  Wall: 4593.48, 0.000918873/step, 376.113 ns/days, 0.00765727 hours remaining, 0.000000 MB of memory in use.
PERFORMANCE: 4970000  averaging 373.93 ns/day, 0.000924237 sec/step with standard deviation 6.94718e-06
ENERGY: 4970000         8.3516        34.4862        17.4921         2.5904         -46472.0233    -85826.6567         0.0000         0.0000      9694.2710        -122541.4888       296.8016   -132235.7598   -122392.4218       297.7315            364.6618       368.7397    167693.1826        79.5559        79.3600

WRITING EXTENDED SYSTEM TO RESTART FILE AT STEP 4970000
WRITING COORDINATES TO DCD FILE ../output/01_eq_1_CLK.0.dcd AT STEP 4970000
WRITING COORDINATES TO RESTART FILE AT STEP 4970000
FINISHED WRITING RESTART COORDINATES
WRITING VELOCITIES TO RESTART FILE AT STEP 4970000
FINISHED WRITING RESTART VELOCITIES
PRESSURE: 4980000 2436.19 -23.8314 222.257 -23.8307 -1511.03 -262.728 222.257 -262.726 -204.444
GPRESSURE: 4980000 2464.88 143.266 254.65 -124.018 -1453.16 -216.977 99.4954 -434.594 -313.411
PRESSAVG: 4980000 2160.65 -30.2387 83.6953 -30.2387 -1980.97 -103.669 83.6953 -103.669 83.8876
GPRESSAVG: 4980000 2170.5 5.37684 80.1164 -65.6432 -1971.38 -67.8163 98.0243 -122.945 62.7345
TIMING: 4980000  CPU: 4602.3, 0.000918712/step  Wall: 4602.67, 0.000918982/step, 376.068 ns/days, 0.00510546 hours remaining, 0.000000 MB of memory in use.
PERFORMANCE: 4980000  averaging 373.934 ns/day, 0.000924227 sec/step with standard deviation 6.94418e-06
ENERGY: 4980000         9.1759        31.5625        16.7474         1.2155         -46434.9183    -85895.2070         0.0000         0.0000      9733.8886        -122537.5353       298.0145   -132271.4239   -122401.9292       297.7404            240.2387       232.7687    166658.2790        87.8573        87.2845

WRITING EXTENDED SYSTEM TO RESTART FILE AT STEP 4980000
WRITING COORDINATES TO DCD FILE ../output/01_eq_1_CLK.0.dcd AT STEP 4980000
WRITING COORDINATES TO RESTART FILE AT STEP 4980000
FINISHED WRITING RESTART COORDINATES
WRITING VELOCITIES TO RESTART FILE AT STEP 4980000
FINISHED WRITING RESTART VELOCITIES
PRESSURE: 4990000 2446.82 66.7844 -12.0958 66.7857 -1825.71 218.631 -12.0942 218.629 654.058
GPRESSURE: 4990000 2456.85 107.674 -109.156 123.518 -1835.18 189.993 -112.115 149.046 663.658
PRESSAVG: 4990000 2140.82 -16.1899 77.3306 -16.1899 -2003.95 -90.9259 77.3306 -90.9259 122.276
GPRESSAVG: 4990000 2152.9 28.4226 64.2473 -55.5496 -1996.44 -64.1989 86.0988 -112.456 101.404
TIMING: 4990000  CPU: 4611.48, 0.000918318/step  Wall: 4611.85, 0.00091846/step, 376.282 ns/days, 0.00255128 hours remaining, 0.000000 MB of memory in use.
PERFORMANCE: 4990000  averaging 373.939 ns/day, 0.000924215 sec/step with standard deviation 6.942e-06
ENERGY: 4990000         6.9079        29.7037        17.3541         0.1964         -46399.3656    -85834.6059         0.0000         0.0000      9736.0564        -122443.7529       298.0809   -132179.8094   -122395.1545       297.8399            425.0572       428.4429    166959.3647        86.3832        85.9533

WRITING EXTENDED SYSTEM TO RESTART FILE AT STEP 4990000
WRITING COORDINATES TO DCD FILE ../output/01_eq_1_CLK.0.dcd AT STEP 4990000
WRITING COORDINATES TO RESTART FILE AT STEP 4990000
FINISHED WRITING RESTART COORDINATES
WRITING VELOCITIES TO RESTART FILE AT STEP 4990000
FINISHED WRITING RESTART VELOCITIES
PRESSURE: 5000000 2547.46 -469.572 -246.289 -469.575 -1805.42 -244.748 -246.292 -244.749 -61.2239
GPRESSURE: 5000000 2509.74 -360.412 -254.786 -392.189 -1692.79 -145.543 -303.312 -246.565 -142.312
PRESSAVG: 5000000 2165.6 -40.6151 62.8684 -40.6151 -1978.12 -101.085 62.8684 -101.085 116.954
GPRESSAVG: 5000000 2174.27 8.13718 49.1062 -74.1964 -1962.35 -71.4916 66.2265 -116.267 91.6715
TIMING: 5000000  CPU: 4620.68, 0.000920229/step  Wall: 4621.06, 0.000920415/step, 375.483 ns/days, 0 hours remaining, 0.000000 MB of memory in use.
PERFORMANCE: 5000000  averaging 373.942 ns/day, 0.000924207 sec/step with standard deviation 6.93712e-06
ETITLE:      TS           BOND          ANGLE          DIHED          IMPRP               ELECT            VDW       BOUNDARY           MISC        KINETIC               TOTAL           TEMP      POTENTIAL       TOTALAVG        TEMPAVG            PRESSURE      GPRESSURE         VOLUME       PRESSAVG      GPRESSAVG

ENERGY: 5000000         8.0297        25.0075        18.1974         0.9524         -46418.5691    -85971.8192         0.0000         0.0000      9746.1747        -122592.0267       298.3907   -132338.2013   -122400.8095       297.8426            226.9375       224.8798    166137.4159       101.4777       101.1963

WRITING EXTENDED SYSTEM TO RESTART FILE AT STEP 5000000
WRITING COORDINATES TO DCD FILE ../output/01_eq_1_CLK.0.dcd AT STEP 5000000
WRITING COORDINATES TO RESTART FILE AT STEP 5000000
FINISHED WRITING RESTART COORDINATES
WRITING VELOCITIES TO RESTART FILE AT STEP 5000000
FINISHED WRITING RESTART VELOCITIES
WRITING EXTENDED SYSTEM TO OUTPUT FILE AT STEP 5000000
CLOSING EXTENDED SYSTEM TRAJECTORY FILE
WRITING COORDINATES TO OUTPUT FILE AT STEP 5000000
CLOSING COORDINATE DCD FILE ../output/01_eq_1_CLK.0.dcd
WRITING VELOCITIES TO OUTPUT FILE AT STEP 5000000
====================================================

WallClock: 4623.150391  CPUTime: 4622.334473  Memory: 0.000000 MB
[Partition 0][Node 0] End of program
