Tiempo	Replica	Distancia_Global	CYS1	TRP4	TRP5	Distancia_Global_Smooth	CYS1_Smooth	TRP4_Smooth	TRP5_Smooth
0.000	R3	12.125	19.920	19.886	21.881	16.424	19.851	20.516	20.894
0.040	R3	14.499	18.821	22.063	25.122	16.169	19.406	20.057	20.672
0.080	R3	16.145	21.470	23.090	23.940	15.870	19.052	19.590	20.501
0.120	R3	18.476	22.322	23.912	23.081	15.469	18.548	18.903	20.335
0.160	R3	18.404	21.591	22.840	21.413	15.163	18.155	18.436	20.345
0.200	R3	19.127	22.473	19.637	19.127	15.016	17.968	18.070	20.402
0.240	R3	17.416	20.155	17.416	18.433	14.848	17.825	17.712	20.317
0.280	R3	17.208	17.543	24.150	18.730	14.539	17.583	17.305	20.022
0.320	R3	15.027	16.218	16.352	18.987	14.260	17.371	16.942	19.642
0.360	R3	15.814	17.998	15.814	18.222	13.963	17.153	16.809	19.476
0.400	R3	13.615	14.952	15.463	18.457	13.565	16.753	16.574	19.271
0.440	R3	12.577	15.156	14.464	18.615	13.344	16.339	16.218	19.077
0.480	R3	10.656	12.499	10.656	18.352	13.037	15.958	15.744	18.737
0.520	R3	11.186	13.048	12.356	20.469	12.696	15.470	15.130	18.439
0.560	R3	12.956	15.360	12.956	21.205	12.317	15.097	14.516	18.213
0.600	R3	12.338	15.667	12.338	19.043	11.703	14.658	13.886	17.947
0.640	R3	9.601	13.723	10.788	15.305	11.181	14.392	13.444	17.803
0.680	R3	9.518	13.772	10.782	13.172	10.748	14.149	13.124	17.591
0.720	R3	8.602	13.227	14.415	16.482	10.300	14.075	12.330	17.357
0.760	R3	6.012	9.151	12.100	15.375	9.964	13.952	11.927	17.039
0.800	R3	7.697	11.644	12.768	18.013	9.532	13.925	11.495	16.768
0.840	R3	8.363	11.199	12.578	18.310	9.241	13.978	11.111	16.545
0.880	R3	9.325	11.709	10.823	17.996	9.003	13.917	10.779	16.416
0.920	R3	10.900	14.859	11.614	18.550	8.910	13.927	10.765	16.363
0.960	R3	6.113	12.802	10.248	16.101	8.793	13.881	10.711	16.291
1.000	R3	8.694	17.151	10.806	16.237	8.485	13.550	10.447	15.981
1.040	R3	8.749	15.311	11.005	14.203	8.161	13.451	10.360	15.703
1.080	R3	8.267	16.053	8.267	14.039	8.040	13.388	10.413	15.787
1.120	R3	8.304	13.768	8.304	12.631	8.178	13.657	10.539	16.133
1.160	R3	7.165	17.442	7.165	12.809	8.296	13.780	10.367	16.296
1.200	R3	7.792	16.020	7.792	13.998	8.587	14.143	10.475	16.630
1.240	R3	7.824	13.937	7.824	16.022	8.719	14.153	10.420	16.742
1.280	R3	8.806	12.692	10.370	17.307	8.839	14.144	10.426	16.844
1.320	R3	8.829	12.138	11.282	19.018	8.614	14.189	10.319	16.680
1.360	R3	6.799	8.738	7.662	15.011	8.339	14.021	10.147	16.537
1.400	R3	5.858	13.691	10.611	13.479	8.292	14.016	9.893	16.414
1.440	R3	7.195	12.450	11.852	16.988	8.137	13.841	9.657	16.135
1.480	R3	12.266	19.149	13.296	20.087	7.943	13.629	9.351	16.000
1.520	R3	10.971	15.698	10.971	19.752	7.792	13.353	9.200	15.758
1.560	R3	11.820	16.400	14.255	22.050	7.630	13.299	9.048	15.487
1.600	R3	10.344	11.850	11.671	20.242	7.515	13.062	8.933	15.278
1.640	R3	10.762	11.022	12.703	20.360	7.359	12.937	8.822	15.028
1.680	R3	4.827	12.605	8.676	14.709	7.225	12.855	8.699	14.647
1.720	R3	5.400	11.496	8.183	15.701	7.041	12.872	8.447	14.217
1.760	R3	5.170	12.718	5.170	13.637	6.839	12.940	8.122	13.751
1.800	R3	5.593	13.649	6.086	10.652	6.788	13.145	8.038	13.420
1.840	R3	4.881	11.065	4.881	11.509	6.740	13.043	7.786	13.197
1.880	R3	5.241	10.540	5.241	9.199	6.673	12.928	7.629	12.834
1.920	R3	5.057	12.670	5.268	7.208	6.291	12.536	7.371	12.274
1.960	R3	4.862	12.704	4.862	8.632	5.983	12.398	7.162	11.786
2.000	R3	4.675	13.525	5.568	8.995	5.656	12.279	6.713	11.136
2.040	R3	5.149	12.294	5.368	8.403	5.394	12.378	6.385	10.605
2.080	R3	5.130	13.044	5.325	8.711	5.125	12.492	6.026	10.051
2.120	R3	4.792	13.497	4.792	9.700	5.148	12.502	5.864	9.759
2.160	R3	5.771	12.827	5.987	8.382	5.118	12.545	5.695	9.407
2.200	R3	4.893	11.654	5.573	9.029	5.132	12.568	5.708	9.244
2.240	R3	5.849	10.161	8.698	9.717	5.123	12.443	5.686	9.094
2.280	R3	4.639	11.302	8.148	8.886	5.130	12.471	5.703	8.891
2.320	R3	4.815	12.947	6.791	9.991	5.091	12.614	5.664	8.839
2.360	R3	5.264	14.007	5.264	9.065	5.092	12.588	5.654	8.868
2.400	R3	5.115	13.829	5.115	9.621	5.123	12.519	5.686	8.898
2.440	R3	5.382	13.303	5.516	9.279	5.140	12.433	5.658	8.832
2.480	R3	5.293	12.808	5.450	8.852	5.141	12.354	5.665	8.782
2.520	R3	4.798	12.352	4.798	8.679	5.145	12.165	5.672	8.663
2.560	R3	5.436	13.177	5.436	10.378	5.151	12.032	5.686	8.585
2.600	R3	5.425	11.148	5.646	7.647	5.085	11.915	5.608	8.509
2.640	R3	5.011	11.626	5.214	7.437	5.083	12.026	5.573	8.522
2.680	R3	4.454	13.415	4.454	8.165	5.006	12.008	5.416	8.408
2.720	R3	5.077	12.146	5.077	7.798	5.035	12.003	5.269	8.280
2.760	R3	5.495	11.319	5.495	9.219	5.051	11.977	5.186	8.110
2.800	R3	5.004	11.796	5.007	7.687	5.036	11.898	5.172	7.916
2.840	R3	5.180	10.718	5.525	7.397	5.009	11.779	5.175	7.696
2.880	R3	5.200	9.274	5.451	6.321	4.934	11.628	5.144	7.427
2.920	R3	4.919	10.839	5.068	8.157	4.919	11.506	5.120	7.256
2.960	R3	4.447	10.484	4.447	6.862	4.910	11.460	5.111	7.091
3.000	R3	4.853	13.869	4.857	9.275	4.895	11.188	5.160	6.830
3.040	R3	4.317	9.796	5.557	7.432	4.828	10.897	5.169	6.652
3.080	R3	5.207	11.204	5.207	6.328	4.786	10.533	5.230	6.488
3.120	R3	5.143	12.432	5.143	6.604	4.783	10.097	5.370	6.300
3.160	R3	4.972	12.430	4.972	5.178	4.749	9.738	5.403	6.129
3.200	R3	4.564	11.448	5.191	5.220	4.674	9.384	5.425	5.868
3.240	R3	3.895	10.275	4.879	3.895	4.629	9.000	5.501	5.691
3.280	R3	4.982	10.363	4.982	5.441	4.579	8.672	5.582	5.553
3.320	R3	4.610	11.441	4.610	5.378	4.541	8.431	5.672	5.474
3.360	R3	5.152	7.732	6.424	5.152	4.454	8.048	5.717	5.259
3.400	R3	4.084	5.326	5.822	4.084	4.353	7.645	5.861	5.127
3.440	R3	4.157	4.364	6.426	4.157	4.258	7.099	6.013	4.896
3.480	R3	4.406	4.685	7.258	4.406	4.178	6.745	6.052	4.724
3.520	R3	4.386	4.958	5.750	4.386	4.088	6.355	6.148	4.623
3.560	R3	3.996	4.241	5.932	3.996	4.057	5.960	6.284	4.525
3.600	R3	4.115	4.115	6.519	4.148	4.034	5.605	6.364	4.491
3.640	R3	4.171	4.171	7.143	4.630	4.022	5.335	6.381	4.446
3.680	R3	4.445	4.445	7.261	4.743	3.991	5.082	6.439	4.416
3.720	R3	3.185	3.185	5.950	3.854	3.929	4.836	6.468	4.330
3.760	R3	2.427	2.427	7.339	4.226	3.856	4.554	6.522	4.219
3.800	R3	2.950	2.950	7.885	4.657	3.743	4.588	6.502	4.106
3.840	R3	2.718	2.718	6.344	3.996	3.715	4.745	6.491	4.078
3.880	R3	3.395	3.395	7.135	4.310	3.665	5.050	6.416	4.028
3.920	R3	4.528	4.528	7.853	4.633	3.643	5.415	6.410	4.007
3.960	R3	4.514	5.337	6.583	4.514	3.667	5.722	6.365	4.036
4.000	R3	4.320	6.039	5.524	4.320	3.652	6.117	6.339	4.022
4.040	R3	3.286	5.223	6.045	3.286	3.648	6.417	6.255	4.016
4.080	R3	3.730	5.443	5.552	3.730	3.622	6.724	6.169	3.967
4.120	R3	3.155	5.804	5.704	3.155	3.647	6.809	6.251	3.977
4.160	R3	2.887	8.411	6.009	2.887	3.734	6.961	6.403	4.031
4.200	R3	3.531	8.461	5.604	3.531	3.835	7.492	6.503	4.042
4.240	R3	3.158	10.466	4.926	3.158	3.930	7.931	6.543	4.052
4.280	R3	3.973	11.977	7.151	3.973	4.030	8.536	6.733	4.087
4.320	R3	4.849	11.103	4.849	4.982	4.107	9.096	6.912	4.119
4.360	R3	3.713	12.145	5.409	3.713	4.128	9.587	6.918	4.134
4.400	R3	4.019	10.106	4.828	4.019	4.143	10.010	7.006	4.149
4.440	R3	3.653	10.322	5.428	3.653	4.150	10.448	7.143	4.157
4.480	R3	4.949	6.132	8.910	4.949	4.233	10.918	7.213	4.239
4.520	R3	4.929	6.226	8.988	4.929	4.282	11.413	7.171	4.293
4.560	R3	4.451	13.046	9.324	4.451	4.359	11.875	7.130	4.370
4.600	R3	4.846	11.729	8.689	4.846	4.443	12.175	7.095	4.453
4.640	R3	4.710	14.834	10.148	4.710	4.513	12.423	7.061	4.532
4.680	R3	4.949	14.595	10.713	4.949	4.609	12.617	7.079	4.628
4.720	R3	4.931	14.348	7.973	4.931	4.635	12.709	6.946	4.674
4.760	R3	4.817	13.788	8.343	4.817	4.627	12.875	6.938	4.675
4.800	R3	4.462	14.807	8.255	4.462	4.666	12.619	6.960	4.713
4.840	R3	4.944	14.625	7.455	4.944	4.691	12.536	6.945	4.740
4.880	R3	4.719	15.328	4.719	4.797	4.727	12.477	6.892	4.802
4.920	R3	4.688	15.058	4.871	4.688	4.729	12.600	6.710	4.804
4.960	R3	4.566	14.403	5.308	4.566	4.711	12.843	6.489	4.813
5.000	R3	4.928	13.416	4.928	5.094	4.723	12.642	6.263	4.825
5.040	R3	5.085	14.358	5.289	5.085	4.721	12.648	6.095	4.823
5.080	R3	4.497	13.821	4.497	4.886	4.734	12.611	5.837	4.881
5.120	R3	4.686	14.422	4.686	5.004	4.722	12.647	5.547	4.869
5.160	R3	4.485	7.012	5.853	4.485	4.688	12.650	5.360	4.844
5.200	R3	4.531	8.461	4.531	4.553	4.566	12.565	5.062	4.770
5.240	R3	4.363	9.137	4.363	4.888	4.486	12.389	4.793	4.778
5.280	R3	4.999	8.592	5.263	4.999	4.372	12.219	4.552	4.795
5.320	R3	4.561	11.092	4.561	5.115	4.255	12.023	4.436	4.796
5.360	R3	4.692	9.014	4.812	4.692	4.144	11.892	4.315	4.815
5.400	R3	4.804	11.860	5.336	4.804	4.049	11.747	4.183	4.832
5.440	R3	4.976	14.092	4.976	5.858	3.930	11.554	4.064	4.776
5.480	R3	4.713	15.312	4.917	4.713	3.823	11.270	3.948	4.753
5.520	R3	4.244	14.398	4.244	4.424	3.731	10.982	3.855	4.772
5.560	R3	2.378	12.090	2.378	3.352	3.639	10.702	3.763	4.787
5.600	R3	2.868	11.296	2.868	4.612	3.526	10.691	3.595	4.831
5.640	R3	2.649	11.222	2.649	5.281	3.423	10.721	3.495	4.853
5.680	R3	2.386	11.403	2.386	4.833	3.322	10.721	3.409	4.897
5.720	R3	2.458	12.447	2.458	5.054	3.194	10.807	3.268	4.906
5.760	R3	2.666	11.499	2.666	4.913	3.091	10.781	3.165	4.938
5.800	R3	2.551	9.552	2.551	3.967	2.978	10.832	3.075	4.971
5.840	R3	2.956	8.681	2.956	4.625	2.863	10.729	2.935	5.043
5.880	R3	2.656	8.053	2.656	5.265	2.736	10.382	2.808	5.039
5.920	R3	2.834	8.830	2.834	5.311	2.616	10.140	2.695	5.070
5.960	R3	2.239	6.794	2.489	5.356	2.525	9.770	2.604	5.132
6.000	R3	2.460	9.053	2.537	5.003	2.530	9.458	2.618	5.249
6.040	R3	2.345	9.136	2.636	5.764	2.508	9.340	2.604	5.286
6.080	R3	2.442	10.310	2.442	5.180	2.493	9.235	2.594	5.290
6.120	R3	2.501	10.574	2.501	5.753	2.500	9.098	2.601	5.318
6.160	R3	2.427	10.036	3.012	5.353	2.503	8.986	2.610	5.303
6.200	R3	2.506	9.793	2.544	6.250	2.488	8.890	2.608	5.329
6.240	R3	2.431	7.169	2.431	5.769	2.481	8.895	2.601	5.357
6.280	R3	2.323	10.457	2.658	5.333	2.457	8.894	2.578	5.393
6.320	R3	2.421	7.010	2.421	5.660	2.449	8.935	2.572	5.378
6.360	R3	2.477	5.845	2.663	5.703	2.427	8.964	2.554	5.341
6.400	R3	2.425	8.936	2.599	5.355	2.445	9.124	2.560	5.312
6.440	R3	2.353	9.130	2.438	5.364	2.446	9.149	2.557	5.306
6.480	R3	2.520	8.663	2.520	5.380	2.454	9.153	2.552	5.249
6.520	R3	2.522	10.201	2.650	4.747	2.455	8.994	2.558	5.213
6.560	R3	2.363	9.571	2.624	5.443	2.461	8.688	2.564	5.173
6.600	R3	2.416	9.650	2.416	4.536	2.463	8.411	2.538	5.153
6.640	R3	2.483	8.661	2.483	5.333	2.461	8.146	2.537	5.072
6.680	R3	2.489	8.873	2.541	4.958	2.464	8.043	2.540	5.010
6.720	R3	2.387	9.416	2.471	4.583	2.470	7.812	2.529	4.980
6.760	R3	2.605	9.992	2.605	4.781	2.472	7.799	2.537	4.933
6.800	R3	2.478	9.566	2.478	4.877	2.477	7.849	2.534	4.888
6.840	R3	2.517	9.201	2.546	4.627	2.480	7.698	2.528	4.870
6.880	R3	2.450	7.138	2.566	4.455	2.490	7.584	2.534	4.854
6.920	R3	2.622	4.456	2.622	4.962	2.481	7.560	2.536	4.824
6.960	R3	2.478	4.499	2.478	4.944	2.482	7.485	2.530	4.831
7.000	R3	2.463	4.493	2.531	4.625	2.486	7.518	2.521	4.795
7.040	R3	2.496	5.104	2.496	4.531	2.489	7.505	2.533	4.801
7.080	R3	2.439	5.847	2.439	4.744	2.491	7.518	2.535	4.774
7.120	R3	2.448	6.743	2.577	4.714	2.491	7.548	2.541	4.803
7.160	R3	2.586	6.850	2.600	4.797	2.494	7.494	2.545	4.828
7.200	R3	2.487	5.899	2.487	5.002	2.484	7.386	2.538	4.833
7.240	R3	2.543	6.859	2.553	5.033	2.478	7.195	2.532	4.836
7.280	R3	2.350	8.187	2.559	4.796	2.477	6.997	2.533	4.860
7.320	R3	2.532	8.693	2.532	4.890	2.474	7.060	2.535	4.900
7.360	R3	2.447	10.239	2.447	4.710	2.467	7.286	2.528	4.879
7.400	R3	2.486	9.394	2.652	4.656	2.470	7.472	2.531	4.865
7.440	R3	2.518	8.919	2.518	4.799	2.475	7.718	2.535	4.925
7.480	R3	2.486	9.458	2.658	5.533	2.478	7.801	2.542	4.974
7.520	R3	2.451	8.335	2.558	5.084	2.486	7.830	2.551	4.997
7.560	R3	2.404	7.848	2.465	4.876	2.488	7.965	2.546	5.035
7.600	R3	2.350	5.747	2.350	4.939	2.483	8.086	2.546	5.043
7.640	R3	2.503	5.226	2.572	5.114	2.482	8.214	2.547	5.033
7.680	R3	2.384	8.395	2.602	5.256	2.476	8.344	2.541	5.012
7.720	R3	2.483	8.979	2.483	4.540	2.477	8.357	2.537	5.016
7.760	R3	2.541	8.228	2.541	4.668	2.478	8.417	2.545	5.027
7.800	R3	2.571	9.415	2.618	5.830	2.480	8.315	2.550	5.035
7.840	R3	2.553	6.755	2.622	5.496	2.477	8.306	2.538	5.033
7.880	R3	2.606	6.430	2.629	5.207	2.466	8.389	2.528	5.038
7.920	R3	2.475	9.434	2.475	5.469	2.463	8.266	2.528	5.017
7.960	R3	2.486	9.284	2.609	4.957	2.465	8.185	2.529	5.012
8.000	R3	2.464	8.453	2.490	4.805	2.463	8.102	2.524	5.011
8.040	R3	2.433	9.462	2.441	4.609	2.472	8.259	2.533	5.025
8.080	R3	2.369	8.454	2.478	4.878	2.471	8.377	2.529	5.014
8.120	R3	2.555	9.894	2.698	5.120	2.468	8.312	2.521	4.999
8.160	R3	2.492	8.194	2.547	4.864	2.462	8.325	2.514	5.026
8.200	R3	2.408	9.205	2.408	4.609	2.463	8.365	2.515	5.043
8.240	R3	2.310	10.577	2.310	4.912	2.456	8.384	2.506	4.984
8.280	R3	2.421	7.001	2.662	5.112	2.454	8.583	2.501	4.935
8.320	R3	2.485	6.728	2.577	4.987	2.443	8.778	2.488	4.936
8.360	R3	2.376	6.175	2.376	4.851	2.442	8.798	2.494	4.909
8.400	R3	2.529	8.897	2.529	5.216	2.439	8.830	2.485	4.899
8.440	R3	2.472	7.573	2.487	4.887	2.431	8.885	2.483	4.917
8.480	R3	2.337	7.098	2.430	4.971	2.436	8.906	2.494	4.952
8.520	R3	2.354	9.234	2.354	5.068	2.435	8.899	2.489	4.937
8.560	R3	2.559	9.036	2.567	5.015	2.433	8.765	2.480	4.920
8.600	R3	2.428	9.804	2.428	4.645	2.427	8.795	2.471	4.913
8.640	R3	2.520	10.724	2.520	4.513	2.430	8.827	2.476	4.952
8.680	R3	2.378	10.331	2.378	5.226	2.434	8.797	2.480	4.952
8.720	R3	2.461	9.845	2.598	4.928	2.436	8.847	2.476	4.970
8.760	R3	2.424	9.909	2.424	4.758	2.424	8.950	2.459	5.030
8.800	R3	2.307	9.561	2.438	5.163	2.424	9.101	2.463	5.038
8.840	R3	2.531	9.873	2.664	5.313	2.423	9.107	2.465	5.027
8.880	R3	2.350	8.328	2.385	4.583	2.430	9.199	2.473	5.018
8.920	R3	2.516	7.209	2.516	4.788	2.435	9.312	2.473	5.017
8.960	R3	2.373	8.801	2.373	4.710	2.441	9.297	2.481	5.034
9.000	R3	2.459	9.829	2.495	5.386	2.435	9.357	2.479	5.025
9.040	R3	2.400	9.980	2.400	4.927	2.433	9.181	2.477	5.021
9.080	R3	2.462	8.001	2.571	5.471	2.433	8.980	2.477	5.027
9.120	R3	2.239	8.790	2.239	6.173	2.439	8.876	2.484	5.000
9.160	R3	2.370	9.192	2.460	5.016	2.440	8.732	2.484	5.021
9.200	R3	2.520	9.025	2.571	4.999	2.445	8.773	2.490	5.017
9.240	R3	2.607	9.400	2.637	4.717	2.456	8.789	2.494	5.011
9.280	R3	2.433	9.375	2.433	4.934	2.457	8.818	2.488	4.987
9.320	R3	2.486	8.927	2.525	5.407	2.457	8.874	2.494	5.034
9.360	R3	2.437	10.239	2.525	4.853	2.453	9.022	2.489	5.002
9.400	R3	2.387	6.274	2.387	4.548	2.463	9.115	2.506	5.066
9.440	R3	2.520	6.708	2.520	4.638	2.460	9.041	2.518	5.080
9.480	R3	2.505	8.250	2.526	4.698	2.454	8.992	2.514	5.087
9.520	R3	2.470	6.976	2.598	5.349	2.453	9.010	2.518	5.080
9.560	R3	2.533	10.727	2.533	4.662	2.472	9.035	2.537	5.037
9.600	R3	2.529	9.874	2.529	5.050	2.472	8.990	2.535	5.036
9.640	R3	2.535	10.445	2.535	4.825	2.470	9.003	2.530	5.031
9.680	R3	2.366	9.463	2.506	5.521	2.461	9.018	2.520	5.042
9.720	R3	2.421	10.168	2.421	4.150	2.473	9.000	2.533	5.074
9.760	R3	2.583	10.654	2.701	5.992	2.482	9.052	2.540	5.041
9.800	R3	2.399	8.356	2.733	5.667	2.490	9.070	2.545	5.029
9.840	R3	2.284	8.993	2.333	5.064	2.486	9.200	2.561	5.096
9.880	R3	2.444	8.365	2.654	5.329	2.489	9.217	2.566	5.165
9.920	R3	2.619	9.292	2.619	5.320	2.491	9.343	2.568	5.186
9.960	R3	2.365	8.293	2.412	5.001	2.486	9.468	2.570	5.198
10.000	R3	2.471	9.282	2.471	4.894	2.486	9.394	2.573	5.250
10.040	R3	2.440	9.688	2.440	4.928	2.484	9.312	2.577	5.262
10.080	R3	2.674	9.035	2.702	5.585	2.479	9.190	2.597	5.309
10.120	R3	2.659	9.950	2.659	4.747	2.483	9.135	2.614	5.330
10.160	R3	2.590	10.614	2.616	4.605	2.479	8.990	2.636	5.382
10.200	R3	2.324	8.863	2.710	5.900	2.472	8.818	2.623	5.348
10.240	R3	2.566	7.059	2.628	6.002	2.472	8.743	2.613	5.349
10.280	R3	2.551	10.772	2.551	5.121	2.475	8.640	2.630	5.357
10.320	R3	2.377	9.472	2.641	5.591	2.480	8.684	2.625	5.374
10.360	R3	2.515	9.249	2.595	5.715	2.473	8.671	2.622	5.398
10.400	R3	2.508	8.225	2.617	5.283	2.481	8.588	2.630	5.429
10.440	R3	2.425	7.999	2.939	5.756	2.482	8.482	2.643	5.451
10.480	R3	2.437	8.366	2.834	5.952	2.487	8.333	2.659	5.504
10.520	R3	2.349	7.273	2.868	5.179	2.476	8.217	2.648	5.514
10.560	R3	2.438	7.206	2.438	5.325	2.466	8.127	2.639	5.552
10.600	R3	2.404	6.871	2.527	5.679	2.465	8.083	2.636	5.584
10.640	R3	2.353	6.919	2.682	5.237	2.469	8.171	2.630	5.548
10.680	R3	2.542	9.260	2.547	5.656	2.464	8.312	2.643	5.522
10.720	R3	2.476	9.019	2.557	5.808	2.458	8.299	2.637	5.548
10.760	R3	2.531	6.634	2.574	5.624	2.462	8.284	2.633	5.555
10.800	R3	2.486	7.162	2.729	5.329	2.463	8.147	2.630	5.523
10.840	R3	2.538	6.719	2.767	5.989	2.464	8.098	2.626	5.498
10.880	R3	2.442	6.714	2.483	5.784	2.466	8.039	2.603	5.481
10.920	R3	2.476	8.137	2.476	5.506	2.473	7.954	2.589	5.434
10.960	R3	2.566	9.733	2.566	5.234	2.486	7.904	2.583	5.449
11.000	R3	2.405	10.624	2.590	5.184	2.488	7.897	2.585	5.418
11.040	R3	2.458	9.884	2.875	5.493	2.494	7.873	2.585	5.370
11.080	R3	2.427	10.519	2.427	5.638	2.500	7.923	2.574	5.341
11.120	R3	2.469	9.171	2.579	5.723	2.498	7.858	2.571	5.333
11.160	R3	2.522	6.508	2.524	5.086	2.498	7.840	2.568	5.279
11.200	R3	2.544	7.242	2.544	4.784	2.492	7.976	2.559	5.300
11.240	R3	2.465	6.810	2.465	5.411	2.493	8.005	2.548	5.279
11.280	R3	2.572	6.673	2.572	5.000	2.489	8.161	2.533	5.233
11.320	R3	2.615	6.268	2.740	5.494	2.488	8.216	2.529	5.199
11.360	R3	2.468	7.075	2.468	4.697	2.497	8.208	2.545	5.203
11.400	R3	2.531	6.381	2.531	4.728	2.501	8.116	2.552	5.263
11.440	R3	2.465	7.919	2.465	4.658	2.503	8.143	2.551	5.224
11.480	R3	2.498	7.963	2.498	5.488	2.496	8.105	2.534	5.298
11.520	R3	2.489	8.671	2.489	4.738	2.496	8.073	2.548	5.360
11.560	R3	2.396	9.346	2.396	6.032	2.499	8.146	2.560	5.435
11.600	R3	2.510	7.732	2.510	4.921	2.495	8.296	2.567	5.516
11.640	R3	2.470	9.857	2.470	5.069	2.492	8.419	2.563	5.524
11.680	R3	2.406	7.796	2.406	5.093	2.495	8.564	2.569	5.596
11.720	R3	2.660	7.990	2.793	5.583	2.494	8.702	2.580	5.685
11.760	R3	2.649	7.886	2.700	6.442	2.479	8.887	2.559	5.697
11.800	R3	2.453	11.176	2.562	4.393	2.483	9.084	2.563	5.785
11.840	R3	2.303	9.117	2.541	6.984	2.469	9.245	2.569	5.860
11.880	R3	2.436	9.880	2.707	6.881	2.467	9.323	2.567	5.852
11.920	R3	2.531	10.620	2.826	7.212	2.466	9.407	2.566	5.811
11.960	R3	2.444	9.513	2.657	6.713	2.465	9.449	2.565	5.875
12.000	R3	2.471	9.708	2.471	4.940	2.459	9.399	2.559	5.824
12.040	R3	2.537	9.711	2.577	6.849	2.455	9.477	2.563	5.815
12.080	R3	2.541	9.437	2.795	6.790	2.458	9.427	2.566	5.798
12.120	R3	2.314	9.964	2.314	5.727	2.462	9.393	2.579	5.816
12.160	R3	2.560	11.008	2.560	6.460	2.452	9.461	2.562	5.782
12.200	R3	2.239	9.606	2.649	6.236	2.441	9.540	2.548	5.708
12.240	R3	2.427	9.483	2.427	4.491	2.439	9.489	2.541	5.719
12.280	R3	2.478	9.629	2.478	4.661	2.446	9.508	2.548	5.611
12.320	R3	2.468	9.517	2.468	6.025	2.450	9.531	2.538	5.577
12.360	R3	2.276	8.347	2.276	5.020	2.452	9.487	2.531	5.525
12.400	R3	2.432	9.288	2.576	4.732	2.450	9.393	2.519	5.494
12.440	R3	2.545	8.865	2.545	4.728	2.458	9.256	2.529	5.545
12.480	R3	2.484	7.117	2.655	5.448	2.455	9.144	2.524	5.498
12.520	R3	2.451	9.349	2.451	4.908	2.450	9.056	2.506	5.371
12.560	R3	2.425	9.472	2.435	4.961	2.462	8.933	2.519	5.373
12.600	R3	2.411	10.151	2.411	4.606	2.461	8.702	2.522	5.348
12.640	R3	2.455	9.495	2.675	4.842	2.473	8.479	2.524	5.267
12.680	R3	2.507	10.331	2.507	6.189	2.472	8.253	2.526	5.365
12.720	R3	2.579	9.756	2.696	6.171	2.477	8.014	2.531	5.374
12.760	R3	2.409	7.628	2.409	6.095	2.476	7.869	2.546	5.340
12.800	R3	2.623	6.963	2.671	5.953	2.487	7.778	2.557	5.407
12.840	R3	2.486	7.483	2.486	5.921	2.481	7.698	2.550	5.492
12.880	R3	2.426	7.667	2.426	4.242	2.481	7.606	2.549	5.565
12.920	R3	2.557	7.512	2.582	5.771	2.478	7.557	2.547	5.627
12.960	R3	2.537	6.371	2.610	5.968	2.479	7.441	2.548	5.695
13.000	R3	2.483	5.147	2.707	4.604	2.482	7.486	2.553	5.773
13.040	R3	2.404	4.975	2.467	6.454	2.481	7.333	2.553	5.808
13.080	R3	2.573	4.844	2.573	4.840	2.478	7.274	2.548	5.867
13.120	R3	2.455	6.622	2.757	5.340	2.474	7.240	2.544	5.878
13.160	R3	2.492	6.526	2.498	6.358	2.470	7.260	2.539	5.903
13.200	R3	2.326	7.679	2.434	6.444	2.478	7.348	2.551	5.922
13.240	R3	2.533	7.036	2.533	6.185	2.472	7.505	2.542	5.922
13.280	R3	2.420	6.130	2.610	6.684	2.466	7.616	2.536	5.955
13.320	R3	2.475	7.036	2.475	6.275	2.470	7.586	2.540	6.038
13.360	R3	2.490	10.365	2.542	6.512	2.469	7.512	2.537	6.050
13.400	R3	2.396	7.099	2.396	5.322	2.464	7.411	2.532	6.042
13.440	R3	2.390	8.310	2.583	6.007	2.460	7.381	2.522	6.139
13.480	R3	2.427	9.655	2.427	6.414	2.473	7.404	2.534	6.132
13.520	R3	2.489	10.148	2.596	6.671	2.467	7.588	2.528	6.199
13.560	R3	2.585	9.392	2.641	6.477	2.468	7.583	2.514	6.232
13.600	R3	2.501	10.111	2.501	5.949	2.461	7.594	2.507	6.235
13.640	R3	2.363	9.695	2.363	6.590	2.462	7.640	2.523	6.181
13.680	R3	2.507	7.069	2.507	5.886	2.454	7.791	2.516	6.144
13.720	R3	2.524	6.020	2.524	6.013	2.461	8.010	2.517	6.055
13.760	R3	2.438	4.356	2.500	5.824	2.460	8.138	2.516	5.983
13.800	R3	2.408	4.542	2.519	6.532	2.459	8.135	2.512	5.909
13.840	R3	2.668	5.445	2.694	6.321	2.460	8.222	2.514	5.878
13.880	R3	2.459	8.520	2.459	6.175	2.469	8.246	2.513	5.829
13.920	R3	2.473	6.520	2.482	6.012	2.477	8.236	2.532	5.784
13.960	R3	2.357	6.760	2.357	6.415	2.473	8.029	2.528	5.698
14.000	R3	2.337	8.583	2.745	5.361	2.459	8.059	2.519	5.631
14.040	R3	2.376	10.062	2.400	5.443	2.458	8.079	2.517	5.578
14.080	R3	2.561	10.511	2.631	4.908	2.459	7.949	2.519	5.519
14.120	R3	2.449	9.601	2.449	4.825	2.457	7.993	2.517	5.474
14.160	R3	2.463	10.295	2.470	5.029	2.454	8.109	2.513	5.441
14.200	R3	2.430	8.837	2.430	4.707	2.453	8.378	2.511	5.385
14.240	R3	2.569	8.803	2.569	5.025	2.453	8.526	2.505	5.288
14.280	R3	2.580	9.444	2.794	5.526	2.445	8.674	2.501	5.273
14.320	R3	2.401	6.014	2.526	4.937	2.449	8.657	2.505	5.259
14.360	R3	2.315	9.992	2.455	5.141	2.445	8.778	2.504	5.240
14.400	R3	2.471	10.505	2.471	4.881	2.446	8.860	2.510	5.210
14.440	R3	2.401	7.102	2.401	5.412	2.451	8.929	2.495	5.205
14.480	R3	2.462	7.954	2.462	4.990	2.456	8.898	2.525	5.277
14.520	R3	2.452	8.340	2.452	5.348	2.460	8.920	2.526	5.298
14.560	R3	2.427	9.728	2.450	4.715	2.464	8.841	2.557	5.419
14.600	R3	2.411	7.492	2.411	4.588	2.475	8.817	2.569	5.498
14.640	R3	2.498	8.411	2.603	6.028	2.479	8.923	2.573	5.502
14.680	R3	2.547	8.174	2.547	5.883	2.476	8.947	2.570	5.625
14.720	R3	2.397	8.941	2.456	5.643	2.475	8.905	2.571	5.711
14.760	R3	2.373	8.416	2.474	5.804	2.476	9.015	2.586	5.821
14.800	R3	2.446	9.960	2.446	5.268	2.488	8.855	2.619	5.952
14.840	R3	2.460	9.434	2.997	6.884	2.492	8.852	2.632	6.075
14.880	R3	2.654	10.949	2.654	5.320	2.490	9.033	2.630	6.067
14.920	R3	2.519	8.027	3.072	7.241	2.487	9.024	2.655	6.182
14.960	R3	2.681	9.809	2.711	6.614	2.493	9.124	2.679	6.301
15.000	R3	2.508	10.959	2.508	4.789	2.494	9.174	2.680	6.293
15.040	R3	2.518	9.291	2.518	7.481	2.496	9.303	2.681	6.293
15.080	R3	2.550	8.596	2.812	7.246	2.492	9.364	2.693	6.356
15.120	R3	2.423	8.220	2.823	7.143	2.486	9.563	2.687	6.297
15.160	R3	2.572	6.802	3.114	7.760	2.489	9.655	2.687	6.251
15.200	R3	2.541	10.437	2.733	7.348	2.500	9.789	2.693	6.218
15.240	R3	2.356	10.723	2.356	5.246	2.501	9.762	2.693	6.197
15.280	R3	2.402	7.777	2.964	7.285	2.500	9.773	2.666	6.089
15.320	R3	2.571	10.343	2.933	7.737	2.500	9.732	2.666	6.076
15.360	R3	2.461	10.712	2.461	4.547	2.501	9.846	2.639	5.939
15.400	R3	2.435	10.078	2.435	4.601	2.488	9.794	2.625	5.823
15.440	R3	2.423	9.635	2.838	7.271	2.485	9.642	2.628	5.810
15.480	R3	2.434	12.145	2.434	4.710	2.486	9.685	2.629	5.683
15.520	R3	2.448	10.790	2.448	4.727	2.481	9.748	2.611	5.553
15.560	R3	2.601	11.101	2.601	5.143	2.477	9.845	2.587	5.432
15.600	R3	2.454	9.410	2.454	4.854	2.486	9.968	2.570	5.291
15.640	R3	2.449	9.656	2.449	4.715	2.491	9.851	2.565	5.170
15.680	R3	2.649	10.131	2.649	5.068	2.502	9.837	2.577	5.168
15.720	R3	2.537	10.298	2.537	4.486	2.509	9.895	2.555	5.048
15.760	R3	2.425	8.774	2.425	4.299	2.510	9.797	2.538	4.913
15.800	R3	2.458	7.923	2.580	4.539	2.513	9.609	2.541	4.941
15.840	R3	2.540	10.149	2.540	4.930	2.514	9.582	2.542	4.978
15.880	R3	2.436	9.849	2.436	4.648	2.525	9.623	2.532	4.861
15.920	R3	2.349	10.163	2.349	4.724	2.544	9.513	2.551	4.904
15.960	R3	2.755	9.263	2.778	4.942	2.554	9.434	2.562	4.926
16.000	R3	2.636	8.108	2.636	4.929	2.550	9.398	2.557	4.959
16.040	R3	2.586	10.433	2.586	5.197	2.559	9.512	2.566	4.947
16.080	R3	2.525	8.931	2.525	4.887	2.566	9.585	2.573	5.030
16.120	R3	2.596	8.397	2.596	5.040	2.553	9.551	2.560	5.009
16.160	R3	2.532	6.939	2.532	5.101	2.551	9.518	2.558	5.044
16.200	R3	2.444	9.539	2.444	5.350	2.552	9.610	2.559	5.100
16.240	R3	2.645	10.462	2.645	4.935	2.547	9.724	2.548	5.106
16.280	R3	2.818	9.949	2.818	5.564	2.551	9.703	2.552	5.113
16.320	R3	2.652	9.206	2.652	5.174	2.560	9.697	2.566	5.117
16.360	R3	2.516	10.373	2.516	5.797	2.573	9.638	2.581	5.121
16.400	R3	2.626	11.689	2.626	4.609	2.558	9.630	2.564	5.095
16.440	R3	2.591	11.122	2.591	6.379	2.548	9.564	2.557	5.107
16.480	R3	2.384	9.451	2.384	4.650	2.545	9.548	2.554	5.091
16.520	R3	2.508	9.630	2.508	5.189	2.540	9.523	2.549	5.075
16.560	R3	2.447	10.620	2.447	5.421	2.537	9.535	2.546	5.071
16.600	R3	2.353	10.214	2.353	4.665	2.532	9.690	2.541	5.066
16.640	R3	2.628	9.713	2.628	5.067	2.531	9.738	2.540	5.057
16.680	R3	2.613	9.732	2.703	4.727	2.526	9.746	2.535	5.037
16.720	R3	2.608	8.997	2.657	4.805	2.509	9.780	2.518	5.004
16.760	R3	2.442	9.103	2.442	4.410	2.496	9.878	2.505	4.972
16.800	R3	2.453	6.775	2.494	5.170	2.492	9.858	2.501	4.908
16.840	R3	2.528	10.125	2.528	4.878	2.487	9.719	2.496	4.937
16.880	R3	2.408	8.414	2.408	4.575	2.490	9.609	2.499	4.889
16.920	R3	2.544	8.647	2.544	4.948	2.502	9.571	2.511	4.906
16.960	R3	2.436	10.035	2.436	5.008	2.503	9.531	2.512	4.892
17.000	R3	2.414	10.509	2.414	5.177	2.504	9.510	2.513	4.868
17.040	R3	2.545	10.610	2.545	4.526	2.516	9.560	2.525	4.896
17.080	R3	2.475	10.624	2.475	4.912	2.504	9.642	2.513	4.888
17.120	R3	2.400	11.170	2.400	4.534	2.501	9.729	2.506	4.910
17.160	R3	2.430	9.986	2.430	4.510	2.498	9.806	2.500	4.938
17.200	R3	2.531	8.903	2.531	5.185	2.502	9.919	2.504	4.965
17.240	R3	2.657	8.915	2.657	5.428	2.504	10.041	2.504	4.945
17.280	R3	2.625	8.696	2.625	4.984	2.512	10.067	2.512	4.921
17.320	R3	2.515	8.835	2.515	4.912	2.516	10.124	2.516	4.910
17.360	R3	2.484	10.190	2.484	4.942	2.508	10.229	2.508	4.886
17.400	R3	2.579	11.218	2.579	5.227	2.511	10.256	2.515	4.891
17.440	R3	2.390	11.361	2.390	4.900	2.515	10.215	2.518	4.866
17.480	R3	2.565	11.457	2.565	5.165	2.522	10.216	2.528	4.896
17.520	R3	2.543	10.546	2.543	5.376	2.520	10.133	2.526	4.906
17.560	R3	2.526	11.364	2.526	4.941	2.518	10.008	2.525	4.923
17.600	R3	2.490	9.206	2.490	4.779	2.525	9.904	2.532	4.948
17.640	R3	2.680	10.660	2.680	4.385	2.521	9.899	2.529	4.944
17.680	R3	2.486	9.540	2.486	4.355	2.511	9.927	2.519	4.927
17.720	R3	2.393	10.748	2.393	4.474	2.500	9.903	2.510	4.913
17.760	R3	2.499	10.579	2.567	5.103	2.494	9.857	2.509	4.924
17.800	R3	2.480	9.699	2.480	4.679	2.491	9.665	2.510	4.905
17.840	R3	2.685	10.624	2.741	5.125	2.485	9.617	2.506	4.871
17.880	R3	2.441	8.968	2.441	5.112	2.490	9.555	2.515	4.866
17.920	R3	2.368	8.666	2.368	4.887	2.482	9.482	2.512	4.858
17.960	R3	2.563	7.899	2.586	5.001	2.477	9.418	2.509	4.823
18.000	R3	2.458	8.810	2.472	5.113	2.469	9.365	2.500	4.823
18.040	R3	2.448	9.466	2.448	5.077	2.469	9.409	2.505	4.816
18.080	R3	2.409	8.225	2.445	4.714	2.451	9.388	2.493	4.825
18.120	R3	2.396	7.917	2.503	5.134	2.455	9.409	2.497	4.861
18.160	R3	2.423	6.347	2.496	4.554	2.458	9.362	2.504	4.883
18.200	R3	2.454	10.265	2.506	4.541	2.450	9.263	2.492	4.849
18.240	R3	2.489	10.118	2.556	4.810	2.444	9.219	2.495	4.848
18.280	R3	2.401	10.001	2.521	4.995	2.430	9.148	2.478	4.826
18.320	R3	2.458	9.252	2.474	4.671	2.429	9.160	2.477	4.828
18.360	R3	2.349	10.310	2.349	4.958	2.432	9.192	2.497	4.860
18.400	R3	2.492	10.093	2.595	4.634	2.430	9.324	2.495	4.855
18.440	R3	2.331	10.239	2.435	4.559	2.430	9.353	2.494	4.834
18.480	R3	2.568	9.955	2.568	5.078	2.429	9.305	2.493	4.836
18.520	R3	2.446	9.805	2.521	4.905	2.434	9.369	2.497	4.828
18.560	R3	2.339	8.591	2.339	4.426	2.439	9.431	2.497	4.813
18.600	R3	2.364	8.824	2.535	4.670	2.438	9.586	2.498	4.858
18.640	R3	2.396	9.216	2.396	4.685	2.434	9.564	2.497	4.871
18.680	R3	2.421	9.210	2.421	5.146	2.431	9.523	2.497	4.875
18.720	R3	2.430	9.290	2.763	5.538	2.432	9.545	2.497	4.853
18.760	R3	2.523	10.542	2.546	4.900	2.434	9.486	2.498	4.850
18.800	R3	2.457	9.394	2.457	4.681	2.438	9.373	2.503	4.860
18.840	R3	2.433	8.498	2.433	5.127	2.435	9.359	2.494	4.870
18.880	R3	2.512	9.514	2.534	4.542	2.445	9.319	2.502	4.893
18.920	R3	2.488	9.157	2.488	4.847	2.437	9.348	2.495	4.878
18.960	R3	2.401	9.437	2.527	5.440	2.433	9.297	2.497	4.899
19.000	R3	2.378	9.843	2.475	4.810	2.443	9.348	2.507	4.920
19.040	R3	2.426	9.289	2.553	4.890	2.446	9.312	2.502	4.912
19.080	R3	2.426	10.432	2.528	4.547	2.452	9.295	2.509	4.900
19.120	R3	2.493	8.090	2.499	4.613	2.452	9.345	2.510	4.900
19.160	R3	2.438	8.052	2.438	5.159	2.453	9.360	2.494	4.861
19.200	R3	2.424	9.808	2.424	4.829	2.449	9.294	2.488	4.851
19.240	R3	2.541	9.441	2.603	5.031	2.447	9.296	2.487	4.843
19.280	R3	2.411	10.525	2.411	4.782	2.446	9.373	2.486	4.840
19.320	R3	2.361	8.780	2.572	5.319	2.437	9.375	2.476	4.869
19.360	R3	2.528	9.614	2.528	4.848	2.435	9.419	2.474	4.868
19.400	R3	2.439	8.099	2.439	4.504	2.437	9.471	2.476	4.842
19.440	R3	2.510	8.892	2.533	4.450	2.438	9.473	2.480	4.826
19.480	R3	2.426	10.210	2.447	5.151	2.439	9.533	2.475	4.803
19.520	R3	2.451	9.579	2.451	4.752	2.437	9.499	2.467	4.821
19.560	R3	2.429	9.223	2.429	4.703	2.438	9.591	2.469	4.824
19.600	R3	2.426	9.439	2.426	4.524	2.438	9.678	2.469	4.801
19.640	R3	2.417	10.031	2.417	5.064	2.433	9.676	2.464	4.772
19.680	R3	2.338	9.552	2.338	5.111	2.422	9.607	2.450	4.773
19.720	R3	2.442	10.051	2.442	4.843	2.422	9.501	2.453	4.772
19.760	R3	2.431	10.463	2.567	4.915	2.427	9.493	2.450	4.727
19.800	R3	2.396	9.894	2.547	4.484	2.420	9.468	2.443	4.707
19.840	R3	2.453	10.491	2.453	4.438	2.425	9.558	2.447	4.715
19.880	R3	2.379	9.736	2.379	4.892	2.421	9.489	2.446	4.746
19.920	R3	2.511	9.943	2.527	4.688	2.425	9.310	2.453	4.745
19.960	R3	2.451	9.797	2.451	4.696	2.420	9.139	2.464	4.756
20.000	R3	2.323	9.752	2.323	4.245	2.419	9.024	2.466	4.778
20.040	R3	2.327	8.075	2.327	5.054	2.419	8.928	2.467	4.796
20.080	R3	2.405	8.393	2.455	4.757	2.423	8.879	2.472	4.799
20.120	R3	2.461	8.617	2.518	4.425	2.431	8.857	2.485	4.802
20.160	R3	2.392	9.119	2.392	4.450	2.426	8.753	2.480	4.797
20.200	R3	2.526	9.909	2.526	4.663	2.426	8.540	2.473	4.766
20.240	R3	2.440	7.513	2.497	5.070	2.427	8.408	2.466	4.779
20.280	R3	2.499	6.626	2.586	5.126	2.429	8.235	2.469	4.794
20.320	R3	2.365	6.154	2.687	4.978	2.435	8.086	2.476	4.776
20.360	R3	2.394	6.929	2.461	5.144	2.436	7.908	2.480	4.779
20.400	R3	2.437	7.511	2.437	4.872	2.435	7.779	2.479	4.772
20.440	R3	2.486	9.048	2.522	5.134	2.437	7.653	2.481	4.805
20.480	R3	2.499	9.128	2.592	5.174	2.436	7.559	2.479	4.806
20.520	R3	2.352	7.966	2.352	4.741	2.435	7.502	2.489	4.790
20.560	R3	2.430	6.207	2.430	4.280	2.431	7.428	2.483	4.820
20.600	R3	2.411	7.255	2.411	4.762	2.437	7.430	2.490	4.837
20.640	R3	2.493	7.019	2.495	4.736	2.431	7.409	2.494	4.866
20.680	R3	2.496	6.769	2.523	4.533	2.426	7.493	2.488	4.834
20.720	R3	2.532	6.380	2.605	4.733	2.423	7.641	2.486	4.785
20.760	R3	2.436	7.213	2.436	4.561	2.435	7.839	2.486	4.791
20.800	R3	2.357	7.238	2.357	4.912	2.438	7.969	2.490	4.785
20.840	R3	2.302	6.195	2.302	5.069	2.440	7.970	2.494	4.796
20.880	R3	2.386	7.246	2.649	4.442	2.432	8.001	2.484	4.747
20.920	R3	2.395	7.135	2.395	5.023	2.431	8.054	2.480	4.731
20.960	R3	2.512	9.167	2.533	4.795	2.432	8.171	2.481	4.700
21.000	R3	2.389	9.488	2.614	5.226	2.431	8.373	2.480	4.707
21.040	R3	2.349	9.175	2.368	4.447	2.432	8.476	2.487	4.702
21.080	R3	2.434	9.593	2.539	4.133	2.428	8.617	2.482	4.702
21.120	R3	2.606	10.107	2.696	5.108	2.422	8.702	2.493	4.749
21.160	R3	2.466	9.537	2.541	5.019	2.418	8.853	2.494	4.767
21.200	R3	2.469	7.540	2.514	5.096	2.421	8.941	2.503	4.785
21.240	R3	2.326	9.668	2.326	4.156	2.422	9.036	2.505	4.764
21.280	R3	2.473	10.177	2.503	4.843	2.425	9.148	2.518	4.749
21.320	R3	2.380	10.312	2.380	4.123	2.432	9.301	2.513	4.781
21.360	R3	2.412	10.247	2.412	4.425	2.428	9.352	2.508	4.769
21.400	R3	2.426	9.310	2.542	4.665	2.422	9.286	2.504	4.791
21.440	R3	2.413	9.837	2.413	4.737	2.414	9.266	2.485	4.772
21.480	R3	2.384	8.486	2.729	5.475	2.417	9.173	2.486	4.770
21.520	R3	2.453	9.391	2.639	5.093	2.416	9.182	2.484	4.802
21.560	R3	2.497	8.981	2.604	4.924	2.407	9.116	2.471	4.809
21.600	R3	2.365	9.123	2.402	4.482	2.408	9.041	2.474	4.799
21.640	R3	2.374	8.435	2.560	4.769	2.408	9.070	2.478	4.828
21.680	R3	2.524	10.303	2.543	5.087	2.413	9.012	2.491	4.891
21.720	R3	2.306	8.163	2.306	4.781	2.413	8.911	2.496	4.891
21.760	R3	2.404	7.838	2.452	5.230	2.410	8.824	2.507	4.934
21.800	R3	2.224	9.102	2.224	4.841	2.411	8.653	2.515	4.970
21.840	R3	2.404	7.314	2.404	4.409	2.407	8.499	2.505	4.951
21.880	R3	2.409	9.774	2.499	4.774	2.400	8.386	2.513	4.955
21.920	R3	2.433	8.777	2.433	5.249	2.398	8.445	2.494	4.913
21.960	R3	2.491	8.051	2.602	4.827	2.396	8.439	2.487	4.894
22.000	R3	2.466	8.115	2.580	5.665	2.389	8.431	2.475	4.889
22.040	R3	2.427	8.508	2.588	5.423	2.391	8.238	2.482	4.914
22.080	R3	2.466	8.159	2.610	4.841	2.391	8.106	2.473	4.898
22.120	R3	2.320	8.571	2.598	4.981	2.389	7.962	2.473	4.861
22.160	R3	2.432	6.826	2.577	5.141	2.397	7.989	2.481	4.829
22.200	R3	2.339	6.228	2.339	4.287	2.402	8.122	2.488	4.815
22.240	R3	2.274	7.573	2.573	4.822	2.402	8.141	2.488	4.808
22.280	R3	2.348	9.674	2.348	4.632	2.401	8.243	2.487	4.830
22.320	R3	2.419	9.271	2.503	4.710	2.401	8.152	2.488	4.863
22.360	R3	2.363	8.809	2.363	4.830	2.402	8.200	2.490	4.842
22.400	R3	2.398	5.262	2.546	4.985	2.406	8.117	2.493	4.840
22.440	R3	2.382	5.796	2.382	4.438	2.400	8.172	2.482	4.799
22.480	R3	2.479	7.434	2.537	4.348	2.404	8.164	2.487	4.784
22.520	R3	2.467	8.704	2.467	4.140	2.407	8.195	2.484	4.791
22.560	R3	2.500	10.485	2.591	4.959	2.418	8.106	2.485	4.804
22.600	R3	2.231	9.491	2.231	4.706	2.418	8.111	2.483	4.800
22.640	R3	2.382	9.357	2.382	4.852	2.426	8.137	2.493	4.810
22.680	R3	2.404	7.951	2.510	5.429	2.433	8.128	2.490	4.811
22.720	R3	2.452	9.733	2.477	4.828	2.434	7.972	2.493	4.857
22.760	R3	2.570	6.385	2.665	4.779	2.438	8.024	2.495	4.865
22.800	R3	2.355	9.232	2.355	4.842	2.442	7.924	2.504	4.858
22.840	R3	2.504	8.332	2.680	5.125	2.445	8.049	2.500	4.839
22.880	R3	2.516	8.785	2.557	4.981	2.449	8.124	2.504	4.853
22.920	R3	2.537	6.798	2.614	5.239	2.443	8.102	2.498	4.871
22.960	R3	2.447	6.922	2.545	5.068	2.436	7.992	2.503	4.912
23.000	R3	2.501	6.740	2.539	4.486	2.432	7.794	2.504	4.911
23.040	R3	2.411	7.389	2.501	4.844	2.441	7.628	2.522	4.904
23.080	R3	2.363	6.568	2.423	5.552	2.447	7.648	2.531	4.918
23.120	R3	2.490	10.300	2.539	4.868	2.447	7.713	2.527	4.859
23.160	R3	2.452	6.813	2.543	4.689	2.451	7.704	2.532	4.836
23.200	R3	2.464	7.761	2.464	4.601	2.444	7.792	2.533	4.845
23.240	R3	2.450	7.306	2.467	4.728	2.450	7.647	2.544	4.874
23.280	R3	2.371	6.989	2.416	4.711	2.446	7.622	2.532	4.857
23.320	R3	2.330	6.507	2.562	4.963	2.441	7.616	2.525	4.855
23.360	R3	2.411	6.523	2.604	4.933	2.435	7.738	2.520	4.814
23.400	R3	2.414	6.171	2.588	4.570	2.438	7.873	2.520	4.796
23.440	R3	2.488	9.745	2.578	5.128	2.439	7.942	2.523	4.850
23.480	R3	2.410	9.266	2.424	4.241	2.437	7.974	2.526	4.848
23.520	R3	2.545	9.546	2.576	4.381	2.444	8.033	2.536	4.828
23.560	R3	2.413	8.145	2.689	4.944	2.443	7.865	2.533	4.840
23.600	R3	2.478	6.326	2.576	5.422	2.440	7.879	2.525	4.839
23.640	R3	2.429	7.837	2.429	4.781	2.443	7.851	2.530	4.853
23.680	R3	2.422	8.662	2.422	4.945	2.442	7.977	2.535	4.903
23.720	R3	2.422	9.237	2.508	4.431	2.441	8.136	2.536	4.925
23.760	R3	2.499	9.636	2.550	4.696	2.446	8.316	2.530	4.921
23.800	R3	2.527	8.116	2.602	5.564	2.443	8.453	2.527	4.904
23.840	R3	2.361	8.026	2.563	4.816	2.446	8.671	2.521	4.885
23.880	R3	2.496	7.749	2.631	5.155	2.440	8.646	2.513	4.880
23.920	R3	2.480	6.947	2.480	5.093	2.446	8.536	2.528	4.950
23.960	R3	2.381	7.076	2.381	4.685	2.437	8.407	2.526	4.962
24.000	R3	2.531	7.215	2.565	4.875	2.441	8.228	2.517	4.973
24.040	R3	2.430	9.827	2.568	5.720	2.438	8.320	2.509	4.930
24.080	R3	2.362	10.161	2.431	5.155	2.436	8.304	2.517	4.967
24.120	R3	2.429	10.112	2.429	4.877	2.432	8.258	2.528	4.957
24.160	R3	2.350	9.253	2.551	4.603	2.425	8.179	2.516	4.964
24.200	R3	2.464	10.541	2.464	4.196	2.427	8.034	2.519	5.038
24.240	R3	2.373	9.242	2.419	5.028	2.425	8.032	2.517	4.998
24.280	R3	2.521	7.068	2.735	5.625	2.435	8.062	2.517	4.972
24.320	R3	2.362	6.959	2.534	4.625	2.440	8.065	2.520	4.967
24.360	R3	2.494	4.567	2.494	5.172	2.436	8.105	2.517	4.958
24.400	R3	2.431	8.172	2.431	4.566	2.437	8.194	2.519	4.972
24.440	R3	2.385	7.514	2.576	5.518	2.433	8.260	2.517	4.988
24.480	R3	2.336	7.746	2.640	4.735	2.436	8.224	2.514	4.912
24.520	R3	2.286	7.659	2.286	4.568	2.443	8.202	2.519	4.909
24.560	R3	2.539	6.730	2.595	6.192	2.440	8.116	2.527	4.914
24.600	R3	2.492	8.070	2.568	4.759	2.450	8.117	2.527	4.910
24.640	R3	2.553	8.633	2.553	4.290	2.446	7.976	2.526	4.934
24.680	R3	2.612	7.813	2.703	5.066	2.450	7.921	2.528	4.932
24.720	R3	2.386	7.747	2.426	4.908	2.451	8.040	2.518	4.892
24.760	R3	2.412	8.860	2.412	4.951	2.457	8.153	2.519	4.928
24.800	R3	2.444	8.522	2.535	5.199	2.457	8.407	2.519	4.973
24.840	R3	2.498	9.108	2.498	4.203	2.460	8.473	2.522	4.997
24.880	R3	2.498	9.733	2.527	5.105	2.460	8.545	2.515	4.940
24.920	R3	2.369	8.395	2.599	4.969	2.468	8.638	2.508	4.933
24.960	R3	2.545	9.254	2.545	4.525	2.468	8.708	2.508	4.948
25.000	R3	2.394	7.728	2.435	4.668	2.471	8.906	2.508	4.894
25.040	R3	2.454	8.145	2.464	5.000	2.468	8.896	2.501	4.910
25.080	R3	2.542	9.453	2.542	4.824	2.456	8.868	2.490	4.936
25.120	R3	2.472	9.208	2.552	5.340	2.445	8.884	2.475	4.906
25.160	R3	2.499	9.642	2.499	6.071	2.459	8.918	2.487	4.915
25.200	R3	2.495	9.506	2.495	5.049	2.458	8.850	2.486	4.902
25.240	R3	2.372	8.941	2.422	4.373	2.456	8.891	2.480	4.891
25.280	R3	2.497	9.605	2.497	4.598	2.453	8.888	2.477	4.919
25.320	R3	2.296	9.065	2.296	4.864	2.459	8.832	2.481	4.924
25.360	R3	2.601	10.693	2.601	5.124	2.459	8.858	2.470	4.914
25.400	R3	2.424	7.873	2.424	5.071	2.462	8.915	2.477	4.987
25.440	R3	2.319	8.065	2.319	4.802	2.462	9.045	2.475	4.992
25.480	R3	2.388	8.131	2.420	4.469	2.460	9.050	2.480	4.986
25.520	R3	2.659	8.434	2.659	5.095	2.458	9.077	2.477	5.026
25.560	R3	2.389	7.508	2.389	4.699	2.455	9.112	2.473	5.005
25.600	R3	2.414	9.339	2.414	4.980	2.462	9.154	2.480	4.939
25.640	R3	2.433	9.035	2.433	4.759	2.459	9.171	2.476	4.910
25.680	R3	2.617	8.611	2.617	5.201	2.458	9.230	2.473	4.914
25.720	R3	2.370	8.921	2.370	4.773	2.452	9.245	2.467	4.905
25.760	R3	2.611	10.404	2.697	5.970	2.469	9.273	2.484	4.905
25.800	R3	2.396	10.314	2.396	4.782	2.468	9.219	2.491	4.908
25.840	R3	2.407	8.259	2.551	4.875	2.469	9.271	2.492	4.892
25.880	R3	2.493	9.987	2.493	5.620	2.471	9.324	2.494	4.905
25.920	R3	2.429	9.913	2.469	4.930	2.474	9.412	2.496	4.951
25.960	R3	2.630	10.484	2.630	4.742	2.463	9.414	2.485	4.941
26.000	R3	2.426	9.833	2.426	4.473	2.468	9.447	2.494	4.932
26.040	R3	2.360	10.136	2.360	4.447	2.473	9.413	2.501	4.917
26.080	R3	2.382	9.893	2.382	4.418	2.468	9.308	2.506	4.911
26.120	R3	2.625	9.629	2.625	4.878	2.459	9.237	2.501	4.861
26.160	R3	2.586	9.606	2.753	5.183	2.460	9.193	2.502	4.845
26.200	R3	2.448	8.920	2.448	4.738	2.449	9.091	2.487	4.769
26.240	R3	2.354	9.125	2.354	5.063	2.450	9.053	2.498	4.806
26.280	R3	2.454	9.895	2.454	5.385	2.448	9.140	2.490	4.786
26.320	R3	2.434	8.467	2.434	4.904	2.445	9.073	2.486	4.723
26.360	R3	2.481	8.179	2.582	4.516	2.446	9.021	2.487	4.729
26.400	R3	2.517	8.645	2.540	4.677	2.433	8.976	2.474	4.733
26.440	R3	2.344	6.939	2.537	4.646	2.438	9.027	2.485	4.737
26.480	R3	2.425	7.200	2.529	4.204	2.444	9.011	2.497	4.758
26.520	R3	2.390	8.041	2.390	4.457	2.445	9.037	2.506	4.789
26.560	R3	2.392	8.363	2.392	4.447	2.440	8.945	2.501	4.773
26.600	R3	2.419	9.536	2.619	5.523	2.439	8.905	2.491	4.757
26.640	R3	2.375	10.001	2.375	4.468	2.442	8.955	2.495	4.755
26.680	R3	2.420	8.657	2.420	4.365	2.442	8.835	2.500	4.755
26.720	R3	2.464	8.881	2.482	5.043	2.443	8.700	2.501	4.717
26.760	R3	2.372	9.567	2.372	4.815	2.438	8.579	2.496	4.704
26.800	R3	2.512	10.861	2.655	4.568	2.434	8.616	2.493	4.712
26.840	R3	2.489	9.819	2.602	4.865	2.431	8.630	2.489	4.711
26.880	R3	2.400	10.410	2.555	5.034	2.440	8.777	2.492	4.720
26.920	R3	2.531	7.786	2.531	4.567	2.445	8.847	2.491	4.780
26.960	R3	2.551	8.808	2.551	4.850	2.446	8.915	2.494	4.799
27.000	R3	2.507	9.930	2.532	4.712	2.443	8.916	2.497	4.823
27.040	R3	2.351	6.711	2.446	5.050	2.447	8.895	2.494	4.815
27.080	R3	2.485	7.201	2.485	4.628	2.448	8.873	2.499	4.839
27.120	R3	2.327	6.054	2.327	4.645	2.447	8.934	2.499	4.865
27.160	R3	2.411	8.907	2.524	4.681	2.442	8.990	2.497	4.844
27.200	R3	2.460	8.928	2.460	4.659	2.447	9.007	2.501	4.888
27.240	R3	2.525	9.887	2.588	4.823	2.451	8.951	2.498	4.899
27.280	R3	2.522	8.590	2.522	5.409	2.446	8.959	2.496	4.896
27.320	R3	2.400	9.410	2.449	4.826	2.449	8.980	2.492	4.882
27.360	R3	2.340	8.382	2.436	4.923	2.442	9.025	2.487	4.861
27.400	R3	2.492	9.105	2.558	5.360	2.439	9.063	2.484	4.831
27.440	R3	2.396	9.563	2.487	4.953	2.438	8.919	2.483	4.816
27.480	R3	2.412	9.871	2.412	4.888	2.444	8.878	2.493	4.774
27.520	R3	2.351	10.010	2.437	4.624	2.442	8.799	2.491	4.760
27.560	R3	2.469	9.914	2.469	5.698	2.454	8.814	2.502	4.785
27.600	R3	2.596	9.733	2.596	4.780	2.446	8.787	2.501	4.798
27.640	R3	2.385	9.973	2.558	4.801	2.448	8.704	2.505	4.802
27.680	R3	2.467	10.829	2.467	4.757	2.436	8.599	2.500	4.783
27.720	R3	2.398	8.686	2.434	4.159	2.430	8.567	2.497	4.758
27.760	R3	2.478	9.580	2.499	4.240	2.433	8.498	2.509	4.769
27.800	R3	2.501	7.053	2.501	4.421	2.437	8.499	2.508	4.780
27.840	R3	2.468	5.888	2.649	4.196	2.437	8.457	2.507	4.771
27.880	R3	2.448	5.612	2.448	4.355	2.440	8.214	2.508	4.776
27.920	R3	2.553	6.360	2.553	5.147	2.440	7.950	2.508	4.758
27.960	R3	2.255	8.361	2.502	4.931	2.444	7.771	2.515	4.756
28.000	R3	2.498	7.267	2.531	4.744	2.444	7.506	2.515	4.724
28.040	R3	2.287	7.785	2.488	4.443	2.436	7.265	2.513	4.748
28.080	R3	2.400	7.966	2.471	4.922	2.440	7.054	2.508	4.742
28.120	R3	2.467	8.030	2.675	5.042	2.442	6.783	2.514	4.769
28.160	R3	2.423	8.385	2.423	5.142	2.439	6.589	2.509	4.802
28.200	R3	2.478	8.279	2.550	5.186	2.438	6.323	2.508	4.813
28.240	R3	2.459	4.705	2.497	5.043	2.434	6.213	2.505	4.834
28.280	R3	2.417	4.590	2.417	4.535	2.435	6.153	2.502	4.885
28.320	R3	2.436	6.423	2.575	4.580	2.436	6.110	2.503	4.916
28.360	R3	2.461	4.622	2.461	5.062	2.428	6.020	2.503	4.876
28.400	R3	2.436	4.901	2.556	5.248	2.434	5.841	2.496	4.865
28.440	R3	2.463	5.753	2.463	4.691	2.429	5.715	2.490	4.828
28.480	R3	2.522	5.405	2.584	5.298	2.435	5.570	2.490	4.852
28.520	R3	2.338	4.818	2.338	4.813	2.434	5.416	2.485	4.834
28.560	R3	2.440	4.265	2.488	4.468	2.427	5.307	2.469	4.814
28.600	R3	2.427	4.840	2.427	4.839	2.430	5.138	2.473	4.762
28.640	R3	2.487	4.685	2.594	5.209	2.427	4.931	2.466	4.709
28.680	R3	2.463	4.768	2.463	4.971	2.427	4.920	2.464	4.664
28.720	R3	2.407	4.543	2.560	4.359	2.428	4.900	2.470	4.681
28.760	R3	2.369	4.784	2.369	4.714	2.431	4.802	2.466	4.690
28.800	R3	2.401	4.752	2.401	3.993	2.429	4.825	2.469	4.663
28.840	R3	2.400	4.880	2.482	4.923	2.437	4.808	2.470	4.650
28.880	R3	2.382	4.896	2.382	4.562	2.434	4.754	2.477	4.702
28.920	R3	2.335	5.853	2.360	4.652	2.434	4.700	2.476	4.721
28.960	R3	2.485	4.991	2.485	4.093	2.442	4.684	2.492	4.752
29.000	R3	2.421	4.149	2.421	4.131	2.437	4.733	2.486	4.798
29.040	R3	2.448	4.488	2.448	4.144	2.442	4.743	2.493	4.806
29.080	R3	2.439	4.181	2.535	4.872	2.442	4.742	2.488	4.775
29.120	R3	2.503	4.459	2.503	4.752	2.446	4.759	2.495	4.787
29.160	R3	2.421	5.084	2.522	4.530	2.446	4.764	2.497	4.800
29.200	R3	2.583	4.575	2.583	4.980	2.448	4.747	2.514	4.835
29.240	R3	2.410	4.662	2.589	5.746	2.450	4.778	2.516	4.830
29.280	R3	2.528	4.321	2.576	5.673	2.450	4.853	2.513	4.826
29.320	R3	2.491	4.503	2.649	5.437	2.455	4.887	2.519	4.860
29.360	R3	2.345	5.239	2.371	5.389	2.457	4.821	2.521	4.883
29.400	R3	2.520	5.041	2.576	4.986	2.455	4.803	2.525	4.932
29.440	R3	2.487	4.676	2.487	4.593	2.453	4.861	2.523	4.965
29.480	R3	2.554	5.108	2.596	5.211	2.454	4.889	2.536	5.017
29.520	R3	2.397	4.639	2.615	4.626	2.447	4.955	2.524	5.045
29.560	R3	2.407	4.440	2.710	5.401	2.441	4.991	2.523	5.067
29.600	R3	2.438	5.366	2.438	3.890	2.441	4.986	2.518	5.098
29.640	R3	2.410	6.382	2.421	4.860	2.434	4.995	2.517	5.097
29.680	R3	2.469	5.591	2.506	5.224	2.434	4.990	2.508	5.061
29.720	R3	2.390	4.516	2.390	5.115	2.426	5.030	2.506	5.016
29.760	R3	2.436	4.647	2.562	5.087	2.424	5.047	2.498	4.984
29.800	R3	2.386	5.300	2.386	4.784	2.434	5.038	2.507	4.962
29.840	R3	2.472	5.052	2.715	5.193	2.427	5.031	2.498	4.948
29.880	R3	2.290	5.502	2.290	5.414	2.425	5.031	2.497	4.949
29.920	R3	2.383	5.170	2.478	5.201	2.419	5.043	2.491	4.925
29.960	R3	2.419	4.982	2.419	5.144	2.412	5.035	2.473	4.920
30.000	R3	2.443	4.762	2.565	4.959	2.420	5.048	2.468	4.914
30.040	R3	2.421	4.569	2.421	5.039	2.425	4.978	2.472	4.964
30.080	R3	2.355	5.110	2.529	4.775	2.428	4.865	2.474	4.954
30.120	R3	2.467	4.844	2.477	4.779	2.425	4.802	2.469	4.929
30.160	R3	2.538	5.065	2.563	4.962	2.426	4.831	2.475	4.905
30.200	R3	2.388	4.894	2.388	4.695	2.424	4.836	2.479	4.881
30.240	R3	2.447	4.680	2.463	4.630	2.426	4.911	2.488	4.905
30.280	R3	2.420	5.353	2.482	4.724	2.423	4.976	2.477	4.889
30.320	R3	2.262	4.475	2.262	4.515	2.430	4.915	2.492	4.868
30.360	R3	2.577	4.703	2.601	5.283	2.437	4.877	2.496	4.858
30.400	R3	2.522	3.956	2.522	4.892	2.441	4.839	2.501	4.834
30.440	R3	2.471	4.123	2.471	4.663	2.443	4.822	2.497	4.832
30.480	R3	2.405	4.341	2.405	4.728	2.436	4.818	2.501	4.797
30.520	R3	2.421	5.099	2.501	4.630	2.439	4.791	2.495	4.791
30.560	R3	2.400	4.742	2.649	4.601	2.445	4.795	2.505	4.772
30.600	R3	2.429	6.798	2.557	5.272	2.435	4.767	2.502	4.757
30.640	R3	2.410	6.358	2.491	4.875	2.438	4.967	2.505	4.753
30.680	R3	2.431	4.268	2.600	4.986	2.435	5.275	2.501	4.762
30.720	R3	2.515	4.409	2.552	5.004	2.434	5.490	2.498	4.763
30.760	R3	2.495	4.229	2.530	4.674	2.437	5.803	2.502	4.763
30.800	R3	2.486	4.428	2.486	4.919	2.435	6.085	2.498	4.743
30.840	R3	2.289	4.476	2.493	4.323	2.432	6.402	2.498	4.738
30.880	R3	2.405	4.581	2.405	4.664	2.432	6.660	2.499	4.734
30.920	R3	2.585	4.929	2.689	4.398	2.440	6.838	2.508	4.725
30.960	R3	2.352	4.489	2.500	4.664	2.440	6.945	2.514	4.700
31.000	R3	2.434	8.893	2.434	4.619	2.443	7.051	2.505	4.687
31.040	R3	2.389	10.852	2.389	4.812	2.440	7.071	2.504	4.659
31.080	R3	2.397	9.653	2.433	4.737	2.436	7.156	2.496	4.669
31.120	R3	2.326	10.733	2.326	4.522	2.431	7.326	2.488	4.647
31.160	R3	2.531	10.348	2.531	4.874	2.423	7.452	2.477	4.656
31.200	R3	2.462	10.280	2.524	4.793	2.414	7.603	2.472	4.656
31.240	R3	2.484	9.290	2.484	4.581	2.415	7.739	2.476	4.663
31.280	R3	2.562	7.894	2.585	4.556	2.427	7.852	2.480	4.677
31.320	R3	2.416	7.244	2.630	4.124	2.432	7.975	2.489	4.681
31.360	R3	2.462	6.860	2.462	4.344	2.429	8.076	2.481	4.682
31.400	R3	2.359	7.205	2.540	4.709	2.435	8.210	2.480	4.677
31.440	R3	2.330	8.068	2.330	5.070	2.442	8.132	2.487	4.681
31.480	R3	2.347	7.667	2.432	4.560	2.442	8.053	2.486	4.667
31.520	R3	2.340	6.917	2.340	5.180	2.448	7.997	2.491	4.682
31.560	R3	2.330	7.261	2.423	4.675	2.450	7.879	2.493	4.717
31.600	R3	2.494	7.131	2.559	5.054	2.446	7.770	2.489	4.735
31.640	R3	2.524	6.749	2.587	4.603	2.445	7.740	2.485	4.744
31.680	R3	2.509	7.029	2.582	4.743	2.447	7.775	2.490	4.787
31.720	R3	2.527	6.951	2.527	4.420	2.442	7.818	2.488	4.818
31.760	R3	2.477	7.179	2.477	4.554	2.444	7.982	2.479	4.856
31.800	R3	2.570	7.331	2.570	4.709	2.444	8.171	2.479	4.879
31.840	R3	2.387	9.273	2.387	4.530	2.448	8.341	2.480	4.873
31.880	R3	2.515	8.523	2.515	5.046	2.453	8.459	2.485	4.867
31.920	R3	2.379	8.372	2.379	5.219	2.466	8.576	2.499	4.894
31.960	R3	2.451	8.178	2.451	5.228	2.478	8.773	2.512	4.846
32.000	R3	2.434	9.677	2.434	4.979	2.480	8.927	2.515	4.843
32.040	R3	2.523	9.992	2.588	5.431	2.474	9.094	2.509	4.774
32.080	R3	2.469	8.761	2.551	5.172	2.466	9.300	2.499	4.766
32.120	R3	2.452	10.521	2.452	4.903	2.460	9.410	2.493	4.827
32.160	R3	2.461	10.635	2.461	4.789	2.449	9.586	2.482	4.821
32.200	R3	2.448	10.607	2.551	4.585	2.448	9.719	2.488	4.821
32.240	R3	2.429	10.427	2.429	4.955	2.446	9.894	2.485	4.842
32.280	R3	2.602	9.997	2.708	5.096	2.444	9.947	2.484	4.850
32.320	R3	2.581	10.875	2.605	4.234	2.437	10.023	2.487	4.847
32.360	R3	2.367	10.335	2.490	4.605	2.440	10.102	2.499	4.858
32.400	R3	2.368	10.460	2.442	3.678	2.432	10.190	2.495	4.799
32.440	R3	2.380	10.883	2.380	4.435	2.432	10.247	2.495	4.774
32.480	R3	2.391	9.219	2.465	5.963	2.427	10.274	2.492	4.750
32.520	R3	2.302	10.484	2.302	4.316	2.420	10.349	2.485	4.702
32.560	R3	2.449	9.823	2.596	4.554	2.422	10.319	2.487	4.678
32.600	R3	2.525	10.842	2.525	5.120	2.421	10.327	2.486	4.653
32.640	R3	2.360	10.326	2.360	4.700	2.425	10.280	2.485	4.673
32.680	R3	2.378	10.037	2.566	4.977	2.426	10.246	2.486	4.684
32.720	R3	2.422	9.969	2.615	5.439	2.421	10.263	2.479	4.646
32.760	R3	2.291	9.931	2.373	4.042	2.416	10.189	2.473	4.693
32.800	R3	2.441	10.815	2.441	4.477	2.419	10.152	2.471	4.688
32.840	R3	2.420	10.535	2.538	4.961	2.420	10.170	2.467	4.756
32.880	R3	2.342	10.267	2.402	4.203	2.419	10.109	2.467	4.761
32.920	R3	2.481	9.917	2.481	4.437	2.424	10.157	2.468	4.684
32.960	R3	2.447	10.788	2.447	4.274	2.429	10.124	2.477	4.713
33.000	R3	2.521	9.673	2.536	5.001	2.432	10.159	2.474	4.748
33.040	R3	2.458	9.736	2.458	5.162	2.432	10.134	2.474	4.730
33.080	R3	2.488	10.342	2.562	4.333	2.438	10.116	2.483	4.732
33.120	R3	2.483	9.390	2.483	5.178	2.445	10.153	2.481	4.734
33.160	R3	2.439	9.597	2.439	4.503	2.448	10.155	2.485	4.736
33.200	R3	2.374	10.823	2.374	5.041	2.452	10.165	2.484	4.775
33.240	R3	2.375	9.671	2.375	4.537	2.446	10.165	2.478	4.785
33.280	R3	2.490	10.178	2.490	4.421	2.449	10.084	2.486	4.779
33.320	R3	2.390	9.823	2.485	4.901	2.451	10.120	2.489	4.806
33.360	R3	2.516	10.512	2.527	5.258	2.449	10.117	2.495	4.858
33.400	R3	2.531	10.342	2.531	4.747	2.450	10.096	2.496	4.896
33.440	R3	2.466	9.979	2.527	4.738	2.450	10.166	2.496	4.922
33.480	R3	2.527	10.763	2.527	5.022	2.449	10.204	2.497	4.890
33.520	R3	2.483	10.023	2.696	5.485	2.447	10.193	2.490	4.951
33.560	R3	2.367	10.123	2.367	4.821	2.447	10.246	2.495	4.956
33.600	R3	2.314	10.824	2.314	4.685	2.444	10.290	2.497	4.981
33.640	R3	2.487	8.916	2.704	4.834	2.440	10.259	2.494	4.968
33.680	R3	2.389	10.971	2.465	4.751	2.443	10.284	2.501	4.978
33.720	R3	2.431	9.861	2.589	5.470	2.441	10.311	2.501	5.025
33.760	R3	2.479	10.372	2.479	5.041	2.443	10.356	2.505	5.040
33.800	R3	2.522	11.069	2.522	5.508	2.439	10.350	2.501	5.039
33.840	R3	2.440	10.508	2.477	4.518	2.441	10.375	2.513	5.126
33.880	R3	2.434	10.107	2.434	5.554	2.440	10.330	2.508	5.114
33.920	R3	2.492	10.460	2.577	5.294	2.433	10.302	2.509	5.126
33.960	R3	2.370	10.482	2.488	4.991	2.430	10.327	2.495	5.088
34.000	R3	2.303	10.193	2.303	4.779	2.435	10.351	2.501	5.090
34.040	R3	2.424	10.182	2.516	4.750	2.440	10.315	2.515	5.105
34.080	R3	2.461	10.720	2.485	5.346	2.435	10.342	2.509	5.105
34.120	R3	2.421	10.706	2.575	5.214	2.444	10.298	2.516	5.102
34.160	R3	2.430	10.396	2.446	5.225	2.445	10.304	2.509	5.077
34.200	R3	2.586	10.840	2.765	6.504	2.439	10.246	2.505	5.092
34.240	R3	2.432	9.084	2.432	4.485	2.433	10.181	2.504	5.047
34.280	R3	2.395	10.196	2.556	5.259	2.437	10.180	2.514	5.085
34.320	R3	2.416	10.533	2.416	4.741	2.434	10.203	2.516	5.032
34.360	R3	2.476	10.596	2.476	4.855	2.430	10.178	2.508	4.999
34.400	R3	2.412	10.106	2.585	4.987	2.430	10.158	2.502	4.970
34.440	R3	2.383	9.451	2.589	4.835	2.439	10.163	2.514	4.950
34.480	R3	2.569	10.101	2.605	4.674	2.438	10.181	2.508	4.938
34.520	R3	2.449	9.971	2.449	4.977	2.440	10.162	2.509	4.878
34.560	R3	2.363	9.223	2.408	5.352	2.438	10.141	2.502	4.856
34.600	R3	2.408	9.767	2.495	4.593	2.442	10.117	2.505	4.822
34.640	R3	2.509	10.484	2.678	5.288	2.440	10.077	2.496	4.713
34.680	R3	2.382	10.570	2.473	4.495	2.440	10.121	2.496	4.731
34.720	R3	2.413	9.950	2.413	4.627	2.439	10.143	2.487	4.700
34.760	R3	2.373	10.097	2.373	4.411	2.428	10.117	2.477	4.689
34.800	R3	2.467	10.283	2.543	4.378	2.424	10.003	2.481	4.676
34.840	R3	2.404	10.541	2.404	4.516	2.427	9.987	2.477	4.668
34.880	R3	2.503	10.350	2.503	4.138	2.433	10.044	2.473	4.647
34.920	R3	2.384	10.279	2.426	4.786	2.423	10.081	2.461	4.646
34.960	R3	2.519	9.914	2.519	4.541	2.418	10.086	2.470	4.688
35.000	R3	2.542	10.038	2.585	4.321	2.417	10.175	2.467	4.667
35.040	R3	2.431	9.958	2.431	4.835	2.423	10.183	2.470	4.681
35.080	R3	2.375	10.639	2.375	4.654	2.423	10.165	2.468	4.667
35.120	R3	2.206	10.010	2.206	4.521	2.429	10.156	2.476	4.683
35.160	R3	2.386	8.334	2.566	4.589	2.426	10.180	2.473	4.674
35.200	R3	2.464	9.785	2.501	4.831	2.433	10.163	2.490	4.674
35.240	R3	2.518	10.582	2.518	4.405	2.429	10.189	2.481	4.661
35.280	R3	2.363	10.851	2.363	4.659	2.432	10.118	2.488	4.640
35.320	R3	2.352	10.060	2.628	5.815	2.431	9.990	2.489	4.671
35.360	R3	2.336	10.999	2.336	4.932	2.434	9.961	2.491	4.659
35.400	R3	2.536	9.943	2.562	4.874	2.429	9.975	2.486	4.647
35.440	R3	2.498	10.106	2.635	5.013	2.424	9.977	2.478	4.672
35.480	R3	2.501	10.408	2.625	4.810	2.422	9.915	2.483	4.671
35.520	R3	2.354	10.423	2.354	4.445	2.423	9.793	2.495	4.674
35.560	R3	2.528	9.764	2.718	4.411	2.435	9.770	2.507	4.691
35.600	R3	2.376	10.787	2.376	4.121	2.434	9.798	2.497	4.723
35.640	R3	2.469	9.129	2.541	4.108	2.437	9.821	2.506	4.740
35.680	R3	2.480	7.791	2.525	4.751	2.428	9.736	2.502	4.752
35.720	R3	2.451	9.709	2.451	4.553	2.435	9.637	2.513	4.762
35.760	R3	2.422	10.182	2.422	4.292	2.441	9.623	2.508	4.720
35.800	R3	2.429	10.075	2.429	4.817	2.439	9.641	2.505	4.715
35.840	R3	2.387	8.733	2.521	4.822	2.429	9.603	2.499	4.695
35.880	R3	2.403	8.181	2.624	4.717	2.432	9.469	2.497	4.698
35.920	R3	2.438	9.554	2.445	4.865	2.428	9.416	2.486	4.702
35.960	R3	2.372	8.892	2.372	5.225	2.433	9.294	2.493	4.727
36.000	R3	2.526	10.255	2.677	5.173	2.429	9.183	2.481	4.759
36.040	R3	2.330	8.881	2.428	4.643	2.424	9.088	2.490	4.837
36.080	R3	2.514	8.877	2.595	4.852	2.424	9.002	2.488	4.871
36.120	R3	2.473	9.770	2.516	4.980	2.422	8.982	2.491	4.902
36.160	R3	2.286	11.370	2.286	4.833	2.421	8.913	2.501	4.903
36.200	R3	2.350	9.167	2.450	4.477	2.422	8.849	2.507	4.950
36.240	R3	2.561	7.423	2.584	5.058	2.424	8.836	2.511	4.953
36.280	R3	2.409	9.348	2.409	4.889	2.427	8.820	2.508	4.959
36.320	R3	2.457	7.987	2.486	4.954	2.425	8.879	2.495	4.982
36.360	R3	2.442	7.559	2.488	5.046	2.422	8.764	2.496	4.984
36.400	R3	2.279	8.871	2.545	5.694	2.426	8.794	2.501	4.993
36.440	R3	2.464	7.414	2.518	4.785	2.419	8.682	2.486	4.988
36.480	R3	2.438	7.388	2.583	5.366	2.426	8.636	2.491	4.995
36.520	R3	2.450	8.343	2.637	4.575	2.413	8.622	2.474	5.010
36.560	R3	2.426	8.884	2.546	5.226	2.410	8.626	2.469	5.004
36.600	R3	2.466	9.830	2.509	4.875	2.413	8.478	2.479	4.995
36.640	R3	2.462	8.414	2.462	4.941	2.418	8.445	2.491	5.014
36.680	R3	2.364	9.365	2.364	5.178	2.408	8.531	2.479	4.985
36.720	R3	2.363	7.244	2.463	4.910	2.404	8.472	2.480	4.964
36.760	R3	2.466	9.486	2.466	5.413	2.407	8.492	2.482	4.955
36.800	R3	2.381	8.020	2.381	5.060	2.410	8.467	2.492	4.939
36.840	R3	2.478	7.964	2.531	4.782	2.419	8.448	2.487	4.904
36.880	R3	2.250	8.593	2.250	5.156	2.415	8.427	2.483	4.901
36.920	R3	2.417	9.848	2.417	4.863	2.419	8.478	2.479	4.883
36.960	R3	2.337	8.414	2.485	4.659	2.414	8.429	2.476	4.910
37.000	R3	2.458	8.498	2.694	4.844	2.411	8.443	2.476	4.880
37.040	R3	2.349	9.148	2.349	4.492	2.410	8.369	2.481	4.881
37.080	R3	2.331	8.175	2.433	4.470	2.413	8.401	2.490	4.886
37.120	R3	2.518	8.387	2.518	4.763	2.414	8.399	2.494	4.891
37.160	R3	2.504	7.050	2.681	4.719	2.420	8.527	2.497	4.908
37.200	R3	2.457	8.489	2.457	5.011	2.421	8.527	2.506	4.896
37.240	R3	2.395	7.003	2.443	4.717	2.421	8.636	2.507	4.874
37.280	R3	2.499	8.411	2.499	5.005	2.419	8.733	2.504	4.867
37.320	R3	2.361	7.367	2.580	5.112	2.430	8.774	2.518	4.860
37.360	R3	2.373	9.148	2.547	4.627	2.424	8.669	2.512	4.880
37.400	R3	2.445	8.367	2.598	4.901	2.429	8.663	2.513	4.926
37.440	R3	2.506	9.042	2.650	5.031	2.432	8.713	2.517	5.012
37.480	R3	2.398	9.334	2.436	5.293	2.435	8.740	2.521	5.033
37.520	R3	2.481	9.806	2.516	5.243	2.438	8.790	2.521	5.049
37.560	R3	2.481	9.471	2.654	5.168	2.436	8.807	2.536	5.076
37.600	R3	2.387	10.214	2.393	4.633	2.424	8.907	2.523	5.063
37.640	R3	2.426	9.905	2.472	4.625	2.416	8.938	2.516	5.045
37.680	R3	2.478	9.395	2.534	5.029	2.419	9.030	2.521	5.044
37.720	R3	2.294	7.753	2.294	5.252	2.413	8.987	2.520	5.019
37.760	R3	2.429	8.307	2.514	5.588	2.413	9.029	2.509	5.011
37.800	R3	2.525	9.489	2.775	6.567	2.415	9.019	2.502	5.013
37.840	R3	2.418	9.688	2.418	4.914	2.415	9.014	2.494	5.005
37.880	R3	2.386	9.183	2.447	4.792	2.411	8.885	2.483	4.967
37.920	R3	2.469	8.710	2.806	5.287	2.418	8.815	2.488	4.939
37.960	R3	2.274	9.057	2.436	4.465	2.419	8.676	2.487	4.939
38.000	R3	2.305	9.109	2.305	4.644	2.410	8.596	2.471	4.925
38.040	R3	2.446	8.842	2.544	4.702	2.403	8.549	2.482	4.932
38.080	R3	2.386	7.548	2.476	4.507	2.401	8.509	2.478	4.947
38.120	R3	2.358	8.218	2.358	4.947	2.403	8.489	2.480	4.929
38.160	R3	2.413	8.945	2.413	4.672	2.409	8.513	2.502	4.927
38.200	R3	2.437	8.264	2.437	4.736	2.405	8.587	2.494	4.857
38.240	R3	2.434	6.464	2.434	4.268	2.399	8.608	2.476	4.756
38.280	R3	2.537	7.939	2.537	4.735	2.399	8.648	2.475	4.755
38.320	R3	2.493	7.013	2.493	5.257	2.405	8.649	2.480	4.748
38.360	R3	2.296	7.876	2.332	4.876	2.410	8.580	2.469	4.719
38.400	R3	2.255	9.266	2.620	4.769	2.421	8.450	2.475	4.734
38.440	R3	2.387	9.108	2.387	4.929	2.427	8.512	2.480	4.750
38.480	R3	2.527	9.002	2.583	4.667	2.423	8.562	2.473	4.748
38.520	R3	2.398	8.228	2.717	5.217	2.431	8.699	2.478	4.769
38.560	R3	2.363	9.790	2.363	4.191	2.435	8.795	2.491	4.762
38.600	R3	2.404	9.906	2.404	4.553	2.432	8.846	2.488	4.779
38.640	R3	2.411	10.484	2.411	4.890	2.436	8.904	2.494	4.775
38.680	R3	2.501	9.218	2.544	4.648	2.428	8.982	2.494	4.799
38.720	R3	2.578	7.328	2.578	4.701	2.427	8.995	2.492	4.797
38.760	R3	2.498	6.442	2.555	4.777	2.421	8.979	2.500	4.806
38.800	R3	2.410	10.349	2.410	4.949	2.431	8.963	2.521	4.820
38.840	R3	2.366	9.858	2.406	4.668	2.438	8.828	2.515	4.856
38.880	R3	2.549	10.290	2.571	4.922	2.437	8.711	2.522	4.853
38.920	R3	2.433	10.125	2.623	4.814	2.431	8.692	2.519	4.868
38.960	R3	2.357	9.972	2.357	5.013	2.430	8.785	2.508	4.835
39.000	R3	2.516	9.425	2.550	4.657	2.430	8.751	2.507	4.880
39.040	R3	2.287	8.015	2.433	4.740	2.438	8.736	2.515	4.950
39.080	R3	2.501	8.214	2.501	4.702	2.444	8.710	2.521	4.948
39.120	R3	2.386	6.682	2.645	5.436	2.436	8.689	2.512	4.987
39.160	R3	2.493	7.551	2.752	5.150	2.436	8.833	2.511	5.000
39.200	R3	2.400	6.567	2.510	5.504	2.430	8.978	2.503	4.998
39.240	R3	2.367	6.776	2.525	4.865	2.432	8.883	2.510	5.001
39.280	R3	2.405	8.620	2.527	4.972	2.438	8.828	2.513	5.011
39.320	R3	2.381	10.084	2.490	4.546	2.430	8.799	2.510	5.017
39.360	R3	2.356	9.121	2.356	5.099	2.432	8.756	2.503	5.027
39.400	R3	2.555	9.608	2.555	5.942	2.427	8.763	2.510	5.021
39.440	R3	2.539	9.956	2.539	4.862	2.422	8.768	2.507	5.033
39.480	R3	2.353	8.791	2.353	5.411	2.435	8.865	2.512	5.039
39.520	R3	2.567	10.211	2.567	4.966	2.434	8.971	2.512	5.030
39.560	R3	2.385	9.339	2.385	4.743	2.438	9.080	2.504	5.030
39.600	R3	2.447	8.456	2.556	4.997	2.434	9.212	2.487	5.012
39.640	R3	2.474	8.753	2.474	4.878	2.435	9.396	2.483	4.966
39.680	R3	2.408	9.717	2.511	5.049	2.440	9.509	2.480	4.949
39.720	R3	2.465	9.253	2.465	5.004	2.438	9.493	2.480	4.950
39.760	R3	2.259	10.126	2.504	4.904	2.442	9.488	2.479	4.963
39.800	R3	2.418	9.519	2.488	4.893	2.449	9.404	2.488	4.941
39.840	R3	2.544	9.963	2.544	4.853	2.444	9.384	2.483	4.916
39.880	R3	2.487	10.323	2.503	4.531	2.440	9.348	2.480	4.926
39.920	R3	2.455	8.859	2.483	5.424	2.446	9.379	2.486	4.899
39.960	R3	2.414	10.197	2.414	4.800	2.435	9.173	2.485	4.902
40.000	R3	2.431	10.244	2.431	4.573	2.441	8.977	2.499	4.906
40.040	R3	2.450	9.044	2.450	4.528	2.446	8.877	2.501	4.914
40.080	R3	2.367	8.301	2.534	4.992	2.451	8.754	2.505	4.919
40.120	R3	2.465	9.984	2.465	4.806	2.447	8.614	2.506	4.902
40.160	R3	2.494	7.442	2.532	4.661	2.440	8.467	2.504	4.889
40.200	R3	2.450	9.203	2.467	5.437	2.447	8.386	2.502	4.888
40.240	R3	2.478	9.227	2.478	5.072	2.446	8.268	2.504	4.888
40.280	R3	2.474	9.422	2.474	4.868	2.443	8.095	2.501	4.888
40.320	R3	2.330	6.087	2.546	5.030	2.449	7.914	2.507	4.929
40.360	R3	2.510	5.419	2.672	4.811	2.450	7.906	2.512	4.895
40.400	R3	2.559	6.450	2.588	5.169	2.458	7.785	2.524	4.881
40.440	R3	2.557	6.300	2.557	4.970	2.457	7.777	2.530	4.890
40.480	R3	2.327	6.921	2.537	4.722	2.451	7.732	2.531	4.890
40.520	R3	2.326	6.300	2.407	4.739	2.459	7.776	2.530	4.903
40.560	R3	2.410	8.512	2.479	4.874	2.459	7.643	2.532	4.910
40.600	R3	2.394	7.156	2.522	4.891	2.455	7.728	2.525	4.923
40.640	R3	2.491	6.504	2.491	4.868	2.450	7.749	2.526	4.894
40.680	R3	2.607	6.708	2.607	5.348	2.448	7.732	2.532	4.895
40.720	R3	2.464	8.697	2.589	4.742	2.442	7.644	2.526	4.897
40.760	R3	2.572	7.783	2.650	4.518	2.448	7.807	2.521	4.873
40.800	R3	2.407	10.091	2.547	4.756	2.442	8.044	2.517	4.869
40.840	R3	2.341	8.144	2.471	4.535	2.440	8.222	2.513	4.847
40.880	R3	2.524	9.181	2.524	5.238	2.434	8.392	2.507	4.842
40.920	R3	2.465	7.307	2.495	4.944	2.436	8.486	2.510	4.888
40.960	R3	2.404	9.151	2.404	4.928	2.436	8.618	2.520	4.926
41.000	R3	2.358	9.626	2.479	4.851	2.435	8.540	2.527	4.922
41.040	R3	2.438	8.887	2.602	5.088	2.433	8.677	2.535	4.925
41.080	R3	2.360	7.651	2.360	4.909	2.426	8.767	2.534	4.923
41.120	R3	2.437	9.359	2.437	4.564	2.423	8.877	2.531	4.887
41.160	R3	2.401	10.151	2.588	4.729	2.428	8.765	2.530	4.881
41.200	R3	2.506	10.004	2.506	4.730	2.423	8.688	2.521	4.881
41.240	R3	2.437	9.714	2.437	4.876	2.428	8.522	2.519	4.861
41.280	R3	2.376	8.795	2.599	5.630	2.436	8.464	2.520	4.872
41.320	R3	2.326	8.941	2.621	5.508	2.431	8.475	2.515	4.821
41.360	R3	2.384	6.949	2.608	4.795	2.430	8.586	2.513	4.821
41.400	R3	2.356	9.906	2.677	4.934	2.432	8.630	2.517	4.797
41.440	R3	2.351	8.301	2.480	4.834	2.438	8.604	2.518	4.754
41.480	R3	2.556	8.905	2.556	4.633	2.439	8.653	2.510	4.749
41.520	R3	2.566	6.445	2.566	4.628	2.441	8.806	2.513	4.729
41.560	R3	2.470	6.247	2.470	4.504	2.438	8.845	2.520	4.732
41.600	R3	2.497	6.768	2.497	4.354	2.440	8.816	2.513	4.728
41.640	R3	2.499	6.983	2.499	4.761	2.439	8.796	2.512	4.740
41.680	R3	2.428	9.410	2.428	4.211	2.434	8.730	2.515	4.742
41.720	R3	2.451	9.526	2.451	4.960	2.433	8.719	2.511	4.720
41.760	R3	2.438	10.023	2.487	4.440	2.437	8.686	2.500	4.688
41.800	R3	2.491	9.111	2.491	3.997	2.433	8.718	2.486	4.681
41.840	R3	2.450	9.864	2.450	4.986	2.439	8.666	2.481	4.665
41.880	R3	2.397	10.720	2.418	4.518	2.443	8.650	2.478	4.654
41.920	R3	2.387	10.136	2.579	4.612	2.440	8.664	2.479	4.669
41.960	R3	2.442	9.579	2.442	4.654	2.433	8.780	2.473	4.678
42.000	R3	2.480	9.587	2.480	4.968	2.429	8.808	2.472	4.688
42.040	R3	2.332	8.402	2.506	4.920	2.432	8.933	2.474	4.714
42.080	R3	2.354	8.587	2.512	5.195	2.430	9.092	2.478	4.710
42.120	R3	2.400	8.273	2.400	4.849	2.431	9.075	2.484	4.765
42.160	R3	2.322	7.584	2.322	4.657	2.426	9.083	2.479	4.748
42.200	R3	2.466	8.866	2.588	4.627	2.425	9.023	2.478	4.751
42.240	R3	2.427	7.995	2.427	4.608	2.421	9.052	2.473	4.800
42.280	R3	2.499	9.171	2.567	4.933	2.425	9.037	2.478	4.812
42.320	R3	2.438	8.764	2.438	4.801	2.431	8.982	2.482	4.853
42.360	R3	2.388	6.810	2.459	4.703	2.435	8.933	2.477	4.876
42.400	R3	2.545	9.278	2.545	4.881	2.435	8.791	2.488	4.889
42.440	R3	2.458	10.146	2.574	4.687	2.434	8.734	2.493	4.894
42.480	R3	2.456	9.073	2.538	5.297	2.439	8.670	2.495	4.915
42.520	R3	2.355	9.685	2.355	4.632	2.442	8.626	2.490	4.905
42.560	R3	2.408	8.838	2.460	4.495	2.443	8.698	2.494	4.905
42.600	R3	2.407	9.675	2.407	4.974	2.444	8.687	2.507	4.940
42.640	R3	2.535	9.578	2.535	5.232	2.442	8.697	2.506	4.976
42.680	R3	2.514	9.618	2.514	5.346	2.446	8.750	2.514	4.969
42.720	R3	2.475	9.156	2.475	5.060	2.445	8.744	2.509	4.930
42.760	R3	2.450	6.727	2.650	4.922	2.446	8.761	2.513	4.909
42.800	R3	2.446	8.446	2.587	5.072	2.450	8.941	2.524	4.923
42.840	R3	2.437	7.132	2.538	5.336	2.441	8.925	2.514	4.901
42.880	R3	2.414	7.714	2.414	4.980	2.439	8.879	2.506	4.932
42.920	R3	2.420	9.712	2.497	4.859	2.439	8.914	2.512	4.907
42.960	R3	2.348	7.355	2.577	5.350	2.443	8.848	2.516	4.915
43.000	R3	2.416	9.072	2.559	5.352	2.444	8.789	2.523	4.941
43.040	R3	2.521	9.046	2.585	4.470	2.444	8.732	2.524	4.955
43.080	R3	2.473	9.048	2.473	4.143	2.442	8.684	2.526	4.951
43.120	R3	2.456	9.103	2.509	4.395	2.438	8.716	2.522	4.939
43.160	R3	2.475	10.412	2.687	4.987	2.433	8.701	2.517	4.921
43.200	R3	2.349	8.972	2.349	4.434	2.439	8.855	2.517	4.921
43.240	R3	2.419	9.226	2.419	5.299	2.437	8.837	2.508	4.903
43.280	R3	2.466	9.758	2.647	4.796	2.437	8.967	2.504	4.896
43.320	R3	2.431	8.366	2.431	4.790	2.440	9.073	2.510	4.884
43.360	R3	2.423	7.654	2.601	5.021	2.442	9.084	2.510	4.890
43.400	R3	2.415	8.544	2.442	5.262	2.446	9.214	2.507	4.850
43.440	R3	2.486	8.627	2.563	5.147	2.452	9.231	2.508	4.814
43.480	R3	2.444	10.241	2.444	5.097	2.447	9.204	2.500	4.831
43.520	R3	2.371	8.868	2.371	4.715	2.443	9.207	2.497	4.841
43.560	R3	2.576	9.812	2.647	4.913	2.444	9.215	2.495	4.831
43.600	R3	2.407	8.086	2.407	4.711	2.441	9.206	2.482	4.806
43.640	R3	2.427	9.715	2.456	5.193	2.445	9.235	2.488	4.816
43.680	R3	2.482	9.837	2.538	4.742	2.442	9.278	2.484	4.762
43.720	R3	2.458	9.930	2.501	4.980	2.445	9.282	2.479	4.744
43.760	R3	2.427	9.968	2.521	4.554	2.449	9.204	2.485	4.766
43.800	R3	2.533	9.399	2.572	4.633	2.450	9.283	2.477	4.744
43.840	R3	2.414	8.508	2.414	4.811	2.457	9.300	2.485	4.730
43.880	R3	2.409	9.106	2.428	4.347	2.464	9.326	2.489	4.755
43.920	R3	2.471	9.277	2.471	4.182	2.463	9.249	2.490	4.747
43.960	R3	2.408	10.219	2.408	4.500	2.461	9.274	2.491	4.720
44.000	R3	2.436	9.560	2.479	4.634	2.445	9.251	2.477	4.731
44.040	R3	2.346	10.094	2.346	4.204	2.444	9.076	2.484	4.726
44.080	R3	2.539	9.828	2.539	4.454	2.445	8.901	2.490	4.726
44.120	R3	2.504	6.813	2.557	5.214	2.440	8.751	2.486	4.721
44.160	R3	2.441	9.232	2.441	4.585	2.442	8.607	2.488	4.732
44.200	R3	2.553	8.879	2.598	4.978	2.446	8.466	2.487	4.711
44.240	R3	2.642	9.159	2.642	5.659	2.439	8.349	2.478	4.689
44.280	R3	2.417	8.700	2.459	4.922	2.441	8.215	2.481	4.685
44.320	R3	2.323	9.366	2.398	4.192	2.443	8.075	2.488	4.720
44.360	R3	2.271	9.352	2.356	5.132	2.441	7.958	2.487	4.754
44.400	R3	2.385	4.584	2.558	4.598	2.443	7.945	2.495	4.774
44.440	R3	2.436	6.218	2.569	5.203	2.454	8.005	2.508	4.768
44.480	R3	2.394	6.834	2.467	4.632	2.461	7.927	2.515	4.817
44.520	R3	2.497	7.038	2.544	5.200	2.453	7.818	2.508	4.847
44.560	R3	2.500	7.163	2.500	4.146	2.446	7.954	2.498	4.829
44.600	R3	2.390	7.053	2.390	4.195	2.447	7.969	2.506	4.850
44.640	R3	2.465	5.822	2.470	4.726	2.442	7.990	2.502	4.844
44.680	R3	2.435	6.321	2.564	5.049	2.428	8.018	2.488	4.790
44.720	R3	2.431	6.921	2.465	4.848	2.429	7.978	2.489	4.767
44.760	R3	2.454	9.956	2.551	4.911	2.436	7.872	2.494	4.790
44.800	R3	2.652	10.772	2.755	4.514	2.442	7.798	2.504	4.760
44.840	R3	2.485	8.535	2.485	5.174	2.440	7.961	2.493	4.761
44.880	R3	2.384	7.652	2.384	5.059	2.442	8.199	2.488	4.725
44.920	R3	2.356	9.517	2.356	4.849	2.439	8.269	2.492	4.700
44.960	R3	2.472	9.545	2.612	5.009	2.433	8.277	2.484	4.679
45.000	R3	2.455	9.290	2.513	4.862	2.429	8.248	2.489	4.731
45.040	R3	2.365	9.727	2.365	4.587	2.435	8.291	2.494	4.788
45.080	R3	2.430	7.901	2.481	4.460	2.436	8.326	2.498	4.805
45.120	R3	2.464	7.248	2.490	4.652	2.434	8.353	2.498	4.791
45.160	R3	2.399	7.864	2.560	4.528	2.436	8.337	2.498	4.796
45.200	R3	2.334	7.839	2.334	4.616	2.428	8.168	2.496	4.821
45.240	R3	2.475	10.978	2.475	4.480	2.413	8.000	2.478	4.818
45.280	R3	2.331	8.233	2.546	4.144	2.406	7.974	2.472	4.822
45.320	R3	2.380	7.208	2.380	4.771	2.411	8.073	2.479	4.843
45.360	R3	2.431	6.581	2.602	5.185	2.408	8.047	2.480	4.846
45.400	R3	2.501	7.915	2.501	5.326	2.399	7.985	2.464	4.871
45.440	R3	2.492	6.520	2.535	5.072	2.399	7.903	2.462	4.903
45.480	R3	2.399	6.858	2.567	4.778	2.402	7.735	2.464	4.938
45.520	R3	2.461	6.603	2.461	4.938	2.398	7.657	2.463	4.947
45.560	R3	2.296	6.571	2.529	5.411	2.392	7.723	2.456	4.959
45.600	R3	2.349	7.424	2.395	4.463	2.394	7.768	2.455	4.993
45.640	R3	2.346	8.005	2.346	5.258	2.398	7.824	2.460	4.985
45.680	R3	2.483	9.626	2.537	5.469	2.396	7.657	2.465	4.995
45.720	R3	2.303	9.013	2.381	4.901	2.401	7.678	2.460	5.027
45.760	R3	2.289	8.304	2.289	5.524	2.403	7.755	2.462	5.013
45.800	R3	2.459	7.653	2.459	5.500	2.403	7.782	2.453	4.991
45.840	R3	2.410	6.363	2.419	5.282	2.408	7.873	2.459	4.989
45.880	R3	2.361	6.341	2.458	4.639	2.406	8.044	2.465	5.000
45.920	R3	2.343	8.565	2.343	4.891	2.407	8.126	2.468	4.993
45.960	R3	2.428	8.766	2.550	5.206	2.410	8.212	2.474	4.991
46.000	R3	2.421	8.960	2.421	4.467	2.421	8.362	2.475	4.972
46.040	R3	2.428	7.629	2.588	4.681	2.423	8.462	2.481	5.012
46.080	R3	2.437	8.661	2.438	4.775	2.423	8.505	2.500	4.985
46.120	R3	2.419	8.742	2.419	4.496	2.422	8.452	2.504	4.954
46.160	R3	2.427	7.124	2.427	4.747	2.428	8.473	2.511	4.926
46.200	R3	2.612	9.723	2.612	5.274	2.437	8.488	2.524	4.896
46.240	R3	2.449	9.957	2.664	5.296	2.432	8.557	2.523	4.853
46.280	R3	2.418	8.487	2.626	4.640	2.432	8.719	2.533	4.837
46.320	R3	2.527	8.329	2.581	4.897	2.436	8.850	2.537	4.855
46.360	R3	2.517	9.571	2.547	5.035	2.443	8.854	2.544	4.875
46.400	R3	2.387	9.417	2.523	5.255	2.441	8.914	2.536	4.860
46.440	R3	2.340	8.868	2.716	4.727	2.442	8.945	2.537	4.858
46.480	R3	2.463	8.559	2.614	4.838	2.440	9.018	2.531	4.879
46.520	R3	2.417	9.446	2.525	4.343	2.441	9.095	2.531	4.888
46.560	R3	2.473	8.602	2.540	4.929	2.444	9.147	2.540	4.943
46.600	R3	2.362	9.036	2.456	4.646	2.440	9.288	2.543	4.928
46.640	R3	2.419	9.594	2.611	4.962	2.404	9.205	2.537	4.879
46.680	R3	2.441	8.974	2.544	4.989	2.406	9.168	2.542	4.877
46.720	R3	2.472	8.631	2.472	5.301	2.403	9.261	2.529	4.888
46.760	R3	2.399	9.980	2.399	4.897	2.402	9.295	2.526	4.876
46.800	R3	2.439	9.564	2.439	4.436	2.400	9.304	2.522	4.868
46.840	R3	2.388	9.097	2.462	5.088	2.401	9.298	2.516	4.827
46.880	R3	2.447	10.205	2.447	4.966	2.406	9.348	2.502	4.794
46.920	R3	2.484	9.768	2.595	5.591	2.409	9.386	2.498	4.781
46.960	R3	2.343	9.948	2.491	4.445	2.409	9.425	2.498	4.798
47.000	R3	1.894	8.062	2.493	4.295	2.412	9.470	2.502	4.773
47.040	R3	2.497	9.221	2.760	5.265	2.414	9.510	2.499	4.771
47.080	R3	2.357	10.356	2.357	4.859	2.416	9.488	2.491	4.750
47.120	R3	2.512	8.999	2.531	4.643	2.416	9.525	2.489	4.768
47.160	R3	2.467	9.753	2.467	4.890	2.410	9.538	2.491	4.773
47.200	R3	2.403	9.295	2.403	4.431	2.418	9.420	2.506	4.811
47.240	R3	2.444	9.869	2.444	4.066	2.413	9.341	2.500	4.847
47.280	R3	2.525	9.319	2.527	4.574	2.413	9.228	2.497	4.819
47.320	R3	2.415	10.222	2.530	4.696	2.423	9.146	2.509	4.821
47.360	R3	2.542	9.505	2.606	4.415	2.420	9.101	2.515	4.811
47.400	R3	2.404	9.842	2.404	4.607	2.424	9.045	2.511	4.820
47.440	R3	2.454	9.153	2.458	4.549	2.449	9.090	2.513	4.852
47.480	R3	2.440	9.704	2.486	5.355	2.444	9.095	2.498	4.821
47.520	R3	2.348	8.900	2.514	5.386	2.446	9.064	2.502	4.825
47.560	R3	2.559	7.609	2.698	5.667	2.440	9.059	2.496	4.844
47.600	R3	2.332	7.997	2.332	5.155	2.436	9.086	2.494	4.828
47.640	R3	2.400	6.834	2.400	4.533	2.435	9.087	2.492	4.840
47.680	R3	2.638	8.551	2.678	4.994	2.440	9.061	2.497	4.889
47.720	R3	2.423	8.882	2.714	5.397	2.440	9.067	2.497	4.891
47.760	R3	2.425	8.833	2.425	4.621	2.433	8.902	2.496	4.885
47.800	R3	2.401	8.960	2.527	4.939	2.427	8.933	2.488	4.899
47.840	R3	2.398	9.317	2.451	4.650	2.435	8.958	2.496	4.893
47.880	R3	2.397	9.731	2.453	4.939	2.435	8.913	2.502	4.906
47.920	R3	2.380	8.907	2.395	5.018	2.435	8.871	2.502	4.887
47.960	R3	2.396	10.289	2.432	4.578	2.437	8.904	2.503	4.888
48.000	R3	2.369	9.315	2.369	4.661	2.436	8.966	2.496	4.877
48.040	R3	2.548	9.356	2.548	5.054	2.447	9.033	2.515	4.858
48.080	R3	2.527	9.441	2.527	4.602	2.447	9.147	2.514	4.860
48.120	R3	2.275	6.914	2.507	4.578	2.433	9.084	2.509	4.852
48.160	R3	2.417	10.133	2.447	4.693	2.432	8.984	2.492	4.823
48.200	R3	2.567	10.341	2.567	4.482	2.435	8.836	2.496	4.836
48.240	R3	2.453	8.245	2.571	4.812	2.437	8.781	2.492	4.871
48.280	R3	2.455	8.874	2.492	4.973	2.441	8.682	2.493	4.909
48.320	R3	2.379	9.559	2.535	5.405	2.441	8.648	2.490	4.872
48.360	R3	2.534	8.839	2.541	5.459	2.445	8.588	2.493	4.864
48.400	R3	2.566	9.332	2.713	4.778	2.442	8.514	2.488	4.890
48.440	R3	2.389	9.129	2.389	4.573	2.449	8.506	2.498	4.925
48.480	R3	2.367	7.278	2.565	4.831	2.439	8.508	2.502	4.926
48.520	R3	2.393	6.894	2.393	4.814	2.436	8.510	2.498	4.926
48.560	R3	2.487	5.872	2.487	4.878	2.443	8.520	2.503	4.966
48.600	R3	2.446	7.860	2.446	5.648	2.445	8.336	2.504	4.966
48.640	R3	2.472	7.338	2.472	5.407	2.434	8.164	2.499	5.007
48.680	R3	2.407	9.039	2.407	4.192	2.437	8.247	2.503	4.993
48.720	R3	2.453	7.704	2.453	4.861	2.439	8.322	2.504	4.968
48.760	R3	2.327	8.818	2.327	5.108	2.447	8.340	2.503	4.931
48.800	R3	2.515	9.161	2.565	5.347	2.436	8.380	2.500	4.923
48.840	R3	2.358	9.383	2.627	5.070	2.426	8.334	2.482	4.924
48.880	R3	2.462	9.488	2.462	4.621	2.428	8.351	2.488	4.934
48.920	R3	2.417	7.114	2.598	5.361	2.429	8.517	2.484	4.901
48.960	R3	2.458	6.445	2.473	4.698	2.436	8.697	2.490	4.874
49.000	R3	2.344	6.917	2.463	5.312	2.433	8.877	2.490	4.850
49.040	R3	2.515	9.896	2.648	4.516	2.430	9.016	2.486	4.795
49.080	R3	2.500	10.374	2.512	4.485	2.429	9.155	2.485	4.761
49.120	R3	2.529	9.917	2.529	4.670	2.433	9.203	2.492	4.785
49.160	R3	2.321	9.632	2.480	5.283	2.427	9.257	2.486	4.747
49.200	R3	2.353	8.423	2.353	4.805	2.433	9.332	2.495	4.718
49.240	R3	2.427	9.457	2.500	4.771	2.429	9.360	2.495	4.675
49.280	R3	2.396	10.607	2.479	4.167	2.434	9.353	2.491	4.708
49.320	R3	2.527	10.498	2.527	4.286	2.431	9.380	2.488	4.728
49.360	R3	2.441	9.472	2.470	4.387	2.428	9.535	2.485	4.714
49.400	R3	2.376	10.642	2.376	4.548	2.424	9.717	2.486	4.717
49.440	R3	2.447	10.114	2.447	4.726	2.428	9.877	2.484	4.691
49.480	R3	2.497	9.988	2.552	4.676	2.423	9.884	2.480	4.724
49.520	R3	2.340	8.796	2.340	4.105	2.419	9.831	2.480	4.739
49.560	R3	2.429	10.304	2.493	4.528	2.415	9.862	2.484	4.741
49.600	R3	2.438	9.737	2.572	4.478	2.419	9.858	2.480	4.729
49.640	R3	2.460	9.237	2.548	5.738	2.424	9.803	2.485	4.739
49.680	R3	2.407	10.037	2.407	5.011	2.429	9.741	2.488	4.728
49.720	R3	2.348	10.199	2.536	5.080	2.434	9.636	2.489	4.759
49.760	R3	2.394	10.100	2.496	4.758	2.434	9.578	2.490	4.804
49.800	R3	2.409	10.113	2.409	4.792	2.433	9.469	2.494	4.855
49.840	R3	2.414	10.023	2.569	5.178	2.433	9.253	2.494	4.882
49.880	R3	2.426	9.329	2.523	4.782	2.437	9.064	2.501	4.874
49.920	R3	2.450	10.533	2.594	4.714	2.434	8.985	2.500	4.891
49.960	R3	2.409	9.539	2.409	5.042	2.436	8.908	2.502	4.929
50.000	R3	2.444	7.325	2.444	5.006	2.435	8.766	2.499	4.942
50.040	R3	2.523	8.227	2.571	4.557	2.440	8.600	2.499	4.974
50.080	R3	2.492	8.507	2.492	4.793	2.434	8.405	2.495	4.935
50.120	R3	2.545	9.339	2.545	5.174	2.440	8.243	2.503	4.907
50.160	R3	2.417	7.293	2.555	5.410	2.439	8.115	2.501	4.889
50.200	R3	2.379	6.316	2.379	5.098	2.435	7.838	2.497	4.871
50.240	R3	2.514	6.333	2.585	4.558	2.439	7.574	2.501	4.870
50.280	R3	2.432	8.415	2.534	5.020	2.438	7.334	2.495	4.844
50.320	R3	2.378	7.250	2.378	4.855	2.438	7.083	2.490	4.833
50.360	R3	2.426	7.475	2.426	4.787	2.438	6.937	2.483	4.825
50.400	R3	2.539	6.411	2.570	5.118	2.441	6.927	2.488	4.815
50.440	R3	2.340	5.342	2.482	4.974	2.441	6.846	2.499	4.819
50.480	R3	2.512	6.782	2.569	4.450	2.426	6.670	2.482	4.823
50.520	R3	2.343	7.645	2.486	4.722	2.425	6.544	2.488	4.812
50.560	R3	2.305	4.567	2.421	4.385	2.423	6.407	2.486	4.787
50.600	R3	2.486	4.833	2.486	4.772	2.426	6.383	2.489	4.740
50.640	R3	2.407	5.213	2.447	4.655	2.428	6.471	2.490	4.718
50.680	R3	2.424	4.323	2.424	4.566	2.423	6.437	2.484	4.724
50.720	R3	2.438	7.599	2.446	4.553	2.426	6.380	2.482	4.710
50.760	R3	2.477	9.349	2.518	4.845	2.434	6.372	2.491	4.706
50.800	R3	2.436	5.692	2.660	5.083	2.439	6.240	2.496	4.672
50.840	R3	2.236	4.720	2.236	4.650	2.438	6.172	2.494	4.644
50.880	R3	2.466	5.975	2.616	4.568	2.446	6.210	2.500	4.629
50.920	R3	2.502	6.614	2.502	4.667	2.438	6.143	2.489	4.647
50.960	R3	2.479	6.816	2.605	4.464	2.448	6.113	2.494	4.634
51.000	R3	2.413	8.062	2.413	4.673	2.454	6.256	2.501	4.684
51.040	R3	2.420	5.666	2.468	4.664	2.449	6.315	2.496	4.668
51.080	R3	2.487	7.275	2.487	4.757	2.444	6.284	2.502	4.698
51.120	R3	2.553	7.073	2.553	4.761	2.452	6.432	2.516	4.735
51.160	R3	2.525	4.851	2.525	4.120	2.453	6.358	2.517	4.742
51.200	R3	2.521	5.044	2.539	4.543	2.448	6.109	2.516	4.752
51.240	R3	2.486	6.090	2.599	4.675	2.448	6.122	2.505	4.759
51.280	R3	2.351	5.445	2.351	4.811	2.460	6.258	2.520	4.776
51.320	R3	2.550	7.055	2.577	4.466	2.453	6.251	2.516	4.774
51.360	R3	2.425	7.433	2.573	5.390	2.451	6.224	2.515	4.762
51.400	R3	2.376	6.000	2.376	4.460	2.450	6.111	2.507	4.760
51.440	R3	2.316	4.600	2.571	5.244	2.445	6.053	2.503	4.757
51.480	R3	2.577	7.288	2.714	5.316	2.450	6.127	2.506	4.754
51.520	R3	2.466	6.119	2.466	4.689	2.449	6.188	2.506	4.749
51.560	R3	2.381	4.363	2.497	5.033	2.443	6.214	2.506	4.742
51.600	R3	2.433	5.951	2.433	5.222	2.434	6.367	2.505	4.801
51.640	R3	2.476	7.443	2.529	5.007	2.430	6.589	2.501	4.812
51.680	R3	2.317	5.825	2.548	4.515	2.424	6.761	2.490	4.819
51.720	R3	2.472	6.083	2.472	4.438	2.423	6.927	2.488	4.806
51.760	R3	2.446	4.553	2.446	4.411	2.419	6.955	2.483	4.818
51.800	R3	2.331	6.909	2.331	4.623	2.424	6.934	2.481	4.790
51.840	R3	2.502	7.131	2.525	4.595	2.424	6.975	2.488	4.787
51.880	R3	2.480	8.496	2.492	4.669	2.431	7.161	2.492	4.764
51.920	R3	2.428	7.594	2.546	4.607	2.427	7.195	2.481	4.729
51.960	R3	2.354	7.909	2.511	5.311	2.425	7.321	2.479	4.736
52.000	R3	2.437	9.503	2.466	4.756	2.418	7.573	2.466	4.714
52.040	R3	2.372	9.522	2.372	4.824	2.415	7.639	2.472	4.689
52.080	R3	2.320	8.762	2.320	4.538	2.413	7.613	2.470	4.695
52.120	R3	2.478	7.608	2.478	4.712	2.426	7.772	2.477	4.729
52.160	R3	2.517	7.014	2.517	4.829	2.422	7.904	2.473	4.758
52.200	R3	2.372	6.821	2.516	4.400	2.425	8.109	2.477	4.801
52.240	R3	2.468	8.330	2.659	4.775	2.432	8.208	2.487	4.817
52.280	R3	2.497	7.969	2.497	4.619	2.425	8.368	2.482	4.810
52.320	R3	2.429	8.643	2.429	4.835	2.422	8.394	2.479	4.831
52.360	R3	2.224	9.390	2.224	4.594	2.422	8.451	2.478	4.839
52.400	R3	2.372	7.271	2.553	4.716	2.432	8.520	2.486	4.859
52.440	R3	2.443	6.932	2.491	5.134	2.432	8.405	2.484	4.856
52.480	R3	2.572	8.992	2.697	5.194	2.437	8.255	2.493	4.905
52.520	R3	2.394	8.737	2.394	5.011	2.441	8.273	2.498	4.908
52.560	R3	2.514	8.654	2.514	5.282	2.441	8.327	2.502	4.911
52.600	R3	2.471	8.883	2.544	4.939	2.442	8.389	2.507	4.922
52.640	R3	2.354	10.326	2.429	4.455	2.445	8.430	2.503	4.954
52.680	R3	2.422	9.014	2.422	5.086	2.437	8.346	2.493	4.940
52.720	R3	2.435	8.742	2.521	4.764	2.440	8.346	2.503	4.945
52.760	R3	2.553	9.288	2.674	5.719	2.444	8.265	2.507	4.961
52.800	R3	2.438	7.201	2.438	4.691	2.457	8.089	2.520	4.966
52.840	R3	2.469	6.518	2.544	5.814	2.454	8.019	2.514	4.961
52.880	R3	2.395	9.121	2.425	4.581	2.455	8.033	2.514	4.956
52.920	R3	2.478	8.694	2.553	4.771	2.442	7.897	2.500	4.922
52.960	R3	2.539	8.262	2.610	5.064	2.438	7.813	2.496	4.920
53.000	R3	2.425	7.625	2.443	5.038	2.434	7.841	2.495	4.880
53.040	R3	2.316	6.650	2.464	4.491	2.432	7.876	2.489	4.862
53.080	R3	2.563	7.982	2.698	4.718	2.445	7.837	2.499	4.889
53.120	R3	2.499	7.023	2.499	5.149	2.439	7.865	2.499	4.862
53.160	R3	2.493	5.865	2.493	4.712	2.438	7.872	2.494	4.843
53.200	R3	2.311	5.879	2.429	4.611	2.430	7.898	2.480	4.807
53.240	R3	2.450	7.196	2.482	5.028	2.436	7.968	2.489	4.804
53.280	R3	2.320	6.272	2.425	4.514	2.430	8.030	2.480	4.744
53.320	R3	2.319	7.073	2.319	4.969	2.440	7.970	2.490	4.757
53.360	R3	2.428	9.209	2.490	4.477	2.438	7.946	2.485	4.760
53.400	R3	2.426	9.581	2.426	4.587	2.440	7.955	2.485	4.776
53.440	R3	2.616	9.542	2.616	4.992	2.439	8.026	2.482	4.815
53.480	R3	2.309	9.569	2.437	4.550	2.445	8.103	2.481	4.811
53.520	R3	2.419	8.884	2.419	4.386	2.445	8.112	2.474	4.855
53.560	R3	2.393	9.813	2.393	5.003	2.440	8.177	2.469	4.848
53.600	R3	2.546	8.601	2.623	4.630	2.441	8.262	2.470	4.834
53.640	R3	2.349	7.762	2.349	4.610	2.448	8.363	2.471	4.836
53.680	R3	2.594	7.911	2.641	4.833	2.445	8.465	2.466	4.813
53.720	R3	2.445	8.219	2.445	4.846	2.453	8.550	2.472	4.855
53.760	R3	2.589	8.454	2.603	5.373	2.453	8.633	2.475	4.866
53.800	R3	2.393	9.034	2.393	5.825	2.454	8.651	2.475	4.890
53.840	R3	2.435	8.186	2.435	4.399	2.455	8.691	2.476	4.897
53.880	R3	2.556	8.162	2.556	5.609	2.437	8.693	2.457	4.872
53.920	R3	2.400	8.332	2.400	5.002	2.437	8.646	2.451	4.865
53.960	R3	2.526	7.561	2.526	4.440	2.437	8.651	2.454	4.878
54.000	R3	2.447	7.905	2.447	4.639	2.441	8.605	2.464	4.871
54.040	R3	2.380	9.239	2.380	4.582	2.436	8.646	2.458	4.861
54.080	R3	2.493	7.965	2.549	5.348	2.439	8.617	2.461	4.864
54.120	R3	2.311	8.727	2.374	5.186	2.432	8.669	2.451	4.892
54.160	R3	2.460	9.570	2.484	4.960	2.429	8.582	2.459	4.916
54.200	R3	2.441	10.388	2.441	4.726	2.419	8.468	2.449	4.895
54.240	R3	2.254	9.573	2.254	4.497	2.428	8.320	2.457	4.826
54.280	R3	2.307	8.638	2.307	4.399	2.429	8.249	2.464	4.855
54.320	R3	2.420	8.976	2.481	4.655	2.423	8.304	2.457	4.810
54.360	R3	2.467	8.894	2.585	4.863	2.419	8.183	2.454	4.800
54.400	R3	2.461	9.427	2.504	4.424	2.413	8.155	2.451	4.824
54.440	R3	2.408	7.177	2.408	4.679	2.417	8.039	2.462	4.851
54.480	R3	2.440	8.953	2.440	5.390	2.421	7.912	2.473	4.876
54.520	R3	2.384	6.477	2.613	5.326	2.421	7.941	2.470	4.834
54.560	R3	2.397	6.171	2.397	4.949	2.430	7.824	2.475	4.817
54.600	R3	2.565	6.076	2.565	4.448	2.428	7.641	2.472	4.802
54.640	R3	2.470	6.763	2.565	4.986	2.424	7.433	2.468	4.802
54.680	R3	2.426	9.269	2.426	4.700	2.433	7.250	2.494	4.846
54.720	R3	2.326	5.916	2.326	4.801	2.436	7.092	2.498	4.860
54.760	R3	2.401	7.004	2.467	4.932	2.442	6.990	2.507	4.882
54.800	R3	2.531	5.578	2.678	5.167	2.445	6.896	2.506	4.891
54.840	R3	2.463	6.702	2.591	5.082	2.442	6.757	2.502	4.907
54.880	R3	2.497	8.534	2.497	4.513	2.439	6.863	2.505	4.923
54.920	R3	2.474	6.400	2.474	4.837	2.437	6.883	2.503	4.933
54.960	R3	2.423	5.898	2.423	4.673	2.440	7.069	2.495	4.898
55.000	R3	2.364	6.231	2.364	4.724	2.443	7.235	2.501	4.889
55.040	R3	2.430	5.914	2.770	5.369	2.438	7.426	2.496	4.907
55.080	R3	2.379	5.484	2.379	4.674	2.436	7.524	2.489	4.901
55.120	R3	2.532	6.934	2.670	5.099	2.441	7.551	2.495	4.895
55.160	R3	2.527	7.019	2.572	5.054	2.448	7.798	2.505	4.904
55.200	R3	2.410	6.641	2.410	4.739	2.454	7.945	2.509	4.902
55.240	R3	2.350	9.290	2.482	4.986	2.450	8.068	2.497	4.892
55.280	R3	2.389	9.354	2.389	5.594	2.454	8.234	2.499	4.903
55.320	R3	2.450	10.206	2.450	4.638	2.455	8.303	2.501	4.919
55.360	R3	2.455	9.496	2.527	4.764	2.450	8.475	2.495	4.887
55.400	R3	2.459	9.887	2.459	4.806	2.452	8.655	2.497	4.896
55.440	R3	2.430	8.718	2.430	4.877	2.455	8.795	2.502	4.914
55.480	R3	2.534	9.811	2.534	4.571	2.450	8.925	2.480	4.874
55.520	R3	2.455	10.858	2.540	4.990	2.457	9.108	2.488	4.881
55.560	R3	2.532	9.955	2.535	4.891	2.451	9.159	2.474	4.878
55.600	R3	2.446	8.022	2.446	4.957	2.448	9.262	2.469	4.855
55.640	R3	2.539	10.037	2.639	5.306	2.448	9.346	2.478	4.859
55.680	R3	2.521	9.911	2.521	4.826	2.445	9.344	2.469	4.847
55.720	R3	2.368	9.833	2.368	4.198	2.447	9.355	2.471	4.804
55.760	R3	2.465	9.501	2.465	4.865	2.450	9.292	2.479	4.816
55.800	R3	2.417	9.022	2.457	5.069	2.446	9.277	2.472	4.815
55.840	R3	2.333	8.525	2.333	4.573	2.442	9.279	2.467	4.806
55.880	R3	2.532	9.134	2.534	4.821	2.442	9.330	2.467	4.796
55.920	R3	2.400	7.964	2.400	5.043	2.439	9.363	2.464	4.801
55.960	R3	2.464	9.077	2.464	4.590	2.432	9.290	2.456	4.769
56.000	R3	2.411	8.315	2.581	4.815	2.427	9.280	2.452	4.761
56.040	R3	2.302	9.250	2.302	4.749	2.431	9.384	2.458	4.732
56.080	R3	2.429	9.577	2.429	4.726	2.425	9.398	2.447	4.694
56.120	R3	2.511	8.944	2.620	4.881	2.426	9.416	2.448	4.692
56.160	R3	2.378	9.206	2.378	4.737	2.435	9.465	2.457	4.710
56.200	R3	2.362	9.913	2.362	4.630	2.439	9.489	2.461	4.690
56.240	R3	2.433	9.740	2.433	4.677	2.437	9.548	2.458	4.657
56.280	R3	2.471	10.473	2.471	4.669	2.437	9.599	2.461	4.634
56.320	R3	2.315	9.411	2.382	4.346	2.435	9.675	2.460	4.602
56.360	R3	2.436	9.753	2.444	4.746	2.438	9.810	2.468	4.569
56.400	R3	2.534	10.088	2.582	4.372	2.438	9.805	2.473	4.551
56.440	R3	2.415	10.321	2.415	4.538	2.438	9.903	2.464	4.537
56.480	R3	2.536	10.270	2.536	4.788	2.444	9.941	2.470	4.539
56.520	R3	2.552	10.818	2.552	4.554	2.447	9.961	2.480	4.527
56.560	R3	2.548	9.984	2.552	4.470	2.447	10.040	2.474	4.531
56.600	R3	2.384	10.195	2.384	4.420	2.444	10.077	2.470	4.523
56.640	R3	2.317	9.544	2.399	4.108	2.451	10.078	2.480	4.508
56.680	R3	2.510	10.658	2.510	4.179	2.448	9.900	2.485	4.525
56.720	R3	2.457	10.669	2.570	4.379	2.442	9.837	2.479	4.498
56.760	R3	2.465	8.979	2.565	4.239	2.450	9.853	2.483	4.506
56.800	R3	2.402	10.266	2.402	4.533	2.452	9.831	2.485	4.502
56.840	R3	2.423	10.022	2.423	4.788	2.447	9.857	2.478	4.516
56.880	R3	2.500	9.977	2.611	4.494	2.448	9.851	2.481	4.545
56.920	R3	2.502	10.515	2.502	4.959	2.447	9.818	2.480	4.557
56.960	R3	2.314	9.951	2.314	4.575	2.439	9.775	2.472	4.577
57.000	R3	2.500	9.933	2.552	4.334	2.434	9.777	2.467	4.684
57.040	R3	2.380	6.169	2.529	5.002	2.438	9.776	2.478	4.818
57.080	R3	2.348	9.225	2.354	4.135	2.441	9.781	2.476	4.940
57.120	R3	2.476	9.726	2.476	4.508	2.443	9.760	2.478	5.076
57.160	R3	2.483	9.301	2.483	4.665	2.436	9.685	2.468	5.184
57.200	R3	2.434	10.613	2.434	4.651	2.436	9.541	2.468	5.307
57.240	R3	2.429	10.198	2.481	5.115	2.434	9.302	2.466	5.395
57.280	R3	2.518	9.608	2.518	5.026	2.436	9.138	2.472	5.425
57.320	R3	2.380	9.973	2.380	4.955	2.436	8.954	2.466	5.500
57.360	R3	2.453	10.015	2.453	6.611	2.435	8.752	2.474	5.515
57.400	R3	2.463	10.177	2.600	7.095	2.444	8.598	2.483	5.580
57.440	R3	2.374	9.656	2.374	6.553	2.440	8.418	2.476	5.683
57.480	R3	2.549	10.223	2.549	6.904	2.442	8.398	2.471	5.757
57.520	R3	2.328	9.171	2.363	6.532	2.445	8.286	2.480	5.877
57.560	R3	2.456	6.106	2.562	6.712	2.443	8.152	2.478	5.965
57.600	R3	2.364	5.480	2.364	6.296	2.445	8.030	2.484	6.055
57.640	R3	2.476	6.737	2.540	5.384	2.447	7.925	2.486	6.151
57.680	R3	2.498	6.295	2.498	5.992	2.449	7.901	2.485	6.224
57.720	R3	2.483	6.490	2.666	5.245	2.445	7.873	2.481	6.303
57.760	R3	2.482	6.866	2.482	5.882	2.446	7.872	2.486	6.373
57.800	R3	2.420	6.335	2.420	6.402	2.442	7.903	2.483	6.374
57.840	R3	2.416	5.760	2.421	6.481	2.443	7.878	2.485	6.353
57.880	R3	2.409	6.988	2.541	6.537	2.446	7.895	2.489	6.363
57.920	R3	2.437	7.052	2.437	6.262	2.443	7.848	2.485	6.356
57.960	R3	2.533	6.857	2.594	6.467	2.446	7.775	2.487	6.376
58.000	R3	2.476	8.506	2.476	6.574	2.444	7.814	2.485	6.345
58.040	R3	2.456	9.735	2.456	6.563	2.447	7.898	2.489	6.363
58.080	R3	2.440	9.049	2.440	6.604	2.446	7.954	2.484	6.354
58.120	R3	2.402	9.936	2.490	6.371	2.447	8.177	2.485	6.398
58.160	R3	2.381	10.642	2.381	6.632	2.448	8.302	2.477	6.468
58.200	R3	2.477	9.668	2.647	6.668	2.449	8.470	2.479	6.470
58.240	R3	2.445	9.996	2.445	6.745	2.458	8.651	2.489	6.497
58.280	R3	2.471	9.299	2.471	6.762	2.464	8.872	2.496	6.500
58.320	R3	2.407	7.711	2.407	6.941	2.468	9.004	2.498	6.507
58.360	R3	2.408	6.871	2.532	6.097	2.469	9.185	2.502	6.534
58.400	R3	2.427	7.170	2.427	6.641	2.462	9.342	2.492	6.523
58.440	R3	2.448	7.854	2.448	5.205	2.459	9.340	2.489	6.515
58.480	R3	2.526	10.762	2.528	6.879	2.459	9.338	2.488	6.513
58.520	R3	2.492	8.977	2.496	6.651	2.456	9.220	2.485	6.497
58.560	R3	2.509	10.240	2.528	5.921	2.455	9.081	2.480	6.419
58.600	R3	2.596	9.949	2.621	6.931	2.459	8.860	2.486	6.342
58.640	R3	2.547	10.184	2.547	6.551	2.454	8.683	2.481	6.234
58.680	R3	2.487	9.629	2.583	6.681	2.446	8.487	2.474	6.127
58.720	R3	2.456	10.663	2.519	6.793	2.447	8.354	2.475	6.020
58.760	R3	2.389	9.992	2.389	6.250	2.445	8.216	2.479	5.905
58.800	R3	2.420	8.467	2.420	6.413	2.451	8.164	2.479	5.817
58.840	R3	2.449	9.703	2.449	6.516	2.456	8.128	2.484	5.711
58.880	R3	2.378	6.696	2.378	6.294	2.464	7.961	2.498	5.679
58.920	R3	2.381	7.158	2.381	4.814	2.463	7.684	2.505	5.548
58.960	R3	2.475	6.211	2.502	5.089	2.465	7.470	2.519	5.462
59.000	R3	2.368	6.128	2.547	4.508	2.460	7.201	2.515	5.412
59.040	R3	2.295	6.074	2.316	4.609	2.452	6.959	2.510	5.305
59.080	R3	2.474	6.647	2.474	4.620	2.443	6.768	2.501	5.207
59.120	R3	2.369	4.936	2.493	4.635	2.439	6.719	2.498	5.079
59.160	R3	2.526	5.849	2.526	4.346	2.442	6.698	2.498	4.960
59.200	R3	2.535	6.433	2.545	4.509	2.449	6.545	2.505	4.866
59.240	R3	2.613	4.517	2.710	4.559	2.452	6.446	2.508	4.769
59.280	R3	2.502	5.230	2.675	4.261	2.451	6.378	2.513	4.671
59.320	R3	2.521	4.704	2.785	4.941	2.448	6.490	2.510	4.586
59.360	R3	2.424	4.859	2.431	4.925	2.444	6.629	2.507	4.544
59.400	R3	2.438	5.110	2.535	4.777	2.447	6.658	2.524	4.526
59.440	R3	2.362	6.356	2.362	4.609	2.452	6.639	2.524	4.564
59.480	R3	2.407	8.654	2.524	4.106	2.455	6.680	2.526	4.588
59.520	R3	2.511	10.239	2.511	4.426	2.453	6.717	2.524	4.591
59.560	R3	2.533	6.926	2.533	4.362	2.454	6.774	2.521	4.599
59.600	R3	2.477	6.493	2.477	4.483	2.450	6.813	2.522	4.620
59.640	R3	2.421	8.349	2.562	4.540	2.444	6.862	2.516	4.643
59.680	R3	2.319	8.923	2.319	4.592	2.434	7.123	2.501	4.653
59.720	R3	2.315	9.934	2.315	3.984	2.436	7.249	2.498	4.670
59.760	R3	2.524	6.795	2.839	4.736	2.435	7.508	2.485	4.648
59.800	R3	2.479	5.761	2.555	5.259	2.435	7.682	2.484	4.646
59.840	R3	2.347	6.895	2.347	5.094	2.439	7.887	2.484	4.636
59.880	R3	2.433	7.381	2.433	4.667	2.447	8.024	2.496	4.657
59.920	R3	2.391	6.064	2.436	4.807	2.455	8.035	2.502	4.711
59.960	R3	2.452	6.632	2.558	4.766	2.452	7.954	2.506	4.731
60.000	R3	2.406	7.427	2.406	4.975	2.453	8.069	2.507	4.769
60.040	R3	2.423	9.730	2.423	4.748	2.448	8.110	2.506	4.787
60.080	R3	2.529	7.746	2.617	4.597	2.454	8.107	2.505	4.818
60.120	R3	2.512	9.884	2.519	4.501	2.458	8.126	2.518	4.841
60.160	R3	2.413	8.337	2.417	4.888	2.466	8.145	2.528	4.888
60.200	R3	2.529	9.207	2.529	4.581	2.469	8.338	2.516	4.885
60.240	R3	2.516	9.101	2.606	5.023	2.463	8.563	2.519	4.864
60.280	R3	2.574	8.866	2.636	5.194	2.468	8.715	2.524	4.879
60.320	R3	2.453	8.619	2.597	4.820	2.466	8.840	2.529	4.894
60.360	R3	2.544	9.230	2.544	5.130	2.464	8.931	2.530	4.921
60.400	R3	2.376	7.325	2.462	4.841	2.461	9.099	2.525	4.944
60.440	R3	2.541	8.275	2.541	5.167	2.467	9.259	2.531	4.931
60.480	R3	2.404	9.311	2.588	5.033	2.463	9.222	2.530	4.955
60.520	R3	2.481	10.310	2.514	4.934	2.458	9.288	2.525	4.980
60.560	R3	2.581	10.662	2.599	4.678	2.455	9.302	2.522	4.993
60.600	R3	2.355	10.252	2.604	4.847	2.461	9.366	2.528	5.007
60.640	R3	2.456	9.939	2.456	5.375	2.457	9.350	2.525	5.012
60.680	R3	2.383	9.884	2.535	4.979	2.454	9.313	2.523	4.989
60.720	R3	2.353	7.874	2.450	5.340	2.446	9.379	2.520	4.980
60.760	R3	2.394	10.010	2.449	5.236	2.436	9.410	2.503	4.988
60.800	R3	2.513	10.611	2.544	4.707	2.426	9.395	2.501	5.001
60.840	R3	2.351	9.001	2.390	5.220	2.422	9.534	2.499	4.994
60.880	R3	2.428	9.055	2.521	5.104	2.418	9.577	2.501	4.974
60.920	R3	2.452	10.168	2.461	4.766	2.419	9.600	2.494	4.967
60.960	R3	2.527	9.612	2.527	5.167	2.415	9.585	2.487	4.981
61.000	R3	2.456	8.890	2.485	4.677	2.413	9.476	2.485	5.024
61.040	R3	2.451	8.369	2.556	4.573	2.423	9.434	2.490	5.024
61.080	R3	2.418	10.178	2.586	5.017	2.416	9.404	2.497	5.003
61.120	R3	2.254	9.235	2.254	4.961	2.424	9.395	2.497	5.013
61.160	R3	2.341	8.933	2.487	5.397	2.424	9.445	2.492	5.007
61.200	R3	2.295	10.103	2.439	4.704	2.428	9.468	2.493	4.967
61.240	R3	2.459	9.150	2.569	4.760	2.421	9.454	2.488	4.950
61.280	R3	2.442	9.765	2.443	4.907	2.417	9.465	2.498	4.959
61.320	R3	2.384	10.017	2.384	5.212	2.422	9.449	2.499	4.953
61.360	R3	2.542	8.466	2.552	5.537	2.419	9.424	2.497	4.975
61.400	R3	2.558	9.421	2.710	4.838	2.414	9.383	2.495	4.964
61.440	R3	2.323	9.331	2.589	4.955	2.416	9.352	2.499	4.976
61.480	R3	2.535	9.718	2.535	5.190	2.412	9.374	2.490	5.001
61.520	R3	2.350	8.859	2.350	5.219	2.400	9.398	2.495	5.019
61.560	R3	2.482	10.467	2.482	4.431	2.413	9.412	2.509	4.990
61.600	R3	2.374	10.336	2.446	4.362	2.412	9.424	2.500	4.969
61.640	R3	2.263	9.230	2.585	5.405	2.417	9.327	2.498	5.004
61.680	R3	2.535	8.739	2.535	4.988	2.413	9.206	2.489	5.032
61.720	R3	2.399	9.665	2.434	5.207	2.419	9.193	2.495	5.049
61.760	R3	2.430	8.783	2.484	4.946	2.429	9.116	2.506	5.027
61.800	R3	2.485	8.271	2.568	4.916	2.422	9.141	2.500	4.974
61.840	R3	2.369	8.819	2.369	5.063	2.420	9.181	2.490	4.976
61.880	R3	2.182	10.641	2.691	5.387	2.428	9.119	2.485	4.966
61.920	R3	2.522	9.528	2.522	4.367	2.427	9.096	2.487	4.951
61.960	R3	2.320	9.167	2.320	4.978	2.431	9.105	2.492	4.927
62.000	R3	2.395	8.170	2.395	5.411	2.424	9.042	2.484	4.953
62.040	R3	2.369	6.726	2.393	5.316	2.429	8.851	2.493	4.973
62.080	R3	2.559	9.507	2.559	5.247	2.446	8.705	2.496	4.957
62.120	R3	2.594	8.474	2.594	4.767	2.443	8.734	2.501	4.975
62.160	R3	2.398	8.965	2.439	4.494	2.450	8.679	2.506	4.948
62.200	R3	2.510	10.218	2.510	4.872	2.453	8.708	2.508	4.944
62.240	R3	2.482	8.097	2.482	4.752	2.449	8.585	2.508	4.928
62.280	R3	2.518	9.257	2.592	4.888	2.450	8.629	2.509	4.902
62.320	R3	2.440	9.043	2.440	4.750	2.457	8.636	2.491	4.871
62.360	R3	2.330	9.208	2.330	4.939	2.453	8.568	2.486	4.881
62.400	R3	2.470	6.505	2.627	4.761	2.458	8.595	2.491	4.852
62.440	R3	2.610	6.327	2.628	5.094	2.466	8.663	2.502	4.825
62.480	R3	2.485	9.314	2.648	5.344	2.464	8.802	2.499	4.780
62.520	R3	2.533	8.553	2.533	4.669	2.457	8.805	2.493	4.749
62.560	R3	2.484	9.379	2.523	4.873	2.447	8.897	2.482	4.745
62.600	R3	2.407	5.811	2.558	4.581	2.443	8.927	2.476	4.772
62.640	R3	2.398	9.691	2.398	4.546	2.430	8.853	2.472	4.792
62.680	R3	2.323	10.776	2.323	4.763	2.430	8.905	2.471	4.799
62.720	R3	2.426	8.175	2.426	4.583	2.425	8.876	2.463	4.818
62.760	R3	2.431	9.713	2.431	4.382	2.429	8.927	2.467	4.840
62.800	R3	2.553	9.521	2.615	4.884	2.436	8.858	2.480	4.824
62.840	R3	2.322	9.514	2.322	4.416	2.436	8.860	2.476	4.831
62.880	R3	2.432	9.559	2.432	4.621	2.429	9.011	2.468	4.836
62.920	R3	2.387	10.309	2.387	4.696	2.426	9.039	2.470	4.813
62.960	R3	2.315	9.575	2.315	5.024	2.423	9.130	2.468	4.839
63.000	R3	2.255	8.727	2.422	5.269	2.427	9.163	2.472	4.884
63.040	R3	2.471	9.134	2.471	4.896	2.434	9.341	2.477	4.920
63.080	R3	2.432	8.687	2.432	5.278	2.434	9.334	2.483	4.927
63.120	R3	2.513	10.065	2.513	5.185	2.443	9.204	2.495	4.960
63.160	R3	2.465	7.832	2.588	4.613	2.442	9.295	2.510	4.980
63.200	R3	2.472	6.541	2.552	4.901	2.440	9.267	2.507	5.004
63.240	R3	2.468	9.352	2.474	5.196	2.436	9.139	2.502	5.026
63.280	R3	2.423	9.871	2.682	4.892	2.442	8.993	2.509	5.079
63.320	R3	2.488	10.360	2.488	5.189	2.440	8.958	2.516	5.103
63.360	R3	2.552	10.050	2.616	5.776	2.450	8.949	2.525	5.129
63.400	R3	2.546	9.373	2.661	5.299	2.453	8.916	2.531	5.130
63.440	R3	2.407	9.553	2.514	4.673	2.460	8.946	2.544	5.132
63.480	R3	2.497	8.161	2.559	5.422	2.460	8.989	2.544	5.133
63.520	R3	2.420	9.995	2.725	4.983	2.458	9.072	2.541	5.107
63.560	R3	2.382	9.161	2.382	4.870	2.447	9.018	2.531	5.095
63.600	R3	2.467	6.955	2.503	5.313	2.443	9.087	2.525	5.100
63.640	R3	2.457	6.595	2.457	5.493	2.445	9.279	2.532	5.111
63.680	R3	2.390	8.856	2.577	5.093	2.437	9.253	2.533	5.107
63.720	R3	2.577	10.142	2.577	5.217	2.438	9.155	2.528	5.107
63.760	R3	2.375	8.907	2.429	5.033	2.439	9.089	2.534	5.085
63.800	R3	2.405	9.338	2.684	5.311	2.434	9.032	2.529	5.056
63.840	R3	2.463	9.989	2.463	4.922	2.432	8.989	2.524	5.038
63.880	R3	2.384	10.348	2.384	4.756	2.431	9.009	2.520	5.037
63.920	R3	2.300	8.987	2.300	4.947	2.426	9.081	2.512	4.999
63.960	R3	2.390	9.200	2.482	4.710	2.425	9.120	2.496	4.970
64.000	R3	2.516	10.390	2.689	5.121	2.428	9.158	2.503	4.976
64.040	R3	2.305	8.837	2.492	5.111	2.428	9.337	2.503	4.942
64.080	R3	2.444	7.909	2.582	4.903	2.425	9.483	2.500	4.897
64.120	R3	2.511	9.040	2.606	4.754	2.426	9.561	2.493	4.856
64.160	R3	2.438	8.904	2.507	5.180	2.418	9.555	2.485	4.821
64.200	R3	2.502	8.519	2.571	4.946	2.417	9.622	2.493	4.799
64.240	R3	2.391	9.937	2.435	4.645	2.415	9.645	2.477	4.765
64.280	R3	2.393	9.619	2.393	4.680	2.414	9.659	2.480	4.752
64.320	R3	2.406	10.771	2.406	4.389	2.415	9.667	2.485	4.751
64.360	R3	2.441	9.921	2.520	4.993	2.419	9.715	2.489	4.710
64.400	R3	2.469	10.535	2.497	4.629	2.422	9.719	2.488	4.678
64.440	R3	2.410	9.516	2.410	4.602	2.417	9.702	2.474	4.646
64.480	R3	2.408	10.407	2.426	4.269	2.422	9.741	2.470	4.627
64.520	R3	2.418	10.024	2.418	4.514	2.426	9.856	2.467	4.644
64.560	R3	2.339	10.249	2.591	4.604	2.421	9.891	2.458	4.650
64.600	R3	2.374	9.798	2.374	4.631	2.416	9.932	2.449	4.632
64.640	R3	2.438	10.277	2.519	4.651	2.413	9.974	2.448	4.592
64.680	R3	2.405	10.491	2.477	4.747	2.417	9.915	2.450	4.571
64.720	R3	2.382	9.959	2.391	4.125	2.414	9.916	2.448	4.562
64.760	R3	2.454	9.270	2.454	4.060	2.414	9.824	2.449	4.586
64.800	R3	2.409	10.061	2.417	4.486	2.413	9.774	2.448	4.562
64.840	R3	2.413	9.604	2.413	4.735	2.413	9.677	2.447	4.543
64.880	R3	2.525	10.225	2.525	5.247	2.397	9.609	2.457	4.562
64.920	R3	2.407	9.739	2.407	4.863	2.398	9.454	2.457	4.610
64.960	R3	2.338	9.708	2.338	4.821	2.400	9.333	2.470	4.592
65.000	R3	2.452	9.362	2.547	4.154	2.408	9.299	2.470	4.591
65.040	R3	2.454	8.762	2.482	4.228	2.412	9.349	2.474	4.602
65.080	R3	2.332	9.635	2.342	4.494	2.415	9.276	2.473	4.605
65.120	R3	2.408	8.939	2.430	4.874	2.417	9.159	2.478	4.618
65.160	R3	2.420	8.910	2.510	4.505	2.423	9.068	2.490	4.668
65.200	R3	2.467	8.602	2.467	4.256	2.425	9.069	2.494	4.742
65.240	R3	2.092	8.167	2.623	4.985	2.429	9.030	2.498	4.748
65.280	R3	2.425	7.288	2.425	5.218	2.433	9.021	2.503	4.766
65.320	R3	2.469	7.613	2.672	4.161	2.426	9.039	2.499	4.737
65.360	R3	2.497	9.567	2.586	4.575	2.426	9.026	2.498	4.724
65.400	R3	2.455	10.805	2.455	4.856	2.428	9.031	2.506	4.706
65.440	R3	2.499	8.822	2.499	4.711	2.424	9.001	2.499	4.718
65.480	R3	2.433	8.138	2.569	5.014	2.425	9.097	2.502	4.735
65.520	R3	2.503	8.136	2.648	5.124	2.429	9.110	2.504	4.741
65.560	R3	2.501	9.296	2.534	5.542	2.429	9.154	2.511	4.737
65.600	R3	2.495	9.277	2.495	4.593	2.429	9.186	2.507	4.758
65.640	R3	2.497	9.429	2.497	5.103	2.427	9.140	2.511	4.766
65.680	R3	2.380	10.581	2.446	4.669	2.439	9.077	2.496	4.758
65.720	R3	2.404	9.488	2.404	4.597	2.441	9.216	2.498	4.745
65.760	R3	2.366	9.811	2.492	4.470	2.438	9.278	2.485	4.780
65.800	R3	2.376	8.743	2.396	4.394	2.434	9.197	2.478	4.790
65.840	R3	2.489	10.684	2.546	4.552	2.431	8.966	2.475	4.777
65.880	R3	2.394	9.899	2.394	4.613	2.426	8.972	2.476	4.746
65.920	R3	2.416	9.823	2.564	4.811	2.421	9.073	2.464	4.744
65.960	R3	2.421	9.551	2.421	4.916	2.421	9.116	2.466	4.712
66.000	R3	2.434	7.679	2.551	4.410	2.417	9.155	2.460	4.683
66.040	R3	2.323	6.905	2.323	4.836	2.417	9.145	2.468	4.706
66.080	R3	2.467	10.076	2.467	4.955	2.416	9.103	2.478	4.712
66.120	R3	2.414	8.849	2.414	4.856	2.415	8.913	2.478	4.724
66.160	R3	2.410	7.942	2.447	4.780	2.417	8.737	2.482	4.747
66.200	R3	2.402	6.192	2.402	4.597	2.410	8.698	2.481	4.739
66.240	R3	2.385	8.934	2.505	4.086	2.416	8.575	2.486	4.762
66.280	R3	2.334	10.160	2.334	4.971	2.414	8.403	2.483	4.791
66.320	R3	2.514	9.007	2.691	4.484	2.412	8.346	2.482	4.784
66.360	R3	2.411	10.077	2.411	4.957	2.411	8.207	2.473	4.779
66.400	R3	2.492	9.061	2.645	5.055	2.414	8.197	2.477	4.799
66.440	R3	2.483	8.589	2.700	5.226	2.412	8.225	2.472	4.792
66.480	R3	2.368	6.782	2.456	4.906	2.421	8.364	2.481	4.786
66.520	R3	2.438	5.985	2.483	5.069	2.414	8.378	2.479	4.758
66.560	R3	2.231	9.028	2.474	4.311	2.414	8.388	2.479	4.747
66.600	R3	2.485	6.288	2.485	4.847	2.417	8.448	2.486	4.771
66.640	R3	2.457	7.234	2.499	5.132	2.428	8.622	2.498	4.808
66.680	R3	2.362	8.753	2.362	4.481	2.427	8.678	2.500	4.872
66.720	R3	2.392	7.043	2.392	4.706	2.430	8.619	2.510	4.892
66.760	R3	2.470	9.354	2.491	5.314	2.424	8.604	2.503	4.941
66.800	R3	2.408	8.251	2.460	4.271	2.423	8.594	2.501	4.922
66.840	R3	2.498	9.675	2.498	4.722	2.421	8.653	2.492	4.927
66.880	R3	2.333	10.350	2.423	4.386	2.423	8.711	2.483	4.888
66.920	R3	2.413	9.059	2.413	4.639	2.428	8.914	2.498	4.893
66.960	R3	2.464	9.135	2.593	5.257	2.426	9.066	2.507	4.875
67.000	R3	2.614	9.685	2.642	5.334	2.437	9.053	2.506	4.909
67.040	R3	2.376	10.046	2.555	5.379	2.436	9.103	2.507	4.940
67.080	R3	2.396	8.976	2.527	5.369	2.439	9.201	2.508	4.915
67.120	R3	2.398	8.701	2.549	5.448	2.441	9.223	2.509	4.920
67.160	R3	2.379	9.894	2.379	4.591	2.438	9.351	2.507	4.919
67.200	R3	2.451	10.223	2.451	5.143	2.436	9.349	2.504	4.891
67.240	R3	2.536	9.761	2.536	4.463	2.439	9.379	2.506	4.909
67.280	R3	2.449	10.840	2.741	4.994	2.436	9.338	2.507	4.904
67.320	R3	2.417	9.024	2.674	4.715	2.438	9.313	2.508	4.908
67.360	R3	2.451	8.776	2.451	4.991	2.439	9.354	2.510	4.889
67.400	R3	2.463	7.272	2.507	5.456	2.432	9.376	2.498	4.863
67.440	R3	2.511	9.197	2.511	4.645	2.428	9.329	2.493	4.852
67.480	R3	2.397	9.196	2.397	4.585	2.427	9.318	2.486	4.861
67.520	R3	2.344	9.609	2.349	4.686	2.432	9.346	2.485	4.872
67.560	R3	2.427	9.312	2.427	4.744	2.432	9.346	2.481	4.852
67.600	R3	2.460	8.843	2.494	4.622	2.445	9.316	2.497	4.873
67.640	R3	2.432	8.859	2.524	4.640	2.445	9.271	2.496	4.864
67.680	R3	2.384	9.855	2.438	4.467	2.435	9.270	2.495	4.888
67.720	R3	2.425	9.879	2.464	4.249	2.432	9.118	2.486	4.900
67.760	R3	2.337	9.570	2.337	4.741	2.435	9.143	2.479	4.915
67.800	R3	2.519	8.750	2.541	5.120	2.433	9.140	2.493	4.929
67.840	R3	2.372	9.824	2.424	5.540	2.433	9.221	2.499	4.899
67.880	R3	2.493	9.539	2.503	5.598	2.432	9.153	2.508	4.923
67.920	R3	2.384	8.703	2.467	5.053	2.437	9.092	2.514	4.953
67.960	R3	2.647	9.288	2.695	5.012	2.441	8.931	2.518	4.955
68.000	R3	2.443	9.316	2.443	4.959	2.447	8.703	2.527	4.973
68.040	R3	2.354	9.738	2.506	4.934	2.448	8.518	2.527	4.978
68.080	R3	2.376	7.814	2.567	5.238	2.452	8.376	2.526	4.976
68.120	R3	2.474	9.526	2.531	5.019	2.452	8.372	2.529	4.985
68.160	R3	2.415	8.709	2.742	5.270	2.451	8.107	2.529	5.001
68.200	R3	2.464	8.889	2.612	4.860	2.454	7.919	2.537	5.003
68.240	R3	2.500	7.843	2.705	5.128	2.451	7.825	2.533	5.008
68.280	R3	2.497	7.966	2.511	5.183	2.455	7.680	2.534	4.986
68.320	R3	2.426	6.396	2.426	4.718	2.452	7.517	2.540	4.944
68.360	R3	2.530	4.747	2.617	5.118	2.455	7.427	2.544	4.961
68.400	R3	2.489	5.145	2.489	4.715	2.448	7.455	2.538	4.961
68.440	R3	2.504	6.012	2.504	4.607	2.449	7.438	2.545	4.970
68.480	R3	2.384	9.776	2.498	4.640	2.454	7.371	2.549	4.971
68.520	R3	2.415	4.578	2.460	4.561	2.460	7.465	2.551	4.945
68.560	R3	2.397	5.826	2.502	4.789	2.461	7.402	2.558	4.945
68.600	R3	2.466	6.859	2.466	5.225	2.459	7.414	2.540	4.917
68.640	R3	2.443	6.924	2.443	5.096	2.458	7.386	2.533	4.925
68.680	R3	2.436	6.293	2.617	4.750	2.456	7.465	2.521	4.927
68.720	R3	2.451	6.887	2.541	5.392	2.453	7.517	2.518	4.925
68.760	R3	2.501	9.851	2.586	5.021	2.453	7.655	2.525	4.954
68.800	R3	2.460	8.975	2.574	5.143	2.450	7.864	2.517	4.959
68.840	R3	2.460	8.396	2.596	4.950	2.444	8.069	2.511	4.962
68.880	R3	2.491	9.699	2.599	4.713	2.446	8.163	2.513	4.965
68.920	R3	2.493	8.267	2.670	5.018	2.450	8.135	2.512	4.976
68.960	R3	2.378	8.956	2.378	4.712	2.447	8.246	2.508	4.983
69.000	R3	2.438	8.319	2.483	5.021	2.448	8.229	2.519	5.002
69.040	R3	2.460	9.428	2.460	5.163	2.451	8.233	2.522	4.979
69.080	R3	2.447	9.013	2.462	5.149	2.452	8.196	2.523	4.962
69.120	R3	2.427	9.141	2.555	5.299	2.449	8.256	2.511	4.956
69.160	R3	2.458	8.926	2.458	5.218	2.446	8.213	2.509	4.935
69.200	R3	2.374	9.247	2.374	4.781	2.442	8.195	2.502	4.896
69.240	R3	2.546	7.896	2.546	4.661	2.441	8.205	2.499	4.886
69.280	R3	2.454	9.225	2.461	4.860	2.441	8.198	2.492	4.874
69.320	R3	2.370	6.786	2.392	4.709	2.437	8.107	2.490	4.897
69.360	R3	2.413	5.502	2.712	5.157	2.440	8.095	2.484	4.904
69.400	R3	2.519	6.937	2.525	4.769	2.444	8.119	2.492	4.915
69.440	R3	2.467	6.176	2.467	4.760	2.438	8.171	2.484	4.874
69.480	R3	2.379	7.490	2.382	4.629	2.435	8.115	2.482	4.855
69.520	R3	2.381	6.021	2.505	4.971	2.436	8.131	2.482	4.854
69.560	R3	2.434	9.492	2.434	4.232	2.430	8.003	2.480	4.856
69.600	R3	2.434	9.179	2.521	4.945	2.432	7.901	2.487	4.830
69.640	R3	2.456	8.268	2.458	4.718	2.435	7.830	2.493	4.833
69.680	R3	2.414	7.878	2.561	5.159	2.429	7.827	2.490	4.842
69.720	R3	2.540	8.030	2.540	5.159	2.427	7.745	2.492	4.841
69.760	R3	2.473	9.417	2.546	4.938	2.431	7.805	2.498	4.850
69.800	R3	2.317	9.364	2.317	4.211	2.432	7.958	2.483	4.829
69.840	R3	2.396	8.309	2.424	4.774	2.426	8.031	2.481	4.833
69.880	R3	2.460	9.343	2.467	5.129	2.422	8.174	2.482	4.839
69.920	R3	2.316	6.576	2.512	5.337	2.426	8.231	2.490	4.857
69.960	R3	2.493	6.891	2.593	4.705	2.430	8.431	2.489	4.846
