Tiempo	Replica	Distancia_Global	CYS1	TRP4	TRP5	Distancia_Global_Smooth	CYS1_Smooth	TRP4_Smooth	TRP5_Smooth
0.000	R1	12.125	19.920	19.886	21.881	16.424	19.851	20.516	20.894
0.040	R1	14.499	18.821	22.063	25.122	16.169	19.406	20.057	20.672
0.080	R1	16.145	21.470	23.090	23.940	15.870	19.052	19.590	20.501
0.120	R1	18.476	22.322	23.912	23.081	15.469	18.548	18.903	20.335
0.160	R1	18.404	21.591	22.840	21.413	15.163	18.155	18.436	20.345
0.200	R1	19.127	22.473	19.637	19.127	15.016	17.968	18.070	20.402
0.240	R1	17.416	20.155	17.416	18.433	14.848	17.825	17.712	20.317
0.280	R1	17.208	17.543	24.150	18.730	14.539	17.583	17.305	20.022
0.320	R1	15.027	16.218	16.352	18.987	14.260	17.371	16.942	19.642
0.360	R1	15.814	17.998	15.814	18.222	13.963	17.153	16.809	19.476
0.400	R1	13.615	14.952	15.463	18.457	13.565	16.753	16.574	19.271
0.440	R1	12.577	15.156	14.464	18.615	13.344	16.339	16.218	19.077
0.480	R1	10.656	12.499	10.656	18.352	13.037	15.958	15.744	18.737
0.520	R1	11.186	13.048	12.356	20.469	12.696	15.470	15.130	18.439
0.560	R1	12.956	15.360	12.956	21.205	12.317	15.097	14.516	18.213
0.600	R1	12.338	15.667	12.338	19.043	11.703	14.658	13.886	17.947
0.640	R1	9.601	13.723	10.788	15.305	11.181	14.392	13.444	17.803
0.680	R1	9.518	13.772	10.782	13.172	10.748	14.149	13.124	17.591
0.720	R1	8.602	13.227	14.415	16.482	10.300	14.075	12.330	17.357
0.760	R1	6.012	9.151	12.100	15.375	9.964	13.952	11.927	17.039
0.800	R1	7.697	11.644	12.768	18.013	9.532	13.925	11.495	16.768
0.840	R1	8.363	11.199	12.578	18.310	9.241	13.978	11.111	16.545
0.880	R1	9.325	11.709	10.823	17.996	9.003	13.917	10.779	16.416
0.920	R1	10.900	14.859	11.614	18.550	8.910	13.927	10.765	16.363
0.960	R1	6.113	12.802	10.248	16.101	8.793	13.881	10.711	16.291
1.000	R1	8.694	17.151	10.806	16.237	8.485	13.550	10.447	15.981
1.040	R1	8.749	15.311	11.005	14.203	8.161	13.451	10.360	15.703
1.080	R1	8.267	16.053	8.267	14.039	8.040	13.388	10.413	15.787
1.120	R1	8.304	13.768	8.304	12.631	8.178	13.657	10.539	16.133
1.160	R1	7.165	17.442	7.165	12.809	8.296	13.780	10.367	16.296
1.200	R1	7.792	16.020	7.792	13.998	8.587	14.143	10.475	16.630
1.240	R1	7.824	13.937	7.824	16.022	8.719	14.153	10.420	16.742
1.280	R1	8.806	12.692	10.370	17.307	8.839	14.144	10.426	16.844
1.320	R1	8.829	12.138	11.282	19.018	8.614	14.189	10.319	16.680
1.360	R1	6.799	8.738	7.662	15.011	8.339	14.021	10.147	16.537
1.400	R1	5.858	13.691	10.611	13.479	8.292	14.016	9.893	16.414
1.440	R1	7.195	12.450	11.852	16.988	8.137	13.841	9.657	16.135
1.480	R1	12.266	19.149	13.296	20.087	7.943	13.629	9.351	16.000
1.520	R1	10.971	15.698	10.971	19.752	7.792	13.353	9.200	15.758
1.560	R1	11.820	16.400	14.255	22.050	7.630	13.299	9.048	15.487
1.600	R1	10.344	11.850	11.671	20.242	7.515	13.062	8.933	15.278
1.640	R1	10.762	11.022	12.703	20.360	7.359	12.937	8.822	15.028
1.680	R1	4.827	12.605	8.676	14.709	7.225	12.855	8.699	14.647
1.720	R1	5.400	11.496	8.183	15.701	7.041	12.872	8.447	14.217
1.760	R1	5.170	12.718	5.170	13.637	6.839	12.940	8.122	13.751
1.800	R1	5.593	13.649	6.086	10.652	6.788	13.145	8.038	13.420
1.840	R1	4.881	11.065	4.881	11.509	6.740	13.043	7.786	13.197
1.880	R1	5.241	10.540	5.241	9.199	6.673	12.928	7.629	12.834
1.920	R1	5.057	12.670	5.268	7.208	6.291	12.536	7.371	12.274
1.960	R1	4.862	12.704	4.862	8.632	5.983	12.398	7.162	11.786
2.000	R1	4.675	13.525	5.568	8.995	5.656	12.279	6.713	11.136
2.040	R1	5.149	12.294	5.368	8.403	5.394	12.378	6.385	10.605
2.080	R1	5.130	13.044	5.325	8.711	5.125	12.492	6.026	10.051
2.120	R1	4.792	13.497	4.792	9.700	5.148	12.502	5.864	9.759
2.160	R1	5.771	12.827	5.987	8.382	5.118	12.545	5.695	9.407
2.200	R1	4.893	11.654	5.573	9.029	5.132	12.568	5.708	9.244
2.240	R1	5.849	10.161	8.698	9.717	5.123	12.443	5.686	9.094
2.280	R1	4.639	11.302	8.148	8.886	5.130	12.471	5.703	8.891
2.320	R1	4.815	12.947	6.791	9.991	5.091	12.614	5.664	8.839
2.360	R1	5.264	14.007	5.264	9.065	5.092	12.588	5.654	8.868
2.400	R1	5.115	13.829	5.115	9.621	5.123	12.519	5.686	8.898
2.440	R1	5.382	13.303	5.516	9.279	5.140	12.433	5.658	8.832
2.480	R1	5.293	12.808	5.450	8.852	5.141	12.354	5.665	8.782
2.520	R1	4.798	12.352	4.798	8.679	5.145	12.165	5.672	8.663
2.560	R1	5.436	13.177	5.436	10.378	5.151	12.032	5.686	8.585
2.600	R1	5.425	11.148	5.646	7.647	5.085	11.915	5.608	8.509
2.640	R1	5.011	11.626	5.214	7.437	5.083	12.026	5.573	8.522
2.680	R1	4.454	13.415	4.454	8.165	5.006	12.008	5.416	8.408
2.720	R1	5.077	12.146	5.077	7.798	5.035	12.003	5.269	8.280
2.760	R1	5.495	11.319	5.495	9.219	5.051	11.977	5.186	8.110
2.800	R1	5.004	11.796	5.007	7.687	5.036	11.898	5.172	7.916
2.840	R1	5.180	10.718	5.525	7.397	5.009	11.779	5.175	7.696
2.880	R1	5.200	9.274	5.451	6.321	4.934	11.628	5.144	7.427
2.920	R1	4.919	10.839	5.068	8.157	4.919	11.506	5.120	7.256
2.960	R1	4.447	10.484	4.447	6.862	4.910	11.460	5.111	7.091
3.000	R1	4.853	13.869	4.857	9.275	4.895	11.188	5.160	6.830
3.040	R1	4.317	9.796	5.557	7.432	4.828	10.897	5.169	6.652
3.080	R1	5.207	11.204	5.207	6.328	4.786	10.533	5.230	6.488
3.120	R1	5.143	12.432	5.143	6.604	4.783	10.097	5.370	6.300
3.160	R1	4.972	12.430	4.972	5.178	4.749	9.738	5.403	6.129
3.200	R1	4.564	11.448	5.191	5.220	4.674	9.384	5.425	5.868
3.240	R1	3.895	10.275	4.879	3.895	4.629	9.000	5.501	5.691
3.280	R1	4.982	10.363	4.982	5.441	4.579	8.672	5.582	5.553
3.320	R1	4.610	11.441	4.610	5.378	4.541	8.431	5.672	5.474
3.360	R1	5.152	7.732	6.424	5.152	4.454	8.048	5.717	5.259
3.400	R1	4.084	5.326	5.822	4.084	4.353	7.645	5.861	5.127
3.440	R1	4.157	4.364	6.426	4.157	4.258	7.099	6.013	4.896
3.480	R1	4.406	4.685	7.258	4.406	4.178	6.745	6.052	4.724
3.520	R1	4.386	4.958	5.750	4.386	4.088	6.355	6.148	4.623
3.560	R1	3.996	4.241	5.932	3.996	4.057	5.960	6.284	4.525
3.600	R1	4.115	4.115	6.519	4.148	4.034	5.605	6.364	4.491
3.640	R1	4.171	4.171	7.143	4.630	4.022	5.335	6.381	4.446
3.680	R1	4.445	4.445	7.261	4.743	3.991	5.082	6.439	4.416
3.720	R1	3.185	3.185	5.950	3.854	3.929	4.836	6.468	4.330
3.760	R1	2.427	2.427	7.339	4.226	3.856	4.554	6.522	4.219
3.800	R1	2.950	2.950	7.885	4.657	3.743	4.588	6.502	4.106
3.840	R1	2.718	2.718	6.344	3.996	3.715	4.745	6.491	4.078
3.880	R1	3.395	3.395	7.135	4.310	3.665	5.050	6.416	4.028
3.920	R1	4.528	4.528	7.853	4.633	3.643	5.415	6.410	4.007
3.960	R1	4.514	5.337	6.583	4.514	3.667	5.722	6.365	4.036
4.000	R1	4.320	6.039	5.524	4.320	3.652	6.117	6.339	4.022
4.040	R1	3.286	5.223	6.045	3.286	3.648	6.417	6.255	4.016
4.080	R1	3.730	5.443	5.552	3.730	3.622	6.724	6.169	3.967
4.120	R1	3.155	5.804	5.704	3.155	3.647	6.809	6.251	3.977
4.160	R1	2.887	8.411	6.009	2.887	3.734	6.961	6.403	4.031
4.200	R1	3.531	8.461	5.604	3.531	3.835	7.492	6.503	4.042
4.240	R1	3.158	10.466	4.926	3.158	3.930	7.931	6.543	4.052
4.280	R1	3.973	11.977	7.151	3.973	4.030	8.536	6.733	4.087
4.320	R1	4.849	11.103	4.849	4.982	4.107	9.096	6.912	4.119
4.360	R1	3.713	12.145	5.409	3.713	4.128	9.587	6.918	4.134
4.400	R1	4.019	10.106	4.828	4.019	4.143	10.010	7.006	4.149
4.440	R1	3.653	10.322	5.428	3.653	4.150	10.448	7.143	4.157
4.480	R1	4.949	6.132	8.910	4.949	4.233	10.918	7.213	4.239
4.520	R1	4.929	6.226	8.988	4.929	4.282	11.413	7.171	4.293
4.560	R1	4.451	13.046	9.324	4.451	4.359	11.875	7.130	4.370
4.600	R1	4.846	11.729	8.689	4.846	4.443	12.175	7.095	4.453
4.640	R1	4.710	14.834	10.148	4.710	4.513	12.423	7.061	4.532
4.680	R1	4.949	14.595	10.713	4.949	4.609	12.617	7.079	4.628
4.720	R1	4.931	14.348	7.973	4.931	4.635	12.709	6.946	4.674
4.760	R1	4.817	13.788	8.343	4.817	4.627	12.875	6.938	4.675
4.800	R1	4.462	14.807	8.255	4.462	4.666	12.619	6.960	4.713
4.840	R1	4.944	14.625	7.455	4.944	4.691	12.536	6.945	4.740
4.880	R1	4.719	15.328	4.719	4.797	4.727	12.477	6.892	4.802
4.920	R1	4.688	15.058	4.871	4.688	4.729	12.600	6.710	4.804
4.960	R1	4.566	14.403	5.308	4.566	4.711	12.843	6.489	4.813
5.000	R1	4.928	13.416	4.928	5.094	4.723	12.642	6.263	4.825
5.040	R1	5.085	14.358	5.289	5.085	4.721	12.648	6.095	4.823
5.080	R1	4.497	13.821	4.497	4.886	4.734	12.611	5.837	4.881
5.120	R1	4.686	14.422	4.686	5.004	4.722	12.647	5.547	4.869
5.160	R1	4.485	7.012	5.853	4.485	4.688	12.650	5.360	4.844
5.200	R1	4.531	8.461	4.531	4.553	4.566	12.565	5.062	4.770
5.240	R1	4.363	9.137	4.363	4.888	4.486	12.389	4.793	4.778
5.280	R1	4.999	8.592	5.263	4.999	4.372	12.219	4.552	4.795
5.320	R1	4.561	11.092	4.561	5.115	4.255	12.023	4.436	4.796
5.360	R1	4.692	9.014	4.812	4.692	4.144	11.892	4.315	4.815
5.400	R1	4.804	11.860	5.336	4.804	4.049	11.747	4.183	4.832
5.440	R1	4.976	14.092	4.976	5.858	3.930	11.554	4.064	4.776
5.480	R1	4.713	15.312	4.917	4.713	3.823	11.270	3.948	4.753
5.520	R1	4.244	14.398	4.244	4.424	3.731	10.982	3.855	4.772
5.560	R1	2.378	12.090	2.378	3.352	3.639	10.702	3.763	4.787
5.600	R1	2.868	11.296	2.868	4.612	3.526	10.691	3.595	4.831
5.640	R1	2.649	11.222	2.649	5.281	3.423	10.721	3.495	4.853
5.680	R1	2.386	11.403	2.386	4.833	3.322	10.721	3.409	4.897
5.720	R1	2.458	12.447	2.458	5.054	3.194	10.807	3.268	4.906
5.760	R1	2.666	11.499	2.666	4.913	3.091	10.781	3.165	4.938
5.800	R1	2.551	9.552	2.551	3.967	2.978	10.832	3.075	4.971
5.840	R1	2.956	8.681	2.956	4.625	2.863	10.729	2.935	5.043
5.880	R1	2.656	8.053	2.656	5.265	2.736	10.382	2.808	5.039
5.920	R1	2.834	8.830	2.834	5.311	2.616	10.140	2.695	5.070
5.960	R1	2.239	6.794	2.489	5.356	2.525	9.770	2.604	5.132
6.000	R1	2.460	9.053	2.537	5.003	2.530	9.458	2.618	5.249
6.040	R1	2.345	9.136	2.636	5.764	2.508	9.340	2.604	5.286
6.080	R1	2.442	10.310	2.442	5.180	2.493	9.235	2.594	5.290
6.120	R1	2.501	10.574	2.501	5.753	2.500	9.098	2.601	5.318
6.160	R1	2.427	10.036	3.012	5.353	2.503	8.986	2.610	5.303
6.200	R1	2.506	9.793	2.544	6.250	2.488	8.890	2.608	5.329
6.240	R1	2.431	7.169	2.431	5.769	2.481	8.895	2.601	5.357
6.280	R1	2.323	10.457	2.658	5.333	2.457	8.894	2.578	5.393
6.320	R1	2.421	7.010	2.421	5.660	2.449	8.935	2.572	5.378
6.360	R1	2.477	5.845	2.663	5.703	2.427	8.964	2.554	5.341
6.400	R1	2.425	8.936	2.599	5.355	2.445	9.124	2.560	5.312
6.440	R1	2.353	9.130	2.438	5.364	2.446	9.149	2.557	5.306
6.480	R1	2.520	8.663	2.520	5.380	2.454	9.153	2.552	5.249
6.520	R1	2.522	10.201	2.650	4.747	2.455	8.994	2.558	5.213
6.560	R1	2.363	9.571	2.624	5.443	2.461	8.688	2.564	5.173
6.600	R1	2.416	9.650	2.416	4.536	2.463	8.411	2.538	5.153
6.640	R1	2.483	8.661	2.483	5.333	2.461	8.146	2.537	5.072
6.680	R1	2.489	8.873	2.541	4.958	2.464	8.043	2.540	5.010
6.720	R1	2.387	9.416	2.471	4.583	2.470	7.812	2.529	4.980
6.760	R1	2.605	9.992	2.605	4.781	2.472	7.799	2.537	4.933
6.800	R1	2.478	9.566	2.478	4.877	2.477	7.849	2.534	4.888
6.840	R1	2.517	9.201	2.546	4.627	2.480	7.698	2.528	4.870
6.880	R1	2.450	7.138	2.566	4.455	2.490	7.584	2.534	4.854
6.920	R1	2.622	4.456	2.622	4.962	2.481	7.560	2.536	4.824
6.960	R1	2.478	4.499	2.478	4.944	2.482	7.485	2.530	4.831
7.000	R1	2.463	4.493	2.531	4.625	2.486	7.518	2.521	4.795
7.040	R1	2.496	5.104	2.496	4.531	2.489	7.505	2.533	4.801
7.080	R1	2.439	5.847	2.439	4.744	2.491	7.518	2.535	4.774
7.120	R1	2.448	6.743	2.577	4.714	2.491	7.548	2.541	4.803
7.160	R1	2.586	6.850	2.600	4.797	2.494	7.494	2.545	4.828
7.200	R1	2.487	5.899	2.487	5.002	2.484	7.386	2.538	4.833
7.240	R1	2.543	6.859	2.553	5.033	2.478	7.195	2.532	4.836
7.280	R1	2.350	8.187	2.559	4.796	2.477	6.997	2.533	4.860
7.320	R1	2.532	8.693	2.532	4.890	2.474	7.060	2.535	4.900
7.360	R1	2.447	10.239	2.447	4.710	2.467	7.286	2.528	4.879
7.400	R1	2.486	9.394	2.652	4.656	2.470	7.472	2.531	4.865
7.440	R1	2.518	8.919	2.518	4.799	2.475	7.718	2.535	4.925
7.480	R1	2.486	9.458	2.658	5.533	2.478	7.801	2.542	4.974
7.520	R1	2.451	8.335	2.558	5.084	2.486	7.830	2.551	4.997
7.560	R1	2.404	7.848	2.465	4.876	2.488	7.965	2.546	5.035
7.600	R1	2.350	5.747	2.350	4.939	2.483	8.086	2.546	5.043
7.640	R1	2.503	5.226	2.572	5.114	2.482	8.214	2.547	5.033
7.680	R1	2.384	8.395	2.602	5.256	2.476	8.344	2.541	5.012
7.720	R1	2.483	8.979	2.483	4.540	2.477	8.357	2.537	5.016
7.760	R1	2.541	8.228	2.541	4.668	2.478	8.417	2.545	5.027
7.800	R1	2.571	9.415	2.618	5.830	2.480	8.315	2.550	5.035
7.840	R1	2.553	6.755	2.622	5.496	2.477	8.306	2.538	5.033
7.880	R1	2.606	6.430	2.629	5.207	2.466	8.389	2.528	5.038
7.920	R1	2.475	9.434	2.475	5.469	2.463	8.266	2.528	5.017
7.960	R1	2.486	9.284	2.609	4.957	2.465	8.185	2.529	5.012
8.000	R1	2.464	8.453	2.490	4.805	2.463	8.102	2.524	5.011
8.040	R1	2.433	9.462	2.441	4.609	2.472	8.259	2.533	5.025
8.080	R1	2.369	8.454	2.478	4.878	2.471	8.377	2.529	5.014
8.120	R1	2.555	9.894	2.698	5.120	2.468	8.312	2.521	4.999
8.160	R1	2.492	8.194	2.547	4.864	2.462	8.325	2.514	5.026
8.200	R1	2.408	9.205	2.408	4.609	2.463	8.365	2.515	5.043
8.240	R1	2.310	10.577	2.310	4.912	2.456	8.384	2.506	4.984
8.280	R1	2.421	7.001	2.662	5.112	2.454	8.583	2.501	4.935
8.320	R1	2.485	6.728	2.577	4.987	2.443	8.778	2.488	4.936
8.360	R1	2.376	6.175	2.376	4.851	2.442	8.798	2.494	4.909
8.400	R1	2.529	8.897	2.529	5.216	2.439	8.830	2.485	4.899
8.440	R1	2.472	7.573	2.487	4.887	2.431	8.885	2.483	4.917
8.480	R1	2.337	7.098	2.430	4.971	2.436	8.906	2.494	4.952
8.520	R1	2.354	9.234	2.354	5.068	2.435	8.899	2.489	4.937
8.560	R1	2.559	9.036	2.567	5.015	2.433	8.765	2.480	4.920
8.600	R1	2.428	9.804	2.428	4.645	2.427	8.795	2.471	4.913
8.640	R1	2.520	10.724	2.520	4.513	2.430	8.827	2.476	4.952
8.680	R1	2.378	10.331	2.378	5.226	2.434	8.797	2.480	4.952
8.720	R1	2.461	9.845	2.598	4.928	2.436	8.847	2.476	4.970
8.760	R1	2.424	9.909	2.424	4.758	2.424	8.950	2.459	5.030
8.800	R1	2.307	9.561	2.438	5.163	2.424	9.101	2.463	5.038
8.840	R1	2.531	9.873	2.664	5.313	2.423	9.107	2.465	5.027
8.880	R1	2.350	8.328	2.385	4.583	2.430	9.199	2.473	5.018
8.920	R1	2.516	7.209	2.516	4.788	2.435	9.312	2.473	5.017
8.960	R1	2.373	8.801	2.373	4.710	2.441	9.297	2.481	5.034
9.000	R1	2.459	9.829	2.495	5.386	2.435	9.357	2.479	5.025
9.040	R1	2.400	9.980	2.400	4.927	2.433	9.181	2.477	5.021
9.080	R1	2.462	8.001	2.571	5.471	2.433	8.980	2.477	5.027
9.120	R1	2.239	8.790	2.239	6.173	2.439	8.876	2.484	5.000
9.160	R1	2.370	9.192	2.460	5.016	2.440	8.732	2.484	5.021
9.200	R1	2.520	9.025	2.571	4.999	2.445	8.773	2.490	5.017
9.240	R1	2.607	9.400	2.637	4.717	2.456	8.789	2.494	5.011
9.280	R1	2.433	9.375	2.433	4.934	2.457	8.818	2.488	4.987
9.320	R1	2.486	8.927	2.525	5.407	2.457	8.874	2.494	5.034
9.360	R1	2.437	10.239	2.525	4.853	2.453	9.022	2.489	5.002
9.400	R1	2.387	6.274	2.387	4.548	2.463	9.115	2.506	5.066
9.440	R1	2.520	6.708	2.520	4.638	2.460	9.041	2.518	5.080
9.480	R1	2.505	8.250	2.526	4.698	2.454	8.992	2.514	5.087
9.520	R1	2.470	6.976	2.598	5.349	2.453	9.010	2.518	5.080
9.560	R1	2.533	10.727	2.533	4.662	2.472	9.035	2.537	5.037
9.600	R1	2.529	9.874	2.529	5.050	2.472	8.990	2.535	5.036
9.640	R1	2.535	10.445	2.535	4.825	2.470	9.003	2.530	5.031
9.680	R1	2.366	9.463	2.506	5.521	2.461	9.018	2.520	5.042
9.720	R1	2.421	10.168	2.421	4.150	2.473	9.000	2.533	5.074
9.760	R1	2.583	10.654	2.701	5.992	2.482	9.052	2.540	5.041
9.800	R1	2.399	8.356	2.733	5.667	2.490	9.070	2.545	5.029
9.840	R1	2.284	8.993	2.333	5.064	2.486	9.200	2.561	5.096
9.880	R1	2.444	8.365	2.654	5.329	2.489	9.217	2.566	5.165
9.920	R1	2.619	9.292	2.619	5.320	2.491	9.343	2.568	5.186
9.960	R1	2.365	8.293	2.412	5.001	2.486	9.468	2.570	5.198
10.000	R1	2.471	9.282	2.471	4.894	2.486	9.394	2.573	5.250
10.040	R1	2.440	9.688	2.440	4.928	2.484	9.312	2.577	5.262
10.080	R1	2.674	9.035	2.702	5.585	2.479	9.190	2.597	5.309
10.120	R1	2.659	9.950	2.659	4.747	2.483	9.135	2.614	5.330
10.160	R1	2.590	10.614	2.616	4.605	2.479	8.990	2.636	5.382
10.200	R1	2.324	8.863	2.710	5.900	2.472	8.818	2.623	5.348
10.240	R1	2.566	7.059	2.628	6.002	2.472	8.743	2.613	5.349
10.280	R1	2.551	10.772	2.551	5.121	2.475	8.640	2.630	5.357
10.320	R1	2.377	9.472	2.641	5.591	2.480	8.684	2.625	5.374
10.360	R1	2.515	9.249	2.595	5.715	2.473	8.671	2.622	5.398
10.400	R1	2.508	8.225	2.617	5.283	2.481	8.588	2.630	5.429
10.440	R1	2.425	7.999	2.939	5.756	2.482	8.482	2.643	5.451
10.480	R1	2.437	8.366	2.834	5.952	2.487	8.333	2.659	5.504
10.520	R1	2.349	7.273	2.868	5.179	2.476	8.217	2.648	5.514
10.560	R1	2.438	7.206	2.438	5.325	2.466	8.127	2.639	5.552
10.600	R1	2.404	6.871	2.527	5.679	2.465	8.083	2.636	5.584
10.640	R1	2.353	6.919	2.682	5.237	2.469	8.171	2.630	5.548
10.680	R1	2.542	9.260	2.547	5.656	2.464	8.312	2.643	5.522
10.720	R1	2.476	9.019	2.557	5.808	2.458	8.299	2.637	5.548
10.760	R1	2.531	6.634	2.574	5.624	2.462	8.284	2.633	5.555
10.800	R1	2.486	7.162	2.729	5.329	2.463	8.147	2.630	5.523
10.840	R1	2.538	6.719	2.767	5.989	2.464	8.098	2.626	5.498
10.880	R1	2.442	6.714	2.483	5.784	2.466	8.039	2.603	5.481
10.920	R1	2.476	8.137	2.476	5.506	2.473	7.954	2.589	5.434
10.960	R1	2.566	9.733	2.566	5.234	2.486	7.904	2.583	5.449
11.000	R1	2.405	10.624	2.590	5.184	2.488	7.897	2.585	5.418
11.040	R1	2.458	9.884	2.875	5.493	2.494	7.873	2.585	5.370
11.080	R1	2.427	10.519	2.427	5.638	2.500	7.923	2.574	5.341
11.120	R1	2.469	9.171	2.579	5.723	2.498	7.858	2.571	5.333
11.160	R1	2.522	6.508	2.524	5.086	2.498	7.840	2.568	5.279
11.200	R1	2.544	7.242	2.544	4.784	2.492	7.976	2.559	5.300
11.240	R1	2.465	6.810	2.465	5.411	2.493	8.005	2.548	5.279
11.280	R1	2.572	6.673	2.572	5.000	2.489	8.161	2.533	5.233
11.320	R1	2.615	6.268	2.740	5.494	2.488	8.216	2.529	5.199
11.360	R1	2.468	7.075	2.468	4.697	2.497	8.208	2.545	5.203
11.400	R1	2.531	6.381	2.531	4.728	2.501	8.116	2.552	5.263
11.440	R1	2.465	7.919	2.465	4.658	2.503	8.143	2.551	5.224
11.480	R1	2.498	7.963	2.498	5.488	2.496	8.105	2.534	5.298
11.520	R1	2.489	8.671	2.489	4.738	2.496	8.073	2.548	5.360
11.560	R1	2.396	9.346	2.396	6.032	2.499	8.146	2.560	5.435
11.600	R1	2.510	7.732	2.510	4.921	2.495	8.296	2.567	5.516
11.640	R1	2.470	9.857	2.470	5.069	2.492	8.419	2.563	5.524
11.680	R1	2.406	7.796	2.406	5.093	2.495	8.564	2.569	5.596
11.720	R1	2.660	7.990	2.793	5.583	2.494	8.702	2.580	5.685
11.760	R1	2.649	7.886	2.700	6.442	2.479	8.887	2.559	5.697
11.800	R1	2.453	11.176	2.562	4.393	2.483	9.084	2.563	5.785
11.840	R1	2.303	9.117	2.541	6.984	2.469	9.245	2.569	5.860
11.880	R1	2.436	9.880	2.707	6.881	2.467	9.323	2.567	5.852
11.920	R1	2.531	10.620	2.826	7.212	2.466	9.407	2.566	5.811
11.960	R1	2.444	9.513	2.657	6.713	2.465	9.449	2.565	5.875
12.000	R1	2.471	9.708	2.471	4.940	2.459	9.399	2.559	5.824
12.040	R1	2.537	9.711	2.577	6.849	2.455	9.477	2.563	5.815
12.080	R1	2.541	9.437	2.795	6.790	2.458	9.427	2.566	5.798
12.120	R1	2.314	9.964	2.314	5.727	2.462	9.393	2.579	5.816
12.160	R1	2.560	11.008	2.560	6.460	2.452	9.461	2.562	5.782
12.200	R1	2.239	9.606	2.649	6.236	2.441	9.540	2.548	5.708
12.240	R1	2.427	9.483	2.427	4.491	2.439	9.489	2.541	5.719
12.280	R1	2.478	9.629	2.478	4.661	2.446	9.508	2.548	5.611
12.320	R1	2.468	9.517	2.468	6.025	2.450	9.531	2.538	5.577
12.360	R1	2.276	8.347	2.276	5.020	2.452	9.487	2.531	5.525
12.400	R1	2.432	9.288	2.576	4.732	2.450	9.393	2.519	5.494
12.440	R1	2.545	8.865	2.545	4.728	2.458	9.256	2.529	5.545
12.480	R1	2.484	7.117	2.655	5.448	2.455	9.144	2.524	5.498
12.520	R1	2.451	9.349	2.451	4.908	2.450	9.056	2.506	5.371
12.560	R1	2.425	9.472	2.435	4.961	2.462	8.933	2.519	5.373
12.600	R1	2.411	10.151	2.411	4.606	2.461	8.702	2.522	5.348
12.640	R1	2.455	9.495	2.675	4.842	2.473	8.479	2.524	5.267
12.680	R1	2.507	10.331	2.507	6.189	2.472	8.253	2.526	5.365
12.720	R1	2.579	9.756	2.696	6.171	2.477	8.014	2.531	5.374
12.760	R1	2.409	7.628	2.409	6.095	2.476	7.869	2.546	5.340
12.800	R1	2.623	6.963	2.671	5.953	2.487	7.778	2.557	5.407
12.840	R1	2.486	7.483	2.486	5.921	2.481	7.698	2.550	5.492
12.880	R1	2.426	7.667	2.426	4.242	2.481	7.606	2.549	5.565
12.920	R1	2.557	7.512	2.582	5.771	2.478	7.557	2.547	5.627
12.960	R1	2.537	6.371	2.610	5.968	2.479	7.441	2.548	5.695
13.000	R1	2.483	5.147	2.707	4.604	2.482	7.486	2.553	5.773
13.040	R1	2.404	4.975	2.467	6.454	2.481	7.333	2.553	5.808
13.080	R1	2.573	4.844	2.573	4.840	2.478	7.274	2.548	5.867
13.120	R1	2.455	6.622	2.757	5.340	2.474	7.240	2.544	5.878
13.160	R1	2.492	6.526	2.498	6.358	2.470	7.260	2.539	5.903
13.200	R1	2.326	7.679	2.434	6.444	2.478	7.348	2.551	5.922
13.240	R1	2.533	7.036	2.533	6.185	2.472	7.505	2.542	5.922
13.280	R1	2.420	6.130	2.610	6.684	2.466	7.616	2.536	5.955
13.320	R1	2.475	7.036	2.475	6.275	2.470	7.586	2.540	6.038
13.360	R1	2.490	10.365	2.542	6.512	2.469	7.512	2.537	6.050
13.400	R1	2.396	7.099	2.396	5.322	2.464	7.411	2.532	6.042
13.440	R1	2.390	8.310	2.583	6.007	2.460	7.381	2.522	6.139
13.480	R1	2.427	9.655	2.427	6.414	2.473	7.404	2.534	6.132
13.520	R1	2.489	10.148	2.596	6.671	2.467	7.588	2.528	6.199
13.560	R1	2.585	9.392	2.641	6.477	2.468	7.583	2.514	6.232
13.600	R1	2.501	10.111	2.501	5.949	2.461	7.594	2.507	6.235
13.640	R1	2.363	9.695	2.363	6.590	2.462	7.640	2.523	6.181
13.680	R1	2.507	7.069	2.507	5.886	2.454	7.791	2.516	6.144
13.720	R1	2.524	6.020	2.524	6.013	2.461	8.010	2.517	6.055
13.760	R1	2.438	4.356	2.500	5.824	2.460	8.138	2.516	5.983
13.800	R1	2.408	4.542	2.519	6.532	2.459	8.135	2.512	5.909
13.840	R1	2.668	5.445	2.694	6.321	2.460	8.222	2.514	5.878
13.880	R1	2.459	8.520	2.459	6.175	2.469	8.246	2.513	5.829
13.920	R1	2.473	6.520	2.482	6.012	2.477	8.236	2.532	5.784
13.960	R1	2.357	6.760	2.357	6.415	2.473	8.029	2.528	5.698
14.000	R1	2.337	8.583	2.745	5.361	2.459	8.059	2.519	5.631
14.040	R1	2.376	10.062	2.400	5.443	2.458	8.079	2.517	5.578
14.080	R1	2.561	10.511	2.631	4.908	2.459	7.949	2.519	5.519
14.120	R1	2.449	9.601	2.449	4.825	2.457	7.993	2.517	5.474
14.160	R1	2.463	10.295	2.470	5.029	2.454	8.109	2.513	5.441
14.200	R1	2.430	8.837	2.430	4.707	2.453	8.378	2.511	5.385
14.240	R1	2.569	8.803	2.569	5.025	2.453	8.526	2.505	5.288
14.280	R1	2.580	9.444	2.794	5.526	2.445	8.674	2.501	5.273
14.320	R1	2.401	6.014	2.526	4.937	2.449	8.657	2.505	5.259
14.360	R1	2.315	9.992	2.455	5.141	2.445	8.778	2.504	5.240
14.400	R1	2.471	10.505	2.471	4.881	2.446	8.860	2.510	5.210
14.440	R1	2.401	7.102	2.401	5.412	2.451	8.929	2.495	5.205
14.480	R1	2.462	7.954	2.462	4.990	2.456	8.898	2.525	5.277
14.520	R1	2.452	8.340	2.452	5.348	2.460	8.920	2.526	5.298
14.560	R1	2.427	9.728	2.450	4.715	2.464	8.841	2.557	5.419
14.600	R1	2.411	7.492	2.411	4.588	2.475	8.817	2.569	5.498
14.640	R1	2.498	8.411	2.603	6.028	2.479	8.923	2.573	5.502
14.680	R1	2.547	8.174	2.547	5.883	2.476	8.947	2.570	5.625
14.720	R1	2.397	8.941	2.456	5.643	2.475	8.905	2.571	5.711
14.760	R1	2.373	8.416	2.474	5.804	2.476	9.015	2.586	5.821
14.800	R1	2.446	9.960	2.446	5.268	2.488	8.855	2.619	5.952
14.840	R1	2.460	9.434	2.997	6.884	2.492	8.852	2.632	6.075
14.880	R1	2.654	10.949	2.654	5.320	2.490	9.033	2.630	6.067
14.920	R1	2.519	8.027	3.072	7.241	2.487	9.024	2.655	6.182
14.960	R1	2.681	9.809	2.711	6.614	2.493	9.124	2.679	6.301
15.000	R1	2.508	10.959	2.508	4.789	2.494	9.174	2.680	6.293
15.040	R1	2.518	9.291	2.518	7.481	2.496	9.303	2.681	6.293
15.080	R1	2.550	8.596	2.812	7.246	2.492	9.364	2.693	6.356
15.120	R1	2.423	8.220	2.823	7.143	2.486	9.563	2.687	6.297
15.160	R1	2.572	6.802	3.114	7.760	2.489	9.655	2.687	6.251
15.200	R1	2.541	10.437	2.733	7.348	2.500	9.789	2.693	6.218
15.240	R1	2.356	10.723	2.356	5.246	2.501	9.762	2.693	6.197
15.280	R1	2.402	7.777	2.964	7.285	2.500	9.773	2.666	6.089
15.320	R1	2.571	10.343	2.933	7.737	2.500	9.732	2.666	6.076
15.360	R1	2.461	10.712	2.461	4.547	2.501	9.846	2.639	5.939
15.400	R1	2.435	10.078	2.435	4.601	2.488	9.794	2.625	5.823
15.440	R1	2.423	9.635	2.838	7.271	2.485	9.642	2.628	5.810
15.480	R1	2.434	12.145	2.434	4.710	2.486	9.685	2.629	5.683
15.520	R1	2.448	10.790	2.448	4.727	2.481	9.748	2.611	5.553
15.560	R1	2.601	11.101	2.601	5.143	2.477	9.845	2.587	5.432
15.600	R1	2.454	9.410	2.454	4.854	2.486	9.968	2.570	5.291
15.640	R1	2.449	9.656	2.449	4.715	2.491	9.851	2.565	5.170
15.680	R1	2.649	10.131	2.649	5.068	2.502	9.837	2.577	5.168
15.720	R1	2.537	10.298	2.537	4.486	2.509	9.895	2.555	5.048
15.760	R1	2.425	8.774	2.425	4.299	2.510	9.797	2.538	4.913
15.800	R1	2.458	7.923	2.580	4.539	2.513	9.609	2.541	4.941
15.840	R1	2.540	10.149	2.540	4.930	2.514	9.582	2.542	4.978
15.880	R1	2.436	9.849	2.436	4.648	2.525	9.623	2.532	4.861
15.920	R1	2.349	10.163	2.349	4.724	2.544	9.513	2.551	4.904
15.960	R1	2.755	9.263	2.778	4.942	2.554	9.434	2.562	4.926
16.000	R1	2.636	8.108	2.636	4.929	2.550	9.398	2.557	4.959
16.040	R1	2.586	10.433	2.586	5.197	2.559	9.512	2.566	4.947
16.080	R1	2.525	8.931	2.525	4.887	2.566	9.585	2.573	5.030
16.120	R1	2.596	8.397	2.596	5.040	2.553	9.551	2.560	5.009
16.160	R1	2.532	6.939	2.532	5.101	2.551	9.518	2.558	5.044
16.200	R1	2.444	9.539	2.444	5.350	2.552	9.610	2.559	5.100
16.240	R1	2.645	10.462	2.645	4.935	2.547	9.724	2.548	5.106
16.280	R1	2.818	9.949	2.818	5.564	2.551	9.703	2.552	5.113
16.320	R1	2.652	9.206	2.652	5.174	2.560	9.697	2.566	5.117
16.360	R1	2.516	10.373	2.516	5.797	2.573	9.638	2.581	5.121
16.400	R1	2.626	11.689	2.626	4.609	2.558	9.630	2.564	5.095
16.440	R1	2.591	11.122	2.591	6.379	2.548	9.564	2.557	5.107
16.480	R1	2.384	9.451	2.384	4.650	2.545	9.548	2.554	5.091
16.520	R1	2.508	9.630	2.508	5.189	2.540	9.523	2.549	5.075
16.560	R1	2.447	10.620	2.447	5.421	2.537	9.535	2.546	5.071
16.600	R1	2.353	10.214	2.353	4.665	2.532	9.690	2.541	5.066
16.640	R1	2.628	9.713	2.628	5.067	2.531	9.738	2.540	5.057
16.680	R1	2.613	9.732	2.703	4.727	2.526	9.746	2.535	5.037
16.720	R1	2.608	8.997	2.657	4.805	2.509	9.780	2.518	5.004
16.760	R1	2.442	9.103	2.442	4.410	2.496	9.878	2.505	4.972
16.800	R1	2.453	6.775	2.494	5.170	2.492	9.858	2.501	4.908
16.840	R1	2.528	10.125	2.528	4.878	2.487	9.719	2.496	4.937
16.880	R1	2.408	8.414	2.408	4.575	2.490	9.609	2.499	4.889
16.920	R1	2.544	8.647	2.544	4.948	2.502	9.571	2.511	4.906
16.960	R1	2.436	10.035	2.436	5.008	2.503	9.531	2.512	4.892
17.000	R1	2.414	10.509	2.414	5.177	2.504	9.510	2.513	4.868
17.040	R1	2.545	10.610	2.545	4.526	2.516	9.560	2.525	4.896
17.080	R1	2.475	10.624	2.475	4.912	2.504	9.642	2.513	4.888
17.120	R1	2.400	11.170	2.400	4.534	2.501	9.729	2.506	4.910
17.160	R1	2.430	9.986	2.430	4.510	2.498	9.806	2.500	4.938
17.200	R1	2.531	8.903	2.531	5.185	2.502	9.919	2.504	4.965
17.240	R1	2.657	8.915	2.657	5.428	2.504	10.041	2.504	4.945
17.280	R1	2.625	8.696	2.625	4.984	2.512	10.067	2.512	4.921
17.320	R1	2.515	8.835	2.515	4.912	2.516	10.124	2.516	4.910
17.360	R1	2.484	10.190	2.484	4.942	2.508	10.229	2.508	4.886
17.400	R1	2.579	11.218	2.579	5.227	2.511	10.256	2.515	4.891
17.440	R1	2.390	11.361	2.390	4.900	2.515	10.215	2.518	4.866
17.480	R1	2.565	11.457	2.565	5.165	2.522	10.216	2.528	4.896
17.520	R1	2.543	10.546	2.543	5.376	2.520	10.133	2.526	4.906
17.560	R1	2.526	11.364	2.526	4.941	2.518	10.008	2.525	4.923
17.600	R1	2.490	9.206	2.490	4.779	2.525	9.904	2.532	4.948
17.640	R1	2.680	10.660	2.680	4.385	2.521	9.899	2.529	4.944
17.680	R1	2.486	9.540	2.486	4.355	2.511	9.927	2.519	4.927
17.720	R1	2.393	10.748	2.393	4.474	2.500	9.903	2.510	4.913
17.760	R1	2.499	10.579	2.567	5.103	2.494	9.857	2.509	4.924
17.800	R1	2.480	9.699	2.480	4.679	2.491	9.665	2.510	4.905
17.840	R1	2.685	10.624	2.741	5.125	2.485	9.617	2.506	4.871
17.880	R1	2.441	8.968	2.441	5.112	2.490	9.555	2.515	4.866
17.920	R1	2.368	8.666	2.368	4.887	2.482	9.482	2.512	4.858
17.960	R1	2.563	7.899	2.586	5.001	2.477	9.418	2.509	4.823
18.000	R1	2.458	8.810	2.472	5.113	2.469	9.365	2.500	4.823
18.040	R1	2.448	9.466	2.448	5.077	2.469	9.409	2.505	4.816
18.080	R1	2.409	8.225	2.445	4.714	2.451	9.388	2.493	4.825
18.120	R1	2.396	7.917	2.503	5.134	2.455	9.409	2.497	4.861
18.160	R1	2.423	6.347	2.496	4.554	2.458	9.362	2.504	4.883
18.200	R1	2.454	10.265	2.506	4.541	2.450	9.263	2.492	4.849
18.240	R1	2.489	10.118	2.556	4.810	2.444	9.219	2.495	4.848
18.280	R1	2.401	10.001	2.521	4.995	2.430	9.148	2.478	4.826
18.320	R1	2.458	9.252	2.474	4.671	2.429	9.160	2.477	4.828
18.360	R1	2.349	10.310	2.349	4.958	2.432	9.192	2.497	4.860
18.400	R1	2.492	10.093	2.595	4.634	2.430	9.324	2.495	4.855
18.440	R1	2.331	10.239	2.435	4.559	2.430	9.353	2.494	4.834
18.480	R1	2.568	9.955	2.568	5.078	2.429	9.305	2.493	4.836
18.520	R1	2.446	9.805	2.521	4.905	2.434	9.369	2.497	4.828
18.560	R1	2.339	8.591	2.339	4.426	2.439	9.431	2.497	4.813
18.600	R1	2.364	8.824	2.535	4.670	2.438	9.586	2.498	4.858
18.640	R1	2.396	9.216	2.396	4.685	2.434	9.564	2.497	4.871
18.680	R1	2.421	9.210	2.421	5.146	2.431	9.523	2.497	4.875
18.720	R1	2.430	9.290	2.763	5.538	2.432	9.545	2.497	4.853
18.760	R1	2.523	10.542	2.546	4.900	2.434	9.486	2.498	4.850
18.800	R1	2.457	9.394	2.457	4.681	2.438	9.373	2.503	4.860
18.840	R1	2.433	8.498	2.433	5.127	2.435	9.359	2.494	4.870
18.880	R1	2.512	9.514	2.534	4.542	2.445	9.319	2.502	4.893
18.920	R1	2.488	9.157	2.488	4.847	2.437	9.348	2.495	4.878
18.960	R1	2.401	9.437	2.527	5.440	2.433	9.297	2.497	4.899
19.000	R1	2.378	9.843	2.475	4.810	2.443	9.348	2.507	4.920
19.040	R1	2.426	9.289	2.553	4.890	2.446	9.312	2.502	4.912
19.080	R1	2.426	10.432	2.528	4.547	2.452	9.295	2.509	4.900
19.120	R1	2.493	8.090	2.499	4.613	2.452	9.345	2.510	4.900
19.160	R1	2.438	8.052	2.438	5.159	2.453	9.360	2.494	4.861
19.200	R1	2.424	9.808	2.424	4.829	2.449	9.294	2.488	4.851
19.240	R1	2.541	9.441	2.603	5.031	2.447	9.296	2.487	4.843
19.280	R1	2.411	10.525	2.411	4.782	2.446	9.373	2.486	4.840
19.320	R1	2.361	8.780	2.572	5.319	2.437	9.375	2.476	4.869
19.360	R1	2.528	9.614	2.528	4.848	2.435	9.419	2.474	4.868
19.400	R1	2.439	8.099	2.439	4.504	2.437	9.471	2.476	4.842
19.440	R1	2.510	8.892	2.533	4.450	2.438	9.473	2.480	4.826
19.480	R1	2.426	10.210	2.447	5.151	2.439	9.533	2.475	4.803
19.520	R1	2.451	9.579	2.451	4.752	2.437	9.499	2.467	4.821
19.560	R1	2.429	9.223	2.429	4.703	2.438	9.591	2.469	4.824
19.600	R1	2.426	9.439	2.426	4.524	2.438	9.678	2.469	4.801
19.640	R1	2.417	10.031	2.417	5.064	2.436	9.691	2.474	4.792
19.680	R1	2.338	9.552	2.338	5.111	2.431	9.758	2.466	4.780
19.720	R1	2.442	10.051	2.442	4.843	2.430	9.662	2.471	4.772
19.760	R1	2.431	10.463	2.567	4.915	2.437	9.618	2.472	4.732
19.800	R1	2.396	9.894	2.547	4.484	2.429	9.609	2.467	4.709
19.840	R1	2.453	10.491	2.453	4.438	2.426	9.640	2.464	4.710
19.880	R1	2.379	9.736	2.379	4.892	2.421	9.619	2.459	4.735
19.920	R1	2.511	9.943	2.527	4.688	2.421	9.384	2.461	4.730
19.960	R1	2.451	9.797	2.451	4.696	2.419	9.207	2.460	4.731
20.000	R1	2.386	10.069	2.512	4.638	2.415	9.099	2.465	4.732
20.040	R1	2.441	10.782	2.441	4.798	2.418	8.969	2.473	4.736
20.080	R1	2.394	8.599	2.529	4.614	2.419	8.845	2.474	4.713
20.120	R1	2.493	7.898	2.585	4.522	2.417	8.809	2.483	4.702
20.160	R1	2.363	9.429	2.432	4.398	2.411	8.697	2.476	4.718
20.200	R1	2.379	8.731	2.379	4.526	2.407	8.668	2.465	4.708
20.240	R1	2.422	8.472	2.422	4.934	2.405	8.636	2.456	4.732
20.280	R1	2.411	5.493	2.493	5.059	2.406	8.603	2.461	4.748
20.320	R1	2.426	6.055	2.426	4.771	2.409	8.574	2.468	4.737
20.360	R1	2.338	7.053	2.525	4.732	2.405	8.489	2.465	4.742
20.400	R1	2.496	6.838	2.602	4.598	2.406	8.429	2.466	4.763
20.440	R1	2.424	7.564	2.424	4.596	2.408	8.299	2.465	4.749
20.480	R1	2.302	8.831	2.513	4.899	2.408	8.247	2.472	4.743
20.520	R1	2.317	7.807	2.317	5.162	2.412	8.319	2.472	4.769
20.560	R1	2.349	9.868	2.349	4.707	2.415	8.419	2.471	4.779
20.600	R1	2.355	9.272	2.355	4.969	2.426	8.452	2.478	4.812
20.640	R1	2.476	9.816	2.561	4.766	2.429	8.503	2.484	4.839
20.680	R1	2.453	9.172	2.522	4.660	2.433	8.550	2.494	4.848
20.720	R1	2.433	8.238	2.464	4.792	2.431	8.742	2.497	4.850
20.760	R1	2.466	8.583	2.466	5.111	2.433	8.821	2.501	4.856
20.800	R1	2.415	7.478	2.491	4.373	2.434	8.825	2.504	4.857
20.840	R1	2.446	9.735	2.594	4.673	2.431	8.937	2.496	4.877
20.880	R1	2.472	10.047	2.520	5.135	2.436	8.912	2.503	4.884
20.920	R1	2.557	9.888	2.557	4.723	2.442	8.823	2.499	4.868
20.960	R1	2.589	10.101	2.589	5.063	2.448	8.847	2.506	4.837
21.000	R1	2.434	9.755	2.481	5.059	2.457	8.758	2.518	4.847
21.040	R1	2.500	9.412	2.629	5.113	2.459	8.701	2.519	4.832
21.080	R1	2.373	9.330	2.562	5.104	2.459	8.625	2.516	4.824
21.120	R1	2.469	7.637	2.505	4.876	2.464	8.657	2.517	4.866
21.160	R1	2.345	7.132	2.583	4.753	2.467	8.712	2.519	4.903
21.200	R1	2.441	9.083	2.441	5.012	2.465	8.760	2.524	4.903
21.240	R1	2.522	7.045	2.563	4.730	2.476	8.843	2.532	4.945
21.280	R1	2.436	7.053	2.436	4.574	2.479	8.758	2.528	4.965
21.320	R1	2.427	8.303	2.444	4.550	2.481	8.630	2.527	4.939
21.360	R1	2.529	8.086	2.596	4.910	2.478	8.476	2.525	4.935
21.400	R1	2.387	8.122	2.387	4.663	2.468	8.207	2.514	4.926
21.440	R1	2.480	8.306	2.488	4.617	2.466	7.967	2.510	4.894
21.480	R1	2.551	9.809	2.551	5.481	2.472	7.756	2.514	4.877
21.520	R1	2.506	9.324	2.506	5.550	2.479	7.574	2.511	4.858
21.560	R1	2.417	9.548	2.564	5.102	2.472	7.667	2.502	4.831
21.600	R1	2.628	9.143	2.648	5.222	2.477	7.778	2.496	4.845
21.640	R1	2.508	8.033	2.508	5.065	2.480	7.782	2.499	4.820
21.680	R1	2.512	7.489	2.512	4.621	2.478	7.879	2.495	4.821
21.720	R1	2.502	6.805	2.502	4.631	2.480	7.990	2.496	4.823
21.760	R1	2.384	4.716	2.384	4.888	2.482	8.057	2.498	4.817
21.800	R1	2.397	4.953	2.397	4.419	2.480	8.128	2.505	4.825
21.840	R1	2.633	5.209	2.705	4.777	2.486	8.151	2.511	4.825
21.880	R1	2.510	5.674	2.510	4.709	2.484	8.154	2.508	4.833
21.920	R1	2.319	9.515	2.319	4.354	2.483	8.152	2.508	4.800
21.960	R1	2.451	9.336	2.451	5.018	2.479	8.158	2.506	4.759
22.000	R1	2.510	9.172	2.510	4.525	2.484	8.197	2.503	4.766
22.040	R1	2.477	8.985	2.477	4.753	2.472	8.251	2.490	4.748
22.080	R1	2.467	9.274	2.467	4.598	2.473	8.372	2.492	4.745
22.120	R1	2.469	9.641	2.469	4.434	2.467	8.517	2.485	4.756
22.160	R1	2.496	9.496	2.749	5.063	2.466	8.603	2.484	4.770
22.200	R1	2.506	8.583	2.506	4.679	2.477	8.718	2.496	4.770
22.240	R1	2.435	8.382	2.435	4.767	2.488	9.004	2.507	4.771
22.280	R1	2.533	9.768	2.533	4.817	2.471	9.252	2.486	4.782
22.320	R1	2.434	9.428	2.476	4.739	2.468	9.390	2.484	4.808
22.360	R1	2.510	10.344	2.510	5.231	2.473	9.378	2.490	4.827
22.400	R1	2.386	10.218	2.386	4.873	2.477	9.363	2.495	4.823
22.440	R1	2.532	10.452	2.532	5.006	2.463	9.365	2.482	4.826
22.480	R1	2.385	10.395	2.385	4.845	2.467	9.398	2.494	4.893
22.520	R1	2.485	8.524	2.485	4.902	2.467	9.436	2.502	4.912
22.560	R1	2.610	7.008	2.610	4.883	2.466	9.436	2.510	4.950
22.600	R1	2.617	10.680	2.617	4.447	2.471	9.422	2.502	4.928
22.640	R1	2.288	10.167	2.288	5.007	2.465	9.448	2.497	4.939
22.680	R1	2.453	8.431	2.469	5.228	2.473	9.484	2.506	4.953
22.720	R1	2.425	9.275	2.443	4.717	2.466	9.314	2.499	4.982
22.760	R1	2.519	9.039	2.560	4.954	2.466	9.151	2.498	4.965
22.800	R1	2.237	9.212	2.237	4.573	2.461	8.900	2.493	4.928
22.840	R1	2.551	9.637	2.721	6.089	2.463	8.605	2.494	4.895
22.880	R1	2.466	10.031	2.626	4.990	2.457	8.517	2.489	4.880
22.920	R1	2.447	9.642	2.636	5.194	2.457	8.476	2.488	4.860
22.960	R1	2.594	9.232	2.594	4.628	2.456	8.412	2.487	4.847
23.000	R1	2.402	9.097	2.402	4.892	2.455	8.468	2.489	4.849
23.040	R1	2.585	9.104	2.619	5.037	2.450	8.425	2.484	4.871
23.080	R1	2.387	6.357	2.387	5.414	2.464	8.295	2.498	4.854
23.120	R1	2.444	6.177	2.444	4.381	2.461	8.216	2.495	4.792
23.160	R1	2.411	5.326	2.411	4.502	2.466	8.078	2.499	4.780
23.200	R1	2.415	4.308	2.415	4.209	2.466	7.951	2.497	4.778
23.240	R1	2.424	8.691	2.424	4.713	2.473	7.834	2.504	4.779
23.280	R1	2.371	9.575	2.371	4.441	2.473	7.684	2.500	4.704
23.320	R1	2.470	7.252	2.470	4.642	2.471	7.495	2.490	4.703
23.360	R1	2.589	8.124	2.651	4.928	2.474	7.332	2.484	4.681
23.400	R1	2.514	9.832	2.514	4.885	2.470	7.226	2.482	4.716
23.440	R1	2.568	7.566	2.568	4.660	2.471	7.178	2.496	4.705
23.480	R1	2.403	6.842	2.403	4.000	2.463	7.059	2.489	4.695
23.520	R1	2.521	6.514	2.521	4.473	2.467	7.122	2.496	4.654
23.560	R1	2.521	6.504	2.521	4.903	2.467	7.251	2.495	4.674
23.600	R1	2.375	6.861	2.375	4.599	2.470	7.437	2.499	4.685
23.640	R1	2.551	6.651	2.650	4.584	2.467	7.734	2.496	4.723
23.680	R1	2.425	6.242	2.425	4.979	2.473	7.809	2.501	4.725
23.720	R1	2.508	6.385	2.508	4.755	2.480	7.870	2.508	4.724
23.760	R1	2.520	7.115	2.561	5.323	2.478	8.014	2.508	4.725
23.800	R1	2.424	8.138	2.690	4.677	2.476	8.099	2.503	4.749
23.840	R1	2.428	6.711	2.464	4.828	2.478	8.116	2.504	4.742
23.880	R1	2.466	7.626	2.534	4.600	2.467	8.244	2.494	4.761
23.920	R1	2.433	8.757	2.433	4.782	2.471	8.357	2.513	4.824
23.960	R1	2.474	9.055	2.474	4.725	2.469	8.514	2.516	4.870
24.000	R1	2.353	10.243	2.353	4.966	2.474	8.666	2.522	4.865
24.040	R1	2.536	10.195	2.536	4.743	2.483	8.646	2.534	4.887
24.080	R1	2.513	10.790	2.513	4.436	2.482	8.679	2.534	4.941
24.120	R1	2.441	10.132	2.459	4.658	2.489	8.690	2.541	4.926
24.160	R1	2.551	9.818	2.551	5.396	2.490	8.869	2.542	4.948
24.200	R1	2.550	10.174	2.550	4.747	2.484	8.967	2.540	4.918
24.240	R1	2.355	10.122	2.355	5.041	2.486	9.056	2.529	4.912
24.280	R1	2.478	9.104	2.786	5.269	2.491	9.224	2.536	4.926
24.320	R1	2.486	9.664	2.573	5.387	2.484	9.368	2.525	4.927
24.360	R1	2.612	9.547	2.659	4.812	2.486	9.419	2.527	4.934
24.400	R1	2.561	6.447	2.612	5.029	2.494	9.482	2.536	4.995
24.440	R1	2.530	7.314	2.639	5.659	2.503	9.484	2.547	4.992
24.480	R1	2.567	6.473	2.567	4.680	2.501	9.472	2.549	4.989
24.520	R1	2.522	9.952	2.522	5.192	2.491	9.424	2.539	5.012
24.560	R1	2.400	9.070	2.538	4.739	2.492	9.391	2.539	5.044
24.600	R1	2.470	9.931	2.470	4.546	2.493	9.340	2.542	5.025
24.640	R1	2.529	10.069	2.596	5.110	2.490	9.279	2.541	5.035
24.680	R1	2.322	10.506	2.322	4.621	2.491	9.297	2.551	5.053
24.720	R1	2.467	9.767	2.467	4.915	2.488	9.310	2.533	5.036
24.760	R1	2.637	10.324	2.652	5.955	2.485	9.306	2.526	5.021
24.800	R1	2.537	10.286	2.576	4.908	2.480	9.348	2.518	5.022
24.840	R1	2.485	9.955	2.565	4.670	2.475	9.507	2.510	5.014
24.880	R1	2.325	9.821	2.325	4.905	2.475	9.612	2.506	5.015
24.920	R1	2.453	9.474	2.453	5.306	2.472	9.785	2.502	5.034
24.960	R1	2.583	8.805	2.612	5.007	2.469	9.754	2.502	5.060
25.000	R1	2.490	8.949	2.530	4.954	2.473	9.739	2.504	5.079
25.040	R1	2.366	10.486	2.564	5.403	2.471	9.712	2.503	5.099
25.080	R1	2.428	9.355	2.428	4.927	2.471	9.742	2.499	5.076
25.120	R1	2.420	9.587	2.420	5.082	2.475	9.747	2.504	5.070
25.160	R1	2.500	10.394	2.500	4.834	2.476	9.780	2.505	5.060
25.200	R1	2.463	9.623	2.463	4.873	2.468	9.741	2.500	5.008
25.240	R1	2.543	9.404	2.543	5.665	2.458	9.687	2.488	5.000
25.280	R1	2.495	9.951	2.495	5.071	2.457	9.654	2.483	5.023
25.320	R1	2.469	9.324	2.520	5.706	2.466	9.622	2.492	5.033
25.360	R1	2.480	8.764	2.586	5.120	2.461	9.669	2.487	5.001
25.400	R1	2.435	9.388	2.435	4.943	2.449	9.687	2.474	4.965
25.440	R1	2.513	10.686	2.518	4.648	2.456	9.694	2.478	4.979
25.480	R1	2.418	10.596	2.418	4.506	2.465	9.612	2.477	4.965
25.520	R1	2.471	10.432	2.488	4.724	2.464	9.619	2.477	4.983
25.560	R1	2.484	9.537	2.557	4.900	2.462	9.632	2.477	4.984
25.600	R1	2.338	9.204	2.338	4.763	2.459	9.599	2.474	4.983
25.640	R1	2.460	9.303	2.460	5.127	2.465	9.622	2.480	4.988
25.680	R1	2.508	9.170	2.508	5.092	2.468	9.616	2.483	5.015
25.720	R1	2.354	10.419	2.354	4.673	2.469	9.637	2.484	5.002
25.760	R1	2.346	9.161	2.346	4.297	2.463	9.642	2.475	4.957
25.800	R1	2.620	9.102	2.620	5.218	2.465	9.739	2.477	4.926
25.840	R1	2.545	8.848	2.545	5.137	2.468	9.683	2.480	4.915
25.880	R1	2.420	9.482	2.420	5.285	2.462	9.576	2.474	4.951
25.920	R1	2.387	9.858	2.425	5.105	2.471	9.471	2.487	4.968
25.960	R1	2.435	9.728	2.435	4.809	2.471	9.350	2.488	4.975
26.000	R1	2.578	10.089	2.578	4.970	2.463	9.269	2.476	4.956
26.040	R1	2.594	9.276	2.606	6.202	2.461	9.211	2.479	4.962
26.080	R1	2.527	10.369	2.527	4.819	2.456	9.103	2.480	4.936
26.120	R1	2.337	9.423	2.337	4.796	2.448	8.972	2.472	4.892
26.160	R1	2.538	10.716	2.624	4.501	2.444	8.751	2.468	4.874
26.200	R1	2.495	8.263	2.495	4.724	2.446	8.529	2.477	4.887
26.240	R1	2.392	8.535	2.392	5.378	2.437	8.383	2.468	4.834
26.280	R1	2.594	8.501	2.687	4.846	2.434	8.434	2.473	4.839
26.320	R1	2.472	8.016	2.509	4.849	2.439	8.424	2.480	4.816
26.360	R1	2.315	7.922	2.315	4.539	2.442	8.338	2.481	4.791
26.400	R1	2.306	8.043	2.403	4.868	2.438	8.165	2.477	4.790
26.440	R1	2.365	7.130	2.483	4.619	2.432	8.079	2.471	4.784
26.480	R1	2.340	6.559	2.340	4.213	2.426	8.005	2.467	4.688
26.520	R1	2.269	6.001	2.269	4.299	2.428	8.021	2.470	4.692
26.560	R1	2.401	4.727	2.527	4.555	2.430	8.061	2.473	4.698
26.600	R1	2.439	6.173	2.439	4.170	2.430	7.979	2.469	4.720
26.640	R1	2.469	9.868	2.646	5.233	2.427	8.085	2.471	4.762
26.680	R1	2.530	9.274	2.565	4.834	2.433	8.133	2.477	4.753
26.720	R1	2.440	8.151	2.440	4.587	2.423	8.223	2.469	4.772
26.760	R1	2.362	6.269	2.362	4.807	2.414	8.306	2.459	4.748
26.800	R1	2.460	8.360	2.460	4.841	2.417	8.354	2.467	4.757
26.840	R1	2.467	7.794	2.526	4.289	2.420	8.384	2.473	4.753
26.880	R1	2.561	10.687	2.584	4.889	2.424	8.535	2.471	4.767
26.920	R1	2.395	10.236	2.395	4.927	2.430	8.665	2.477	4.805
26.960	R1	2.536	9.066	2.536	4.943	2.441	8.811	2.488	4.817
27.000	R1	2.434	10.384	2.543	5.555	2.441	9.044	2.482	4.827
27.040	R1	2.502	9.489	2.502	5.194	2.439	9.239	2.490	4.877
27.080	R1	2.389	10.317	2.534	5.230	2.440	9.250	2.488	4.886
27.120	R1	2.308	9.671	2.308	4.371	2.434	9.200	2.483	4.896
27.160	R1	2.362	8.878	2.472	4.715	2.429	9.254	2.478	4.901
27.200	R1	2.370	8.649	2.534	4.789	2.439	9.453	2.488	4.907
27.240	R1	2.442	10.143	2.442	4.896	2.437	9.437	2.486	4.883
27.280	R1	2.457	9.160	2.458	4.968	2.436	9.467	2.483	4.901
27.320	R1	2.492	8.924	2.492	4.543	2.429	9.342	2.484	4.891
27.360	R1	2.410	9.382	2.410	4.765	2.436	9.220	2.492	4.880
27.400	R1	2.397	10.073	2.584	5.171	2.437	9.256	2.493	4.890
27.440	R1	2.489	10.084	2.620	5.405	2.435	9.187	2.492	4.857
27.480	R1	2.403	8.281	2.452	5.028	2.429	9.093	2.486	4.828
27.520	R1	2.344	9.231	2.344	4.700	2.434	9.015	2.488	4.815
27.560	R1	2.558	10.261	2.572	4.921	2.443	9.030	2.504	4.833
27.600	R1	2.421	8.029	2.421	4.363	2.442	9.044	2.498	4.841
27.640	R1	2.457	8.396	2.457	4.641	2.452	9.055	2.505	4.872
27.680	R1	2.405	8.193	2.609	4.701	2.455	9.018	2.508	4.864
27.720	R1	2.550	7.785	2.550	4.710	2.452	8.914	2.505	4.849
27.760	R1	2.551	9.793	2.551	5.132	2.447	8.794	2.500	4.867
27.800	R1	2.398	9.004	2.535	4.905	2.450	8.648	2.503	4.870
27.840	R1	2.379	7.609	2.379	4.599	2.456	8.485	2.500	4.830
27.880	R1	2.477	8.749	2.568	4.975	2.457	8.424	2.494	4.778
27.920	R1	2.487	9.974	2.627	4.728	2.457	8.460	2.494	4.736
27.960	R1	2.358	9.168	2.358	4.884	2.464	8.484	2.501	4.758
28.000	R1	2.570	8.870	2.668	5.406	2.462	8.471	2.498	4.731
28.040	R1	2.501	9.405	2.501	4.741	2.459	8.596	2.500	4.747
28.080	R1	2.399	7.065	2.399	4.663	2.454	8.641	2.495	4.742
28.120	R1	2.389	6.533	2.389	4.901	2.455	8.750	2.485	4.730
28.160	R1	2.472	6.465	2.483	4.827	2.448	8.853	2.479	4.713
28.200	R1	2.510	6.811	2.510	4.380	2.439	8.831	2.479	4.673
28.240	R1	2.503	8.864	2.503	4.348	2.441	8.908	2.474	4.632
28.280	R1	2.413	8.987	2.455	4.202	2.440	8.981	2.473	4.627
28.320	R1	2.483	9.725	2.483	5.131	2.436	8.976	2.464	4.632
28.360	R1	2.510	9.993	2.520	4.385	2.430	8.889	2.463	4.656
28.400	R1	2.365	10.527	2.450	4.678	2.436	8.889	2.470	4.654
28.440	R1	2.368	9.295	2.368	4.541	2.431	8.820	2.464	4.648
28.480	R1	2.406	10.386	2.406	4.456	2.427	8.744	2.459	4.656
28.520	R1	2.424	9.840	2.424	4.369	2.429	8.830	2.464	4.700
28.560	R1	2.372	9.352	2.547	4.351	2.435	8.965	2.471	4.703
28.600	R1	2.436	10.551	2.436	4.076	2.433	9.052	2.474	4.704
28.640	R1	2.365	9.065	2.365	4.508	2.428	9.147	2.470	4.728
28.680	R1	2.379	8.645	2.379	5.064	2.426	9.183	2.468	4.745
28.720	R1	2.374	8.227	2.607	5.209	2.427	9.203	2.468	4.760
28.760	R1	2.480	9.167	2.497	4.838	2.428	9.168	2.473	4.746
28.800	R1	2.480	7.496	2.565	5.290	2.421	9.099	2.480	4.790
28.840	R1	2.404	7.894	2.404	4.901	2.426	9.029	2.480	4.782
28.880	R1	2.447	8.771	2.485	5.546	2.434	8.963	2.488	4.821
28.920	R1	2.506	9.230	2.535	4.951	2.435	8.867	2.490	4.830
28.960	R1	2.425	8.217	2.548	4.860	2.438	8.792	2.494	4.865
29.000	R1	2.421	8.703	2.421	4.851	2.445	8.712	2.493	4.894
29.040	R1	2.455	9.582	2.468	4.702	2.439	8.590	2.495	4.945
29.080	R1	2.443	9.388	2.443	4.487	2.445	8.478	2.510	4.948
29.120	R1	2.498	9.032	2.590	4.858	2.443	8.573	2.510	4.926
29.160	R1	2.379	8.619	2.654	5.263	2.446	8.614	2.501	4.883
29.200	R1	2.461	9.121	2.461	4.516	2.441	8.661	2.495	4.855
29.240	R1	2.518	7.980	2.533	5.314	2.433	8.715	2.497	4.843
29.280	R1	2.425	8.452	2.434	4.647	2.434	8.835	2.498	4.837
29.320	R1	2.487	8.354	2.517	5.065	2.437	8.914	2.501	4.787
29.360	R1	2.510	7.740	2.510	4.939	2.434	8.996	2.497	4.762
29.400	R1	2.332	8.120	2.483	5.096	2.434	9.054	2.498	4.754
29.440	R1	2.469	6.828	2.666	4.569	2.437	9.069	2.503	4.728
29.480	R1	2.356	10.535	2.388	4.615	2.437	9.063	2.503	4.715
29.520	R1	2.419	9.042	2.419	4.346	2.432	9.103	2.498	4.728
29.560	R1	2.379	10.110	2.386	4.281	2.426	9.096	2.487	4.709
29.600	R1	2.325	8.584	2.603	5.057	2.428	9.124	2.477	4.680
29.640	R1	2.419	10.281	2.419	4.783	2.428	9.126	2.477	4.692
29.680	R1	2.519	10.356	2.547	4.534	2.425	9.217	2.480	4.646
29.720	R1	2.431	10.880	2.447	4.466	2.424	9.233	2.478	4.617
29.760	R1	2.433	9.382	2.580	4.684	2.417	9.330	2.470	4.610
29.800	R1	2.483	8.988	2.521	4.346	2.417	9.445	2.471	4.582
29.840	R1	2.457	9.464	2.457	4.439	2.416	9.484	2.462	4.536
29.880	R1	2.340	10.192	2.340	4.739	2.413	9.635	2.449	4.549
29.920	R1	2.369	8.899	2.369	4.480	2.419	9.593	2.458	4.524
29.960	R1	2.430	9.180	2.454	4.673	2.416	9.620	2.455	4.566
30.000	R1	2.465	9.148	2.465	4.768	2.417	9.507	2.456	4.577
30.040	R1	2.457	9.810	2.598	4.397	2.426	9.484	2.451	4.567
30.080	R1	2.394	8.772	2.394	4.055	2.426	9.466	2.461	4.597
30.120	R1	2.349	10.279	2.364	4.925	2.424	9.261	2.458	4.589
30.160	R1	2.520	10.047	2.520	4.394	2.428	9.101	2.462	4.622
30.200	R1	2.307	8.910	2.307	4.179	2.435	9.107	2.464	4.664
30.240	R1	2.403	9.849	2.403	4.818	2.437	9.136	2.464	4.693
30.280	R1	2.485	9.677	2.578	4.125	2.440	9.010	2.467	4.696
30.320	R1	2.348	9.590	2.348	5.173	2.446	8.834	2.477	4.689
30.360	R1	2.410	7.850	2.410	4.505	2.453	8.658	2.484	4.690
30.400	R1	2.504	8.120	2.504	4.858	2.455	8.410	2.485	4.681
30.440	R1	2.411	9.931	2.623	5.382	2.458	8.185	2.488	4.666
30.480	R1	2.483	6.246	2.483	4.367	2.454	7.907	2.482	4.706
30.520	R1	2.517	7.680	2.517	5.134	2.453	7.776	2.482	4.741
30.560	R1	2.575	9.511	2.624	5.515	2.456	7.583	2.484	4.715
30.600	R1	2.519	9.560	2.519	4.940	2.454	7.525	2.487	4.757
30.640	R1	2.521	6.952	2.521	4.504	2.467	7.574	2.503	4.804
30.680	R1	2.450	6.664	2.548	4.592	2.474	7.558	2.510	4.802
30.720	R1	2.508	5.386	2.508	4.497	2.471	7.562	2.506	4.850
30.760	R1	2.475	4.223	2.475	4.504	2.482	7.567	2.527	4.881
30.800	R1	2.525	4.637	2.525	4.449	2.490	7.621	2.544	4.950
30.840	R1	2.370	4.246	2.478	5.208	2.491	7.694	2.550	4.998
30.880	R1	2.377	6.166	2.377	4.749	2.494	7.703	2.558	5.006
30.920	R1	2.419	6.407	2.419	4.409	2.494	7.873	2.558	5.070
30.960	R1	2.472	8.896	2.570	5.228	2.489	7.967	2.553	5.094
31.000	R1	2.557	9.895	2.627	5.130	2.478	7.994	2.551	5.081
31.040	R1	2.555	9.513	2.555	4.766	2.474	8.000	2.558	5.092
31.080	R1	2.418	9.757	2.494	5.084	2.469	8.169	2.568	5.121
31.120	R1	2.582	9.691	2.766	5.793	2.474	8.366	2.580	5.159
31.160	R1	2.569	8.938	2.749	5.884	2.473	8.585	2.585	5.234
31.200	R1	2.525	9.588	2.619	5.823	2.474	8.789	2.596	5.279
31.240	R1	2.469	10.105	2.782	5.547	2.478	8.903	2.603	5.303
31.280	R1	2.480	9.639	2.480	5.645	2.486	9.146	2.606	5.289
31.320	R1	2.420	9.556	2.429	5.607	2.489	9.224	2.625	5.326
31.360	R1	2.351	10.057	2.568	5.258	2.495	9.353	2.643	5.367
31.400	R1	2.445	9.678	2.660	5.166	2.490	9.454	2.634	5.346
31.440	R1	2.419	10.343	2.729	5.073	2.484	9.396	2.633	5.378
31.480	R1	2.539	10.588	2.789	5.356	2.479	9.459	2.628	5.385
31.520	R1	2.483	9.770	2.613	5.998	2.493	9.535	2.638	5.386
31.560	R1	2.513	8.315	2.694	5.400	2.491	9.600	2.627	5.344
31.600	R1	2.594	6.905	2.669	4.944	2.481	9.603	2.623	5.316
31.640	R1	2.531	9.119	2.531	4.917	2.488	9.588	2.626	5.265
31.680	R1	2.433	7.713	2.749	5.486	2.490	9.609	2.613	5.219
31.720	R1	2.541	8.988	2.796	5.243	2.492	9.650	2.614	5.206
31.760	R1	2.375	10.925	2.375	4.791	2.490	9.662	2.612	5.180
31.800	R1	2.430	8.724	2.603	5.772	2.495	9.701	2.606	5.170
31.840	R1	2.469	10.791	2.469	4.909	2.509	9.749	2.610	5.161
31.880	R1	2.686	11.278	2.686	5.106	2.518	9.770	2.603	5.139
31.920	R1	2.542	10.977	2.542	4.956	2.515	9.764	2.587	5.103
31.960	R1	2.366	9.004	2.685	5.330	2.518	9.813	2.584	5.022
32.000	R1	2.666	9.284	2.666	4.800	2.518	9.915	2.575	4.982
32.040	R1	2.519	10.524	2.519	4.630	2.510	10.111	2.563	4.961
32.080	R1	2.518	10.467	2.518	5.381	2.500	10.081	2.579	5.005
32.120	R1	2.374	9.795	2.374	5.074	2.511	10.221	2.574	4.978
32.160	R1	2.460	10.831	2.460	5.074	2.508	10.217	2.565	4.975
32.200	R1	2.732	10.650	2.732	4.972	2.506	9.979	2.578	4.985
32.240	R1	2.591	10.751	2.591	4.635	2.504	9.871	2.571	4.959
32.280	R1	2.469	10.472	2.469	4.644	2.503	9.621	2.574	4.972
32.320	R1	2.555	10.753	2.555	4.383	2.490	9.383	2.580	4.982
32.360	R1	2.508	10.341	2.508	4.600	2.481	9.177	2.572	4.990
32.400	R1	2.438	10.831	2.438	4.507	2.481	9.172	2.556	4.982
32.440	R1	2.328	8.531	2.838	5.799	2.470	9.174	2.555	4.991
32.480	R1	2.662	10.514	2.662	4.962	2.463	9.126	2.548	5.023
32.520	R1	2.473	8.904	2.618	5.181	2.456	9.131	2.577	5.004
32.560	R1	2.333	6.157	2.637	4.982	2.459	9.144	2.588	4.999
32.600	R1	2.392	6.558	2.448	5.261	2.466	9.069	2.604	5.045
32.640	R1	2.457	5.794	2.537	5.171	2.455	9.045	2.601	5.031
32.680	R1	2.411	6.525	2.808	5.298	2.451	8.913	2.622	5.095
32.720	R1	2.374	6.851	2.374	5.123	2.447	8.819	2.620	5.132
32.760	R1	2.363	8.907	2.363	5.167	2.441	8.785	2.614	5.168
32.800	R1	2.441	9.326	2.651	4.972	2.437	8.687	2.628	5.226
32.840	R1	2.385	9.563	2.385	5.279	2.441	8.644	2.634	5.251
32.880	R1	2.372	10.570	3.088	4.999	2.448	8.662	2.621	5.213
32.920	R1	2.447	10.050	2.601	4.973	2.437	8.461	2.626	5.208
32.960	R1	2.589	9.341	2.782	5.985	2.432	8.398	2.621	5.227
33.000	R1	2.519	10.156	2.658	4.693	2.437	8.423	2.613	5.259
33.040	R1	2.508	8.118	3.014	5.921	2.440	8.450	2.615	5.249
33.080	R1	2.390	8.595	2.436	5.382	2.448	8.604	2.624	5.234
33.120	R1	2.430	10.069	2.430	5.099	2.443	8.744	2.605	5.210
33.160	R1	2.438	8.384	2.785	5.772	2.444	8.788	2.659	5.210
33.200	R1	2.511	9.976	2.567	4.996	2.446	8.813	2.697	5.222
33.240	R1	2.464	8.888	2.581	5.041	2.442	8.772	2.690	5.221
33.280	R1	2.444	6.498	2.765	4.862	2.444	8.735	2.729	5.231
33.320	R1	2.367	7.632	2.510	5.565	2.448	8.692	2.697	5.216
33.360	R1	2.429	6.670	2.473	5.615	2.447	8.665	2.722	5.265
33.400	R1	2.470	7.083	2.488	5.060	2.440	8.506	2.714	5.233
33.440	R1	2.611	8.871	2.723	4.877	2.443	8.347	2.718	5.252
33.480	R1	2.313	9.333	2.418	4.809	2.447	8.396	2.704	5.213
33.520	R1	2.388	7.726	3.458	5.124	2.449	8.451	2.731	5.229
33.560	R1	2.398	9.418	3.122	5.422	2.450	8.434	2.742	5.222
33.600	R1	2.375	8.505	2.510	4.940	2.453	8.504	2.728	5.189
33.640	R1	2.415	8.813	3.167	5.488	2.454	8.472	2.729	5.188
33.680	R1	2.449	9.710	2.449	4.689	2.457	8.475	2.727	5.194
33.720	R1	2.424	9.506	3.113	5.965	2.458	8.534	2.712	5.225
33.760	R1	2.460	6.178	2.613	5.340	2.461	8.601	2.719	5.208
33.800	R1	2.573	6.970	2.739	5.068	2.454	8.797	2.718	5.112
33.840	R1	2.581	9.091	2.732	5.145	2.456	8.961	2.726	4.985
33.880	R1	2.445	9.699	2.969	5.709	2.453	9.024	2.728	4.871
33.920	R1	2.438	9.735	2.654	4.952	2.457	9.053	2.737	4.763
33.960	R1	2.513	9.784	2.513	5.121	2.449	9.103	2.687	4.638
34.000	R1	2.524	9.327	2.589	4.960	2.445	9.090	2.661	4.483
34.040	R1	2.531	8.954	2.531	5.179	2.450	9.075	2.664	4.361
34.080	R1	2.456	7.674	2.470	5.473	2.444	8.916	2.647	4.215
34.120	R1	2.426	8.976	2.646	5.217	2.438	8.681	2.641	4.102
34.160	R1	2.286	10.593	2.459	3.707	2.434	8.527	2.626	3.922
34.200	R1	2.505	10.351	2.638	2.514	2.431	8.580	2.628	3.774
34.240	R1	2.563	10.144	2.761	2.597	2.426	8.693	2.625	3.665
34.280	R1	2.379	9.912	2.600	2.645	2.415	8.704	2.660	3.543
34.320	R1	2.231	8.715	2.456	2.625	2.413	8.647	2.633	3.394
34.360	R1	2.333	9.166	2.612	2.333	2.416	8.560	2.625	3.280
34.400	R1	2.457	8.199	2.563	2.490	2.413	8.490	2.630	3.196
34.440	R1	2.307	5.641	2.834	2.577	2.414	8.489	2.641	3.078
34.480	R1	2.335	5.002	2.335	2.417	2.414	8.506	2.677	2.948
34.520	R1	2.345	6.422	2.811	2.375	2.408	8.545	2.713	2.803
34.560	R1	2.381	7.241	2.649	2.381	2.413	8.450	2.715	2.684
34.600	R1	2.476	9.233	2.670	2.875	2.420	8.400	2.718	2.622
34.640	R1	2.364	9.314	3.448	2.724	2.420	8.291	2.711	2.631
34.680	R1	2.413	8.547	2.413	2.727	2.411	8.207	2.703	2.629
34.720	R1	2.494	8.003	2.494	2.661	2.412	8.239	2.713	2.625
34.760	R1	2.447	8.381	2.626	3.436	2.423	8.313	2.717	2.620
34.800	R1	2.560	9.320	2.795	2.609	2.427	8.347	2.720	2.633
34.840	R1	2.528	9.295	3.266	2.583	2.423	8.182	2.733	2.642
34.880	R1	2.335	8.442	3.189	2.572	2.427	8.217	2.711	2.659
34.920	R1	2.523	7.071	2.681	2.835	2.435	8.281	2.735	2.693
34.960	R1	2.429	9.593	2.525	2.455	2.442	8.110	2.720	2.713
35.000	R1	2.492	8.176	2.492	2.701	2.446	7.884	2.713	2.723
35.040	R1	2.388	8.466	2.592	2.567	2.441	7.557	2.707	2.703
35.080	R1	2.412	10.547	2.803	2.565	2.441	7.228	2.661	2.685
35.120	R1	2.451	10.192	2.548	2.516	2.435	6.916	2.663	2.680
35.160	R1	2.400	9.847	2.672	2.597	2.429	6.651	2.663	2.685
35.200	R1	2.389	4.906	2.820	2.664	2.428	6.358	2.657	2.646
35.240	R1	2.385	6.345	2.385	2.927	2.424	6.045	2.643	2.641
35.280	R1	2.494	6.282	2.822	3.087	2.418	5.717	2.614	2.642
35.320	R1	2.473	2.992	2.501	2.769	2.410	5.403	2.586	2.644
35.360	R1	2.466	2.737	2.510	2.592	2.405	5.189	2.573	2.625
35.400	R1	2.376	2.693	2.564	2.469	2.398	4.824	2.574	2.634
35.440	R1	2.369	2.725	2.515	2.369	2.392	4.545	2.573	2.631
35.480	R1	2.300	2.300	2.468	2.625	2.380	4.229	2.582	2.641
35.520	R1	2.373	2.713	2.484	2.759	2.371	3.813	2.566	2.650
35.560	R1	2.427	2.514	2.517	2.665	2.371	3.438	2.562	2.651
35.600	R1	2.479	3.067	2.508	2.508	2.371	3.101	2.555	2.647
35.640	R1	2.410	2.739	2.694	2.594	2.362	2.966	2.544	2.647
35.680	R1	2.162	2.162	2.612	2.623	2.359	2.777	2.558	2.629
35.720	R1	2.428	2.791	2.428	2.450	2.333	2.561	2.556	2.594
35.760	R1	2.279	2.279	2.554	2.642	2.327	2.545	2.565	2.580
35.800	R1	2.382	2.600	2.464	2.628	2.330	2.553	2.589	2.580
35.840	R1	2.145	2.145	2.779	2.778	2.332	2.560	2.599	2.653
35.880	R1	2.223	2.223	2.479	2.747	2.333	2.586	2.605	2.681
35.920	R1	2.458	2.705	2.458	2.520	2.305	2.557	2.620	2.691
35.960	R1	2.392	3.094	2.539	2.517	2.310	2.566	2.642	2.763
36.000	R1	2.212	2.212	2.611	2.662	2.298	2.549	2.680	2.760
36.040	R1	2.340	2.576	2.653	2.577	2.290	2.512	2.688	2.834
36.080	R1	1.959	1.959	2.792	2.394	2.290	2.518	2.703	2.825
36.120	R1	2.364	2.667	2.677	2.489	2.295	2.524	2.712	2.844
36.160	R1	2.519	2.903	2.977	2.575	2.287	2.498	2.732	2.901
36.200	R1	2.416	2.826	2.770	3.944	2.297	2.559	2.741	2.916
36.240	R1	2.401	3.239	2.634	2.917	2.294	2.588	2.752	2.959
36.280	R1	1.726	1.726	2.771	2.829	2.305	2.626	2.761	3.018
36.320	R1	2.486	2.894	2.925	4.200	2.311	2.654	2.754	3.038
36.360	R1	2.179	2.179	3.276	2.598	2.312	2.705	2.786	3.084
36.400	R1	2.318	2.318	2.666	4.004	2.312	2.703	2.840	3.145
36.440	R1	2.408	2.870	2.997	2.408	2.311	2.702	2.834	3.150
36.480	R1	2.276	2.276	2.784	2.992	2.317	2.725	2.828	3.148
36.520	R1	2.268	2.268	2.837	3.608	2.338	2.749	2.807	3.155
36.560	R1	2.480	3.501	2.730	2.938	2.315	2.711	2.801	3.163
36.600	R1	2.303	3.176	2.684	3.476	2.313	2.705	2.775	3.159
36.640	R1	2.385	2.900	2.954	3.969	2.314	2.717	2.764	3.084
36.680	R1	2.338	2.792	2.338	3.152	2.315	2.698	2.753	3.070
36.720	R1	2.463	3.733	3.106	3.426	2.350	2.754	2.736	3.052
36.760	R1	2.393	3.039	3.628	3.744	2.340	2.723	2.728	2.974
36.800	R1	2.200	2.200	2.479	2.766	2.354	2.760	2.691	2.967
36.840	R1	2.464	3.039	2.530	2.533	2.351	2.757	2.675	2.900
36.880	R1	2.373	2.432	2.373	2.541	2.351	2.743	2.678	2.900
36.920	R1	1.910	1.910	2.558	2.646	2.355	2.753	2.670	2.875
36.960	R1	2.468	2.782	2.468	2.497	2.358	2.781	2.644	2.822
37.000	R1	2.439	3.066	2.532	2.439	2.354	2.759	2.627	2.823
37.040	R1	2.418	2.867	2.418	2.630	2.369	2.756	2.628	2.783
37.080	R1	2.427	2.829	2.427	2.477	2.364	2.759	2.602	2.721
37.120	R1	2.289	2.289	2.778	2.634	2.366	2.751	2.604	2.690
37.160	R1	2.463	2.907	2.530	2.463	2.343	2.665	2.562	2.652
37.200	R1	2.255	2.255	2.343	2.662	2.347	2.646	2.511	2.591
37.240	R1	2.414	2.594	3.060	2.414	2.361	2.688	2.514	2.590
37.280	R1	2.359	2.479	2.619	2.488	2.363	2.667	2.520	2.594
37.320	R1	2.321	2.828	2.321	2.550	2.369	2.683	2.526	2.597
37.360	R1	2.395	3.064	2.395	2.961	2.388	2.721	2.533	2.595
37.400	R1	2.602	3.117	2.700	2.670	2.389	2.707	2.534	2.624
37.440	R1	2.289	2.949	2.439	2.732	2.387	2.697	2.551	2.633
37.480	R1	2.373	2.636	2.373	2.528	2.384	2.675	2.556	2.638
37.520	R1	2.010	2.010	2.262	2.658	2.381	2.683	2.569	2.659
37.560	R1	2.467	2.673	2.610	2.537	2.392	2.711	2.576	2.740
37.600	R1	2.489	3.038	2.547	2.735	2.394	2.713	2.630	2.838
37.640	R1	2.497	2.608	2.649	2.620	2.404	2.752	2.689	2.836
37.680	R1	2.497	2.765	2.497	2.589	2.403	2.853	2.656	2.846
37.720	R1	2.289	2.663	2.697	2.622	2.405	2.937	2.645	2.851
37.760	R1	2.484	2.505	2.484	3.070	2.415	2.970	2.678	2.957
37.800	R1	2.398	2.856	2.873	2.616	2.422	2.949	2.691	3.007
37.840	R1	2.369	2.432	2.513	2.725	2.419	2.989	2.683	3.019
37.880	R1	2.361	2.997	2.683	2.902	2.425	2.965	2.708	3.016
37.920	R1	2.511	2.842	2.933	4.258	2.434	2.995	2.718	3.018
37.960	R1	2.499	2.950	3.610	4.428	2.459	3.042	2.730	3.012
38.000	R1	2.450	3.029	3.509	2.624	2.463	3.057	2.731	3.079
38.040	R1	2.400	4.626	2.400	2.601	2.466	3.070	2.749	3.102
38.080	R1	2.396	4.142	2.396	2.586	2.467	3.100	2.763	3.119
38.120	R1	2.520	3.494	2.982	4.683	2.469	3.153	2.765	3.120
38.160	R1	2.547	2.642	2.654	3.952	2.475	3.160	2.750	3.113
38.200	R1	2.542	3.926	2.542	2.908	2.476	3.187	2.753	3.085
38.240	R1	2.398	2.466	2.955	2.686	2.480	3.185	2.735	3.078
38.280	R1	2.561	3.227	2.562	2.561	2.479	3.181	2.733	3.064
38.320	R1	2.503	2.967	2.503	2.531	2.468	3.138	2.721	3.053
38.360	R1	2.554	2.959	2.628	3.879	2.465	3.139	2.697	2.972
38.400	R1	2.548	3.298	2.919	3.190	2.465	3.117	2.642	2.879
38.440	R1	2.513	3.218	2.913	2.963	2.465	3.098	2.592	2.870
38.480	R1	2.539	3.818	2.539	2.606	2.468	2.991	2.595	2.872
38.520	R1	2.408	2.799	2.408	2.496	2.465	2.900	2.612	2.887
38.560	R1	2.506	3.044	2.543	2.506	2.465	2.858	2.589	2.783
38.600	R1	2.481	2.821	2.501	2.481	2.455	2.876	2.573	2.704
38.640	R1	2.345	2.345	2.490	2.428	2.436	2.788	2.573	2.686
38.680	R1	2.145	2.145	2.428	2.688	2.438	2.805	2.547	2.679
38.720	R1	2.450	2.867	2.450	2.638	2.426	2.760	2.555	2.688
38.760	R1	2.499	2.499	2.528	2.574	2.430	2.755	2.558	2.691
38.800	R1	2.443	2.660	2.492	2.443	2.424	2.741	2.549	2.628
38.840	R1	2.467	2.474	2.467	2.634	2.419	2.703	2.526	2.590
38.880	R1	2.339	2.339	2.746	2.883	2.408	2.736	2.496	2.578
38.920	R1	2.505	2.650	2.505	2.606	2.411	2.792	2.499	2.578
38.960	R1	2.344	3.000	2.344	2.372	2.419	2.872	2.506	2.588
39.000	R1	2.162	2.162	2.530	2.552	2.420	2.914	2.506	2.597
39.040	R1	2.450	2.799	2.450	2.537	2.420	2.970	2.505	2.600
39.080	R1	2.327	2.327	2.710	2.746	2.426	3.020	2.504	2.610
39.120	R1	2.574	2.864	2.574	2.593	2.444	3.056	2.509	2.600
39.160	R1	2.438	2.687	2.438	2.613	2.451	3.057	2.516	2.602
39.200	R1	2.436	2.530	2.468	2.436	2.444	3.051	2.516	2.602
39.240	R1	2.305	3.887	2.305	2.719	2.446	3.055	2.516	2.606
39.280	R1	2.594	4.945	2.594	2.606	2.444	3.070	2.514	2.610
39.320	R1	2.561	4.397	2.561	2.704	2.449	3.102	2.499	2.589
39.360	R1	2.537	3.890	2.537	2.677	2.445	3.119	2.495	2.582
39.400	R1	2.484	3.935	2.484	2.547	2.453	3.100	2.504	2.601
39.440	R1	2.461	3.350	2.461	2.633	2.469	3.140	2.500	2.599
39.480	R1	2.494	2.863	2.531	2.494	2.470	3.135	2.502	2.596
39.520	R1	2.592	2.887	2.592	2.672	2.477	3.170	2.491	2.585
39.560	R1	2.364	2.364	2.532	2.564	2.470	3.183	2.486	2.578
39.600	R1	2.493	2.753	2.493	2.539	2.477	3.210	2.497	2.584
39.640	R1	2.420	2.778	2.420	2.702	2.484	3.259	2.503	2.591
39.680	R1	2.442	2.977	2.462	2.475	2.491	3.221	2.510	2.582
39.720	R1	2.412	2.974	2.412	2.469	2.483	3.110	2.512	2.573
39.760	R1	2.521	2.634	2.521	2.748	2.465	3.000	2.514	2.561
39.800	R1	2.465	2.951	2.465	2.502	2.469	2.952	2.519	2.558
39.840	R1	2.475	2.709	2.475	2.488	2.460	2.906	2.509	2.555
39.880	R1	2.476	3.031	2.490	2.526	2.461	2.868	2.510	2.551
39.920	R1	2.438	3.111	2.474	2.438	2.458	2.918	2.517	2.549
39.960	R1	2.569	3.237	2.653	2.736	2.448	2.985	2.507	2.537
40.000	R1	2.573	3.501	2.587	2.573	2.450	3.060	2.501	2.538
40.040	R1	2.446	3.131	2.446	2.544	2.448	3.149	2.502	2.533
40.080	R1	2.438	2.724	2.652	2.438	2.451	3.158	2.505	2.527
40.120	R1	2.200	2.200	2.594	2.457	2.454	3.151	2.507	2.536
40.160	R1	2.618	2.922	2.627	2.618	2.456	3.158	2.509	2.538
40.200	R1	2.300	3.025	2.300	2.485	2.451	3.148	2.504	2.528
40.240	R1	2.477	2.578	2.477	2.555	2.451	3.133	2.511	2.527
40.280	R1	2.449	3.869	2.668	2.449	2.454	3.135	2.514	2.530
40.320	R1	2.383	4.239	2.383	2.441	2.462	3.172	2.521	2.543
40.360	R1	2.414	3.861	2.414	2.575	2.468	3.174	2.531	2.550
40.400	R1	2.438	4.536	2.520	2.438	2.471	3.144	2.530	2.550
40.440	R1	2.476	2.951	2.476	2.582	2.462	3.100	2.520	2.542
40.480	R1	2.505	2.843	2.505	2.658	2.448	3.051	2.521	2.543
40.520	R1	2.455	3.111	2.455	2.499	2.451	3.135	2.513	2.549
40.560	R1	2.417	2.440	2.417	2.564	2.463	3.257	2.505	2.550
40.600	R1	2.477	2.648	2.615	2.477	2.448	3.356	2.490	2.543
40.640	R1	2.522	2.751	2.522	2.544	2.454	3.367	2.496	2.542
40.680	R1	2.645	3.767	2.645	2.794	2.459	3.448	2.501	2.544
40.720	R1	2.563	3.150	2.661	2.563	2.462	3.465	2.493	2.547
40.760	R1	2.630	2.630	2.635	2.744	2.467	3.391	2.500	2.552
40.800	R1	2.397	2.619	2.397	2.424	2.469	3.336	2.507	2.546
40.840	R1	2.155	2.155	2.452	2.560	2.471	3.235	2.505	2.553
40.880	R1	2.504	4.398	2.504	2.558	2.443	3.183	2.510	2.553
40.920	R1	2.431	4.656	2.431	2.476	2.435	3.194	2.502	2.545
40.960	R1	2.330	4.899	2.330	2.482	2.435	3.181	2.502	2.564
41.000	R1	2.423	3.240	2.423	2.459	2.437	3.191	2.506	2.566
41.040	R1	2.574	4.189	2.574	2.584	2.414	3.159	2.494	2.580
41.080	R1	2.510	4.208	2.510	2.524	2.399	3.133	2.493	2.581
41.120	R1	2.473	2.779	2.518	2.527	2.390	3.083	2.486	2.576
41.160	R1	2.456	2.744	2.556	2.456	2.387	3.057	2.481	2.575
41.200	R1	2.480	2.530	2.480	2.593	2.382	3.059	2.475	2.570
41.240	R1	1.911	1.911	2.571	2.576	2.384	3.063	2.484	2.571
41.280	R1	2.341	3.056	2.341	2.501	2.401	3.123	2.487	2.570
41.320	R1	2.464	2.855	2.464	2.868	2.395	3.051	2.486	2.561
41.360	R1	2.447	2.627	2.495	2.613	2.397	2.942	2.495	2.569
41.400	R1	2.017	2.017	2.375	2.763	2.402	2.833	2.500	2.568
41.440	R1	2.236	2.236	2.489	2.560	2.410	2.807	2.508	2.573
41.480	R1	2.464	2.767	2.509	2.689	2.401	2.737	2.500	2.572
41.520	R1	2.507	2.633	2.562	2.550	2.397	2.688	2.496	2.586
41.560	R1	2.523	2.658	2.523	2.644	2.399	2.687	2.495	2.589
41.600	R1	2.427	2.699	2.581	2.427	2.390	2.664	2.493	2.595
41.640	R1	2.511	3.359	2.511	2.548	2.387	2.672	2.498	2.592
41.680	R1	2.376	2.962	2.477	2.376	2.405	2.690	2.495	2.591
41.720	R1	2.477	2.477	2.605	2.640	2.398	2.648	2.497	2.589
41.760	R1	2.431	2.707	2.431	2.455	2.395	2.636	2.494	2.573
41.800	R1	2.568	2.725	2.596	2.568	2.389	2.646	2.485	2.572
41.840	R1	2.410	2.784	2.410	2.565	2.407	2.664	2.494	2.559
41.880	R1	2.426	3.237	2.426	2.797	2.419	2.714	2.494	2.559
41.920	R1	2.507	2.756	2.507	2.584	2.415	2.718	2.497	2.552
41.960	R1	2.287	2.287	2.509	2.584	2.410	2.736	2.497	2.547
42.000	R1	2.407	2.684	2.571	2.520	2.402	2.747	2.489	2.553
42.040	R1	2.279	2.279	2.527	2.564	2.400	2.747	2.479	2.564
42.080	R1	2.200	2.200	2.375	2.470	2.402	2.717	2.486	2.564
42.120	R1	2.401	2.615	2.401	2.537	2.402	2.714	2.490	2.565
42.160	R1	2.325	2.827	2.325	2.590	2.398	2.727	2.483	2.562
42.200	R1	2.380	2.380	2.553	2.513	2.372	2.687	2.487	2.564
42.240	R1	2.473	3.248	2.473	2.553	2.372	2.701	2.486	2.569
42.280	R1	2.386	2.847	2.580	2.552	2.348	2.658	2.495	2.564
42.320	R1	2.406	2.980	2.563	2.452	2.342	2.625	2.489	2.549
42.360	R1	2.354	2.879	2.354	2.760	2.335	2.612	2.494	2.537
42.400	R1	2.393	2.693	2.393	2.646	2.331	2.608	2.505	2.551
42.440	R1	2.550	2.767	2.644	2.558	2.335	2.603	2.501	2.551
42.480	R1	2.387	2.894	2.556	2.387	2.320	2.588	2.502	2.548
42.520	R1	2.398	2.751	2.467	2.590	2.334	2.636	2.511	2.553
42.560	R1	1.907	1.907	2.519	2.484	2.335	2.664	2.518	2.560
42.600	R1	2.573	3.003	2.573	2.666	2.323	2.627	2.532	2.557
42.640	R1	1.922	1.922	2.581	2.466	2.320	2.624	2.525	2.557
42.680	R1	2.305	2.570	2.305	2.496	2.318	2.596	2.531	2.554
42.720	R1	2.360	2.504	2.609	2.360	2.318	2.604	2.534	2.546
42.760	R1	2.211	2.211	2.724	2.860	2.314	2.627	2.530	2.559
42.800	R1	2.492	2.586	2.500	2.518	2.317	2.629	2.535	2.553
42.840	R1	1.973	1.973	2.545	2.495	2.303	2.600	2.539	2.550
42.880	R1	2.477	3.164	2.547	2.569	2.296	2.624	2.529	2.554
42.920	R1	2.420	3.179	2.550	2.690	2.293	2.613	2.527	2.568
42.960	R1	2.088	2.088	2.603	2.535	2.302	2.637	2.539	2.570
43.000	R1	2.318	2.318	2.405	2.509	2.325	2.700	2.533	2.571
43.040	R1	2.435	2.690	2.605	2.489	2.311	2.694	2.518	2.572
43.080	R1	2.393	2.999	2.634	2.393	2.332	2.715	2.506	2.580
43.120	R1	2.330	3.442	2.493	2.702	2.336	2.712	2.511	2.583
43.160	R1	2.414	2.928	2.444	2.646	2.335	2.738	2.497	2.589
43.200	R1	2.110	2.110	2.467	2.591	2.336	2.739	2.485	2.582
43.240	R1	2.417	3.242	2.447	2.631	2.331	2.745	2.488	2.575
43.280	R1	2.315	2.665	2.525	2.671	2.356	2.808	2.484	2.578
43.320	R1	2.579	3.237	2.699	2.633	2.351	2.810	2.485	2.581
43.360	R1	2.378	3.163	2.399	2.501	2.355	2.809	2.487	2.586
43.400	R1	2.288	2.882	2.288	2.680	2.376	2.867	2.487	2.593
43.440	R1	2.334	2.345	2.334	2.624	2.385	2.925	2.493	2.592
43.480	R1	2.395	2.518	2.395	2.565	2.386	2.917	2.485	2.594
43.520	R1	2.336	3.026	2.336	2.477	2.385	2.907	2.475	2.593
43.560	R1	2.231	2.231	2.476	2.712	2.394	2.877	2.476	2.593
43.600	R1	2.389	2.712	2.563	2.389	2.393	2.861	2.479	2.592
43.640	R1	2.471	3.219	2.471	2.542	2.405	2.888	2.485	2.580
43.680	R1	2.374	3.208	2.562	2.640	2.408	2.891	2.487	2.574
43.720	R1	2.505	3.154	2.596	2.783	2.414	2.905	2.481	2.569
43.760	R1	2.513	3.245	2.601	2.678	2.410	2.868	2.486	2.563
43.800	R1	2.482	3.488	2.514	2.494	2.411	2.840	2.487	2.567
43.840	R1	2.458	2.523	2.458	2.526	2.425	2.836	2.501	2.565
43.880	R1	2.376	2.799	2.428	2.376	2.432	2.860	2.509	2.567
43.920	R1	2.510	2.853	2.516	2.698	2.430	2.880	2.507	2.556
43.960	R1	2.403	2.595	2.500	2.636	2.438	2.866	2.515	2.558
44.000	R1	2.342	2.664	2.587	2.342	2.449	2.909	2.514	2.550
44.040	R1	2.483	3.303	2.483	2.520	2.444	2.899	2.508	2.553
44.080	R1	2.422	2.941	2.422	2.573	2.443	2.871	2.508	2.551
44.120	R1	2.499	2.499	2.797	2.500	2.446	2.844	2.501	2.568
44.160	R1	2.409	2.599	2.409	2.577	2.433	2.798	2.497	2.554
44.200	R1	2.562	2.789	2.562	2.656	2.429	2.766	2.492	2.547
44.240	R1	2.470	2.839	2.500	2.647	2.428	2.746	2.494	2.545
44.280	R1	2.355	2.915	2.355	2.360	2.425	2.770	2.491	2.549
44.320	R1	2.503	2.752	2.505	2.503	2.423	2.748	2.491	2.563
44.360	R1	2.452	3.072	2.452	2.565	2.421	2.728	2.495	2.556
44.400	R1	2.286	2.529	2.450	2.447	2.404	2.702	2.497	2.548
44.440	R1	2.460	2.647	2.460	2.494	2.409	2.703	2.492	2.553
44.480	R1	2.428	2.668	2.428	2.994	2.404	2.666	2.487	2.557
44.520	R1	2.238	2.238	2.515	2.486	2.400	2.656	2.493	2.553
44.560	R1	2.442	2.600	2.502	2.536	2.397	2.667	2.475	2.561
44.600	R1	2.457	3.099	2.547	2.457	2.399	2.670	2.476	2.562
44.640	R1	2.401	3.002	2.401	2.606	2.395	2.673	2.478	2.554
44.680	R1	2.348	2.348	2.423	2.666	2.395	2.675	2.481	2.545
44.720	R1	2.463	2.463	2.605	2.555	2.368	2.621	2.489	2.555
44.760	R1	2.069	2.069	2.537	2.475	2.366	2.625	2.491	2.557
44.800	R1	2.440	2.691	2.493	2.440	2.346	2.575	2.493	2.550
44.840	R1	2.370	2.551	2.370	2.605	2.324	2.541	2.495	2.563
44.880	R1	2.352	2.745	2.540	2.498	2.313	2.520	2.498	2.561
44.920	R1	2.441	2.717	2.441	2.645	2.292	2.487	2.501	2.537
44.960	R1	2.443	2.670	2.443	2.606	2.300	2.495	2.500	2.541
45.000	R1	2.489	2.841	2.603	2.489	2.298	2.506	2.501	2.534
45.040	R1	2.463	2.894	2.543	2.480	2.296	2.495	2.495	2.547
45.080	R1	1.818	1.818	2.529	2.550	2.300	2.491	2.499	2.554
45.120	R1	2.452	2.848	2.538	2.541	2.301	2.506	2.502	2.538
45.160	R1	2.062	2.062	2.499	2.437	2.290	2.496	2.489	2.536
45.200	R1	1.844	1.844	2.481	2.702	2.292	2.497	2.488	2.538
45.240	R1	2.240	2.240	2.525	2.444	2.298	2.499	2.500	2.544
45.280	R1	2.006	2.006	2.478	2.525	2.304	2.520	2.505	2.555
45.320	R1	2.391	2.391	2.500	2.555	2.314	2.523	2.509	2.559
45.360	R1	2.409	2.827	2.517	2.409	2.293	2.488	2.510	2.557
45.400	R1	2.425	2.864	2.425	2.706	2.294	2.494	2.511	2.554
45.440	R1	2.483	2.939	2.483	2.744	2.296	2.493	2.508	2.563
45.480	R1	2.356	2.635	2.494	2.356	2.296	2.487	2.507	2.562
45.520	R1	2.256	2.256	2.346	2.507	2.311	2.502	2.505	2.561
45.560	R1	2.103	2.103	2.522	2.513	2.310	2.485	2.499	2.568
45.600	R1	2.561	2.730	2.714	2.561	2.328	2.525	2.502	2.571
45.640	R1	2.480	2.971	2.480	2.841	2.339	2.537	2.502	2.559
45.680	R1	2.559	2.805	2.613	2.564	2.325	2.523	2.503	2.563
45.720	R1	2.013	2.013	2.464	2.603	2.346	2.575	2.504	2.574
45.760	R1	2.463	2.791	2.463	2.548	2.351	2.586	2.503	2.591
45.800	R1	2.538	2.822	2.538	2.676	2.352	2.569	2.499	2.597
45.840	R1	2.467	2.774	2.528	2.467	2.356	2.555	2.504	2.591
45.880	R1	2.119	2.119	2.484	2.513	2.336	2.513	2.502	2.576
45.920	R1	2.420	2.513	2.420	2.689	2.340	2.502	2.509	2.587
45.960	R1	2.420	2.864	2.563	2.506	2.352	2.515	2.525	2.599
46.000	R1	2.080	2.080	2.481	2.456	2.371	2.547	2.530	2.598
46.040	R1	1.950	1.950	2.550	2.516	2.364	2.545	2.515	2.600
46.080	R1	2.427	3.044	2.493	2.747	2.356	2.530	2.508	2.594
46.120	R1	2.487	2.625	2.487	2.892	2.351	2.525	2.511	2.596
46.160	R1	2.431	2.477	2.431	2.525	2.373	2.547	2.514	2.602
46.200	R1	2.503	2.591	2.518	2.602	2.374	2.565	2.516	2.608
46.240	R1	2.095	2.095	2.443	2.437	2.349	2.526	2.507	2.603
46.280	R1	2.425	2.425	2.640	2.571	2.346	2.522	2.511	2.614
46.320	R1	2.502	2.502	2.674	2.756	2.359	2.566	2.509	2.618
46.360	R1	2.481	2.748	2.619	2.481	2.335	2.538	2.514	2.611
46.400	R1	2.416	2.696	2.416	2.599	2.332	2.528	2.519	2.604
46.440	R1	2.329	2.672	2.329	2.732	2.329	2.525	2.520	2.614
46.480	R1	2.453	2.688	2.678	2.601	2.356	2.559	2.518	2.617
46.520	R1	2.450	2.460	2.525	2.722	2.349	2.543	2.507	2.614
46.560	R1	2.484	3.156	2.504	2.676	2.345	2.547	2.509	2.605
46.600	R1	2.036	2.036	2.359	2.564	2.344	2.564	2.508	2.618
46.640	R1	2.412	2.693	2.612	2.690	2.330	2.545	2.502	2.620
46.680	R1	2.372	3.012	2.430	2.597	2.344	2.561	2.504	2.627
46.720	R1	1.947	1.947	2.523	2.550	2.352	2.575	2.503	2.627
46.760	R1	2.355	2.656	2.671	2.355	2.354	2.587	2.496	2.621
46.800	R1	2.024	2.024	2.495	2.660	2.351	2.578	2.493	2.623
46.840	R1	2.492	2.634	2.504	2.579	2.351	2.585	2.498	2.620
46.880	R1	2.288	2.721	2.288	2.698	2.339	2.557	2.513	2.609
46.920	R1	2.393	2.713	2.510	2.699	2.341	2.554	2.504	2.607
46.960	R1	2.427	2.800	2.427	2.785	2.340	2.555	2.503	2.593
47.000	R1	2.214	2.214	2.383	2.650	2.333	2.545	2.501	2.576
47.040	R1	2.384	2.415	2.499	2.570	2.350	2.567	2.501	2.584
47.080	R1	2.576	2.708	2.605	2.576	2.356	2.564	2.497	2.582
47.120	R1	2.543	2.738	2.543	2.637	2.358	2.549	2.496	2.576
47.160	R1	2.421	2.574	2.548	2.519	2.386	2.601	2.497	2.576
47.200	R1	2.419	2.848	2.533	2.546	2.379	2.579	2.480	2.598
47.240	R1	2.093	2.093	2.623	2.515	2.384	2.584	2.488	2.581
47.280	R1	2.498	2.647	2.498	2.559	2.382	2.606	2.490	2.593
47.320	R1	2.429	2.471	2.504	2.429	2.388	2.603	2.510	2.579
47.360	R1	2.345	2.946	2.458	2.345	2.388	2.614	2.505	2.567
47.400	R1	2.366	2.488	2.366	2.718	2.392	2.608	2.517	2.553
47.440	R1	2.528	2.632	2.528	2.662	2.402	2.645	2.526	2.542
47.480	R1	2.413	2.714	2.413	2.463	2.404	2.690	2.534	2.534
47.520	R1	2.514	2.986	2.548	2.564	2.396	2.675	2.527	2.537
47.560	R1	2.209	2.209	2.322	2.779	2.396	2.672	2.527	2.532
47.600	R1	2.131	2.131	2.658	2.328	2.402	2.677	2.537	2.548
47.640	R1	2.443	3.078	2.551	2.809	2.403	2.674	2.533	2.544
47.680	R1	2.415	2.657	2.676	2.427	2.417	2.711	2.521	2.540
47.720	R1	2.388	2.926	2.421	2.460	2.413	2.713	2.527	2.545
47.760	R1	2.506	2.682	2.665	2.506	2.412	2.717	2.523	2.552
47.800	R1	2.415	2.964	2.557	2.415	2.412	2.696	2.525	2.566
47.840	R1	2.419	3.304	2.657	2.419	2.413	2.693	2.531	2.549
47.880	R1	2.419	2.419	2.467	2.639	2.413	2.700	2.535	2.542
47.920	R1	2.542	2.673	2.552	2.542	2.413	2.704	2.537	2.559
47.960	R1	2.541	2.672	2.747	2.841	2.411	2.708	2.532	2.558
48.000	R1	2.452	2.778	2.460	2.452	2.417	2.733	2.533	2.542
48.040	R1	2.372	2.841	2.372	2.442	2.436	2.790	2.528	2.551
48.080	R1	2.412	2.694	2.629	2.667	2.436	2.759	2.525	2.544
48.120	R1	2.419	2.540	2.419	2.553	2.440	2.755	2.516	2.547
48.160	R1	2.332	2.523	2.491	2.630	2.435	2.723	2.520	2.554
48.200	R1	2.390	2.429	2.479	2.390	2.431	2.718	2.509	2.577
48.240	R1	2.521	2.774	2.618	2.521	2.415	2.675	2.513	2.577
48.280	R1	2.426	2.803	2.445	2.796	2.413	2.655	2.499	2.589
48.320	R1	2.461	3.068	2.461	2.538	2.418	2.673	2.502	2.590
48.360	R1	2.338	2.707	2.338	2.462	2.416	2.704	2.499	2.603
48.400	R1	2.501	3.267	2.566	2.513	2.409	2.708	2.484	2.581
48.440	R1	2.453	2.453	2.482	2.665	2.410	2.705	2.484	2.583
48.480	R1	2.489	2.586	2.489	2.496	2.402	2.674	2.489	2.590
48.520	R1	2.287	2.287	2.509	2.597	2.404	2.683	2.481	2.589
48.560	R1	2.433	2.582	2.433	2.954	2.405	2.691	2.483	2.583
48.600	R1	2.090	2.090	2.646	2.433	2.409	2.710	2.481	2.576
48.640	R1	2.380	2.906	2.380	2.647	2.408	2.722	2.475	2.579
48.680	R1	2.516	2.778	2.516	2.654	2.409	2.739	2.473	2.580
48.720	R1	2.504	3.306	2.504	2.815	2.405	2.739	2.468	2.567
48.760	R1	2.402	2.748	2.438	2.402	2.404	2.716	2.471	2.562
48.800	R1	2.466	2.724	2.466	2.488	2.411	2.714	2.486	2.580
48.840	R1	2.216	2.216	2.476	2.573	2.409	2.681	2.481	2.584
48.880	R1	2.460	2.871	2.460	2.646	2.408	2.693	2.482	2.573
48.920	R1	2.441	2.699	2.454	2.441	2.401	2.693	2.475	2.572
48.960	R1	2.414	2.899	2.456	2.496	2.404	2.719	2.476	2.565
49.000	R1	2.364	2.672	2.364	2.435	2.395	2.702	2.478	2.543
49.040	R1	2.545	3.123	2.572	2.545	2.388	2.695	2.472	2.555
49.080	R1	2.340	2.796	2.340	2.535	2.390	2.703	2.477	2.543
49.120	R1	2.444	2.617	2.532	2.444	2.383	2.696	2.470	2.591
49.160	R1	2.476	2.660	2.635	2.813	2.382	2.666	2.469	2.642
49.200	R1	2.463	2.605	2.463	2.608	2.387	2.667	2.475	2.719
49.240	R1	2.436	2.698	2.508	2.436	2.384	2.663	2.471	2.760
49.280	R1	2.341	2.570	2.341	2.480	2.394	2.690	2.469	2.800
49.320	R1	2.359	2.813	2.544	2.452	2.373	2.649	2.475	2.887
49.360	R1	2.252	2.252	2.460	2.518	2.354	2.616	2.475	2.993
49.400	R1	1.941	1.941	2.534	2.668	2.359	2.615	2.478	3.089
49.440	R1	2.420	3.067	2.478	2.420	2.364	2.621	2.490	3.189
49.480	R1	2.383	2.646	2.383	3.611	2.361	2.607	2.486	3.256
49.520	R1	2.473	2.692	2.473	3.827	2.367	2.599	2.492	3.336
49.560	R1	2.515	2.768	2.556	3.948	2.368	2.613	2.490	3.456
49.600	R1	2.391	2.655	2.391	3.307	2.353	2.589	2.475	3.553
49.640	R1	2.431	2.760	2.431	3.361	2.357	2.597	2.479	3.673
49.680	R1	2.040	2.040	2.586	4.387	2.350	2.577	2.471	3.788
49.720	R1	2.053	2.053	2.458	4.575	2.361	2.589	2.485	3.892
49.760	R1	2.505	2.878	2.505	4.415	2.361	2.567	2.483	4.002
49.800	R1	2.476	2.776	2.614	4.434	2.367	2.604	2.481	4.117
49.840	R1	2.480	2.860	2.480	3.887	2.393	2.632	2.481	4.219
49.880	R1	2.459	2.621	2.459	4.134	2.392	2.612	2.493	4.320
49.920	R1	2.459	2.904	2.492	4.841	2.397	2.618	2.499	4.371
49.960	R1	2.187	2.187	2.341	4.755	2.393	2.620	2.496	4.418
50.000	R1	2.544	2.751	2.544	5.013	2.386	2.600	2.493	4.447
50.040	R1	2.299	2.299	2.357	4.733	2.375	2.576	2.499	4.476
50.080	R1	2.546	2.817	2.610	4.550	2.372	2.563	2.496	4.544
50.120	R1	2.364	2.364	2.499	4.665	2.391	2.594	2.487	4.568
50.160	R1	2.379	3.010	2.438	4.803	2.408	2.621	2.484	4.481
50.200	R1	2.448	2.498	2.526	4.704	2.406	2.609	2.487	4.398
50.240	R1	2.402	2.654	2.725	4.442	2.389	2.576	2.484	4.301
50.280	R1	2.491	2.769	2.491	4.637	2.380	2.549	2.491	4.333
50.320	R1	2.382	2.734	2.412	4.765	2.374	2.535	2.486	4.321
50.360	R1	2.381	2.381	2.492	4.537	2.369	2.512	2.494	4.266
50.400	R1	2.174	2.174	2.522	3.889	2.384	2.538	2.501	4.229
50.440	R1	2.373	2.486	2.373	4.711	2.383	2.528	2.502	4.132
50.480	R1	2.409	2.663	2.409	4.869	2.371	2.517	2.502	4.076
50.520	R1	2.395	2.598	2.395	2.837	2.366	2.516	2.497	4.009
50.560	R1	2.469	2.626	2.554	2.752	2.366	2.516	2.502	3.909
50.600	R1	2.131	2.131	2.554	2.507	2.372	2.505	2.508	3.809
50.640	R1	2.313	2.313	2.629	4.518	2.379	2.510	2.511	3.759
50.680	R1	2.337	2.337	2.349	3.892	2.381	2.529	2.496	3.733
50.720	R1	2.365	2.444	2.650	3.737	2.365	2.499	2.502	3.743
50.760	R1	2.476	2.709	2.491	4.026	2.364	2.512	2.508	3.746
50.800	R1	2.522	2.558	2.569	3.061	2.368	2.538	2.516	3.750
50.840	R1	2.070	2.070	2.355	3.619	2.386	2.580	2.516	3.793
50.880	R1	2.438	2.807	2.504	3.218	2.392	2.593	2.532	3.790
50.920	R1	2.360	2.360	2.608	2.653	2.398	2.587	2.539	3.796
50.960	R1	2.513	2.789	2.550	2.802	2.402	2.607	2.543	3.895
51.000	R1	2.584	2.606	2.585	3.711	2.408	2.618	2.554	3.999
51.040	R1	2.431	3.032	2.431	3.913	2.426	2.648	2.552	4.100
51.080	R1	2.173	2.173	2.611	4.847	2.429	2.656	2.554	4.112
51.120	R1	2.368	2.987	2.520	4.813	2.435	2.663	2.559	4.143
51.160	R1	2.461	2.908	2.659	4.615	2.445	2.678	2.555	4.185
51.200	R1	2.522	2.997	2.522	4.766	2.440	2.661	2.554	4.214
51.240	R1	2.505	2.759	2.693	4.636	2.436	2.670	2.552	4.279
51.280	R1	2.535	2.535	2.561	4.995	2.456	2.690	2.560	4.337
51.320	R1	2.475	2.994	2.475	4.813	2.460	2.685	2.564	4.425
51.360	R1	2.587	2.859	2.766	4.842	2.458	2.714	2.563	4.523
51.400	R1	2.489	2.722	2.517	4.515	2.457	2.722	2.571	4.646
51.440	R1	2.366	2.473	2.657	4.774	2.445	2.709	2.571	4.686
51.480	R1	2.454	2.488	2.464	4.496	2.432	2.666	2.582	4.729
51.520	R1	2.562	2.726	2.562	4.587	2.448	2.697	2.578	4.722
51.560	R1	2.374	2.374	2.475	4.608	2.449	2.693	2.572	4.720
51.600	R1	2.443	2.735	2.523	4.350	2.446	2.678	2.561	4.718
51.640	R1	2.478	2.478	2.522	4.782	2.447	2.664	2.565	4.713
51.680	R1	2.511	2.709	2.574	4.987	2.451	2.673	2.559	4.703
51.720	R1	2.336	2.928	2.585	4.609	2.441	2.671	2.548	4.676
51.760	R1	2.489	2.953	2.708	5.253	2.440	2.673	2.550	4.658
51.800	R1	2.342	2.342	2.587	4.524	2.422	2.641	2.539	4.667
51.840	R1	2.170	2.170	2.651	4.763	2.423	2.637	2.557	4.691
51.880	R1	2.485	2.808	2.534	4.718	2.428	2.651	2.547	4.703
51.920	R1	2.404	2.906	2.404	4.773	2.423	2.645	2.547	4.705
51.960	R1	2.383	2.608	2.435	4.562	2.396	2.609	2.541	4.725
52.000	R1	2.559	2.721	2.603	4.678	2.402	2.627	2.542	4.742
52.040	R1	2.583	2.925	2.583	4.438	2.402	2.641	2.550	4.757
52.080	R1	2.337	2.499	2.337	4.436	2.401	2.650	2.548	4.753
52.120	R1	2.451	3.026	2.511	4.470	2.392	2.640	2.543	4.734
52.160	R1	2.220	2.220	2.544	5.015	2.389	2.607	2.537	4.747
52.200	R1	2.520	2.648	2.869	4.993	2.382	2.588	2.520	4.735
52.240	R1	2.459	2.763	2.459	5.025	2.371	2.576	2.510	4.760
52.280	R1	2.361	2.361	2.472	4.525	2.366	2.572	2.503	4.728
52.320	R1	2.013	2.013	2.443	4.985	2.368	2.568	2.503	4.723
52.360	R1	2.493	2.722	2.493	4.952	2.371	2.545	2.507	4.726
52.400	R1	2.447	3.016	2.690	4.660	2.371	2.542	2.505	4.747
52.440	R1	2.451	2.655	2.468	4.703	2.364	2.527	2.496	4.733
52.480	R1	2.342	2.518	2.493	4.599	2.342	2.488	2.500	4.737
52.520	R1	2.268	2.268	2.460	4.863	2.331	2.469	2.509	4.765
52.560	R1	2.357	2.575	2.357	5.021	2.312	2.422	2.514	4.765
52.600	R1	2.110	2.110	2.388	5.012	2.320	2.453	2.510	4.738
52.640	R1	2.087	2.087	2.518	4.133	2.317	2.468	2.490	4.714
52.680	R1	2.523	2.723	2.523	4.615	2.314	2.461	2.486	4.712
52.720	R1	2.451	2.451	2.494	4.827	2.314	2.483	2.487	4.714
52.760	R1	2.389	2.536	2.389	5.001	2.340	2.529	2.495	4.699
52.800	R1	2.414	2.429	2.434	4.383	2.334	2.512	2.503	4.707
52.840	R1	2.143	2.143	2.651	4.531	2.333	2.492	2.492	4.718
52.880	R1	2.124	2.124	2.528	4.997	2.317	2.466	2.494	4.714
52.920	R1	2.071	2.071	2.607	4.468	2.320	2.475	2.490	4.688
52.960	R1	2.369	2.841	2.457	4.464	2.308	2.463	2.488	4.687
53.000	R1	2.475	2.956	2.475	4.513	2.291	2.435	2.498	4.662
53.040	R1	2.383	2.617	2.383	4.998	2.306	2.457	2.502	4.662
53.080	R1	2.378	2.810	2.496	4.558	2.321	2.483	2.501	4.664
53.120	R1	2.519	2.921	2.590	4.683	2.322	2.491	2.505	4.668
53.160	R1	2.385	2.385	2.662	5.105	2.324	2.504	2.511	4.670
53.200	R1	2.419	2.618	2.469	4.890	2.328	2.511	2.515	4.655
53.240	R1	2.130	2.130	2.502	4.617	2.329	2.513	2.519	4.662
53.280	R1	2.408	2.704	2.408	4.086	2.330	2.554	2.509	4.657
53.320	R1	2.030	2.030	2.420	4.846	2.348	2.607	2.510	4.648
53.360	R1	2.013	2.013	2.563	4.508	2.363	2.644	2.499	4.652
53.400	R1	2.400	2.552	2.478	5.012	2.365	2.634	2.496	4.663
53.440	R1	2.386	2.612	2.492	4.180	2.357	2.652	2.489	4.659
53.480	R1	2.555	2.879	2.600	4.685	2.363	2.677	2.495	4.623
53.520	R1	2.480	2.700	2.625	4.879	2.370	2.674	2.495	4.635
53.560	R1	2.470	2.685	2.470	4.706	2.364	2.675	2.486	4.604
53.600	R1	2.449	2.467	2.500	4.524	2.363	2.703	2.472	4.576
53.640	R1	2.160	2.961	2.449	4.420	2.367	2.707	2.472	4.555
53.680	R1	2.469	3.177	2.558	4.822	2.375	2.716	2.471	4.543
53.720	R1	2.381	2.823	2.381	4.539	2.377	2.719	2.482	4.565
53.760	R1	2.402	2.634	2.402	4.683	2.375	2.717	2.482	4.540
53.800	R1	2.324	3.323	2.324	4.434	2.396	2.769	2.475	4.486
53.840	R1	2.504	3.119	2.504	4.284	2.398	2.776	2.473	4.436
53.880	R1	2.505	2.746	2.505	4.801	2.402	2.782	2.474	4.414
53.920	R1	2.406	2.933	2.406	4.052	2.371	2.734	2.466	4.377
53.960	R1	2.378	2.951	2.378	4.559	2.370	2.735	2.462	4.355
54.000	R1	2.484	2.708	2.484	4.459	2.357	2.712	2.462	4.334
54.040	R1	2.299	2.299	2.467	4.384	2.358	2.740	2.471	4.346
54.080	R1	2.437	2.761	2.636	4.528	2.363	2.704	2.475	4.329
54.120	R1	2.004	2.004	2.417	4.344	2.362	2.668	2.474	4.302
54.160	R1	2.419	3.044	2.419	3.431	2.346	2.630	2.473	4.275
54.200	R1	2.444	2.694	2.444	4.010	2.345	2.635	2.472	4.246
54.240	R1	2.478	2.723	2.503	3.741	2.333	2.573	2.475	4.210
54.280	R1	1.932	1.932	2.441	3.933	2.332	2.566	2.475	4.193
54.320	R1	2.453	2.724	2.557	4.445	2.315	2.537	2.472	4.136
54.360	R1	2.220	2.220	2.464	4.291	2.314	2.532	2.472	4.143
54.400	R1	2.469	3.015	2.678	4.751	2.323	2.532	2.483	4.121
54.440	R1	2.258	2.258	2.542	4.091	2.319	2.541	2.481	4.030
54.480	R1	2.444	2.452	2.532	4.275	2.313	2.534	2.482	3.935
54.520	R1	2.055	2.055	2.366	3.994	2.317	2.526	2.475	3.879
54.560	R1	2.378	2.739	2.378	4.117	2.322	2.531	2.478	3.792
54.600	R1	2.086	2.086	2.384	3.700	2.317	2.518	2.482	3.763
54.640	R1	2.493	2.976	2.493	3.944	2.314	2.518	2.482	3.705
54.680	R1	2.155	2.155	2.454	3.663	2.299	2.490	2.475	3.656
54.720	R1	2.396	2.834	2.396	4.202	2.312	2.504	2.475	3.605
54.760	R1	2.549	2.965	2.610	4.123	2.312	2.491	2.472	3.514
54.800	R1	2.417	2.873	2.446	2.624	2.318	2.532	2.474	3.437
54.840	R1	2.173	2.173	2.472	2.497	2.318	2.520	2.464	3.338
54.880	R1	2.510	2.599	2.510	3.405	2.326	2.547	2.458	3.270
54.920	R1	2.106	2.106	2.464	2.603	2.326	2.569	2.454	3.197
54.960	R1	2.316	2.776	2.510	2.845	2.347	2.612	2.460	3.129
55.000	R1	2.399	2.704	2.444	2.863	2.346	2.609	2.459	3.068
55.040	R1	2.163	2.163	2.366	2.752	2.360	2.623	2.465	3.007
55.080	R1	2.204	2.204	2.436	2.923	2.355	2.622	2.459	2.932
55.120	R1	2.444	2.461	2.487	2.624	2.369	2.664	2.470	2.874
55.160	R1	2.341	3.044	2.516	2.739	2.372	2.648	2.475	2.791
55.200	R1	2.478	2.770	2.478	2.780	2.361	2.629	2.461	2.710
55.240	R1	2.419	2.804	2.419	2.738	2.365	2.630	2.463	2.725
55.280	R1	2.437	2.894	2.456	2.811	2.374	2.647	2.459	2.720
55.320	R1	2.481	2.909	2.481	2.638	2.362	2.632	2.454	2.715
55.360	R1	2.360	2.682	2.360	2.879	2.356	2.625	2.457	2.725
55.400	R1	2.365	2.365	2.492	2.492	2.358	2.604	2.455	2.724
55.440	R1	2.380	2.960	2.380	2.451	2.357	2.601	2.452	2.735
55.480	R1	2.439	2.989	2.686	2.494	2.370	2.620	2.460	2.731
55.520	R1	2.463	2.527	2.494	2.546	2.371	2.622	2.464	2.713
55.560	R1	2.320	2.574	2.320	2.501	2.365	2.628	2.456	2.724
55.600	R1	2.497	2.891	2.497	2.923	2.363	2.613	2.445	2.713
55.640	R1	2.347	2.523	2.379	2.390	2.349	2.585	2.438	2.719
55.680	R1	2.288	2.288	2.413	3.307	2.345	2.564	2.434	2.708
55.720	R1	1.979	1.979	2.514	2.810	2.343	2.548	2.435	2.724
55.760	R1	2.351	2.351	2.480	2.828	2.341	2.537	2.438	2.733
55.800	R1	2.383	2.648	2.383	3.065	2.344	2.529	2.442	2.711
55.840	R1	2.416	2.535	2.522	2.679	2.345	2.541	2.438	2.723
55.880	R1	2.237	2.237	2.523	2.557	2.346	2.532	2.439	2.724
55.920	R1	2.319	2.596	2.319	2.849	2.331	2.490	2.429	2.724
55.960	R1	2.301	2.748	2.301	2.513	2.307	2.463	2.426	2.721
56.000	R1	2.192	2.192	2.336	2.905	2.315	2.459	2.434	2.723
56.040	R1	2.342	2.386	2.342	2.528	2.304	2.428	2.432	2.699
56.080	R1	2.401	2.581	2.476	3.119	2.311	2.438	2.441	2.704
56.120	R1	2.430	2.679	2.534	2.823	2.312	2.458	2.447	2.672
56.160	R1	2.435	2.540	2.454	2.435	2.339	2.498	2.455	2.658
56.200	R1	2.375	2.597	2.405	2.746	2.339	2.511	2.453	2.647
56.240	R1	2.394	2.786	2.394	2.465	2.311	2.470	2.458	2.625
56.280	R1	2.147	2.147	2.493	2.497	2.311	2.488	2.453	2.624
56.320	R1	1.981	1.981	2.441	2.474	2.316	2.523	2.453	2.613
56.360	R1	2.480	2.485	2.480	2.550	2.298	2.491	2.467	2.597
56.400	R1	2.282	2.282	2.442	2.443	2.289	2.460	2.478	2.606
56.440	R1	2.487	2.716	2.575	2.487	2.305	2.482	2.488	2.586
56.480	R1	2.309	2.685	2.527	2.673	2.311	2.494	2.508	2.584
56.520	R1	2.518	2.794	2.667	2.518	2.308	2.508	2.502	2.544
56.560	R1	2.341	2.597	2.448	2.606	2.307	2.511	2.502	2.530
56.600	R1	1.840	1.840	2.487	2.629	2.309	2.522	2.503	2.549
56.640	R1	2.404	2.899	2.412	2.657	2.308	2.511	2.504	2.543
56.680	R1	2.348	2.933	2.518	2.348	2.305	2.488	2.507	2.546
56.720	R1	1.946	1.946	2.610	2.523	2.319	2.515	2.504	2.547
56.760	R1	2.135	2.135	2.524	2.697	2.342	2.548	2.509	2.545
56.800	R1	2.498	2.625	2.541	2.498	2.340	2.548	2.507	2.546
56.840	R1	2.474	2.639	2.734	2.490	2.327	2.534	2.511	2.542
56.880	R1	2.328	2.859	2.355	2.328	2.305	2.501	2.508	2.559
56.920	R1	2.425	2.726	2.539	2.539	2.314	2.502	2.509	2.554
56.960	R1	2.466	2.776	2.466	2.816	2.310	2.510	2.509	2.550
57.000	R1	2.363	2.363	2.431	2.632	2.310	2.524	2.509	2.536
57.040	R1	2.334	2.334	2.457	2.519	2.316	2.530	2.504	2.536
57.080	R1	2.421	2.677	2.421	2.505	2.316	2.530	2.507	2.535
57.120	R1	2.446	2.651	2.541	2.446	2.316	2.544	2.498	2.548
57.160	R1	2.435	2.474	2.435	2.562	2.344	2.622	2.493	2.552
57.200	R1	2.017	2.017	2.525	2.368	2.361	2.661	2.493	2.546
57.240	R1	2.045	2.045	2.522	2.818	2.355	2.683	2.485	2.552
57.280	R1	2.496	2.715	2.554	2.581	2.347	2.684	2.470	2.553
57.320	R1	2.435	2.958	2.667	2.435	2.348	2.666	2.478	2.575
57.360	R1	2.336	2.864	2.430	2.336	2.346	2.652	2.480	2.581
57.400	R1	1.962	1.962	2.393	2.628	2.345	2.636	2.479	2.564
57.440	R1	2.414	2.896	2.468	2.625	2.344	2.648	2.478	2.569
57.480	R1	2.353	3.213	2.353	2.611	2.347	2.660	2.481	2.572
57.520	R1	2.501	3.506	2.501	2.607	2.344	2.645	2.481	2.571
57.560	R1	2.479	2.923	2.528	2.578	2.346	2.637	2.481	2.574
57.600	R1	2.381	3.063	2.381	2.610	2.343	2.645	2.483	2.584
57.640	R1	2.301	2.669	2.425	2.522	2.367	2.689	2.481	2.594
57.680	R1	2.357	2.484	2.524	2.757	2.386	2.720	2.477	2.584
57.720	R1	2.381	2.452	2.581	2.669	2.385	2.713	2.479	2.586
57.760	R1	2.435	2.452	2.435	2.481	2.385	2.695	2.467	2.594
57.800	R1	2.350	2.616	2.418	2.731	2.393	2.691	2.473	2.603
57.840	R1	2.394	2.572	2.510	2.575	2.415	2.730	2.473	2.608
57.880	R1	2.358	2.358	2.425	2.478	2.416	2.708	2.471	2.605
57.920	R1	2.498	2.501	2.547	2.498	2.421	2.710	2.479	2.598
57.960	R1	2.370	2.638	2.483	2.771	2.408	2.646	2.484	2.593
58.000	R1	2.485	2.891	2.485	2.570	2.403	2.645	2.481	2.583
58.040	R1	2.438	2.665	2.438	2.608	2.385	2.593	2.480	2.584
58.080	R1	2.473	2.573	2.584	2.620	2.392	2.613	2.483	2.598
58.120	R1	2.428	2.593	2.428	2.611	2.396	2.617	2.478	2.593
58.160	R1	2.506	2.784	2.552	2.506	2.395	2.642	2.467	2.589
58.200	R1	2.401	2.753	2.401	2.726	2.379	2.625	2.477	2.587
58.240	R1	2.423	2.448	2.423	2.579	2.378	2.630	2.477	2.575
58.280	R1	2.470	3.252	2.517	2.470	2.368	2.610	2.466	2.576
58.320	R1	2.235	2.235	2.606	2.497	2.354	2.596	2.466	2.594
58.360	R1	2.384	2.903	2.463	2.384	2.339	2.581	2.468	2.599
58.400	R1	2.021	2.021	2.351	2.620	2.343	2.588	2.467	2.588
58.440	R1	2.440	3.075	2.501	2.798	2.343	2.594	2.474	2.585
58.480	R1	2.421	2.556	2.421	2.669	2.341	2.610	2.472	2.597
58.520	R1	2.366	2.944	2.366	2.582	2.339	2.620	2.468	2.587
58.560	R1	2.126	2.126	2.633	2.443	2.341	2.614	2.473	2.584
58.600	R1	2.331	2.705	2.411	2.501	2.332	2.628	2.462	2.593
58.640	R1	2.185	2.185	2.293	2.581	2.332	2.635	2.462	2.583
58.680	R1	2.082	2.082	2.419	2.855	2.321	2.622	2.465	2.583
58.720	R1	2.191	2.191	2.582	2.593	2.323	2.592	2.466	2.590
58.760	R1	2.450	2.788	2.462	2.553	2.334	2.610	2.459	2.592
58.800	R1	2.497	3.007	2.626	2.513	2.336	2.589	2.462	2.601
58.840	R1	2.400	2.984	2.400	2.833	2.359	2.625	2.468	2.599
58.880	R1	2.417	2.764	2.499	2.417	2.353	2.608	2.474	2.593
58.920	R1	2.481	2.481	2.541	2.556	2.359	2.615	2.480	2.587
58.960	R1	2.318	3.053	2.318	2.685	2.357	2.608	2.480	2.575
59.000	R1	2.406	2.898	2.406	2.528	2.374	2.627	2.472	2.591
59.040	R1	2.192	2.192	2.488	2.583	2.365	2.598	2.478	2.596
59.080	R1	2.513	2.650	2.536	2.615	2.379	2.613	2.490	2.598
59.120	R1	2.464	2.587	2.464	2.536	2.382	2.616	2.494	2.585
59.160	R1	2.416	2.492	2.513	2.554	2.393	2.639	2.489	2.586
59.200	R1	2.480	2.736	2.480	2.587	2.393	2.633	2.488	2.581
59.240	R1	2.320	2.732	2.615	2.675	2.388	2.612	2.477	2.578
59.280	R1	2.541	2.697	2.541	2.553	2.375	2.570	2.477	2.565
59.320	R1	2.336	2.809	2.381	2.336	2.357	2.534	2.480	2.567
59.360	R1	2.464	2.498	2.464	2.761	2.354	2.560	2.480	2.569
59.400	R1	2.142	2.142	2.527	2.615	2.357	2.561	2.486	2.554
59.440	R1	2.471	2.471	2.532	2.611	2.356	2.563	2.491	2.558
59.480	R1	2.140	2.140	2.514	2.592	2.369	2.580	2.489	2.556
59.520	R1	2.417	2.658	2.469	2.616	2.369	2.585	2.488	2.554
59.560	R1	2.447	2.665	2.457	2.447	2.367	2.589	2.498	2.554
59.600	R1	2.402	2.592	2.402	2.460	2.352	2.571	2.501	2.553
59.640	R1	2.138	2.138	2.399	2.573	2.347	2.553	2.506	2.553
59.680	R1	2.059	2.059	2.552	2.458	2.342	2.534	2.500	2.544
59.720	R1	2.410	2.999	2.550	2.590	2.335	2.551	2.499	2.540
59.760	R1	2.392	3.059	2.434	2.392	2.337	2.560	2.508	2.551
59.800	R1	2.382	2.938	2.507	2.604	2.333	2.577	2.504	2.548
59.840	R1	2.449	2.544	2.449	2.544	2.335	2.579	2.497	2.551
59.880	R1	2.516	2.742	2.516	2.580	2.328	2.572	2.499	2.537
59.920	R1	2.410	2.677	2.669	2.532	2.341	2.599	2.501	2.533
59.960	R1	2.133	2.133	2.557	2.536	2.343	2.620	2.508	2.526
60.000	R1	2.371	2.371	2.595	2.576	2.342	2.607	2.508	2.536
60.040	R1	2.227	2.352	2.492	2.497	2.347	2.619	2.516	2.552
60.080	R1	2.394	3.036	2.526	2.472	2.363	2.642	2.526	2.556
60.120	R1	2.374	2.982	2.547	2.567	2.385	2.671	2.524	2.575
60.160	R1	2.385	2.832	2.385	2.692	2.385	2.641	2.517	2.577
60.200	R1	2.186	2.186	2.391	2.688	2.373	2.597	2.519	2.592
60.240	R1	2.332	2.341	2.577	2.332	2.375	2.578	2.514	2.589
60.280	R1	2.394	2.676	2.551	2.507	2.362	2.561	2.514	2.587
60.320	R1	2.467	3.076	2.608	2.467	2.357	2.547	2.513	2.586
60.360	R1	2.409	2.409	2.458	2.658	2.361	2.578	2.509	2.585
60.400	R1	2.518	2.838	2.548	2.768	2.373	2.603	2.504	2.583
60.440	R1	2.442	2.584	2.602	2.668	2.376	2.616	2.495	2.578
60.480	R1	2.504	2.640	2.522	2.824	2.389	2.638	2.496	2.590
60.520	R1	2.414	2.414	2.414	2.643	2.397	2.631	2.498	2.594
60.560	R1	2.161	2.161	2.461	2.688	2.379	2.582	2.502	2.586
60.600	R1	2.403	2.574	2.403	2.546	2.382	2.570	2.505	2.579
60.640	R1	2.201	2.201	2.463	2.489	2.387	2.595	2.500	2.570
60.680	R1	2.416	2.465	2.479	2.562	2.391	2.607	2.492	2.584
60.720	R1	2.488	3.299	2.599	2.520	2.383	2.585	2.491	2.591
60.760	R1	2.383	2.625	2.458	2.490	2.380	2.565	2.486	2.589
60.800	R1	2.415	2.631	2.415	2.489	2.382	2.585	2.488	2.581
60.840	R1	2.503	2.793	2.516	2.730	2.363	2.550	2.478	2.567
60.880	R1	2.549	2.898	2.565	2.549	2.359	2.558	2.465	2.569
60.920	R1	2.005	2.005	2.621	2.419	2.358	2.550	2.476	2.557
60.960	R1	2.442	2.582	2.442	2.541	2.360	2.571	2.484	2.548
61.000	R1	2.285	2.681	2.285	2.507	2.371	2.601	2.479	2.550
61.040	R1	2.420	2.591	2.420	2.622	2.365	2.587	2.486	2.539
61.080	R1	2.229	2.229	2.529	2.645	2.376	2.629	2.484	2.539
61.120	R1	2.408	2.681	2.518	2.413	2.381	2.654	2.489	2.538
61.160	R1	2.459	2.804	2.502	2.505	2.374	2.608	2.481	2.546
61.200	R1	2.138	2.138	2.343	2.487	2.377	2.631	2.480	2.553
61.240	R1	2.353	2.749	2.353	2.717	2.363	2.606	2.484	2.559
61.280	R1	2.476	2.476	2.724	2.577	2.346	2.575	2.482	2.546
61.320	R1	2.474	2.840	2.585	2.474	2.340	2.578	2.479	2.554
61.360	R1	2.364	2.766	2.364	2.724	2.355	2.617	2.469	2.551
61.400	R1	2.291	2.291	2.528	2.316	2.351	2.639	2.473	2.542
61.440	R1	2.431	3.035	2.431	2.504	2.353	2.659	2.479	2.533
61.480	R1	2.500	2.972	2.584	2.526	2.330	2.628	2.482	2.530
61.520	R1	2.362	2.362	2.436	2.695	2.343	2.646	2.482	2.522
61.560	R1	2.433	3.090	2.433	2.614	2.348	2.647	2.482	2.532
61.600	R1	2.141	2.141	2.497	2.612	2.327	2.609	2.481	2.536
61.640	R1	2.168	2.168	2.478	2.466	2.342	2.629	2.489	2.545
61.680	R1	2.416	2.965	2.499	2.708	2.341	2.628	2.504	2.531
61.720	R1	2.300	2.779	2.427	2.371	2.340	2.628	2.492	2.529
61.760	R1	2.364	3.027	2.526	2.364	2.344	2.629	2.490	2.546
61.800	R1	2.322	3.069	2.394	2.322	2.340	2.630	2.486	2.537
61.840	R1	1.975	1.975	2.487	2.556	2.323	2.613	2.496	2.552
61.880	R1	2.494	2.589	2.532	2.494	2.320	2.594	2.492	2.548
61.920	R1	2.504	2.698	2.519	2.617	2.303	2.553	2.488	2.551
61.960	R1	2.038	2.038	2.482	2.584	2.311	2.567	2.493	2.542
62.000	R1	2.441	2.540	2.498	2.662	2.310	2.566	2.497	2.543
62.040	R1	2.326	2.742	2.646	2.444	2.311	2.567	2.498	2.535
62.080	R1	2.463	2.463	2.486	2.536	2.320	2.602	2.492	2.552
62.120	R1	2.543	2.869	2.543	2.803	2.292	2.547	2.497	2.548
62.160	R1	2.296	2.787	2.296	2.554	2.295	2.529	2.493	2.556
62.200	R1	1.951	1.951	2.729	2.606	2.275	2.476	2.485	2.559
62.240	R1	2.355	2.646	2.355	2.423	2.281	2.449	2.491	2.586
62.280	R1	2.164	2.164	2.486	2.589	2.304	2.482	2.488	2.588
62.320	R1	2.522	2.647	2.536	2.522	2.302	2.481	2.484	2.591
62.360	R1	2.421	3.066	2.515	2.621	2.298	2.498	2.479	2.583
62.400	R1	2.151	2.151	2.529	2.453	2.324	2.546	2.484	2.582
62.440	R1	2.363	2.883	2.363	2.802	2.325	2.564	2.493	2.620
62.480	R1	1.853	1.853	2.583	2.635	2.331	2.553	2.497	2.635
62.520	R1	2.362	2.414	2.362	2.542	2.327	2.556	2.492	2.633
62.560	R1	1.966	1.966	2.356	2.412	2.314	2.527	2.496	2.622
62.600	R1	2.438	2.538	2.515	2.863	2.320	2.508	2.512	2.625
62.640	R1	2.432	2.626	2.432	2.597	2.341	2.550	2.494	2.622
62.680	R1	2.453	2.577	2.453	2.562	2.350	2.566	2.503	2.628
62.720	R1	2.421	3.050	2.421	2.452	2.360	2.585	2.497	2.630
62.760	R1	2.559	2.980	2.583	2.559	2.354	2.591	2.502	2.628
62.800	R1	2.463	2.913	2.666	3.427	2.353	2.580	2.497	2.627
62.840	R1	2.436	2.523	2.726	2.749	2.366	2.606	2.506	2.632
62.880	R1	2.387	2.521	2.387	2.487	2.353	2.567	2.519	2.620
62.920	R1	2.289	2.289	2.635	2.587	2.379	2.628	2.516	2.616
62.960	R1	2.404	2.404	2.597	2.608	2.382	2.636	2.520	2.621
63.000	R1	2.383	2.797	2.383	2.558	2.405	2.686	2.534	2.630
63.040	R1	2.531	2.959	2.531	2.536	2.404	2.695	2.531	2.614
63.080	R1	2.367	2.533	2.367	2.637	2.403	2.690	2.530	2.621
63.120	R1	2.401	2.785	2.634	2.479	2.393	2.674	2.531	2.631
63.160	R1	2.405	2.829	2.405	2.595	2.397	2.662	2.535	2.634
63.200	R1	2.410	2.674	2.717	2.550	2.389	2.652	2.528	2.635
63.240	R1	2.102	2.102	2.629	2.566	2.373	2.614	2.530	2.585
63.280	R1	2.372	3.088	2.517	2.550	2.357	2.594	2.511	2.576
63.320	R1	2.415	2.555	2.445	2.652	2.357	2.607	2.512	2.575
63.360	R1	2.429	2.973	2.628	2.593	2.365	2.643	2.502	2.568
63.400	R1	2.427	2.729	2.463	2.541	2.347	2.625	2.502	2.572
63.440	R1	2.412	2.519	2.412	2.727	2.345	2.620	2.499	2.584
63.480	R1	2.255	2.255	2.478	2.767	2.339	2.597	2.493	2.581
63.520	R1	2.488	2.799	2.488	2.518	2.337	2.595	2.506	2.570
63.560	R1	2.401	2.799	2.456	2.574	2.345	2.612	2.507	2.575
63.600	R1	2.139	2.139	2.698	2.429	2.317	2.562	2.505	2.577
63.640	R1	2.127	2.127	2.358	2.572	2.297	2.530	2.503	2.574
63.680	R1	2.390	2.784	2.390	2.456	2.315	2.569	2.496	2.572
63.720	R1	2.441	3.003	2.441	2.461	2.319	2.540	2.496	2.573
63.760	R1	2.053	2.053	2.591	2.673	2.322	2.543	2.501	2.569
63.800	R1	2.332	2.685	2.332	2.807	2.325	2.539	2.500	2.564
63.840	R1	2.409	2.509	2.409	2.476	2.326	2.553	2.503	2.561
63.880	R1	2.333	2.494	2.633	2.418	2.327	2.554	2.504	2.555
63.920	R1	2.568	3.129	2.660	2.568	2.317	2.544	2.504	2.544
63.960	R1	1.832	1.832	2.364	2.641	2.298	2.510	2.510	2.552
64.000	R1	2.019	2.019	2.660	2.489	2.301	2.505	2.518	2.547
64.040	R1	2.457	2.893	2.497	2.516	2.317	2.527	2.516	2.549
64.080	R1	2.449	2.499	2.511	2.575	2.317	2.526	2.525	2.547
64.120	R1	2.482	2.614	2.560	2.567	2.318	2.522	2.536	2.546
64.160	R1	2.496	2.902	2.603	2.496	2.319	2.520	2.537	2.553
64.200	R1	2.441	3.010	2.525	2.483	2.315	2.516	2.533	2.544
64.240	R1	2.423	2.542	2.423	2.604	2.299	2.482	2.540	2.526
64.280	R1	2.052	2.052	2.484	2.563	2.299	2.477	2.548	2.534
64.320	R1	2.116	2.116	2.610	2.674	2.306	2.476	2.541	2.546
64.360	R1	2.459	2.696	2.609	2.478	2.298	2.456	2.543	2.547
64.400	R1	2.469	2.570	2.666	2.469	2.325	2.497	2.545	2.546
64.440	R1	2.111	2.111	2.524	2.531	2.349	2.528	2.542	2.558
64.480	R1	2.426	2.709	2.627	2.426	2.352	2.524	2.544	2.558
64.520	R1	2.461	2.972	2.461	2.605	2.351	2.537	2.541	2.561
64.560	R1	1.966	1.966	2.511	2.481	2.338	2.534	2.524	2.560
64.600	R1	2.009	2.009	2.468	2.466	2.335	2.549	2.515	2.566
64.640	R1	2.413	2.413	2.573	2.637	2.332	2.538	2.514	2.562
64.680	R1	2.472	2.472	2.489	2.646	2.328	2.527	2.520	2.561
64.720	R1	2.404	2.721	2.689	2.584	2.330	2.530	2.518	2.554
64.760	R1	2.365	2.652	2.419	2.618	2.344	2.556	2.508	2.553
64.800	R1	2.511	2.637	2.587	2.748	2.342	2.552	2.501	2.550
64.840	R1	2.509	2.810	2.549	2.509	2.342	2.550	2.491	2.550
64.880	R1	2.434	2.758	2.434	2.632	2.357	2.589	2.489	2.551
64.920	R1	2.231	2.555	2.231	2.548	2.357	2.585	2.478	2.576
64.960	R1	2.427	3.205	2.427	2.622	2.354	2.589	2.478	2.566
65.000	R1	2.392	2.793	2.501	2.392	2.378	2.635	2.484	2.579
65.040	R1	2.328	2.328	2.541	2.594	2.398	2.666	2.484	2.591
65.080	R1	2.102	2.102	2.434	2.414	2.393	2.683	2.471	2.585
65.120	R1	2.395	2.635	2.417	2.663	2.394	2.702	2.472	2.590
65.160	R1	2.413	2.618	2.467	2.413	2.398	2.713	2.464	2.599
65.200	R1	2.471	2.543	2.471	2.473	2.404	2.707	2.468	2.599
65.240	R1	2.410	2.878	2.475	2.558	2.380	2.676	2.461	2.592
65.280	R1	2.420	2.626	2.420	2.924	2.378	2.689	2.457	2.599
65.320	R1	2.402	3.061	2.458	2.402	2.349	2.644	2.464	2.591
65.360	R1	2.463	2.886	2.624	2.731	2.365	2.648	2.480	2.598
65.400	R1	2.405	2.627	2.472	2.704	2.365	2.622	2.492	2.598
65.440	R1	2.315	2.756	2.315	2.525	2.364	2.619	2.495	2.609
65.480	R1	2.494	2.844	2.498	2.751	2.361	2.639	2.480	2.603
65.520	R1	2.483	2.947	2.548	2.752	2.373	2.685	2.481	2.625
65.560	R1	2.486	2.527	2.486	2.634	2.349	2.649	2.484	2.622
65.600	R1	2.028	2.028	2.447	2.603	2.348	2.662	2.481	2.635
65.640	R1	2.469	3.066	2.483	2.646	2.346	2.665	2.479	2.637
65.680	R1	1.850	1.850	2.571	2.473	2.344	2.642	2.480	2.644
65.720	R1	2.550	2.632	2.550	2.689	2.349	2.645	2.486	2.635
65.760	R1	2.423	2.702	2.666	2.627	2.333	2.596	2.480	2.628
65.800	R1	2.378	2.721	2.546	2.596	2.331	2.576	2.470	2.622
65.840	R1	2.259	2.730	2.259	2.481	2.334	2.569	2.470	2.612
65.880	R1	2.343	3.017	2.451	2.856	2.346	2.571	2.483	2.613
65.920	R1	1.918	1.918	2.471	2.605	2.342	2.572	2.482	2.596
65.960	R1	2.390	2.885	2.401	2.674	2.337	2.563	2.483	2.590
66.000	R1	2.428	2.602	2.428	2.506	2.332	2.567	2.484	2.600
66.040	R1	2.369	2.417	2.503	2.709	2.355	2.598	2.489	2.600
66.080	R1	2.532	2.692	2.532	2.737	2.353	2.591	2.490	2.590
66.120	R1	2.075	2.075	2.350	2.255	2.381	2.619	2.483	2.599
66.160	R1	2.424	2.475	2.424	2.617	2.375	2.620	2.481	2.593
66.200	R1	2.476	2.495	2.476	2.506	2.364	2.595	2.473	2.588
66.240	R1	2.546	2.796	2.565	2.546	2.369	2.589	2.469	2.587
66.280	R1	2.412	2.873	2.487	2.412	2.364	2.561	2.487	2.595
66.320	R1	2.393	2.752	2.571	2.634	2.372	2.564	2.490	2.587
66.360	R1	2.389	2.610	2.497	2.824	2.400	2.606	2.490	2.583
66.400	R1	2.472	2.658	2.548	2.606	2.376	2.557	2.491	2.581
66.440	R1	2.441	2.918	2.493	2.441	2.370	2.549	2.495	2.589
66.480	R1	2.406	2.406	2.435	2.657	2.355	2.532	2.501	2.575
66.520	R1	2.432	2.662	2.510	2.576	2.348	2.535	2.494	2.571
66.560	R1	2.207	2.207	2.510	2.533	2.369	2.576	2.502	2.587
66.600	R1	2.458	2.584	2.458	2.572	2.360	2.564	2.503	2.591
66.640	R1	2.171	2.171	2.628	2.641	2.356	2.583	2.501	2.594
66.680	R1	2.510	3.094	2.519	2.699	2.328	2.542	2.492	2.603
66.720	R1	2.462	2.741	2.462	2.518	2.324	2.515	2.488	2.630
66.760	R1	1.919	1.919	2.419	2.629	2.322	2.495	2.488	2.641
66.800	R1	2.296	2.428	2.523	2.669	2.328	2.511	2.491	2.625
66.840	R1	2.084	2.084	2.620	2.433	2.325	2.499	2.488	2.627
66.880	R1	2.395	2.755	2.395	2.652	2.327	2.490	2.487	2.634
66.920	R1	2.495	2.891	2.495	2.570	2.328	2.517	2.496	2.622
66.960	R1	2.244	2.244	2.444	2.707	2.330	2.520	2.496	2.648
67.000	R1	2.392	2.862	2.443	2.563	2.339	2.547	2.492	2.640
67.040	R1	1.984	1.984	2.376	2.733	2.320	2.523	2.499	2.639
67.080	R1	2.331	2.331	2.419	2.939	2.329	2.541	2.486	2.633
67.120	R1	2.349	2.349	2.559	2.860	2.309	2.493	2.481	2.628
67.160	R1	2.503	2.925	2.572	2.503	2.310	2.491	2.482	2.634
67.200	R1	2.430	2.430	2.489	2.643	2.306	2.487	2.484	2.620
67.240	R1	2.474	2.731	2.474	2.576	2.316	2.516	2.483	2.616
67.280	R1	2.428	2.957	2.604	2.428	2.329	2.548	2.470	2.612
67.320	R1	2.477	2.714	2.504	3.082	2.327	2.536	2.480	2.597
67.360	R1	2.376	2.754	2.437	2.376	2.322	2.511	2.479	2.595
67.400	R1	2.089	2.089	2.591	2.562	2.321	2.510	2.478	2.577
67.440	R1	2.332	2.548	2.372	2.515	2.317	2.483	2.476	2.565
67.480	R1	2.127	2.127	2.424	2.601	2.336	2.502	2.482	2.559
67.520	R1	2.474	2.691	2.474	2.631	2.339	2.505	2.482	2.538
67.560	R1	1.839	1.839	2.461	2.351	2.321	2.487	2.478	2.520
67.600	R1	2.500	3.007	2.507	2.601	2.296	2.441	2.479	2.527
67.640	R1	2.337	2.736	2.368	2.337	2.296	2.447	2.481	2.517
67.680	R1	2.360	2.509	2.597	2.360	2.292	2.445	2.477	2.509
67.720	R1	2.398	2.398	2.469	2.533	2.292	2.430	2.474	2.510
67.760	R1	2.210	2.210	2.428	2.347	2.288	2.444	2.468	2.476
67.800	R1	2.320	2.327	2.402	2.320	2.291	2.464	2.474	2.480
67.840	R1	2.371	2.371	2.483	2.610	2.308	2.510	2.466	2.487
67.880	R1	2.388	2.388	2.421	2.523	2.316	2.521	2.478	2.486
67.920	R1	1.992	1.992	2.478	2.508	2.332	2.538	2.479	2.481
67.960	R1	1.996	1.996	2.598	2.645	2.331	2.535	2.482	2.472
68.000	R1	2.432	2.555	2.532	2.432	2.356	2.588	2.486	2.471
68.040	R1	2.394	2.692	2.394	2.427	2.334	2.540	2.486	2.464
68.080	R1	2.433	2.650	2.538	2.433	2.337	2.536	2.498	2.471
68.120	R1	2.387	3.005	2.387	2.409	2.341	2.550	2.493	2.475
68.160	R1	2.448	3.141	2.562	2.448	2.338	2.574	2.493	2.465
68.200	R1	2.426	3.015	2.426	2.717	2.347	2.591	2.500	2.467
68.240	R1	2.485	2.776	2.604	2.485	2.354	2.611	2.503	2.484
68.280	R1	2.443	2.469	2.443	2.498	2.342	2.599	2.505	2.487
68.320	R1	2.465	2.629	2.547	2.465	2.340	2.621	2.505	2.483
68.360	R1	2.331	2.895	2.525	2.331	2.357	2.655	2.505	2.490
68.400	R1	2.056	2.056	2.518	2.443	2.375	2.678	2.503	2.476
68.440	R1	2.412	2.639	2.611	2.488	2.374	2.671	2.503	2.481
68.480	R1	2.434	2.789	2.490	2.434	2.376	2.677	2.511	2.481
68.520	R1	2.331	2.878	2.468	2.331	2.375	2.692	2.506	2.482
68.560	R1	2.390	2.549	2.560	2.390	2.383	2.690	2.519	2.492
68.600	R1	2.462	2.728	2.462	2.663	2.382	2.666	2.511	2.501
68.640	R1	2.144	2.144	2.534	2.673	2.384	2.653	2.514	2.497
68.680	R1	2.347	2.822	2.424	2.434	2.385	2.644	2.508	2.503
68.720	R1	2.316	2.676	2.478	2.647	2.357	2.615	2.506	2.512
68.760	R1	2.369	2.458	2.563	2.369	2.351	2.614	2.496	2.507
68.800	R1	2.416	2.416	2.515	2.532	2.356	2.603	2.492	2.521
68.840	R1	2.423	2.798	2.567	2.423	2.376	2.632	2.488	2.525
68.880	R1	2.424	2.961	2.424	2.461	2.369	2.664	2.479	2.532
68.920	R1	2.549	2.959	2.656	2.617	2.365	2.650	2.473	2.537
68.960	R1	2.412	2.661	2.412	2.624	2.375	2.655	2.481	2.552
69.000	R1	2.469	2.751	2.469	2.631	2.377	2.660	2.475	2.564
69.040	R1	2.497	2.597	2.497	2.599	2.374	2.671	2.472	2.555
69.080	R1	1.898	1.898	2.403	2.676	2.368	2.666	2.470	2.555
69.120	R1	2.339	2.603	2.339	2.372	2.371	2.657	2.472	2.553
69.160	R1	2.438	2.679	2.438	2.607	2.382	2.651	2.480	2.551
69.200	R1	2.454	2.642	2.454	2.529	2.382	2.646	2.481	2.565
69.240	R1	2.267	3.261	2.434	2.629	2.364	2.628	2.488	2.569
69.280	R1	2.351	2.518	2.361	2.533	2.367	2.616	2.484	2.577
69.320	R1	2.535	2.973	2.639	2.621	2.371	2.609	2.487	2.580
69.360	R1	2.422	2.660	2.422	2.642	2.360	2.594	2.472	2.584
69.400	R1	2.412	2.949	2.412	2.480	2.364	2.594	2.475	2.593
69.440	R1	2.029	2.029	2.484	2.667	2.359	2.601	2.471	2.580
69.480	R1	2.400	2.661	2.482	2.401	2.359	2.606	2.481	2.574
69.520	R1	2.545	2.545	2.621	2.606	2.378	2.625	2.485	2.574
69.560	R1	2.365	2.365	2.596	2.643	2.381	2.626	2.489	2.590
69.600	R1	2.045	2.045	2.642	2.627	2.377	2.626	2.485	2.585
69.640	R1	2.497	2.563	2.497	2.581	2.373	2.625	2.487	2.588
69.680	R1	2.487	2.816	2.487	2.515	2.379	2.590	2.490	2.585
69.720	R1	2.343	2.655	2.343	2.707	2.381	2.594	2.497	2.588
69.760	R1	2.485	2.680	2.485	2.789	2.371	2.570	2.488	2.586
69.800	R1	2.380	2.881	2.388	2.380	2.368	2.564	2.493	2.583
69.840	R1	2.483	2.698	2.694	2.483	2.365	2.537	2.499	2.590
69.880	R1	2.287	2.287	2.490	2.672	2.390	2.576	2.500	2.584
69.920	R1	2.393	2.607	2.405	2.680	2.390	2.569	2.501	2.599
69.960	R1	2.365	2.684	2.365	2.509	2.376	2.571	2.490	2.599
