Tiempo	Replica	Distancia_Global	CYS1	TRP4	TRP5	Distancia_Global_Smooth	CYS1_Smooth	TRP4_Smooth	TRP5_Smooth
0.000	R2	12.125	19.920	19.886	21.881	16.424	19.851	20.516	20.894
0.040	R2	14.499	18.821	22.063	25.122	16.169	19.406	20.057	20.672
0.080	R2	16.145	21.470	23.090	23.940	15.870	19.052	19.590	20.501
0.120	R2	18.476	22.322	23.912	23.081	15.469	18.548	18.903	20.335
0.160	R2	18.404	21.591	22.840	21.413	15.163	18.155	18.436	20.345
0.200	R2	19.127	22.473	19.637	19.127	15.016	17.968	18.070	20.402
0.240	R2	17.416	20.155	17.416	18.433	14.848	17.825	17.712	20.317
0.280	R2	17.208	17.543	24.150	18.730	14.539	17.583	17.305	20.022
0.320	R2	15.027	16.218	16.352	18.987	14.260	17.371	16.942	19.642
0.360	R2	15.814	17.998	15.814	18.222	13.963	17.153	16.809	19.476
0.400	R2	13.615	14.952	15.463	18.457	13.565	16.753	16.574	19.271
0.440	R2	12.577	15.156	14.464	18.615	13.344	16.339	16.218	19.077
0.480	R2	10.656	12.499	10.656	18.352	13.037	15.958	15.744	18.737
0.520	R2	11.186	13.048	12.356	20.469	12.696	15.470	15.130	18.439
0.560	R2	12.956	15.360	12.956	21.205	12.317	15.097	14.516	18.213
0.600	R2	12.338	15.667	12.338	19.043	11.703	14.658	13.886	17.947
0.640	R2	9.601	13.723	10.788	15.305	11.181	14.392	13.444	17.803
0.680	R2	9.518	13.772	10.782	13.172	10.748	14.149	13.124	17.591
0.720	R2	8.602	13.227	14.415	16.482	10.300	14.075	12.330	17.357
0.760	R2	6.012	9.151	12.100	15.375	9.964	13.952	11.927	17.039
0.800	R2	7.697	11.644	12.768	18.013	9.532	13.925	11.495	16.768
0.840	R2	8.363	11.199	12.578	18.310	9.241	13.978	11.111	16.545
0.880	R2	9.325	11.709	10.823	17.996	9.003	13.917	10.779	16.416
0.920	R2	10.900	14.859	11.614	18.550	8.910	13.927	10.765	16.363
0.960	R2	6.113	12.802	10.248	16.101	8.793	13.881	10.711	16.291
1.000	R2	8.694	17.151	10.806	16.237	8.485	13.550	10.447	15.981
1.040	R2	8.749	15.311	11.005	14.203	8.161	13.451	10.360	15.703
1.080	R2	8.267	16.053	8.267	14.039	8.040	13.388	10.413	15.787
1.120	R2	8.304	13.768	8.304	12.631	8.178	13.657	10.539	16.133
1.160	R2	7.165	17.442	7.165	12.809	8.296	13.780	10.367	16.296
1.200	R2	7.792	16.020	7.792	13.998	8.587	14.143	10.475	16.630
1.240	R2	7.824	13.937	7.824	16.022	8.719	14.153	10.420	16.742
1.280	R2	8.806	12.692	10.370	17.307	8.839	14.144	10.426	16.844
1.320	R2	8.829	12.138	11.282	19.018	8.614	14.189	10.319	16.680
1.360	R2	6.799	8.738	7.662	15.011	8.339	14.021	10.147	16.537
1.400	R2	5.858	13.691	10.611	13.479	8.292	14.016	9.893	16.414
1.440	R2	7.195	12.450	11.852	16.988	8.137	13.841	9.657	16.135
1.480	R2	12.266	19.149	13.296	20.087	7.943	13.629	9.351	16.000
1.520	R2	10.971	15.698	10.971	19.752	7.792	13.353	9.200	15.758
1.560	R2	11.820	16.400	14.255	22.050	7.630	13.299	9.048	15.487
1.600	R2	10.344	11.850	11.671	20.242	7.515	13.062	8.933	15.278
1.640	R2	10.762	11.022	12.703	20.360	7.359	12.937	8.822	15.028
1.680	R2	4.827	12.605	8.676	14.709	7.225	12.855	8.699	14.647
1.720	R2	5.400	11.496	8.183	15.701	7.041	12.872	8.447	14.217
1.760	R2	5.170	12.718	5.170	13.637	6.839	12.940	8.122	13.751
1.800	R2	5.593	13.649	6.086	10.652	6.788	13.145	8.038	13.420
1.840	R2	4.881	11.065	4.881	11.509	6.740	13.043	7.786	13.197
1.880	R2	5.241	10.540	5.241	9.199	6.673	12.928	7.629	12.834
1.920	R2	5.057	12.670	5.268	7.208	6.291	12.536	7.371	12.274
1.960	R2	4.862	12.704	4.862	8.632	5.983	12.398	7.162	11.786
2.000	R2	4.675	13.525	5.568	8.995	5.656	12.279	6.713	11.136
2.040	R2	5.149	12.294	5.368	8.403	5.394	12.378	6.385	10.605
2.080	R2	5.130	13.044	5.325	8.711	5.125	12.492	6.026	10.051
2.120	R2	4.792	13.497	4.792	9.700	5.148	12.502	5.864	9.759
2.160	R2	5.771	12.827	5.987	8.382	5.118	12.545	5.695	9.407
2.200	R2	4.893	11.654	5.573	9.029	5.132	12.568	5.708	9.244
2.240	R2	5.849	10.161	8.698	9.717	5.123	12.443	5.686	9.094
2.280	R2	4.639	11.302	8.148	8.886	5.130	12.471	5.703	8.891
2.320	R2	4.815	12.947	6.791	9.991	5.091	12.614	5.664	8.839
2.360	R2	5.264	14.007	5.264	9.065	5.092	12.588	5.654	8.868
2.400	R2	5.115	13.829	5.115	9.621	5.123	12.519	5.686	8.898
2.440	R2	5.382	13.303	5.516	9.279	5.140	12.433	5.658	8.832
2.480	R2	5.293	12.808	5.450	8.852	5.141	12.354	5.665	8.782
2.520	R2	4.798	12.352	4.798	8.679	5.145	12.165	5.672	8.663
2.560	R2	5.436	13.177	5.436	10.378	5.151	12.032	5.686	8.585
2.600	R2	5.425	11.148	5.646	7.647	5.085	11.915	5.608	8.509
2.640	R2	5.011	11.626	5.214	7.437	5.083	12.026	5.573	8.522
2.680	R2	4.454	13.415	4.454	8.165	5.006	12.008	5.416	8.408
2.720	R2	5.077	12.146	5.077	7.798	5.035	12.003	5.269	8.280
2.760	R2	5.495	11.319	5.495	9.219	5.051	11.977	5.186	8.110
2.800	R2	5.004	11.796	5.007	7.687	5.036	11.898	5.172	7.916
2.840	R2	5.180	10.718	5.525	7.397	5.009	11.779	5.175	7.696
2.880	R2	5.200	9.274	5.451	6.321	4.934	11.628	5.144	7.427
2.920	R2	4.919	10.839	5.068	8.157	4.919	11.506	5.120	7.256
2.960	R2	4.447	10.484	4.447	6.862	4.910	11.460	5.111	7.091
3.000	R2	4.853	13.869	4.857	9.275	4.895	11.188	5.160	6.830
3.040	R2	4.317	9.796	5.557	7.432	4.828	10.897	5.169	6.652
3.080	R2	5.207	11.204	5.207	6.328	4.786	10.533	5.230	6.488
3.120	R2	5.143	12.432	5.143	6.604	4.783	10.097	5.370	6.300
3.160	R2	4.972	12.430	4.972	5.178	4.749	9.738	5.403	6.129
3.200	R2	4.564	11.448	5.191	5.220	4.674	9.384	5.425	5.868
3.240	R2	3.895	10.275	4.879	3.895	4.629	9.000	5.501	5.691
3.280	R2	4.982	10.363	4.982	5.441	4.579	8.672	5.582	5.553
3.320	R2	4.610	11.441	4.610	5.378	4.541	8.431	5.672	5.474
3.360	R2	5.152	7.732	6.424	5.152	4.454	8.048	5.717	5.259
3.400	R2	4.084	5.326	5.822	4.084	4.353	7.645	5.861	5.127
3.440	R2	4.157	4.364	6.426	4.157	4.258	7.099	6.013	4.896
3.480	R2	4.406	4.685	7.258	4.406	4.178	6.745	6.052	4.724
3.520	R2	4.386	4.958	5.750	4.386	4.088	6.355	6.148	4.623
3.560	R2	3.996	4.241	5.932	3.996	4.057	5.960	6.284	4.525
3.600	R2	4.115	4.115	6.519	4.148	4.034	5.605	6.364	4.491
3.640	R2	4.171	4.171	7.143	4.630	4.022	5.335	6.381	4.446
3.680	R2	4.445	4.445	7.261	4.743	3.991	5.082	6.439	4.416
3.720	R2	3.185	3.185	5.950	3.854	3.929	4.836	6.468	4.330
3.760	R2	2.427	2.427	7.339	4.226	3.856	4.554	6.522	4.219
3.800	R2	2.950	2.950	7.885	4.657	3.743	4.588	6.502	4.106
3.840	R2	2.718	2.718	6.344	3.996	3.715	4.745	6.491	4.078
3.880	R2	3.395	3.395	7.135	4.310	3.665	5.050	6.416	4.028
3.920	R2	4.528	4.528	7.853	4.633	3.643	5.415	6.410	4.007
3.960	R2	4.514	5.337	6.583	4.514	3.667	5.722	6.365	4.036
4.000	R2	4.320	6.039	5.524	4.320	3.652	6.117	6.339	4.022
4.040	R2	3.286	5.223	6.045	3.286	3.648	6.417	6.255	4.016
4.080	R2	3.730	5.443	5.552	3.730	3.622	6.724	6.169	3.967
4.120	R2	3.155	5.804	5.704	3.155	3.647	6.809	6.251	3.977
4.160	R2	2.887	8.411	6.009	2.887	3.734	6.961	6.403	4.031
4.200	R2	3.531	8.461	5.604	3.531	3.835	7.492	6.503	4.042
4.240	R2	3.158	10.466	4.926	3.158	3.930	7.931	6.543	4.052
4.280	R2	3.973	11.977	7.151	3.973	4.030	8.536	6.733	4.087
4.320	R2	4.849	11.103	4.849	4.982	4.107	9.096	6.912	4.119
4.360	R2	3.713	12.145	5.409	3.713	4.128	9.587	6.918	4.134
4.400	R2	4.019	10.106	4.828	4.019	4.143	10.010	7.006	4.149
4.440	R2	3.653	10.322	5.428	3.653	4.150	10.448	7.143	4.157
4.480	R2	4.949	6.132	8.910	4.949	4.233	10.918	7.213	4.239
4.520	R2	4.929	6.226	8.988	4.929	4.282	11.413	7.171	4.293
4.560	R2	4.451	13.046	9.324	4.451	4.359	11.875	7.130	4.370
4.600	R2	4.846	11.729	8.689	4.846	4.443	12.175	7.095	4.453
4.640	R2	4.710	14.834	10.148	4.710	4.513	12.423	7.061	4.532
4.680	R2	4.949	14.595	10.713	4.949	4.609	12.617	7.079	4.628
4.720	R2	4.931	14.348	7.973	4.931	4.635	12.709	6.946	4.674
4.760	R2	4.817	13.788	8.343	4.817	4.627	12.875	6.938	4.675
4.800	R2	4.462	14.807	8.255	4.462	4.666	12.619	6.960	4.713
4.840	R2	4.944	14.625	7.455	4.944	4.691	12.536	6.945	4.740
4.880	R2	4.719	15.328	4.719	4.797	4.727	12.477	6.892	4.802
4.920	R2	4.688	15.058	4.871	4.688	4.729	12.600	6.710	4.804
4.960	R2	4.566	14.403	5.308	4.566	4.711	12.843	6.489	4.813
5.000	R2	4.928	13.416	4.928	5.094	4.723	12.642	6.263	4.825
5.040	R2	5.085	14.358	5.289	5.085	4.721	12.648	6.095	4.823
5.080	R2	4.497	13.821	4.497	4.886	4.734	12.611	5.837	4.881
5.120	R2	4.686	14.422	4.686	5.004	4.722	12.647	5.547	4.869
5.160	R2	4.485	7.012	5.853	4.485	4.688	12.650	5.360	4.844
5.200	R2	4.531	8.461	4.531	4.553	4.566	12.565	5.062	4.770
5.240	R2	4.363	9.137	4.363	4.888	4.486	12.389	4.793	4.778
5.280	R2	4.999	8.592	5.263	4.999	4.372	12.219	4.552	4.795
5.320	R2	4.561	11.092	4.561	5.115	4.255	12.023	4.436	4.796
5.360	R2	4.692	9.014	4.812	4.692	4.144	11.892	4.315	4.815
5.400	R2	4.804	11.860	5.336	4.804	4.049	11.747	4.183	4.832
5.440	R2	4.976	14.092	4.976	5.858	3.930	11.554	4.064	4.776
5.480	R2	4.713	15.312	4.917	4.713	3.823	11.270	3.948	4.753
5.520	R2	4.244	14.398	4.244	4.424	3.731	10.982	3.855	4.772
5.560	R2	2.378	12.090	2.378	3.352	3.639	10.702	3.763	4.787
5.600	R2	2.868	11.296	2.868	4.612	3.526	10.691	3.595	4.831
5.640	R2	2.649	11.222	2.649	5.281	3.423	10.721	3.495	4.853
5.680	R2	2.386	11.403	2.386	4.833	3.322	10.721	3.409	4.897
5.720	R2	2.458	12.447	2.458	5.054	3.194	10.807	3.268	4.906
5.760	R2	2.666	11.499	2.666	4.913	3.091	10.781	3.165	4.938
5.800	R2	2.551	9.552	2.551	3.967	2.978	10.832	3.075	4.971
5.840	R2	2.956	8.681	2.956	4.625	2.863	10.729	2.935	5.043
5.880	R2	2.656	8.053	2.656	5.265	2.736	10.382	2.808	5.039
5.920	R2	2.834	8.830	2.834	5.311	2.616	10.140	2.695	5.070
5.960	R2	2.239	6.794	2.489	5.356	2.525	9.770	2.604	5.132
6.000	R2	2.460	9.053	2.537	5.003	2.530	9.458	2.618	5.249
6.040	R2	2.345	9.136	2.636	5.764	2.508	9.340	2.604	5.286
6.080	R2	2.442	10.310	2.442	5.180	2.493	9.235	2.594	5.290
6.120	R2	2.501	10.574	2.501	5.753	2.500	9.098	2.601	5.318
6.160	R2	2.427	10.036	3.012	5.353	2.503	8.986	2.610	5.303
6.200	R2	2.506	9.793	2.544	6.250	2.488	8.890	2.608	5.329
6.240	R2	2.431	7.169	2.431	5.769	2.481	8.895	2.601	5.357
6.280	R2	2.323	10.457	2.658	5.333	2.457	8.894	2.578	5.393
6.320	R2	2.421	7.010	2.421	5.660	2.449	8.935	2.572	5.378
6.360	R2	2.477	5.845	2.663	5.703	2.427	8.964	2.554	5.341
6.400	R2	2.425	8.936	2.599	5.355	2.445	9.124	2.560	5.312
6.440	R2	2.353	9.130	2.438	5.364	2.446	9.149	2.557	5.306
6.480	R2	2.520	8.663	2.520	5.380	2.454	9.153	2.552	5.249
6.520	R2	2.522	10.201	2.650	4.747	2.455	8.994	2.558	5.213
6.560	R2	2.363	9.571	2.624	5.443	2.461	8.688	2.564	5.173
6.600	R2	2.416	9.650	2.416	4.536	2.463	8.411	2.538	5.153
6.640	R2	2.483	8.661	2.483	5.333	2.461	8.146	2.537	5.072
6.680	R2	2.489	8.873	2.541	4.958	2.464	8.043	2.540	5.010
6.720	R2	2.387	9.416	2.471	4.583	2.470	7.812	2.529	4.980
6.760	R2	2.605	9.992	2.605	4.781	2.472	7.799	2.537	4.933
6.800	R2	2.478	9.566	2.478	4.877	2.477	7.849	2.534	4.888
6.840	R2	2.517	9.201	2.546	4.627	2.480	7.698	2.528	4.870
6.880	R2	2.450	7.138	2.566	4.455	2.490	7.584	2.534	4.854
6.920	R2	2.622	4.456	2.622	4.962	2.481	7.560	2.536	4.824
6.960	R2	2.478	4.499	2.478	4.944	2.482	7.485	2.530	4.831
7.000	R2	2.463	4.493	2.531	4.625	2.486	7.518	2.521	4.795
7.040	R2	2.496	5.104	2.496	4.531	2.489	7.505	2.533	4.801
7.080	R2	2.439	5.847	2.439	4.744	2.491	7.518	2.535	4.774
7.120	R2	2.448	6.743	2.577	4.714	2.491	7.548	2.541	4.803
7.160	R2	2.586	6.850	2.600	4.797	2.494	7.494	2.545	4.828
7.200	R2	2.487	5.899	2.487	5.002	2.484	7.386	2.538	4.833
7.240	R2	2.543	6.859	2.553	5.033	2.478	7.195	2.532	4.836
7.280	R2	2.350	8.187	2.559	4.796	2.477	6.997	2.533	4.860
7.320	R2	2.532	8.693	2.532	4.890	2.474	7.060	2.535	4.900
7.360	R2	2.447	10.239	2.447	4.710	2.467	7.286	2.528	4.879
7.400	R2	2.486	9.394	2.652	4.656	2.470	7.472	2.531	4.865
7.440	R2	2.518	8.919	2.518	4.799	2.475	7.718	2.535	4.925
7.480	R2	2.486	9.458	2.658	5.533	2.478	7.801	2.542	4.974
7.520	R2	2.451	8.335	2.558	5.084	2.486	7.830	2.551	4.997
7.560	R2	2.404	7.848	2.465	4.876	2.488	7.965	2.546	5.035
7.600	R2	2.350	5.747	2.350	4.939	2.483	8.086	2.546	5.043
7.640	R2	2.503	5.226	2.572	5.114	2.482	8.214	2.547	5.033
7.680	R2	2.384	8.395	2.602	5.256	2.476	8.344	2.541	5.012
7.720	R2	2.483	8.979	2.483	4.540	2.477	8.357	2.537	5.016
7.760	R2	2.541	8.228	2.541	4.668	2.478	8.417	2.545	5.027
7.800	R2	2.571	9.415	2.618	5.830	2.480	8.315	2.550	5.035
7.840	R2	2.553	6.755	2.622	5.496	2.477	8.306	2.538	5.033
7.880	R2	2.606	6.430	2.629	5.207	2.466	8.389	2.528	5.038
7.920	R2	2.475	9.434	2.475	5.469	2.463	8.266	2.528	5.017
7.960	R2	2.486	9.284	2.609	4.957	2.465	8.185	2.529	5.012
8.000	R2	2.464	8.453	2.490	4.805	2.463	8.102	2.524	5.011
8.040	R2	2.433	9.462	2.441	4.609	2.472	8.259	2.533	5.025
8.080	R2	2.369	8.454	2.478	4.878	2.471	8.377	2.529	5.014
8.120	R2	2.555	9.894	2.698	5.120	2.468	8.312	2.521	4.999
8.160	R2	2.492	8.194	2.547	4.864	2.462	8.325	2.514	5.026
8.200	R2	2.408	9.205	2.408	4.609	2.463	8.365	2.515	5.043
8.240	R2	2.310	10.577	2.310	4.912	2.456	8.384	2.506	4.984
8.280	R2	2.421	7.001	2.662	5.112	2.454	8.583	2.501	4.935
8.320	R2	2.485	6.728	2.577	4.987	2.443	8.778	2.488	4.936
8.360	R2	2.376	6.175	2.376	4.851	2.442	8.798	2.494	4.909
8.400	R2	2.529	8.897	2.529	5.216	2.439	8.830	2.485	4.899
8.440	R2	2.472	7.573	2.487	4.887	2.431	8.885	2.483	4.917
8.480	R2	2.337	7.098	2.430	4.971	2.436	8.906	2.494	4.952
8.520	R2	2.354	9.234	2.354	5.068	2.435	8.899	2.489	4.937
8.560	R2	2.559	9.036	2.567	5.015	2.433	8.765	2.480	4.920
8.600	R2	2.428	9.804	2.428	4.645	2.427	8.795	2.471	4.913
8.640	R2	2.520	10.724	2.520	4.513	2.430	8.827	2.476	4.952
8.680	R2	2.378	10.331	2.378	5.226	2.434	8.797	2.480	4.952
8.720	R2	2.461	9.845	2.598	4.928	2.436	8.847	2.476	4.970
8.760	R2	2.424	9.909	2.424	4.758	2.424	8.950	2.459	5.030
8.800	R2	2.307	9.561	2.438	5.163	2.424	9.101	2.463	5.038
8.840	R2	2.531	9.873	2.664	5.313	2.423	9.107	2.465	5.027
8.880	R2	2.350	8.328	2.385	4.583	2.430	9.199	2.473	5.018
8.920	R2	2.516	7.209	2.516	4.788	2.435	9.312	2.473	5.017
8.960	R2	2.373	8.801	2.373	4.710	2.441	9.297	2.481	5.034
9.000	R2	2.459	9.829	2.495	5.386	2.435	9.357	2.479	5.025
9.040	R2	2.400	9.980	2.400	4.927	2.433	9.181	2.477	5.021
9.080	R2	2.462	8.001	2.571	5.471	2.433	8.980	2.477	5.027
9.120	R2	2.239	8.790	2.239	6.173	2.439	8.876	2.484	5.000
9.160	R2	2.370	9.192	2.460	5.016	2.440	8.732	2.484	5.021
9.200	R2	2.520	9.025	2.571	4.999	2.445	8.773	2.490	5.017
9.240	R2	2.607	9.400	2.637	4.717	2.456	8.789	2.494	5.011
9.280	R2	2.433	9.375	2.433	4.934	2.457	8.818	2.488	4.987
9.320	R2	2.486	8.927	2.525	5.407	2.457	8.874	2.494	5.034
9.360	R2	2.437	10.239	2.525	4.853	2.453	9.022	2.489	5.002
9.400	R2	2.387	6.274	2.387	4.548	2.463	9.115	2.506	5.066
9.440	R2	2.520	6.708	2.520	4.638	2.460	9.041	2.518	5.080
9.480	R2	2.505	8.250	2.526	4.698	2.454	8.992	2.514	5.087
9.520	R2	2.470	6.976	2.598	5.349	2.453	9.010	2.518	5.080
9.560	R2	2.533	10.727	2.533	4.662	2.472	9.035	2.537	5.037
9.600	R2	2.529	9.874	2.529	5.050	2.472	8.990	2.535	5.036
9.640	R2	2.535	10.445	2.535	4.825	2.470	9.003	2.530	5.031
9.680	R2	2.366	9.463	2.506	5.521	2.461	9.018	2.520	5.042
9.720	R2	2.421	10.168	2.421	4.150	2.473	9.000	2.533	5.074
9.760	R2	2.583	10.654	2.701	5.992	2.482	9.052	2.540	5.041
9.800	R2	2.399	8.356	2.733	5.667	2.490	9.070	2.545	5.029
9.840	R2	2.284	8.993	2.333	5.064	2.486	9.200	2.561	5.096
9.880	R2	2.444	8.365	2.654	5.329	2.489	9.217	2.566	5.165
9.920	R2	2.619	9.292	2.619	5.320	2.491	9.343	2.568	5.186
9.960	R2	2.365	8.293	2.412	5.001	2.486	9.468	2.570	5.198
10.000	R2	2.471	9.282	2.471	4.894	2.486	9.394	2.573	5.250
10.040	R2	2.440	9.688	2.440	4.928	2.484	9.312	2.577	5.262
10.080	R2	2.674	9.035	2.702	5.585	2.479	9.190	2.597	5.309
10.120	R2	2.659	9.950	2.659	4.747	2.483	9.135	2.614	5.330
10.160	R2	2.590	10.614	2.616	4.605	2.479	8.990	2.636	5.382
10.200	R2	2.324	8.863	2.710	5.900	2.472	8.818	2.623	5.348
10.240	R2	2.566	7.059	2.628	6.002	2.472	8.743	2.613	5.349
10.280	R2	2.551	10.772	2.551	5.121	2.475	8.640	2.630	5.357
10.320	R2	2.377	9.472	2.641	5.591	2.480	8.684	2.625	5.374
10.360	R2	2.515	9.249	2.595	5.715	2.473	8.671	2.622	5.398
10.400	R2	2.508	8.225	2.617	5.283	2.481	8.588	2.630	5.429
10.440	R2	2.425	7.999	2.939	5.756	2.482	8.482	2.643	5.451
10.480	R2	2.437	8.366	2.834	5.952	2.487	8.333	2.659	5.504
10.520	R2	2.349	7.273	2.868	5.179	2.476	8.217	2.648	5.514
10.560	R2	2.438	7.206	2.438	5.325	2.466	8.127	2.639	5.552
10.600	R2	2.404	6.871	2.527	5.679	2.465	8.083	2.636	5.584
10.640	R2	2.353	6.919	2.682	5.237	2.469	8.171	2.630	5.548
10.680	R2	2.542	9.260	2.547	5.656	2.464	8.312	2.643	5.522
10.720	R2	2.476	9.019	2.557	5.808	2.458	8.299	2.637	5.548
10.760	R2	2.531	6.634	2.574	5.624	2.462	8.284	2.633	5.555
10.800	R2	2.486	7.162	2.729	5.329	2.463	8.147	2.630	5.523
10.840	R2	2.538	6.719	2.767	5.989	2.464	8.098	2.626	5.498
10.880	R2	2.442	6.714	2.483	5.784	2.466	8.039	2.603	5.481
10.920	R2	2.476	8.137	2.476	5.506	2.473	7.954	2.589	5.434
10.960	R2	2.566	9.733	2.566	5.234	2.486	7.904	2.583	5.449
11.000	R2	2.405	10.624	2.590	5.184	2.488	7.897	2.585	5.418
11.040	R2	2.458	9.884	2.875	5.493	2.494	7.873	2.585	5.370
11.080	R2	2.427	10.519	2.427	5.638	2.500	7.923	2.574	5.341
11.120	R2	2.469	9.171	2.579	5.723	2.498	7.858	2.571	5.333
11.160	R2	2.522	6.508	2.524	5.086	2.498	7.840	2.568	5.279
11.200	R2	2.544	7.242	2.544	4.784	2.492	7.976	2.559	5.300
11.240	R2	2.465	6.810	2.465	5.411	2.493	8.005	2.548	5.279
11.280	R2	2.572	6.673	2.572	5.000	2.489	8.161	2.533	5.233
11.320	R2	2.615	6.268	2.740	5.494	2.488	8.216	2.529	5.199
11.360	R2	2.468	7.075	2.468	4.697	2.497	8.208	2.545	5.203
11.400	R2	2.531	6.381	2.531	4.728	2.501	8.116	2.552	5.263
11.440	R2	2.465	7.919	2.465	4.658	2.503	8.143	2.551	5.224
11.480	R2	2.498	7.963	2.498	5.488	2.496	8.105	2.534	5.298
11.520	R2	2.489	8.671	2.489	4.738	2.496	8.073	2.548	5.360
11.560	R2	2.396	9.346	2.396	6.032	2.499	8.146	2.560	5.435
11.600	R2	2.510	7.732	2.510	4.921	2.495	8.296	2.567	5.516
11.640	R2	2.470	9.857	2.470	5.069	2.492	8.419	2.563	5.524
11.680	R2	2.406	7.796	2.406	5.093	2.495	8.564	2.569	5.596
11.720	R2	2.660	7.990	2.793	5.583	2.494	8.702	2.580	5.685
11.760	R2	2.649	7.886	2.700	6.442	2.479	8.887	2.559	5.697
11.800	R2	2.453	11.176	2.562	4.393	2.483	9.084	2.563	5.785
11.840	R2	2.303	9.117	2.541	6.984	2.469	9.245	2.569	5.860
11.880	R2	2.436	9.880	2.707	6.881	2.467	9.323	2.567	5.852
11.920	R2	2.531	10.620	2.826	7.212	2.466	9.407	2.566	5.811
11.960	R2	2.444	9.513	2.657	6.713	2.465	9.449	2.565	5.875
12.000	R2	2.471	9.708	2.471	4.940	2.459	9.399	2.559	5.824
12.040	R2	2.537	9.711	2.577	6.849	2.455	9.477	2.563	5.815
12.080	R2	2.541	9.437	2.795	6.790	2.458	9.427	2.566	5.798
12.120	R2	2.314	9.964	2.314	5.727	2.462	9.393	2.579	5.816
12.160	R2	2.560	11.008	2.560	6.460	2.452	9.461	2.562	5.782
12.200	R2	2.239	9.606	2.649	6.236	2.441	9.540	2.548	5.708
12.240	R2	2.427	9.483	2.427	4.491	2.439	9.489	2.541	5.719
12.280	R2	2.478	9.629	2.478	4.661	2.446	9.508	2.548	5.611
12.320	R2	2.468	9.517	2.468	6.025	2.450	9.531	2.538	5.577
12.360	R2	2.276	8.347	2.276	5.020	2.452	9.487	2.531	5.525
12.400	R2	2.432	9.288	2.576	4.732	2.450	9.393	2.519	5.494
12.440	R2	2.545	8.865	2.545	4.728	2.458	9.256	2.529	5.545
12.480	R2	2.484	7.117	2.655	5.448	2.455	9.144	2.524	5.498
12.520	R2	2.451	9.349	2.451	4.908	2.450	9.056	2.506	5.371
12.560	R2	2.425	9.472	2.435	4.961	2.462	8.933	2.519	5.373
12.600	R2	2.411	10.151	2.411	4.606	2.461	8.702	2.522	5.348
12.640	R2	2.455	9.495	2.675	4.842	2.473	8.479	2.524	5.267
12.680	R2	2.507	10.331	2.507	6.189	2.472	8.253	2.526	5.365
12.720	R2	2.579	9.756	2.696	6.171	2.477	8.014	2.531	5.374
12.760	R2	2.409	7.628	2.409	6.095	2.476	7.869	2.546	5.340
12.800	R2	2.623	6.963	2.671	5.953	2.487	7.778	2.557	5.407
12.840	R2	2.486	7.483	2.486	5.921	2.481	7.698	2.550	5.492
12.880	R2	2.426	7.667	2.426	4.242	2.481	7.606	2.549	5.565
12.920	R2	2.557	7.512	2.582	5.771	2.478	7.557	2.547	5.627
12.960	R2	2.537	6.371	2.610	5.968	2.479	7.441	2.548	5.695
13.000	R2	2.483	5.147	2.707	4.604	2.482	7.486	2.553	5.773
13.040	R2	2.404	4.975	2.467	6.454	2.481	7.333	2.553	5.808
13.080	R2	2.573	4.844	2.573	4.840	2.478	7.274	2.548	5.867
13.120	R2	2.455	6.622	2.757	5.340	2.474	7.240	2.544	5.878
13.160	R2	2.492	6.526	2.498	6.358	2.470	7.260	2.539	5.903
13.200	R2	2.326	7.679	2.434	6.444	2.478	7.348	2.551	5.922
13.240	R2	2.533	7.036	2.533	6.185	2.472	7.505	2.542	5.922
13.280	R2	2.420	6.130	2.610	6.684	2.466	7.616	2.536	5.955
13.320	R2	2.475	7.036	2.475	6.275	2.470	7.586	2.540	6.038
13.360	R2	2.490	10.365	2.542	6.512	2.469	7.512	2.537	6.050
13.400	R2	2.396	7.099	2.396	5.322	2.464	7.411	2.532	6.042
13.440	R2	2.390	8.310	2.583	6.007	2.460	7.381	2.522	6.139
13.480	R2	2.427	9.655	2.427	6.414	2.473	7.404	2.534	6.132
13.520	R2	2.489	10.148	2.596	6.671	2.467	7.588	2.528	6.199
13.560	R2	2.585	9.392	2.641	6.477	2.468	7.583	2.514	6.232
13.600	R2	2.501	10.111	2.501	5.949	2.461	7.594	2.507	6.235
13.640	R2	2.363	9.695	2.363	6.590	2.462	7.640	2.523	6.181
13.680	R2	2.507	7.069	2.507	5.886	2.454	7.791	2.516	6.144
13.720	R2	2.524	6.020	2.524	6.013	2.461	8.010	2.517	6.055
13.760	R2	2.438	4.356	2.500	5.824	2.460	8.138	2.516	5.983
13.800	R2	2.408	4.542	2.519	6.532	2.459	8.135	2.512	5.909
13.840	R2	2.668	5.445	2.694	6.321	2.460	8.222	2.514	5.878
13.880	R2	2.459	8.520	2.459	6.175	2.469	8.246	2.513	5.829
13.920	R2	2.473	6.520	2.482	6.012	2.477	8.236	2.532	5.784
13.960	R2	2.357	6.760	2.357	6.415	2.473	8.029	2.528	5.698
14.000	R2	2.337	8.583	2.745	5.361	2.459	8.059	2.519	5.631
14.040	R2	2.376	10.062	2.400	5.443	2.458	8.079	2.517	5.578
14.080	R2	2.561	10.511	2.631	4.908	2.459	7.949	2.519	5.519
14.120	R2	2.449	9.601	2.449	4.825	2.457	7.993	2.517	5.474
14.160	R2	2.463	10.295	2.470	5.029	2.454	8.109	2.513	5.441
14.200	R2	2.430	8.837	2.430	4.707	2.453	8.378	2.511	5.385
14.240	R2	2.569	8.803	2.569	5.025	2.453	8.526	2.505	5.288
14.280	R2	2.580	9.444	2.794	5.526	2.445	8.674	2.501	5.273
14.320	R2	2.401	6.014	2.526	4.937	2.449	8.657	2.505	5.259
14.360	R2	2.315	9.992	2.455	5.141	2.445	8.778	2.504	5.240
14.400	R2	2.471	10.505	2.471	4.881	2.446	8.860	2.510	5.210
14.440	R2	2.401	7.102	2.401	5.412	2.451	8.929	2.495	5.205
14.480	R2	2.462	7.954	2.462	4.990	2.456	8.898	2.525	5.277
14.520	R2	2.452	8.340	2.452	5.348	2.460	8.920	2.526	5.298
14.560	R2	2.427	9.728	2.450	4.715	2.464	8.841	2.557	5.419
14.600	R2	2.411	7.492	2.411	4.588	2.475	8.817	2.569	5.498
14.640	R2	2.498	8.411	2.603	6.028	2.479	8.923	2.573	5.502
14.680	R2	2.547	8.174	2.547	5.883	2.476	8.947	2.570	5.625
14.720	R2	2.397	8.941	2.456	5.643	2.475	8.905	2.571	5.711
14.760	R2	2.373	8.416	2.474	5.804	2.476	9.015	2.586	5.821
14.800	R2	2.446	9.960	2.446	5.268	2.488	8.855	2.619	5.952
14.840	R2	2.460	9.434	2.997	6.884	2.492	8.852	2.632	6.075
14.880	R2	2.654	10.949	2.654	5.320	2.490	9.033	2.630	6.067
14.920	R2	2.519	8.027	3.072	7.241	2.487	9.024	2.655	6.182
14.960	R2	2.681	9.809	2.711	6.614	2.493	9.124	2.679	6.301
15.000	R2	2.508	10.959	2.508	4.789	2.494	9.174	2.680	6.293
15.040	R2	2.518	9.291	2.518	7.481	2.496	9.303	2.681	6.293
15.080	R2	2.550	8.596	2.812	7.246	2.492	9.364	2.693	6.356
15.120	R2	2.423	8.220	2.823	7.143	2.486	9.563	2.687	6.297
15.160	R2	2.572	6.802	3.114	7.760	2.489	9.655	2.687	6.251
15.200	R2	2.541	10.437	2.733	7.348	2.500	9.789	2.693	6.218
15.240	R2	2.356	10.723	2.356	5.246	2.501	9.762	2.693	6.197
15.280	R2	2.402	7.777	2.964	7.285	2.500	9.773	2.666	6.089
15.320	R2	2.571	10.343	2.933	7.737	2.500	9.732	2.666	6.076
15.360	R2	2.461	10.712	2.461	4.547	2.501	9.846	2.639	5.939
15.400	R2	2.435	10.078	2.435	4.601	2.488	9.794	2.625	5.823
15.440	R2	2.423	9.635	2.838	7.271	2.485	9.642	2.628	5.810
15.480	R2	2.434	12.145	2.434	4.710	2.486	9.685	2.629	5.683
15.520	R2	2.448	10.790	2.448	4.727	2.481	9.748	2.611	5.553
15.560	R2	2.601	11.101	2.601	5.143	2.477	9.845	2.587	5.432
15.600	R2	2.454	9.410	2.454	4.854	2.486	9.968	2.570	5.291
15.640	R2	2.449	9.656	2.449	4.715	2.491	9.851	2.565	5.170
15.680	R2	2.649	10.131	2.649	5.068	2.502	9.837	2.577	5.168
15.720	R2	2.537	10.298	2.537	4.486	2.509	9.895	2.555	5.048
15.760	R2	2.425	8.774	2.425	4.299	2.510	9.797	2.538	4.913
15.800	R2	2.458	7.923	2.580	4.539	2.513	9.609	2.541	4.941
15.840	R2	2.540	10.149	2.540	4.930	2.514	9.582	2.542	4.978
15.880	R2	2.436	9.849	2.436	4.648	2.525	9.623	2.532	4.861
15.920	R2	2.349	10.163	2.349	4.724	2.544	9.513	2.551	4.904
15.960	R2	2.755	9.263	2.778	4.942	2.554	9.434	2.562	4.926
16.000	R2	2.636	8.108	2.636	4.929	2.550	9.398	2.557	4.959
16.040	R2	2.586	10.433	2.586	5.197	2.559	9.512	2.566	4.947
16.080	R2	2.525	8.931	2.525	4.887	2.566	9.585	2.573	5.030
16.120	R2	2.596	8.397	2.596	5.040	2.553	9.551	2.560	5.009
16.160	R2	2.532	6.939	2.532	5.101	2.551	9.518	2.558	5.044
16.200	R2	2.444	9.539	2.444	5.350	2.552	9.610	2.559	5.100
16.240	R2	2.645	10.462	2.645	4.935	2.547	9.724	2.548	5.106
16.280	R2	2.818	9.949	2.818	5.564	2.551	9.703	2.552	5.113
16.320	R2	2.652	9.206	2.652	5.174	2.560	9.697	2.566	5.117
16.360	R2	2.516	10.373	2.516	5.797	2.573	9.638	2.581	5.121
16.400	R2	2.626	11.689	2.626	4.609	2.558	9.630	2.564	5.095
16.440	R2	2.591	11.122	2.591	6.379	2.548	9.564	2.557	5.107
16.480	R2	2.384	9.451	2.384	4.650	2.545	9.548	2.554	5.091
16.520	R2	2.508	9.630	2.508	5.189	2.540	9.523	2.549	5.075
16.560	R2	2.447	10.620	2.447	5.421	2.537	9.535	2.546	5.071
16.600	R2	2.353	10.214	2.353	4.665	2.532	9.690	2.541	5.066
16.640	R2	2.628	9.713	2.628	5.067	2.531	9.738	2.540	5.057
16.680	R2	2.613	9.732	2.703	4.727	2.526	9.746	2.535	5.037
16.720	R2	2.608	8.997	2.657	4.805	2.509	9.780	2.518	5.004
16.760	R2	2.442	9.103	2.442	4.410	2.496	9.878	2.505	4.972
16.800	R2	2.453	6.775	2.494	5.170	2.492	9.858	2.501	4.908
16.840	R2	2.528	10.125	2.528	4.878	2.487	9.719	2.496	4.937
16.880	R2	2.408	8.414	2.408	4.575	2.490	9.609	2.499	4.889
16.920	R2	2.544	8.647	2.544	4.948	2.502	9.571	2.511	4.906
16.960	R2	2.436	10.035	2.436	5.008	2.503	9.531	2.512	4.892
17.000	R2	2.414	10.509	2.414	5.177	2.504	9.510	2.513	4.868
17.040	R2	2.545	10.610	2.545	4.526	2.516	9.560	2.525	4.896
17.080	R2	2.475	10.624	2.475	4.912	2.504	9.642	2.513	4.888
17.120	R2	2.400	11.170	2.400	4.534	2.501	9.729	2.506	4.910
17.160	R2	2.430	9.986	2.430	4.510	2.498	9.806	2.500	4.938
17.200	R2	2.531	8.903	2.531	5.185	2.502	9.919	2.504	4.965
17.240	R2	2.657	8.915	2.657	5.428	2.504	10.041	2.504	4.945
17.280	R2	2.625	8.696	2.625	4.984	2.512	10.067	2.512	4.921
17.320	R2	2.515	8.835	2.515	4.912	2.516	10.124	2.516	4.910
17.360	R2	2.484	10.190	2.484	4.942	2.508	10.229	2.508	4.886
17.400	R2	2.579	11.218	2.579	5.227	2.511	10.256	2.515	4.891
17.440	R2	2.390	11.361	2.390	4.900	2.515	10.215	2.518	4.866
17.480	R2	2.565	11.457	2.565	5.165	2.522	10.216	2.528	4.896
17.520	R2	2.543	10.546	2.543	5.376	2.520	10.133	2.526	4.906
17.560	R2	2.526	11.364	2.526	4.941	2.518	10.008	2.525	4.923
17.600	R2	2.490	9.206	2.490	4.779	2.525	9.904	2.532	4.948
17.640	R2	2.680	10.660	2.680	4.385	2.521	9.899	2.529	4.944
17.680	R2	2.486	9.540	2.486	4.355	2.511	9.927	2.519	4.927
17.720	R2	2.393	10.748	2.393	4.474	2.500	9.903	2.510	4.913
17.760	R2	2.499	10.579	2.567	5.103	2.494	9.857	2.509	4.924
17.800	R2	2.480	9.699	2.480	4.679	2.491	9.665	2.510	4.905
17.840	R2	2.685	10.624	2.741	5.125	2.485	9.617	2.506	4.871
17.880	R2	2.441	8.968	2.441	5.112	2.490	9.555	2.515	4.866
17.920	R2	2.368	8.666	2.368	4.887	2.482	9.482	2.512	4.858
17.960	R2	2.563	7.899	2.586	5.001	2.477	9.418	2.509	4.823
18.000	R2	2.458	8.810	2.472	5.113	2.469	9.365	2.500	4.823
18.040	R2	2.448	9.466	2.448	5.077	2.469	9.409	2.505	4.816
18.080	R2	2.409	8.225	2.445	4.714	2.451	9.388	2.493	4.825
18.120	R2	2.396	7.917	2.503	5.134	2.455	9.409	2.497	4.861
18.160	R2	2.423	6.347	2.496	4.554	2.458	9.362	2.504	4.883
18.200	R2	2.454	10.265	2.506	4.541	2.450	9.263	2.492	4.849
18.240	R2	2.489	10.118	2.556	4.810	2.444	9.219	2.495	4.848
18.280	R2	2.401	10.001	2.521	4.995	2.430	9.148	2.478	4.826
18.320	R2	2.458	9.252	2.474	4.671	2.429	9.160	2.477	4.828
18.360	R2	2.349	10.310	2.349	4.958	2.432	9.192	2.497	4.860
18.400	R2	2.492	10.093	2.595	4.634	2.430	9.324	2.495	4.855
18.440	R2	2.331	10.239	2.435	4.559	2.430	9.353	2.494	4.834
18.480	R2	2.568	9.955	2.568	5.078	2.429	9.305	2.493	4.836
18.520	R2	2.446	9.805	2.521	4.905	2.434	9.369	2.497	4.828
18.560	R2	2.339	8.591	2.339	4.426	2.439	9.431	2.497	4.813
18.600	R2	2.364	8.824	2.535	4.670	2.438	9.586	2.498	4.858
18.640	R2	2.396	9.216	2.396	4.685	2.434	9.564	2.497	4.871
18.680	R2	2.421	9.210	2.421	5.146	2.431	9.523	2.497	4.875
18.720	R2	2.430	9.290	2.763	5.538	2.432	9.545	2.497	4.853
18.760	R2	2.523	10.542	2.546	4.900	2.434	9.486	2.498	4.850
18.800	R2	2.457	9.394	2.457	4.681	2.438	9.373	2.503	4.860
18.840	R2	2.433	8.498	2.433	5.127	2.435	9.359	2.494	4.870
18.880	R2	2.512	9.514	2.534	4.542	2.445	9.319	2.502	4.893
18.920	R2	2.488	9.157	2.488	4.847	2.437	9.348	2.495	4.878
18.960	R2	2.401	9.437	2.527	5.440	2.433	9.297	2.497	4.899
19.000	R2	2.378	9.843	2.475	4.810	2.443	9.348	2.507	4.920
19.040	R2	2.426	9.289	2.553	4.890	2.446	9.312	2.502	4.912
19.080	R2	2.426	10.432	2.528	4.547	2.452	9.295	2.509	4.900
19.120	R2	2.493	8.090	2.499	4.613	2.452	9.345	2.510	4.900
19.160	R2	2.438	8.052	2.438	5.159	2.453	9.360	2.494	4.861
19.200	R2	2.424	9.808	2.424	4.829	2.449	9.294	2.488	4.851
19.240	R2	2.541	9.441	2.603	5.031	2.447	9.296	2.487	4.843
19.280	R2	2.411	10.525	2.411	4.782	2.446	9.373	2.486	4.840
19.320	R2	2.361	8.780	2.572	5.319	2.437	9.375	2.476	4.869
19.360	R2	2.528	9.614	2.528	4.848	2.435	9.419	2.474	4.868
19.400	R2	2.439	8.099	2.439	4.504	2.437	9.471	2.476	4.842
19.440	R2	2.510	8.892	2.533	4.450	2.438	9.473	2.480	4.826
19.480	R2	2.426	10.210	2.447	5.151	2.439	9.533	2.475	4.803
19.520	R2	2.451	9.579	2.451	4.752	2.437	9.499	2.467	4.821
19.560	R2	2.429	9.223	2.429	4.703	2.438	9.591	2.469	4.824
19.600	R2	2.426	9.439	2.426	4.524	2.438	9.678	2.469	4.801
19.640	R2	2.417	10.031	2.417	5.064	2.444	9.697	2.475	4.775
19.680	R2	2.338	9.552	2.338	5.111	2.440	9.662	2.478	4.759
19.720	R2	2.442	10.051	2.442	4.843	2.437	9.634	2.482	4.750
19.760	R2	2.431	10.463	2.567	4.915	2.440	9.645	2.474	4.719
19.800	R2	2.396	9.894	2.547	4.484	2.435	9.531	2.476	4.730
19.840	R2	2.453	10.491	2.453	4.438	2.439	9.472	2.480	4.768
19.880	R2	2.379	9.736	2.379	4.892	2.433	9.364	2.473	4.807
19.920	R2	2.511	9.943	2.527	4.688	2.428	9.305	2.476	4.817
19.960	R2	2.451	9.797	2.451	4.696	2.424	9.314	2.476	4.842
20.000	R2	2.535	10.181	2.535	4.316	2.425	9.283	2.477	4.869
20.040	R2	2.466	8.738	2.668	4.706	2.421	9.237	2.474	4.907
20.080	R2	2.349	9.975	2.481	4.600	2.426	9.237	2.479	4.890
20.120	R2	2.415	8.991	2.415	4.698	2.432	9.172	2.491	4.864
20.160	R2	2.429	7.338	2.573	5.075	2.430	9.067	2.491	4.860
20.200	R2	2.525	6.911	2.525	5.247	2.424	8.922	2.478	4.845
20.240	R2	2.390	6.736	2.390	5.247	2.419	8.883	2.466	4.872
20.280	R2	2.320	9.031	2.514	5.334	2.415	8.799	2.462	4.918
20.320	R2	2.377	9.768	2.450	5.255	2.414	8.684	2.461	4.904
20.360	R2	2.445	8.587	2.445	5.245	2.408	8.534	2.459	4.911
20.400	R2	2.359	8.529	2.359	5.280	2.407	8.426	2.465	4.957
20.440	R2	2.502	10.020	2.530	4.722	2.402	8.395	2.466	4.980
20.480	R2	2.468	8.264	2.563	4.593	2.402	8.477	2.461	4.987
20.520	R2	2.397	7.939	2.450	4.769	2.411	8.505	2.463	5.018
20.560	R2	2.311	7.576	2.311	4.624	2.409	8.493	2.464	5.043
20.600	R2	2.298	9.115	2.298	5.020	2.406	8.497	2.453	5.046
20.640	R2	2.382	8.801	2.382	5.360	2.402	8.625	2.449	5.037
20.680	R2	2.358	7.440	2.358	4.614	2.406	8.704	2.454	5.026
20.720	R2	2.392	6.947	2.475	4.825	2.415	8.587	2.453	4.995
20.760	R2	2.432	7.630	2.586	5.615	2.419	8.407	2.458	4.956
20.800	R2	2.430	9.572	2.559	4.776	2.419	8.311	2.458	4.931
20.840	R2	2.458	10.373	2.556	4.833	2.421	8.315	2.465	4.902
20.880	R2	2.530	10.532	2.530	5.228	2.413	8.289	2.463	4.909
20.920	R2	2.386	8.755	2.424	5.203	2.409	8.365	2.460	4.915
20.960	R2	2.358	7.414	2.358	5.137	2.411	8.417	2.468	4.909
21.000	R2	2.452	9.475	2.452	5.055	2.413	8.540	2.470	4.924
21.040	R2	2.461	8.318	2.474	5.031	2.417	8.531	2.474	4.902
21.080	R2	2.496	6.679	2.496	4.712	2.416	8.576	2.486	4.886
21.120	R2	2.455	6.172	2.558	4.482	2.416	8.646	2.491	4.897
21.160	R2	2.447	6.678	2.447	4.745	2.409	8.666	2.480	4.892
21.200	R2	2.404	8.605	2.485	4.690	2.411	8.639	2.483	4.874
21.240	R2	2.349	9.489	2.504	4.858	2.408	8.509	2.479	4.874
21.280	R2	2.387	9.800	2.504	4.718	2.403	8.332	2.469	4.861
21.320	R2	2.434	8.977	2.598	4.661	2.405	8.177	2.471	4.817
21.360	R2	2.352	10.037	2.352	4.917	2.409	8.046	2.473	4.769
21.400	R2	2.377	8.922	2.381	4.575	2.413	8.088	2.478	4.729
21.440	R2	2.353	9.702	2.622	5.042	2.412	7.936	2.484	4.708
21.480	R2	2.370	8.845	2.463	4.836	2.412	7.848	2.483	4.703
21.520	R2	2.251	7.345	2.251	4.724	2.409	7.868	2.481	4.746
21.560	R2	2.461	7.099	2.640	5.257	2.406	7.983	2.475	4.776
21.600	R2	2.374	6.967	2.481	4.783	2.399	8.109	2.469	4.770
21.640	R2	2.359	6.829	2.359	4.560	2.396	8.121	2.462	4.801
21.680	R2	2.577	7.425	2.577	4.364	2.403	8.078	2.469	4.810
21.720	R2	2.457	6.139	2.457	4.236	2.403	8.076	2.473	4.871
21.760	R2	2.452	8.252	2.452	4.341	2.403	8.005	2.465	4.882
21.800	R2	2.427	6.443	2.578	4.626	2.401	7.790	2.470	4.889
21.840	R2	2.456	6.559	2.460	4.935	2.406	7.687	2.478	4.919
21.880	R2	2.440	7.065	2.440	5.576	2.410	7.522	2.469	4.900
21.920	R2	2.386	8.489	2.455	5.083	2.416	7.426	2.470	4.909
21.960	R2	2.317	9.201	2.317	4.619	2.418	7.387	2.484	4.909
22.000	R2	2.347	8.825	2.347	5.299	2.419	7.379	2.476	4.887
22.040	R2	2.491	8.643	2.636	5.043	2.419	7.351	2.473	4.912
22.080	R2	2.383	9.746	2.602	5.945	2.422	7.444	2.476	4.915
22.120	R2	2.426	7.575	2.426	4.880	2.414	7.390	2.473	4.932
22.160	R2	2.312	5.724	2.455	5.060	2.410	7.430	2.469	4.967
22.200	R2	2.479	6.877	2.538	5.168	2.409	7.341	2.476	5.000
22.240	R2	2.440	6.400	2.440	4.660	2.407	7.321	2.470	4.963
22.280	R2	2.490	6.911	2.496	5.028	2.406	7.314	2.468	4.905
22.320	R2	2.296	6.576	2.527	4.712	2.409	7.296	2.476	4.844
22.360	R2	2.470	6.944	2.470	4.828	2.412	7.363	2.479	4.835
22.400	R2	2.373	6.398	2.421	5.272	2.412	7.390	2.487	4.850
22.440	R2	2.418	8.685	2.418	4.617	2.417	7.402	2.491	4.822
22.480	R2	2.416	6.348	2.528	4.712	2.419	7.403	2.487	4.812
22.520	R2	2.375	6.930	2.375	4.946	2.421	7.439	2.491	4.755
22.560	R2	2.433	6.483	2.591	4.990	2.423	7.422	2.500	4.768
22.600	R2	2.396	6.042	2.454	3.892	2.429	7.643	2.508	4.743
22.640	R2	2.425	6.413	2.425	3.761	2.430	7.769	2.510	4.740
22.680	R2	2.502	6.713	2.598	4.361	2.421	7.972	2.501	4.754
22.720	R2	2.452	9.826	2.518	4.911	2.412	8.124	2.492	4.722
22.760	R2	2.317	9.731	2.467	4.915	2.421	8.251	2.494	4.752
22.800	R2	2.439	9.067	2.439	4.748	2.419	8.289	2.496	4.749
22.840	R2	2.540	8.669	2.555	4.825	2.423	8.345	2.497	4.708
22.880	R2	2.416	10.461	2.672	4.822	2.421	8.245	2.503	4.712
22.920	R2	2.474	7.250	2.620	5.130	2.431	8.234	2.508	4.716
22.960	R2	2.421	10.139	2.606	4.561	2.426	8.196	2.503	4.694
23.000	R2	2.505	9.394	2.578	5.109	2.433	8.222	2.504	4.692
23.040	R2	2.256	10.458	2.256	4.938	2.435	8.313	2.505	4.736
23.080	R2	2.322	9.960	2.322	4.389	2.433	8.354	2.504	4.781
23.120	R2	2.462	9.104	2.571	5.314	2.431	8.310	2.498	4.820
23.160	R2	2.444	7.717	2.496	4.772	2.430	8.124	2.493	4.813
23.200	R2	2.448	7.508	2.448	4.451	2.434	8.039	2.494	4.816
23.240	R2	2.382	6.686	2.543	4.684	2.435	8.018	2.498	4.820
23.280	R2	2.608	6.135	2.620	4.811	2.428	8.055	2.500	4.808
23.320	R2	2.285	6.158	2.285	4.498	2.435	7.979	2.494	4.818
23.360	R2	2.574	7.012	2.607	4.956	2.429	7.985	2.481	4.811
23.400	R2	2.433	7.865	2.481	4.773	2.432	7.887	2.475	4.844
23.440	R2	2.391	7.229	2.391	4.654	2.424	7.861	2.471	4.869
23.480	R2	2.462	5.831	2.478	5.132	2.435	7.786	2.488	4.892
23.520	R2	2.419	6.098	2.419	4.774	2.440	7.677	2.495	4.914
23.560	R2	2.398	8.042	2.489	4.987	2.443	7.594	2.495	4.871
23.600	R2	2.460	8.651	2.522	4.827	2.438	7.632	2.497	4.834
23.640	R2	2.403	9.407	2.607	4.585	2.434	7.799	2.499	4.847
23.680	R2	2.546	8.941	2.546	5.016	2.440	7.899	2.507	4.873
23.720	R2	2.357	7.360	2.357	4.982	2.434	8.079	2.504	4.855
23.760	R2	2.487	8.179	2.487	5.222	2.444	8.246	2.516	4.871
23.800	R2	2.349	8.873	2.502	5.613	2.436	8.392	2.507	4.835
23.840	R2	2.472	8.966	2.587	5.391	2.431	8.325	2.499	4.853
23.880	R2	2.420	7.783	2.459	4.842	2.432	8.284	2.507	4.874
23.920	R2	2.527	7.434	2.568	4.444	2.438	8.347	2.514	4.853
23.960	R2	2.341	8.481	2.543	4.047	2.438	8.350	2.519	4.870
24.000	R2	2.362	10.854	2.492	4.694	2.439	8.227	2.519	4.850
24.040	R2	2.514	8.690	2.702	5.212	2.438	8.138	2.516	4.850
24.080	R2	2.481	9.723	2.560	4.453	2.437	7.999	2.505	4.840
24.120	R2	2.482	9.495	2.522	4.822	2.432	7.874	2.500	4.832
24.160	R2	2.424	9.941	2.424	4.222	2.436	7.801	2.505	4.829
24.200	R2	2.324	6.516	2.324	5.137	2.432	7.692	2.503	4.792
24.240	R2	2.415	6.409	2.559	5.086	2.438	7.569	2.501	4.742
24.280	R2	2.592	7.097	2.616	4.695	2.436	7.430	2.494	4.688
24.320	R2	2.414	6.162	2.512	5.122	2.437	7.271	2.494	4.608
24.360	R2	2.407	5.572	2.482	4.579	2.425	7.221	2.479	4.613
24.400	R2	2.436	6.878	2.473	4.830	2.429	7.148	2.474	4.642
24.440	R2	2.383	6.620	2.383	4.390	2.432	6.931	2.473	4.627
24.480	R2	2.456	6.457	2.456	4.865	2.428	6.774	2.466	4.604
24.520	R2	2.440	5.896	2.440	4.912	2.429	6.707	2.463	4.639
24.560	R2	2.409	6.001	2.461	4.493	2.432	6.564	2.468	4.637
24.600	R2	2.462	6.405	2.462	4.608	2.432	6.387	2.468	4.683
24.640	R2	2.431	6.194	2.445	4.306	2.442	6.428	2.479	4.692
24.680	R2	2.449	4.601	2.449	3.247	2.437	6.560	2.468	4.683
24.720	R2	2.283	6.429	2.283	4.537	2.423	6.733	2.453	4.675
24.760	R2	2.425	7.021	2.441	4.634	2.424	6.904	2.452	4.654
24.800	R2	2.420	6.507	2.469	4.391	2.427	6.988	2.450	4.650
24.840	R2	2.432	5.549	2.564	4.748	2.422	6.963	2.444	4.643
24.880	R2	2.503	8.382	2.503	5.163	2.425	7.005	2.447	4.664
24.920	R2	2.537	6.636	2.613	4.775	2.424	7.112	2.446	4.650
24.960	R2	2.427	6.403	2.427	5.140	2.422	7.219	2.444	4.646
25.000	R2	2.509	7.338	2.546	5.311	2.420	7.355	2.455	4.639
25.040	R2	2.328	9.058	2.328	4.922	2.422	7.500	2.457	4.666
25.080	R2	2.317	10.552	2.317	4.522	2.420	7.622	2.454	4.710
25.120	R2	2.433	9.581	2.492	4.706	2.425	7.905	2.465	4.817
25.160	R2	2.457	7.253	2.457	4.506	2.439	8.012	2.479	4.834
25.200	R2	2.342	6.389	2.342	4.679	2.436	8.103	2.475	4.856
25.240	R2	2.445	7.453	2.445	4.814	2.439	8.183	2.483	4.886
25.280	R2	2.434	8.592	2.434	4.591	2.439	8.327	2.477	4.890
25.320	R2	2.405	8.037	2.405	4.833	2.439	8.397	2.478	4.899
25.360	R2	2.360	8.714	2.678	4.345	2.438	8.513	2.479	4.884
25.400	R2	2.505	9.303	2.505	5.156	2.438	8.697	2.483	4.877
25.440	R2	2.389	8.653	2.389	5.178	2.438	8.795	2.481	4.873
25.480	R2	2.558	10.247	2.659	5.394	2.442	8.852	2.485	4.864
25.520	R2	2.547	8.566	2.559	4.863	2.446	8.831	2.489	4.869
25.560	R2	2.373	8.846	2.373	5.092	2.445	8.793	2.497	4.876
25.600	R2	2.480	8.111	2.626	4.981	2.446	8.847	2.500	4.899
25.640	R2	2.439	8.431	2.439	4.823	2.447	8.879	2.513	4.918
25.680	R2	2.501	9.780	2.528	5.346	2.446	8.870	2.512	4.942
25.720	R2	2.503	8.945	2.621	4.469	2.441	8.815	2.514	4.966
25.760	R2	2.446	10.082	2.514	5.001	2.441	8.751	2.515	4.957
25.800	R2	2.496	9.312	2.501	5.231	2.444	8.712	2.503	4.955
25.840	R2	2.411	10.186	2.411	4.743	2.438	8.632	2.496	4.929
25.880	R2	2.400	10.147	2.400	4.634	2.442	8.646	2.501	4.885
25.920	R2	2.415	8.802	2.663	4.848	2.434	8.507	2.488	4.848
25.960	R2	2.470	8.353	2.517	4.956	2.419	8.560	2.483	4.848
26.000	R2	2.365	7.025	2.599	5.068	2.421	8.582	2.490	4.877
26.040	R2	2.418	7.265	2.418	5.282	2.423	8.620	2.487	4.894
26.080	R2	2.341	7.501	2.468	5.073	2.422	8.708	2.489	4.897
26.120	R2	2.410	6.753	2.427	4.659	2.417	8.614	2.488	4.869
26.160	R2	2.421	7.926	2.444	4.312	2.418	8.643	2.483	4.895
26.200	R2	2.369	7.700	2.369	4.625	2.419	8.641	2.481	4.895
26.240	R2	2.481	8.933	2.481	4.302	2.419	8.562	2.488	4.889
26.280	R2	2.396	7.476	2.396	4.658	2.422	8.495	2.492	4.906
26.320	R2	2.256	9.622	2.471	4.859	2.422	8.439	2.491	4.898
26.360	R2	2.403	9.280	2.511	5.672	2.412	8.483	2.469	4.885
26.400	R2	2.510	8.877	2.570	5.316	2.411	8.505	2.466	4.844
26.440	R2	2.427	10.198	2.475	4.882	2.417	8.613	2.463	4.820
26.480	R2	2.394	7.904	2.492	4.786	2.415	8.644	2.465	4.794
26.520	R2	2.540	9.514	2.540	4.986	2.420	8.655	2.468	4.798
26.560	R2	2.449	10.047	2.471	5.004	2.415	8.760	2.477	4.790
26.600	R2	2.505	7.740	2.644	5.110	2.412	8.751	2.473	4.834
26.640	R2	2.475	8.831	2.475	5.096	2.418	8.854	2.483	4.916
26.680	R2	2.386	9.038	2.386	4.468	2.422	8.913	2.492	4.999
26.720	R2	2.225	9.680	2.225	4.593	2.426	9.018	2.503	5.025
26.760	R2	2.451	8.784	2.451	4.124	2.433	8.836	2.499	5.069
26.800	R2	2.490	9.201	2.547	4.601	2.433	8.828	2.495	5.033
26.840	R2	2.378	7.869	2.463	4.757	2.423	8.865	2.488	5.012
26.880	R2	2.442	7.729	2.524	5.148	2.418	8.850	2.493	5.014
26.920	R2	2.294	8.862	2.592	4.506	2.418	8.960	2.492	5.002
26.960	R2	2.370	7.743	2.370	5.184	2.412	8.941	2.502	5.011
27.000	R2	2.477	9.754	2.570	6.268	2.410	8.786	2.502	4.987
27.040	R2	2.559	10.122	2.661	5.960	2.412	8.664	2.497	4.980
27.080	R2	2.481	9.559	2.623	5.175	2.404	8.532	2.497	4.977
27.120	R2	2.396	5.984	2.396	5.738	2.410	8.440	2.503	4.969
27.160	R2	2.401	9.131	2.417	4.955	2.416	8.252	2.509	4.983
27.200	R2	2.311	9.612	2.435	4.897	2.418	8.127	2.511	5.029
27.240	R2	2.336	9.893	2.566	4.922	2.415	7.884	2.514	5.050
27.280	R2	2.386	10.116	2.473	4.543	2.420	7.751	2.514	5.058
27.320	R2	2.416	9.119	2.742	5.169	2.418	7.594	2.517	5.038
27.360	R2	2.427	6.960	2.488	4.528	2.420	7.374	2.517	5.043
27.400	R2	2.530	5.286	2.530	4.970	2.430	7.235	2.529	5.024
27.440	R2	2.315	6.196	2.478	5.026	2.428	6.979	2.523	4.948
27.480	R2	2.510	7.195	2.510	4.314	2.425	6.690	2.517	4.877
27.520	R2	2.349	5.925	2.349	4.878	2.423	6.438	2.508	4.853
27.560	R2	2.490	6.284	2.491	5.044	2.420	6.357	2.508	4.803
27.600	R2	2.432	4.349	2.598	5.010	2.420	6.074	2.507	4.778
27.640	R2	2.475	5.208	2.475	4.919	2.422	5.923	2.503	4.757
27.680	R2	2.413	4.574	2.576	4.755	2.432	5.831	2.501	4.733
27.720	R2	2.331	4.468	2.587	4.610	2.433	5.632	2.498	4.762
27.760	R2	2.561	4.968	2.624	4.797	2.440	5.617	2.491	4.749
27.800	R2	2.438	4.622	2.438	4.746	2.445	5.637	2.493	4.747
27.840	R2	2.497	4.352	2.537	4.553	2.445	5.719	2.493	4.723
27.880	R2	2.450	4.518	2.457	4.684	2.451	5.805	2.496	4.743
27.920	R2	2.339	4.357	2.396	4.740	2.450	5.821	2.498	4.766
27.960	R2	2.398	3.468	2.398	4.458	2.455	5.827	2.502	4.749
28.000	R2	2.355	6.595	2.355	4.482	2.447	5.869	2.497	4.737
28.040	R2	2.524	8.069	2.524	4.425	2.452	5.976	2.493	4.717
28.080	R2	2.411	6.123	2.411	5.128	2.451	6.019	2.492	4.703
28.120	R2	2.561	8.826	2.602	4.905	2.453	6.104	2.488	4.750
28.160	R2	2.524	7.364	2.524	4.496	2.459	6.258	2.480	4.750
28.200	R2	2.529	6.910	2.529	4.487	2.452	6.261	2.471	4.769
28.240	R2	2.428	7.921	2.534	5.437	2.454	6.384	2.472	4.771
28.280	R2	2.496	7.522	2.546	4.773	2.456	6.480	2.475	4.817
28.320	R2	2.438	6.046	2.438	4.534	2.454	6.637	2.473	4.856
28.360	R2	2.337	7.116	2.386	4.794	2.455	6.787	2.477	4.849
28.400	R2	2.524	6.497	2.524	4.623	2.453	6.930	2.475	4.846
28.440	R2	2.454	6.064	2.454	4.641	2.459	6.962	2.480	4.866
28.480	R2	2.461	6.268	2.485	5.687	2.457	6.850	2.482	4.889
28.520	R2	2.445	7.558	2.445	4.609	2.466	6.891	2.491	4.889
28.560	R2	2.427	5.021	2.427	5.175	2.459	6.749	2.485	4.888
28.600	R2	2.470	7.083	2.470	4.780	2.452	6.660	2.484	4.904
28.640	R2	2.551	6.268	2.596	5.491	2.445	6.565	2.487	4.966
28.680	R2	2.405	7.664	2.405	5.447	2.442	6.433	2.479	4.914
28.720	R2	2.360	7.360	2.476	4.606	2.438	6.328	2.483	4.915
28.760	R2	2.357	6.317	2.357	4.410	2.434	6.328	2.479	4.927
28.800	R2	2.472	7.241	2.472	4.884	2.441	6.246	2.489	4.961
28.840	R2	2.496	5.830	2.561	4.869	2.436	6.240	2.484	4.960
28.880	R2	2.574	6.940	2.589	5.131	2.437	6.258	2.491	4.998
28.920	R2	2.424	5.987	2.476	4.890	2.436	6.266	2.489	4.951
28.960	R2	2.386	5.595	2.506	4.821	2.433	6.264	2.498	4.962
29.000	R2	2.387	5.002	2.582	5.727	2.440	6.387	2.505	4.957
29.040	R2	2.372	5.285	2.372	4.382	2.433	6.310	2.511	4.980
29.080	R2	2.413	5.407	2.631	4.792	2.428	6.274	2.508	4.931
29.120	R2	2.364	6.057	2.364	4.784	2.431	6.169	2.521	4.913
29.160	R2	2.469	5.481	2.579	5.469	2.437	6.114	2.524	4.975
29.200	R2	2.423	6.375	2.423	4.600	2.444	6.116	2.531	4.990
29.240	R2	2.475	6.428	2.596	5.410	2.447	6.065	2.534	5.010
29.280	R2	2.446	6.426	2.446	4.746	2.443	6.088	2.529	5.017
29.320	R2	2.398	7.514	2.628	4.835	2.438	6.089	2.523	4.956
29.360	R2	2.561	7.479	2.561	5.066	2.439	6.124	2.526	4.975
29.400	R2	2.333	5.542	2.598	5.246	2.441	6.106	2.530	4.966
29.440	R2	2.450	5.540	2.542	4.505	2.445	6.080	2.524	4.942
29.480	R2	2.458	5.580	2.652	5.091	2.447	6.086	2.527	4.958
29.520	R2	2.480	6.262	2.545	5.835	2.448	6.170	2.522	4.963
29.560	R2	2.504	6.341	2.504	4.710	2.451	6.179	2.526	4.961
29.600	R2	2.521	6.224	2.524	5.298	2.454	6.205	2.523	4.969
29.640	R2	2.431	6.296	2.468	5.011	2.454	6.324	2.526	4.987
29.680	R2	2.462	6.965	2.468	3.911	2.450	6.395	2.525	4.966
29.720	R2	2.443	6.677	2.530	5.262	2.454	6.432	2.537	4.995
29.760	R2	2.432	5.231	2.592	4.639	2.460	6.509	2.531	4.987
29.800	R2	2.457	4.494	2.457	5.239	2.450	6.569	2.521	4.982
29.840	R2	2.428	5.408	2.428	4.712	2.460	6.636	2.521	4.965
29.880	R2	2.415	7.083	2.541	4.884	2.456	6.700	2.512	4.994
29.920	R2	2.430	6.232	2.430	4.757	2.458	6.768	2.507	4.988
29.960	R2	2.524	6.004	2.524	5.624	2.456	6.805	2.501	4.940
30.000	R2	2.437	8.757	2.483	4.966	2.458	6.860	2.503	4.954
30.040	R2	2.400	7.843	2.570	4.980	2.449	6.805	2.495	4.926
30.080	R2	2.525	7.158	2.689	5.328	2.450	6.734	2.493	4.907
30.120	R2	2.504	9.056	2.504	4.672	2.446	6.599	2.489	4.954
30.160	R2	2.372	8.692	2.372	4.963	2.449	6.491	2.491	4.935
30.200	R2	2.531	6.878	2.588	4.912	2.450	6.561	2.485	4.922
30.240	R2	2.364	6.824	2.364	5.093	2.454	6.683	2.489	4.916
30.280	R2	2.504	6.934	2.552	4.970	2.461	6.760	2.497	4.954
30.320	R2	2.436	7.011	2.436	4.868	2.468	6.743	2.497	4.945
30.360	R2	2.536	7.432	2.536	4.986	2.467	6.747	2.503	4.960
30.400	R2	2.358	5.118	2.358	4.740	2.472	6.733	2.509	4.929
30.440	R2	2.437	4.875	2.437	4.636	2.475	6.625	2.510	4.925
30.480	R2	2.382	4.265	2.382	4.844	2.482	6.689	2.508	4.910
30.520	R2	2.501	4.523	2.583	4.894	2.476	6.827	2.504	4.876
30.560	R2	2.465	6.632	2.465	4.364	2.476	6.815	2.505	4.891
30.600	R2	2.530	6.932	2.530	5.134	2.479	6.878	2.513	4.878
30.640	R2	2.561	6.958	2.587	5.471	2.471	6.931	2.512	4.887
30.680	R2	2.554	6.746	2.554	4.690	2.473	7.017	2.524	4.921
30.720	R2	2.409	6.303	2.551	5.074	2.474	7.029	2.527	4.968
30.760	R2	2.640	5.730	2.640	4.997	2.477	7.003	2.534	5.007
30.800	R2	2.490	6.598	2.490	4.883	2.472	6.978	2.538	5.019
30.840	R2	2.532	9.111	2.532	4.684	2.475	7.071	2.544	5.021
30.880	R2	2.408	9.926	2.621	4.638	2.476	7.301	2.555	5.034
30.920	R2	2.503	8.820	2.517	4.986	2.483	7.492	2.562	5.041
30.960	R2	2.442	9.935	2.528	4.703	2.482	7.621	2.559	5.016
31.000	R2	2.366	7.940	2.568	5.081	2.480	7.630	2.570	5.039
31.040	R2	2.396	8.559	2.616	5.776	2.474	7.611	2.571	5.030
31.080	R2	2.524	7.165	2.603	5.919	2.468	7.617	2.565	5.013
31.120	R2	2.497	6.499	2.572	5.638	2.465	7.591	2.561	5.023
31.160	R2	2.444	6.932	2.618	5.222	2.470	7.722	2.559	4.998
31.200	R2	2.416	6.962	2.490	4.782	2.458	7.725	2.559	4.959
31.240	R2	2.455	9.493	2.652	4.896	2.455	7.641	2.558	4.943
31.280	R2	2.531	8.081	2.531	4.980	2.449	7.513	2.556	4.917
31.320	R2	2.478	7.102	2.510	4.410	2.455	7.361	2.552	4.926
31.360	R2	2.428	6.814	2.683	4.810	2.447	7.195	2.553	4.914
31.400	R2	2.403	6.537	2.552	4.968	2.442	7.043	2.549	4.921
31.440	R2	2.442	7.084	2.466	5.125	2.441	7.014	2.549	4.926
31.480	R2	2.484	6.225	2.484	4.892	2.443	6.965	2.539	4.850
31.520	R2	2.509	8.923	2.509	4.576	2.435	6.980	2.528	4.811
31.560	R2	2.416	5.786	2.648	4.208	2.428	7.134	2.517	4.764
31.600	R2	2.420	4.929	2.463	4.556	2.429	7.219	2.520	4.751
31.640	R2	2.412	6.541	2.494	4.170	2.426	7.276	2.517	4.761
31.680	R2	2.537	6.898	2.537	4.826	2.428	7.223	2.509	4.762
31.720	R2	2.347	5.499	2.540	4.733	2.426	7.270	2.507	4.774
31.760	R2	2.336	6.890	2.454	4.842	2.420	7.333	2.500	4.803
31.800	R2	2.355	7.373	2.551	5.195	2.423	7.437	2.490	4.808
31.840	R2	2.429	7.572	2.429	4.259	2.428	7.506	2.492	4.798
31.880	R2	2.370	7.467	2.370	5.134	2.434	7.515	2.498	4.798
31.920	R2	2.354	9.565	2.354	4.688	2.439	7.683	2.507	4.812
31.960	R2	2.467	8.651	2.679	4.968	2.436	7.699	2.508	4.808
32.000	R2	2.348	8.090	2.431	4.980	2.426	7.640	2.487	4.861
32.040	R2	2.489	8.438	2.489	4.914	2.423	7.722	2.486	4.872
32.080	R2	2.491	9.016	2.491	5.234	2.420	7.683	2.479	4.888
32.120	R2	2.368	8.357	2.368	4.984	2.413	7.595	2.472	4.886
32.160	R2	2.480	8.895	2.490	4.917	2.422	7.703	2.471	4.846
32.200	R2	2.505	7.922	2.599	4.750	2.430	7.673	2.474	4.854
32.240	R2	2.575	7.269	2.589	5.133	2.438	7.713	2.472	4.838
32.280	R2	2.583	9.586	2.666	5.166	2.443	7.606	2.479	4.857
32.320	R2	2.438	9.241	2.523	4.500	2.446	7.533	2.486	4.851
32.360	R2	2.224	4.603	2.224	5.273	2.447	7.386	2.492	4.833
32.400	R2	2.355	6.567	2.448	4.782	2.444	7.189	2.480	4.799
32.440	R2	2.345	5.765	2.345	4.489	2.450	7.060	2.490	4.763
32.480	R2	2.402	5.143	2.402	4.772	2.447	7.014	2.493	4.758
32.520	R2	2.528	7.660	2.528	3.951	2.441	6.945	2.487	4.734
32.560	R2	2.497	6.290	2.497	4.990	2.446	6.901	2.493	4.725
32.600	R2	2.519	8.168	2.519	4.886	2.444	6.723	2.493	4.721
32.640	R2	2.513	5.436	2.573	4.633	2.449	6.634	2.496	4.737
32.680	R2	2.446	6.001	2.506	5.006	2.440	6.559	2.495	4.731
32.720	R2	2.361	6.621	2.473	4.337	2.436	6.406	2.496	4.703
32.760	R2	2.408	4.718	2.429	4.294	2.442	6.284	2.499	4.710
32.800	R2	2.464	5.511	2.638	4.254	2.455	6.298	2.520	4.683
32.840	R2	2.433	7.516	2.551	4.807	2.464	6.397	2.531	4.690
32.880	R2	2.367	7.628	2.367	4.751	2.467	6.541	2.533	4.718
32.920	R2	2.485	7.480	2.485	4.808	2.466	6.590	2.538	4.702
32.960	R2	2.423	5.335	2.494	4.840	2.465	6.535	2.538	4.725
33.000	R2	2.620	6.134	2.663	5.067	2.465	6.512	2.539	4.726
33.040	R2	2.390	5.778	2.573	5.009	2.461	6.421	2.542	4.733
33.080	R2	2.495	6.520	2.683	4.608	2.458	6.370	2.536	4.765
33.120	R2	2.574	6.811	2.574	4.642	2.453	6.296	2.529	4.739
33.160	R2	2.466	4.880	2.654	4.726	2.462	6.188	2.536	4.751
33.200	R2	2.545	8.551	2.661	4.927	2.467	6.167	2.543	4.784
33.240	R2	2.396	8.642	2.396	5.052	2.469	6.028	2.543	4.806
33.280	R2	2.397	6.127	2.490	4.460	2.478	5.810	2.550	4.823
33.320	R2	2.509	6.558	2.533	4.394	2.486	5.565	2.564	4.860
33.360	R2	2.490	5.830	2.522	5.023	2.489	5.335	2.573	4.866
33.400	R2	2.434	6.348	2.580	5.019	2.495	5.357	2.578	4.862
33.440	R2	2.455	4.416	2.455	5.278	2.487	5.391	2.575	4.850
33.480	R2	2.355	4.515	2.355	4.482	2.486	5.538	2.574	4.825
33.520	R2	2.542	4.459	2.608	4.577	2.481	5.645	2.558	4.828
33.560	R2	2.509	4.302	2.577	4.955	2.470	5.702	2.550	4.840
33.600	R2	2.497	2.725	2.644	4.698	2.460	5.923	2.536	4.878
33.640	R2	2.602	3.154	2.691	5.149	2.453	5.872	2.531	4.873
33.680	R2	2.543	2.739	2.642	5.487	2.448	5.730	2.532	4.872
33.720	R2	2.546	2.869	2.662	4.929	2.445	5.815	2.535	4.890
33.760	R2	2.542	5.779	2.605	4.747	2.441	5.870	2.539	4.933
33.800	R2	2.460	6.820	2.597	4.846	2.437	6.011	2.533	4.914
33.840	R2	2.374	8.724	2.547	4.494	2.437	6.039	2.526	4.916
33.880	R2	2.377	8.648	2.377	4.681	2.425	6.173	2.514	4.918
33.920	R2	2.371	7.962	2.409	4.865	2.429	6.309	2.526	4.939
33.960	R2	2.260	9.298	2.368	5.493	2.425	6.462	2.518	4.934
34.000	R2	2.411	7.525	2.558	4.831	2.428	6.640	2.517	4.901
34.040	R2	2.296	5.812	2.421	5.039	2.430	6.892	2.515	4.916
34.080	R2	2.328	7.815	2.549	4.814	2.416	7.216	2.513	4.933
34.120	R2	2.433	7.658	2.605	5.257	2.415	7.551	2.509	4.901
34.160	R2	2.400	8.661	2.414	4.642	2.409	7.899	2.497	4.876
34.200	R2	2.440	6.893	2.440	5.060	2.403	8.060	2.488	4.881
34.240	R2	2.217	7.092	2.217	5.307	2.406	8.120	2.492	4.875
34.280	R2	2.444	7.236	2.581	4.910	2.409	8.011	2.498	4.878
34.320	R2	2.454	7.527	2.454	4.474	2.411	7.886	2.500	4.856
34.360	R2	2.569	7.862	2.569	4.287	2.415	7.947	2.509	4.857
34.400	R2	2.537	7.757	2.597	5.007	2.419	7.940	2.507	4.812
34.440	R2	2.315	9.640	2.644	5.494	2.425	7.960	2.506	4.789
34.480	R2	2.535	9.442	2.565	4.837	2.425	8.012	2.503	4.756
34.520	R2	2.424	9.824	2.424	4.434	2.426	7.959	2.504	4.741
34.560	R2	2.419	8.998	2.419	4.842	2.418	7.973	2.488	4.691
34.600	R2	2.526	8.019	2.675	4.741	2.419	7.905	2.495	4.702
34.640	R2	2.433	6.554	2.676	4.542	2.420	7.790	2.499	4.699
34.680	R2	2.421	6.137	2.421	4.236	2.433	7.787	2.513	4.674
34.720	R2	2.439	9.184	2.576	4.896	2.429	7.691	2.511	4.679
34.760	R2	2.336	9.165	2.336	4.585	2.424	7.640	2.518	4.705
34.800	R2	2.543	7.930	2.543	4.385	2.415	7.601	2.516	4.730
34.840	R2	2.286	6.846	2.351	4.367	2.405	7.575	2.513	4.717
34.880	R2	2.344	6.749	2.582	4.513	2.408	7.566	2.500	4.667
34.920	R2	2.279	7.946	2.279	4.272	2.406	7.577	2.497	4.651
34.960	R2	2.421	7.308	2.546	4.858	2.406	7.499	2.504	4.659
35.000	R2	2.452	4.581	2.524	4.997	2.408	7.370	2.511	4.636
35.040	R2	2.494	7.041	2.504	4.805	2.402	7.311	2.498	4.682
35.080	R2	2.344	5.317	2.530	5.002	2.408	7.408	2.496	4.703
35.120	R2	2.369	6.505	2.599	5.007	2.407	7.398	2.495	4.739
35.160	R2	2.387	7.073	2.528	4.773	2.404	7.278	2.492	4.738
35.200	R2	2.332	7.233	2.541	4.748	2.416	7.170	2.508	4.756
35.240	R2	2.373	9.474	2.373	4.498	2.413	7.114	2.509	4.747
35.280	R2	2.495	9.655	2.520	4.527	2.417	7.216	2.510	4.790
35.320	R2	2.430	8.275	2.554	4.577	2.424	7.357	2.504	4.831
35.360	R2	2.451	6.409	2.560	4.382	2.437	7.411	2.518	4.851
35.400	R2	2.417	6.831	2.417	5.671	2.442	7.520	2.517	4.841
35.440	R2	2.547	8.499	2.627	4.955	2.445	7.778	2.520	4.795
35.480	R2	2.403	5.942	2.403	4.970	2.443	7.870	2.518	4.784
35.520	R2	2.384	6.792	2.523	4.873	2.453	7.937	2.520	4.772
35.560	R2	2.566	6.994	2.658	4.931	2.454	7.928	2.510	4.732
35.600	R2	2.481	6.806	2.552	4.216	2.458	7.823	2.507	4.739
35.640	R2	2.382	8.891	2.382	5.220	2.462	7.733	2.511	4.747
35.680	R2	2.469	9.568	2.469	5.332	2.468	7.508	2.525	4.756
35.720	R2	2.542	9.022	2.542	4.671	2.467	7.500	2.525	4.769
35.760	R2	2.527	9.497	2.541	4.664	2.469	7.470	2.522	4.776
35.800	R2	2.507	9.736	2.582	4.067	2.470	7.379	2.517	4.785
35.840	R2	2.450	8.884	2.450	4.591	2.468	7.323	2.518	4.741
35.880	R2	2.551	6.664	2.589	4.761	2.464	7.240	2.509	4.721
35.920	R2	2.394	6.312	2.394	4.217	2.465	7.258	2.510	4.708
35.960	R2	2.465	4.973	2.465	4.910	2.471	7.285	2.509	4.701
36.000	R2	2.404	5.432	2.611	4.906	2.465	7.338	2.498	4.691
36.040	R2	2.499	4.968	2.663	4.674	2.462	7.273	2.492	4.718
36.080	R2	2.467	9.503	2.527	4.784	2.457	7.233	2.500	4.735
36.120	R2	2.477	7.669	2.477	4.727	2.459	7.152	2.501	4.686
36.160	R2	2.465	4.601	2.465	4.554	2.452	7.165	2.495	4.674
36.200	R2	2.389	5.711	2.431	4.800	2.448	7.028	2.494	4.690
36.240	R2	2.452	6.833	2.452	4.545	2.441	6.810	2.484	4.709
36.280	R2	2.430	6.301	2.430	4.710	2.436	6.632	2.480	4.706
36.320	R2	2.503	7.334	2.503	4.736	2.429	6.682	2.470	4.686
36.360	R2	2.440	8.062	2.440	4.739	2.431	6.869	2.472	4.710
36.400	R2	2.434	5.492	2.434	4.752	2.434	7.030	2.478	4.691
36.440	R2	2.281	8.102	2.530	5.559	2.434	7.173	2.467	4.668
36.480	R2	2.495	7.948	2.495	4.350	2.426	7.394	2.459	4.657
36.520	R2	2.420	9.274	2.420	4.442	2.423	7.436	2.453	4.651
36.560	R2	2.434	6.753	2.532	4.967	2.421	7.518	2.451	4.645
36.600	R2	2.381	5.380	2.381	4.456	2.417	7.728	2.447	4.657
36.640	R2	2.345	5.334	2.357	4.537	2.416	7.810	2.456	4.640
36.680	R2	2.403	7.663	2.403	4.364	2.414	7.908	2.460	4.637
36.720	R2	2.427	10.037	2.427	4.680	2.417	8.098	2.469	4.652
36.760	R2	2.533	8.207	2.573	4.538	2.414	8.142	2.473	4.652
36.800	R2	2.407	8.291	2.407	4.438	2.421	8.148	2.479	4.687
36.840	R2	2.336	9.376	2.494	4.462	2.421	8.261	2.483	4.676
36.880	R2	2.405	10.359	2.405	4.657	2.426	8.209	2.475	4.643
36.920	R2	2.441	9.305	2.441	4.622	2.430	8.277	2.482	4.671
36.960	R2	2.387	8.791	2.387	4.789	2.429	8.227	2.485	4.682
37.000	R2	2.360	7.351	2.613	4.462	2.429	8.406	2.480	4.665
37.040	R2	2.414	8.795	2.532	4.485	2.432	8.538	2.489	4.690
37.080	R2	2.502	10.102	2.616	5.007	2.437	8.639	2.494	4.696
37.120	R2	2.433	8.225	2.568	4.731	2.432	8.696	2.497	4.708
37.160	R2	2.576	8.181	2.576	5.448	2.433	8.655	2.503	4.720
37.200	R2	2.445	7.742	2.497	4.532	2.425	8.664	2.498	4.737
37.240	R2	2.381	7.068	2.381	4.895	2.426	8.650	2.499	4.765
37.280	R2	2.580	9.305	2.626	4.901	2.435	8.603	2.500	4.785
37.320	R2	2.391	8.282	2.489	4.665	2.435	8.485	2.501	4.805
37.360	R2	2.432	10.331	2.432	4.634	2.434	8.509	2.512	4.827
37.400	R2	2.442	8.017	2.557	4.949	2.437	8.463	2.514	4.838
37.440	R2	2.456	7.352	2.456	4.659	2.437	8.551	2.514	4.881
37.480	R2	2.292	8.810	2.460	4.615	2.439	8.485	2.514	4.905
37.520	R2	2.456	9.214	2.554	4.906	2.433	8.316	2.503	4.907
37.560	R2	2.371	8.383	2.475	4.879	2.430	8.252	2.505	4.913
37.600	R2	2.430	8.014	2.430	5.003	2.426	8.063	2.501	4.878
37.640	R2	2.509	8.423	2.514	4.867	2.428	7.980	2.500	4.883
37.680	R2	2.411	8.001	2.415	5.048	2.432	7.985	2.507	4.861
37.720	R2	2.423	9.797	2.656	5.076	2.419	7.875	2.491	4.849
37.760	R2	2.431	7.875	2.431	5.004	2.417	7.859	2.492	4.850
37.800	R2	2.366	9.105	2.608	5.314	2.418	7.770	2.494	4.872
37.840	R2	2.444	7.481	2.543	4.970	2.424	7.874	2.495	4.892
37.880	R2	2.394	6.709	2.394	5.050	2.422	7.946	2.498	4.904
37.920	R2	2.361	6.946	2.604	4.837	2.428	7.970	2.506	4.914
37.960	R2	2.501	4.402	2.501	4.762	2.427	8.000	2.499	4.909
38.000	R2	2.480	6.087	2.480	4.630	2.425	8.103	2.492	4.917
38.040	R2	2.473	7.163	2.504	4.456	2.425	8.205	2.493	4.901
38.080	R2	2.323	7.105	2.323	4.651	2.421	8.307	2.489	4.879
38.120	R2	2.338	7.959	2.507	4.699	2.417	8.307	2.487	4.851
38.160	R2	2.456	8.559	2.460	5.072	2.421	8.239	2.484	4.840
38.200	R2	2.566	10.102	2.588	5.332	2.424	8.277	2.491	4.836
38.240	R2	2.411	8.791	2.503	4.903	2.427	8.241	2.493	4.835
38.280	R2	2.424	9.277	2.623	4.826	2.423	8.253	2.493	4.828
38.320	R2	2.429	9.817	2.429	4.802	2.425	8.333	2.495	4.825
38.360	R2	2.325	10.457	2.325	5.029	2.428	8.362	2.496	4.816
38.400	R2	2.440	10.034	2.455	4.686	2.421	8.604	2.490	4.789
38.440	R2	2.427	10.480	2.427	4.423	2.417	8.667	2.492	4.767
38.480	R2	2.329	8.000	2.387	4.501	2.417	8.735	2.492	4.791
38.520	R2	2.508	8.419	2.596	4.850	2.425	8.875	2.502	4.823
38.560	R2	2.477	8.654	2.568	4.935	2.428	8.946	2.502	4.821
38.600	R2	2.441	8.383	2.647	5.293	2.432	8.988	2.519	4.845
38.640	R2	2.362	7.713	2.534	4.817	2.425	8.915	2.512	4.796
38.680	R2	2.429	8.305	2.429	4.986	2.428	8.870	2.510	4.798
38.720	R2	2.420	7.537	2.633	4.674	2.427	8.842	2.499	4.786
38.760	R2	2.365	9.233	2.382	4.216	2.426	8.812	2.501	4.775
38.800	R2	2.401	7.350	2.523	4.182	2.430	8.671	2.510	4.769
38.840	R2	2.460	8.523	2.506	4.937	2.430	8.684	2.510	4.763
38.880	R2	2.488	9.912	2.522	5.293	2.434	8.614	2.514	4.772
38.920	R2	2.403	9.383	2.509	4.665	2.443	8.700	2.520	4.788
38.960	R2	2.528	9.399	2.799	5.549	2.440	8.774	2.514	4.790
39.000	R2	2.435	8.630	2.435	4.348	2.441	8.805	2.510	4.782
39.040	R2	2.469	7.891	2.469	4.947	2.444	8.880	2.503	4.738
39.080	R2	2.398	8.726	2.398	4.593	2.446	8.944	2.497	4.738
39.120	R2	2.419	9.214	2.468	4.574	2.447	8.878	2.497	4.739
39.160	R2	2.391	7.627	2.521	4.910	2.449	8.919	2.489	4.751
39.200	R2	2.455	10.293	2.455	4.573	2.460	8.910	2.498	4.800
39.240	R2	2.493	9.090	2.493	4.595	2.460	9.041	2.501	4.853
39.280	R2	2.521	9.723	2.521	4.825	2.467	9.099	2.508	4.851
39.320	R2	2.452	9.894	2.470	4.895	2.465	9.024	2.505	4.826
39.360	R2	2.482	9.272	2.482	4.777	2.467	8.985	2.501	4.826
39.400	R2	2.504	9.882	2.504	4.401	2.466	8.895	2.487	4.792
39.440	R2	2.413	8.994	2.413	4.814	2.474	8.834	2.495	4.839
39.480	R2	2.434	6.979	2.434	5.006	2.470	8.803	2.493	4.836
39.520	R2	2.470	8.356	2.470	4.909	2.472	8.703	2.497	4.844
39.560	R2	2.573	9.051	2.573	5.214	2.473	8.609	2.499	4.860
39.600	R2	2.409	9.984	2.580	5.242	2.475	8.548	2.494	4.836
39.640	R2	2.598	9.682	2.639	4.879	2.477	8.354	2.496	4.833
39.680	R2	2.448	8.403	2.458	4.801	2.483	8.197	2.502	4.863
39.720	R2	2.444	8.614	2.444	4.672	2.471	8.007	2.490	4.854
39.760	R2	2.513	7.599	2.513	4.863	2.476	7.818	2.495	4.834
39.800	R2	2.592	7.405	2.592	5.295	2.472	7.710	2.501	4.859
39.840	R2	2.401	7.264	2.434	4.890	2.476	7.577	2.505	4.895
39.880	R2	2.430	6.737	2.484	4.746	2.476	7.398	2.505	4.902
39.920	R2	2.443	7.334	2.504	4.888	2.473	7.481	2.510	4.871
39.960	R2	2.418	6.398	2.418	4.424	2.476	7.394	2.513	4.846
40.000	R2	2.497	6.422	2.497	4.525	2.476	7.279	2.513	4.819
40.040	R2	2.618	5.943	2.618	5.191	2.480	7.053	2.515	4.813
40.080	R2	2.280	5.935	2.280	4.651	2.473	7.059	2.511	4.803
40.120	R2	2.547	6.113	2.563	4.495	2.475	7.037	2.513	4.795
40.160	R2	2.409	7.110	2.609	5.278	2.477	7.043	2.518	4.784
40.200	R2	2.571	7.212	2.571	5.120	2.471	7.053	2.521	4.794
40.240	R2	2.416	5.426	2.416	4.941	2.469	7.057	2.520	4.777
40.280	R2	2.391	8.632	2.539	4.394	2.469	7.174	2.526	4.786
40.320	R2	2.527	6.622	2.527	4.409	2.471	7.289	2.524	4.801
40.360	R2	2.571	6.736	2.571	4.667	2.474	7.377	2.525	4.811
40.400	R2	2.476	5.473	2.628	5.133	2.473	7.495	2.525	4.846
40.440	R2	2.463	9.804	2.560	4.669	2.472	7.574	2.529	4.864
40.480	R2	2.485	7.962	2.485	4.654	2.460	7.700	2.517	4.841
40.520	R2	2.490	8.742	2.544	4.453	2.469	7.893	2.526	4.889
40.560	R2	2.399	7.797	2.574	5.060	2.461	7.981	2.525	4.931
40.600	R2	2.553	7.474	2.572	4.960	2.459	8.097	2.526	4.911
40.640	R2	2.403	9.599	2.553	5.071	2.448	8.231	2.523	4.912
40.680	R2	2.457	9.054	2.457	5.045	2.443	8.473	2.518	4.908
40.720	R2	2.514	9.091	2.514	5.083	2.443	8.528	2.511	4.932
40.760	R2	2.392	8.751	2.426	5.133	2.443	8.704	2.519	4.969
40.800	R2	2.485	8.010	2.577	4.879	2.439	8.767	2.515	4.955
40.840	R2	2.368	8.460	2.368	4.730	2.437	8.894	2.511	4.952
40.880	R2	2.468	9.793	2.468	5.613	2.433	8.863	2.502	4.960
40.920	R2	2.383	7.872	2.549	5.322	2.430	8.927	2.499	4.928
40.960	R2	2.368	9.428	2.616	4.884	2.429	8.898	2.502	4.942
41.000	R2	2.340	9.891	2.507	5.131	2.431	9.007	2.501	4.936
41.040	R2	2.333	10.271	2.333	4.862	2.427	9.147	2.496	4.934
41.080	R2	2.384	9.732	2.384	4.891	2.426	9.089	2.487	4.937
41.120	R2	2.536	10.138	2.696	5.139	2.423	9.094	2.484	4.931
41.160	R2	2.487	7.988	2.487	4.382	2.420	9.080	2.486	4.917
41.200	R2	2.437	8.029	2.547	5.082	2.422	9.054	2.495	4.889
41.240	R2	2.387	9.171	2.387	4.830	2.418	9.092	2.493	4.947
41.280	R2	2.426	9.239	2.426	4.000	2.416	9.116	2.498	4.961
41.320	R2	2.457	8.179	2.600	4.741	2.419	9.107	2.506	4.913
41.360	R2	2.451	9.968	2.548	4.939	2.419	9.176	2.498	4.874
41.400	R2	2.471	10.283	2.471	4.916	2.417	9.154	2.488	4.895
41.440	R2	2.377	8.439	2.377	5.138	2.425	9.138	2.490	4.891
41.480	R2	2.395	9.154	2.395	4.914	2.428	9.148	2.493	4.878
41.520	R2	2.458	8.807	2.566	4.805	2.423	9.118	2.488	4.861
41.560	R2	2.424	8.220	2.594	4.585	2.416	9.061	2.473	4.811
41.600	R2	2.418	8.782	2.540	6.035	2.408	9.101	2.465	4.848
41.640	R2	2.312	8.928	2.461	5.018	2.414	9.072	2.467	4.860
41.680	R2	2.546	9.620	2.628	4.639	2.415	9.121	2.469	4.871
41.720	R2	2.383	9.261	2.394	4.544	2.412	9.098	2.466	4.891
41.760	R2	2.320	8.987	2.418	5.317	2.410	9.124	2.465	4.900
41.800	R2	2.499	9.554	2.552	5.036	2.413	8.973	2.463	4.915
41.840	R2	2.396	10.478	2.396	4.605	2.415	8.807	2.465	4.928
41.880	R2	2.280	9.141	2.280	4.555	2.413	8.672	2.468	4.923
41.920	R2	2.389	8.995	2.389	4.145	2.415	8.550	2.469	4.916
41.960	R2	2.342	8.778	2.342	5.125	2.414	8.426	2.474	4.926
42.000	R2	2.562	7.462	2.584	5.314	2.421	8.400	2.472	4.926
42.040	R2	2.406	10.153	2.422	5.042	2.417	8.380	2.471	4.925
42.080	R2	2.362	8.773	2.362	4.409	2.416	8.361	2.471	4.941
42.120	R2	2.407	8.695	2.580	4.924	2.408	8.328	2.462	4.956
42.160	R2	2.516	6.943	2.516	5.234	2.412	8.252	2.467	4.970
42.200	R2	2.501	6.978	2.501	5.180	2.414	8.283	2.464	4.941
42.240	R2	2.348	5.736	2.441	5.027	2.411	8.302	2.458	4.921
42.280	R2	2.425	6.700	2.425	4.787	2.414	8.099	2.465	4.957
42.320	R2	2.448	6.339	2.647	5.001	2.419	7.954	2.480	4.977
42.360	R2	2.559	7.690	2.565	4.582	2.421	7.829	2.494	4.988
42.400	R2	2.334	8.381	2.526	6.021	2.423	7.719	2.500	4.951
42.440	R2	2.292	8.558	2.450	5.336	2.416	7.656	2.491	4.919
42.480	R2	2.399	8.951	2.443	4.937	2.415	7.477	2.493	4.907
42.520	R2	2.450	7.752	2.492	4.821	2.421	7.393	2.500	4.932
42.560	R2	2.372	9.603	2.372	4.748	2.426	7.334	2.496	4.941
42.600	R2	2.435	9.934	2.435	4.620	2.423	7.312	2.493	4.904
42.640	R2	2.449	6.411	2.540	5.326	2.417	7.259	2.488	4.897
42.680	R2	2.380	6.241	2.573	4.953	2.420	7.219	2.486	4.883
42.720	R2	2.427	6.495	2.667	4.377	2.409	7.247	2.481	4.864
42.760	R2	2.392	6.591	2.451	4.387	2.405	7.272	2.467	4.839
42.800	R2	2.419	6.193	2.419	4.668	2.405	7.195	2.466	4.846
42.840	R2	2.378	6.584	2.457	4.794	2.414	7.109	2.466	4.792
42.880	R2	2.493	7.094	2.493	4.923	2.419	7.018	2.470	4.760
42.920	R2	2.506	7.513	2.512	5.098	2.420	6.884	2.477	4.748
42.960	R2	2.452	6.490	2.457	4.483	2.421	6.844	2.476	4.735
43.000	R2	2.387	5.926	2.387	5.044	2.420	6.701	2.475	4.747
43.040	R2	2.404	4.941	2.404	4.754	2.413	6.567	2.468	4.764
43.080	R2	2.207	7.262	2.320	4.405	2.408	6.594	2.467	4.732
43.120	R2	2.368	6.828	2.368	4.495	2.411	6.578	2.460	4.707
43.160	R2	2.547	6.161	2.557	4.728	2.414	6.597	2.455	4.753
43.200	R2	2.514	6.648	2.514	4.934	2.420	6.578	2.458	4.799
43.240	R2	2.399	6.738	2.542	4.711	2.427	6.538	2.465	4.785
43.280	R2	2.429	6.274	2.589	4.684	2.426	6.508	2.473	4.821
43.320	R2	2.459	6.949	2.459	4.572	2.427	6.648	2.474	4.811
43.360	R2	2.359	6.745	2.359	4.976	2.431	6.793	2.480	4.805
43.400	R2	2.294	7.264	2.294	4.965	2.431	6.876	2.480	4.806
43.440	R2	2.354	6.952	2.515	4.682	2.432	6.994	2.481	4.774
43.480	R2	2.433	5.911	2.433	4.459	2.430	7.098	2.479	4.758
43.520	R2	2.484	6.869	2.562	5.293	2.445	7.173	2.489	4.785
43.560	R2	2.519	6.219	2.519	5.315	2.453	7.346	2.496	4.768
43.600	R2	2.550	5.394	2.550	4.391	2.453	7.524	2.496	4.743
43.640	R2	2.361	5.986	2.636	5.503	2.451	7.660	2.500	4.735
43.680	R2	2.508	9.888	2.508	4.723	2.450	7.772	2.492	4.757
43.720	R2	2.583	10.409	2.624	4.992	2.445	7.930	2.489	4.761
43.760	R2	2.454	8.156	2.454	4.505	2.438	7.918	2.490	4.768
43.800	R2	2.416	8.280	2.416	4.389	2.442	7.977	2.512	4.767
43.840	R2	2.364	7.037	2.364	4.432	2.452	8.065	2.522	4.775
43.880	R2	2.509	8.752	2.509	4.947	2.459	8.189	2.520	4.798
43.920	R2	2.522	10.293	2.522	4.151	2.462	8.420	2.523	4.808
43.960	R2	2.549	9.721	2.549	4.239	2.456	8.567	2.527	4.811
44.000	R2	2.482	9.360	2.598	4.773	2.451	8.727	2.521	4.786
44.040	R2	2.377	8.982	2.377	5.151	2.446	8.917	2.522	4.807
44.080	R2	2.332	9.433	2.534	4.755	2.449	8.988	2.512	4.790
44.120	R2	2.308	6.715	2.479	4.721	2.455	8.815	2.521	4.804
44.160	R2	2.448	7.922	2.786	4.960	2.448	8.737	2.512	4.804
44.200	R2	2.496	9.026	2.496	5.116	2.447	8.806	2.511	4.835
44.240	R2	2.477	9.430	2.477	5.140	2.447	8.917	2.511	4.886
44.280	R2	2.502	10.535	2.502	4.659	2.450	9.079	2.514	4.929
44.320	R2	2.373	9.797	2.635	5.368	2.446	9.106	2.510	4.908
44.360	R2	2.408	9.431	2.408	4.800	2.442	8.964	2.506	4.920
44.400	R2	2.448	9.176	2.576	4.816	2.437	8.824	2.504	4.932
44.440	R2	2.431	7.413	2.431	5.159	2.430	8.650	2.492	4.927
44.480	R2	2.625	6.438	2.689	5.007	2.429	8.581	2.490	4.922
44.520	R2	2.442	8.845	2.442	4.984	2.432	8.522	2.495	4.935
44.560	R2	2.439	9.541	2.439	5.138	2.434	8.659	2.493	4.946
44.600	R2	2.404	10.497	2.404	5.408	2.437	8.762	2.481	4.928
44.640	R2	2.435	10.266	2.435	5.285	2.435	8.811	2.479	4.909
44.680	R2	2.430	9.290	2.432	4.527	2.431	8.739	2.475	4.882
44.720	R2	2.434	7.454	2.434	4.391	2.429	8.685	2.473	4.881
44.760	R2	2.445	6.930	2.511	4.484	2.434	8.700	2.465	4.840
44.800	R2	2.345	5.874	2.345	4.677	2.435	8.702	2.474	4.836
44.840	R2	2.354	7.603	2.354	5.053	2.434	8.732	2.469	4.828
44.880	R2	2.407	8.267	2.632	5.013	2.433	8.843	2.476	4.810
44.920	R2	2.332	9.438	2.430	4.939	2.417	8.988	2.472	4.825
44.960	R2	2.510	9.996	2.549	4.601	2.417	8.912	2.481	4.836
45.000	R2	2.453	10.004	2.453	4.740	2.414	8.816	2.478	4.796
45.040	R2	2.409	7.980	2.409	4.586	2.417	8.733	2.481	4.746
45.080	R2	2.458	9.460	2.458	4.646	2.413	8.654	2.477	4.706
45.120	R2	2.471	10.095	2.471	4.548	2.407	8.675	2.471	4.701
45.160	R2	2.426	9.468	2.583	4.725	2.402	8.780	2.480	4.703
45.200	R2	2.423	9.781	2.482	4.650	2.397	8.912	2.476	4.738
45.240	R2	2.411	9.631	2.561	4.805	2.403	9.092	2.482	4.749
45.280	R2	2.310	9.346	2.621	5.308	2.399	9.219	2.491	4.757
45.320	R2	2.437	7.328	2.614	5.198	2.404	9.289	2.485	4.786
45.360	R2	2.382	7.622	2.382	4.344	2.409	9.284	2.485	4.807
45.400	R2	2.460	8.835	2.460	4.407	2.402	9.249	2.476	4.840
45.440	R2	2.368	8.680	2.368	4.471	2.401	9.256	2.482	4.842
45.480	R2	2.311	9.706	2.311	4.427	2.401	9.353	2.488	4.839
45.520	R2	2.337	9.563	2.602	4.433	2.398	9.348	2.485	4.843
45.560	R2	2.338	9.570	2.438	5.190	2.399	9.345	2.492	4.883
45.600	R2	2.456	9.475	2.456	4.899	2.403	9.364	2.488	4.869
45.640	R2	2.282	10.143	2.539	5.212	2.401	9.341	2.487	4.860
45.680	R2	2.510	9.655	2.518	5.584	2.404	9.363	2.485	4.835
45.720	R2	2.418	9.341	2.418	5.365	2.406	9.372	2.472	4.769
45.760	R2	2.378	9.292	2.378	5.264	2.402	9.472	2.459	4.727
45.800	R2	2.440	10.146	2.562	4.787	2.405	9.579	2.475	4.787
45.840	R2	2.406	9.925	2.537	4.518	2.406	9.630	2.476	4.827
45.880	R2	2.402	9.363	2.402	4.724	2.414	9.616	2.487	4.857
45.920	R2	2.489	10.027	2.609	5.351	2.422	9.623	2.502	4.849
45.960	R2	2.510	9.843	2.510	4.446	2.426	9.681	2.500	4.862
46.000	R2	2.372	9.333	2.460	4.467	2.432	9.735	2.501	4.824
46.040	R2	2.465	10.066	2.510	4.301	2.432	9.744	2.502	4.817
46.080	R2	2.361	9.520	2.361	4.003	2.439	9.706	2.500	4.789
46.120	R2	2.349	9.336	2.349	4.344	2.434	9.699	2.502	4.751
46.160	R2	2.454	9.761	2.704	5.544	2.437	9.706	2.516	4.722
46.200	R2	2.480	9.847	2.480	5.210	2.442	9.747	2.521	4.717
46.240	R2	2.527	8.406	2.589	5.081	2.442	9.764	2.515	4.731
46.280	R2	2.468	9.855	2.624	4.260	2.447	9.796	2.513	4.738
46.320	R2	2.411	10.722	2.554	4.693	2.449	9.822	2.516	4.744
46.360	R2	2.465	10.641	2.465	4.433	2.441	9.853	2.514	4.726
46.400	R2	2.448	9.665	2.460	4.758	2.437	9.830	2.509	4.741
46.440	R2	2.432	9.372	2.504	4.646	2.438	9.797	2.506	4.738
46.480	R2	2.413	9.524	2.559	4.831	2.439	9.784	2.511	4.751
46.520	R2	2.477	9.475	2.710	4.783	2.440	9.767	2.523	4.800
46.560	R2	2.461	10.104	2.461	5.170	2.441	9.755	2.524	4.811
46.600	R2	2.457	10.496	2.457	5.063	2.437	9.654	2.512	4.803
46.640	R2	2.496	10.560	2.496	4.659	2.432	9.659	2.522	4.784
46.680	R2	2.446	9.888	2.466	4.832	2.427	9.671	2.513	4.790
46.720	R2	2.331	10.645	2.553	5.003	2.423	9.573	2.501	4.828
46.760	R2	2.421	9.375	2.421	4.731	2.428	9.374	2.499	4.819
46.800	R2	2.395	8.690	2.395	4.417	2.427	9.173	2.498	4.814
46.840	R2	2.493	9.804	2.605	4.560	2.428	9.172	2.499	4.794
46.880	R2	2.375	9.166	2.611	4.975	2.422	9.189	2.489	4.795
46.920	R2	2.365	9.098	2.365	4.570	2.423	9.115	2.483	4.796
46.960	R2	2.370	7.736	2.465	5.383	2.417	8.976	2.473	4.781
47.000	R2	2.395	9.955	2.672	4.838	2.419	8.766	2.475	4.772
47.040	R2	2.413	8.656	2.413	5.191	2.418	8.574	2.484	4.755
47.080	R2	2.387	7.890	2.387	5.032	2.417	8.329	2.484	4.754
47.120	R2	2.516	6.740	2.516	4.505	2.413	8.092	2.479	4.750
47.160	R2	2.443	6.624	2.443	4.341	2.423	7.913	2.482	4.760
47.200	R2	2.475	9.639	2.475	4.355	2.430	7.856	2.492	4.747
47.240	R2	2.305	9.710	2.305	4.658	2.434	7.828	2.501	4.762
47.280	R2	2.434	8.048	2.434	4.848	2.428	7.749	2.489	4.778
47.320	R2	2.367	6.700	2.523	4.481	2.433	7.647	2.482	4.758
47.360	R2	2.489	5.901	2.499	4.991	2.440	7.708	2.490	4.780
47.400	R2	2.440	6.657	2.637	4.732	2.445	7.762	2.503	4.749
47.440	R2	2.489	5.659	2.489	4.640	2.443	7.749	2.496	4.745
47.480	R2	2.362	5.155	2.362	4.743	2.447	7.722	2.500	4.720
47.520	R2	2.522	7.055	2.620	5.217	2.447	7.797	2.507	4.711
47.560	R2	2.568	8.231	2.623	4.455	2.443	8.000	2.506	4.712
47.600	R2	2.469	8.134	2.565	4.723	2.442	7.954	2.505	4.729
47.640	R2	2.377	8.218	2.377	4.872	2.437	7.770	2.508	4.715
47.680	R2	2.475	7.137	2.475	4.584	2.442	7.608	2.525	4.756
47.720	R2	2.503	10.325	2.527	5.011	2.444	7.457	2.526	4.757
47.760	R2	2.464	8.813	2.711	4.761	2.446	7.366	2.527	4.784
47.800	R2	2.360	9.684	2.546	4.757	2.447	7.432	2.536	4.789
47.840	R2	2.491	8.124	2.491	4.693	2.446	7.453	2.524	4.814
47.880	R2	2.402	9.380	2.526	4.846	2.445	7.519	2.526	4.850
47.920	R2	2.417	10.814	2.487	4.538	2.450	7.680	2.532	4.860
47.960	R2	2.423	5.688	2.423	4.678	2.442	7.774	2.519	4.824
48.000	R2	2.391	5.963	2.545	4.072	2.436	7.779	2.513	4.850
48.040	R2	2.403	6.480	2.631	5.487	2.440	7.861	2.513	4.838
48.080	R2	2.465	5.012	2.465	4.857	2.450	7.924	2.522	4.855
48.120	R2	2.410	4.881	2.549	5.015	2.443	8.030	2.515	4.850
48.160	R2	2.512	7.229	2.667	5.097	2.439	8.001	2.511	4.851
48.200	R2	2.410	7.086	2.410	5.226	2.441	7.974	2.500	4.823
48.240	R2	2.468	6.974	2.521	5.371	2.447	7.978	2.502	4.834
48.280	R2	2.469	8.379	2.473	4.940	2.446	8.071	2.500	4.844
48.320	R2	2.369	8.931	2.369	4.487	2.448	8.099	2.504	4.820
48.360	R2	2.442	8.333	2.510	4.991	2.447	8.004	2.504	4.836
48.400	R2	2.549	9.774	2.549	4.468	2.446	8.175	2.504	4.853
48.440	R2	2.576	9.476	2.576	5.213	2.458	8.296	2.508	4.908
48.480	R2	2.332	9.253	2.332	4.486	2.468	8.517	2.507	4.887
48.520	R2	2.434	9.747	2.434	5.034	2.456	8.712	2.503	4.895
48.560	R2	2.495	8.270	2.495	4.196	2.457	8.944	2.497	4.871
48.600	R2	2.486	9.765	2.583	4.977	2.452	8.978	2.497	4.890
48.640	R2	2.461	9.994	2.461	4.895	2.452	9.138	2.503	4.881
48.680	R2	2.456	9.932	2.598	4.365	2.453	9.281	2.501	4.834
48.720	R2	2.383	8.914	2.493	4.865	2.450	9.365	2.500	4.806
48.760	R2	2.414	9.113	2.414	5.013	2.454	9.326	2.509	4.813
48.800	R2	2.632	8.382	2.632	5.170	2.457	9.252	2.515	4.785
48.840	R2	2.593	10.900	2.607	5.077	2.444	9.091	2.516	4.781
48.880	R2	2.224	8.912	2.394	5.009	2.439	8.962	2.511	4.731
48.920	R2	2.426	9.518	2.426	4.547	2.439	8.814	2.515	4.717
48.960	R2	2.412	7.900	2.670	5.476	2.439	8.637	2.517	4.687
49.000	R2	2.419	10.301	2.525	5.040	2.434	8.684	2.517	4.715
49.040	R2	2.480	9.817	2.480	4.440	2.436	8.603	2.516	4.686
49.080	R2	2.426	10.073	2.446	4.378	2.442	8.529	2.526	4.681
49.120	R2	2.446	8.144	2.558	4.621	2.439	8.476	2.516	4.713
49.160	R2	2.504	6.845	2.619	4.433	2.443	8.506	2.519	4.711
49.200	R2	2.285	6.554	2.571	4.376	2.444	8.521	2.524	4.698
49.240	R2	2.475	6.903	2.475	4.217	2.426	8.582	2.506	4.661
49.280	R2	2.324	6.303	2.412	4.211	2.416	8.523	2.501	4.669
49.320	R2	2.443	6.196	2.484	4.442	2.430	8.544	2.507	4.704
49.360	R2	2.382	9.211	2.482	4.738	2.431	8.545	2.512	4.715
49.400	R2	2.537	8.141	2.572	4.414	2.432	8.651	2.507	4.702
49.440	R2	2.570	8.525	2.661	4.795	2.440	8.609	2.511	4.721
49.480	R2	2.405	8.866	2.405	4.998	2.435	8.575	2.508	4.737
49.520	R2	2.468	9.505	2.546	4.826	2.435	8.427	2.510	4.752
49.560	R2	2.429	9.420	2.519	4.758	2.432	8.364	2.506	4.727
49.600	R2	2.269	9.604	2.269	4.433	2.421	8.442	2.490	4.732
49.640	R2	2.402	9.725	2.511	5.237	2.432	8.489	2.487	4.730
49.680	R2	2.504	9.323	2.504	5.699	2.432	8.581	2.492	4.749
49.720	R2	2.434	9.535	2.541	4.769	2.441	8.733	2.498	4.769
49.760	R2	2.428	10.036	2.566	5.212	2.442	8.873	2.499	4.804
49.800	R2	2.592	9.447	2.592	5.431	2.441	8.925	2.495	4.804
49.840	R2	2.370	9.149	2.433	4.748	2.436	8.939	2.488	4.810
49.880	R2	2.442	7.112	2.485	4.674	2.428	8.995	2.482	4.812
49.920	R2	2.382	6.888	2.482	4.122	2.431	8.941	2.493	4.810
49.960	R2	2.286	8.395	2.286	4.547	2.432	8.876	2.496	4.840
50.000	R2	2.506	7.501	2.509	4.333	2.432	8.821	2.497	4.859
50.040	R2	2.475	8.746	2.584	4.597	2.442	8.753	2.509	4.864
50.080	R2	2.495	9.332	2.536	4.605	2.435	8.519	2.504	4.838
50.120	R2	2.471	8.994	2.489	5.153	2.435	8.393	2.504	4.770
50.160	R2	2.364	10.255	2.400	4.728	2.435	8.229	2.505	4.761
50.200	R2	2.436	8.427	2.445	4.538	2.434	8.091	2.502	4.727
50.240	R2	2.402	9.649	2.535	4.840	2.429	8.095	2.496	4.698
50.280	R2	2.469	7.778	2.632	4.961	2.434	8.110	2.499	4.730
50.320	R2	2.492	8.202	2.603	5.424	2.435	8.111	2.497	4.751
50.360	R2	2.426	8.333	2.543	5.131	2.433	8.066	2.490	4.770
50.400	R2	2.472	8.228	2.501	4.523	2.441	7.970	2.498	4.769
50.440	R2	2.260	5.042	2.417	4.724	2.434	7.906	2.505	4.777
50.480	R2	2.502	6.819	2.502	4.344	2.428	7.763	2.499	4.793
50.520	R2	2.424	6.249	2.561	4.589	2.428	7.623	2.502	4.812
50.560	R2	2.422	7.284	2.509	4.531	2.417	7.538	2.507	4.795
50.600	R2	2.475	9.515	2.475	4.855	2.422	7.466	2.520	4.802
50.640	R2	2.490	9.462	2.490	5.377	2.420	7.527	2.517	4.785
50.680	R2	2.444	7.122	2.444	5.091	2.420	7.333	2.510	4.783
50.720	R2	2.344	5.985	2.344	4.507	2.418	7.298	2.505	4.781
50.760	R2	2.442	6.477	2.442	4.529	2.417	7.323	2.498	4.769
50.800	R2	2.380	6.222	2.639	4.497	2.416	7.181	2.491	4.749
50.840	R2	2.341	5.876	2.470	4.908	2.412	7.068	2.495	4.758
50.880	R2	2.496	6.550	2.601	4.982	2.419	7.117	2.495	4.745
50.920	R2	2.258	7.278	2.584	4.822	2.411	7.146	2.487	4.765
50.960	R2	2.469	8.824	2.655	4.861	2.413	7.116	2.481	4.779
51.000	R2	2.393	9.649	2.393	4.212	2.419	7.092	2.484	4.815
51.040	R2	2.401	5.762	2.401	4.788	2.418	6.937	2.486	4.807
51.080	R2	2.434	7.089	2.517	4.930	2.415	6.859	2.483	4.769
51.120	R2	2.460	8.701	2.460	5.168	2.418	6.974	2.486	4.760
51.160	R2	2.419	5.482	2.419	4.746	2.421	7.085	2.489	4.774
51.200	R2	2.385	5.978	2.584	4.705	2.417	7.224	2.485	4.789
51.240	R2	2.407	6.014	2.407	4.462	2.422	7.356	2.478	4.800
51.280	R2	2.336	7.398	2.336	4.730	2.427	7.440	2.480	4.796
51.320	R2	2.458	5.646	2.458	4.869	2.427	7.530	2.475	4.822
51.360	R2	2.555	6.812	2.555	5.266	2.433	7.571	2.469	4.822
51.400	R2	2.440	6.404	2.513	4.691	2.426	7.633	2.465	4.826
51.440	R2	2.443	7.907	2.443	4.607	2.429	7.543	2.468	4.862
51.480	R2	2.497	9.417	2.497	4.917	2.430	7.583	2.476	4.837
51.520	R2	2.407	8.204	2.407	4.788	2.430	7.572	2.485	4.843
51.560	R2	2.371	9.266	2.371	4.831	2.428	7.619	2.488	4.807
51.600	R2	2.464	8.871	2.499	4.712	2.430	7.847	2.490	4.777
51.640	R2	2.452	7.539	2.498	4.833	2.428	8.070	2.478	4.763
51.680	R2	2.496	8.357	2.496	5.513	2.432	8.174	2.487	4.821
51.720	R2	2.381	8.108	2.471	4.806	2.432	8.276	2.487	4.814
51.760	R2	2.318	10.051	2.568	4.946	2.427	8.507	2.482	4.799
51.800	R2	2.456	7.847	2.456	4.932	2.423	8.659	2.483	4.816
51.840	R2	2.432	6.566	2.567	4.296	2.427	8.750	2.484	4.838
51.880	R2	2.426	6.871	2.697	5.050	2.429	8.805	2.486	4.824
51.920	R2	2.426	9.632	2.523	4.448	2.426	8.867	2.484	4.802
51.960	R2	2.447	10.052	2.447	4.136	2.428	8.877	2.488	4.783
52.000	R2	2.357	10.429	2.357	4.419	2.433	8.872	2.493	4.777
52.040	R2	2.471	8.094	2.578	5.631	2.431	8.853	2.490	4.765
52.080	R2	2.343	9.440	2.343	4.589	2.425	8.926	2.496	4.748
52.120	R2	2.357	10.277	2.357	4.562	2.418	8.952	2.495	4.710
52.160	R2	2.479	9.849	2.575	5.619	2.413	8.974	2.503	4.705
52.200	R2	2.520	8.219	2.532	5.132	2.423	8.861	2.513	4.718
52.240	R2	2.470	9.000	2.470	4.321	2.420	8.883	2.516	4.710
52.280	R2	2.441	10.658	2.473	4.468	2.423	8.956	2.513	4.754
52.320	R2	2.446	8.413	2.477	4.424	2.423	9.055	2.502	4.740
52.360	R2	2.476	9.158	2.476	4.695	2.425	8.928	2.499	4.761
52.400	R2	2.433	8.495	2.433	4.480	2.421	8.947	2.496	4.785
52.440	R2	2.315	8.997	2.626	4.502	2.429	8.891	2.503	4.820
52.480	R2	2.358	8.892	2.481	4.745	2.426	8.858	2.495	4.793
52.520	R2	2.299	8.544	2.629	4.701	2.434	8.799	2.507	4.818
52.560	R2	2.500	7.787	2.766	5.203	2.431	8.742	2.514	4.816
52.600	R2	2.401	8.281	2.511	4.784	2.430	8.700	2.520	4.803
52.640	R2	2.499	8.030	2.500	5.165	2.424	8.693	2.516	4.788
52.680	R2	2.417	8.857	2.482	4.780	2.423	8.721	2.524	4.858
52.720	R2	2.465	7.090	2.472	4.857	2.417	8.562	2.519	4.874
52.760	R2	2.380	10.440	2.380	4.614	2.415	8.517	2.519	4.897
52.800	R2	2.506	9.300	2.506	5.136	2.416	8.440	2.520	4.907
52.840	R2	2.414	7.442	2.414	5.073	2.407	8.397	2.511	4.941
52.880	R2	2.506	8.246	2.586	5.100	2.411	8.455	2.504	4.964
52.920	R2	2.298	9.142	2.497	4.525	2.408	8.498	2.495	4.970
52.960	R2	2.453	9.009	2.677	5.345	2.415	8.512	2.486	5.003
53.000	R2	2.399	8.083	2.457	4.832	2.412	8.603	2.478	5.002
53.040	R2	2.462	9.564	2.643	5.726	2.419	8.597	2.480	5.021
53.080	R2	2.304	7.467	2.360	4.792	2.421	8.623	2.481	5.012
53.120	R2	2.422	7.518	2.492	4.875	2.418	8.663	2.476	5.021
53.160	R2	2.496	7.624	2.496	4.909	2.414	8.797	2.471	5.009
53.200	R2	2.247	7.622	2.247	5.165	2.419	8.718	2.489	5.023
53.240	R2	2.385	10.164	2.478	4.959	2.409	8.723	2.492	5.008
53.280	R2	2.303	9.749	2.303	4.851	2.417	8.847	2.501	4.994
53.320	R2	2.435	8.832	2.449	5.366	2.411	8.811	2.492	4.979
53.360	R2	2.439	9.601	2.604	5.185	2.422	8.725	2.496	5.023
53.400	R2	2.557	8.158	2.557	5.172	2.426	8.708	2.491	5.016
53.440	R2	2.520	8.545	2.520	4.986	2.429	8.588	2.493	5.016
53.480	R2	2.376	9.668	2.376	4.954	2.432	8.472	2.487	4.981
53.520	R2	2.386	9.769	2.386	4.621	2.443	8.411	2.506	5.016
53.560	R2	2.480	8.852	2.739	4.889	2.444	8.469	2.503	4.990
53.600	R2	2.305	9.400	2.555	4.840	2.447	8.627	2.510	4.988
53.640	R2	2.564	9.918	2.599	4.799	2.454	8.703	2.518	4.948
53.680	R2	2.395	7.534	2.395	4.787	2.456	8.643	2.519	4.942
53.720	R2	2.501	7.426	2.593	5.413	2.461	8.493	2.524	4.956
53.760	R2	2.534	8.666	2.572	5.193	2.464	8.499	2.536	4.926
53.800	R2	2.466	5.679	2.504	4.841	2.466	8.427	2.532	4.899
53.840	R2	2.514	7.247	2.514	5.025	2.457	8.481	2.526	4.856
53.880	R2	2.536	6.248	2.733	5.494	2.455	8.427	2.524	4.856
53.920	R2	2.444	8.683	2.444	4.359	2.460	8.388	2.534	4.851
53.960	R2	2.546	10.789	2.640	4.871	2.467	8.327	2.542	4.838
54.000	R2	2.401	9.141	2.401	4.351	2.464	8.302	2.525	4.831
54.040	R2	2.410	8.955	2.503	4.850	2.464	8.228	2.525	4.831
54.080	R2	2.404	6.755	2.404	5.133	2.465	8.167	2.528	4.827
54.120	R2	2.494	8.944	2.672	4.756	2.465	8.269	2.529	4.805
54.160	R2	2.493	8.157	2.532	4.656	2.460	8.286	2.518	4.756
54.200	R2	2.370	9.248	2.444	4.303	2.452	8.247	2.510	4.711
54.240	R2	2.484	7.455	2.484	4.986	2.449	8.299	2.515	4.704
54.280	R2	2.465	8.897	2.569	4.855	2.446	8.234	2.514	4.667
54.320	R2	2.536	8.549	2.536	4.364	2.438	8.189	2.496	4.637
54.360	R2	2.414	8.339	2.414	4.743	2.435	8.083	2.494	4.674
54.400	R2	2.318	7.920	2.542	4.840	2.427	7.895	2.482	4.679
54.440	R2	2.580	8.715	2.673	4.715	2.432	7.863	2.487	4.683
54.480	R2	2.401	9.571	2.401	4.353	2.428	7.701	2.477	4.670
54.520	R2	2.384	7.765	2.384	4.424	2.426	7.683	2.476	4.660
54.560	R2	2.374	7.875	2.407	4.298	2.427	7.574	2.470	4.662
54.600	R2	2.421	6.726	2.599	4.713	2.426	7.614	2.467	4.670
54.640	R2	2.446	5.956	2.496	4.280	2.431	7.664	2.473	4.718
54.680	R2	2.380	5.349	2.380	4.898	2.426	7.750	2.475	4.731
54.720	R2	2.371	6.559	2.394	5.083	2.423	7.789	2.474	4.745
54.760	R2	2.398	7.021	2.398	4.987	2.415	7.773	2.471	4.796
54.800	R2	2.503	8.500	2.504	4.414	2.418	7.765	2.478	4.803
54.840	R2	2.316	5.717	2.316	4.610	2.424	7.830	2.473	4.837
54.880	R2	2.373	6.397	2.373	4.926	2.418	7.819	2.472	4.865
54.920	R2	2.518	6.765	2.556	4.801	2.422	7.830	2.476	4.894
54.960	R2	2.466	8.961	2.466	4.809	2.430	7.915	2.488	4.951
55.000	R2	2.468	10.250	2.559	5.261	2.428	7.851	2.492	4.958
55.040	R2	2.398	9.171	2.524	5.239	2.437	7.821	2.492	4.964
55.080	R2	2.391	9.679	2.551	5.142	2.433	7.872	2.496	5.015
55.120	R2	2.385	8.215	2.485	5.385	2.435	7.956	2.498	5.003
55.160	R2	2.472	8.191	2.554	4.884	2.437	7.906	2.506	4.975
55.200	R2	2.444	9.208	2.444	5.512	2.437	7.907	2.506	4.957
55.240	R2	2.454	8.504	2.645	5.277	2.432	7.841	2.505	4.960
55.280	R2	2.484	9.798	2.484	4.934	2.438	8.081	2.511	4.961
55.320	R2	2.540	9.452	2.630	5.570	2.440	8.241	2.524	4.959
55.360	R2	2.339	6.605	2.489	4.434	2.434	8.247	2.515	4.953
55.400	R2	2.586	6.125	2.586	4.832	2.431	8.212	2.512	4.960
55.440	R2	2.369	6.973	2.576	5.306	2.428	7.973	2.507	4.936
55.480	R2	2.427	7.021	2.427	4.650	2.424	7.858	2.497	4.854
55.520	R2	2.403	5.559	2.544	4.530	2.430	7.863	2.495	4.818
55.560	R2	2.405	7.057	2.405	4.629	2.437	7.968	2.499	4.770
55.600	R2	2.395	7.180	2.489	4.467	2.430	8.007	2.499	4.760
55.640	R2	2.443	10.501	2.443	4.634	2.433	8.002	2.502	4.732
55.680	R2	2.421	9.612	2.614	4.873	2.432	7.930	2.491	4.687
55.720	R2	2.390	6.880	2.390	4.694	2.433	7.875	2.495	4.622
55.760	R2	2.408	8.264	2.408	4.948	2.428	7.825	2.486	4.577
55.800	R2	2.401	5.467	2.461	4.774	2.432	7.900	2.486	4.589
55.840	R2	2.314	6.873	2.314	3.603	2.417	7.974	2.484	4.561
55.880	R2	2.521	9.772	2.521	4.426	2.417	7.942	2.474	4.504
55.920	R2	2.527	10.321	2.549	4.430	2.413	7.943	2.469	4.481
55.960	R2	2.335	8.972	2.564	4.686	2.414	8.021	2.467	4.471
56.000	R2	2.496	9.105	2.496	4.952	2.423	8.069	2.476	4.483
56.040	R2	2.437	7.068	2.437	4.375	2.428	8.117	2.482	4.488
56.080	R2	2.499	8.691	2.558	3.633	2.427	7.954	2.481	4.481
56.120	R2	2.449	8.461	2.449	4.656	2.432	7.790	2.478	4.469
56.160	R2	2.410	8.102	2.480	4.677	2.433	7.740	2.485	4.473
56.200	R2	2.284	7.595	2.549	4.286	2.431	7.611	2.490	4.451
56.240	R2	2.382	6.333	2.382	4.160	2.435	7.617	2.491	4.439
56.280	R2	2.332	7.047	2.332	4.189	2.444	7.573	2.499	4.507
56.320	R2	2.424	7.115	2.491	4.328	2.435	7.394	2.491	4.554
56.360	R2	2.592	8.027	2.592	4.870	2.431	7.197	2.485	4.563
56.400	R2	2.501	8.127	2.617	4.568	2.439	6.989	2.488	4.555
56.440	R2	2.423	7.255	2.423	4.489	2.439	6.858	2.491	4.521
56.480	R2	2.515	6.327	2.556	4.639	2.441	7.019	2.494	4.519
56.520	R2	2.404	5.884	2.524	4.763	2.443	7.004	2.494	4.563
56.560	R2	2.378	5.679	2.497	4.520	2.441	7.020	2.492	4.566
56.600	R2	2.484	5.585	2.484	4.524	2.443	7.090	2.490	4.575
56.640	R2	2.489	5.993	2.489	4.971	2.451	7.171	2.485	4.584
56.680	R2	2.342	6.201	2.342	5.367	2.451	7.329	2.484	4.601
56.720	R2	2.445	6.376	2.445	4.613	2.456	7.465	2.494	4.625
56.760	R2	2.499	4.810	2.620	4.528	2.459	7.501	2.502	4.685
56.800	R2	2.486	6.494	2.553	4.256	2.451	7.592	2.499	4.704
56.840	R2	2.488	10.272	2.488	4.349	2.441	7.622	2.483	4.735
56.880	R2	2.532	8.395	2.560	4.503	2.447	7.758	2.489	4.740
56.920	R2	2.411	8.777	2.411	4.727	2.440	7.748	2.500	4.793
56.960	R2	2.450	9.509	2.450	4.848	2.438	7.827	2.500	4.818
57.000	R2	2.452	9.221	2.452	4.467	2.437	7.912	2.506	4.855
57.040	R2	2.363	9.494	2.364	4.507	2.427	8.012	2.505	4.852
57.080	R2	2.440	9.769	2.524	4.663	2.430	8.149	2.514	4.919
57.120	R2	2.484	7.824	2.647	5.522	2.436	8.269	2.520	4.913
57.160	R2	2.427	9.845	2.534	5.257	2.432	8.445	2.516	4.911
57.200	R2	2.307	8.723	2.307	5.186	2.429	8.706	2.514	4.993
57.240	R2	2.541	9.989	2.541	4.601	2.433	8.864	2.517	5.061
57.280	R2	2.381	6.127	2.768	5.682	2.430	8.782	2.515	5.068
57.320	R2	2.368	7.456	2.524	5.273	2.422	8.821	2.507	5.049
57.360	R2	2.354	7.370	2.609	5.264	2.426	8.838	2.511	5.040
57.400	R2	2.282	7.598	2.481	4.449	2.425	8.760	2.514	5.046
57.440	R2	2.545	8.721	2.660	6.322	2.429	8.784	2.518	5.075
57.480	R2	2.465	8.605	2.465	5.250	2.435	8.794	2.527	5.101
57.520	R2	2.370	9.893	2.370	4.562	2.434	8.776	2.529	5.125
57.560	R2	2.439	10.034	2.574	6.176	2.441	8.885	2.527	5.102
57.600	R2	2.552	9.660	2.615	5.616	2.442	8.915	2.523	5.092
57.640	R2	2.441	8.633	2.441	4.486	2.449	8.907	2.536	5.056
57.680	R2	2.363	9.169	2.406	4.128	2.442	8.852	2.537	5.095
57.720	R2	2.491	9.131	2.491	4.549	2.445	8.975	2.521	5.045
57.760	R2	2.434	7.942	2.499	4.965	2.454	8.923	2.528	5.050
57.800	R2	2.538	9.704	2.538	5.044	2.458	8.898	2.527	5.045
57.840	R2	2.476	9.683	2.541	5.021	2.464	8.859	2.527	5.037
57.880	R2	2.433	9.405	2.563	5.154	2.464	8.812	2.522	4.946
57.920	R2	2.609	10.007	2.609	5.050	2.465	8.818	2.523	4.911
57.960	R2	2.457	10.458	2.457	5.072	2.464	8.772	2.530	4.936
58.000	R2	2.442	8.565	2.575	4.461	2.469	8.750	2.528	4.854
58.040	R2	2.401	8.885	2.559	5.372	2.460	8.793	2.517	4.820
58.080	R2	2.439	8.576	2.439	4.695	2.460	8.700	2.523	4.843
58.120	R2	2.553	6.430	2.677	5.369	2.463	8.745	2.524	4.877
58.160	R2	2.423	6.855	2.590	5.161	2.466	8.797	2.529	4.917
58.200	R2	2.407	6.819	2.481	4.293	2.471	8.757	2.530	4.926
58.240	R2	2.551	7.785	2.551	4.488	2.460	8.721	2.523	4.919
58.280	R2	2.484	8.733	2.484	4.562	2.463	8.731	2.528	4.931
58.320	R2	2.340	8.968	2.508	5.067	2.461	8.748	2.522	4.924
58.360	R2	2.540	9.591	2.547	4.532	2.454	8.690	2.515	4.918
58.400	R2	2.381	10.528	2.381	4.934	2.448	8.606	2.518	4.884
58.440	R2	2.437	6.777	2.564	4.941	2.449	8.661	2.513	4.922
58.480	R2	2.421	10.060	2.421	4.809	2.448	8.684	2.504	4.917
58.520	R2	2.555	10.179	2.591	5.356	2.445	8.712	2.503	4.913
58.560	R2	2.525	7.133	2.532	5.139	2.437	8.892	2.494	4.892
58.600	R2	2.319	8.981	2.394	4.904	2.439	9.094	2.496	4.860
58.640	R2	2.545	9.884	2.630	5.260	2.433	9.260	2.486	4.897
58.680	R2	2.394	9.740	2.442	5.010	2.431	9.312	2.484	4.905
58.720	R2	2.471	8.861	2.471	4.939	2.426	9.266	2.479	4.902
58.760	R2	2.329	8.775	2.518	4.386	2.432	9.283	2.477	4.895
58.800	R2	2.472	9.663	2.486	5.218	2.429	9.188	2.476	4.907
58.840	R2	2.373	9.339	2.373	5.272	2.433	9.081	2.481	4.916
58.880	R2	2.377	9.147	2.413	4.623	2.433	9.162	2.474	4.900
58.920	R2	2.393	10.022	2.507	4.940	2.431	9.133	2.486	4.929
58.960	R2	2.470	10.898	2.620	4.536	2.424	8.984	2.477	4.947
59.000	R2	2.292	10.131	2.292	5.022	2.422	9.000	2.482	4.939
59.040	R2	2.510	8.826	2.510	4.640	2.427	8.952	2.483	4.944
59.080	R2	2.382	7.819	2.382	4.514	2.420	8.851	2.472	4.930
59.120	R2	2.458	9.303	2.458	4.914	2.427	8.846	2.477	4.941
59.160	R2	2.474	7.694	2.536	4.783	2.423	8.907	2.472	4.923
59.200	R2	2.470	8.381	2.470	5.108	2.427	8.899	2.475	4.973
59.240	R2	2.438	8.396	2.438	4.633	2.426	8.855	2.482	4.939
59.280	R2	2.363	9.489	2.654	5.385	2.429	8.849	2.498	4.942
59.320	R2	2.418	7.203	2.418	5.714	2.433	8.886	2.504	4.955
59.360	R2	2.483	7.455	2.617	4.974	2.431	8.875	2.496	4.952
59.400	R2	2.428	8.005	2.428	5.009	2.429	8.789	2.500	4.988
59.440	R2	2.402	7.876	2.402	4.973	2.433	8.791	2.503	4.965
59.480	R2	2.539	9.646	2.539	5.229	2.425	8.865	2.496	4.962
59.520	R2	2.385	10.064	2.385	4.577	2.427	8.971	2.498	4.962
59.560	R2	2.416	8.616	2.565	5.401	2.424	8.982	2.502	4.955
59.600	R2	2.448	8.796	2.631	4.535	2.420	9.075	2.495	4.935
59.640	R2	2.436	9.207	2.700	5.326	2.428	9.100	2.506	4.976
59.680	R2	2.449	9.888	2.525	4.881	2.427	9.144	2.512	5.005
59.720	R2	2.348	9.814	2.348	4.889	2.431	9.124	2.503	4.983
59.760	R2	2.448	9.163	2.696	5.256	2.434	9.223	2.507	4.930
59.800	R2	2.354	10.170	2.354	4.565	2.425	9.286	2.491	4.924
59.840	R2	2.369	10.311	2.369	4.583	2.424	9.395	2.498	4.910
59.880	R2	2.420	9.948	2.420	4.504	2.420	9.454	2.494	4.903
59.920	R2	2.393	9.509	2.551	4.773	2.422	9.439	2.497	4.883
59.960	R2	2.393	9.557	2.393	4.389	2.421	9.444	2.498	4.873
60.000	R2	2.636	8.897	2.685	5.922	2.423	9.496	2.495	4.838
60.040	R2	2.402	9.270	2.551	5.211	2.420	9.513	2.483	4.860
60.080	R2	2.456	9.089	2.491	4.943	2.421	9.471	2.471	4.826
60.120	R2	2.466	9.190	2.482	4.657	2.423	9.439	2.471	4.818
60.160	R2	2.313	8.702	2.313	4.862	2.431	9.417	2.483	4.825
60.200	R2	2.409	10.194	2.568	4.728	2.428	9.368	2.475	4.856
60.240	R2	2.320	9.041	2.320	4.821	2.433	9.365	2.482	4.875
60.280	R2	2.577	9.350	2.590	4.840	2.439	9.271	2.489	4.897
60.320	R2	2.373	10.170	2.406	4.380	2.437	9.237	2.497	4.932
60.360	R2	2.452	9.654	2.506	4.696	2.429	9.193	2.492	4.932
60.400	R2	2.385	9.138	2.385	4.981	2.438	9.207	2.501	4.954
60.440	R2	2.464	8.372	2.464	4.641	2.429	9.197	2.491	4.893
60.480	R2	2.470	9.252	2.521	4.728	2.433	9.235	2.487	4.849
60.520	R2	2.518	9.360	2.597	5.013	2.434	9.237	2.488	4.843
60.560	R2	2.395	8.179	2.542	5.884	2.426	9.259	2.486	4.838
60.600	R2	2.445	10.114	2.494	4.943	2.428	9.251	2.489	4.879
60.640	R2	2.483	8.444	2.490	5.015	2.433	9.215	2.487	4.888
60.680	R2	2.383	9.254	2.595	5.206	2.442	9.255	2.496	4.878
60.720	R2	2.246	8.627	2.444	4.778	2.431	9.238	2.485	4.884
60.760	R2	2.569	9.841	2.574	4.833	2.436	9.164	2.487	4.905
60.800	R2	2.455	8.706	2.483	4.701	2.435	9.029	2.494	4.917
60.840	R2	2.479	10.033	2.479	4.326	2.431	8.920	2.490	4.897
60.880	R2	2.477	9.113	2.498	4.831	2.430	8.810	2.496	4.903
60.920	R2	2.299	9.642	2.445	4.549	2.425	8.683	2.489	4.916
60.960	R2	2.368	8.536	2.382	5.675	2.415	8.515	2.475	4.888
61.000	R2	2.507	9.483	2.530	4.910	2.413	8.415	2.465	4.838
61.040	R2	2.496	9.834	2.496	4.620	2.414	8.378	2.469	4.838
61.080	R2	2.361	9.015	2.361	4.971	2.408	8.380	2.463	4.865
61.120	R2	2.459	8.683	2.459	4.790	2.409	8.418	2.462	4.853
61.160	R2	2.448	6.945	2.649	4.949	2.408	8.485	2.467	4.842
61.200	R2	2.290	6.958	2.290	4.578	2.401	8.489	2.465	4.864
61.240	R2	2.441	6.186	2.585	4.758	2.407	8.563	2.470	4.873
61.280	R2	2.384	6.698	2.384	4.998	2.398	8.490	2.472	4.902
61.320	R2	2.315	6.011	2.315	4.455	2.392	8.460	2.466	4.878
61.360	R2	2.357	6.182	2.357	4.875	2.399	8.385	2.465	4.884
61.400	R2	2.454	9.363	2.566	4.937	2.408	8.390	2.474	4.849
61.440	R2	2.377	8.484	2.377	5.564	2.399	8.374	2.466	4.848
61.480	R2	2.397	10.028	2.571	4.958	2.395	8.262	2.462	4.841
61.520	R2	2.225	9.961	2.542	4.565	2.397	8.137	2.464	4.807
61.560	R2	2.435	9.919	2.540	5.277	2.400	8.089	2.467	4.821
61.600	R2	2.570	10.178	2.570	4.881	2.399	8.112	2.456	4.798
61.640	R2	2.291	8.575	2.521	4.894	2.408	8.166	2.468	4.821
61.680	R2	2.375	8.513	2.375	4.353	2.404	8.260	2.457	4.840
61.720	R2	2.430	8.142	2.437	4.668	2.411	8.280	2.465	4.843
61.760	R2	2.557	8.641	2.557	4.988	2.416	8.387	2.478	4.859
61.800	R2	2.325	9.172	2.365	4.891	2.421	8.517	2.486	4.833
61.840	R2	2.415	7.584	2.415	4.472	2.421	8.502	2.485	4.830
61.880	R2	2.398	6.511	2.398	4.281	2.422	8.534	2.485	4.781
61.920	R2	2.518	7.729	2.518	5.080	2.416	8.536	2.486	4.797
61.960	R2	2.433	7.397	2.433	4.487	2.421	8.500	2.475	4.785
62.000	R2	2.460	8.045	2.538	5.033	2.419	8.398	2.475	4.771
62.040	R2	2.370	8.057	2.370	5.147	2.411	8.299	2.469	4.777
62.080	R2	2.526	7.102	2.532	5.063	2.418	8.286	2.464	4.793
62.120	R2	2.403	8.154	2.588	4.757	2.418	8.305	2.464	4.810
62.160	R2	2.461	8.787	2.514	4.357	2.419	8.429	2.464	4.799
62.200	R2	2.457	9.054	2.534	4.878	2.412	8.531	2.457	4.780
62.240	R2	2.388	9.124	2.388	4.592	2.417	8.598	2.461	4.767
62.280	R2	2.292	10.071	2.594	5.280	2.419	8.718	2.462	4.748
62.320	R2	2.316	9.238	2.316	4.320	2.418	8.878	2.462	4.761
62.360	R2	2.397	7.883	2.532	4.993	2.414	8.945	2.457	4.724
62.400	R2	2.418	8.205	2.456	5.013	2.416	9.070	2.459	4.747
62.440	R2	2.423	8.308	2.423	5.207	2.418	9.164	2.457	4.741
62.480	R2	2.382	8.899	2.382	4.683	2.423	9.246	2.463	4.731
62.520	R2	2.435	10.621	2.435	4.466	2.415	9.358	2.454	4.719
62.560	R2	2.415	10.676	2.415	4.594	2.415	9.407	2.453	4.727
62.600	R2	2.442	10.524	2.442	4.644	2.414	9.464	2.457	4.738
62.640	R2	2.442	9.970	2.442	4.092	2.414	9.447	2.455	4.739
62.680	R2	2.385	9.708	2.385	4.541	2.413	9.328	2.454	4.755
62.720	R2	2.426	9.071	2.426	4.339	2.420	9.131	2.445	4.725
62.760	R2	2.475	9.904	2.475	4.937	2.425	9.037	2.466	4.783
62.800	R2	2.501	9.915	2.501	4.910	2.424	8.966	2.470	4.783
62.840	R2	2.481	9.708	2.481	4.944	2.424	8.883	2.474	4.786
62.880	R2	2.355	9.336	2.355	4.842	2.429	8.794	2.478	4.778
62.920	R2	2.404	9.145	2.573	4.905	2.434	8.681	2.484	4.794
62.960	R2	2.437	9.921	2.584	4.584	2.437	8.479	2.487	4.823
63.000	R2	2.471	8.712	2.494	4.894	2.438	8.211	2.494	4.858
63.040	R2	2.372	6.750	2.372	4.912	2.441	7.998	2.501	4.907
63.080	R2	2.413	6.120	2.413	4.683	2.447	7.833	2.508	4.946
63.120	R2	2.427	7.370	2.731	5.468	2.446	7.706	2.507	4.959
63.160	R2	2.369	6.453	2.604	5.003	2.443	7.712	2.513	5.011
63.200	R2	2.434	6.558	2.547	5.064	2.443	7.574	2.514	5.032
63.240	R2	2.505	6.524	2.505	5.060	2.443	7.523	2.521	5.024
63.280	R2	2.490	6.642	2.490	4.991	2.437	7.555	2.516	5.005
63.320	R2	2.500	6.566	2.500	5.062	2.444	7.622	2.525	5.016
63.360	R2	2.430	5.333	2.569	5.281	2.444	7.490	2.523	5.034
63.400	R2	2.497	6.249	2.573	5.633	2.445	7.427	2.522	5.091
63.440	R2	2.562	6.682	2.577	4.866	2.448	7.417	2.526	5.113
63.480	R2	2.370	7.164	2.370	4.797	2.450	7.546	2.530	5.113
63.520	R2	2.362	9.183	2.554	5.394	2.450	7.649	2.530	5.121
63.560	R2	2.486	7.151	2.486	5.345	2.452	7.777	2.520	5.081
63.600	R2	2.487	8.891	2.640	4.751	2.451	7.870	2.511	5.088
63.640	R2	2.378	10.360	2.378	4.567	2.456	8.003	2.510	5.095
63.680	R2	2.494	10.674	2.548	5.054	2.451	8.125	2.505	5.090
63.720	R2	2.398	6.495	2.533	5.268	2.452	8.229	2.515	5.091
63.760	R2	2.453	8.675	2.560	5.728	2.448	8.338	2.516	5.093
63.800	R2	2.541	8.510	2.568	5.328	2.453	8.520	2.514	5.084
63.840	R2	2.409	9.317	2.450	4.920	2.454	8.635	2.512	5.054
63.880	R2	2.407	8.190	2.424	4.847	2.446	8.826	2.503	5.052
63.920	R2	2.457	9.920	2.519	4.669	2.444	8.970	2.505	5.046
63.960	R2	2.363	8.327	2.431	5.138	2.447	8.956	2.506	5.023
64.000	R2	2.522	9.200	2.522	5.208	2.442	9.078	2.501	4.991
64.040	R2	2.411	8.981	2.411	4.946	2.443	9.103	2.498	5.003
64.080	R2	2.518	8.704	2.685	5.013	2.445	9.124	2.503	5.020
64.120	R2	2.418	8.765	2.532	5.109	2.448	9.100	2.510	5.016
64.160	R2	2.520	8.965	2.520	5.100	2.450	9.286	2.505	4.997
64.200	R2	2.522	8.553	2.527	5.038	2.446	9.349	2.496	4.966
64.240	R2	2.399	10.504	2.399	4.813	2.441	9.336	2.489	4.946
64.280	R2	2.341	10.039	2.420	4.679	2.442	9.335	2.488	4.940
64.320	R2	2.418	8.906	2.577	4.944	2.444	9.292	2.489	4.923
64.360	R2	2.388	9.580	2.388	4.697	2.443	9.279	2.489	4.934
64.400	R2	2.502	9.404	2.572	4.997	2.451	9.260	2.497	4.924
64.440	R2	2.417	10.764	2.477	4.907	2.447	9.123	2.496	4.896
64.480	R2	2.564	10.197	2.689	4.963	2.444	9.051	2.501	4.883
64.520	R2	2.431	10.214	2.431	4.887	2.440	8.942	2.489	4.868
64.560	R2	2.375	9.938	2.375	5.106	2.443	8.967	2.486	4.860
64.600	R2	2.441	8.248	2.441	4.945	2.447	8.995	2.490	4.845
64.640	R2	2.426	9.308	2.426	4.800	2.445	9.076	2.488	4.834
64.680	R2	2.441	7.318	2.441	4.503	2.448	9.045	2.497	4.844
64.720	R2	2.449	9.662	2.512	4.891	2.453	9.030	2.500	4.862
64.760	R2	2.512	7.941	2.600	4.935	2.452	9.082	2.493	4.845
64.800	R2	2.440	6.477	2.505	4.640	2.455	9.094	2.509	4.871
64.840	R2	2.359	7.532	2.513	4.684	2.449	9.146	2.504	4.863
64.880	R2	2.446	6.530	2.447	4.720	2.454	9.125	2.507	4.868
64.920	R2	2.466	9.251	2.466	4.957	2.448	9.113	2.499	4.868
64.960	R2	2.600	9.529	2.600	4.785	2.453	9.111	2.504	4.832
65.000	R2	2.488	10.172	2.488	4.834	2.454	9.126	2.505	4.815
65.040	R2	2.467	9.889	2.585	5.008	2.453	9.173	2.504	4.804
65.080	R2	2.422	9.733	2.479	5.040	2.454	9.184	2.507	4.833
65.120	R2	2.404	9.956	2.429	4.608	2.457	9.267	2.511	4.818
65.160	R2	2.449	9.825	2.709	5.202	2.455	9.200	2.508	4.823
65.200	R2	2.390	10.433	2.468	4.854	2.453	9.243	2.514	4.822
65.240	R2	2.504	10.355	2.529	5.000	2.451	9.392	2.518	4.847
65.280	R2	2.444	9.958	2.532	4.959	2.455	9.470	2.515	4.863
65.320	R2	2.531	10.168	2.531	4.175	2.457	9.515	2.521	4.869
65.360	R2	2.394	10.232	2.394	4.763	2.447	9.421	2.523	4.856
65.400	R2	2.428	9.195	2.428	4.730	2.444	9.360	2.522	4.856
65.440	R2	2.454	9.521	2.485	5.366	2.446	9.294	2.525	4.846
65.480	R2	2.490	8.989	2.529	4.210	2.441	9.250	2.521	4.835
65.520	R2	2.419	8.313	2.452	4.987	2.442	9.155	2.530	4.830
65.560	R2	2.461	8.794	2.717	4.921	2.445	9.079	2.531	4.827
65.600	R2	2.394	9.468	2.586	5.134	2.449	8.995	2.524	4.829
65.640	R2	2.448	9.082	2.448	5.004	2.448	8.936	2.530	4.822
65.680	R2	2.496	7.446	2.567	4.840	2.447	8.889	2.528	4.824
65.720	R2	2.265	7.369	2.496	4.698	2.450	8.816	2.528	4.833
65.760	R2	2.523	8.295	2.587	4.782	2.441	8.736	2.519	4.850
65.800	R2	2.540	8.862	2.540	4.641	2.450	8.619	2.528	4.851
65.840	R2	2.364	9.013	2.509	4.780	2.447	8.391	2.526	4.867
65.880	R2	2.445	7.834	2.660	4.953	2.451	8.208	2.528	4.812
65.920	R2	2.456	8.433	2.456	4.533	2.452	8.053	2.527	4.829
65.960	R2	2.525	8.137	2.563	5.256	2.451	7.989	2.529	4.806
66.000	R2	2.386	9.248	2.598	4.705	2.452	7.910	2.518	4.803
66.040	R2	2.481	9.424	2.481	5.041	2.455	7.751	2.511	4.786
66.080	R2	2.501	8.508	2.528	5.140	2.458	7.737	2.515	4.779
66.120	R2	2.351	8.561	2.351	4.505	2.454	7.830	2.508	4.768
66.160	R2	2.569	7.895	2.582	4.787	2.460	7.958	2.504	4.778
66.200	R2	2.380	4.622	2.380	5.065	2.453	8.030	2.497	4.756
66.240	R2	2.519	5.875	2.519	4.259	2.445	8.052	2.507	4.811
66.280	R2	2.506	5.889	2.509	4.549	2.449	8.039	2.508	4.791
66.320	R2	2.412	7.027	2.509	4.534	2.447	8.121	2.495	4.774
66.360	R2	2.482	7.207	2.489	4.859	2.442	8.053	2.491	4.786
66.400	R2	2.446	6.295	2.451	4.778	2.440	8.087	2.488	4.789
66.440	R2	2.516	8.810	2.526	4.880	2.445	8.098	2.482	4.801
66.480	R2	2.418	9.300	2.418	4.621	2.445	8.074	2.482	4.789
66.520	R2	2.377	9.924	2.421	4.895	2.441	8.102	2.477	4.794
66.560	R2	2.391	9.737	2.454	4.345	2.439	8.166	2.478	4.815
66.600	R2	2.376	9.303	2.745	5.738	2.430	8.244	2.468	4.817
66.640	R2	2.440	8.755	2.516	4.375	2.429	8.507	2.471	4.783
66.680	R2	2.396	9.470	2.396	4.605	2.427	8.690	2.470	4.808
66.720	R2	2.361	7.067	2.393	4.784	2.426	8.888	2.473	4.824
66.760	R2	2.498	8.832	2.498	5.322	2.424	8.882	2.468	4.860
66.800	R2	2.474	9.465	2.474	4.941	2.416	8.862	2.462	4.855
66.840	R2	2.477	8.934	2.477	4.788	2.412	8.862	2.462	4.865
66.880	R2	2.434	9.062	2.434	5.252	2.414	8.739	2.463	4.847
66.920	R2	2.309	9.858	2.374	4.922	2.415	8.668	2.464	4.858
66.960	R2	2.384	9.445	2.384	4.829	2.416	8.513	2.474	4.860
67.000	R2	2.362	9.876	2.436	4.379	2.419	8.348	2.474	4.880
67.040	R2	2.488	9.542	2.488	4.761	2.427	8.354	2.463	4.833
67.080	R2	2.481	9.847	2.569	4.873	2.428	8.410	2.461	4.853
67.120	R2	2.372	6.908	2.425	5.253	2.431	8.286	2.468	4.862
67.160	R2	2.324	6.805	2.363	4.753	2.435	8.349	2.473	4.795
67.200	R2	2.357	6.294	2.446	4.983	2.438	8.348	2.476	4.753
67.240	R2	2.557	6.350	2.557	4.512	2.439	8.373	2.480	4.751
67.280	R2	2.440	7.885	2.440	4.856	2.440	8.372	2.491	4.761
67.320	R2	2.391	6.816	2.610	4.927	2.436	8.238	2.487	4.728
67.360	R2	2.451	6.453	2.451	4.745	2.441	8.041	2.489	4.693
67.400	R2	2.535	9.424	2.535	4.799	2.440	7.890	2.488	4.692
67.440	R2	2.477	9.864	2.477	4.770	2.444	7.800	2.490	4.693
67.480	R2	2.439	6.983	2.523	4.799	2.439	7.686	2.490	4.695
67.520	R2	2.442	8.328	2.501	3.442	2.433	7.562	2.484	4.694
67.560	R2	2.561	8.811	2.561	4.479	2.437	7.576	2.485	4.698
67.600	R2	2.496	9.984	2.548	4.904	2.442	7.611	2.490	4.709
67.640	R2	2.501	8.903	2.690	4.974	2.446	7.763	2.492	4.712
67.680	R2	2.359	6.391	2.359	4.592	2.440	7.855	2.489	4.722
67.720	R2	2.407	5.917	2.407	4.237	2.437	7.833	2.486	4.711
67.760	R2	2.367	6.425	2.367	4.795	2.446	7.795	2.484	4.706
67.800	R2	2.430	8.078	2.491	4.413	2.445	7.843	2.483	4.702
67.840	R2	2.388	7.259	2.478	4.787	2.438	7.876	2.476	4.703
67.880	R2	2.368	7.360	2.453	4.864	2.442	7.891	2.480	4.718
67.920	R2	2.452	7.195	2.452	5.328	2.446	8.023	2.480	4.700
67.960	R2	2.420	7.492	2.449	4.973	2.447	8.089	2.478	4.783
68.000	R2	2.440	9.341	2.491	5.044	2.440	8.096	2.476	4.802
68.040	R2	2.435	8.195	2.497	4.713	2.435	8.085	2.469	4.824
68.080	R2	2.378	7.434	2.378	4.640	2.431	8.091	2.455	4.791
68.120	R2	2.566	6.060	2.566	4.827	2.436	8.175	2.460	4.787
68.160	R2	2.446	7.408	2.446	4.657	2.440	8.295	2.472	4.822
68.200	R2	2.381	10.092	2.381	4.826	2.446	8.361	2.482	4.812
68.240	R2	2.570	10.159	2.571	5.066	2.447	8.234	2.481	4.821
68.280	R2	2.520	9.623	2.520	4.441	2.448	8.221	2.477	4.810
68.320	R2	2.460	9.660	2.460	5.103	2.454	8.140	2.478	4.787
68.360	R2	2.419	8.948	2.526	4.852	2.453	8.257	2.492	4.801
68.400	R2	2.393	9.749	2.393	5.348	2.455	8.288	2.492	4.800
68.440	R2	2.421	9.030	2.421	4.310	2.452	8.281	2.493	4.794
68.480	R2	2.463	8.067	2.463	4.513	2.447	8.381	2.492	4.774
68.520	R2	2.491	8.323	2.642	4.935	2.447	8.451	2.498	4.781
68.560	R2	2.471	7.747	2.560	4.590	2.438	8.637	2.498	4.801
68.600	R2	2.466	5.547	2.466	4.606	2.439	8.696	2.501	4.813
68.640	R2	2.410	6.991	2.410	4.572	2.445	8.606	2.507	4.816
68.680	R2	2.473	5.736	2.473	4.399	2.437	8.578	2.505	4.828
68.720	R2	2.442	9.531	2.718	5.605	2.430	8.558	2.508	4.867
68.760	R2	2.457	8.119	2.457	4.960	2.430	8.569	2.509	4.828
68.800	R2	2.378	9.210	2.510	4.908	2.432	8.590	2.506	4.824
68.840	R2	2.327	10.186	2.483	4.320	2.428	8.518	2.502	4.804
68.880	R2	2.396	8.825	2.486	4.785	2.426	8.486	2.500	4.809
68.920	R2	2.379	9.782	2.583	5.229	2.428	8.425	2.504	4.826
68.960	R2	2.463	8.596	2.491	4.898	2.429	8.383	2.498	4.831
69.000	R2	2.500	8.296	2.507	4.872	2.428	8.426	2.493	4.852
69.040	R2	2.413	9.587	2.523	5.318	2.428	8.635	2.496	4.849
69.080	R2	2.369	9.232	2.585	5.222	2.423	8.771	2.494	4.833
69.120	R2	2.471	9.872	2.494	4.313	2.422	8.916	2.498	4.844
69.160	R2	2.455	9.385	2.455	4.778	2.416	8.905	2.477	4.786
69.200	R2	2.317	8.304	2.317	4.938	2.419	8.952	2.482	4.776
69.240	R2	2.388	8.389	2.388	4.426	2.418	8.827	2.475	4.736
69.280	R2	2.488	6.841	2.539	4.845	2.420	8.808	2.469	4.762
69.320	R2	2.525	7.494	2.525	5.034	2.418	8.858	2.474	4.753
69.360	R2	2.442	8.599	2.453	5.017	2.423	8.871	2.473	4.742
69.400	R2	2.478	9.716	2.520	4.548	2.426	8.922	2.477	4.741
69.440	R2	2.301	9.713	2.372	4.249	2.427	8.964	2.478	4.767
69.480	R2	2.461	8.649	2.545	4.608	2.434	8.948	2.480	4.751
69.520	R2	2.311	9.309	2.311	4.444	2.439	8.925	2.475	4.735
69.560	R2	2.512	9.058	2.556	4.760	2.439	8.917	2.480	4.743
69.600	R2	2.365	6.702	2.365	4.117	2.438	8.920	2.481	4.731
69.640	R2	2.374	9.813	2.374	4.843	2.444	8.952	2.490	4.720
69.680	R2	2.356	9.820	2.580	4.598	2.447	8.984	2.496	4.736
69.720	R2	2.479	10.055	2.570	5.008	2.445	9.110	2.493	4.730
69.760	R2	2.517	9.616	2.553	4.880	2.440	9.211	2.491	4.711
69.800	R2	2.522	9.134	2.530	5.398	2.440	9.252	2.494	4.690
69.840	R2	2.549	9.268	2.570	4.990	2.437	9.218	2.492	4.700
69.880	R2	2.479	8.761	2.479	4.904	2.447	9.180	2.501	4.735
69.920	R2	2.459	9.710	2.588	4.479	2.446	9.225	2.497	4.746
69.960	R2	2.431	9.449	2.489	4.525	2.458	9.217	2.514	4.773
